{"type": "FeatureCollection", "features": [{"type": "Feature", "properties": {"osm_type": "line", "voltage_kv": 400.0, "name": "Kymi - Yllikk\u00e4l\u00e4", "avail": 0}, "geometry": {"type": "LineString", "coordinates": [[26.9055, 60.5995], [26.9083, 60.5993], [26.9107, 60.5983], [26.9133, 60.5974], [26.9191, 60.5968], [26.9261, 60.5968], [26.9331, 60.5967], [26.9389, 60.5967], [26.9442, 60.5967], [26.949, 60.5979], [26.9542, 60.5993], [26.9587, 60.6005], [26.9634, 60.6018], [26.9682, 60.6035], [26.9741, 60.6056], [26.9795, 60.6075], [26.9848, 60.6098], [26.9899, 60.6121], [26.994, 60.614], [26.9986, 60.6152], [27.0003, 60.6156], [27.0065, 60.6173], [27.0117, 60.6187], [27.0183, 60.6205], [27.0245, 60.6222], [27.0293, 60.6235], [27.0356, 60.6252], [27.041, 60.6266], [27.0464, 60.6275], [27.0525, 60.6284], [27.0598, 60.6289], [27.0666, 60.6286], [27.0712, 60.628], [27.0763, 60.6273], [27.0817, 60.6265], [27.087, 60.6257], [27.0912, 60.6251], [27.0971, 60.6249], [27.1029, 60.6254], [27.108, 60.6256], [27.1137, 60.6257], [27.1183, 60.6257], [27.1228, 60.6259], [27.1275, 60.6264], [27.1321, 60.6274], [27.1368, 60.6284], [27.1414, 60.6295], [27.1468, 60.6315], [27.1512, 60.6331], [27.1555, 60.6348], [27.1609, 60.6368], [27.1841, 60.6441], [27.1967, 60.6483], [27.201, 60.6492], [27.2059, 60.6502], [27.2107, 60.6513], [27.2145, 60.6521], [27.217, 60.6526], [27.2205, 60.6533], [27.2259, 60.6544], [27.2332, 60.6559], [27.2396, 60.6573], [27.2464, 60.6587], [27.25, 60.6595], [27.2542, 60.6604], [27.2588, 60.6615], [27.2632, 60.6627], [27.2715, 60.6669], [27.2772, 60.6688], [27.2837, 60.6698], [27.3008, 60.6709], [27.3227, 60.6761], [27.3292, 60.6775], [27.3365, 60.6792], [27.3621, 60.6846], [27.3663, 60.6857], [27.3875, 60.6906], [27.3918, 60.6915], [27.3974, 60.6927], [27.4328, 60.7006], [27.4393, 60.7021], [27.4438, 60.7031], [27.4481, 60.704], [27.4515, 60.7056], [27.4618, 60.7102], [27.4659, 60.712], [27.4709, 60.714], [27.4791, 60.717], [27.4832, 60.7185], [27.4868, 60.7208], [27.4902, 60.7228], [27.4933, 60.7247], [27.4994, 60.7284], [27.5035, 60.7309], [27.5064, 60.7326], [27.5098, 60.7346], [27.5136, 60.7367], [27.5178, 60.7393], [27.5234, 60.7396], [27.5305, 60.7401], [27.5366, 60.7404], [27.5429, 60.7406], [27.5483, 60.741], [27.5537, 60.7414], [27.5584, 60.7418], [27.564, 60.7417], [27.5681, 60.7411], [27.5689, 60.741], [27.5735, 60.7404], [27.5791, 60.7397], [27.585, 60.739], [27.5914, 60.7382], [27.5969, 60.7392], [27.605, 60.7408], [27.611, 60.742], [27.6181, 60.7434], [27.6246, 60.7452], [27.6314, 60.747], [27.6374, 60.7486], [27.6423, 60.7499], [27.649, 60.7517], [27.6545, 60.7538], [27.6606, 60.7562], [27.665, 60.7579], [27.671, 60.7603], [27.6769, 60.7625], [27.6816, 60.7644], [27.6872, 60.766], [27.6924, 60.7669], [27.6978, 60.7676], [27.7044, 60.7685], [27.71, 60.769], [27.7159, 60.7695], [27.7222, 60.7701], [27.7332, 60.7711], [27.739, 60.7721], [27.7435, 60.7734], [27.7478, 60.7752], [27.7518, 60.7769], [27.7571, 60.7791], [27.7617, 60.781], [27.7665, 60.7831], [27.7715, 60.7853], [27.7748, 60.7856], [27.7819, 60.7861], [27.793, 60.7882], [27.8011, 60.7897], [27.8062, 60.7916], [27.8104, 60.7932], [27.816, 60.7952], [27.8213, 60.7972], [27.8261, 60.799], [27.8324, 60.8011], [27.8383, 60.8032], [27.8441, 60.8052], [27.8503, 60.8073], [27.8559, 60.808], [27.862, 60.8087], [27.868, 60.8095], [27.8743, 60.8099], [27.879, 60.8104], [27.8843, 60.8111], [27.8894, 60.8118], [27.896, 60.8126], [27.9014, 60.8134], [27.9062, 60.814], [27.9102, 60.8159], [27.9156, 60.8184], [27.9191, 60.8201], [27.9304, 60.8254], [27.935, 60.8276], [27.9389, 60.8294], [27.9437, 60.8317], [27.9492, 60.8343], [27.9548, 60.837], [27.9605, 60.8396], [27.9637, 60.8411], [27.9651, 60.8418], [27.969, 60.8437], [27.9729, 60.8455], [27.9736, 60.8458], [27.9774, 60.8476], [27.9838, 60.8492], [27.9896, 60.8507], [27.9951, 60.8521], [28.0009, 60.8533], [28.0077, 60.8548], [28.0131, 60.8559], [28.0182, 60.857], [28.0224, 60.8578], [28.0236, 60.8581], [28.024, 60.8582], [28.0274, 60.8589], [28.0321, 60.8599], [28.0387, 60.8614], [28.0439, 60.8626], [28.05, 60.8639], [28.0571, 60.8655], [28.0633, 60.8669], [28.0696, 60.8683], [28.0763, 60.8698], [28.083, 60.8713], [28.0851, 60.8717], [28.0911, 60.873], [28.0971, 60.8741], [28.1007, 60.8746], [28.101, 60.8746], [28.1027, 60.8749], [28.109, 60.8753], [28.1154, 60.8748], [28.1163, 60.8747], [28.1185, 60.8745], [28.1222, 60.8741], [28.1294, 60.8733], [28.1358, 60.873], [28.1428, 60.8725], [28.1478, 60.8722], [28.1544, 60.8718], [28.157, 60.872], [28.1611, 60.8722], [28.1678, 60.8724], [28.1738, 60.8727], [28.1788, 60.8731], [28.1857, 60.8739], [28.1934, 60.8752], [28.2003, 60.8763], [28.207, 60.8774], [28.2148, 60.8787], [28.2208, 60.8797], [28.226, 60.8806], [28.2321, 60.8815], [28.2323, 60.8816], [28.2387, 60.8826], [28.2434, 60.8832], [28.2505, 60.8838], [28.2576, 60.8846], [28.2586, 60.8847], [28.2636, 60.8852], [28.2704, 60.8857], [28.2758, 60.886], [28.2813, 60.8866], [28.285, 60.8859], [28.2854, 60.8859], [28.2906, 60.8849], [28.2961, 60.884], [28.303, 60.8831], [28.3091, 60.8823], [28.3165, 60.8815], [28.323, 60.8809], [28.3288, 60.8805], [28.3366, 60.8799], [28.3409, 60.8797], [28.3462, 60.8795], [28.3517, 60.8793], [28.3581, 60.879], [28.3659, 60.8786], [28.3728, 60.8783], [28.3775, 60.8781], [28.3782, 60.8781]]}}, {"type": "Feature", "properties": {"osm_type": "line", "voltage_kv": 220.0, "name": "Vajukoski - Ivalo", "avail": 0}, "geometry": {"type": "LineString", "coordinates": [[26.8099, 67.6953], [26.8142, 67.6951], [26.82, 67.6947], [26.8255, 67.6951], [26.8309, 67.6954], [26.8356, 67.6958], [26.8351, 67.6976], [26.8345, 67.6996], [26.834, 67.7016], [26.8333, 67.7037], [26.8327, 67.7058], [26.8321, 67.7079], [26.8315, 67.7101], [26.8309, 67.7123], [26.8303, 67.7144], [26.8297, 67.7164], [26.8291, 67.7186], [26.8284, 67.7208], [26.8278, 67.723], [26.8273, 67.725], [26.8272, 67.7268], [26.8272, 67.7288], [26.8272, 67.731], [26.8272, 67.7331], [26.8272, 67.7353], [26.8272, 67.7376], [26.8271, 67.7398], [26.8271, 67.7419], [26.8271, 67.744], [26.827, 67.7462], [26.8268, 67.7483], [26.8267, 67.7503], [26.8264, 67.7524], [26.8262, 67.7544], [26.826, 67.7564], [26.8258, 67.7585], [26.8256, 67.7605], [26.8254, 67.7624], [26.8252, 67.7644], [26.825, 67.7664], [26.825, 67.7686], [26.825, 67.7708], [26.825, 67.7728], [26.825, 67.775], [26.8251, 67.7771], [26.825, 67.7792], [26.8248, 67.7812], [26.8246, 67.7833], [26.8243, 67.7852], [26.8241, 67.7873], [26.8239, 67.7894], [26.8237, 67.7912], [26.823, 67.7929], [26.8217, 67.7947], [26.8197, 67.7967], [26.8176, 67.7987], [26.8154, 67.8008], [26.8132, 67.8029], [26.811, 67.805], [26.8089, 67.8071], [26.8067, 67.8092], [26.8051, 67.8111], [26.8043, 67.8127], [26.804, 67.8146], [26.8038, 67.8166], [26.8037, 67.8184], [26.8036, 67.8205], [26.8034, 67.8228], [26.8033, 67.825], [26.8032, 67.8273], [26.803, 67.8294], [26.8029, 67.8315], [26.8029, 67.8336], [26.8029, 67.8357], [26.8029, 67.838], [26.8029, 67.8398], [26.8029, 67.8419], [26.8029, 67.8441], [26.8028, 67.8461], [26.8029, 67.8483], [26.8028, 67.8506], [26.8028, 67.8525], [26.8028, 67.8548], [26.8028, 67.8569], [26.8032, 67.8589], [26.8037, 67.861], [26.8042, 67.8631], [26.8047, 67.8652], [26.8053, 67.8673], [26.8059, 67.8695], [26.8064, 67.8717], [26.807, 67.8738], [26.8075, 67.8758], [26.808, 67.8775], [26.8084, 67.8791], [26.809, 67.8814], [26.8095, 67.8836], [26.81, 67.8853], [26.8105, 67.8875], [26.8114, 67.8897], [26.8126, 67.8919], [26.8137, 67.894], [26.8149, 67.8961], [26.816, 67.8982], [26.8171, 67.9004], [26.8183, 67.9025], [26.8194, 67.9046], [26.8206, 67.9068], [26.8215, 67.9086], [26.8226, 67.9107], [26.8238, 67.9128], [26.8249, 67.915], [26.8261, 67.9172], [26.8276, 67.9191], [26.8291, 67.9207], [26.8312, 67.9227], [26.8333, 67.9247], [26.8354, 67.9268], [26.8375, 67.9288], [26.8395, 67.9308], [26.8416, 67.9328], [26.8437, 67.9348], [26.8457, 67.9368], [26.8478, 67.9388], [26.8499, 67.9409], [26.852, 67.9428], [26.8539, 67.9448], [26.856, 67.9468], [26.858, 67.9487], [26.86, 67.9507], [26.8623, 67.9522], [26.8653, 67.9538], [26.8685, 67.9556], [26.8718, 67.9574], [26.8751, 67.9592], [26.878, 67.9608], [26.8808, 67.9624], [26.8834, 67.9637], [26.8864, 67.9651], [26.89, 67.9665], [26.8934, 67.9678], [26.898, 67.9691], [26.9022, 67.9704], [26.9077, 67.9722], [26.9153, 67.9746], [26.9181, 67.9755], [26.9218, 67.9772], [26.9253, 67.9788], [26.9289, 67.9804], [26.9322, 67.9819], [26.9351, 67.9832], [26.9385, 67.9847], [26.9418, 67.9862], [26.9452, 67.9877], [26.9486, 67.9893], [26.9514, 67.9907], [26.9539, 67.9921], [26.9561, 67.9933], [26.9583, 67.9945], [26.9601, 67.9956], [26.962, 67.9967], [26.964, 67.9977], [26.9659, 67.9988], [26.9678, 67.9999], [26.9697, 68.001], [26.9716, 68.0021], [26.9735, 68.0031], [26.9754, 68.0042], [26.9773, 68.0053], [26.9792, 68.0063], [26.9811, 68.0074], [26.983, 68.0085], [26.985, 68.0096], [26.9871, 68.0108], [26.9889, 68.0119], [26.9902, 68.0131], [26.9915, 68.0142], [26.9929, 68.0154], [26.9941, 68.0165], [26.995, 68.0178], [26.9958, 68.0191], [26.9966, 68.0203], [26.9975, 68.0216], [26.9983, 68.0229], [26.9992, 68.0241], [27.0, 68.0254], [27.0009, 68.0265], [27.0016, 68.0275], [27.0019, 68.0285], [27.0022, 68.0296], [27.0029, 68.0308], [27.0035, 68.0321], [27.0042, 68.0333], [27.0053, 68.0346], [27.0068, 68.0359], [27.0084, 68.0374], [27.0102, 68.0391], [27.0121, 68.0408], [27.0141, 68.0426], [27.0161, 68.0445], [27.0182, 68.0465], [27.0203, 68.0484], [27.0223, 68.0502], [27.0242, 68.052], [27.0263, 68.0539], [27.0282, 68.0557], [27.0304, 68.0577], [27.0324, 68.0595], [27.0344, 68.0613], [27.0364, 68.0631], [27.0383, 68.0649], [27.0398, 68.0666], [27.0413, 68.0684], [27.0428, 68.0703], [27.0443, 68.0721], [27.0456, 68.0737], [27.0468, 68.0753], [27.0482, 68.077], [27.0495, 68.0786], [27.0503, 68.0801], [27.0508, 68.0818], [27.0512, 68.0835], [27.0515, 68.0854], [27.0511, 68.087], [27.0507, 68.0888], [27.0503, 68.0909], [27.0498, 68.093], [27.0493, 68.095], [27.049, 68.0967], [27.0485, 68.0985], [27.0482, 68.1002], [27.0481, 68.1018], [27.0481, 68.1037], [27.0489, 68.1054], [27.05, 68.1073], [27.0513, 68.1092], [27.0525, 68.111], [27.0537, 68.1129], [27.0549, 68.1148], [27.056, 68.1165], [27.0575, 68.1188], [27.0575, 68.1208], [27.0575, 68.1225], [27.0575, 68.1243], [27.0575, 68.1262], [27.0575, 68.128], [27.057, 68.1298], [27.0562, 68.1315], [27.0553, 68.1333], [27.0543, 68.1352], [27.0535, 68.1367], [27.0525, 68.1385], [27.0516, 68.1403], [27.0507, 68.1421], [27.0498, 68.1438], [27.0488, 68.1459], [27.0477, 68.1479], [27.0467, 68.1501], [27.0472, 68.1521], [27.0477, 68.154], [27.0483, 68.1558], [27.0488, 68.1578], [27.0493, 68.1597], [27.0497, 68.1615], [27.0502, 68.1632], [27.0507, 68.165], [27.0512, 68.1668], [27.0517, 68.1687], [27.0522, 68.1706], [27.0527, 68.1724], [27.0532, 68.1743], [27.0537, 68.1761], [27.0542, 68.1779], [27.0547, 68.1796], [27.0551, 68.1815], [27.0556, 68.1833], [27.0561, 68.1849], [27.0565, 68.1865], [27.057, 68.1884], [27.0574, 68.1901], [27.0578, 68.1914], [27.0581, 68.1926], [27.058, 68.1937], [27.0574, 68.195], [27.0571, 68.1962], [27.0566, 68.1972], [27.0562, 68.1985], [27.0561, 68.1994], [27.0563, 68.2003], [27.0567, 68.2013], [27.0576, 68.2022], [27.0593, 68.2034], [27.0613, 68.2045], [27.0632, 68.2057], [27.0652, 68.2069], [27.0671, 68.2082], [27.0691, 68.2095], [27.0709, 68.2109], [27.072, 68.2122], [27.0737, 68.2143], [27.0754, 68.2162], [27.0769, 68.2181], [27.0786, 68.22], [27.0798, 68.2215], [27.0815, 68.2236], [27.0834, 68.2254], [27.0857, 68.2272], [27.088, 68.2289], [27.0903, 68.2307], [27.0925, 68.2323], [27.0949, 68.234], [27.0972, 68.2358], [27.0996, 68.2376], [27.1019, 68.2393], [27.1043, 68.2411], [27.1067, 68.2429], [27.1095, 68.2445], [27.1127, 68.246], [27.1157, 68.2473], [27.1189, 68.2483], [27.1224, 68.2494], [27.1262, 68.2506], [27.1297, 68.2517], [27.1337, 68.253], [27.1374, 68.2542], [27.1408, 68.2552], [27.1438, 68.2564], [27.147, 68.2579], [27.1503, 68.2595], [27.1537, 68.2611], [27.1571, 68.2627], [27.1606, 68.2643], [27.1637, 68.2658], [27.1672, 68.2675], [27.1703, 68.2689], [27.1739, 68.2706], [27.1765, 68.2719], [27.1792, 68.2732], [27.1816, 68.2743], [27.1838, 68.2753], [27.186, 68.2764], [27.1882, 68.2774], [27.1903, 68.2784], [27.1925, 68.2794], [27.1946, 68.2804], [27.1968, 68.2814], [27.1989, 68.2825], [27.201, 68.2835], [27.2032, 68.2845], [27.2054, 68.2855], [27.2075, 68.2865], [27.2098, 68.2876], [27.2119, 68.2886], [27.214, 68.2896], [27.216, 68.2905], [27.2181, 68.2915], [27.2202, 68.2925], [27.2221, 68.2934], [27.2238, 68.2945], [27.2253, 68.2957], [27.2267, 68.2969], [27.2282, 68.2981], [27.2296, 68.2993], [27.2312, 68.3005], [27.233, 68.3019], [27.2348, 68.3034], [27.2367, 68.305], [27.2394, 68.3067], [27.242, 68.3084], [27.2444, 68.3099], [27.2465, 68.3113], [27.2486, 68.3126], [27.2506, 68.3139], [27.2525, 68.3151], [27.2544, 68.3164], [27.2564, 68.3176], [27.2585, 68.319], [27.261, 68.3205], [27.2636, 68.3223], [27.2655, 68.3237], [27.267, 68.3255], [27.2685, 68.3274], [27.2701, 68.3293], [27.2715, 68.331], [27.2721, 68.3329], [27.2724, 68.3343], [27.2724, 68.3347], [27.2725, 68.3351], [27.2726, 68.3358], [27.2726, 68.336], [27.2728, 68.3368], [27.273, 68.3388], [27.2736, 68.3403], [27.2753, 68.3422], [27.2769, 68.3439], [27.2791, 68.3455], [27.2832, 68.3469], [27.2871, 68.3483], [27.2903, 68.3497], [27.2939, 68.3513], [27.2973, 68.3528], [27.3003, 68.3541], [27.3039, 68.3558], [27.3071, 68.3571], [27.31, 68.3584], [27.3138, 68.36], [27.3172, 68.3615], [27.3201, 68.3628], [27.3239, 68.3644], [27.3271, 68.3658], [27.331, 68.3675], [27.3347, 68.3691], [27.3375, 68.3705], [27.3391, 68.3717], [27.3401, 68.3724], [27.3421, 68.3739], [27.3448, 68.3759], [27.347, 68.3775], [27.3479, 68.3782], [27.3489, 68.3789], [27.351, 68.3803], [27.3532, 68.3814], [27.3552, 68.3826], [27.3572, 68.3837], [27.3592, 68.3848], [27.3612, 68.3858], [27.3631, 68.3869], [27.3651, 68.388], [27.367, 68.389], [27.369, 68.3901], [27.3706, 68.3913], [27.3718, 68.3925], [27.373, 68.3937], [27.3738, 68.395], [27.3743, 68.3962], [27.3747, 68.3975], [27.3746, 68.3988], [27.3742, 68.4001], [27.3738, 68.4013], [27.3734, 68.4025], [27.373, 68.4034], [27.3723, 68.4055], [27.3719, 68.4068], [27.3715, 68.408], [27.3711, 68.4086], [27.3707, 68.4093], [27.3698, 68.4105], [27.369, 68.4119], [27.3685, 68.4132], [27.3684, 68.4144], [27.3683, 68.4156], [27.3682, 68.417], [27.3678, 68.4182], [27.3674, 68.4194], [27.3668, 68.4209], [27.3664, 68.4221], [27.3663, 68.4234], [27.3662, 68.4247], [27.3661, 68.426], [27.3657, 68.4272], [27.3653, 68.4284], [27.3645, 68.4295], [27.3637, 68.4307], [27.3629, 68.4319], [27.3622, 68.4331], [27.3613, 68.4342], [27.3605, 68.4354], [27.3597, 68.4365], [27.3588, 68.4378], [27.358, 68.4389], [27.3573, 68.44], [27.3563, 68.4414], [27.3555, 68.4424], [27.3546, 68.4438], [27.3537, 68.445], [27.3533, 68.4462], [27.3532, 68.4476], [27.3532, 68.4488], [27.3536, 68.4501], [27.3546, 68.4513], [27.3569, 68.4525], [27.3601, 68.4536], [27.363, 68.455], [27.365, 68.4561], [27.3672, 68.4574], [27.3691, 68.4585], [27.3712, 68.4594], [27.3737, 68.4603], [27.3767, 68.4612], [27.3802, 68.4622], [27.3832, 68.4629], [27.387, 68.4636], [27.3918, 68.4645], [27.3954, 68.4651], [27.3985, 68.4659], [27.4018, 68.4674], [27.4032, 68.4685], [27.4053, 68.4696], [27.4078, 68.4704], [27.4105, 68.4712], [27.4137, 68.4719], [27.4167, 68.4727], [27.42, 68.4739], [27.424, 68.4752], [27.4279, 68.4766], [27.4319, 68.4779], [27.4358, 68.4793], [27.4384, 68.4799], [27.4411, 68.4808], [27.4437, 68.4818], [27.446, 68.4826], [27.4488, 68.4833], [27.4531, 68.4837], [27.4565, 68.4845], [27.459, 68.4853], [27.4621, 68.4866], [27.4661, 68.4883], [27.4689, 68.4894], [27.4728, 68.4911], [27.4752, 68.4924], [27.4797, 68.4951], [27.4833, 68.4966], [27.4867, 68.4978], [27.49, 68.4987], [27.4988, 68.5002], [27.5033, 68.5012], [27.5073, 68.5023], [27.5117, 68.5034], [27.5164, 68.5046], [27.5194, 68.5057], [27.5229, 68.5072], [27.5262, 68.5086], [27.5288, 68.5101], [27.5307, 68.5116], [27.5325, 68.5133], [27.5341, 68.5154], [27.5355, 68.5172], [27.536, 68.5187], [27.5365, 68.5203], [27.5371, 68.5222], [27.5377, 68.5241], [27.5382, 68.5256], [27.5389, 68.5276], [27.5394, 68.5291], [27.5399, 68.5307], [27.5404, 68.5324], [27.5414, 68.5339], [27.5431, 68.5356], [27.5459, 68.5374], [27.5488, 68.5387], [27.5515, 68.5398], [27.5543, 68.5408], [27.5582, 68.5418], [27.5628, 68.5427], [27.5669, 68.5436], [27.571, 68.5445], [27.5759, 68.5456], [27.5809, 68.5467], [27.5856, 68.5477], [27.5892, 68.5485], [27.5934, 68.5494], [27.5974, 68.5504], [27.6015, 68.5517], [27.6055, 68.5529], [27.61, 68.5543], [27.6141, 68.5555], [27.6178, 68.5567], [27.6218, 68.5579], [27.6252, 68.5589], [27.6287, 68.5603], [27.6317, 68.5617], [27.6349, 68.5631], [27.6376, 68.5647], [27.6389, 68.5661], [27.6392, 68.5675], [27.6395, 68.5694], [27.6397, 68.5711], [27.6395, 68.5727], [27.6384, 68.5747], [27.6373, 68.5769], [27.6362, 68.5789], [27.6354, 68.5804], [27.6346, 68.5819], [27.6336, 68.5834], [27.6319, 68.5853], [27.6298, 68.587], [27.6274, 68.589], [27.6253, 68.5906], [27.6235, 68.592], [27.6208, 68.5942], [27.6185, 68.5961], [27.6165, 68.5976], [27.6137, 68.5999], [27.6117, 68.6015], [27.6098, 68.603], [27.607, 68.605], [27.6037, 68.6067], [27.6002, 68.608], [27.5966, 68.6092], [27.5926, 68.6104], [27.5884, 68.6117], [27.584, 68.6128], [27.5793, 68.6141], [27.5754, 68.6152], [27.5718, 68.6165], [27.57, 68.6177], [27.5686, 68.6192], [27.5676, 68.6208], [27.5669, 68.6222], [27.5657, 68.6244], [27.5651, 68.6268], [27.5659, 68.6287], [27.5665, 68.6301], [27.5674, 68.6321], [27.5682, 68.6339], [27.5723, 68.6354], [27.576, 68.6367], [27.5793, 68.6379], [27.5823, 68.639], [27.5818, 68.6429], [27.583, 68.6448], [27.5843, 68.6468], [27.5856, 68.6489], [27.5815, 68.6507], [27.5801, 68.6545], [27.5829, 68.6553]]}}, {"type": "Feature", "properties": {"osm_type": "line", "voltage_kv": 400.0, "name": "Pirttikoski - Pikkarala", "avail": 0}, "geometry": {"type": "LineString", "coordinates": [[25.7379, 64.9167], [25.7387, 64.9177], [25.7413, 64.9193], [25.7422, 64.9211]]}}, {"type": "Feature", "properties": {"osm_type": "line", "voltage_kv": 400.0, "name": "Pikkarala - Alaj\u00e4rvi J1", "avail": 0}, "geometry": {"type": "LineString", "coordinates": [[25.7367, 64.9169], [25.736, 64.9156], [25.7346, 64.9126], [25.7313, 64.9107], [25.7279, 64.9088], [25.7235, 64.9063], [25.7192, 64.9039], [25.7149, 64.9015], [25.7111, 64.8994], [25.7063, 64.8967], [25.7035, 64.8939], [25.7011, 64.8914], [25.6988, 64.8885], [25.6964, 64.8857], [25.6941, 64.8829], [25.6919, 64.8802], [25.6896, 64.8774], [25.6869, 64.8744], [25.6843, 64.8713], [25.6819, 64.8683], [25.6796, 64.8655], [25.677, 64.8623], [25.6748, 64.8593], [25.6728, 64.8564], [25.6706, 64.8534], [25.6682, 64.8504], [25.6656, 64.8474], [25.6634, 64.8446], [25.661, 64.8417], [25.6588, 64.8391], [25.6568, 64.8366], [25.6542, 64.8336], [25.6518, 64.8306], [25.6494, 64.8277], [25.647, 64.8248], [25.6446, 64.8219], [25.6423, 64.8191], [25.6399, 64.8161], [25.6377, 64.8135], [25.6353, 64.8105], [25.6328, 64.8075], [25.6302, 64.8046], [25.6273, 64.8018], [25.6243, 64.799], [25.6219, 64.797], [25.6191, 64.7945], [25.6171, 64.7928], [25.6137, 64.7899], [25.6106, 64.7871], [25.6073, 64.7843], [25.6041, 64.7815], [25.6008, 64.7786], [25.5984, 64.7766], [25.5953, 64.7738], [25.592, 64.7709], [25.5888, 64.7682], [25.5855, 64.7653], [25.583, 64.7631], [25.5796, 64.7601], [25.5763, 64.7572], [25.573, 64.7544], [25.5697, 64.7517], [25.5662, 64.749], [25.5627, 64.7463], [25.5599, 64.7442], [25.5562, 64.7415], [25.5527, 64.7389], [25.5492, 64.7362], [25.5457, 64.7336], [25.5422, 64.731], [25.5389, 64.7286], [25.5355, 64.726], [25.5319, 64.7233], [25.5281, 64.7205], [25.5245, 64.7179], [25.5208, 64.7151], [25.5176, 64.7126], [25.5143, 64.7098], [25.5113, 64.7072], [25.5083, 64.7043], [25.5054, 64.7012], [25.5027, 64.6984], [25.5007, 64.6962], [25.4974, 64.6929]]}}, {"type": "Feature", "properties": {"osm_type": "line", "voltage_kv": 400.0, "name": "Pikkarala - Alaj\u00e4rvi J1", "avail": 9, "avail_node": "LUMIMETS\u00c4"}, "geometry": {"type": "LineString", "coordinates": [[25.4974, 64.6929], [25.4944, 64.6895], [25.4916, 64.6865], [25.4889, 64.6836], [25.4861, 64.6806], [25.4832, 64.6775], [25.4806, 64.6748], [25.4778, 64.6717], [25.4752, 64.6689], [25.4723, 64.6659], [25.4696, 64.6629], [25.4669, 64.66], [25.4642, 64.6572], [25.4617, 64.6543], [25.4595, 64.6514], [25.4575, 64.6485], [25.4555, 64.6455], [25.4537, 64.6423], [25.4522, 64.6392], [25.4506, 64.636], [25.4495, 64.6334], [25.4482, 64.6303], [25.447, 64.6275], [25.4459, 64.6249], [25.4446, 64.6218], [25.4433, 64.6189], [25.4421, 64.6159], [25.4408, 64.613], [25.4396, 64.6101], [25.4383, 64.607], [25.4369, 64.6037], [25.4355, 64.6006], [25.4343, 64.5976], [25.4329, 64.5943], [25.4316, 64.5912], [25.4302, 64.5881], [25.4291, 64.5853], [25.4262, 64.5827], [25.4233, 64.58], [25.42, 64.5769], [25.417, 64.574], [25.4138, 64.5711], [25.4106, 64.5681], [25.4075, 64.5651], [25.4046, 64.5624], [25.4018, 64.5595], [25.3994, 64.5571], [25.3969, 64.5546], [25.3943, 64.552], [25.3919, 64.5496], [25.3891, 64.5467], [25.3864, 64.5439], [25.3836, 64.541], [25.3809, 64.5381], [25.378, 64.5351], [25.3754, 64.5324], [25.3725, 64.5293], [25.3697, 64.5264], [25.3668, 64.5234], [25.3641, 64.5206], [25.3615, 64.5179], [25.3587, 64.515], [25.3558, 64.5122], [25.3529, 64.5094], [25.3498, 64.5065], [25.3469, 64.5037], [25.3438, 64.5008], [25.3407, 64.4979], [25.3376, 64.4949], [25.3345, 64.492], [25.3315, 64.4892], [25.3291, 64.487], [25.326, 64.4841], [25.3228, 64.4811], [25.3201, 64.4786], [25.3173, 64.4759], [25.3143, 64.4731], [25.3114, 64.4703], [25.3082, 64.4674], [25.3052, 64.4646], [25.3022, 64.4618], [25.2993, 64.4591], [25.2964, 64.4563], [25.2936, 64.4537], [25.2905, 64.4509], [25.2875, 64.448], [25.2847, 64.4454], [25.2815, 64.4425], [25.2784, 64.4396], [25.2754, 64.4367], [25.2723, 64.4339], [25.2691, 64.4309], [25.266, 64.428], [25.263, 64.4252], [25.2599, 64.4223], [25.2568, 64.4194], [25.2539, 64.4167], [25.2513, 64.4141], [25.249, 64.4118], [25.2468, 64.4094], [25.2441, 64.4064], [25.2416, 64.4037], [25.2394, 64.401], [25.237, 64.3981], [25.2351, 64.3958], [25.2328, 64.393], [25.2303, 64.3902], [25.2276, 64.3874], [25.2247, 64.3845], [25.222, 64.3817], [25.2192, 64.3788], [25.2166, 64.3762], [25.2139, 64.3735], [25.2114, 64.3708], [25.2085, 64.3679], [25.2057, 64.365], [25.2031, 64.3624], [25.2005, 64.3596], [25.1978, 64.3571], [25.195, 64.3545], [25.1918, 64.3517], [25.1885, 64.3488], [25.1853, 64.346], [25.182, 64.3432], [25.1786, 64.3403], [25.1757, 64.3376], [25.1722, 64.3346], [25.1692, 64.332], [25.166, 64.3293], [25.1627, 64.3264], [25.1595, 64.3236], [25.1562, 64.3208], [25.1535, 64.3184], [25.1503, 64.3156], [25.1472, 64.3129], [25.144, 64.3101], [25.1407, 64.3072], [25.1374, 64.3044], [25.1343, 64.3017], [25.1312, 64.2989], [25.1282, 64.2962], [25.1254, 64.2935], [25.1227, 64.2909], [25.1199, 64.2883], [25.1172, 64.2857], [25.1143, 64.2829], [25.1116, 64.2803], [25.1086, 64.2775], [25.1055, 64.2746], [25.1025, 64.2718], [25.0997, 64.2691], [25.0965, 64.2661], [25.0936, 64.2633], [25.0903, 64.2602], [25.0873, 64.2574], [25.0864, 64.2545], [25.0854, 64.2514], [25.0843, 64.2481], [25.0832, 64.245], [25.0822, 64.242], [25.0811, 64.2389], [25.0801, 64.2358], [25.079, 64.2327], [25.0779, 64.2294], [25.0768, 64.2264], [25.0758, 64.2231], [25.0747, 64.22], [25.0736, 64.217], [25.0726, 64.2139], [25.0718, 64.2115], [25.0707, 64.2083], [25.0696, 64.2052], [25.0685, 64.2022], [25.0676, 64.1996], [25.0665, 64.1964], [25.0655, 64.1934], [25.0645, 64.1905], [25.0635, 64.1878], [25.0625, 64.1848], [25.0617, 64.1822], [25.0606, 64.179], [25.0598, 64.176], [25.0589, 64.1731], [25.058, 64.1701], [25.0571, 64.1672], [25.0562, 64.1642], [25.0554, 64.1617], [25.0545, 64.1586], [25.0537, 64.1563], [25.0526, 64.1532], [25.0503, 64.1512], [25.0475, 64.1488], [25.0441, 64.1459], [25.0411, 64.1432], [25.0384, 64.1409], [25.0353, 64.1382], [25.0319, 64.1352], [25.0287, 64.1324], [25.0254, 64.1296], [25.0221, 64.1267], [25.0188, 64.1238], [25.0158, 64.1213], [25.0128, 64.1187], [25.0096, 64.1159], [25.0068, 64.1134], [25.0039, 64.1109], [25.0009, 64.1083], [24.9981, 64.1059], [24.9952, 64.1033], [24.992, 64.1005], [24.9888, 64.0977], [24.9855, 64.0946], [24.9823, 64.0916], [24.9792, 64.0888], [24.9761, 64.0859], [24.9733, 64.0831], [24.9706, 64.0805], [24.968, 64.0778], [24.9654, 64.0751], [24.9628, 64.0723], [24.9601, 64.0696], [24.9575, 64.0668], [24.9549, 64.0641], [24.9523, 64.0613], [24.9497, 64.0585], [24.9472, 64.0557], [24.9448, 64.0528], [24.9423, 64.0499], [24.94, 64.0469], [24.9372, 64.0439], [24.9348, 64.041], [24.9323, 64.038], [24.93, 64.0352], [24.9275, 64.0323], [24.925, 64.0294], [24.9226, 64.0265], [24.9202, 64.0237], [24.9177, 64.0208], [24.9153, 64.0178], [24.9129, 64.015], [24.9104, 64.012], [24.908, 64.0091], [24.9055, 64.0061], [24.903, 64.0032], [24.9007, 64.0003], [24.8982, 63.9974], [24.8958, 63.9945], [24.8933, 63.9916], [24.8909, 63.9886], [24.8885, 63.9858], [24.8861, 63.9829], [24.8834, 63.98], [24.8806, 63.9772], [24.8779, 63.9746], [24.8766, 63.9733]]}}, {"type": "Feature", "properties": {"osm_type": "line", "voltage_kv": 400.0, "name": "Alaj\u00e4rvi - Sein\u00e4joki 400", "avail": 2, "avail_node": "NURMO"}, "geometry": {"type": "LineString", "coordinates": [[24.1619, 63.0322], [24.1621, 63.0313], [24.1599, 63.0285], [24.1541, 63.0273], [24.147, 63.0257], [24.1398, 63.0245], [24.1335, 63.0235], [24.1267, 63.0224], [24.1196, 63.0212], [24.1124, 63.02], [24.1049, 63.0187], [24.097, 63.0172], [24.0894, 63.0157], [24.0819, 63.0142], [24.0739, 63.0127], [24.0661, 63.0112], [24.0646, 63.0109], [24.0592, 63.0098], [24.0529, 63.0086], [24.0477, 63.0076], [24.0407, 63.0062], [24.0352, 63.0051], [24.0305, 63.0036], [24.0299, 63.0035], [24.0225, 63.002], [24.0159, 63.0007], [24.0134, 63.0002], [24.0083, 62.999], [24.0081, 62.999], [24.0001, 62.9971], [23.994, 62.9956], [23.9876, 62.9941], [23.9816, 62.9927], [23.9738, 62.9912], [23.966, 62.9896], [23.9593, 62.9883], [23.9527, 62.9869], [23.9474, 62.9856], [23.9398, 62.9837], [23.9331, 62.982], [23.9255, 62.9801], [23.9186, 62.9784], [23.9131, 62.977], [23.9067, 62.9754], [23.8992, 62.9735], [23.8912, 62.9719], [23.883, 62.9701], [23.8539, 62.9641], [23.8464, 62.9625], [23.8254, 62.9581], [23.8186, 62.9567], [23.8115, 62.9552], [23.8041, 62.9532], [23.7965, 62.9511], [23.789, 62.9491], [23.7824, 62.9473], [23.7772, 62.9459], [23.7714, 62.9443], [23.766, 62.9428], [23.7622, 62.942], [23.7538, 62.9405], [23.746, 62.9392], [23.7397, 62.938], [23.7336, 62.9365], [23.7278, 62.9352], [23.7207, 62.9338], [23.7136, 62.9327], [23.7065, 62.9318], [23.6996, 62.9308], [23.6916, 62.9296], [23.667, 62.9261], [23.6587, 62.9249], [23.6504, 62.9237], [23.6421, 62.9225], [23.6338, 62.9213], [23.6261, 62.9202], [23.6185, 62.9191], [23.61, 62.9179], [23.6019, 62.9168], [23.5943, 62.9157], [23.5861, 62.9145], [23.5782, 62.9134], [23.5711, 62.9123], [23.5632, 62.911], [23.5568, 62.9099], [23.5493, 62.9084], [23.5419, 62.907], [23.5338, 62.9055], [23.5266, 62.9041], [23.5183, 62.9026], [23.5135, 62.9017], [23.5065, 62.9005], [23.4991, 62.8992], [23.4921, 62.898], [23.4844, 62.8967], [23.4766, 62.8953], [23.4698, 62.8942], [23.464, 62.8932], [23.4566, 62.8919], [23.4485, 62.8903], [23.4417, 62.8889], [23.4338, 62.8873], [23.4258, 62.8856], [23.4192, 62.8842], [23.4116, 62.8827], [23.4048, 62.8813], [23.3994, 62.8801], [23.3928, 62.8788], [23.3859, 62.8774], [23.3781, 62.8758], [23.3705, 62.8746], [23.3626, 62.8734], [23.3546, 62.8721], [23.3466, 62.8709], [23.3382, 62.8696], [23.3304, 62.8684], [23.3228, 62.8673], [23.3155, 62.8662], [23.3099, 62.8653], [23.3025, 62.8641], [23.3014, 62.864], [23.2946, 62.8631], [23.2874, 62.8622], [23.2806, 62.8614], [23.2735, 62.8605], [23.2667, 62.8596], [23.2585, 62.8592], [23.2502, 62.8588], [23.2421, 62.8583], [23.2339, 62.8578], [23.2256, 62.8574], [23.2178, 62.8569], [23.2093, 62.8564], [23.2011, 62.856], [23.1921, 62.8554], [23.1838, 62.8549], [23.1763, 62.8545], [23.1687, 62.854], [23.1611, 62.853], [23.1528, 62.8519], [23.1447, 62.8508], [23.137, 62.8498], [23.1288, 62.8488], [23.121, 62.8478], [23.1133, 62.8468], [23.106, 62.8458], [23.0989, 62.8449], [23.0919, 62.844], [23.0842, 62.843], [23.076, 62.8419], [23.0675, 62.8409], [23.0598, 62.8398], [23.0517, 62.8388], [23.0435, 62.8377], [23.0358, 62.8368], [23.0275, 62.8357], [23.0192, 62.8346], [23.0108, 62.8336], [23.0026, 62.8325], [22.9945, 62.8315], [22.9862, 62.8304], [22.9779, 62.8293], [22.9705, 62.8282], [22.9628, 62.8271], [22.9555, 62.826], [22.9479, 62.8246], [22.9402, 62.8231], [22.9322, 62.8215], [22.9244, 62.8199], [22.9176, 62.8186], [22.9107, 62.8173], [22.9045, 62.8162], [22.8971, 62.8148], [22.8907, 62.8136], [22.884, 62.8128], [22.8779, 62.8127], [22.8716, 62.812], [22.8656, 62.8114], [22.857, 62.8105], [22.8489, 62.8096], [22.8416, 62.8088], [22.8335, 62.8079], [22.8258, 62.8071], [22.8193, 62.8064], [22.8127, 62.8057], [22.8062, 62.805], [22.8008, 62.8044], [22.794, 62.8038], [22.786, 62.803], [22.7807, 62.8021], [22.7744, 62.8011], [22.767, 62.7999], [22.7596, 62.7987], [22.7536, 62.7977], [22.7461, 62.7964], [22.74, 62.7954], [22.734, 62.794], [22.7273, 62.7919], [22.7211, 62.7899], [22.7174, 62.7889], [22.714, 62.788], [22.7148, 62.787], [22.7154, 62.7864], [22.7156, 62.7859]]}}, {"type": "Feature", "properties": {"osm_type": "line", "voltage_kv": 400.0, "name": "Nurmij\u00e4rvi \u2013", "name_src": "endpoints", "avail": 0}, "geometry": {"type": "LineString", "coordinates": [[24.9474, 60.4936], [24.9472, 60.4935], [24.9465, 60.4934], [24.9458, 60.4933], [24.945, 60.4932], [24.9447, 60.4932]]}}, {"type": "Feature", "properties": {"osm_type": "line", "voltage_kv": 400.0, "name": "Alaj\u00e4rvi - Kangasala", "avail": 6, "avail_node": "RUUTANA"}, "geometry": {"type": "LineString", "coordinates": [[24.1628, 63.0322], [24.1632, 63.0313], [24.1647, 63.0287], [24.1664, 63.026], [24.1674, 63.0227], [24.1684, 63.0196], [24.1693, 63.0165], [24.1702, 63.0135], [24.1712, 63.0107], [24.1722, 63.0076], [24.173, 63.0049], [24.1741, 63.0017], [24.1751, 62.9986], [24.1761, 62.9955], [24.1772, 62.9923], [24.1782, 62.989], [24.1793, 62.9859], [24.1802, 62.983], [24.1812, 62.9798], [24.1819, 62.9772], [24.1825, 62.9747], [24.1832, 62.9718], [24.1839, 62.969], [24.1845, 62.9666], [24.1852, 62.964], [24.1859, 62.9613], [24.1866, 62.9587], [24.1872, 62.9565], [24.1879, 62.9539], [24.1886, 62.9514], [24.1892, 62.9492], [24.1899, 62.9472], [24.1906, 62.9447], [24.1915, 62.9417], [24.1922, 62.9393], [24.193, 62.9367], [24.1938, 62.934], [24.1936, 62.9325], [24.1933, 62.9298], [24.193, 62.9271], [24.1926, 62.9239], [24.1923, 62.9208], [24.1919, 62.9176], [24.1916, 62.9149], [24.1912, 62.9115], [24.1909, 62.9084], [24.1906, 62.9052], [24.1902, 62.9021], [24.1899, 62.8987], [24.1895, 62.8956], [24.1892, 62.8925], [24.1889, 62.8893], [24.1886, 62.8862], [24.1881, 62.8828], [24.1878, 62.88], [24.1874, 62.8773], [24.1869, 62.8743], [24.1875, 62.8715], [24.1882, 62.8689], [24.1888, 62.8663], [24.1894, 62.864], [24.19, 62.8614], [24.1906, 62.8593], [24.1913, 62.8566], [24.1919, 62.854], [24.1926, 62.8514], [24.1932, 62.8488], [24.1938, 62.8461], [24.1945, 62.8434], [24.1954, 62.8408], [24.1961, 62.8381], [24.1966, 62.8355], [24.1974, 62.8327], [24.1982, 62.8301], [24.1989, 62.8274], [24.1995, 62.8252], [24.2001, 62.8225], [24.2004, 62.8209], [24.2007, 62.8191], [24.2012, 62.8165], [24.2015, 62.8138], [24.2015, 62.8111], [24.2015, 62.8084], [24.2014, 62.8057], [24.2013, 62.803], [24.2012, 62.8004], [24.2011, 62.7978], [24.201, 62.7952], [24.2009, 62.7927], [24.2008, 62.7899], [24.2007, 62.7874], [24.2005, 62.7847], [24.2004, 62.7824], [24.2003, 62.7797], [24.2001, 62.777], [24.2, 62.7743], [24.1999, 62.7719], [24.1997, 62.7694], [24.1997, 62.7668], [24.1995, 62.7642], [24.1993, 62.7617], [24.1992, 62.7589], [24.199, 62.7563], [24.1989, 62.7538], [24.1988, 62.7512], [24.1986, 62.7485], [24.1986, 62.746], [24.1985, 62.7432], [24.1985, 62.7431], [24.1985, 62.7429], [24.1983, 62.74], [24.1982, 62.7377], [24.1982, 62.7368], [24.1981, 62.7356], [24.1981, 62.7354], [24.198, 62.734], [24.1979, 62.7309], [24.1977, 62.7279], [24.1976, 62.7257], [24.1976, 62.7252], [24.1975, 62.7225], [24.1974, 62.7199], [24.1972, 62.7167], [24.1974, 62.7138], [24.1975, 62.7108], [24.1976, 62.7076], [24.1977, 62.7045], [24.1978, 62.7013], [24.1979, 62.6984], [24.198, 62.6957], [24.1981, 62.6929], [24.1983, 62.6905], [24.1984, 62.6877], [24.1985, 62.6849], [24.1987, 62.6821], [24.1988, 62.6794], [24.1989, 62.6766], [24.1991, 62.6734], [24.1993, 62.6703], [24.1997, 62.6676], [24.2001, 62.6649], [24.2005, 62.6623], [24.2008, 62.6596], [24.2013, 62.6569], [24.2018, 62.6543], [24.2024, 62.6518], [24.203, 62.649], [24.2035, 62.6466], [24.2041, 62.6441], [24.2047, 62.6413], [24.2053, 62.6387], [24.2059, 62.636], [24.2064, 62.6333], [24.2068, 62.6307], [24.2072, 62.6279], [24.2075, 62.6252], [24.2077, 62.6226], [24.2079, 62.6199], [24.2082, 62.6172], [24.2084, 62.6144], [24.2084, 62.6117], [24.2084, 62.609], [24.2085, 62.6063], [24.2084, 62.6038], [24.2085, 62.6011], [24.2085, 62.5984], [24.2085, 62.5959], [24.2085, 62.5932], [24.2085, 62.5917], [24.2085, 62.5905], [24.2085, 62.5882], [24.2085, 62.5878], [24.2085, 62.5849], [24.2086, 62.5818], [24.2086, 62.5787], [24.2087, 62.5762], [24.2086, 62.5739], [24.2087, 62.5707], [24.2088, 62.5676], [24.2088, 62.5654], [24.2088, 62.5645], [24.2089, 62.5623], [24.209, 62.5596], [24.209, 62.5568], [24.2091, 62.5544], [24.209, 62.5517], [24.2087, 62.549], [24.2087, 62.5489], [24.2085, 62.5462], [24.2083, 62.5447], [24.2082, 62.544], [24.2082, 62.5435], [24.2079, 62.5409], [24.2076, 62.5381], [24.2073, 62.5357], [24.2069, 62.5321], [24.2081, 62.5294], [24.2093, 62.5262], [24.2098, 62.5248], [24.2105, 62.5232], [24.2113, 62.52], [24.2121, 62.5167], [24.2127, 62.513], [24.2153, 62.5106], [24.2155, 62.5084], [24.216, 62.5051], [24.2163, 62.502], [24.2165, 62.4993], [24.2164, 62.4961], [24.2163, 62.4935], [24.216, 62.4905], [24.2158, 62.4874], [24.2156, 62.4841], [24.2154, 62.4808], [24.2153, 62.4789], [24.2152, 62.4766], [24.215, 62.4741], [24.2149, 62.4719], [24.2146, 62.4693], [24.2144, 62.4666], [24.214, 62.464], [24.2135, 62.4615], [24.213, 62.4588], [24.2124, 62.4561], [24.2119, 62.4535], [24.2112, 62.4508], [24.2105, 62.4481], [24.2098, 62.4453], [24.2093, 62.4433], [24.2088, 62.4407], [24.2081, 62.438], [24.2074, 62.4355], [24.2068, 62.4327], [24.2061, 62.4302], [24.2054, 62.4275], [24.2049, 62.4254], [24.2044, 62.4228], [24.2039, 62.4201], [24.2033, 62.4169], [24.2028, 62.4139], [24.2023, 62.4112], [24.2018, 62.4084], [24.2013, 62.4057], [24.2009, 62.4031], [24.2005, 62.4004], [24.2001, 62.3978], [24.1996, 62.3951], [24.1993, 62.3927], [24.1988, 62.3897], [24.1984, 62.3866], [24.1979, 62.3834], [24.1974, 62.3802], [24.1971, 62.3775], [24.1966, 62.3746], [24.1963, 62.3715], [24.1961, 62.3684], [24.196, 62.3659], [24.1959, 62.3634], [24.1958, 62.3606], [24.1957, 62.3577], [24.1956, 62.3546], [24.1955, 62.3515], [24.1953, 62.3492], [24.195, 62.3462], [24.1946, 62.3427], [24.1943, 62.3399], [24.194, 62.3368], [24.1937, 62.3339], [24.1934, 62.3309], [24.1931, 62.3278], [24.193, 62.3248], [24.1929, 62.3218], [24.1928, 62.3187], [24.1927, 62.3156], [24.1926, 62.313], [24.1926, 62.3097], [24.1928, 62.3067], [24.193, 62.3034], [24.1934, 62.3009], [24.1937, 62.2985], [24.1941, 62.2957], [24.1946, 62.2927], [24.195, 62.2896], [24.1955, 62.2864], [24.1961, 62.2832], [24.1968, 62.2801], [24.1975, 62.277], [24.1981, 62.2743], [24.1988, 62.2712], [24.1995, 62.2679], [24.2, 62.2647], [24.2004, 62.2623], [24.2008, 62.2596], [24.2012, 62.257], [24.2016, 62.2543], [24.2019, 62.2516], [24.202, 62.2489], [24.2021, 62.2461], [24.2023, 62.2442], [24.2025, 62.2405], [24.2027, 62.2381], [24.2028, 62.236], [24.2026, 62.2325], [24.2026, 62.2307], [24.2026, 62.2283], [24.2024, 62.2251], [24.2023, 62.2217], [24.2023, 62.2191], [24.2023, 62.2164], [24.2023, 62.2135], [24.2024, 62.2106], [24.2026, 62.2077], [24.203, 62.2046], [24.2036, 62.2014], [24.2039, 62.1983], [24.2044, 62.1951], [24.2048, 62.1919], [24.2052, 62.1895], [24.2056, 62.1863], [24.2061, 62.183], [24.2065, 62.1801], [24.207, 62.1769], [24.2074, 62.1739], [24.2079, 62.1708], [24.2082, 62.1683], [24.2087, 62.1654], [24.2089, 62.1622], [24.2091, 62.1597], [24.2093, 62.157], [24.2096, 62.1536], [24.2099, 62.1505], [24.2104, 62.1477], [24.2113, 62.1441], [24.212, 62.1417], [24.2131, 62.1385], [24.214, 62.1355], [24.2149, 62.1325], [24.2155, 62.1305], [24.2167, 62.1273], [24.2175, 62.1251], [24.2185, 62.1225], [24.2197, 62.1192], [24.2209, 62.1159], [24.2199, 62.113], [24.2189, 62.1101], [24.218, 62.1077], [24.217, 62.1046], [24.216, 62.1015], [24.2151, 62.0985], [24.2126, 62.0954], [24.2114, 62.0937], [24.2093, 62.0909], [24.2071, 62.0879], [24.205, 62.0851], [24.2031, 62.0825], [24.2008, 62.0795], [24.1985, 62.0765], [24.1963, 62.0736], [24.1939, 62.0705], [24.1916, 62.0674], [24.1898, 62.0652], [24.1878, 62.0628], [24.1858, 62.0606], [24.1832, 62.0578], [24.1802, 62.0549], [24.1772, 62.052], [24.175, 62.0499], [24.1713, 62.0464], [24.1696, 62.0429], [24.1698, 62.0399], [24.1701, 62.0351], [24.1703, 62.0317], [24.1704, 62.0296], [24.1706, 62.0262], [24.1707, 62.0231], [24.1709, 62.0205], [24.1707, 62.0182], [24.1704, 62.0148], [24.1701, 62.0118], [24.1697, 62.009], [24.1693, 62.0065], [24.1689, 62.0032], [24.1686, 62.0011], [24.1681, 61.9973], [24.1677, 61.9944], [24.1674, 61.9927], [24.1669, 61.9895], [24.1664, 61.9865], [24.166, 61.9837], [24.1647, 61.9804], [24.1626, 61.9748], [24.1613, 61.9714], [24.1601, 61.9686], [24.1584, 61.9659], [24.1563, 61.9626], [24.1544, 61.9597], [24.1523, 61.9566], [24.1508, 61.9543], [24.1492, 61.952], [24.1472, 61.949], [24.1453, 61.9458], [24.1437, 61.943], [24.1426, 61.9409], [24.1414, 61.9385], [24.1396, 61.9352], [24.1383, 61.9328], [24.1372, 61.9304], [24.1358, 61.9273], [24.1344, 61.9243], [24.1334, 61.9219], [24.132, 61.9189], [24.1306, 61.916], [24.1292, 61.9129], [24.1275, 61.9096], [24.1256, 61.9066], [24.124, 61.904], [24.1218, 61.901], [24.1195, 61.8977], [24.1178, 61.8953], [24.1154, 61.8921], [24.1139, 61.89], [24.1129, 61.8874], [24.1117, 61.8842], [24.1102, 61.8809], [24.1093, 61.8788], [24.1081, 61.876], [24.1069, 61.8733], [24.1056, 61.8704], [24.1041, 61.8672], [24.1032, 61.8649], [24.1019, 61.8621], [24.101, 61.86], [24.0996, 61.8568], [24.0987, 61.8546], [24.0973, 61.8513], [24.096, 61.8487], [24.0942, 61.8454], [24.0925, 61.8426], [24.0906, 61.8394], [24.0889, 61.8365], [24.0871, 61.8334], [24.0852, 61.8304], [24.0834, 61.8273], [24.0817, 61.8242], [24.0801, 61.8217], [24.0783, 61.8186], [24.0768, 61.8161], [24.0753, 61.8135], [24.0739, 61.811], [24.0723, 61.8083], [24.071, 61.806], [24.0693, 61.8031], [24.0677, 61.8004], [24.0661, 61.7974], [24.0646, 61.7947], [24.0628, 61.7914], [24.0616, 61.7891], [24.0599, 61.7859], [24.0581, 61.7828], [24.0566, 61.7803], [24.0549, 61.7775], [24.053, 61.7744], [24.0511, 61.7713], [24.0494, 61.7684], [24.0475, 61.7653], [24.0458, 61.7626], [24.0443, 61.7601], [24.0424, 61.7571], [24.0406, 61.754], [24.0391, 61.7512], [24.0377, 61.7487], [24.036, 61.7455], [24.0347, 61.743], [24.0334, 61.7405], [24.0319, 61.7378], [24.0306, 61.7355], [24.0303, 61.7349], [24.0292, 61.7327], [24.0275, 61.7297], [24.026, 61.7267], [24.0247, 61.7244], [24.0235, 61.7215], [24.0223, 61.7185], [24.0212, 61.7154], [24.0199, 61.7123], [24.0187, 61.7099], [24.017, 61.7066], [24.0155, 61.7039], [24.0139, 61.7006], [24.0126, 61.6975], [24.0114, 61.6946], [24.0102, 61.6919], [24.009, 61.689], [24.0078, 61.6861], [24.0064, 61.6828], [24.0051, 61.6797], [24.0041, 61.6771], [24.0027, 61.6738], [24.0018, 61.6716], [24.0006, 61.6688], [23.9992, 61.6652], [23.9981, 61.6624], [23.9966, 61.6593], [23.9958, 61.6576], [23.9938, 61.6539], [23.9926, 61.652], [23.991, 61.649], [23.9892, 61.6458], [23.9874, 61.6428], [23.9857, 61.6398], [23.9841, 61.6369], [23.9825, 61.634], [23.9815, 61.632], [23.9806, 61.6298], [23.9795, 61.6266], [23.9788, 61.6241], [23.9781, 61.6208], [23.9775, 61.6177], [23.9769, 61.6144], [23.9766, 61.6109], [23.9766, 61.6081], [23.9766, 61.6054], [23.9766, 61.6022], [23.9766, 61.6016], [23.9765, 61.5989], [23.9765, 61.5956], [23.9765, 61.5923], [23.9765, 61.589], [23.9765, 61.5861], [23.9764, 61.5827], [23.9764, 61.5798], [23.9765, 61.5765], [23.9765, 61.5738], [23.9765, 61.5705], [23.9768, 61.5674], [23.9771, 61.5643], [23.9774, 61.5613], [23.9775, 61.5582], [23.9774, 61.5558], [23.977, 61.5527], [23.9766, 61.5499], [23.9761, 61.5467], [23.9758, 61.5441], [23.9757, 61.5437], [23.9752, 61.5404], [23.9748, 61.5372], [23.9743, 61.5339], [23.974, 61.5306], [23.974, 61.5279], [23.974, 61.5255], [23.9741, 61.5241], [23.9742, 61.5233], [23.9743, 61.5226], [23.9744, 61.5216], [23.9746, 61.5202], [23.9753, 61.517], [23.9759, 61.5143], [23.9766, 61.5111], [23.977, 61.5082], [23.9774, 61.5057], [23.9775, 61.5048], [23.9779, 61.5028], [23.9783, 61.5001], [23.9785, 61.498], [23.9783, 61.4975]]}}, {"type": "Feature", "properties": {"osm_type": "line", "voltage_kv": 400.0, "name": "Hirvisuo - Jylkk\u00e4", "avail": 0}, "geometry": {"type": "LineString", "coordinates": [[23.0852, 63.8029], [23.0904, 63.8045], [23.0954, 63.806], [23.0989, 63.8069], [23.1049, 63.8061], [23.1112, 63.8052], [23.1181, 63.8043], [23.1246, 63.8034], [23.1311, 63.8025], [23.1365, 63.8021], [23.1414, 63.8021], [23.1478, 63.8023], [23.1543, 63.8026], [23.1605, 63.8028], [23.1679, 63.8031], [23.1739, 63.8033], [23.1801, 63.8035], [23.1865, 63.8038], [23.1933, 63.804], [23.199, 63.8042], [23.204, 63.8045], [23.2087, 63.8049], [23.2131, 63.8057], [23.2176, 63.8067], [23.2224, 63.8082], [23.2275, 63.8098], [23.2326, 63.8114], [23.238, 63.8131], [23.2437, 63.8148], [23.2493, 63.8165], [23.2548, 63.8183], [23.2611, 63.8202], [23.2674, 63.8222], [23.2738, 63.8242], [23.2792, 63.8259], [23.2844, 63.8279], [23.2899, 63.8302], [23.294, 63.8318], [23.2992, 63.8339], [23.3036, 63.8357], [23.3089, 63.8378], [23.3135, 63.8397], [23.319, 63.842], [23.3243, 63.8439], [23.3291, 63.8458], [23.3337, 63.8475], [23.3371, 63.8488], [23.3419, 63.8507], [23.3467, 63.8525], [23.3518, 63.8545], [23.3572, 63.8565], [23.3625, 63.8586], [23.3678, 63.8607], [23.3732, 63.8627], [23.3786, 63.8648], [23.3838, 63.8668], [23.3894, 63.8689], [23.3942, 63.8708], [23.399, 63.8732], [23.4029, 63.8753], [23.407, 63.8775], [23.4109, 63.8796], [23.4139, 63.8817], [23.4167, 63.8842], [23.4196, 63.8868], [23.4222, 63.889], [23.4241, 63.8907], [23.427, 63.8933], [23.4301, 63.8961], [23.4325, 63.8982], [23.4354, 63.9008], [23.4384, 63.9034], [23.4417, 63.906], [23.4448, 63.9086], [23.4477, 63.9111], [23.4503, 63.9132], [23.4529, 63.9153], [23.4552, 63.9173], [23.4583, 63.9199], [23.4612, 63.9223], [23.4643, 63.9249], [23.4675, 63.9276], [23.4704, 63.9298], [23.4718, 63.9314], [23.474, 63.9336], [23.4764, 63.9362], [23.4789, 63.9391], [23.4812, 63.9416], [23.4838, 63.9445], [23.4857, 63.9467], [23.4879, 63.9491], [23.49, 63.9515], [23.4924, 63.9542], [23.4946, 63.9566], [23.4968, 63.959], [23.4992, 63.9615], [23.5015, 63.9641], [23.5039, 63.9667], [23.5061, 63.9692], [23.5083, 63.9716], [23.5105, 63.974]]}}, {"type": "Feature", "properties": {"osm_type": "line", "voltage_kv": 400.0, "name": "Espoo-Tammisto", "avail": 45, "avail_node": "Tapanila"}, "geometry": {"type": "LineString", "coordinates": [[24.9707, 60.2891], [24.9691, 60.2893], [24.9654, 60.2894], [24.9613, 60.2894], [24.9557, 60.2894], [24.9501, 60.2894], [24.9444, 60.2894], [24.9401, 60.2894], [24.9354, 60.2894], [24.9317, 60.2895], [24.9281, 60.2897], [24.9232, 60.2901], [24.9193, 60.2904], [24.9142, 60.2908], [24.9098, 60.2916], [24.9046, 60.2927], [24.9017, 60.2932], [24.9008, 60.2934], [24.8967, 60.2964], [24.8932, 60.2989], [24.8868, 60.2987], [24.8837, 60.2986], [24.8781, 60.2984], [24.8717, 60.298], [24.866, 60.2978], [24.8622, 60.2965], [24.8575, 60.2938], [24.8529, 60.2918], [24.8467, 60.2906], [24.8417, 60.2899], [24.8378, 60.2887], [24.8346, 60.2868], [24.8304, 60.2847], [24.8262, 60.2838], [24.8231, 60.2818], [24.8202, 60.2803], [24.8169, 60.2789], [24.8137, 60.2776], [24.8092, 60.276], [24.8056, 60.2748], [24.8002, 60.2738], [24.7949, 60.2738], [24.7871, 60.2746], [24.781, 60.2746], [24.7775, 60.273], [24.7728, 60.2707], [24.7674, 60.269], [24.7659, 60.2686], [24.7652, 60.2684], [24.7627, 60.2678], [24.7586, 60.2672], [24.7538, 60.2665], [24.7493, 60.2659], [24.7456, 60.2648], [24.7423, 60.264], [24.7379, 60.2627], [24.7348, 60.262], [24.7302, 60.2611], [24.7275, 60.2606], [24.7219, 60.2595], [24.719, 60.2572], [24.7171, 60.2558], [24.7154, 60.2543], [24.7128, 60.252], [24.7102, 60.2498], [24.7074, 60.2473], [24.7053, 60.2457], [24.7031, 60.2446], [24.7001, 60.2432], [24.6964, 60.241], [24.6941, 60.2388]]}}, {"type": "Feature", "properties": {"osm_type": "line", "voltage_kv": 400.0, "name": "Forssa - Tammisto", "avail": 45, "avail_node": "Tapanila"}, "geometry": {"type": "LineString", "coordinates": [[24.9707, 60.2892], [24.9691, 60.2896], [24.9654, 60.2897], [24.9613, 60.2896], [24.9557, 60.2896], [24.9501, 60.2896], [24.9444, 60.2896], [24.9401, 60.2896], [24.9354, 60.2897], [24.9317, 60.2898], [24.9282, 60.2899], [24.9233, 60.2902], [24.9194, 60.2906], [24.9143, 60.291], [24.91, 60.2918], [24.9048, 60.2929], [24.9011, 60.2936], [24.8971, 60.2965], [24.8934, 60.2991], [24.8867, 60.299], [24.8843, 60.3005], [24.8828, 60.3019], [24.8796, 60.3035], [24.877, 60.306], [24.8784, 60.3086], [24.8813, 60.3115], [24.8849, 60.314], [24.8893, 60.3165], [24.8929, 60.3182], [24.8971, 60.3207], [24.9013, 60.3241], [24.905, 60.3275], [24.9072, 60.33], [24.9101, 60.333], [24.9129, 60.3362], [24.9164, 60.3392], [24.9193, 60.3424], [24.9219, 60.3451], [24.9244, 60.3479], [24.9265, 60.35], [24.929, 60.3522], [24.931, 60.3542], [24.9284, 60.3554], [24.923, 60.3582]]}}, {"type": "Feature", "properties": {"osm_type": "line", "voltage_kv": 400.0, "name": "Pirttikoski - Pikkarala", "avail": 0}, "geometry": {"type": "LineString", "coordinates": [[25.7434, 64.9443], [25.744, 64.9475], [25.746, 64.9512], [25.7467, 64.9524], [25.7481, 64.9548], [25.7501, 64.9581], [25.7524, 64.9621], [25.7543, 64.9653], [25.7544, 64.9655], [25.7567, 64.9689], [25.7592, 64.9721], [25.7623, 64.9762], [25.7654, 64.9802], [25.7673, 64.9827], [25.7699, 64.986], [25.7702, 64.9864], [25.7733, 64.9904], [25.7763, 64.9944], [25.7792, 64.9981], [25.782, 65.0018], [25.7846, 65.0055], [25.7868, 65.0087], [25.7898, 65.0129], [25.7922, 65.0163], [25.7947, 65.0198], [25.7976, 65.0238], [25.8003, 65.0276], [25.8031, 65.0315], [25.8057, 65.0352], [25.8086, 65.0394], [25.8113, 65.0431], [25.8141, 65.047], [25.8163, 65.0502], [25.8191, 65.054], [25.8217, 65.0579], [25.8239, 65.0612], [25.8262, 65.065], [25.8287, 65.0689], [25.8309, 65.0724], [25.8336, 65.0759], [25.8367, 65.0796], [25.8404, 65.0831], [25.8433, 65.0858], [25.8469, 65.0892], [25.8506, 65.0926], [25.8546, 65.096], [25.8588, 65.0996], [25.8633, 65.1034], [25.8677, 65.1072], [25.8717, 65.1106], [25.8758, 65.114], [25.8795, 65.1172], [25.8833, 65.1204], [25.8872, 65.1237], [25.8915, 65.1273], [25.8954, 65.1307], [25.8994, 65.134], [25.9035, 65.1374], [25.9072, 65.1406], [25.9113, 65.1441], [25.9144, 65.1471], [25.9172, 65.1497], [25.921, 65.1534], [25.9248, 65.1569], [25.9286, 65.1605], [25.9322, 65.1639], [25.9358, 65.1673], [25.9393, 65.1706], [25.9426, 65.1737], [25.9465, 65.1774], [25.9503, 65.1811], [25.9543, 65.1848], [25.9583, 65.1884], [25.9621, 65.1919], [25.966, 65.1953], [25.9698, 65.1987], [25.9737, 65.2021], [25.9774, 65.2058], [25.9809, 65.2091], [25.9847, 65.2128], [25.9886, 65.2165], [25.992, 65.2198], [25.9958, 65.2235], [25.9991, 65.2266], [26.0032, 65.2305], [26.0059, 65.2332], [26.0091, 65.2362], [26.0129, 65.2398], [26.0165, 65.2433], [26.0204, 65.2471], [26.024, 65.2505], [26.0279, 65.2542], [26.0316, 65.2579], [26.035, 65.2614], [26.0385, 65.2652], [26.0417, 65.2687], [26.045, 65.2725], [26.0482, 65.2762], [26.0513, 65.28], [26.0545, 65.2837], [26.0577, 65.2875], [26.0607, 65.291], [26.0638, 65.2946], [26.067, 65.2983], [26.0702, 65.302], [26.0735, 65.3058], [26.0767, 65.3096], [26.0799, 65.3131], [26.0833, 65.3169], [26.0865, 65.3204], [26.09, 65.3243], [26.0934, 65.3281], [26.0965, 65.3315], [26.0999, 65.3351], [26.1032, 65.3388], [26.1063, 65.3422], [26.1083, 65.3444], [26.1118, 65.3484], [26.1148, 65.3519], [26.1177, 65.3553], [26.1204, 65.3587], [26.1234, 65.3624], [26.1257, 65.3657], [26.1282, 65.3694], [26.1309, 65.3735], [26.1333, 65.377], [26.136, 65.381], [26.1383, 65.3847], [26.1409, 65.3882], [26.1437, 65.392], [26.1465, 65.3959], [26.1488, 65.399], [26.1515, 65.4027], [26.1542, 65.4064], [26.1572, 65.4099], [26.161, 65.4131], [26.1654, 65.4166], [26.1698, 65.4201], [26.1744, 65.4236], [26.1787, 65.427], [26.1829, 65.4304], [26.1869, 65.4335], [26.1911, 65.4369], [26.1954, 65.4409], [26.1998, 65.4447], [26.2037, 65.4482], [26.2078, 65.4519], [26.2119, 65.4556], [26.216, 65.4592], [26.2197, 65.4624], [26.2236, 65.4659], [26.2275, 65.4695], [26.2316, 65.4731], [26.2356, 65.4767], [26.2396, 65.4803], [26.2435, 65.484], [26.2473, 65.4876], [26.2512, 65.4913], [26.2551, 65.4949], [26.2588, 65.4983], [26.2629, 65.5022], [26.2665, 65.5056], [26.2707, 65.5095], [26.2747, 65.5131], [26.279, 65.5168], [26.2825, 65.5197], [26.2867, 65.5234], [26.2908, 65.5269], [26.2953, 65.5306], [26.2995, 65.5341], [26.3038, 65.5378], [26.3081, 65.5414], [26.3125, 65.5451], [26.3165, 65.5486], [26.3208, 65.5523], [26.325, 65.5559], [26.3288, 65.5595], [26.3326, 65.5633], [26.336, 65.567], [26.3394, 65.5706], [26.3429, 65.5745], [26.3462, 65.5782], [26.3496, 65.5819], [26.3528, 65.5856], [26.3556, 65.5894], [26.3584, 65.5931], [26.3613, 65.5969], [26.3641, 65.6007], [26.367, 65.6044], [26.3702, 65.6082], [26.3732, 65.6118], [26.3764, 65.6156], [26.3795, 65.6193], [26.3825, 65.6229], [26.3855, 65.6265], [26.3884, 65.6299], [26.3914, 65.6331], [26.3946, 65.6365], [26.3981, 65.6402], [26.4016, 65.6438], [26.405, 65.6473], [26.4087, 65.6512], [26.4121, 65.6547], [26.4155, 65.6583], [26.4184, 65.6614], [26.4222, 65.6653], [26.4258, 65.669], [26.4293, 65.6727], [26.4329, 65.6764], [26.4366, 65.6803], [26.4402, 65.6841], [26.4438, 65.6878], [26.4474, 65.6915], [26.4509, 65.6951], [26.4544, 65.6989], [26.4578, 65.7024], [26.4614, 65.7061], [26.4651, 65.7099], [26.4686, 65.7136], [26.4721, 65.7173], [26.4757, 65.7211], [26.4794, 65.7247], [26.483, 65.7286], [26.4865, 65.7325], [26.4899, 65.7362], [26.4932, 65.7398], [26.4964, 65.7433], [26.4997, 65.747], [26.5032, 65.7508], [26.5065, 65.7544], [26.5099, 65.758], [26.5131, 65.7617], [26.5162, 65.7655], [26.5192, 65.7692], [26.5224, 65.7731], [26.5254, 65.7767], [26.5285, 65.7805], [26.5316, 65.7843], [26.5347, 65.7882], [26.5375, 65.7919], [26.5403, 65.7957], [26.543, 65.7994], [26.5457, 65.8032], [26.5485, 65.8069], [26.5512, 65.8107], [26.5539, 65.8141], [26.5569, 65.8178], [26.5587, 65.8199]]}}, {"type": "Feature", "properties": {"osm_type": "line", "voltage_kv": 400.0, "avail": 0}, "geometry": {"type": "LineString", "coordinates": [[21.4446, 61.2381], [21.4422, 61.2389], [21.4404, 61.2404], [21.4385, 61.2421], [21.4416, 61.2437], [21.4443, 61.2453], [21.4475, 61.247], [21.4531, 61.2469], [21.4592, 61.2468], [21.4634, 61.2448], [21.4679, 61.2426]]}}, {"type": "Feature", "properties": {"osm_type": "line", "voltage_kv": 400.0, "avail": 0}, "geometry": {"type": "LineString", "coordinates": [[25.5849, 60.4291], [25.581, 60.4288], [25.5742, 60.4288], [25.5686, 60.4289], [25.5621, 60.429], [25.5546, 60.4291], [25.5456, 60.4291], [25.5373, 60.4292], [25.5311, 60.4292], [25.5238, 60.4296], [25.5175, 60.4296], [25.5108, 60.4297], [25.5046, 60.4297], [25.4988, 60.4297], [25.4929, 60.4295], [25.486, 60.4286], [25.4789, 60.428], [25.4715, 60.4265], [25.4662, 60.4243], [25.4616, 60.4224], [25.4566, 60.4208], [25.4534, 60.4197], [25.4487, 60.4181], [25.4431, 60.4159], [25.4394, 60.4145], [25.4379, 60.414], [25.4327, 60.4115], [25.429, 60.4098], [25.4226, 60.4069], [25.4205, 60.4059], [25.4187, 60.4051], [25.4133, 60.4026], [25.4072, 60.3994], [25.4006, 60.3963], [25.3973, 60.3948], [25.3931, 60.3928], [25.3889, 60.3913], [25.3833, 60.3887], [25.3787, 60.3865], [25.3706, 60.3818], [25.3678, 60.3801], [25.368, 60.3793], [25.3683, 60.3788]]}}, {"type": "Feature", "properties": {"osm_type": "line", "voltage_kv": 400.0, "name": "Tammiston \u2013 Hakkilan", "name_src": "endpoints", "avail": 45, "avail_node": "Tapanila"}, "geometry": {"type": "LineString", "coordinates": [[24.9736, 60.2887], [24.9791, 60.2878], [24.9824, 60.2872], [24.9885, 60.2866], [24.994, 60.2869], [24.9998, 60.2866], [25.0073, 60.2862], [25.0114, 60.2858], [25.0169, 60.2843], [25.022, 60.2831], [25.0279, 60.2824], [25.0341, 60.2818], [25.0402, 60.2812], [25.0466, 60.2801], [25.0515, 60.2795], [25.0564, 60.2791]]}}, {"type": "Feature", "properties": {"osm_type": "line", "voltage_kv": 400.0, "name": "Vihtavuori - Alaj\u00e4rvi", "avail": 14, "avail_node": "PUNTAVUORI"}, "geometry": {"type": "LineString", "coordinates": [[25.8497, 62.3593], [25.8468, 62.3599], [25.8409, 62.3604], [25.8372, 62.3605], [25.8347, 62.3639], [25.8337, 62.3653], [25.8317, 62.3679], [25.8301, 62.3701], [25.8278, 62.3732], [25.8249, 62.3771], [25.822, 62.3809], [25.8199, 62.3838], [25.8176, 62.3869], [25.8152, 62.3901], [25.8133, 62.3926], [25.8107, 62.3962], [25.8081, 62.3995], [25.8057, 62.4028], [25.8037, 62.4054], [25.8009, 62.4091], [25.7988, 62.4117], [25.7959, 62.4157], [25.7931, 62.4194], [25.7906, 62.4227], [25.7885, 62.4254], [25.7875, 62.4267], [25.7873, 62.427], [25.787, 62.4274], [25.7867, 62.4277], [25.7866, 62.4279], [25.7865, 62.428], [25.786, 62.4287], [25.7837, 62.4318], [25.7816, 62.4341], [25.7788, 62.4373], [25.7756, 62.4408], [25.7732, 62.4434], [25.7688, 62.4469], [25.7648, 62.4498], [25.7617, 62.452], [25.7614, 62.4523], [25.7564, 62.4558], [25.7521, 62.458], [25.7466, 62.4609], [25.7406, 62.464], [25.7342, 62.4673], [25.7283, 62.4704], [25.7223, 62.4726], [25.7168, 62.4746], [25.7108, 62.4768], [25.7042, 62.4793], [25.6987, 62.4811], [25.6941, 62.4824], [25.6863, 62.4844], [25.6853, 62.4847], [25.6805, 62.4859], [25.6755, 62.4872], [25.6731, 62.4878], [25.6696, 62.4887], [25.6688, 62.4889], [25.6645, 62.4901], [25.6568, 62.4921], [25.6511, 62.4936], [25.6505, 62.4937], [25.6426, 62.4954], [25.6353, 62.4969], [25.6294, 62.498], [25.6238, 62.4988], [25.6144, 62.5002], [25.6089, 62.5006], [25.6038, 62.5011], [25.5958, 62.5017], [25.587, 62.5025], [25.5787, 62.5032], [25.5742, 62.5036], [25.5719, 62.5038], [25.5632, 62.5046], [25.5573, 62.5052], [25.5515, 62.5058], [25.5429, 62.507], [25.5346, 62.5083], [25.5281, 62.5093], [25.5225, 62.5106], [25.5151, 62.5122], [25.5074, 62.5139], [25.5004, 62.5155], [25.4938, 62.5169], [25.4864, 62.5186], [25.4788, 62.5201], [25.4781, 62.5203], [25.4773, 62.5204], [25.4715, 62.5216], [25.4649, 62.5229], [25.459, 62.524], [25.4585, 62.5241], [25.4513, 62.5256], [25.4459, 62.5266], [25.4404, 62.5277], [25.4394, 62.5279], [25.432, 62.5295], [25.4248, 62.5309], [25.4168, 62.5325], [25.4095, 62.5339], [25.4026, 62.5352], [25.3966, 62.5365], [25.3879, 62.5382], [25.386, 62.5386], [25.3802, 62.5397], [25.3721, 62.5413], [25.3643, 62.5427], [25.356, 62.5438], [25.3488, 62.5446], [25.3399, 62.5457], [25.3332, 62.5464], [25.3313, 62.5466], [25.3229, 62.5476], [25.3163, 62.5484], [25.3095, 62.5492], [25.302, 62.55], [25.2955, 62.5512], [25.2882, 62.5529], [25.2811, 62.5545], [25.2749, 62.5559], [25.268, 62.5575], [25.2602, 62.5592], [25.2534, 62.5607], [25.2464, 62.5623], [25.2404, 62.5637], [25.2331, 62.5653], [25.2256, 62.5671], [25.2204, 62.5682], [25.2138, 62.5691], [25.2072, 62.5697], [25.1999, 62.5704], [25.1931, 62.571], [25.1855, 62.5718], [25.1772, 62.5726], [25.1693, 62.5733], [25.1639, 62.5739], [25.156, 62.5746], [25.1483, 62.5758], [25.1408, 62.5772], [25.1347, 62.5783], [25.1279, 62.5796], [25.1257, 62.58], [25.125, 62.5801], [25.1204, 62.581], [25.1126, 62.5824], [25.1053, 62.5837], [25.0985, 62.585], [25.091, 62.5863], [25.0827, 62.5878], [25.0753, 62.5892], [25.0693, 62.5903], [25.063, 62.5919], [25.056, 62.5937], [25.05, 62.5952], [25.0435, 62.597], [25.0382, 62.5985], [25.0311, 62.6005], [25.0245, 62.6024], [25.0173, 62.6044], [25.0125, 62.6058], [25.006, 62.6076], [25.0009, 62.609], [24.9959, 62.6104], [24.992, 62.6115], [24.9873, 62.613], [24.983, 62.6145], [24.9779, 62.6164], [24.9729, 62.6183], [24.9678, 62.6203], [24.9626, 62.6223], [24.9576, 62.6243], [24.9531, 62.6261], [24.9481, 62.628], [24.9431, 62.6299], [24.9382, 62.6319], [24.9336, 62.6336], [24.9299, 62.6352], [24.9246, 62.6372], [24.9204, 62.6388], [24.917, 62.6402], [24.9132, 62.6421], [24.9091, 62.6443], [24.9045, 62.6466], [24.9009, 62.6481], [24.8966, 62.6499], [24.891, 62.6522], [24.8858, 62.6544], [24.8799, 62.6569], [24.8738, 62.6595], [24.8679, 62.6619], [24.862, 62.6645], [24.856, 62.667], [24.8502, 62.6696], [24.845, 62.6719], [24.8395, 62.6744], [24.8339, 62.6765], [24.8294, 62.6783], [24.8249, 62.6801], [24.8184, 62.6825], [24.8119, 62.685], [24.8069, 62.687], [24.8014, 62.6891], [24.7945, 62.6918], [24.7892, 62.6939], [24.7838, 62.6965], [24.7789, 62.6991], [24.7737, 62.7021], [24.7684, 62.7049], [24.7632, 62.7078], [24.7581, 62.7106], [24.7533, 62.7133], [24.7481, 62.7161], [24.7433, 62.7187], [24.7383, 62.7215], [24.7325, 62.7248], [24.7273, 62.7276], [24.7247, 62.729], [24.7225, 62.7302], [24.7172, 62.7331], [24.7119, 62.736], [24.707, 62.7387], [24.7024, 62.7412], [24.6976, 62.7439], [24.6939, 62.7459], [24.6895, 62.7483], [24.6854, 62.7505], [24.6813, 62.7527], [24.6772, 62.755], [24.6729, 62.7574], [24.669, 62.7594], [24.6649, 62.7617], [24.6608, 62.7639], [24.6572, 62.7657], [24.6523, 62.7683], [24.6483, 62.7704], [24.644, 62.7726], [24.6394, 62.775], [24.6354, 62.7771], [24.631, 62.7794], [24.6266, 62.7817], [24.6223, 62.7839], [24.618, 62.7862], [24.6138, 62.7884], [24.6096, 62.7905], [24.6058, 62.7926], [24.6012, 62.7949], [24.5968, 62.7972], [24.5929, 62.7992], [24.5884, 62.8016], [24.5842, 62.8038], [24.5799, 62.806], [24.5758, 62.8081], [24.5722, 62.8102], [24.5688, 62.8122], [24.5648, 62.8146], [24.5612, 62.8168], [24.5574, 62.819], [24.5524, 62.822], [24.5479, 62.8247], [24.5432, 62.8276], [24.5386, 62.8303], [24.5345, 62.8328], [24.5299, 62.8355], [24.5254, 62.8383], [24.5203, 62.8413], [24.5157, 62.844], [24.5115, 62.8465], [24.5069, 62.8493], [24.5027, 62.8519], [24.4982, 62.8546], [24.493, 62.8576], [24.4887, 62.8602], [24.4837, 62.8632], [24.479, 62.866], [24.4739, 62.8691], [24.4686, 62.8722], [24.4638, 62.8746], [24.4584, 62.8773], [24.4531, 62.8798], [24.4479, 62.8823], [24.4426, 62.8849], [24.4385, 62.8869], [24.4332, 62.8895], [24.4275, 62.8922], [24.4216, 62.895], [24.4158, 62.8978], [24.4105, 62.9004], [24.4049, 62.9026], [24.3992, 62.9046], [24.3934, 62.9066], [24.387, 62.9088], [24.3815, 62.9107], [24.3756, 62.9127], [24.3695, 62.9149], [24.3643, 62.9172], [24.3588, 62.9196], [24.3537, 62.9219], [24.3492, 62.9239], [24.3443, 62.9261], [24.3392, 62.9284], [24.3339, 62.9308], [24.3282, 62.9333], [24.3226, 62.9358], [24.3171, 62.9383], [24.3112, 62.9409], [24.3054, 62.9435], [24.2998, 62.946], [24.2948, 62.9486], [24.2905, 62.9511], [24.2864, 62.9536], [24.283, 62.9557], [24.2797, 62.9578], [24.2767, 62.9599], [24.2728, 62.9626], [24.2693, 62.965], [24.2656, 62.9676], [24.2623, 62.9701], [24.2588, 62.9726], [24.2554, 62.9751], [24.2521, 62.9775], [24.2488, 62.9799], [24.2453, 62.9823], [24.2419, 62.9848], [24.2384, 62.9873], [24.2354, 62.9895], [24.2322, 62.9919], [24.2289, 62.9942], [24.2256, 62.9967], [24.2226, 62.9987], [24.2184, 63.0012], [24.2139, 63.004], [24.21, 63.0063], [24.2053, 63.0092], [24.2004, 63.0122], [24.1956, 63.0151], [24.1903, 63.0183], [24.1858, 63.0212], [24.1816, 63.0238], [24.1773, 63.0266], [24.1734, 63.0291], [24.1696, 63.03], [24.1642, 63.0314], [24.164, 63.0323]]}}, {"type": "Feature", "properties": {"osm_type": "line", "voltage_kv": 400.0, "name": "Forssa \u2013 Huittinen", "name_src": "endpoints", "avail": 11, "avail_node": "JOKIOINEN"}, "geometry": {"type": "LineString", "coordinates": [[23.5721, 60.8024], [23.5708, 60.8032], [23.5653, 60.8047], [23.5595, 60.807], [23.5539, 60.8091], [23.5502, 60.8106], [23.5432, 60.812], [23.537, 60.8142], [23.5311, 60.8162], [23.5263, 60.8187], [23.5213, 60.8212], [23.515, 60.8236], [23.5084, 60.826], [23.5024, 60.8282], [23.4967, 60.8302], [23.4906, 60.8326], [23.4849, 60.8348], [23.4792, 60.8369], [23.4735, 60.839], [23.4674, 60.8412], [23.4612, 60.8431], [23.4562, 60.845], [23.4509, 60.8471], [23.4453, 60.8499], [23.4403, 60.8524], [23.4351, 60.855], [23.4313, 60.8582], [23.428, 60.861], [23.425, 60.8633], [23.4208, 60.8654], [23.4166, 60.8671], [23.4112, 60.869], [23.4061, 60.871], [23.4012, 60.8729], [23.3977, 60.8743], [23.3941, 60.8757], [23.3887, 60.8778], [23.3851, 60.8791], [23.3798, 60.8812], [23.3756, 60.8828], [23.3693, 60.8851], [23.3629, 60.8875], [23.3577, 60.8894], [23.3543, 60.8907], [23.3496, 60.8926], [23.3447, 60.8946], [23.3391, 60.8969], [23.3329, 60.8994], [23.3287, 60.901], [23.3234, 60.9029], [23.318, 60.9048], [23.3129, 60.9066], [23.3067, 60.9088], [23.3008, 60.9109], [23.2949, 60.9132], [23.289, 60.9155], [23.2837, 60.9176], [23.2776, 60.92], [23.2716, 60.9222], [23.2664, 60.9243], [23.2613, 60.926], [23.2573, 60.9273], [23.251, 60.9293], [23.2455, 60.931], [23.241, 60.9324], [23.2359, 60.934], [23.2313, 60.9354], [23.2265, 60.9369], [23.2248, 60.938], [23.2188, 60.9397], [23.2124, 60.9416], [23.2066, 60.9432], [23.2006, 60.9448], [23.1977, 60.9451], [23.1922, 60.9467], [23.1865, 60.9483], [23.1829, 60.9493], [23.1781, 60.9507], [23.1726, 60.9524], [23.1662, 60.9544], [23.1609, 60.956], [23.1569, 60.9573], [23.1515, 60.9589], [23.1474, 60.9605], [23.1423, 60.9625], [23.1378, 60.9642], [23.1327, 60.9661], [23.1274, 60.9681], [23.1228, 60.9697], [23.1174, 60.9717], [23.1119, 60.9737], [23.1072, 60.9752], [23.1021, 60.9769], [23.0978, 60.9783], [23.0944, 60.9809], [23.0912, 60.9835], [23.086, 60.9861], [23.0822, 60.988], [23.076, 60.9903], [23.0703, 60.9925], [23.0645, 60.9948], [23.0586, 60.997], [23.0528, 60.9992], [23.0464, 61.0017], [23.0446, 61.0031], [23.0381, 61.0055], [23.0319, 61.0078], [23.027, 61.0097], [23.0216, 61.0117], [23.0157, 61.0141], [23.0102, 61.0164], [23.0063, 61.018], [23.0001, 61.0206], [22.994, 61.0232], [22.9886, 61.0251], [22.9844, 61.0259], [22.9784, 61.028], [22.9726, 61.03], [22.9669, 61.0319], [22.9612, 61.0339], [22.9551, 61.0359], [22.9503, 61.0375], [22.9443, 61.0396], [22.9387, 61.0413], [22.9329, 61.0431], [22.9279, 61.0446], [22.9213, 61.0466], [22.9147, 61.0484], [22.9078, 61.05], [22.9025, 61.0512], [22.8971, 61.0532], [22.8913, 61.0554], [22.8863, 61.0573], [22.8797, 61.0593], [22.8734, 61.0612], [22.8669, 61.0632], [22.8602, 61.0651], [22.8544, 61.0666], [22.8478, 61.0682], [22.8412, 61.0699], [22.8351, 61.0716], [22.8298, 61.0732], [22.8229, 61.0752], [22.8162, 61.0772], [22.81, 61.0786], [22.8031, 61.0803], [22.7967, 61.082], [22.7925, 61.0851], [22.7878, 61.088], [22.7833, 61.0903], [22.7773, 61.0925], [22.772, 61.0944], [22.7674, 61.0962], [22.761, 61.0981], [22.7569, 61.1], [22.7521, 61.1019], [22.7463, 61.104], [22.7418, 61.1056], [22.7367, 61.1059], [22.7308, 61.1074], [22.7239, 61.1091], [22.719, 61.1104], [22.713, 61.1119], [22.7066, 61.1141], [22.7019, 61.1166], [22.6973, 61.1195], [22.6914, 61.1218], [22.6864, 61.1233], [22.68, 61.1253], [22.674, 61.1272], [22.6687, 61.1289], [22.6618, 61.1301], [22.6551, 61.1302], [22.65, 61.1319], [22.645, 61.1338], [22.6399, 61.1359], [22.6341, 61.1383], [22.6293, 61.1402], [22.6233, 61.1415], [22.6177, 61.1433], [22.6121, 61.1454], [22.6079, 61.1471], [22.6026, 61.1486], [22.5954, 61.1502], [22.5891, 61.1512], [22.5859, 61.151]]}}, {"type": "Feature", "properties": {"osm_type": "line", "voltage_kv": 400.0, "name": "Hiki\u00e4 - Forssa", "avail": 3, "avail_node": "LEPP\u00c4NIEMI"}, "geometry": {"type": "LineString", "coordinates": [[24.4849, 60.7662], [24.4825, 60.7666], [24.4773, 60.7674], [24.4719, 60.7694], [24.4669, 60.7713], [24.4619, 60.7731], [24.4573, 60.7747], [24.4514, 60.7763], [24.4457, 60.7779], [24.4369, 60.7802], [24.43, 60.7807], [24.4163, 60.7816], [24.4102, 60.7817], [24.4032, 60.7817], [24.3965, 60.7817], [24.3897, 60.7817], [24.386, 60.7817], [24.3831, 60.7817], [24.3781, 60.7817], [24.372, 60.7817], [24.3682, 60.7814], [24.3654, 60.7812], [24.3577, 60.7806], [24.3525, 60.7802], [24.3466, 60.7797], [24.3418, 60.7793], [24.3363, 60.7789], [24.3321, 60.7786], [24.326, 60.7778], [24.3197, 60.7771], [24.3132, 60.7764], [24.3106, 60.776], [24.3068, 60.7758], [24.3014, 60.7753], [24.2963, 60.7749], [24.2898, 60.7745], [24.2845, 60.7742], [24.2762, 60.7739], [24.2713, 60.7737], [24.2658, 60.7736], [24.2608, 60.7738], [24.2554, 60.7739], [24.2496, 60.7741], [24.2446, 60.7742]]}}, {"type": "Feature", "properties": {"osm_type": "line", "voltage_kv": 400.0, "name": "Huutokoski - Vihtavuori", "avail": 2, "avail_node": "LAUKAA"}, "geometry": {"type": "LineString", "coordinates": [[27.668, 62.214], [27.6704, 62.214], [27.6714, 62.2152], [27.6739, 62.2183], [27.676, 62.2209], [27.6705, 62.2236], [27.6654, 62.2261], [27.6603, 62.2286], [27.6557, 62.2305], [27.6515, 62.2318], [27.6475, 62.2328], [27.6449, 62.2334], [27.638, 62.2349], [27.6303, 62.2362], [27.6234, 62.2371], [27.6156, 62.2376], [27.609, 62.238], [27.6028, 62.2383], [27.5982, 62.2386], [27.5912, 62.2389], [27.5404, 62.2414], [27.5329, 62.2417], [27.5316, 62.2417], [27.5257, 62.2419], [27.5174, 62.2415], [27.5101, 62.241], [27.4939, 62.2398], [27.4757, 62.239], [27.4512, 62.2393], [27.4483, 62.2394], [27.4302, 62.2396], [27.4232, 62.2395], [27.4152, 62.239], [27.3846, 62.2361], [27.2966, 62.2345], [27.2903, 62.2345], [27.2514, 62.2337], [27.2233, 62.2336], [27.2172, 62.2335], [27.1607, 62.2332], [27.1084, 62.233], [27.0765, 62.2326], [27.0702, 62.2328], [27.0488, 62.2356], [27.009, 62.2408], [27.002, 62.2416], [26.996, 62.2419], [26.989, 62.242], [26.9812, 62.2422], [26.9737, 62.2423], [26.9669, 62.2424], [26.9589, 62.2425], [26.9529, 62.2426], [26.9491, 62.2427], [26.9442, 62.2427], [26.9385, 62.2428], [26.9334, 62.2429], [26.9276, 62.243], [26.9203, 62.2431], [26.9129, 62.2432], [26.9048, 62.2434], [26.8983, 62.2435], [26.8895, 62.2436], [26.8811, 62.2441], [26.8735, 62.2445], [26.8648, 62.2451], [26.8568, 62.2456], [26.8482, 62.2461], [26.8412, 62.2466], [26.8322, 62.2472], [26.8237, 62.2478], [26.8169, 62.2482], [26.8103, 62.2486], [26.8015, 62.2492], [26.793, 62.2497], [26.7854, 62.2502], [26.7782, 62.2502], [26.7699, 62.2503], [26.7606, 62.2503], [26.7529, 62.2503], [26.7456, 62.2503], [26.739, 62.2503], [26.7312, 62.2503], [26.7232, 62.2503], [26.7162, 62.2503], [26.7101, 62.2503], [26.7041, 62.2503], [26.6971, 62.2503], [26.6897, 62.2503], [26.6827, 62.2502], [26.675, 62.2502], [26.6689, 62.2502], [26.6612, 62.2502], [26.6536, 62.2501], [26.6462, 62.2501], [26.6385, 62.2501], [26.6309, 62.2501], [26.6252, 62.2501], [26.6185, 62.25], [26.611, 62.25], [26.6038, 62.25], [26.5972, 62.25], [26.5927, 62.2499], [26.5862, 62.2499], [26.5793, 62.2498], [26.572, 62.2498], [26.5639, 62.2497], [26.5565, 62.2497], [26.5488, 62.2497], [26.5408, 62.2496], [26.536, 62.2503], [26.5294, 62.2518], [26.5234, 62.2533], [26.52, 62.2539], [26.5188, 62.2542], [26.5117, 62.2552], [26.5027, 62.2564], [26.4953, 62.2575], [26.4873, 62.2591], [26.4805, 62.2606], [26.4738, 62.2619], [26.4665, 62.2634], [26.4596, 62.2656], [26.4527, 62.2677], [26.4459, 62.2699], [26.4392, 62.2721], [26.4318, 62.2743], [26.4255, 62.2764], [26.4186, 62.2786], [26.4121, 62.2806], [26.4066, 62.2827], [26.401, 62.2852], [26.3955, 62.2875], [26.3908, 62.2896], [26.3852, 62.2919], [26.3818, 62.2934], [26.3798, 62.2943], [26.3753, 62.2962], [26.3695, 62.2979], [26.3677, 62.2983], [26.3631, 62.2992], [26.3564, 62.2999], [26.3491, 62.3007], [26.3415, 62.3016], [26.3357, 62.3022], [26.3274, 62.3031], [26.3221, 62.3037], [26.3144, 62.3045], [26.3061, 62.3053], [26.3008, 62.3064], [26.2962, 62.3077], [26.292, 62.3092], [26.2861, 62.3116], [26.2804, 62.3139], [26.2748, 62.3161], [26.2683, 62.3184], [26.2624, 62.3205], [26.2558, 62.3228], [26.2506, 62.3253], [26.2466, 62.3275], [26.241, 62.3307], [26.2368, 62.3331], [26.231, 62.3364], [26.2252, 62.3397], [26.2212, 62.342], [26.2168, 62.3445], [26.2121, 62.3467], [26.207, 62.3486], [26.201, 62.3505], [26.1965, 62.3519], [26.1897, 62.354], [26.183, 62.356], [26.1755, 62.3584], [26.1695, 62.3602], [26.1635, 62.362], [26.1567, 62.3641], [26.1498, 62.3661], [26.1439, 62.3675], [26.1385, 62.3686], [26.1313, 62.3703], [26.125, 62.3717], [26.1196, 62.3729], [26.1136, 62.3741], [26.1104, 62.3745], [26.109, 62.3747], [26.107, 62.375], [26.0985, 62.3756], [26.0916, 62.3755], [26.083, 62.3747], [26.0741, 62.3739], [26.0662, 62.3729], [26.0592, 62.3719], [26.0511, 62.3708], [26.047, 62.3701], [26.0406, 62.3689], [26.034, 62.3678], [26.0285, 62.3668], [26.0222, 62.3657], [26.0162, 62.3647], [26.0062, 62.3629], [26.0001, 62.3619], [25.9953, 62.3609], [25.9899, 62.3596], [25.9832, 62.3581], [25.9774, 62.3567], [25.9728, 62.3557], [25.967, 62.3544], [25.9598, 62.3527], [25.9531, 62.3512], [25.9435, 62.3513], [25.9374, 62.3513], [25.9305, 62.3514], [25.9212, 62.3514], [25.9173, 62.3514], [25.9108, 62.3515], [25.9016, 62.3517], [25.8959, 62.352], [25.89, 62.3524], [25.8847, 62.3528], [25.8775, 62.3538], [25.871, 62.3551], [25.8682, 62.3559], [25.8657, 62.3566], [25.8631, 62.3572], [25.8625, 62.3574], [25.8598, 62.358], [25.8519, 62.3588], [25.8496, 62.359]]}}, {"type": "Feature", "properties": {"osm_type": "line", "voltage_kv": 400.0, "name": "Vuolijoki - Alapitk\u00e4", "avail": 0}, "geometry": {"type": "LineString", "coordinates": [[27.215, 64.1053], [27.215, 64.1051], [27.2151, 64.1047], [27.2155, 64.1019], [27.216, 64.0983], [27.2165, 64.0948], [27.2171, 64.091], [27.2181, 64.0872], [27.2191, 64.0835], [27.2201, 64.0798], [27.2205, 64.076], [27.2209, 64.0724], [27.2213, 64.0688], [27.2227, 64.0647], [27.2239, 64.0615], [27.2252, 64.0577], [27.2265, 64.0541], [27.2279, 64.0501], [27.2294, 64.0462], [27.2308, 64.0423], [27.2322, 64.0386], [27.2335, 64.0348], [27.235, 64.0309], [27.2364, 64.027], [27.2379, 64.0229], [27.2393, 64.019], [27.2403, 64.0163], [27.2412, 64.0139], [27.2422, 64.0112], [27.2432, 64.0084], [27.2443, 64.0055], [27.2451, 64.0031], [27.2462, 64.0002], [27.2471, 63.9976], [27.2482, 63.9948], [27.2492, 63.9919], [27.2505, 63.9886], [27.2518, 63.9847], [27.2532, 63.981], [27.2546, 63.9774], [27.2561, 63.9736], [27.2574, 63.9697], [27.2586, 63.9664], [27.26, 63.9625], [27.2614, 63.9587], [27.2623, 63.9549], [27.2631, 63.9515], [27.2639, 63.9482], [27.2649, 63.9445], [27.2657, 63.9407], [27.2674, 63.9372], [27.2696, 63.9338], [27.2725, 63.9302], [27.2753, 63.9266], [27.2778, 63.9233], [27.2807, 63.9196], [27.2837, 63.9159], [27.2865, 63.9121], [27.2894, 63.9085], [27.2921, 63.905], [27.2947, 63.9017], [27.2972, 63.8982], [27.2995, 63.8948], [27.3014, 63.8919], [27.3039, 63.8881], [27.3055, 63.8851], [27.3072, 63.8816], [27.3091, 63.8778], [27.3109, 63.8739], [27.3127, 63.8702], [27.3146, 63.8664], [27.3164, 63.8625], [27.3182, 63.8589], [27.3199, 63.8554], [27.3215, 63.8518], [27.3234, 63.848], [27.3253, 63.844], [27.3271, 63.8403], [27.3286, 63.8371], [27.33, 63.8343], [27.3316, 63.831], [27.3334, 63.8272], [27.3352, 63.8236], [27.3366, 63.8201], [27.3375, 63.8164], [27.3381, 63.8132], [27.3389, 63.8096], [27.3398, 63.8058], [27.3405, 63.802], [27.3413, 63.7987], [27.342, 63.7954], [27.3429, 63.7923], [27.3443, 63.7889], [27.3457, 63.7857], [27.347, 63.7824], [27.3484, 63.779], [27.35, 63.7754], [27.3514, 63.7718], [27.3531, 63.7678], [27.3545, 63.7643], [27.3552, 63.7616], [27.3555, 63.7605], [27.3563, 63.7577], [27.3574, 63.7535], [27.3584, 63.7498], [27.359, 63.7461], [27.3589, 63.7434], [27.359, 63.7395], [27.359, 63.7353], [27.359, 63.7318], [27.359, 63.7282], [27.359, 63.7245], [27.3591, 63.721], [27.3586, 63.7176], [27.3576, 63.7153], [27.3567, 63.7114], [27.3572, 63.7082], [27.3587, 63.7053], [27.3608, 63.7027], [27.3634, 63.6997], [27.366, 63.6965], [27.3686, 63.6934], [27.3702, 63.69], [27.3713, 63.6863], [27.3724, 63.6826], [27.3736, 63.6783], [27.3732, 63.6754], [27.3725, 63.6712], [27.3717, 63.6678], [27.3706, 63.6642], [27.3695, 63.661], [27.3686, 63.6573], [27.3683, 63.654], [27.368, 63.6506], [27.3669, 63.6472], [27.3658, 63.6437], [27.3638, 63.6406], [27.3617, 63.6375], [27.3588, 63.633], [27.3562, 63.6292], [27.3539, 63.6256], [27.3522, 63.622], [27.3518, 63.6194], [27.3523, 63.6158], [27.3528, 63.6121], [27.3549, 63.6083], [27.3569, 63.6047], [27.3586, 63.6017], [27.36, 63.5979], [27.36, 63.5946], [27.359, 63.592], [27.3581, 63.5893], [27.3581, 63.5863], [27.3588, 63.583], [27.3594, 63.5795], [27.3585, 63.5756], [27.3579, 63.5727], [27.3576, 63.5685], [27.3573, 63.5642], [27.3573, 63.5606], [27.3573, 63.557], [27.3571, 63.5536], [27.3568, 63.5503], [27.3566, 63.5468], [27.3563, 63.5438], [27.3575, 63.5406], [27.3603, 63.5371], [27.3638, 63.5336], [27.3663, 63.5296], [27.3664, 63.5293], [27.367, 63.5268], [27.3673, 63.5257], [27.368, 63.5221], [27.3695, 63.518], [27.3705, 63.5153], [27.3719, 63.5116], [27.3729, 63.5088], [27.374, 63.506], [27.3756, 63.502], [27.3776, 63.4983], [27.3799, 63.4946], [27.3822, 63.4908], [27.3842, 63.4873], [27.3852, 63.484], [27.3862, 63.4806], [27.3872, 63.4768], [27.3883, 63.4728], [27.3893, 63.4692], [27.3911, 63.4653], [27.3929, 63.4616], [27.3947, 63.4577], [27.3964, 63.4542], [27.398, 63.4509], [27.4007, 63.4471], [27.4032, 63.4436], [27.4056, 63.4402], [27.4076, 63.4373], [27.41, 63.434], [27.4126, 63.4302], [27.4153, 63.4265], [27.418, 63.4228], [27.4204, 63.4192], [27.423, 63.4157], [27.4256, 63.412], [27.4281, 63.4084], [27.4308, 63.4046], [27.4333, 63.4011], [27.4354, 63.3976], [27.4374, 63.3942], [27.4398, 63.391], [27.4435, 63.3881], [27.4478, 63.3848], [27.4513, 63.3813], [27.4542, 63.3778], [27.4573, 63.374], [27.4597, 63.371], [27.4632, 63.3667], [27.4651, 63.3628], [27.4657, 63.3588], [27.4662, 63.3552], [27.4665, 63.3524], [27.4671, 63.3486], [27.4675, 63.3454], [27.4679, 63.3426], [27.4684, 63.3388], [27.4687, 63.3361], [27.4692, 63.3323], [27.4697, 63.3288], [27.4701, 63.3258], [27.471, 63.3224], [27.4721, 63.3185], [27.4723, 63.3159], [27.4718, 63.3122], [27.4704, 63.3096], [27.4689, 63.3068], [27.4668, 63.3029], [27.4651, 63.2999], [27.4647, 63.2967], [27.4644, 63.2941], [27.4641, 63.2915], [27.4637, 63.2876], [27.463, 63.2832], [27.4625, 63.2799], [27.4618, 63.276], [27.4617, 63.2758], [27.4609, 63.2723], [27.4608, 63.2717], [27.4603, 63.2688], [27.4597, 63.266], [27.4607, 63.2623], [27.4614, 63.259], [27.4621, 63.2558], [27.4629, 63.2519], [27.4637, 63.2487], [27.4655, 63.2465], [27.4685, 63.2429], [27.4711, 63.2398], [27.474, 63.2363], [27.4761, 63.2339], [27.4784, 63.2311], [27.4808, 63.2281], [27.4828, 63.2253], [27.4838, 63.2239], [27.486, 63.2215], [27.4898, 63.2177], [27.4919, 63.2152], [27.4951, 63.2113], [27.497, 63.2086], [27.4989, 63.2052], [27.5011, 63.2012], [27.5031, 63.1976], [27.5064, 63.1965], [27.5068, 63.1964], [27.5094, 63.1956], [27.5138, 63.1942], [27.5196, 63.1923], [27.5232, 63.1905], [27.5226, 63.1891]]}}, {"type": "Feature", "properties": {"osm_type": "line", "voltage_kv": 400.0, "name": "Yllikk\u00e4l\u00e4 - Huutokoski A", "avail": 1, "avail_node": "SIIKAKOSKI"}, "geometry": {"type": "LineString", "coordinates": [[27.3691, 61.7304], [27.3703, 61.7341], [27.3716, 61.7365], [27.3747, 61.7394], [27.3777, 61.7422], [27.3816, 61.7457], [27.3848, 61.7486], [27.3873, 61.7509], [27.3901, 61.7535], [27.3934, 61.7567], [27.4005, 61.7634], [27.4039, 61.7666], [27.4073, 61.7699], [27.4112, 61.7736], [27.4136, 61.7769], [27.4158, 61.7797], [27.4184, 61.7833], [27.4197, 61.7851], [27.4215, 61.7875], [27.4241, 61.7905], [27.4297, 61.7966], [27.4332, 61.8005], [27.4366, 61.8042], [27.4396, 61.8075], [27.4432, 61.8113], [27.4464, 61.8148], [27.4496, 61.8183], [27.4528, 61.8217], [27.4557, 61.825], [27.4593, 61.8288], [27.4626, 61.8324], [27.465, 61.8354], [27.469, 61.8392], [27.4691, 61.8393], [27.473, 61.8437], [27.4765, 61.8475], [27.48, 61.8512], [27.4833, 61.855], [27.4865, 61.8585], [27.4899, 61.8622], [27.4937, 61.8662], [27.4974, 61.8701], [27.4986, 61.8736], [27.4996, 61.8761], [27.5009, 61.8795], [27.5023, 61.8828], [27.5035, 61.8861], [27.5045, 61.8886], [27.5061, 61.8925], [27.5075, 61.896], [27.5109, 61.9042], [27.5131, 61.91], [27.5137, 61.9117], [27.5151, 61.9155], [27.5169, 61.9198], [27.5184, 61.9237], [27.52, 61.9277], [27.5214, 61.9314], [27.5231, 61.935], [27.5254, 61.9382], [27.5285, 61.9416], [27.5317, 61.9451], [27.5344, 61.948], [27.5379, 61.9518], [27.5412, 61.955], [27.5445, 61.9587], [27.5476, 61.9621], [27.5504, 61.9652], [27.5533, 61.9683], [27.5574, 61.972], [27.5599, 61.9741], [27.5628, 61.9766], [27.5666, 61.9798], [27.5704, 61.983], [27.574, 61.9861], [27.5774, 61.9889], [27.5814, 61.9924], [27.5852, 61.9956], [27.5881, 61.9987], [27.5911, 62.0019], [27.5948, 62.0056], [27.5975, 62.0085], [27.6001, 62.0112], [27.6034, 62.0147], [27.6056, 62.0183], [27.6079, 62.0221], [27.6102, 62.0257], [27.6125, 62.0296], [27.6148, 62.0335], [27.6165, 62.0366], [27.6185, 62.04], [27.6201, 62.043], [27.6222, 62.0465], [27.6235, 62.0504], [27.6248, 62.0544], [27.6259, 62.0578], [27.6271, 62.0612], [27.6275, 62.0646], [27.628, 62.0688], [27.6285, 62.0729], [27.629, 62.077], [27.6294, 62.081], [27.6298, 62.0847], [27.6304, 62.089], [27.6307, 62.0923], [27.6309, 62.0963], [27.6312, 62.1001], [27.6316, 62.1039], [27.6329, 62.1079], [27.6336, 62.1102], [27.6354, 62.1137], [27.6375, 62.1161], [27.6406, 62.1196], [27.6436, 62.1232], [27.6454, 62.1261], [27.6463, 62.1285], [27.6461, 62.1317], [27.6457, 62.1361], [27.6454, 62.1406], [27.6451, 62.1442], [27.6447, 62.1489], [27.6444, 62.1529], [27.6442, 62.1569], [27.6444, 62.1603], [27.6452, 62.1639], [27.646, 62.1669], [27.6482, 62.1708], [27.6499, 62.1739], [27.6523, 62.1773], [27.6548, 62.181], [27.6575, 62.1847], [27.6598, 62.1882], [27.6618, 62.1912], [27.6637, 62.1942], [27.6676, 62.198], [27.6677, 62.1982], [27.67, 62.2003], [27.6735, 62.203], [27.6731, 62.2059], [27.6727, 62.2097], [27.6726, 62.2113], [27.6731, 62.2116], [27.6735, 62.212]]}}, {"type": "Feature", "properties": {"osm_type": "line", "voltage_kv": 400.0, "name": "Melo \u2013", "name_src": "endpoints", "avail": 7, "avail_node": "TERVASUO"}, "geometry": {"type": "LineString", "coordinates": [[22.3331, 61.3682], [22.3381, 61.3689], [22.3446, 61.3697], [22.3506, 61.3705], [22.3571, 61.3713], [22.363, 61.372], [22.3693, 61.3728], [22.3756, 61.3736], [22.3803, 61.3742], [22.3866, 61.375], [22.3929, 61.3757], [22.3983, 61.3764], [22.4043, 61.3771], [22.4102, 61.3779], [22.4162, 61.3786], [22.4223, 61.3793], [22.4283, 61.3801], [22.4341, 61.3807], [22.44, 61.3814], [22.4458, 61.3821], [22.4505, 61.3827], [22.4545, 61.3831], [22.4607, 61.3839], [22.4661, 61.3845], [22.4718, 61.3852], [22.4769, 61.3858], [22.4828, 61.3865], [22.4887, 61.3872], [22.4952, 61.3879], [22.5013, 61.3887], [22.5074, 61.3894], [22.5135, 61.3901], [22.5197, 61.3908], [22.5263, 61.3917], [22.5318, 61.3922], [22.5385, 61.393], [22.544, 61.3937], [22.5509, 61.3945], [22.5569, 61.3952], [22.5634, 61.396], [22.5687, 61.3966], [22.5742, 61.3971], [22.5808, 61.398], [22.5862, 61.3986], [22.5924, 61.3994], [22.5988, 61.4001], [22.6052, 61.4009], [22.6106, 61.4015], [22.616, 61.4021], [22.6232, 61.4029], [22.6287, 61.4036], [22.6353, 61.4044], [22.6414, 61.4051], [22.6469, 61.4057], [22.653, 61.4064], [22.6567, 61.4068], [22.6615, 61.4074], [22.6659, 61.4079], [22.6727, 61.4087], [22.6787, 61.4094], [22.6852, 61.4102], [22.6907, 61.4108], [22.6974, 61.4116], [22.7034, 61.4122], [22.71, 61.413], [22.7161, 61.4137], [22.7226, 61.4145], [22.7288, 61.4152], [22.7351, 61.4159], [22.7404, 61.4165], [22.7464, 61.4171], [22.7515, 61.4176], [22.7581, 61.4184], [22.7642, 61.4192], [22.7701, 61.4199], [22.7757, 61.4205], [22.7818, 61.4212], [22.7863, 61.4218], [22.7914, 61.4222], [22.7986, 61.4232], [22.804, 61.4238], [22.8105, 61.4245], [22.817, 61.4253], [22.8216, 61.4258], [22.8277, 61.4265], [22.8344, 61.4273], [22.8404, 61.4279], [22.8464, 61.4286], [22.8533, 61.4294], [22.8591, 61.4301], [22.865, 61.4307], [22.8716, 61.4315], [22.8762, 61.432], [22.8826, 61.4327], [22.888, 61.4333], [22.8924, 61.4338], [22.8965, 61.4344], [22.9036, 61.4354], [22.9077, 61.4361], [22.9133, 61.437], [22.9178, 61.4377], [22.9237, 61.4386], [22.9288, 61.4394], [22.9361, 61.4405], [22.9401, 61.4411], [22.9451, 61.4419], [22.9491, 61.4425], [22.9552, 61.4434], [22.9615, 61.4444], [22.9651, 61.445], [22.9711, 61.4459], [22.9774, 61.4469], [22.9839, 61.4479], [22.9886, 61.4486], [22.9949, 61.4496], [23.0006, 61.4505], [23.0059, 61.4513], [23.0115, 61.4522], [23.0162, 61.4529], [23.0224, 61.4538], [23.0239, 61.454], [23.0277, 61.4546], [23.0326, 61.4553], [23.0377, 61.4561], [23.0416, 61.4567], [23.0475, 61.4575], [23.0525, 61.4583], [23.0576, 61.4591], [23.0644, 61.4601], [23.0699, 61.4609], [23.0744, 61.4616], [23.0796, 61.4623], [23.0868, 61.4634], [23.092, 61.4642], [23.0979, 61.4651], [23.103, 61.4661], [23.1088, 61.4673], [23.1145, 61.4685], [23.1186, 61.4693], [23.125, 61.4706], [23.1301, 61.4717], [23.1353, 61.4728], [23.1401, 61.4737], [23.1452, 61.4748], [23.1512, 61.476], [23.1571, 61.4773], [23.1608, 61.4781], [23.1659, 61.4791], [23.1693, 61.4798], [23.1736, 61.4805], [23.1782, 61.4816], [23.1816, 61.4825], [23.1878, 61.4826], [23.1929, 61.4828], [23.2004, 61.4832], [23.206, 61.4834], [23.2119, 61.4837], [23.2173, 61.4839], [23.2215, 61.4841], [23.2269, 61.4843], [23.2337, 61.4846], [23.2382, 61.4848], [23.244, 61.485], [23.2513, 61.4854], [23.2568, 61.4856], [23.262, 61.4858], [23.2658, 61.486], [23.2721, 61.4862], [23.2785, 61.4865], [23.2849, 61.4868], [23.29, 61.487], [23.2943, 61.4872], [23.3012, 61.4875], [23.3053, 61.4877], [23.3058, 61.4877], [23.3123, 61.4879], [23.3166, 61.4881], [23.322, 61.4882], [23.3253, 61.4885], [23.3296, 61.4886], [23.3354, 61.4889], [23.344, 61.4891], [23.3477, 61.489], [23.3529, 61.4889], [23.3596, 61.4888], [23.3652, 61.4888], [23.3697, 61.4888], [23.3726, 61.4888], [23.3782, 61.4887], [23.3826, 61.4886], [23.3884, 61.4879], [23.3944, 61.4872], [23.3948, 61.4871], [23.3952, 61.4871], [23.397, 61.4868], [23.4004, 61.4864], [23.4044, 61.4859], [23.41, 61.4852], [23.4163, 61.4844], [23.422, 61.4837], [23.4286, 61.4829], [23.4342, 61.4823], [23.4342, 61.482], [23.4342, 61.4805], [23.434, 61.4776], [23.4338, 61.4743], [23.4335, 61.4712], [23.4334, 61.4688], [23.4331, 61.4667]]}}, {"type": "Feature", "properties": {"osm_type": "line", "voltage_kv": 400.0, "name": "Mets\u00e4linja (Pet\u00e4j\u00e4vesi-Pys\u00e4ysper\u00e4)", "avail": 3, "avail_node": "KINNULA"}, "geometry": {"type": "LineString", "coordinates": [[25.0858, 62.8128], [25.0833, 62.8157], [25.0816, 62.8179], [25.0796, 62.8204], [25.0781, 62.8223], [25.0761, 62.8248], [25.0743, 62.8271], [25.0722, 62.8298], [25.0706, 62.8318], [25.0689, 62.834], [25.067, 62.8364], [25.0651, 62.8388], [25.0634, 62.841], [25.0614, 62.8435], [25.0595, 62.8459], [25.0576, 62.8483], [25.0556, 62.8509], [25.054, 62.8529], [25.0521, 62.8554], [25.0504, 62.8575], [25.0483, 62.8602], [25.0465, 62.8625], [25.0448, 62.8647], [25.0428, 62.8671], [25.0408, 62.8695], [25.0386, 62.872], [25.0366, 62.8743], [25.0345, 62.8766], [25.0325, 62.879], [25.031, 62.8813], [25.0294, 62.8836], [25.0279, 62.8859], [25.0262, 62.8884], [25.0245, 62.8909], [25.023, 62.8932], [25.0219, 62.8954], [25.0208, 62.8978], [25.0196, 62.9002], [25.0185, 62.9026], [25.0174, 62.9049], [25.0164, 62.9071], [25.0152, 62.9096], [25.0142, 62.9118], [25.0133, 62.9139], [25.0123, 62.9161], [25.0122, 62.9162], [25.0112, 62.9188], [25.0101, 62.9216], [25.0096, 62.9231], [25.0085, 62.926], [25.0076, 62.9286], [25.0067, 62.931], [25.0058, 62.9335], [25.0048, 62.936], [25.0038, 62.9385], [25.0029, 62.9411], [25.002, 62.9436], [25.001, 62.9462], [25.0001, 62.9487], [24.999, 62.9515], [24.9977, 62.9551], [24.9971, 62.9566], [24.9965, 62.9583], [24.9963, 62.9587], [24.9951, 62.9618], [24.9939, 62.9652], [24.9927, 62.9682], [24.9916, 62.9712], [24.9907, 62.9737], [24.9893, 62.9774], [24.988, 62.981], [24.9866, 62.9847], [24.9854, 62.988], [24.984, 62.9916], [24.9833, 62.9934], [24.9828, 62.995], [24.9816, 62.9981], [24.9805, 63.001], [24.9792, 63.0043], [24.978, 63.0074], [24.9767, 63.0106], [24.9758, 63.0129], [24.9748, 63.0156], [24.9739, 63.018], [24.9729, 63.0206], [24.9719, 63.0232], [24.971, 63.0258], [24.97, 63.0283], [24.969, 63.0309], [24.9682, 63.0331], [24.9679, 63.0356], [24.9685, 63.0382], [24.9698, 63.0407], [24.9711, 63.0432], [24.9724, 63.0456], [24.9738, 63.0481], [24.9749, 63.0502], [24.9762, 63.0527], [24.9774, 63.055], [24.9785, 63.057], [24.9796, 63.0592], [24.9808, 63.0614], [24.9823, 63.0641], [24.9836, 63.0666], [24.9851, 63.0692], [24.9865, 63.0719], [24.9877, 63.074], [24.989, 63.0765], [24.9902, 63.0789], [24.9916, 63.0816], [24.9929, 63.0839], [24.9943, 63.0866], [24.9954, 63.0889], [24.9966, 63.0913], [24.998, 63.0939], [24.9992, 63.096], [25.0007, 63.0989], [25.0019, 63.1011], [25.003, 63.1032], [25.0041, 63.1053], [25.0053, 63.1077], [25.0066, 63.1102], [25.0077, 63.1123], [25.0092, 63.1153], [25.0103, 63.1174], [25.0115, 63.1197], [25.0132, 63.123], [25.0141, 63.1247], [25.0153, 63.127], [25.0165, 63.1295], [25.0177, 63.1318], [25.019, 63.1344], [25.0198, 63.1358], [25.021, 63.1392], [25.0216, 63.142], [25.022, 63.1435], [25.0226, 63.1458], [25.0233, 63.1484], [25.0241, 63.1517], [25.025, 63.1551], [25.0259, 63.1588], [25.0265, 63.1614], [25.0272, 63.1643], [25.0276, 63.1663], [25.0281, 63.1684], [25.0289, 63.1722], [25.0297, 63.1754], [25.0303, 63.1783], [25.0311, 63.1818], [25.0318, 63.1852], [25.0327, 63.1886], [25.0334, 63.1917], [25.0343, 63.1953], [25.0352, 63.1991], [25.0359, 63.2021], [25.0369, 63.2059], [25.0376, 63.2091], [25.0385, 63.2126], [25.0394, 63.2164], [25.0402, 63.2199], [25.0412, 63.2235], [25.042, 63.2269], [25.0429, 63.2305], [25.0436, 63.2334], [25.0445, 63.2371], [25.0454, 63.2408], [25.0462, 63.2439], [25.047, 63.2469], [25.0476, 63.2496], [25.0483, 63.2522], [25.0488, 63.2543], [25.0495, 63.257], [25.0501, 63.2594], [25.0508, 63.2624], [25.051, 63.2655], [25.0505, 63.2686], [25.0499, 63.2716], [25.0492, 63.275], [25.0484, 63.2785], [25.0479, 63.2815], [25.0471, 63.2856], [25.0465, 63.2884], [25.0462, 63.2895], [25.0459, 63.2914], [25.0452, 63.2951], [25.0445, 63.2986], [25.044, 63.3025], [25.044, 63.3052], [25.044, 63.3086], [25.044, 63.3122], [25.044, 63.3154], [25.044, 63.3176], [25.044, 63.321], [25.0441, 63.324], [25.0442, 63.3278], [25.0442, 63.3317], [25.0443, 63.3354], [25.0444, 63.3393], [25.0444, 63.3432], [25.0445, 63.3471], [25.0446, 63.3506], [25.0446, 63.3539], [25.045, 63.357], [25.0459, 63.3607], [25.0465, 63.3634], [25.0472, 63.3664], [25.0479, 63.3696], [25.0486, 63.3734], [25.0494, 63.377], [25.0501, 63.3806], [25.0508, 63.3839], [25.0515, 63.3875], [25.0522, 63.3911], [25.0529, 63.3946], [25.0536, 63.3981], [25.0543, 63.4017], [25.055, 63.4052], [25.0556, 63.4086], [25.0563, 63.4122], [25.057, 63.4157], [25.0577, 63.4193], [25.0584, 63.423], [25.0592, 63.4268], [25.0599, 63.4306], [25.0606, 63.4343], [25.0614, 63.438], [25.0621, 63.4417], [25.0628, 63.4454], [25.0635, 63.4492], [25.0642, 63.453], [25.0649, 63.4565], [25.0658, 63.4605], [25.067, 63.4634], [25.0684, 63.4658], [25.0709, 63.4691], [25.0733, 63.4722], [25.0758, 63.4755], [25.0784, 63.4789], [25.0811, 63.4823], [25.0836, 63.4856], [25.0864, 63.4892], [25.0889, 63.4925], [25.0915, 63.4959], [25.0944, 63.4996], [25.0968, 63.5026], [25.0996, 63.5063], [25.1005, 63.5075], [25.1027, 63.5103], [25.1049, 63.5131], [25.1071, 63.516], [25.1094, 63.519], [25.1109, 63.5209], [25.1118, 63.522], [25.1146, 63.5255], [25.1173, 63.529], [25.1196, 63.532], [25.1219, 63.5349], [25.1243, 63.538], [25.1245, 63.5382], [25.127, 63.5415], [25.1283, 63.5432], [25.1295, 63.5446], [25.1319, 63.5478], [25.1345, 63.5511], [25.1368, 63.5539], [25.137, 63.5542], [25.14, 63.558], [25.1424, 63.561], [25.1449, 63.5642], [25.147, 63.5668], [25.1499, 63.5705], [25.1518, 63.5731], [25.1542, 63.5766], [25.1567, 63.5801], [25.1588, 63.5831], [25.1614, 63.5868], [25.1636, 63.59], [25.1661, 63.5936], [25.1686, 63.5971], [25.1706, 63.6], [25.1735, 63.6041], [25.1757, 63.6073], [25.1783, 63.611], [25.1809, 63.6146], [25.1833, 63.6181], [25.1858, 63.6216], [25.188, 63.6249], [25.1905, 63.6283], [25.193, 63.6318], [25.1948, 63.6345], [25.1969, 63.6373], [25.1994, 63.6408], [25.202, 63.6446], [25.2045, 63.648], [25.2069, 63.6514], [25.2091, 63.6545], [25.2114, 63.6577], [25.2136, 63.6609], [25.2158, 63.6639], [25.2178, 63.6667], [25.2194, 63.6692], [25.2209, 63.6725], [25.2224, 63.6755], [25.2237, 63.6783], [25.2254, 63.6818], [25.227, 63.6851], [25.2287, 63.6887], [25.2304, 63.6924], [25.2321, 63.6961], [25.2339, 63.6996], [25.2356, 63.7032], [25.2369, 63.7062], [25.2384, 63.7094], [25.2403, 63.7133], [25.2417, 63.7163], [25.2434, 63.7199], [25.2453, 63.7238], [25.247, 63.7274], [25.2488, 63.731], [25.2502, 63.7339], [25.2519, 63.7372], [25.2542, 63.7404], [25.2567, 63.7439], [25.2593, 63.7476], [25.2616, 63.7508], [25.264, 63.7542], [25.2666, 63.7579], [25.269, 63.7614], [25.2716, 63.765], [25.2738, 63.768], [25.2762, 63.7714], [25.2781, 63.7741], [25.2804, 63.7773], [25.2825, 63.7802], [25.2857, 63.7845], [25.2867, 63.7875], [25.2879, 63.7909], [25.289, 63.794], [25.2902, 63.7973], [25.2912, 63.8001], [25.2924, 63.8032], [25.2934, 63.8049], [25.294, 63.8068], [25.2945, 63.8077]]}}, {"type": "Feature", "properties": {"osm_type": "line", "voltage_kv": 400.0, "name": "Toivilan \u2013 Pet\u00e4j\u00e4vesi", "name_src": "endpoints", "avail": 3, "avail_node": "HALKOKANGAS"}, "geometry": {"type": "LineString", "coordinates": [[25.1274, 61.8929], [25.1293, 61.8936], [25.1314, 61.8938], [25.1302, 61.8971], [25.129, 61.9005], [25.1278, 61.904], [25.1268, 61.907], [25.1255, 61.9105], [25.1254, 61.9111], [25.125, 61.9122], [25.125, 61.9123], [25.1243, 61.9141], [25.1232, 61.9175], [25.1223, 61.9193], [25.1226, 61.9206], [25.1218, 61.9228], [25.1208, 61.9259], [25.1198, 61.9287], [25.1183, 61.9322], [25.1169, 61.9356], [25.1154, 61.9392], [25.114, 61.9426], [25.1129, 61.9452], [25.1118, 61.9477], [25.1105, 61.9509], [25.1092, 61.954], [25.1077, 61.9572], [25.1067, 61.9597], [25.1057, 61.9621], [25.1041, 61.966], [25.1034, 61.9676], [25.1029, 61.969], [25.1015, 61.972], [25.1002, 61.9751], [25.0991, 61.9776], [25.0978, 61.9806], [25.0972, 61.9822], [25.096, 61.9848], [25.095, 61.987], [25.0942, 61.9891], [25.0921, 61.994], [25.0909, 61.9967], [25.0908, 61.9988], [25.0905, 62.0034], [25.0903, 62.0064], [25.091, 62.0084], [25.0918, 62.011], [25.0925, 62.0131], [25.0938, 62.0177], [25.0944, 62.0196], [25.095, 62.0218], [25.0965, 62.0269], [25.0973, 62.0295], [25.098, 62.0318], [25.0991, 62.0356], [25.1, 62.0386], [25.1009, 62.0419], [25.1013, 62.0438], [25.102, 62.0465], [25.1027, 62.0489], [25.1033, 62.0515], [25.1039, 62.0539], [25.1045, 62.0565], [25.1051, 62.0589], [25.1057, 62.0612], [25.1062, 62.0636], [25.1064, 62.067], [25.1066, 62.0692], [25.1067, 62.0719], [25.107, 62.0754], [25.1072, 62.0789], [25.1068, 62.0819], [25.1063, 62.0853], [25.1059, 62.0886], [25.1056, 62.0916], [25.1051, 62.0952], [25.1048, 62.098], [25.1044, 62.101], [25.104, 62.1044], [25.1036, 62.1078], [25.1032, 62.1108], [25.1028, 62.1132], [25.1023, 62.1167], [25.1015, 62.1209], [25.1012, 62.1228], [25.1007, 62.1257], [25.1002, 62.1288], [25.0997, 62.1317], [25.0992, 62.1345], [25.0988, 62.1373], [25.0984, 62.1398], [25.098, 62.1421], [25.0979, 62.1426], [25.0975, 62.1454], [25.097, 62.1484], [25.0972, 62.1509], [25.0978, 62.1537], [25.0984, 62.1568], [25.0991, 62.1599], [25.0998, 62.1631], [25.1007, 62.1667], [25.1017, 62.1702], [25.1027, 62.1734], [25.1035, 62.1761], [25.1044, 62.1795], [25.1054, 62.183], [25.1063, 62.1864], [25.1073, 62.1899], [25.1082, 62.1929], [25.1089, 62.1957], [25.1097, 62.1982], [25.1108, 62.2019], [25.1117, 62.2053], [25.1125, 62.208], [25.1132, 62.2105], [25.114, 62.2133], [25.1149, 62.2162], [25.1155, 62.218], [25.1156, 62.2185], [25.1156, 62.2185], [25.1162, 62.2206], [25.1172, 62.2239], [25.1179, 62.2266], [25.1189, 62.2299], [25.12, 62.2333], [25.1208, 62.2361], [25.1217, 62.2392], [25.1226, 62.2423], [25.1235, 62.2451], [25.1244, 62.2484], [25.1254, 62.2519], [25.1263, 62.255], [25.1273, 62.2583], [25.1283, 62.2616], [25.1292, 62.2648], [25.1295, 62.266], [25.1295, 62.2661], [25.1296, 62.2664], [25.13, 62.2678], [25.1309, 62.271], [25.1319, 62.2745], [25.132, 62.2747], [25.1324, 62.2763], [25.1337, 62.2793], [25.1352, 62.2808], [25.1403, 62.28], [25.1421, 62.2797]]}}, {"type": "Feature", "properties": {"osm_type": "line", "voltage_kv": 400.0, "name": "Espoon \u2013", "name_src": "endpoints", "avail": 0}, "geometry": {"type": "LineString", "coordinates": [[24.2725, 60.1663], [24.2782, 60.1662], [24.2867, 60.1664], [24.2924, 60.1666], [24.2997, 60.1668], [24.3087, 60.1671], [24.314, 60.1673], [24.3176, 60.1675], [24.3212, 60.1677], [24.3258, 60.1686], [24.3324, 60.1698], [24.3389, 60.1711], [24.3452, 60.1722], [24.3517, 60.1735], [24.3567, 60.1744], [24.3634, 60.1757], [24.3678, 60.1764], [24.3762, 60.1776], [24.39, 60.1796], [24.3972, 60.1809], [24.4046, 60.1823], [24.4118, 60.1837], [24.417, 60.184], [24.4228, 60.1844], [24.4288, 60.1848], [24.4339, 60.1863], [24.4397, 60.1877], [24.4437, 60.1892], [24.4515, 60.1913], [24.4557, 60.1923], [24.4597, 60.1934], [24.4676, 60.1951], [24.4748, 60.1965], [24.4751, 60.1966], [24.4817, 60.1979], [24.4866, 60.1988], [24.4914, 60.1998], [24.4968, 60.2008], [24.503, 60.2019], [24.5088, 60.2019], [24.5145, 60.202], [24.5185, 60.2022], [24.5233, 60.2024], [24.5288, 60.2028], [24.5356, 60.2032], [24.5407, 60.2035], [24.5468, 60.2042]]}}, {"type": "Feature", "properties": {"osm_type": "line", "voltage_kv": 400.0, "name": "LO-KR", "avail": 0}, "geometry": {"type": "LineString", "coordinates": [[26.3428, 60.372], [26.3411, 60.3724], [26.3365, 60.3739], [26.3299, 60.377], [26.3292, 60.3785], [26.3286, 60.3797], [26.3278, 60.3813], [26.3256, 60.3847], [26.3236, 60.3878], [26.3214, 60.3913], [26.3193, 60.3949], [26.3184, 60.3966], [26.3179, 60.3986], [26.3178, 60.3988], [26.317, 60.4018], [26.3161, 60.4053], [26.3154, 60.4087], [26.3149, 60.4119], [26.3148, 60.4154], [26.3147, 60.4184], [26.3146, 60.4217], [26.3144, 60.4252], [26.3137, 60.4281], [26.3122, 60.4316], [26.3108, 60.4346], [26.3088, 60.4374], [26.3059, 60.4405], [26.3035, 60.4434], [26.3007, 60.4468], [26.2981, 60.45], [26.2956, 60.4532], [26.2929, 60.4567], [26.2881, 60.463], [26.2864, 60.4654], [26.2848, 60.4686], [26.2836, 60.4719], [26.2829, 60.475], [26.2827, 60.4783], [26.2827, 60.4818], [26.2832, 60.4853], [26.2838, 60.4892], [26.2843, 60.4927], [26.2848, 60.496], [26.2854, 60.4998], [26.2875, 60.5037], [26.2898, 60.5064], [26.2934, 60.5094], [26.2969, 60.5119], [26.3009, 60.5148], [26.3056, 60.5181], [26.3104, 60.5216], [26.315, 60.5249], [26.3191, 60.5278], [26.3232, 60.5308], [26.3265, 60.5332], [26.3309, 60.5367], [26.3348, 60.54], [26.3387, 60.5432], [26.3431, 60.5468], [26.3469, 60.55], [26.3514, 60.5536], [26.3551, 60.5567], [26.3594, 60.5602], [26.3627, 60.5631], [26.3669, 60.5665], [26.3711, 60.57], [26.3754, 60.5736], [26.3794, 60.5769], [26.3835, 60.5805], [26.3877, 60.5839], [26.3913, 60.587], [26.3952, 60.5901], [26.3997, 60.594], [26.4035, 60.5972], [26.407, 60.6002], [26.4112, 60.6039], [26.4153, 60.6072], [26.4194, 60.6107], [26.4234, 60.6143], [26.4277, 60.6179], [26.4304, 60.6206], [26.4333, 60.6235], [26.4363, 60.6267], [26.439, 60.6293], [26.4427, 60.6321], [26.4471, 60.6345], [26.4521, 60.6366], [26.4574, 60.6382], [26.4631, 60.6395], [26.4687, 60.6412], [26.4743, 60.6434], [26.4795, 60.6454], [26.4847, 60.6474], [26.4901, 60.6495], [26.4948, 60.6519], [26.4982, 60.6542], [26.5014, 60.6571], [26.5037, 60.6603], [26.5058, 60.664], [26.5076, 60.6675], [26.5096, 60.6711], [26.5113, 60.6741], [26.5133, 60.6775], [26.5148, 60.6813], [26.5154, 60.6846], [26.5158, 60.6886], [26.5162, 60.6919], [26.5174, 60.6952], [26.5192, 60.6981], [26.5218, 60.7014], [26.5248, 60.7052], [26.5271, 60.7084], [26.529, 60.7115], [26.5302, 60.7153], [26.5311, 60.7192], [26.5319, 60.7228], [26.5326, 60.7262], [26.5342, 60.7288], [26.538, 60.7319], [26.5421, 60.7356], [26.546, 60.7392], [26.55, 60.7431], [26.5534, 60.7463], [26.5573, 60.75], [26.5608, 60.7535], [26.5646, 60.7571], [26.5683, 60.7606], [26.5714, 60.7637], [26.5748, 60.767], [26.5788, 60.7707], [26.5821, 60.7738], [26.5842, 60.7758], [26.5858, 60.7788], [26.5876, 60.7825], [26.5879, 60.7858], [26.5878, 60.7894], [26.5877, 60.7929], [26.5877, 60.7964], [26.5876, 60.7998], [26.5875, 60.8036], [26.5875, 60.8071], [26.5874, 60.8109], [26.5874, 60.8145], [26.5883, 60.8172], [26.5906, 60.8207], [26.5927, 60.8239], [26.5948, 60.827], [26.5956, 60.8296], [26.5958, 60.8334], [26.596, 60.8363], [26.5959, 60.8371]]}}, {"type": "Feature", "properties": {"osm_type": "line", "voltage_kv": 400.0, "name": "Pyh\u00e4nselk\u00e4 - Pikkarala", "avail": 0}, "geometry": {"type": "LineString", "coordinates": [[26.0737, 64.8435], [26.073, 64.8449], [26.0708, 64.8466], [26.0692, 64.8479], [26.0675, 64.8493], [26.0633, 64.8527], [26.0603, 64.8548], [26.0526, 64.8548], [26.0451, 64.8548], [26.0377, 64.8548], [26.0312, 64.8548], [26.024, 64.8548], [26.017, 64.8547], [26.0154, 64.8547], [26.0119, 64.8546], [26.0064, 64.8562], [26.0003, 64.8579], [25.9941, 64.8598], [25.9878, 64.8616], [25.9815, 64.8635], [25.9753, 64.8653], [25.9695, 64.867], [25.9632, 64.8688], [25.9577, 64.8704], [25.9516, 64.8722], [25.9457, 64.8739], [25.9454, 64.874], [25.9396, 64.8757], [25.9333, 64.8775], [25.9271, 64.8793], [25.9208, 64.8811], [25.9142, 64.8831], [25.9091, 64.8847], [25.9044, 64.8861], [25.8989, 64.8871], [25.893, 64.8885], [25.8881, 64.89], [25.8827, 64.8916], [25.8784, 64.8934], [25.8728, 64.8957], [25.8676, 64.8978], [25.8633, 64.8995], [25.8585, 64.9016], [25.8528, 64.9039], [25.8466, 64.9064], [25.8408, 64.9081], [25.8356, 64.909], [25.8306, 64.9093], [25.8256, 64.9095], [25.8185, 64.9105], [25.8105, 64.9113], [25.8038, 64.9118], [25.7969, 64.9124], [25.7896, 64.913], [25.7829, 64.9136], [25.7812, 64.9138], [25.781, 64.9138], [25.7773, 64.9141], [25.7698, 64.9149], [25.7641, 64.9158], [25.7598, 64.9165], [25.7537, 64.9175], [25.7487, 64.9183], [25.7439, 64.919], [25.7393, 64.9176], [25.7383, 64.9166]]}}, {"type": "Feature", "properties": {"osm_type": "line", "voltage_kv": 500.0, "name": "HVDC Fenno-Skan", "avail": 0}, "geometry": {"type": "LineString", "coordinates": [[21.3048, 61.077], [21.3053, 61.0765], [21.3062, 61.0756], [21.3093, 61.0737], [21.3137, 61.0721], [21.318, 61.0701], [21.3214, 61.0683], [21.3244, 61.0666], [21.3276, 61.0647], [21.3316, 61.0636], [21.3365, 61.0624], [21.3418, 61.0611], [21.3468, 61.0591], [21.3512, 61.0574], [21.3564, 61.0553], [21.3614, 61.0528], [21.3675, 61.0509], [21.3739, 61.0495], [21.3791, 61.0474], [21.3833, 61.0457], [21.3871, 61.0441], [21.3912, 61.0424], [21.3968, 61.0422], [21.4033, 61.042], [21.4085, 61.0419]]}}, {"type": "Feature", "properties": {"osm_type": "line", "voltage_kv": 400.0, "name": "Lieto \u2013 Rauma", "name_src": "endpoints", "avail": 0}, "geometry": {"type": "LineString", "coordinates": [[22.5, 60.5227], [22.4973, 60.523], [22.494, 60.524], [22.4877, 60.5257], [22.4814, 60.5274], [22.4758, 60.529], [22.4687, 60.5306], [22.464, 60.5315], [22.4587, 60.5325], [22.4516, 60.5338], [22.4452, 60.535], [22.4384, 60.5363], [22.4325, 60.5379], [22.4275, 60.5399], [22.4241, 60.5417], [22.4188, 60.5446], [22.4152, 60.5466], [22.4098, 60.5497], [22.4065, 60.5522], [22.403, 60.5553], [22.3999, 60.5589], [22.3968, 60.5623], [22.3941, 60.5655], [22.3908, 60.5692], [22.3875, 60.5729], [22.386, 60.5746], [22.3847, 60.5761], [22.3798, 60.577], [22.3738, 60.5779], [22.3671, 60.5788], [22.36, 60.5796], [22.3532, 60.5805], [22.3459, 60.5812], [22.3392, 60.5819], [22.3325, 60.5834], [22.329, 60.5845], [22.3251, 60.5859], [22.3206, 60.5881], [22.3174, 60.5904], [22.3142, 60.5929], [22.31, 60.5959], [22.3056, 60.5989], [22.3011, 60.6019], [22.2978, 60.6042], [22.293, 60.607], [22.2874, 60.6093], [22.2812, 60.6115], [22.2747, 60.6137], [22.2684, 60.6154], [22.2614, 60.6167], [22.2539, 60.618], [22.2495, 60.619], [22.2443, 60.62], [22.2381, 60.6212], [22.2317, 60.6225], [22.2271, 60.6235], [22.2213, 60.625], [22.2139, 60.627], [22.2073, 60.6288], [22.2006, 60.6311], [22.1956, 60.633], [22.1903, 60.635], [22.1854, 60.6369], [22.1779, 60.6397], [22.172, 60.642], [22.1661, 60.6443], [22.1621, 60.6464], [22.1571, 60.649], [22.1517, 60.6518], [22.1475, 60.6539], [22.1419, 60.6566], [22.1358, 60.6592], [22.1311, 60.6612], [22.1259, 60.6634], [22.1205, 60.6662], [22.1158, 60.669], [22.112, 60.6719], [22.1084, 60.6741], [22.1039, 60.677], [22.099, 60.6804], [22.095, 60.6832], [22.0917, 60.6855], [22.0875, 60.6881], [22.0833, 60.6902], [22.0772, 60.6925], [22.0711, 60.6947], [22.0659, 60.6965], [22.0619, 60.698], [22.0567, 60.7004], [22.0528, 60.7028], [22.0498, 60.7053], [22.0475, 60.7078], [22.045, 60.7107], [22.0413, 60.7138], [22.0376, 60.7165], [22.0329, 60.7193], [22.028, 60.7221], [22.0244, 60.7243], [22.0189, 60.7276], [22.0142, 60.7304], [22.0094, 60.7332], [22.0041, 60.7364], [22.0008, 60.7383], [21.9952, 60.7414], [21.991, 60.7438], [21.9871, 60.7469], [21.9827, 60.7504], [21.9783, 60.754], [21.974, 60.7577], [21.97, 60.7608], [21.9659, 60.7641], [21.9619, 60.7673], [21.9584, 60.7701], [21.9541, 60.7734], [21.9503, 60.7762], [21.93, 60.7876], [21.9299, 60.7876], [21.9296, 60.7878], [21.9272, 60.7891], [21.9133, 60.7966], [21.9074, 60.7996], [21.9003, 60.8035], [21.8964, 60.8061], [21.8902, 60.8101], [21.8858, 60.8131], [21.8824, 60.8154], [21.8779, 60.8184], [21.8757, 60.8199], [21.8735, 60.8215], [21.8693, 60.825], [21.8658, 60.828], [21.8643, 60.8293], [21.8616, 60.8317], [21.8578, 60.8351], [21.854, 60.8386], [21.8506, 60.8416], [21.8466, 60.8453], [21.8444, 60.8482], [21.8421, 60.8513], [21.8406, 60.855], [21.8389, 60.8592], [21.8376, 60.8624], [21.8359, 60.8664], [21.8346, 60.8698], [21.8326, 60.8725], [21.8308, 60.8752], [21.8276, 60.8794], [21.826, 60.882], [21.8224, 60.8863], [21.8195, 60.8899], [21.8166, 60.8934], [21.8149, 60.8956], [21.8138, 60.8969], [21.8111, 60.9002], [21.8082, 60.9036], [21.8047, 60.9072], [21.8024, 60.9095], [21.8011, 60.9109], [21.7982, 60.9142], [21.796, 60.9163], [21.792, 60.9193], [21.7884, 60.9232], [21.7849, 60.9266], [21.782, 60.9299], [21.7805, 60.9322], [21.779, 60.9351], [21.7786, 60.9362], [21.7773, 60.9394], [21.7751, 60.9438], [21.7732, 60.9472], [21.7714, 60.9502], [21.7694, 60.9532], [21.7664, 60.957], [21.7637, 60.9603], [21.7621, 60.963], [21.7609, 60.9665], [21.7598, 60.9705], [21.759, 60.9738], [21.7577, 60.9776], [21.7558, 60.9805], [21.753, 60.9846], [21.7506, 60.9878], [21.7485, 60.9905], [21.7451, 60.9941], [21.7415, 60.9975], [21.7391, 61.0006], [21.7364, 61.0042], [21.734, 61.0075], [21.7317, 61.0105], [21.7294, 61.0138], [21.7271, 61.0172], [21.7257, 61.0196], [21.7239, 61.0226], [21.7206, 61.0303], [21.719, 61.0337], [21.717, 61.0381], [21.7157, 61.0409], [21.7145, 61.0445], [21.7141, 61.0482], [21.7138, 61.0529], [21.7131, 61.0598], [21.713, 61.0635], [21.7129, 61.0672], [21.7122, 61.0707], [21.7108, 61.0732], [21.7103, 61.0742], [21.708, 61.0785], [21.7041, 61.0859], [21.7031, 61.0878], [21.7023, 61.0894], [21.7, 61.0938], [21.6983, 61.097], [21.6965, 61.1006], [21.6943, 61.1038], [21.6924, 61.1061], [21.6888, 61.109], [21.6859, 61.1125], [21.6833, 61.1161], [21.6806, 61.1188], [21.6753, 61.1224], [21.6704, 61.1256], [21.6651, 61.1285], [21.6602, 61.1307], [21.6544, 61.1331], [21.6487, 61.1354], [21.6433, 61.1377], [21.6381, 61.1407], [21.6333, 61.1435], [21.63, 61.1463], [21.6273, 61.1492], [21.6244, 61.1516], [21.624, 61.1522], [21.6229, 61.1532]]}}, {"type": "Feature", "properties": {"osm_type": "line", "voltage_kv": 400.0, "name": "Pet\u00e4j\u00e4skoski \u2013", "name_src": "endpoints", "avail": 0}, "geometry": {"type": "LineString", "coordinates": [[25.3661, 66.2698], [25.3738, 66.2698], [25.3796, 66.2697], [25.3888, 66.2696]]}}, {"type": "Feature", "properties": {"osm_type": "line", "voltage_kv": 220.0, "name": "Ossauskoski - Taivalkoski", "avail": 0}, "geometry": {"type": "LineString", "coordinates": [[25.1193, 66.1542], [25.1195, 66.1529], [25.1207, 66.1512], [25.1223, 66.1488], [25.1242, 66.1458], [25.1269, 66.1417], [25.1281, 66.1397], [25.1284, 66.1381], [25.128, 66.1359], [25.1272, 66.1337], [25.1257, 66.1316], [25.1243, 66.1294], [25.1226, 66.1274], [25.1208, 66.1253], [25.1189, 66.1232], [25.117, 66.121], [25.115, 66.1188], [25.113, 66.1165], [25.111, 66.1142], [25.1088, 66.1117], [25.1067, 66.1094], [25.1048, 66.1071], [25.1027, 66.1047], [25.1007, 66.1024], [25.0989, 66.1003], [25.0969, 66.098], [25.095, 66.0958], [25.0931, 66.0936], [25.0914, 66.0917], [25.0897, 66.0902], [25.087, 66.0886], [25.0839, 66.0869], [25.0814, 66.0854], [25.0786, 66.0839], [25.0762, 66.0824], [25.0723, 66.0808], [25.0691, 66.0794], [25.0663, 66.0783], [25.0645, 66.0768], [25.0622, 66.0748], [25.0599, 66.073], [25.0568, 66.0712], [25.0537, 66.0693], [25.0509, 66.0677], [25.0476, 66.0658], [25.0445, 66.0642], [25.0413, 66.0627], [25.0375, 66.061], [25.0337, 66.0592], [25.0303, 66.0576], [25.0265, 66.0557], [25.0233, 66.0542], [25.0193, 66.0524], [25.0157, 66.0506], [25.0124, 66.0491], [25.0086, 66.0473], [25.0056, 66.0459], [25.0019, 66.0442], [24.9981, 66.0424], [24.994, 66.0405], [24.9901, 66.0387], [24.9863, 66.0369], [24.982, 66.0349], [24.9788, 66.0334], [24.975, 66.0316], [24.9712, 66.0298], [24.9677, 66.028], [24.9637, 66.0262], [24.9598, 66.0244], [24.9559, 66.0225], [24.9518, 66.0206], [24.9478, 66.0187], [24.9439, 66.0169], [24.94, 66.015], [24.9362, 66.0132], [24.9328, 66.0116], [24.9291, 66.0099], [24.925, 66.008], [24.9212, 66.0061], [24.9172, 66.0043], [24.9134, 66.0025], [24.9096, 66.0006], [24.9052, 65.9986], [24.9017, 65.9969], [24.8989, 65.9956], [24.8957, 65.9941], [24.8922, 65.9924], [24.8883, 65.9906], [24.8844, 65.9887], [24.8813, 65.9873], [24.8787, 65.986], [24.8754, 65.985], [24.8703, 65.9833], [24.8653, 65.9816], [24.8605, 65.9799], [24.856, 65.9784], [24.8518, 65.977], [24.8475, 65.9756], [24.8434, 65.9742], [24.8385, 65.9725], [24.834, 65.971], [24.8292, 65.9694], [24.8253, 65.9681], [24.8208, 65.9665], [24.8159, 65.9649], [24.8112, 65.9633], [24.8066, 65.9617], [24.8019, 65.9601], [24.7976, 65.9587], [24.7931, 65.9571], [24.7886, 65.9556], [24.7841, 65.9541], [24.7793, 65.9524], [24.7748, 65.9509], [24.7713, 65.9494], [24.7674, 65.9477], [24.7644, 65.9461], [24.7617, 65.9447], [24.7582, 65.9428], [24.7549, 65.9412], [24.7514, 65.9393], [24.748, 65.9376], [24.7443, 65.9356], [24.7408, 65.9337], [24.7372, 65.9319], [24.7338, 65.9301], [24.7302, 65.9282], [24.7278, 65.927], [24.724, 65.9269]]}}, {"type": "Feature", "properties": {"osm_type": "line", "voltage_kv": 400.0, "name": "Pyh\u00e4nselk\u00e4 - Valkeus", "avail": 9, "avail_node": "HIRSIKANGAS"}, "geometry": {"type": "LineString", "coordinates": [[24.5697, 64.4285], [24.5733, 64.4304], [24.5781, 64.4328], [24.583, 64.4354], [24.5877, 64.4377], [24.5877, 64.4379], [24.5914, 64.4398], [24.595, 64.4417], [24.5988, 64.4436], [24.6021, 64.4451], [24.6068, 64.4475], [24.6117, 64.45], [24.6166, 64.4525], [24.6212, 64.4549], [24.6261, 64.4574], [24.6309, 64.4598], [24.6356, 64.4623], [24.6404, 64.4648], [24.6453, 64.4673], [24.65, 64.4697], [24.6544, 64.4721], [24.6581, 64.474], [24.6619, 64.4759], [24.6656, 64.4778], [24.6693, 64.4796], [24.672, 64.481], [24.6751, 64.4826], [24.6781, 64.4841], [24.6821, 64.4861], [24.6859, 64.488], [24.6884, 64.4893], [24.6915, 64.4909], [24.6951, 64.4927], [24.698, 64.4941], [24.7017, 64.4961], [24.7052, 64.4979], [24.7094, 64.4999], [24.7129, 64.5017], [24.7166, 64.5036], [24.7204, 64.5055], [24.7243, 64.5075], [24.7282, 64.5095], [24.732, 64.5114], [24.736, 64.5134], [24.7398, 64.5153], [24.7436, 64.5172], [24.7474, 64.5192], [24.7514, 64.5212], [24.755, 64.5231], [24.7569, 64.524], [24.7591, 64.5251], [24.7602, 64.5257], [24.7607, 64.5259], [24.7654, 64.5283], [24.7698, 64.5305], [24.7743, 64.5328], [24.7796, 64.5355], [24.7842, 64.5378], [24.7883, 64.5398], [24.7933, 64.5424], [24.797, 64.5443], [24.7995, 64.5452], [24.8007, 64.5458], [24.8052, 64.5476], [24.8099, 64.5496], [24.8151, 64.5519], [24.8191, 64.554], [24.8241, 64.5565], [24.8287, 64.5589], [24.8338, 64.5615], [24.8387, 64.564], [24.8437, 64.5666], [24.8487, 64.5692], [24.8538, 64.5717], [24.8587, 64.5743], [24.8638, 64.5769], [24.8688, 64.5794], [24.8737, 64.5819], [24.8785, 64.5844], [24.8831, 64.5872], [24.8867, 64.5894], [24.8913, 64.5921], [24.8957, 64.5948], [24.9, 64.5973], [24.9044, 64.6], [24.9088, 64.6027], [24.9134, 64.6055], [24.9179, 64.6081], [24.9223, 64.6105], [24.927, 64.6129], [24.932, 64.6155], [24.936, 64.6174], [24.9409, 64.6199], [24.9458, 64.6224], [24.9505, 64.6247], [24.955, 64.627], [24.96, 64.6295], [24.9649, 64.632], [24.9697, 64.6344], [24.9745, 64.6368], [24.9794, 64.6393], [24.9843, 64.6417], [24.9892, 64.6442], [24.9942, 64.6467], [24.9992, 64.6492], [25.0039, 64.6517], [25.009, 64.6541], [25.0139, 64.6566], [25.0188, 64.6591], [25.0239, 64.6616], [25.0288, 64.6641], [25.0326, 64.666], [25.038, 64.6687], [25.0433, 64.6715], [25.0482, 64.6738], [25.0526, 64.6756], [25.0573, 64.6773]]}}, {"type": "Feature", "properties": {"osm_type": "line", "voltage_kv": 400.0, "name": "Koria - Kymi", "avail": 0}, "geometry": {"type": "LineString", "coordinates": [[26.5963, 60.8372], [26.5966, 60.8363], [26.5963, 60.8334], [26.5963, 60.8295], [26.5953, 60.827], [26.5932, 60.8237], [26.5911, 60.8206], [26.5889, 60.8171], [26.5884, 60.8145], [26.5884, 60.811], [26.5885, 60.8071], [26.5885, 60.8036], [26.5886, 60.7998], [26.5886, 60.7964], [26.5887, 60.7929], [26.5888, 60.7895], [26.5889, 60.7858], [26.5889, 60.7829], [26.5901, 60.7799], [26.5927, 60.7767], [26.5942, 60.7733], [26.5945, 60.77], [26.5947, 60.7665], [26.5959, 60.7631], [26.5996, 60.7602], [26.6033, 60.7574], [26.6079, 60.7548], [26.6124, 60.7523], [26.6171, 60.7497], [26.6222, 60.747], [26.6271, 60.7441], [26.6305, 60.7412], [26.6343, 60.7378], [26.6382, 60.7343], [26.6415, 60.7313], [26.6443, 60.7288], [26.6481, 60.7254], [26.6521, 60.7218], [26.6545, 60.7183], [26.657, 60.7145], [26.6593, 60.7112], [26.6617, 60.7078], [26.6641, 60.7043], [26.6666, 60.7008], [26.6684, 60.698], [26.6704, 60.6951], [26.6723, 60.6924], [26.6743, 60.6893], [26.677, 60.6867], [26.6777, 60.6854], [26.6789, 60.6825], [26.6794, 60.6801], [26.6808, 60.6766], [26.6827, 60.6735], [26.6846, 60.6703], [26.6864, 60.6672], [26.6883, 60.6639], [26.6914, 60.6607], [26.6953, 60.6579], [26.6991, 60.6559], [26.7044, 60.6541], [26.7085, 60.6526], [26.7144, 60.6509], [26.7204, 60.6497], [26.7262, 60.649], [26.7336, 60.6481], [26.7389, 60.6474], [26.7449, 60.6468], [26.7496, 60.6462], [26.7565, 60.6449], [26.7628, 60.6437], [26.7694, 60.6417], [26.7755, 60.6397], [26.7815, 60.638], [26.7874, 60.6366], [26.7922, 60.6355], [26.7975, 60.6344], [26.8017, 60.6336], [26.8066, 60.6321], [26.8108, 60.6307], [26.8158, 60.6287], [26.8216, 60.6266], [26.8267, 60.6245], [26.8315, 60.6227], [26.8366, 60.6207], [26.8421, 60.6187], [26.8482, 60.6163], [26.8543, 60.614], [26.8603, 60.6117], [26.866, 60.6095], [26.8722, 60.6078], [26.8786, 60.606], [26.8852, 60.6041], [26.892, 60.6022], [26.8979, 60.6005], [26.9031, 60.5994], [26.9054, 60.5994]]}}, {"type": "Feature", "properties": {"osm_type": "line", "voltage_kv": 400.0, "name": "Nurmij\u00e4rvi \u2013", "name_src": "endpoints", "avail": 0}, "geometry": {"type": "LineString", "coordinates": [[24.9475, 60.4934], [24.9473, 60.4934], [24.9466, 60.4933], [24.9459, 60.4932], [24.9451, 60.493], [24.9449, 60.493]]}}, {"type": "Feature", "properties": {"osm_type": "line", "voltage_kv": 400.0, "avail": 10, "avail_node": "MARJAM\u00c4KI"}, "geometry": {"type": "LineString", "coordinates": [[23.9469, 61.4457], [23.9514, 61.4485], [23.9559, 61.4514], [23.9602, 61.4541], [23.9648, 61.457], [23.9697, 61.4602], [23.9728, 61.4622], [23.9769, 61.4645]]}}, {"type": "Feature", "properties": {"osm_type": "line", "voltage_kv": 400.0, "name": "Kangasala - Toivila", "avail": 6, "avail_node": "RUUTANA"}, "geometry": {"type": "LineString", "coordinates": [[23.9791, 61.4974], [23.9792, 61.498], [23.9788, 61.5011], [23.9782, 61.5052], [23.9777, 61.508], [23.9771, 61.5111], [23.9764, 61.5147], [23.9763, 61.5151], [23.9763, 61.5152], [23.9762, 61.5154], [23.9756, 61.5184], [23.975, 61.5214], [23.975, 61.5215], [23.9747, 61.5247], [23.9747, 61.5268], [23.9747, 61.5277], [23.9747, 61.5305], [23.9784, 61.533], [23.9833, 61.5355], [23.9888, 61.5375], [23.9942, 61.5399], [23.9974, 61.5419], [24.0039, 61.5479], [24.0081, 61.5519], [24.0106, 61.5543], [24.0137, 61.5572], [24.0163, 61.5597], [24.0206, 61.561], [24.0259, 61.5627], [24.031, 61.5643], [24.037, 61.5659], [24.043, 61.5675], [24.0501, 61.5695], [24.0564, 61.5712], [24.0625, 61.5729], [24.0737, 61.5771], [24.0797, 61.5793], [24.0857, 61.5816], [24.0913, 61.5837], [24.1066, 61.5894], [24.1181, 61.5945], [24.1219, 61.5962], [24.1264, 61.5982], [24.1307, 61.5998]]}}, {"type": "Feature", "properties": {"osm_type": "line", "voltage_kv": 400.0, "name": "Anttila - Nurmij\u00e4rvi", "avail": 0}, "geometry": {"type": "LineString", "coordinates": [[25.3677, 60.3786], [25.3672, 60.3791], [25.367, 60.3795], [25.3658, 60.3816], [25.3654, 60.3841], [25.3655, 60.3867], [25.3654, 60.3909], [25.3655, 60.3945], [25.3655, 60.3986], [25.3656, 60.4021], [25.3651, 60.4052], [25.364, 60.4086], [25.3631, 60.4115], [25.3617, 60.4152], [25.3599, 60.4178], [25.3564, 60.421], [25.3515, 60.424], [25.3462, 60.4264], [25.3384, 60.4295], [25.3338, 60.4318], [25.331, 60.4336], [25.3275, 60.4359], [25.3225, 60.4392], [25.321, 60.4403], [25.3182, 60.4421], [25.3167, 60.4431], [25.3132, 60.4454], [25.3047, 60.451], [25.3007, 60.4535], [25.2977, 60.4555], [25.2929, 60.4583], [25.2901, 60.4603], [25.2862, 60.4638], [25.2823, 60.4674], [25.2779, 60.4701], [25.2727, 60.4725], [25.2709, 60.4733], [25.2704, 60.4735], [25.2669, 60.4751], [25.2615, 60.4776], [25.2567, 60.4803], [25.2488, 60.4853], [25.2463, 60.4875], [25.2439, 60.49], [25.241, 60.493], [25.2378, 60.4963], [25.2343, 60.5], [25.231, 60.5034], [25.228, 60.5072], [25.2257, 60.51], [25.2222, 60.5135], [25.2184, 60.5169], [25.2136, 60.52], [25.2083, 60.5228], [25.2032, 60.5256], [25.1982, 60.5282], [25.1944, 60.5298], [25.1877, 60.5319], [25.1811, 60.5332], [25.1754, 60.5343], [25.1697, 60.5353], [25.1628, 60.5366], [25.1553, 60.5373], [25.1479, 60.5377], [25.1441, 60.5356], [25.1399, 60.5328], [25.1355, 60.5299], [25.1315, 60.5265], [25.128, 60.5235], [25.1231, 60.5206], [25.1126, 60.5158], [25.1061, 60.516], [25.1003, 60.5162], [25.0931, 60.5163], [25.0855, 60.5165], [25.0779, 60.5161], [25.0706, 60.5157], [25.0629, 60.515], [25.0564, 60.5144], [25.0499, 60.5143], [25.0443, 60.5142], [25.0388, 60.5141], [25.0332, 60.5138], [25.0258, 60.5127], [25.0202, 60.5113], [25.0135, 60.5094], [25.0085, 60.5079], [25.0031, 60.5063], [24.9959, 60.5047], [24.9876, 60.503], [24.975, 60.5017], [24.9709, 60.5011], [24.965, 60.4998], [24.9587, 60.4984], [24.9532, 60.497], [24.9489, 60.496], [24.9461, 60.4951], [24.9469, 60.4941]]}}, {"type": "Feature", "properties": {"osm_type": "line", "voltage_kv": 400.0, "name": "Inkoon \u2013 Salo", "name_src": "endpoints", "avail": 0}, "geometry": {"type": "LineString", "coordinates": [[23.9086, 60.0225], [23.9082, 60.0232], [23.908, 60.025], [23.9008, 60.0282], [23.895, 60.0301], [23.8775, 60.0362], [23.8612, 60.0422], [23.8514, 60.0459], [23.8456, 60.048], [23.8417, 60.0495], [23.8352, 60.0518], [23.8288, 60.0542], [23.8232, 60.0558], [23.8158, 60.0577], [23.798, 60.0625], [23.7942, 60.0639], [23.7909, 60.0655], [23.7853, 60.0682], [23.7807, 60.0708], [23.7774, 60.0729], [23.7734, 60.0755], [23.7695, 60.0774], [23.7555, 60.0842], [23.7513, 60.0863], [23.7476, 60.0884], [23.7441, 60.0905], [23.7294, 60.0976], [23.7246, 60.1004], [23.7193, 60.1036], [23.7162, 60.1064], [23.7124, 60.1097], [23.7084, 60.1122], [23.703, 60.115], [23.6971, 60.1181], [23.6935, 60.1204], [23.69, 60.1229], [23.6871, 60.1265], [23.6847, 60.1295], [23.6685, 60.1363], [23.6637, 60.1386], [23.6516, 60.1445], [23.6469, 60.1462], [23.6414, 60.1477], [23.6347, 60.1495], [23.6304, 60.1503], [23.6221, 60.1518], [23.6151, 60.1531], [23.6104, 60.1543], [23.6036, 60.1561], [23.5993, 60.1572], [23.5873, 60.1601], [23.5804, 60.1617], [23.5756, 60.1624], [23.5728, 60.1626], [23.5553, 60.1641], [23.5368, 60.1642], [23.529, 60.1643], [23.4945, 60.1634], [23.4867, 60.1631], [23.4638, 60.1629], [23.4514, 60.1628], [23.4427, 60.1627], [23.4373, 60.1626], [23.4295, 60.1632], [23.4215, 60.1638], [23.4136, 60.1644], [23.408, 60.1651], [23.4034, 60.1659], [23.3961, 60.1672], [23.3898, 60.1689], [23.384, 60.1706], [23.3772, 60.1724], [23.3651, 60.1761], [23.3456, 60.182], [23.3393, 60.1845], [23.335, 60.1863], [23.3294, 60.1885], [23.3234, 60.191], [23.3128, 60.1952], [23.3069, 60.1981], [23.3013, 60.201], [23.283, 60.2115], [23.2741, 60.2173], [23.2702, 60.2198], [23.2645, 60.2224], [23.2589, 60.225], [23.2539, 60.2274], [23.2477, 60.2301], [23.2413, 60.2323], [23.2362, 60.234], [23.224, 60.2373], [23.2163, 60.2393], [23.2082, 60.2414], [23.2033, 60.2433], [23.1988, 60.2458], [23.194, 60.2504], [23.1897, 60.2557], [23.1874, 60.2594], [23.1854, 60.2629], [23.1828, 60.2669], [23.1821, 60.269], [23.1804, 60.2762], [23.1794, 60.2863], [23.1784, 60.2884], [23.1767, 60.292], [23.175, 60.2956], [23.1739, 60.2977], [23.1734, 60.3012], [23.1729, 60.3043], [23.1718, 60.3069], [23.1699, 60.3092], [23.1672, 60.3125], [23.1647, 60.3152], [23.1612, 60.3166], [23.1558, 60.3187], [23.1501, 60.3209], [23.1435, 60.323], [23.1396, 60.3243], [23.1363, 60.3254], [23.1307, 60.3271], [23.1253, 60.3288], [23.1203, 60.3304], [23.1165, 60.3316], [23.1115, 60.3331], [23.106, 60.3348], [23.1008, 60.3363], [23.0965, 60.3378], [23.0945, 60.3386], [23.0943, 60.3387], [23.0887, 60.341], [23.0883, 60.3411]]}}, {"type": "Feature", "properties": {"osm_type": "line", "voltage_kv": 400.0, "name": "Huittinen \u2013", "name_src": "endpoints", "avail": 8, "avail_node": "SORKKALA"}, "geometry": {"type": "LineString", "coordinates": [[22.5862, 61.1513], [22.5891, 61.1512], [22.5949, 61.1507], [22.6021, 61.1491], [22.6025, 61.149], [22.6084, 61.1473], [22.6125, 61.1457], [22.618, 61.1435], [22.6236, 61.1418], [22.6306, 61.1402], [22.6383, 61.1388], [22.6449, 61.1376], [22.6506, 61.1366], [22.6573, 61.1358], [22.6652, 61.1355], [22.6721, 61.1356], [22.6801, 61.1357], [22.6883, 61.1359], [22.6954, 61.1362], [22.7024, 61.1366], [22.7089, 61.1375], [22.715, 61.139], [22.7208, 61.1403], [22.7277, 61.1419], [22.7347, 61.1435], [22.7405, 61.1449], [22.7479, 61.1464], [22.7552, 61.1478], [22.761, 61.149], [22.7672, 61.1504], [22.7734, 61.1519], [22.7803, 61.1535], [22.7878, 61.1552], [22.7938, 61.1568], [22.8004, 61.1584], [22.807, 61.1602], [22.8132, 61.1615], [22.8205, 61.1631], [22.8285, 61.1648], [22.8365, 61.1665], [22.8424, 61.1678], [22.851, 61.1697], [22.859, 61.1714], [22.8663, 61.1729], [22.8743, 61.1743], [22.8803, 61.1755], [22.8881, 61.1771], [22.8946, 61.1787], [22.9013, 61.1801], [22.9081, 61.1816], [22.9152, 61.1831], [22.9213, 61.1844], [22.9281, 61.1862], [22.9348, 61.1882], [22.9396, 61.1901], [22.9441, 61.1926], [22.9492, 61.1957], [22.9543, 61.1983], [22.959, 61.2008], [22.9634, 61.2035], [22.9667, 61.2058], [22.971, 61.2091], [22.9741, 61.2125], [22.9771, 61.216], [22.9809, 61.2191], [22.9854, 61.2221], [22.9903, 61.2247], [22.9967, 61.2261], [23.0021, 61.2273], [23.0088, 61.2286], [23.0154, 61.2298], [23.0225, 61.2312], [23.0295, 61.233], [23.0361, 61.2347], [23.043, 61.237], [23.0497, 61.2392], [23.0561, 61.2415], [23.0625, 61.2443], [23.0679, 61.247], [23.0705, 61.2483], [23.071, 61.2485], [23.0744, 61.2503], [23.0784, 61.2523], [23.0824, 61.2541], [23.0883, 61.2562], [23.0949, 61.2582], [23.1018, 61.2604], [23.1064, 61.262], [23.1116, 61.2643], [23.1163, 61.2665], [23.1211, 61.2689], [23.1263, 61.2715], [23.1321, 61.2743], [23.1363, 61.2768], [23.1404, 61.2793], [23.145, 61.2825], [23.1493, 61.2856], [23.1539, 61.2889], [23.1583, 61.2922], [23.162, 61.2957], [23.1647, 61.2992], [23.1669, 61.3021], [23.17, 61.3054], [23.1733, 61.3089], [23.1762, 61.3113], [23.1803, 61.3139], [23.1848, 61.3168], [23.1893, 61.3197], [23.1941, 61.3228], [23.1981, 61.3254], [23.2033, 61.3287], [23.2068, 61.331], [23.212, 61.3342], [23.217, 61.3374], [23.2215, 61.34], [23.2266, 61.3429], [23.2312, 61.3455], [23.2371, 61.3488], [23.2422, 61.3517], [23.247, 61.3544], [23.2511, 61.3575], [23.2558, 61.3612], [23.26, 61.3647], [23.2649, 61.3684], [23.269, 61.3717], [23.2732, 61.3749], [23.2766, 61.3778], [23.2796, 61.3809], [23.2826, 61.3845], [23.286, 61.3885], [23.2886, 61.3916], [23.2918, 61.3952], [23.2955, 61.3983], [23.2984, 61.4005], [23.3035, 61.4047], [23.3079, 61.4081], [23.3112, 61.4115], [23.3146, 61.4152], [23.3178, 61.4187], [23.3211, 61.421], [23.327, 61.4239], [23.3319, 61.4261], [23.3376, 61.4283], [23.3446, 61.4303], [23.3484, 61.4311], [23.3543, 61.432], [23.3605, 61.4326], [23.3671, 61.4329], [23.3767, 61.4334], [23.3861, 61.4339], [23.3924, 61.4345], [23.4003, 61.4352], [23.4074, 61.4359], [23.4142, 61.4365], [23.4201, 61.437], [23.4275, 61.4377], [23.4324, 61.4355], [23.4369, 61.433], [23.4422, 61.4306], [23.4478, 61.4285], [23.4535, 61.4259], [23.4586, 61.4239], [23.464, 61.4233], [23.4727, 61.4227], [23.4794, 61.4223], [23.4912, 61.4218], [23.499, 61.4214]]}}, {"type": "Feature", "properties": {"osm_type": "line", "voltage_kv": 400.0, "name": "Ulvila \u2013", "name_src": "endpoints", "avail": 0}, "geometry": {"type": "LineString", "coordinates": [[21.979, 61.4798], [21.9792, 61.4808], [21.9805, 61.4829], [21.982, 61.4854], [21.9822, 61.4875], [21.9825, 61.4896], [21.9786, 61.4921], [21.9752, 61.4943], [21.9663, 61.5], [21.9627, 61.5023], [21.9578, 61.5051], [21.9464, 61.5117], [21.9403, 61.5127], [21.9353, 61.5134], [21.9297, 61.5143], [21.924, 61.5151], [21.9184, 61.516], [21.9124, 61.5169], [21.9064, 61.5177], [21.9007, 61.5186], [21.8945, 61.5195], [21.8888, 61.5203], [21.8832, 61.5221], [21.8796, 61.5229], [21.8761, 61.5237], [21.8716, 61.5248], [21.8662, 61.5262], [21.861, 61.5275], [21.8554, 61.5289], [21.8502, 61.5302], [21.8447, 61.5316], [21.8405, 61.5327], [21.8352, 61.5348], [21.8298, 61.5365], [21.8252, 61.5379], [21.8201, 61.5392], [21.8143, 61.5408], [21.8102, 61.5418], [21.8065, 61.5428], [21.8018, 61.544], [21.7967, 61.5454], [21.7924, 61.5475], [21.7881, 61.5498], [21.784, 61.552], [21.7799, 61.5541], [21.7762, 61.5563], [21.7727, 61.5584], [21.7693, 61.5604], [21.7657, 61.5626], [21.7603, 61.5644], [21.7554, 61.5661], [21.7516, 61.5674], [21.7512, 61.5675], [21.7465, 61.5691], [21.7417, 61.5707], [21.7376, 61.5721], [21.7337, 61.5734], [21.7301, 61.5751], [21.7253, 61.5773], [21.7207, 61.5795], [21.7164, 61.5815], [21.7122, 61.5834], [21.7083, 61.5852], [21.7038, 61.5873], [21.6995, 61.5893], [21.6955, 61.5912], [21.6907, 61.5934], [21.6862, 61.5956], [21.6829, 61.5972], [21.6788, 61.599], [21.6742, 61.6013], [21.6698, 61.6033], [21.6651, 61.6056], [21.6609, 61.6075], [21.6567, 61.6095], [21.6514, 61.61], [21.6457, 61.6105], [21.6415, 61.611], [21.6363, 61.6115], [21.6304, 61.612], [21.6237, 61.6126], [21.6179, 61.6132], [21.6124, 61.6136], [21.6031, 61.6141], [21.5936, 61.6152], [21.586, 61.6153], [21.5808, 61.6149], [21.5722, 61.6153], [21.5656, 61.6177], [21.557, 61.6197], [21.5492, 61.6206], [21.5424, 61.6207], [21.5359, 61.6209], [21.5299, 61.6209], [21.5197, 61.6206], [21.5136, 61.6206], [21.5088, 61.6214], [21.5032, 61.6223], [21.4963, 61.6236]]}}, {"type": "Feature", "properties": {"osm_type": "line", "voltage_kv": 400.0, "avail": 0}, "geometry": {"type": "LineString", "coordinates": [[21.8926, 61.7918], [21.8943, 61.7887], [21.8961, 61.7857], [21.8976, 61.7829], [21.8991, 61.7801], [21.9008, 61.7769], [21.9023, 61.7739], [21.9041, 61.7712], [21.9058, 61.7688], [21.9081, 61.7666], [21.9111, 61.7638], [21.9131, 61.7619], [21.9161, 61.7591], [21.9187, 61.7567], [21.9218, 61.7539], [21.9244, 61.7514], [21.9275, 61.7486], [21.9303, 61.7461], [21.933, 61.7435], [21.9358, 61.741], [21.9389, 61.7382], [21.9416, 61.7357], [21.9444, 61.7335], [21.9476, 61.7309], [21.9507, 61.7284], [21.9537, 61.7261], [21.9564, 61.7238], [21.9594, 61.7209], [21.9622, 61.7182], [21.9641, 61.7158], [21.9664, 61.7128], [21.9686, 61.7106]]}}, {"type": "Feature", "properties": {"osm_type": "line", "voltage_kv": 400.0, "name": "Yllikk\u00e4l\u00e4 \u2013", "name_src": "endpoints", "avail": 0}, "geometry": {"type": "LineString", "coordinates": [[28.0304, 61.0179], [28.0306, 61.0169], [28.0353, 61.0138], [28.0403, 61.0105], [28.0456, 61.007], [28.0511, 61.0042], [28.0577, 61.0016], [28.0636, 60.9991], [28.0695, 60.9967], [28.0759, 60.9945], [28.0824, 60.9922], [28.0897, 60.9897], [28.0956, 60.9871], [28.101, 60.9843], [28.107, 60.9812], [28.1123, 60.9784], [28.1181, 60.9753], [28.1212, 60.9732], [28.1255, 60.97], [28.1306, 60.9664], [28.1351, 60.9631], [28.1406, 60.9592], [28.145, 60.9561], [28.1508, 60.9524], [28.1559, 60.9496], [28.1596, 60.9476], [28.1642, 60.945], [28.1705, 60.9416], [28.1754, 60.9396], [28.1828, 60.9374], [28.189, 60.9358], [28.1975, 60.9335], [28.2051, 60.9315], [28.2121, 60.9297], [28.2204, 60.9278], [28.2271, 60.9263], [28.2344, 60.9248], [28.2416, 60.9232], [28.2489, 60.9218], [28.2558, 60.9204], [28.2578, 60.92], [28.2639, 60.9187], [28.2702, 60.9175], [28.2711, 60.9172], [28.2757, 60.9163], [28.2821, 60.9143], [28.2874, 60.9122], [28.2937, 60.91], [28.2992, 60.9082], [28.304, 60.9065], [28.3094, 60.9046], [28.3151, 60.9024], [28.3213, 60.8998], [28.3273, 60.8971], [28.3321, 60.8951], [28.3373, 60.8937], [28.3439, 60.8914], [28.3499, 60.8891], [28.3555, 60.8864], [28.3615, 60.8835], [28.3669, 60.881], [28.3726, 60.8795], [28.378, 60.8783], [28.3805, 60.8776]]}}, {"type": "Feature", "properties": {"osm_type": "line", "voltage_kv": 220.0, "name": "Pirttikoski - Seitakorva", "avail": 0}, "geometry": {"type": "LineString", "coordinates": [[27.1455, 66.3407], [27.1519, 66.3411], [27.1596, 66.3415], [27.1654, 66.3423], [27.1699, 66.3432], [27.1748, 66.3445], [27.1815, 66.3463], [27.1862, 66.3476], [27.1899, 66.3489], [27.193, 66.3501], [27.1959, 66.3515], [27.1994, 66.3532], [27.2024, 66.3546], [27.2055, 66.3561], [27.2089, 66.3577], [27.2119, 66.3591], [27.215, 66.3607], [27.2181, 66.3622], [27.2212, 66.3636], [27.2243, 66.3651], [27.2277, 66.3667], [27.232, 66.3688], [27.2371, 66.3712], [27.2407, 66.373], [27.245, 66.3749], [27.2488, 66.3765], [27.252, 66.3778], [27.2554, 66.3796], [27.26, 66.382], [27.2636, 66.384], [27.2675, 66.3862], [27.2719, 66.3885], [27.274, 66.3904]]}}, {"type": "Feature", "properties": {"osm_type": "line", "voltage_kv": 400.0, "name": "Pet\u00e4j\u00e4vesi - Vihtavuori", "avail": 3, "avail_node": "HALKOKANGAS"}, "geometry": {"type": "LineString", "coordinates": [[25.1425, 62.2803], [25.1407, 62.2805], [25.1356, 62.2814], [25.1362, 62.2835], [25.1373, 62.2862], [25.1381, 62.2879], [25.1442, 62.2871], [25.145, 62.287], [25.1507, 62.2862], [25.1509, 62.2862], [25.1586, 62.2851], [25.1595, 62.2851], [25.1613, 62.2851], [25.1654, 62.2851], [25.171, 62.2851], [25.1764, 62.2851], [25.182, 62.2847], [25.1898, 62.2841], [25.1973, 62.2839], [25.2046, 62.2838], [25.2112, 62.2836], [25.2178, 62.2846], [25.2215, 62.2859], [25.2271, 62.288], [25.2328, 62.2903], [25.2382, 62.2922], [25.2441, 62.2945], [25.2481, 62.2959], [25.2529, 62.2986], [25.2571, 62.3009], [25.262, 62.3036], [25.2678, 62.3058], [25.272, 62.3074], [25.2774, 62.3095], [25.2822, 62.3114], [25.2866, 62.313], [25.2914, 62.3149], [25.2963, 62.3168], [25.3012, 62.3187], [25.3061, 62.3206], [25.3109, 62.3225], [25.3158, 62.3244], [25.3207, 62.3262], [25.3235, 62.3274], [25.3273, 62.3293], [25.3315, 62.3314], [25.3348, 62.333], [25.3395, 62.3354], [25.3445, 62.3379], [25.3484, 62.3402], [25.3523, 62.3425], [25.3561, 62.3447], [25.3603, 62.3471], [25.3646, 62.3496], [25.3687, 62.3521], [25.3728, 62.3543], [25.375, 62.3558], [25.3783, 62.3582], [25.3816, 62.3606], [25.3851, 62.3632], [25.3908, 62.3646], [25.3978, 62.3654], [25.4052, 62.3654], [25.4126, 62.3657], [25.42, 62.366], [25.426, 62.3662], [25.433, 62.3665], [25.4401, 62.3667], [25.4469, 62.367], [25.4535, 62.3673], [25.4598, 62.368], [25.4656, 62.3694], [25.4702, 62.3713], [25.475, 62.3731], [25.4808, 62.3742], [25.4863, 62.3744], [25.4929, 62.3739], [25.4985, 62.3725], [25.5041, 62.3711], [25.5099, 62.3696], [25.5159, 62.3682], [25.5221, 62.3671], [25.5282, 62.3657], [25.5342, 62.3644], [25.5395, 62.3631], [25.5439, 62.3621], [25.551, 62.3611], [25.5568, 62.3602], [25.5621, 62.3595], [25.5628, 62.3594], [25.5659, 62.359], [25.5682, 62.3586], [25.569, 62.3585], [25.5749, 62.3577], [25.5761, 62.3575], [25.581, 62.3568], [25.5878, 62.3559], [25.5944, 62.355], [25.6007, 62.3541], [25.6076, 62.3531], [25.6143, 62.3521], [25.6213, 62.3521], [25.6262, 62.3549], [25.6318, 62.3571], [25.6383, 62.3591], [25.644, 62.3608], [25.651, 62.362], [25.6564, 62.3625], [25.6635, 62.3625], [25.6683, 62.362], [25.671, 62.3618], [25.6779, 62.361], [25.6855, 62.3602], [25.6921, 62.3595], [25.6989, 62.3587], [25.7057, 62.3586], [25.7113, 62.3585], [25.7181, 62.3578], [25.7252, 62.3576], [25.7322, 62.357], [25.7403, 62.3567], [25.7481, 62.3564], [25.7555, 62.3561], [25.7626, 62.3579], [25.7677, 62.3592], [25.7721, 62.3593], [25.7775, 62.3596], [25.7813, 62.3595], [25.7864, 62.3595], [25.7917, 62.3598], [25.7997, 62.3601], [25.8062, 62.3604], [25.8087, 62.3605], [25.8125, 62.3606], [25.8133, 62.3607], [25.8142, 62.3607], [25.8149, 62.3607], [25.8164, 62.3608], [25.8182, 62.3609], [25.8254, 62.3611], [25.8291, 62.3608], [25.8324, 62.3605], [25.8382, 62.3591], [25.8414, 62.3587], [25.8471, 62.3582], [25.8492, 62.3584]]}}, {"type": "Feature", "properties": {"osm_type": "line", "voltage_kv": 400.0, "name": "Huittinen \u2013", "name_src": "endpoints", "avail": 0}, "geometry": {"type": "LineString", "coordinates": [[22.5858, 61.1508], [22.584, 61.1514], [22.5809, 61.152], [22.5744, 61.1526], [22.5674, 61.1527], [22.5599, 61.1529], [22.5527, 61.1531], [22.5445, 61.1533], [22.5362, 61.1534], [22.5289, 61.1536], [22.5231, 61.1539], [22.5154, 61.1544], [22.5082, 61.1549], [22.5, 61.1554], [22.492, 61.1559], [22.484, 61.1564], [22.4764, 61.157], [22.4682, 61.1575], [22.4603, 61.158], [22.4514, 61.1586]]}}, {"type": "Feature", "properties": {"osm_type": "line", "voltage_kv": 400.0, "name": "Visulahti \u2013", "name_src": "endpoints", "avail": 0}, "geometry": {"type": "LineString", "coordinates": [[27.371, 61.7366], [27.3697, 61.7342], [27.3685, 61.7305], [27.3668, 61.7288]]}}, {"type": "Feature", "properties": {"osm_type": "line", "voltage_kv": 400.0, "name": "Djuptj\u00e4rn - Keminmaa", "avail": 0}, "geometry": {"type": "LineString", "coordinates": [[24.0446, 65.9579], [24.0523, 65.9596], [24.0574, 65.9606], [24.0639, 65.9623], [24.0728, 65.9621], [24.0819, 65.9618], [24.0908, 65.9612], [24.0995, 65.9605], [24.1088, 65.9598], [24.118, 65.959], [24.1273, 65.9583], [24.136, 65.9576], [24.1451, 65.9567], [24.1542, 65.9558], [24.1632, 65.9549], [24.1719, 65.954], [24.1789, 65.9533], [24.1869, 65.9524], [24.196, 65.9515], [24.2045, 65.9504], [24.2128, 65.949], [24.2214, 65.9476], [24.2299, 65.9463], [24.2355, 65.9453], [24.2432, 65.9441], [24.2515, 65.9426], [24.2592, 65.9411], [24.2672, 65.9394], [24.2757, 65.9377], [24.2842, 65.9362], [24.2925, 65.9351], [24.3017, 65.9344], [24.3114, 65.9336], [24.3211, 65.9329], [24.3301, 65.9321], [24.3391, 65.9314], [24.3484, 65.9305], [24.3547, 65.9299], [24.3634, 65.9291], [24.373, 65.9282], [24.3822, 65.9273], [24.39, 65.9266], [24.3987, 65.9258], [24.4068, 65.925], [24.4165, 65.9241], [24.4245, 65.9233], [24.4339, 65.9224], [24.4436, 65.9216], [24.4528, 65.9209], [24.4623, 65.9203], [24.4715, 65.9197], [24.4806, 65.9191], [24.4874, 65.9187], [24.4973, 65.918], [24.5053, 65.9175], [24.5145, 65.9169], [24.5244, 65.9163], [24.5247, 65.9127], [24.525, 65.909], [24.526, 65.9054], [24.5268, 65.902], [24.527, 65.8992], [24.5268, 65.896], [24.5265, 65.8928], [24.5263, 65.8905], [24.5263, 65.8899], [24.5263, 65.8896], [24.5263, 65.8887]]}}, {"type": "Feature", "properties": {"osm_type": "line", "voltage_kv": 400.0, "name": "Keminmaa - Pikkarala", "avail": 0}, "geometry": {"type": "LineString", "coordinates": [[24.5267, 65.8887], [24.527, 65.8895], [24.527, 65.8899], [24.5271, 65.8905], [24.5273, 65.8928], [24.5275, 65.896], [24.5277, 65.8992], [24.5275, 65.9021], [24.5267, 65.9055], [24.5258, 65.9091], [24.5254, 65.9127], [24.5251, 65.9162], [24.532, 65.9158], [24.5397, 65.9153], [24.5484, 65.9147], [24.5579, 65.9144], [24.567, 65.914], [24.576, 65.9137], [24.585, 65.9133], [24.5937, 65.913], [24.6028, 65.9126], [24.6118, 65.9123], [24.62, 65.9119], [24.6291, 65.9115], [24.639, 65.911], [24.6458, 65.9107], [24.6544, 65.9103], [24.6623, 65.9099], [24.669, 65.9095], [24.6777, 65.9091], [24.687, 65.9085], [24.6946, 65.9077], [24.7029, 65.9069], [24.7137, 65.905], [24.7222, 65.9034], [24.7303, 65.9018], [24.7362, 65.8999], [24.7434, 65.8974], [24.7502, 65.895], [24.7569, 65.8926], [24.7625, 65.89], [24.7682, 65.8872], [24.7685, 65.887], [24.7747, 65.8841], [24.7808, 65.8811], [24.7867, 65.8783], [24.7929, 65.8753], [24.799, 65.8723], [24.8039, 65.8693], [24.8091, 65.866], [24.8139, 65.863], [24.8185, 65.8598], [24.823, 65.8564], [24.8275, 65.8531], [24.8317, 65.8499], [24.8365, 65.8468], [24.8427, 65.8438], [24.8488, 65.8409], [24.8548, 65.838], [24.8609, 65.8351], [24.8669, 65.8322], [24.8722, 65.8293], [24.8778, 65.8261], [24.8838, 65.8232], [24.8889, 65.8207], [24.8942, 65.8184], [24.9006, 65.8157], [24.9063, 65.8132], [24.9127, 65.8105], [24.9188, 65.8077], [24.9249, 65.8046], [24.9309, 65.8017], [24.9368, 65.7988], [24.9426, 65.796], [24.9483, 65.7931], [24.9542, 65.7902], [24.96, 65.7873], [24.9642, 65.7843], [24.9678, 65.7817], [24.9732, 65.7784], [24.9781, 65.7754], [24.983, 65.7723], [24.9877, 65.7698], [24.9935, 65.7669], [24.9992, 65.7639], [25.005, 65.7609], [25.0107, 65.758], [25.0165, 65.7551], [25.0222, 65.7521], [25.0285, 65.7491], [25.0347, 65.7462], [25.0409, 65.7433], [25.047, 65.7405], [25.0533, 65.7375], [25.0597, 65.7346], [25.0657, 65.7318], [25.0717, 65.7289], [25.0782, 65.726], [25.0844, 65.723], [25.0907, 65.72], [25.0933, 65.7182], [25.0964, 65.7161], [25.0975, 65.7149], [25.0989, 65.7142], [25.1071, 65.712], [25.1133, 65.7088], [25.1192, 65.7057], [25.1248, 65.7027], [25.1305, 65.6998], [25.1363, 65.6968], [25.1414, 65.6941], [25.146, 65.692], [25.1527, 65.6897], [25.1595, 65.6881], [25.1672, 65.6867], [25.1757, 65.6851], [25.1837, 65.6836], [25.1921, 65.682], [25.2012, 65.6803], [25.2101, 65.6787], [25.2186, 65.677], [25.2275, 65.6754], [25.2363, 65.6737], [25.2443, 65.6722], [25.2528, 65.6706], [25.2617, 65.6689], [25.2705, 65.6673], [25.2791, 65.6656], [25.2872, 65.6642], [25.2954, 65.6627], [25.304, 65.6612], [25.3124, 65.6597], [25.3207, 65.6582], [25.3289, 65.6568], [25.3372, 65.6553], [25.3455, 65.6539], [25.3538, 65.6522], [25.3607, 65.6503], [25.3679, 65.6483], [25.3753, 65.6463], [25.3833, 65.6442], [25.3909, 65.6417], [25.3984, 65.6393], [25.4042, 65.6365], [25.4103, 65.6335], [25.4175, 65.6301], [25.423, 65.6274], [25.4288, 65.6244], [25.4345, 65.6214], [25.4401, 65.6184], [25.4455, 65.6157], [25.451, 65.6128], [25.4568, 65.6097], [25.4626, 65.6067], [25.4682, 65.6038], [25.4738, 65.6008], [25.4792, 65.598], [25.4851, 65.5955], [25.4912, 65.5928], [25.4971, 65.5902], [25.5031, 65.5875], [25.5094, 65.5847], [25.5155, 65.582], [25.5219, 65.5792], [25.5277, 65.5766], [25.5339, 65.574], [25.5399, 65.5713], [25.5461, 65.5688], [25.5531, 65.5665], [25.5601, 65.5641], [25.5673, 65.5617], [25.5741, 65.5594], [25.5809, 65.5572], [25.5877, 65.5549], [25.5935, 65.553], [25.5998, 65.5508], [25.6051, 65.5484], [25.6095, 65.5458], [25.611, 65.5422], [25.6125, 65.5386], [25.6139, 65.535], [25.6152, 65.5315], [25.6166, 65.5277], [25.6178, 65.5235], [25.6189, 65.5198], [25.6198, 65.5163], [25.6208, 65.5131], [25.6216, 65.5094], [25.6226, 65.5058], [25.6236, 65.5022], [25.6245, 65.4986], [25.6254, 65.495], [25.6262, 65.4914], [25.6269, 65.4877], [25.6276, 65.4841], [25.6283, 65.4804], [25.629, 65.4765], [25.6297, 65.4727], [25.6303, 65.4693], [25.631, 65.4659], [25.6319, 65.4615], [25.6324, 65.4584], [25.6331, 65.4554], [25.6339, 65.4512], [25.6345, 65.4477], [25.6353, 65.4438], [25.636, 65.4401], [25.6368, 65.4362], [25.6375, 65.4328], [25.6381, 65.4292], [25.6386, 65.4258], [25.6394, 65.422], [25.6402, 65.4183], [25.6407, 65.4147], [25.6415, 65.411], [25.642, 65.4074], [25.6428, 65.4037], [25.6437, 65.3998], [25.6443, 65.396], [25.645, 65.3925], [25.6459, 65.3889], [25.6465, 65.3852], [25.648, 65.3785], [25.6488, 65.3756], [25.6502, 65.3719], [25.6515, 65.3683], [25.6527, 65.3646], [25.6539, 65.361], [25.6553, 65.3573], [25.6564, 65.3541], [25.6572, 65.3512], [25.661, 65.3483], [25.665, 65.3449], [25.6691, 65.3415], [25.673, 65.3383], [25.677, 65.3352], [25.6805, 65.3325], [25.6843, 65.3297], [25.6881, 65.3274], [25.6915, 65.3246], [25.695, 65.3217], [25.6984, 65.319], [25.6992, 65.3159], [25.6997, 65.3138], [25.7007, 65.3096], [25.7012, 65.3069], [25.7016, 65.3038], [25.7017, 65.3008], [25.7015, 65.2976], [25.7014, 65.2947], [25.7012, 65.2914], [25.7009, 65.2885], [25.7005, 65.2853], [25.7, 65.2824], [25.6996, 65.2794], [25.6992, 65.2764], [25.6988, 65.2737], [25.6984, 65.2705], [25.6959, 65.267], [25.6952, 65.2662]]}}, {"type": "Feature", "properties": {"osm_type": "line", "voltage_kv": 400.0, "name": "Pet\u00e4j\u00e4skoski \u2013", "name_src": "endpoints", "avail": 0}, "geometry": {"type": "LineString", "coordinates": [[25.3468, 66.2688], [25.3446, 66.2691], [25.3372, 66.2687], [25.3343, 66.268], [25.3283, 66.2665], [25.3209, 66.2651], [25.3146, 66.2641], [25.3022, 66.262], [25.2964, 66.2611], [25.2898, 66.26], [25.2825, 66.2585], [25.2753, 66.2572], [25.2678, 66.2558], [25.2605, 66.2545], [25.2549, 66.2534], [25.2464, 66.2519], [25.2387, 66.2505], [25.2308, 66.249], [25.2218, 66.2474], [25.2128, 66.2458], [25.2038, 66.2442], [25.1954, 66.2427], [25.1874, 66.2413], [25.1785, 66.2397], [25.1697, 66.2382], [25.1616, 66.2368], [25.153, 66.2353], [25.1435, 66.2336], [25.136, 66.2323], [25.1273, 66.2307], [25.1186, 66.2294], [25.1094, 66.2283], [25.1002, 66.2272], [25.0908, 66.2261], [25.0819, 66.2251], [25.0735, 66.2241], [25.0663, 66.2237], [25.0564, 66.2232], [25.0485, 66.2228], [25.0402, 66.2224], [25.0315, 66.222], [25.0219, 66.2216], [25.0132, 66.2212], [25.0043, 66.2207], [24.9959, 66.2203], [24.9868, 66.2199], [24.978, 66.2195], [24.9691, 66.2191], [24.9605, 66.2187], [24.9516, 66.2182], [24.9428, 66.2178], [24.9337, 66.2174], [24.9244, 66.2169], [24.9152, 66.2165], [24.906, 66.216], [24.8964, 66.2155], [24.8869, 66.215], [24.8772, 66.2146], [24.8683, 66.2141], [24.8586, 66.2136], [24.8502, 66.2132], [24.8412, 66.2128], [24.832, 66.2124], [24.8225, 66.212], [24.8136, 66.2118], [24.8047, 66.2116], [24.7951, 66.2113], [24.7865, 66.2111], [24.7771, 66.2109], [24.768, 66.2106], [24.7585, 66.2104], [24.7496, 66.2102], [24.7398, 66.2099], [24.7306, 66.2097], [24.7212, 66.2094], [24.7118, 66.2092], [24.7023, 66.2089], [24.6928, 66.2087], [24.6837, 66.2084], [24.6749, 66.2082], [24.6654, 66.2079], [24.656, 66.2076], [24.6491, 66.2074], [24.6399, 66.2072], [24.6308, 66.2069], [24.6218, 66.2066], [24.6126, 66.2064], [24.604, 66.2061], [24.5947, 66.2059], [24.5857, 66.2057], [24.5759, 66.2054], [24.566, 66.2051], [24.5568, 66.2048], [24.5482, 66.2045], [24.5393, 66.2043], [24.5307, 66.204], [24.5212, 66.2038], [24.5119, 66.2035], [24.5024, 66.2032], [24.4936, 66.203], [24.4842, 66.2028], [24.476, 66.2025], [24.4668, 66.2023], [24.4574, 66.202], [24.4476, 66.2017], [24.4382, 66.2015], [24.4284, 66.2012], [24.4184, 66.2009], [24.4086, 66.2006], [24.3991, 66.2003], [24.3899, 66.2001], [24.3803, 66.1998], [24.371, 66.1995], [24.3611, 66.1992], [24.3513, 66.199], [24.3419, 66.1987], [24.3328, 66.1984], [24.3244, 66.1982], [24.3148, 66.1979], [24.3049, 66.1976], [24.2942, 66.1974], [24.2846, 66.1971], [24.275, 66.1968], [24.2652, 66.1965], [24.2556, 66.1963], [24.2461, 66.196], [24.2365, 66.1957], [24.2271, 66.1955], [24.218, 66.1951], [24.2085, 66.1948], [24.1992, 66.1944], [24.1898, 66.1941], [24.1801, 66.1937], [24.1713, 66.1934], [24.1619, 66.193], [24.1527, 66.1927], [24.1432, 66.1923], [24.1338, 66.192], [24.1237, 66.1916], [24.1155, 66.1913], [24.1058, 66.1909], [24.0963, 66.1906], [24.0863, 66.1902], [24.0774, 66.1897], [24.068, 66.1892], [24.0586, 66.1886], [24.0491, 66.1881], [24.0399, 66.1876], [24.0302, 66.1871], [24.0214, 66.1866], [24.0121, 66.1861], [24.0028, 66.1856], [23.9925, 66.185], [23.9824, 66.1844], [23.9731, 66.1839], [23.9641, 66.1833], [23.9547, 66.1828], [23.9449, 66.1822], [23.9359, 66.1817], [23.9266, 66.1812], [23.9184, 66.1807], [23.909, 66.1802], [23.8979, 66.1796], [23.889, 66.1787], [23.8801, 66.1778], [23.8734, 66.1771], [23.8687, 66.1766], [23.8674, 66.1765], [23.8589, 66.1756], [23.85, 66.1747], [23.8416, 66.1738], [23.8354, 66.1732], [23.8285, 66.1725]]}}, {"type": "Feature", "properties": {"osm_type": "line", "voltage_kv": 220.0, "avail": 0}, "geometry": {"type": "LineString", "coordinates": [[21.3423, 62.2564], [21.342, 62.2546]]}}, {"type": "Feature", "properties": {"osm_type": "line", "voltage_kv": 220.0, "avail": 0}, "geometry": {"type": "LineString", "coordinates": [[21.3423, 62.2564], [21.3413, 62.2548], [21.3339, 62.2546]]}}, {"type": "Feature", "properties": {"osm_type": "line", "voltage_kv": 220.0, "name": "Kristinestad \u2013", "name_src": "endpoints", "avail": 0}, "geometry": {"type": "LineString", "coordinates": [[21.3423, 62.2564], [21.3435, 62.2597], [21.3448, 62.263], [21.3457, 62.2655], [21.3468, 62.2687], [21.3473, 62.2717], [21.3476, 62.2748], [21.3477, 62.2781], [21.3478, 62.2802], [21.3511, 62.2823], [21.3549, 62.2848], [21.3586, 62.2871], [21.3621, 62.2894], [21.3654, 62.2915], [21.3679, 62.2931]]}}, {"type": "Feature", "properties": {"osm_type": "line", "voltage_kv": 400.0, "name": "Arkkukallio - Ulvila", "avail": 0}, "geometry": {"type": "LineString", "coordinates": [[21.6706, 62.1173], [21.6711, 62.1162], [21.6741, 62.1133], [21.6753, 62.1099], [21.6764, 62.1064], [21.6775, 62.1027], [21.6786, 62.0991], [21.6799, 62.0955], [21.6816, 62.0918], [21.6831, 62.088], [21.6848, 62.0842], [21.6867, 62.0806], [21.6886, 62.0769], [21.6903, 62.0734], [21.6921, 62.0698], [21.6939, 62.066], [21.6959, 62.0622], [21.6977, 62.0585], [21.6995, 62.0547], [21.701, 62.0509], [21.7025, 62.047], [21.7046, 62.0433], [21.7074, 62.0399], [21.7108, 62.0366], [21.7143, 62.0333], [21.7183, 62.0302], [21.7218, 62.0276], [21.7247, 62.0249], [21.7284, 62.0216], [21.7319, 62.0182], [21.7354, 62.0147], [21.7388, 62.0115], [21.7419, 62.0085], [21.7453, 62.0052], [21.749, 62.002], [21.753, 61.9986], [21.7566, 61.9954], [21.7603, 61.9924], [21.7636, 61.9892], [21.7666, 61.9861], [21.7697, 61.9826], [21.7728, 61.9793], [21.776, 61.9757], [21.7791, 61.9722], [21.7824, 61.9685], [21.7854, 61.9651], [21.7885, 61.9617], [21.7913, 61.9585], [21.7943, 61.955], [21.798, 61.9517], [21.8018, 61.9483], [21.8055, 61.9449], [21.8093, 61.9413], [21.8131, 61.9379], [21.8166, 61.9348], [21.8203, 61.9316], [21.8241, 61.9285], [21.8281, 61.9251], [21.8316, 61.9222], [21.8351, 61.9192], [21.8387, 61.916], [21.8427, 61.912], [21.845, 61.9093], [21.8467, 61.9072], [21.848, 61.9055], [21.8499, 61.902], [21.8518, 61.8988], [21.8534, 61.8952], [21.8551, 61.8917], [21.8569, 61.888], [21.8583, 61.8844], [21.8593, 61.8807], [21.8597, 61.8787], [21.8598, 61.8769], [21.8599, 61.875], [21.8599, 61.8732], [21.8602, 61.8694], [21.8605, 61.8657], [21.8612, 61.8621], [21.8619, 61.8587], [21.8626, 61.855], [21.8633, 61.8517], [21.864, 61.8481], [21.8648, 61.8438], [21.8654, 61.8423], [21.8656, 61.8418], [21.8664, 61.8399], [21.867, 61.8383], [21.8677, 61.8365], [21.8683, 61.8347], [21.869, 61.833], [21.8707, 61.8302], [21.872, 61.828], [21.8732, 61.8257], [21.8744, 61.8235], [21.8757, 61.8212], [21.877, 61.8187], [21.8791, 61.8152], [21.8811, 61.8118], [21.883, 61.8084], [21.8849, 61.805], [21.8869, 61.8017], [21.8889, 61.7982], [21.8908, 61.7948], [21.8926, 61.7918]]}}, {"type": "Feature", "properties": {"osm_type": "line", "voltage_kv": 220.0, "name": "Pyh\u00e4koski \u2013", "name_src": "endpoints", "avail": 0}, "geometry": {"type": "LineString", "coordinates": [[25.5765, 64.251], [25.5782, 64.2532], [25.58, 64.2556], [25.5818, 64.2579], [25.5833, 64.2599], [25.5853, 64.2625], [25.5871, 64.2649], [25.5889, 64.2673], [25.5907, 64.2697], [25.5927, 64.2721], [25.595, 64.2745], [25.597, 64.2767], [25.5993, 64.2791], [25.6016, 64.2816], [25.6039, 64.284], [25.606, 64.2863], [25.6083, 64.2888], [25.6105, 64.2911], [25.6127, 64.2934], [25.6149, 64.2957], [25.6172, 64.2981], [25.6195, 64.3005], [25.6213, 64.3025], [25.6235, 64.3047], [25.6257, 64.3072], [25.6281, 64.3097], [25.6304, 64.3121], [25.6328, 64.3146], [25.6349, 64.317], [25.6371, 64.3194], [25.6395, 64.3217], [25.6417, 64.3241], [25.6438, 64.3264], [25.6461, 64.3288], [25.6484, 64.3313], [25.6508, 64.3337], [25.6528, 64.3358], [25.6552, 64.3383], [25.6574, 64.3407], [25.6596, 64.343], [25.6619, 64.3454], [25.6641, 64.3478], [25.6663, 64.3501], [25.6686, 64.3525], [25.6708, 64.3549], [25.673, 64.3572], [25.6753, 64.3595], [25.6775, 64.3619], [25.6797, 64.3642], [25.682, 64.3666], [25.6842, 64.369], [25.6865, 64.3714], [25.6887, 64.3737], [25.6909, 64.3761], [25.6931, 64.3784], [25.6953, 64.3808], [25.6973, 64.383], [25.6996, 64.3854], [25.7019, 64.3878], [25.7041, 64.3902], [25.7064, 64.3926], [25.7085, 64.3949], [25.7107, 64.3972], [25.7129, 64.3995], [25.7151, 64.4018], [25.7173, 64.4041], [25.7195, 64.4064], [25.7217, 64.4088], [25.7239, 64.4111], [25.7261, 64.4135], [25.7282, 64.4158], [25.7304, 64.418], [25.7325, 64.4202], [25.7346, 64.4225], [25.7367, 64.4247], [25.7388, 64.427], [25.741, 64.4293], [25.7432, 64.4316], [25.7451, 64.4336], [25.7482, 64.4362], [25.7508, 64.4382], [25.7539, 64.4405], [25.7567, 64.4428], [25.7597, 64.4451], [25.7623, 64.4471], [25.7654, 64.4495], [25.7682, 64.4517], [25.771, 64.4539], [25.7739, 64.4561], [25.7768, 64.4584], [25.7797, 64.4606], [25.7825, 64.4628], [25.7854, 64.4651], [25.7882, 64.4673], [25.7911, 64.4695], [25.7939, 64.4717], [25.7967, 64.4739], [25.7995, 64.4761], [25.8024, 64.4783], [25.8054, 64.4807], [25.8081, 64.4827], [25.8111, 64.4851], [25.814, 64.4874], [25.8169, 64.4896], [25.8199, 64.4919], [25.8226, 64.4941], [25.8255, 64.4963], [25.8283, 64.4985], [25.8312, 64.5008], [25.834, 64.503], [25.8368, 64.5051], [25.8396, 64.5073], [25.8425, 64.5095], [25.8453, 64.5117], [25.8481, 64.5139], [25.851, 64.5161], [25.8538, 64.5184], [25.8565, 64.5206], [25.8588, 64.5229], [25.8609, 64.5252], [25.8632, 64.5276], [25.8655, 64.53], [25.8678, 64.5324], [25.8701, 64.5348], [25.8723, 64.5371], [25.8744, 64.5393], [25.8766, 64.5416], [25.8789, 64.5439], [25.8811, 64.5463], [25.8833, 64.5486], [25.8856, 64.5509], [25.8877, 64.553], [25.8901, 64.5555], [25.8924, 64.558], [25.8947, 64.5604], [25.8969, 64.5628], [25.8992, 64.5651], [25.9014, 64.5674], [25.9037, 64.5699], [25.906, 64.5722], [25.9083, 64.5745], [25.9105, 64.5769], [25.9128, 64.5793], [25.915, 64.5816], [25.9172, 64.5839], [25.9195, 64.5864], [25.9216, 64.5886], [25.924, 64.591], [25.9262, 64.5934], [25.9285, 64.5956], [25.9308, 64.598], [25.933, 64.6003], [25.9353, 64.6028], [25.9375, 64.6051], [25.9398, 64.6074], [25.9417, 64.6097], [25.9434, 64.6118], [25.9447, 64.6144], [25.9461, 64.6169], [25.9473, 64.6194], [25.9487, 64.622], [25.9501, 64.6245], [25.9515, 64.6272], [25.9528, 64.6297], [25.9541, 64.6322], [25.9554, 64.6347], [25.9568, 64.6373], [25.9581, 64.6397], [25.9595, 64.6424], [25.9608, 64.6448], [25.9621, 64.6472], [25.9633, 64.6495], [25.9645, 64.6519], [25.9659, 64.6543], [25.9672, 64.657], [25.9686, 64.6596], [25.97, 64.6623], [25.9713, 64.6648], [25.9726, 64.6673], [25.9739, 64.6698], [25.9752, 64.6722], [25.9766, 64.6747], [25.9779, 64.6772], [25.9791, 64.6796], [25.9805, 64.6822], [25.9818, 64.6846], [25.9831, 64.6871], [25.9844, 64.6896], [25.9857, 64.6921], [25.987, 64.6946], [25.9884, 64.6971], [25.9896, 64.6995], [25.9909, 64.7019], [25.9921, 64.7042], [25.9933, 64.7066], [25.9947, 64.709], [25.9963, 64.7115], [25.998, 64.714], [25.9996, 64.7163], [26.0013, 64.7186], [26.0031, 64.7213], [26.0049, 64.7238], [26.0068, 64.7267], [26.0084, 64.729], [26.0096, 64.7308], [26.0112, 64.7331], [26.0126, 64.7351], [26.0143, 64.7376], [26.0161, 64.7403], [26.0177, 64.7426], [26.019, 64.7445], [26.0208, 64.7471], [26.0224, 64.7495], [26.024, 64.7519], [26.0257, 64.7543], [26.0274, 64.7568], [26.029, 64.7592], [26.0307, 64.7616], [26.0324, 64.7641], [26.0341, 64.7666], [26.0358, 64.769], [26.0374, 64.7714], [26.0391, 64.7739], [26.0408, 64.7763], [26.0424, 64.7788], [26.0442, 64.7814], [26.0459, 64.7838], [26.0476, 64.7863], [26.0485, 64.7888], [26.0486, 64.7914], [26.0479, 64.794], [26.0472, 64.7967], [26.0467, 64.7986], [26.0464, 64.7997], [26.046, 64.8014], [26.0455, 64.8033], [26.045, 64.8052], [26.0444, 64.8075], [26.0442, 64.8083], [26.044, 64.8089], [26.0438, 64.8096], [26.0431, 64.8121], [26.0425, 64.8145], [26.0419, 64.8168], [26.0415, 64.818], [26.0412, 64.8193], [26.0406, 64.8215], [26.0399, 64.8241], [26.0392, 64.8267], [26.0381, 64.8291], [26.0371, 64.8313], [26.0363, 64.8329], [26.0362, 64.833], [26.0358, 64.8338], [26.0347, 64.8362], [26.0336, 64.8385], [26.0334, 64.8407], [26.034, 64.8428], [26.0351, 64.8445]]}}, {"type": "Feature", "properties": {"osm_type": "line", "voltage_kv": 400.0, "name": "Keminmaa \u2013", "name_src": "endpoints", "avail": 0}, "geometry": {"type": "LineString", "coordinates": [[24.5249, 65.8888], [24.5239, 65.8882], [24.5226, 65.8868], [24.5214, 65.8855], [24.5138, 65.8843], [24.5061, 65.8826], [24.4976, 65.8807], [24.4895, 65.8789], [24.4817, 65.8772], [24.4748, 65.8757], [24.4681, 65.8742], [24.4599, 65.8726], [24.4517, 65.871], [24.4435, 65.8694], [24.4355, 65.8679], [24.4276, 65.8661], [24.4191, 65.864], [24.4107, 65.862], [24.4031, 65.8603], [24.3948, 65.8583], [24.3888, 65.8569], [24.3806, 65.855], [24.3727, 65.8532], [24.3643, 65.8513], [24.3567, 65.8494], [24.3522, 65.8479], [24.3478, 65.8464], [24.3449, 65.845], [24.3427, 65.8434], [24.3405, 65.8408], [24.3391, 65.8393], [24.3364, 65.8375], [24.3335, 65.8361], [24.3281, 65.8335], [24.3247, 65.8322], [24.319, 65.8308], [24.3138, 65.8296], [24.3066, 65.8277], [24.3026, 65.8266], [24.2976, 65.8252], [24.2928, 65.824], [24.2872, 65.8226], [24.2798, 65.821], [24.2719, 65.8192], [24.2675, 65.8182], [24.2619, 65.8172], [24.2561, 65.8161], [24.2516, 65.8154], [24.247, 65.8141], [24.2422, 65.8127], [24.2383, 65.8116], [24.2316, 65.8089], [24.2266, 65.807], [24.2222, 65.8052], [24.2166, 65.803], [24.2121, 65.8016], [24.2067, 65.7998], [24.2011, 65.798], [24.1938, 65.7956], [24.1876, 65.7935], [24.1845, 65.7919], [24.1796, 65.7892], [24.1739, 65.786], [24.1699, 65.7838], [24.1672, 65.7818], [24.1666, 65.7798], [24.1647, 65.7759], [24.1638, 65.7734], [24.1633, 65.7726], [24.1631, 65.7718]]}}, {"type": "Feature", "properties": {"osm_type": "line", "voltage_kv": 400.0, "name": "L\u00e4nsisalmen \u2013", "name_src": "endpoints", "avail": 45, "avail_node": "Tapanila"}, "geometry": {"type": "LineString", "coordinates": [[25.1196, 60.2609], [25.1188, 60.2617], [25.12, 60.2623], [25.1245, 60.2628], [25.1283, 60.2632], [25.1338, 60.2636], [25.1398, 60.2628], [25.1472, 60.2623], [25.1533, 60.2628], [25.16, 60.2628], [25.1651, 60.2628], [25.1724, 60.2627], [25.1787, 60.2637], [25.1849, 60.2646], [25.1901, 60.2653], [25.1989, 60.2663], [25.2058, 60.2672], [25.2094, 60.2705], [25.2127, 60.2737], [25.2162, 60.277], [25.2169, 60.2776], [25.2182, 60.2788], [25.2194, 60.28], [25.2227, 60.2841], [25.2248, 60.2866], [25.2266, 60.2887], [25.2288, 60.2919], [25.229, 60.2923], [25.2291, 60.2923], [25.2293, 60.2927], [25.2301, 60.2942], [25.2325, 60.2985], [25.2351, 60.3019], [25.2375, 60.3052], [25.2397, 60.3081], [25.2423, 60.3116], [25.2449, 60.3152], [25.2467, 60.3176], [25.252, 60.3185], [25.256, 60.3188], [25.2647, 60.3189], [25.2652, 60.3188], [25.2729, 60.3187], [25.2787, 60.3186], [25.2853, 60.3188], [25.293, 60.3192], [25.298, 60.32], [25.3027, 60.3213], [25.3077, 60.3231], [25.3126, 60.325], [25.3184, 60.3282], [25.3233, 60.3308], [25.3272, 60.3328], [25.3325, 60.3353], [25.3385, 60.338], [25.3428, 60.341], [25.3479, 60.3439], [25.3513, 60.3472], [25.3541, 60.3505], [25.3572, 60.3534], [25.3605, 60.3563], [25.3641, 60.3598], [25.3661, 60.3622], [25.3665, 60.364], [25.3675, 60.3674], [25.3683, 60.3701], [25.3703, 60.3739], [25.3713, 60.3751], [25.3697, 60.3766]]}}, {"type": "Feature", "properties": {"osm_type": "line", "voltage_kv": 400.0, "name": "Nurmij\u00e4rvi \u2013", "name_src": "endpoints", "avail": 0}, "geometry": {"type": "LineString", "coordinates": [[24.9466, 60.4933], [24.9465, 60.4934], [24.9462, 60.4938], [24.9461, 60.494]]}}, {"type": "Feature", "properties": {"osm_type": "line", "voltage_kv": 400.0, "name": "Nurmij\u00e4rvi - Hiki\u00e4 400", "avail": 0}, "geometry": {"type": "LineString", "coordinates": [[24.9577, 60.654], [24.9576, 60.6562], [24.9571, 60.6595], [24.9567, 60.6625], [24.9563, 60.6657], [24.9549, 60.6687], [24.9535, 60.6719], [24.952, 60.6752], [24.9517, 60.6758], [24.9506, 60.6782], [24.9485, 60.6807], [24.9458, 60.6831], [24.9433, 60.6853], [24.9404, 60.6877], [24.9373, 60.6903], [24.9351, 60.6924], [24.9321, 60.6949], [24.9299, 60.6973], [24.9272, 60.7001], [24.9268, 60.7008], [24.9258, 60.7028], [24.9255, 60.7033], [24.9242, 60.7058], [24.9235, 60.707], [24.9234, 60.7072], [24.9231, 60.7077], [24.9222, 60.7093], [24.9215, 60.7107], [24.9215, 60.7107], [24.9208, 60.7122], [24.919, 60.7154], [24.9176, 60.7182], [24.9168, 60.7211], [24.9161, 60.7247], [24.9153, 60.7282], [24.9145, 60.7314], [24.9138, 60.7345], [24.9148, 60.7376], [24.9153, 60.7398], [24.9169, 60.7431], [24.919, 60.7462], [24.9197, 60.7475]]}}, {"type": "Feature", "properties": {"osm_type": "line", "voltage_kv": 400.0, "name": "Espoo - Hiki\u00e4", "avail": 0}, "geometry": {"type": "LineString", "coordinates": [[24.9571, 60.6541], [24.9583, 60.6556], [24.9608, 60.6587], [24.963, 60.6612], [24.9657, 60.6641], [24.9688, 60.667], [24.9715, 60.6697], [24.974, 60.6721], [24.976, 60.675], [24.9781, 60.6781], [24.98, 60.6813], [24.9822, 60.6844], [24.9842, 60.6874], [24.9862, 60.6904], [24.9882, 60.6933], [24.9902, 60.6963], [24.9919, 60.6988], [24.9938, 60.7018], [24.9958, 60.7049], [24.9977, 60.7078], [24.9997, 60.711], [25.0015, 60.7138], [25.0013, 60.7165], [25.0012, 60.7192], [25.0011, 60.7215], [25.001, 60.7243], [25.0008, 60.7272], [25.0007, 60.7303], [25.0005, 60.7329], [25.0004, 60.7361], [25.0, 60.7393], [24.9998, 60.7415], [24.9993, 60.7446], [24.9988, 60.7476], [24.9982, 60.7507], [24.9977, 60.754], [24.9976, 60.7543], [24.9976, 60.7544]]}}, {"type": "Feature", "properties": {"osm_type": "line", "voltage_kv": 400.0, "name": "Hiki\u00e4n \u2013", "name_src": "endpoints", "avail": 0}, "geometry": {"type": "LineString", "coordinates": [[24.9205, 60.7484], [24.9227, 60.7495], [24.9271, 60.7498], [24.9307, 60.75], [24.936, 60.7502], [24.9415, 60.7508], [24.9488, 60.7512], [24.9561, 60.7517], [24.9625, 60.7522], [24.967, 60.7525], [24.9713, 60.7528], [24.978, 60.7532], [24.9846, 60.7537], [24.9892, 60.754], [24.9928, 60.7542]]}}, {"type": "Feature", "properties": {"osm_type": "line", "voltage_kv": 400.0, "name": "Ulvila-Kangasala", "avail": 10, "avail_node": "MARJAM\u00c4KI"}, "geometry": {"type": "LineString", "coordinates": [[23.5904, 61.392], [23.5955, 61.3917], [23.5973, 61.3915], [23.5997, 61.3913], [23.6061, 61.3902], [23.6139, 61.3892], [23.621, 61.389], [23.6278, 61.3892], [23.633, 61.3895], [23.6411, 61.3906], [23.6472, 61.3914], [23.6554, 61.3926], [23.6617, 61.3934], [23.6681, 61.3943], [23.6759, 61.3954], [23.6828, 61.3963], [23.6888, 61.3971], [23.6954, 61.398], [23.7023, 61.399], [23.7088, 61.3998], [23.7156, 61.4008], [23.7227, 61.4017], [23.7295, 61.4026], [23.735, 61.4034], [23.7414, 61.4042], [23.7474, 61.4047], [23.7547, 61.4051], [23.7605, 61.405]]}}, {"type": "Feature", "properties": {"osm_type": "line", "voltage_kv": 400.0, "name": "Ulvila-Kangasala", "avail": 10, "avail_node": "MARJAM\u00c4KI"}, "geometry": {"type": "LineString", "coordinates": [[23.7993, 61.3984], [23.8043, 61.3986], [23.811, 61.3988], [23.8158, 61.3991], [23.8235, 61.4002], [23.8299, 61.4014], [23.8352, 61.4029], [23.841, 61.4052], [23.846, 61.4079], [23.8509, 61.4105], [23.8556, 61.4128], [23.8605, 61.4151], [23.8662, 61.4175], [23.8721, 61.4198], [23.877, 61.4216], [23.8842, 61.4239], [23.8889, 61.4254], [23.8935, 61.4268], [23.8994, 61.4286], [23.9056, 61.4306], [23.9107, 61.4321], [23.9157, 61.4337], [23.9207, 61.4352], [23.9259, 61.4369], [23.9315, 61.4387], [23.937, 61.4408], [23.9419, 61.4432], [23.9469, 61.4457]]}}, {"type": "Feature", "properties": {"osm_type": "line", "voltage_kv": 400.0, "avail": 10, "avail_node": "MARJAM\u00c4KI"}, "geometry": {"type": "LineString", "coordinates": [[23.7993, 61.3984], [23.7929, 61.3989], [23.7848, 61.4003], [23.7775, 61.4017], [23.7697, 61.4032], [23.7649, 61.4042], [23.7605, 61.405]]}}, {"type": "Feature", "properties": {"osm_type": "line", "voltage_kv": 400.0, "name": "Huittinen-Kangasala", "avail": 10, "avail_node": "MARJAM\u00c4KI"}, "geometry": {"type": "LineString", "coordinates": [[23.5904, 61.392], [23.5954, 61.3914], [23.599, 61.3911], [23.606, 61.3899], [23.6142, 61.389], [23.6168, 61.3889], [23.621, 61.3887], [23.6278, 61.3889], [23.6337, 61.3893], [23.6409, 61.3902], [23.6484, 61.3913], [23.6571, 61.3925], [23.6648, 61.3935], [23.6724, 61.3946], [23.6797, 61.3956], [23.6872, 61.3965], [23.6938, 61.3975], [23.7018, 61.3986], [23.7087, 61.3995], [23.7163, 61.4006], [23.7256, 61.4018], [23.7347, 61.4031], [23.7416, 61.404], [23.7491, 61.4045], [23.7547, 61.4048], [23.7605, 61.405]]}}, {"type": "Feature", "properties": {"osm_type": "line", "voltage_kv": 400.0, "avail": 8, "avail_node": "SORKKALA"}, "geometry": {"type": "LineString", "coordinates": [[23.5826, 61.3929], [23.5904, 61.392]]}}, {"type": "Feature", "properties": {"osm_type": "line", "voltage_kv": 400.0, "name": "Huittinen-Kangasala", "avail": 10, "avail_node": "MARJAM\u00c4KI"}, "geometry": {"type": "LineString", "coordinates": [[23.7993, 61.3984], [23.8038, 61.3982], [23.8111, 61.3984], [23.8159, 61.3988], [23.8244, 61.3999], [23.8302, 61.4012], [23.8356, 61.4027], [23.8414, 61.405], [23.8463, 61.4076], [23.8516, 61.4105], [23.8559, 61.4125], [23.8616, 61.4151], [23.8675, 61.4177], [23.8729, 61.4197], [23.8773, 61.4214], [23.8844, 61.4236], [23.8885, 61.4248], [23.8942, 61.4266], [23.8996, 61.4283], [23.9065, 61.4304], [23.9128, 61.4324], [23.9186, 61.4343], [23.9253, 61.4364], [23.9319, 61.4384], [23.9374, 61.4406], [23.9424, 61.443], [23.9469, 61.4457]]}}, {"type": "Feature", "properties": {"osm_type": "line", "voltage_kv": 400.0, "avail": 0}, "geometry": {"type": "LineString", "coordinates": [[24.905, 60.6091], [24.9076, 60.6113], [24.9119, 60.6143], [24.9149, 60.6161], [24.9187, 60.6188], [24.9211, 60.6205], [24.9244, 60.6228], [24.928, 60.6254], [24.931, 60.6275], [24.9346, 60.6302], [24.9383, 60.6328], [24.9421, 60.6355], [24.9453, 60.6379], [24.947, 60.6404], [24.9491, 60.6433], [24.951, 60.646], [24.953, 60.649], [24.9549, 60.6513], [24.9571, 60.6541]]}}, {"type": "Feature", "properties": {"osm_type": "line", "voltage_kv": 400.0, "name": "Rauma \u2013 Ulvila", "name_src": "endpoints", "avail": 0}, "geometry": {"type": "LineString", "coordinates": [[21.6205, 61.1553], [21.6224, 61.1567], [21.6262, 61.1595], [21.6289, 61.1617], [21.632, 61.1642], [21.6348, 61.1665], [21.6378, 61.1689], [21.6414, 61.1719], [21.644, 61.1743], [21.6454, 61.1755], [21.6487, 61.1787], [21.6519, 61.1817], [21.6543, 61.1838], [21.6569, 61.1863], [21.6587, 61.1881], [21.6604, 61.1897], [21.6623, 61.1916], [21.665, 61.1941], [21.6677, 61.1968], [21.6705, 61.1994], [21.673, 61.202], [21.6757, 61.2046], [21.6784, 61.2072], [21.6808, 61.2098], [21.6835, 61.2127], [21.6858, 61.2153], [21.6883, 61.218], [21.691, 61.221], [21.693, 61.2233], [21.6956, 61.2261], [21.6981, 61.2288], [21.7011, 61.2321], [21.7039, 61.2351], [21.7088, 61.2406], [21.7146, 61.2452], [21.7182, 61.2482], [21.7211, 61.2506], [21.7236, 61.2527], [21.7259, 61.2545], [21.7298, 61.2569], [21.7333, 61.2589], [21.7376, 61.2608], [21.7464, 61.2644], [21.7515, 61.2665], [21.7558, 61.2682], [21.7609, 61.2698], [21.7653, 61.2712], [21.7698, 61.2725], [21.774, 61.2737], [21.778, 61.2749], [21.7824, 61.2763], [21.7871, 61.2785], [21.7915, 61.281], [21.7956, 61.2836], [21.7995, 61.2861], [21.8034, 61.2885], [21.8068, 61.2907], [21.8107, 61.2931], [21.8146, 61.2956], [21.819, 61.2983], [21.8233, 61.301], [21.8276, 61.3037], [21.832, 61.3064], [21.8359, 61.3088], [21.8392, 61.3109], [21.8432, 61.3134], [21.8466, 61.3155], [21.8505, 61.318], [21.8529, 61.3195], [21.856, 61.3215], [21.8599, 61.324], [21.8623, 61.3255], [21.8627, 61.3258], [21.8639, 61.3266], [21.8682, 61.3293], [21.8717, 61.3315], [21.8756, 61.3334], [21.879, 61.3351], [21.8823, 61.3366], [21.8861, 61.3389], [21.8902, 61.3412], [21.8936, 61.3434], [21.897, 61.3459], [21.8993, 61.3481], [21.9013, 61.3505], [21.9035, 61.3531], [21.9055, 61.3556], [21.9075, 61.3582], [21.9097, 61.3609], [21.9117, 61.3635], [21.914, 61.3666], [21.9162, 61.3694], [21.9184, 61.3721], [21.9203, 61.3745], [21.9226, 61.3775], [21.9245, 61.38], [21.9265, 61.3822], [21.9288, 61.384], [21.9313, 61.386], [21.9347, 61.388], [21.9392, 61.3899], [21.944, 61.3917], [21.9488, 61.3934], [21.9533, 61.395], [21.9554, 61.3964], [21.958, 61.3982], [21.9617, 61.4007], [21.9655, 61.4026], [21.9692, 61.4045], [21.9727, 61.4063], [21.9755, 61.4078], [21.976, 61.4105], [21.9765, 61.4131], [21.9769, 61.4155], [21.9774, 61.418], [21.9779, 61.4209], [21.9784, 61.4238], [21.9789, 61.4265], [21.9795, 61.4294], [21.98, 61.4325], [21.9804, 61.4348], [21.981, 61.4377], [21.9814, 61.4404], [21.9817, 61.4432], [21.982, 61.4452], [21.9822, 61.4475], [21.9823, 61.449], [21.9817, 61.4511], [21.9812, 61.4532], [21.9812, 61.4553], [21.9811, 61.4571], [21.9811, 61.4589], [21.9815, 61.4608], [21.982, 61.4628], [21.9826, 61.465], [21.9827, 61.4675], [21.9827, 61.4697], [21.9828, 61.4721], [21.9829, 61.4742]]}}, {"type": "Feature", "properties": {"osm_type": "line", "voltage_kv": 400.0, "name": "Rauma \u2013", "name_src": "endpoints", "avail": 0}, "geometry": {"type": "LineString", "coordinates": [[21.5912, 61.203], [21.5924, 61.2001], [21.5937, 61.1976], [21.5952, 61.1945], [21.598, 61.1888], [21.5982, 61.1884], [21.5996, 61.1855], [21.6053, 61.1799], [21.6089, 61.1762], [21.6112, 61.1739], [21.6123, 61.172], [21.6137, 61.1695], [21.6149, 61.1674], [21.6159, 61.1634], [21.6167, 61.1601], [21.6176, 61.1567], [21.6199, 61.1552], [21.6216, 61.1541], [21.6232, 61.1532]]}}, {"type": "Feature", "properties": {"osm_type": "line", "voltage_kv": 400.0, "name": "Yllikk\u00e4l\u00e4 \u2013", "name_src": "endpoints", "avail": 0}, "geometry": {"type": "LineString", "coordinates": [[28.0307, 61.0179], [28.0313, 61.0168], [28.0357, 61.014], [28.0408, 61.0106], [28.0461, 61.0072], [28.0515, 61.0044], [28.0581, 61.0018], [28.064, 60.9993], [28.0698, 60.997], [28.0763, 60.9947], [28.0828, 60.9925], [28.0901, 60.9899], [28.096, 60.9873], [28.1014, 60.9845], [28.1074, 60.9814], [28.1127, 60.9786], [28.1186, 60.9755], [28.1216, 60.9733], [28.126, 60.9702], [28.131, 60.9666], [28.1356, 60.9633], [28.1411, 60.9594], [28.1454, 60.9562], [28.1512, 60.9526], [28.1564, 60.9498], [28.1601, 60.9478], [28.1647, 60.9452], [28.1708, 60.9418], [28.1758, 60.9398], [28.1831, 60.9377], [28.1892, 60.9361], [28.1978, 60.9338], [28.2054, 60.9318], [28.2123, 60.93], [28.2206, 60.9281], [28.2273, 60.9266], [28.2347, 60.925], [28.2419, 60.9235], [28.249, 60.9221], [28.2559, 60.9207], [28.2576, 60.9204], [28.2642, 60.919], [28.2682, 60.9182], [28.2705, 60.9177], [28.2759, 60.9166], [28.2824, 60.9145], [28.2878, 60.9123], [28.294, 60.9102], [28.2996, 60.9083], [28.3058, 60.9062], [28.3097, 60.9049], [28.3156, 60.9026], [28.3216, 60.9], [28.3276, 60.8973], [28.3325, 60.8954], [28.3376, 60.894], [28.3446, 60.8914], [28.3502, 60.8893], [28.3559, 60.8867], [28.3618, 60.8837], [28.3673, 60.8813], [28.3728, 60.8798], [28.3783, 60.8786], [28.3805, 60.8776]]}}, {"type": "Feature", "properties": {"osm_type": "line", "voltage_kv": 400.0, "avail": 0}, "geometry": {"type": "LineString", "coordinates": [[21.4815, 61.2433], [21.4858, 61.242], [21.4916, 61.2402], [21.4983, 61.2382], [21.5062, 61.2367], [21.5144, 61.235], [21.5223, 61.2329], [21.5283, 61.2305], [21.5336, 61.2287], [21.5394, 61.2268], [21.5459, 61.2246], [21.5513, 61.2227], [21.5563, 61.2204], [21.5619, 61.2179], [21.5676, 61.2152], [21.5733, 61.2127], [21.5796, 61.2098], [21.5855, 61.2071]]}}, {"type": "Feature", "properties": {"osm_type": "line", "voltage_kv": 400.0, "avail": 0}, "geometry": {"type": "LineString", "coordinates": [[21.4725, 61.242], [21.4769, 61.2422], [21.4816, 61.2428]]}}, {"type": "Feature", "properties": {"osm_type": "line", "voltage_kv": 400.0, "avail": 0}, "geometry": {"type": "LineString", "coordinates": [[21.4718, 61.246], [21.4698, 61.246], [21.4673, 61.2466], [21.4589, 61.2484], [21.4529, 61.248], [21.4468, 61.2476], [21.443, 61.2456], [21.4391, 61.2434], [21.4364, 61.2419], [21.4352, 61.2404], [21.4325, 61.2379], [21.4333, 61.237]]}}, {"type": "Feature", "properties": {"osm_type": "line", "voltage_kv": 400.0, "avail": 0}, "geometry": {"type": "LineString", "coordinates": [[21.4816, 61.2428], [21.4768, 61.2426], [21.4727, 61.2424]]}}, {"type": "Feature", "properties": {"osm_type": "line", "voltage_kv": 400.0, "avail": 0}, "geometry": {"type": "LineString", "coordinates": [[21.4748, 61.2455], [21.4783, 61.2445], [21.4818, 61.2435], [21.4861, 61.2423], [21.492, 61.2405], [21.4986, 61.2385], [21.5069, 61.2368], [21.5147, 61.2353], [21.5226, 61.2332], [21.5287, 61.2308], [21.534, 61.229], [21.5398, 61.227], [21.5462, 61.2248], [21.5517, 61.223], [21.5567, 61.2207], [21.5623, 61.2181], [21.5681, 61.2154], [21.5738, 61.2129], [21.5801, 61.21], [21.586, 61.2073], [21.5911, 61.2058], [21.5931, 61.205], [21.5977, 61.203], [21.6036, 61.2011], [21.6105, 61.1988], [21.6168, 61.1968], [21.6235, 61.1947], [21.6289, 61.1934], [21.6371, 61.1922], [21.6448, 61.1909], [21.6529, 61.1898]]}}, {"type": "Feature", "properties": {"osm_type": "line", "voltage_kv": 400.0, "avail": 0}, "geometry": {"type": "LineString", "coordinates": [[21.4729, 61.2428], [21.4768, 61.2429], [21.4815, 61.2433]]}}, {"type": "Feature", "properties": {"osm_type": "line", "voltage_kv": 400.0, "avail": 0}, "geometry": {"type": "LineString", "coordinates": [[21.4681, 61.2434], [21.4707, 61.2432]]}}, {"type": "Feature", "properties": {"osm_type": "line", "voltage_kv": 400.0, "avail": 0}, "geometry": {"type": "LineString", "coordinates": [[21.4717, 61.2459], [21.4734, 61.2457], [21.4748, 61.2455]]}}, {"type": "Feature", "properties": {"osm_type": "line", "voltage_kv": 400.0, "avail": 0}, "geometry": {"type": "LineString", "coordinates": [[21.4719, 61.2462], [21.4748, 61.2455]]}}, {"type": "Feature", "properties": {"osm_type": "line", "voltage_kv": 400.0, "avail": 0}, "geometry": {"type": "LineString", "coordinates": [[21.4815, 61.2433], [21.4767, 61.2432], [21.473, 61.2432]]}}, {"type": "Feature", "properties": {"osm_type": "line", "voltage_kv": 400.0, "avail": 0}, "geometry": {"type": "LineString", "coordinates": [[21.4816, 61.2428], [21.4855, 61.2417], [21.4913, 61.24], [21.498, 61.238], [21.5141, 61.2347], [21.5218, 61.2327], [21.5282, 61.2302], [21.5332, 61.2285], [21.5391, 61.2265], [21.5455, 61.2243], [21.5509, 61.2225], [21.5566, 61.2199], [21.5614, 61.2176], [21.5672, 61.2149], [21.5729, 61.2124], [21.5792, 61.2095], [21.5854, 61.2067], [21.5894, 61.2049], [21.5925, 61.2046], [21.5974, 61.2028], [21.6033, 61.2009], [21.6102, 61.1985], [21.6164, 61.1966], [21.623, 61.1945], [21.6287, 61.1932], [21.6369, 61.1919], [21.6446, 61.1907], [21.6528, 61.1895]]}}, {"type": "Feature", "properties": {"osm_type": "line", "voltage_kv": 400.0, "avail": 0}, "geometry": {"type": "LineString", "coordinates": [[21.5855, 61.2071], [21.5901, 61.2053], [21.5912, 61.203]]}}, {"type": "Feature", "properties": {"osm_type": "line", "voltage_kv": 400.0, "avail": 0}, "geometry": {"type": "LineString", "coordinates": [[21.6528, 61.1895], [21.6596, 61.1886], [21.6682, 61.1876], [21.6759, 61.1864], [21.6816, 61.1844], [21.6871, 61.1818], [21.6914, 61.1788], [21.6966, 61.1757], [21.7025, 61.1734], [21.7085, 61.171], [21.7143, 61.1686], [21.7194, 61.1665], [21.7246, 61.1644], [21.7314, 61.1622], [21.7362, 61.1606], [21.739, 61.1597], [21.7418, 61.1587], [21.7459, 61.1573], [21.7525, 61.1574]]}}, {"type": "Feature", "properties": {"osm_type": "line", "voltage_kv": 400.0, "avail": 0}, "geometry": {"type": "LineString", "coordinates": [[21.6529, 61.1898], [21.6598, 61.1888], [21.6684, 61.1879], [21.6762, 61.1867], [21.682, 61.1846], [21.6875, 61.182], [21.6919, 61.179], [21.697, 61.176], [21.7025, 61.1738], [21.7089, 61.1712], [21.7147, 61.1688], [21.7202, 61.1666], [21.725, 61.1647], [21.7315, 61.1625], [21.7365, 61.1609], [21.7422, 61.159], [21.7462, 61.1577], [21.7525, 61.1574]]}}, {"type": "Feature", "properties": {"osm_type": "line", "voltage_kv": 400.0, "name": "Ulvila \u2013", "name_src": "endpoints", "avail": 0}, "geometry": {"type": "LineString", "coordinates": [[21.981, 61.4797], [21.9808, 61.4791], [21.9805, 61.4779], [21.981, 61.476], [21.9814, 61.4721], [21.9815, 61.4684], [21.9815, 61.4649], [21.9805, 61.4614], [21.9799, 61.4588], [21.98, 61.4558], [21.9802, 61.4532], [21.9816, 61.4494], [21.9814, 61.4465], [21.9811, 61.4439], [21.9808, 61.4405], [21.9801, 61.4368], [21.9795, 61.4332], [21.9788, 61.4295], [21.9781, 61.4256], [21.9774, 61.4219], [21.9767, 61.4179], [21.9761, 61.4146], [21.9755, 61.4113], [21.9749, 61.4079], [21.9696, 61.4052], [21.9644, 61.4025], [21.9608, 61.4008], [21.9574, 61.3984], [21.9529, 61.3953], [21.9484, 61.3937], [21.9436, 61.392], [21.939, 61.3904], [21.9342, 61.3882], [21.9308, 61.3862], [21.9268, 61.3832], [21.9241, 61.3803], [21.9237, 61.3799], [21.9217, 61.3773], [21.9189, 61.3736], [21.9158, 61.3697], [21.9135, 61.3668], [21.9105, 61.3629], [21.9079, 61.3596], [21.9048, 61.3557], [21.9017, 61.3518], [21.8987, 61.3482], [21.8951, 61.3451], [21.8908, 61.3421], [21.8863, 61.3395], [21.8818, 61.3368], [21.8765, 61.3343], [21.8709, 61.3316], [21.8661, 61.3286], [21.862, 61.3259], [21.8614, 61.3255], [21.8566, 61.3224], [21.8519, 61.3194], [21.8477, 61.3168], [21.8432, 61.3139], [21.8387, 61.3112], [21.835, 61.3088], [21.8305, 61.306], [21.8255, 61.3029], [21.8207, 61.2999], [21.8157, 61.2968], [21.8107, 61.2936], [21.8058, 61.2906], [21.8013, 61.2878], [21.7961, 61.2845], [21.7916, 61.2817], [21.7866, 61.2787], [21.7819, 61.2766], [21.7755, 61.2746], [21.7686, 61.2726], [21.7623, 61.2707], [21.7557, 61.2686], [21.7512, 61.2667], [21.7452, 61.2643], [21.7393, 61.262], [21.733, 61.2593], [21.7295, 61.2572], [21.7251, 61.2546], [21.7212, 61.2514], [21.7179, 61.2485], [21.7138, 61.2453], [21.7096, 61.2419], [21.7016, 61.2374], [21.6965, 61.2352], [21.6851, 61.2315], [21.6737, 61.2275], [21.6664, 61.2247], [21.6593, 61.2221], [21.6538, 61.2202], [21.652, 61.2194], [21.648, 61.2176], [21.6295, 61.2105], [21.6234, 61.2088], [21.6177, 61.2077], [21.6119, 61.207], [21.5935, 61.2057], [21.5904, 61.2054], [21.5855, 61.2071]]}}, {"type": "Feature", "properties": {"osm_type": "line", "voltage_kv": 400.0, "avail": 0}, "geometry": {"type": "LineString", "coordinates": [[21.4414, 61.2388], [21.4414, 61.2383], [21.4412, 61.2371]]}}, {"type": "Feature", "properties": {"osm_type": "line", "voltage_kv": 400.0, "avail": 0}, "geometry": {"type": "LineString", "coordinates": [[21.4414, 61.2388], [21.4393, 61.2406], [21.4375, 61.242], [21.441, 61.244], [21.4443, 61.2457], [21.4472, 61.2474], [21.453, 61.2473], [21.4595, 61.2471], [21.4638, 61.2453], [21.4681, 61.2434]]}}, {"type": "Feature", "properties": {"osm_type": "line", "voltage_kv": 400.0, "name": "Ulvila \u2013", "name_src": "endpoints", "avail": 0}, "geometry": {"type": "LineString", "coordinates": [[21.9802, 61.4797], [21.9804, 61.4807], [21.9813, 61.482], [21.9836, 61.4825], [21.9883, 61.4834]]}}, {"type": "Feature", "properties": {"osm_type": "line", "voltage_kv": 400.0, "name": "Ulvila \u2013", "name_src": "endpoints", "avail": 0}, "geometry": {"type": "LineString", "coordinates": [[21.9883, 61.4834], [21.9951, 61.4848], [22.0004, 61.4859], [22.0064, 61.487], [22.0128, 61.4883]]}}, {"type": "Feature", "properties": {"osm_type": "line", "voltage_kv": 400.0, "name": "Ulvila \u2013", "name_src": "endpoints", "avail": 0}, "geometry": {"type": "LineString", "coordinates": [[21.9835, 61.4796], [21.9837, 61.4806], [21.9837, 61.4823], [21.9883, 61.4834]]}}, {"type": "Feature", "properties": {"osm_type": "line", "voltage_kv": 400.0, "name": "Ulvila \u2013", "name_src": "endpoints", "avail": 0}, "geometry": {"type": "LineString", "coordinates": [[21.9686, 61.7106], [21.9694, 61.708], [21.9684, 61.7043], [21.9676, 61.7015], [21.9668, 61.6984], [21.9659, 61.6956], [21.9674, 61.6925], [21.969, 61.689], [21.9707, 61.6852], [21.9725, 61.6813], [21.9741, 61.6778], [21.9758, 61.674], [21.9776, 61.6702], [21.9793, 61.6663], [21.981, 61.6626], [21.9828, 61.6587], [21.9846, 61.6547], [21.9862, 61.6511], [21.9881, 61.647], [21.9898, 61.6433], [21.9903, 61.6401], [21.9907, 61.6374], [21.9909, 61.6363], [21.9916, 61.6325], [21.9922, 61.6288], [21.9928, 61.6253], [21.9935, 61.6218], [21.9942, 61.6174], [21.9948, 61.6139], [21.9954, 61.6104], [21.9962, 61.606], [21.997, 61.6019], [21.9976, 61.598], [21.9982, 61.5949], [21.9987, 61.5921], [21.9994, 61.5884], [21.9991, 61.5856], [21.9988, 61.581], [21.9985, 61.5769], [21.9982, 61.5731], [21.9979, 61.5689], [21.9976, 61.565], [21.9974, 61.561], [21.9971, 61.5573], [21.9969, 61.5531], [21.9964, 61.5459], [21.9952, 61.5424], [21.994, 61.5388], [21.9928, 61.5352], [21.9914, 61.5314], [21.9903, 61.5278], [21.9889, 61.524], [21.9876, 61.5202], [21.9863, 61.5165], [21.9842, 61.5102], [21.9831, 61.5071], [21.9825, 61.5039], [21.9828, 61.5003], [21.9831, 61.4962], [21.9835, 61.4928], [21.9837, 61.4896], [21.9832, 61.4854], [21.9814, 61.483], [21.9798, 61.4808], [21.9798, 61.4797]]}}, {"type": "Feature", "properties": {"osm_type": "line", "voltage_kv": 400.0, "avail": 0}, "geometry": {"type": "LineString", "coordinates": [[21.4963, 61.6236], [21.4893, 61.6249], [21.4822, 61.6262], [21.4752, 61.6274], [21.4702, 61.6282], [21.4611, 61.6298], [21.4533, 61.632], [21.4443, 61.633], [21.4368, 61.6321], [21.4317, 61.6318], [21.4259, 61.6323], [21.4192, 61.6328]]}}, {"type": "Feature", "properties": {"osm_type": "line", "voltage_kv": 400.0, "name": "Huutokosken \u2013", "name_src": "endpoints", "avail": 0}, "geometry": {"type": "LineString", "coordinates": [[27.6678, 62.2129], [27.6688, 62.2127], [27.6699, 62.2123], [27.671, 62.212], [27.6718, 62.2118], [27.672, 62.2117]]}}, {"type": "Feature", "properties": {"osm_type": "line", "voltage_kv": 400.0, "name": "Huutokosken \u2013", "name_src": "endpoints", "avail": 0}, "geometry": {"type": "LineString", "coordinates": [[27.6678, 62.2131], [27.669, 62.2129], [27.6702, 62.2125], [27.6712, 62.2122], [27.6723, 62.2119], [27.6731, 62.2116], [27.6734, 62.2116]]}}, {"type": "Feature", "properties": {"osm_type": "line", "voltage_kv": 400.0, "name": "Huutokosken \u2013", "name_src": "endpoints", "avail": 0}, "geometry": {"type": "LineString", "coordinates": [[27.6731, 62.2127], [27.672, 62.2123], [27.6692, 62.213], [27.6679, 62.2133]]}}, {"type": "Feature", "properties": {"osm_type": "line", "voltage_kv": 400.0, "name": "Huutokosken \u2013", "name_src": "endpoints", "avail": 0}, "geometry": {"type": "LineString", "coordinates": [[27.672, 62.213], [27.6715, 62.2127], [27.6714, 62.2126]]}}, {"type": "Feature", "properties": {"osm_type": "line", "voltage_kv": 400.0, "name": "Huutokosken \u2013", "name_src": "endpoints", "avail": 0}, "geometry": {"type": "LineString", "coordinates": [[27.6718, 62.2127], [27.6715, 62.2127], [27.6707, 62.213], [27.6694, 62.2132], [27.6679, 62.2135]]}}, {"type": "Feature", "properties": {"osm_type": "line", "voltage_kv": 400.0, "avail": 0}, "geometry": {"type": "LineString", "coordinates": [[21.9704, 61.7088], [21.9723, 61.7069], [21.9748, 61.7043], [21.9773, 61.7017], [21.9794, 61.6995], [21.9819, 61.6968], [21.9846, 61.6939], [21.9868, 61.6915], [21.9893, 61.6888], [21.9916, 61.6862], [21.9921, 61.6855], [21.9937, 61.6837], [21.9963, 61.6808], [21.9987, 61.6782], [22.0005, 61.6762], [22.0019, 61.6757], [22.0024, 61.6755], [22.0058, 61.6743], [22.0044, 61.6707], [22.006, 61.6681], [22.007, 61.6658], [22.0077, 61.663], [22.0084, 61.6603], [22.0092, 61.6571], [22.0099, 61.654], [22.0106, 61.6508], [22.0116, 61.6483], [22.0126, 61.6457], [22.0138, 61.6428], [22.0146, 61.6406], [22.0155, 61.6381], [22.0165, 61.6355], [22.0172, 61.6326], [22.0179, 61.6297], [22.0186, 61.6266], [22.0191, 61.6242], [22.0192, 61.6214], [22.0195, 61.6187], [22.0196, 61.6161], [22.0197, 61.6134], [22.0198, 61.6108], [22.0198, 61.6081], [22.0199, 61.6049], [22.0199, 61.6018], [22.0201, 61.5989], [22.0201, 61.5961], [22.0203, 61.5936], [22.0207, 61.5908], [22.0211, 61.588], [22.0215, 61.5848], [22.0219, 61.5816], [22.0227, 61.5787], [22.0234, 61.5758], [22.0241, 61.5731], [22.0248, 61.5704], [22.0255, 61.5675], [22.0267, 61.565], [22.0285, 61.5625], [22.0307, 61.5596], [22.0326, 61.5569], [22.035, 61.5539], [22.0366, 61.5516], [22.0387, 61.5488], [22.0409, 61.5459], [22.043, 61.543], [22.0449, 61.5405], [22.0456, 61.5398], [22.0474, 61.538], [22.0499, 61.5356], [22.0526, 61.5329], [22.0554, 61.5302], [22.0573, 61.5276], [22.0584, 61.5249], [22.0595, 61.5225], [22.0608, 61.5193], [22.0619, 61.5167], [22.0629, 61.5139], [22.064, 61.5113], [22.0644, 61.5084], [22.0649, 61.5054], [22.0655, 61.5023], [22.0628, 61.4995], [22.059, 61.4987], [22.0572, 61.4983], [22.0518, 61.497], [22.0457, 61.4955], [22.0401, 61.4942], [22.035, 61.4929], [22.0297, 61.4916], [22.024, 61.4905], [22.0187, 61.4895]]}}, {"type": "Feature", "properties": {"osm_type": "line", "voltage_kv": 400.0, "avail": 0}, "geometry": {"type": "LineString", "coordinates": [[21.7428, 62.7905], [21.7412, 62.7886], [21.7397, 62.7859], [21.7379, 62.7827], [21.7361, 62.7795], [21.7351, 62.7764], [21.7342, 62.7735], [21.7331, 62.7702], [21.732, 62.7668], [21.7308, 62.7632], [21.7296, 62.7596], [21.7289, 62.7568], [21.7282, 62.7541], [21.7275, 62.7512], [21.727, 62.7481], [21.7265, 62.7447], [21.7266, 62.7422]]}}, {"type": "Feature", "properties": {"osm_type": "line", "voltage_kv": 400.0, "name": "K\u00e4rppi\u00f6 - Tuovila", "avail": 0}, "geometry": {"type": "LineString", "coordinates": [[21.7143, 62.6829], [21.7135, 62.6804], [21.7132, 62.6775], [21.7128, 62.6737], [21.7124, 62.67], [21.7119, 62.6666], [21.7113, 62.6632], [21.7104, 62.6599], [21.7093, 62.6565], [21.7083, 62.6533], [21.7074, 62.6503], [21.7063, 62.6469], [21.7055, 62.6441], [21.7044, 62.6406], [21.7033, 62.6373], [21.7023, 62.6339], [21.7013, 62.6307], [21.7003, 62.6276], [21.6992, 62.6242], [21.6981, 62.6208], [21.697, 62.6175], [21.696, 62.6144], [21.6948, 62.6109], [21.6936, 62.6075], [21.6924, 62.6039], [21.6912, 62.6004], [21.69, 62.5971], [21.6888, 62.5936], [21.6877, 62.5903], [21.6864, 62.587], [21.6853, 62.5837], [21.6842, 62.5803], [21.6829, 62.5767], [21.6819, 62.5737], [21.6807, 62.5703], [21.6795, 62.5671], [21.6782, 62.5635], [21.6771, 62.56], [21.6759, 62.5567], [21.6747, 62.5533], [21.6738, 62.5506], [21.6726, 62.5474], [21.6714, 62.5441], [21.6702, 62.5408], [21.669, 62.5374], [21.6679, 62.5344], [21.6667, 62.5311], [21.6655, 62.5278], [21.6643, 62.5244], [21.6631, 62.5212], [21.662, 62.5179], [21.6607, 62.5145], [21.6595, 62.5113], [21.6583, 62.5079], [21.6569, 62.5043], [21.6555, 62.5005], [21.6541, 62.4968], [21.6526, 62.4929], [21.6513, 62.4892], [21.6501, 62.486], [21.651, 62.4839], [21.6511, 62.4832]]}}, {"type": "Feature", "properties": {"osm_type": "line", "voltage_kv": 400.0, "name": "K\u00e4rppi\u00f6 - Tuovila", "avail": 0}, "geometry": {"type": "LineString", "coordinates": [[21.8347, 63.0132], [21.8333, 63.0103], [21.8322, 63.0079], [21.8331, 63.0045], [21.8339, 63.0011], [21.8331, 62.9981], [21.8324, 62.9954], [21.8312, 62.9926], [21.8297, 62.9894], [21.8285, 62.9865], [21.8269, 62.9829], [21.8255, 62.9798], [21.8239, 62.9761], [21.8224, 62.9726], [21.8209, 62.9691], [21.8193, 62.9654], [21.8179, 62.9622], [21.8164, 62.9587], [21.8147, 62.9549], [21.8134, 62.9517], [21.812, 62.9484], [21.8105, 62.945], [21.8091, 62.9417], [21.808, 62.9392], [21.8068, 62.9363], [21.8056, 62.9338], [21.8039, 62.9307], [21.802, 62.9278], [21.8001, 62.9246], [21.7984, 62.922], [21.7962, 62.9186], [21.7942, 62.9152], [21.792, 62.9118], [21.79, 62.9085], [21.788, 62.9053], [21.7859, 62.9019], [21.785, 62.9001], [21.7836, 62.8968], [21.783, 62.8951], [21.7823, 62.8918], [21.782, 62.8898], [21.7818, 62.8881], [21.7817, 62.8857], [21.7813, 62.8832], [21.7808, 62.8803], [21.7799, 62.8768], [21.779, 62.8732], [21.7781, 62.8695], [21.7772, 62.8658], [21.7761, 62.8622], [21.7749, 62.8584], [21.7737, 62.8555], [21.7721, 62.8522], [21.7701, 62.8489], [21.7683, 62.8457], [21.7662, 62.8421], [21.7642, 62.8388], [21.7627, 62.8358], [21.7611, 62.8324], [21.7593, 62.8289], [21.7579, 62.8253], [21.7566, 62.8221], [21.7553, 62.8189], [21.754, 62.8156], [21.7527, 62.8125], [21.7512, 62.8095], [21.7497, 62.8062], [21.7482, 62.8031], [21.7469, 62.8003], [21.7464, 62.7982]]}}, {"type": "Feature", "properties": {"osm_type": "line", "voltage_kv": 400.0, "avail": 0}, "geometry": {"type": "LineString", "coordinates": [[21.7259, 62.7375], [21.7262, 62.7394], [21.7266, 62.7422]]}}, {"type": "Feature", "properties": {"osm_type": "line", "voltage_kv": 400.0, "avail": 0}, "geometry": {"type": "LineString", "coordinates": [[21.7259, 62.7375], [21.7247, 62.7354], [21.7241, 62.7326], [21.7234, 62.7299], [21.7227, 62.7269], [21.7218, 62.7233], [21.721, 62.7196], [21.7201, 62.716], [21.7191, 62.7123], [21.7182, 62.7087], [21.7174, 62.7053], [21.7167, 62.7022], [21.7159, 62.699], [21.7152, 62.6953], [21.7148, 62.6924], [21.7144, 62.69], [21.7146, 62.6874]]}}, {"type": "Feature", "properties": {"osm_type": "line", "voltage_kv": 400.0, "avail": 0}, "geometry": {"type": "LineString", "coordinates": [[21.7428, 62.7905], [21.744, 62.793], [21.7452, 62.7956], [21.7464, 62.7982]]}}, {"type": "Feature", "properties": {"osm_type": "line", "voltage_kv": 400.0, "avail": 0}, "geometry": {"type": "LineString", "coordinates": [[21.7143, 62.6829], [21.7144, 62.685], [21.7146, 62.6874]]}}, {"type": "Feature", "properties": {"osm_type": "line", "voltage_kv": 400.0, "name": "Kristinestad - K\u00e4rppi\u00f6", "avail": 0}, "geometry": {"type": "LineString", "coordinates": [[21.6414, 62.4573], [21.6418, 62.4594], [21.6422, 62.4617], [21.6427, 62.4639], [21.6431, 62.4661]]}}, {"type": "Feature", "properties": {"osm_type": "line", "voltage_kv": 400.0, "name": "Tuovila - Hirvisuo", "avail": 0}, "geometry": {"type": "LineString", "coordinates": [[23.0063, 63.7509], [23.0082, 63.7534], [23.0097, 63.7567], [23.0131, 63.7586], [23.0176, 63.7611], [23.0214, 63.7632], [23.0255, 63.7654], [23.0306, 63.7682], [23.0346, 63.7705], [23.0391, 63.7728], [23.0426, 63.7754], [23.0472, 63.7784], [23.0518, 63.7815], [23.0579, 63.7846], [23.0615, 63.786], [23.0643, 63.7875], [23.0675, 63.7892], [23.0702, 63.7906], [23.0722, 63.7934], [23.0744, 63.7962], [23.0773, 63.7982], [23.0791, 63.7995], [23.0801, 63.8002]]}}, {"type": "Feature", "properties": {"osm_type": "line", "voltage_kv": 400.0, "name": "Hiki\u00e4 - Forssa", "avail": 0}, "geometry": {"type": "LineString", "coordinates": [[24.7382, 60.7565], [24.7381, 60.7565], [24.7365, 60.7561], [24.7322, 60.7558], [24.7275, 60.7558], [24.7221, 60.7557], [24.7174, 60.7562], [24.7107, 60.757], [24.7056, 60.7575], [24.7004, 60.758], [24.6969, 60.7584], [24.6901, 60.7591], [24.6834, 60.7598], [24.6764, 60.7606], [24.6716, 60.7611], [24.6661, 60.7616], [24.66, 60.7623], [24.6557, 60.7628], [24.6499, 60.7634], [24.6431, 60.7641], [24.6367, 60.7647], [24.6317, 60.7653], [24.6255, 60.7651], [24.6191, 60.7649], [24.6127, 60.7647], [24.6059, 60.7645], [24.599, 60.7643], [24.592, 60.7641], [24.586, 60.7639], [24.5793, 60.7637], [24.5726, 60.7635], [24.5655, 60.7633], [24.5592, 60.7631], [24.5528, 60.7629], [24.5482, 60.7627], [24.5451, 60.7626], [24.5398, 60.7627], [24.5332, 60.7629], [24.5292, 60.763], [24.5238, 60.7631], [24.517, 60.7633], [24.5115, 60.7635], [24.507, 60.7637], [24.5014, 60.764], [24.4968, 60.7642], [24.4867, 60.7659], [24.4849, 60.7662]]}}, {"type": "Feature", "properties": {"osm_type": "line", "voltage_kv": 400.0, "name": "Kopulan muuntoasema \u2013", "name_src": "endpoints", "avail": 0}, "geometry": {"type": "LineString", "coordinates": [[24.2769, 60.2746], [24.278, 60.2752], [24.2795, 60.2761], [24.2834, 60.2788], [24.2867, 60.2811], [24.2899, 60.2835], [24.2938, 60.2863], [24.2963, 60.2882], [24.2983, 60.2898], [24.3015, 60.2923], [24.3045, 60.2945], [24.3064, 60.296], [24.3102, 60.2985], [24.3134, 60.3007], [24.3166, 60.3029], [24.3207, 60.3051], [24.3241, 60.3068], [24.3268, 60.3082], [24.3305, 60.3101], [24.3348, 60.3124], [24.3389, 60.3146], [24.3431, 60.3168], [24.3465, 60.3184], [24.3491, 60.3181], [24.355, 60.32], [24.357, 60.3227], [24.3596, 60.3239], [24.364, 60.3257], [24.368, 60.3275], [24.3728, 60.3292], [24.3763, 60.3303], [24.3813, 60.3319], [24.3866, 60.3337], [24.3911, 60.3352], [24.3955, 60.3366], [24.3998, 60.3385], [24.403, 60.3398], [24.4074, 60.3417], [24.4118, 60.3436], [24.4158, 60.3454], [24.4198, 60.3472], [24.4241, 60.349], [24.4268, 60.3502], [24.4309, 60.352], [24.4345, 60.3537], [24.4388, 60.3559], [24.4429, 60.358], [24.4463, 60.3597], [24.4502, 60.3618], [24.454, 60.3637], [24.4569, 60.3652], [24.4607, 60.3671], [24.4652, 60.3694], [24.4695, 60.3716], [24.4741, 60.3732], [24.479, 60.3749], [24.4832, 60.3758], [24.4884, 60.377], [24.4929, 60.3777], [24.4988, 60.3786], [24.5045, 60.3794], [24.5075, 60.3799], [24.5123, 60.3811], [24.5177, 60.3824], [24.5226, 60.3836], [24.5267, 60.385], [24.5303, 60.3863], [24.5352, 60.388], [24.5401, 60.3897], [24.5439, 60.391], [24.5483, 60.393], [24.5508, 60.3942], [24.5546, 60.3965], [24.5582, 60.3987], [24.5626, 60.4009], [24.567, 60.403], [24.5713, 60.4052], [24.5738, 60.4064], [24.5784, 60.4087], [24.5825, 60.4107], [24.5851, 60.412], [24.5896, 60.4142], [24.5937, 60.4163], [24.5976, 60.4182], [24.602, 60.4204], [24.6051, 60.4219], [24.6081, 60.4234], [24.6109, 60.4248], [24.6137, 60.4262], [24.6181, 60.4286], [24.6226, 60.4308], [24.6269, 60.433], [24.6311, 60.4352], [24.636, 60.4373], [24.6387, 60.4384], [24.6438, 60.4403], [24.6482, 60.4421], [24.653, 60.4439], [24.6572, 60.4458], [24.661, 60.4476], [24.6654, 60.4495], [24.6701, 60.4517], [24.6746, 60.4536], [24.6796, 60.4551], [24.6846, 60.4567], [24.6888, 60.458], [24.6933, 60.4596], [24.6976, 60.4612], [24.7029, 60.463], [24.7066, 60.4643], [24.7103, 60.4657], [24.7144, 60.4671], [24.7191, 60.4689], [24.7231, 60.4705], [24.7276, 60.4723], [24.7319, 60.474], [24.7368, 60.4761], [24.7407, 60.4776], [24.7446, 60.4792], [24.7491, 60.4811], [24.7533, 60.4828], [24.7564, 60.4841], [24.761, 60.4859], [24.7653, 60.4877], [24.7695, 60.4894], [24.7737, 60.4914], [24.7778, 60.4933], [24.7806, 60.4953], [24.7839, 60.4974], [24.7877, 60.5], [24.7917, 60.5026], [24.7957, 60.5052], [24.799, 60.5074], [24.8026, 60.5098], [24.8064, 60.5123], [24.8099, 60.5146], [24.8136, 60.5171], [24.8167, 60.5191], [24.8204, 60.5216], [24.8241, 60.524], [24.8272, 60.5264], [24.8294, 60.529], [24.8317, 60.5319], [24.8341, 60.5349], [24.836, 60.5375], [24.8375, 60.5395], [24.8396, 60.5424], [24.8411, 60.5444], [24.8432, 60.5473], [24.8454, 60.5503], [24.8468, 60.5522], [24.849, 60.5551], [24.8508, 60.5573], [24.8528, 60.5599], [24.8549, 60.5625], [24.8564, 60.5645], [24.8581, 60.5666], [24.8604, 60.5695], [24.8624, 60.572], [24.8638, 60.5737], [24.866, 60.5766], [24.8701, 60.5784], [24.8753, 60.5801], [24.8809, 60.5817], [24.8862, 60.5831], [24.8918, 60.5841], [24.8972, 60.5849], [24.8953, 60.5879], [24.8939, 60.5911], [24.8944, 60.5949], [24.8951, 60.5975], [24.8958, 60.6001], [24.8969, 60.6011], [24.8981, 60.6023]]}}, {"type": "Feature", "properties": {"osm_type": "line", "voltage_kv": 400.0, "name": "Tuovila - Hirvisuo", "avail": 0}, "geometry": {"type": "LineString", "coordinates": [[22.6415, 63.501], [22.6467, 63.5013], [22.6536, 63.5017], [22.6601, 63.5021], [22.6667, 63.5024], [22.6745, 63.5029], [22.6809, 63.5032], [22.6889, 63.5037], [22.695, 63.5042], [22.7026, 63.5056], [22.7102, 63.507], [22.7173, 63.5083], [22.7247, 63.5096], [22.7318, 63.5109], [22.7387, 63.5126], [22.7448, 63.5142], [22.7493, 63.5164], [22.7516, 63.5191], [22.754, 63.5221], [22.7567, 63.5252], [22.7595, 63.5286], [22.7621, 63.5317], [22.7646, 63.5347], [22.7674, 63.5381], [22.7703, 63.5414], [22.7737, 63.5443], [22.778, 63.547], [22.7814, 63.5501], [22.7845, 63.5537], [22.7876, 63.5572], [22.7905, 63.5607], [22.7937, 63.5643], [22.796, 63.567], [22.7984, 63.5698], [22.8025, 63.5724], [22.8078, 63.5754], [22.8129, 63.5782], [22.8178, 63.5806], [22.8226, 63.5826], [22.8272, 63.5845], [22.8313, 63.5874], [22.8342, 63.5895], [22.8408, 63.5902], [22.8483, 63.591], [22.8567, 63.5919], [22.8643, 63.5927], [22.8709, 63.5934], [22.8784, 63.5942], [22.8862, 63.595], [22.8927, 63.5957], [22.8998, 63.5965], [22.9076, 63.5973], [22.9146, 63.5984], [22.9213, 63.6002], [22.9264, 63.6027], [22.9317, 63.6057], [22.9337, 63.6089], [22.9347, 63.6125], [22.9356, 63.6162], [22.9365, 63.62], [22.9374, 63.6234], [22.9385, 63.6266], [22.9392, 63.6294], [22.9423, 63.6311], [22.9455, 63.6327], [22.9494, 63.6345], [22.9538, 63.6368], [22.9581, 63.639], [22.9624, 63.6413], [22.967, 63.6436], [22.9707, 63.6459], [22.9746, 63.6483], [22.9785, 63.6506], [22.983, 63.6534], [22.9876, 63.6562], [22.992, 63.6589], [22.9966, 63.6617], [22.9994, 63.6647], [23.0004, 63.6681], [22.9998, 63.6714], [22.9985, 63.6747], [22.9973, 63.678], [22.9959, 63.6814], [22.9947, 63.6843], [22.9944, 63.6878], [22.9948, 63.6909], [22.9953, 63.6941], [22.9956, 63.6975], [22.9961, 63.7011], [22.9965, 63.7047], [22.9968, 63.7079], [22.9978, 63.7103]]}}, {"type": "Feature", "properties": {"osm_type": "line", "voltage_kv": 400.0, "name": "Tuovila - Hirvisuo", "avail": 0}, "geometry": {"type": "LineString", "coordinates": [[22.573, 63.4463], [22.5773, 63.4487], [22.582, 63.4515], [22.5852, 63.4536], [22.5889, 63.4561], [22.5921, 63.4584], [22.5949, 63.4616], [22.5976, 63.4644], [22.6006, 63.4675], [22.6035, 63.4707], [22.6067, 63.4742], [22.6098, 63.4775], [22.614, 63.4806], [22.6179, 63.4835], [22.6221, 63.4867], [22.626, 63.4896], [22.6304, 63.4929], [22.6341, 63.4956], [22.6376, 63.4982], [22.6415, 63.501]]}}, {"type": "Feature", "properties": {"osm_type": "line", "voltage_kv": 400.0, "name": "Kangasala-Toivila", "avail": 2, "avail_node": "ORIVESI"}, "geometry": {"type": "LineString", "coordinates": [[24.1805, 61.6305], [24.1818, 61.6313], [24.184, 61.6325], [24.1871, 61.6351], [24.1896, 61.6378], [24.1933, 61.6408], [24.1966, 61.6437], [24.1996, 61.6462], [24.2023, 61.6497], [24.2053, 61.6523], [24.2102, 61.6553], [24.2135, 61.6575], [24.2177, 61.6601], [24.2211, 61.6623], [24.2245, 61.6644], [24.229, 61.6673], [24.2334, 61.6701], [24.2367, 61.6725], [24.2398, 61.6748], [24.2436, 61.6777], [24.2462, 61.6796], [24.2501, 61.6826], [24.2537, 61.6854], [24.2574, 61.6881], [24.2614, 61.6911], [24.2652, 61.6939], [24.2698, 61.6974], [24.2742, 61.7007], [24.2773, 61.7028], [24.2856, 61.7083], [24.2907, 61.7116], [24.2952, 61.7139], [24.2998, 61.7165], [24.3038, 61.7181], [24.31, 61.7185], [24.3168, 61.7189], [24.3312, 61.7198], [24.3378, 61.7198], [24.3442, 61.7198], [24.3499, 61.72], [24.3557, 61.7202], [24.3625, 61.7208], [24.3676, 61.7213], [24.3725, 61.7219], [24.3794, 61.7226], [24.3848, 61.7232], [24.3915, 61.724], [24.3992, 61.7248], [24.4071, 61.7257], [24.4151, 61.7265], [24.4239, 61.7271], [24.4297, 61.7275], [24.439, 61.7281], [24.4452, 61.7285], [24.4507, 61.7289], [24.456, 61.7292], [24.463, 61.7297], [24.4704, 61.7298], [24.4764, 61.7302], [24.4827, 61.7306], [24.4898, 61.7312], [24.4971, 61.7313], [24.505, 61.7307], [24.5123, 61.7299], [24.5198, 61.7295], [24.5271, 61.7296], [24.5323, 61.7294], [24.5368, 61.729], [24.544, 61.7284], [24.55, 61.7279], [24.5547, 61.7279], [24.5628, 61.7283], [24.5695, 61.7287], [24.5759, 61.7295], [24.5827, 61.7301], [24.5896, 61.7308], [24.5985, 61.7318], [24.6038, 61.7324], [24.6126, 61.7333], [24.6195, 61.7349], [24.6259, 61.7363], [24.632, 61.7377], [24.639, 61.7392], [24.6439, 61.7403], [24.646, 61.7408], [24.6534, 61.7419], [24.6627, 61.7425], [24.6767, 61.7429], [24.7044, 61.7436], [24.712, 61.7438], [24.7169, 61.7443], [24.7213, 61.7449], [24.729, 61.7464], [24.7348, 61.7478], [24.741, 61.7489], [24.7492, 61.75], [24.7572, 61.7505], [24.764, 61.7514], [24.7696, 61.752], [24.777, 61.7529], [24.7831, 61.7533], [24.7905, 61.7539], [24.7963, 61.7545], [24.8035, 61.7558], [24.8092, 61.7583], [24.8146, 61.7608], [24.8179, 61.7623], [24.822, 61.7643], [24.8263, 61.7673], [24.8301, 61.7699], [24.8355, 61.7728], [24.84, 61.7742], [24.8454, 61.7761], [24.8534, 61.7779], [24.8599, 61.7792], [24.8675, 61.7806], [24.8711, 61.7835], [24.8747, 61.7865], [24.8773, 61.7884], [24.8813, 61.7915], [24.8866, 61.7947], [24.8917, 61.7971], [24.8973, 61.7989], [24.9037, 61.8006], [24.9098, 61.8021], [24.9166, 61.8038], [24.9214, 61.805], [24.9251, 61.8065], [24.9303, 61.8085], [24.9356, 61.8102], [24.943, 61.8117], [24.9478, 61.8128], [24.9532, 61.8139], [24.9599, 61.8153], [24.9639, 61.8163], [24.9699, 61.8175], [24.9771, 61.8195], [24.984, 61.8222], [24.9891, 61.8249], [24.994, 61.8274], [24.999, 61.8294], [25.004, 61.8307], [25.0075, 61.8315], [25.0124, 61.833], [25.0173, 61.8347], [25.0214, 61.8365], [25.0255, 61.8383], [25.0294, 61.84], [25.0324, 61.8414], [25.0355, 61.8428], [25.0392, 61.8448], [25.0438, 61.8473], [25.0478, 61.8502], [25.0512, 61.8526], [25.0557, 61.8557], [25.0601, 61.8587], [25.0654, 61.8624], [25.0695, 61.8652], [25.0736, 61.868], [25.0793, 61.8709], [25.0839, 61.8728], [25.0843, 61.8729], [25.0846, 61.8731], [25.0851, 61.8733], [25.0854, 61.8734], [25.0864, 61.8739], [25.0882, 61.8747], [25.0884, 61.8747], [25.0893, 61.8751], [25.0944, 61.8772], [25.0998, 61.8794], [25.1055, 61.8822], [25.1085, 61.8838], [25.1108, 61.885], [25.1122, 61.8858], [25.1124, 61.8859], [25.1152, 61.8874], [25.1201, 61.89], [25.1255, 61.8923], [25.1274, 61.8927]]}}, {"type": "Feature", "properties": {"osm_type": "line", "voltage_kv": 400.0, "avail": 6, "avail_node": "RUUTANA"}, "geometry": {"type": "LineString", "coordinates": [[24.1307, 61.5998], [24.1348, 61.6021], [24.1387, 61.6046], [24.1426, 61.6075], [24.1467, 61.6107], [24.1505, 61.6136], [24.1539, 61.6162], [24.1575, 61.6188], [24.1623, 61.6215], [24.1674, 61.6239], [24.1727, 61.6264], [24.1772, 61.6286], [24.1805, 61.6305]]}}, {"type": "Feature", "properties": {"osm_type": "line", "voltage_kv": 400.0, "name": "Huutokoski - Alapitk\u00e4", "avail": 0}, "geometry": {"type": "LineString", "coordinates": [[27.668, 62.2138], [27.6707, 62.2138], [27.672, 62.2151], [27.6745, 62.2182], [27.6769, 62.2213], [27.6798, 62.2239], [27.6832, 62.227], [27.6818, 62.2302], [27.6806, 62.233], [27.6792, 62.2364], [27.6779, 62.2394], [27.6768, 62.2419], [27.6761, 62.2454], [27.6753, 62.249], [27.6745, 62.2527], [27.6738, 62.2559], [27.6731, 62.2594], [27.6716, 62.2621], [27.6683, 62.2655], [27.6648, 62.2683], [27.6616, 62.2709], [27.6577, 62.2741], [27.6504, 62.2801], [27.6464, 62.2833], [27.6427, 62.2863], [27.6405, 62.2885], [27.6379, 62.2912], [27.635, 62.2941], [27.6313, 62.2977], [27.6283, 62.3009], [27.6257, 62.3035], [27.6226, 62.3067], [27.619, 62.3104], [27.6174, 62.312], [27.6157, 62.3137], [27.6149, 62.3145], [27.6125, 62.3169], [27.609, 62.3205], [27.6059, 62.3237], [27.6025, 62.3271], [27.5984, 62.3304], [27.5944, 62.3335], [27.592, 62.3364], [27.589, 62.3398], [27.5861, 62.343], [27.5832, 62.3461], [27.5815, 62.348], [27.5804, 62.3493], [27.5775, 62.3524], [27.5753, 62.3556], [27.5752, 62.3558], [27.5743, 62.357], [27.5742, 62.3571], [27.5728, 62.359], [27.5693, 62.3621], [27.5654, 62.3645], [27.5618, 62.3668], [27.558, 62.3691], [27.5525, 62.3722], [27.5471, 62.3746], [27.5428, 62.3765], [27.5381, 62.379], [27.534, 62.3817], [27.5313, 62.3844], [27.5283, 62.3875], [27.5245, 62.3913], [27.5213, 62.3945], [27.5174, 62.3973], [27.514, 62.3997], [27.5108, 62.4021], [27.5069, 62.4058], [27.5042, 62.4085], [27.5014, 62.4115], [27.4991, 62.4146], [27.4968, 62.418], [27.4955, 62.4215], [27.4944, 62.4248], [27.4931, 62.4283], [27.4911, 62.431], [27.4888, 62.434], [27.4861, 62.4375], [27.4857, 62.438], [27.4837, 62.4407], [27.481, 62.4442], [27.4789, 62.447], [27.4769, 62.4508], [27.4744, 62.4546], [27.4713, 62.4576], [27.4684, 62.4603], [27.4658, 62.4635], [27.4642, 62.4662], [27.4637, 62.4694], [27.4632, 62.4721], [27.463, 62.4751], [27.4642, 62.4788], [27.4656, 62.4831], [27.4666, 62.4859], [27.4677, 62.4891], [27.4687, 62.4922], [27.47, 62.4962], [27.471, 62.5001], [27.4717, 62.504], [27.4722, 62.507], [27.4727, 62.51], [27.4732, 62.5131], [27.4739, 62.5167], [27.4743, 62.5193], [27.4749, 62.5223], [27.4755, 62.5258], [27.476, 62.5291], [27.4763, 62.532], [27.4761, 62.5352], [27.4758, 62.538], [27.4759, 62.5413], [27.4765, 62.5437], [27.4771, 62.5465], [27.4771, 62.5467], [27.4779, 62.5501], [27.479, 62.5532], [27.4802, 62.5564], [27.4814, 62.5598], [27.4815, 62.5634], [27.4812, 62.5666], [27.481, 62.5698], [27.4822, 62.5736], [27.4831, 62.5766], [27.4839, 62.5791], [27.4848, 62.5821], [27.4854, 62.5841], [27.4851, 62.5868], [27.4841, 62.5902], [27.4826, 62.5932], [27.4817, 62.5965], [27.4811, 62.5985], [27.4804, 62.601], [27.4794, 62.604], [27.4781, 62.6081], [27.477, 62.6114], [27.476, 62.6148], [27.4749, 62.6191], [27.4741, 62.6219], [27.4734, 62.6241], [27.4721, 62.627], [27.4697, 62.6298], [27.4667, 62.6325], [27.4636, 62.6356], [27.4609, 62.6381], [27.4578, 62.641], [27.4571, 62.6421], [27.4556, 62.6445], [27.4536, 62.6484], [27.4518, 62.6518], [27.4499, 62.6555], [27.4479, 62.6591], [27.4473, 62.6632], [27.4477, 62.6664], [27.448, 62.6694], [27.4484, 62.6729], [27.4486, 62.6774], [27.4482, 62.6807], [27.4483, 62.6839], [27.4484, 62.6862], [27.4485, 62.6871], [27.4486, 62.6906], [27.4487, 62.6939], [27.4488, 62.6972], [27.4483, 62.7005], [27.4478, 62.7036], [27.4471, 62.7068], [27.4465, 62.7101], [27.446, 62.7129], [27.4454, 62.716], [27.4448, 62.7191], [27.4441, 62.7229], [27.4423, 62.7264], [27.4407, 62.729], [27.4385, 62.7327], [27.4365, 62.7359], [27.4347, 62.7391], [27.4344, 62.7403], [27.4338, 62.7429], [27.4328, 62.7467], [27.4321, 62.7498], [27.4312, 62.7535], [27.4291, 62.7573], [27.4276, 62.7598], [27.4253, 62.7638], [27.4229, 62.7679], [27.4208, 62.7716], [27.4186, 62.7754], [27.4165, 62.7791], [27.4143, 62.7829], [27.4115, 62.7865], [27.408, 62.7898], [27.4052, 62.7925], [27.4019, 62.7956], [27.3985, 62.7988], [27.3948, 62.8022], [27.3914, 62.8054], [27.3885, 62.8084], [27.3866, 62.8116], [27.3854, 62.8147], [27.3843, 62.8176], [27.3823, 62.8208], [27.3802, 62.8243], [27.378, 62.8277], [27.3759, 62.8311], [27.3736, 62.8348], [27.3715, 62.8381], [27.3695, 62.8414], [27.3677, 62.8442], [27.3665, 62.8461], [27.3653, 62.848], [27.3646, 62.8511], [27.364, 62.8535], [27.3633, 62.8559], [27.3627, 62.8584], [27.3619, 62.8618], [27.3611, 62.8653], [27.3601, 62.869], [27.3595, 62.8715], [27.3587, 62.8747], [27.3577, 62.8783], [27.3558, 62.8815], [27.3539, 62.8849], [27.3519, 62.8883], [27.3497, 62.8922], [27.3477, 62.8956], [27.3456, 62.8993], [27.3433, 62.9032], [27.3423, 62.9064], [27.3412, 62.9094], [27.3414, 62.912], [27.3416, 62.9159], [27.3418, 62.92], [27.3436, 62.9238], [27.3449, 62.9266], [27.3466, 62.93], [27.3469, 62.932], [27.347, 62.9334], [27.3472, 62.9343], [27.3474, 62.9357], [27.3477, 62.9386], [27.3482, 62.9421], [27.3487, 62.9457], [27.3492, 62.9493], [27.3497, 62.9528], [27.3502, 62.9566], [27.3519, 62.9604], [27.3542, 62.9631], [27.3567, 62.9662], [27.3568, 62.9665], [27.3569, 62.9667], [27.3578, 62.9688], [27.3591, 62.972], [27.3602, 62.9748], [27.3628, 62.9811], [27.365, 62.9845], [27.3689, 62.9886], [27.3723, 62.9906], [27.3754, 62.9929], [27.38, 62.995], [27.4001, 63.0036], [27.4041, 63.005], [27.412, 63.0078], [27.4168, 63.0094], [27.4223, 63.0113], [27.425, 63.0123], [27.4277, 63.0132], [27.4318, 63.0153], [27.4333, 63.016], [27.4336, 63.0162], [27.4364, 63.0176], [27.4396, 63.0193], [27.4444, 63.0225], [27.4487, 63.0254], [27.4525, 63.028], [27.4559, 63.0314], [27.4593, 63.0347], [27.4619, 63.0382], [27.4647, 63.0419], [27.4662, 63.0459], [27.4676, 63.0496], [27.4687, 63.0527], [27.4699, 63.055], [27.47, 63.0553], [27.4705, 63.0559], [27.4706, 63.056], [27.4727, 63.0588], [27.475, 63.062], [27.4778, 63.0657], [27.4802, 63.069], [27.4832, 63.0724], [27.4843, 63.0746], [27.4848, 63.0757], [27.4857, 63.0774], [27.4874, 63.0811], [27.4892, 63.0846], [27.4898, 63.0873], [27.4907, 63.0906], [27.4917, 63.0941], [27.4918, 63.0946], [27.4926, 63.0976], [27.4936, 63.1015], [27.4945, 63.1055], [27.4956, 63.1096], [27.4964, 63.1128], [27.4976, 63.1159], [27.4979, 63.1169], [27.5006, 63.1203], [27.5032, 63.1236], [27.5057, 63.1268], [27.506, 63.1271], [27.5062, 63.1273], [27.5088, 63.1307], [27.5112, 63.1336], [27.514, 63.1372], [27.5155, 63.14], [27.5176, 63.1429], [27.5193, 63.1454], [27.5212, 63.148], [27.5233, 63.1511], [27.5244, 63.1543], [27.5242, 63.1583], [27.5243, 63.1615], [27.5243, 63.1657], [27.5242, 63.1687], [27.5242, 63.1722], [27.5241, 63.1753], [27.5237, 63.1787], [27.5226, 63.1826], [27.5222, 63.1857], [27.522, 63.1874], [27.5225, 63.1883]]}}, {"type": "Feature", "properties": {"osm_type": "line", "voltage_kv": 400.0, "name": "Pyh\u00e4nselk\u00e4 - Vuolijoki", "avail": 0}, "geometry": {"type": "LineString", "coordinates": [[26.187, 64.7836], [26.1913, 64.7802], [26.1962, 64.777], [26.2, 64.7737], [26.204, 64.7701], [26.208, 64.7666], [26.212, 64.7631], [26.2156, 64.7599], [26.2195, 64.7565], [26.2237, 64.7528], [26.2279, 64.7492], [26.2319, 64.7457], [26.2358, 64.7423], [26.2396, 64.739], [26.2434, 64.7356], [26.2472, 64.7321], [26.2509, 64.7285], [26.2544, 64.7251], [26.2581, 64.7215], [26.2618, 64.7181], [26.2655, 64.7144], [26.2692, 64.7109], [26.2728, 64.7075], [26.2763, 64.7042], [26.2799, 64.7007], [26.2834, 64.6973], [26.2873, 64.6941], [26.2912, 64.691], [26.2949, 64.6879], [26.2987, 64.6848], [26.3029, 64.6813], [26.3066, 64.6783], [26.3108, 64.6748], [26.3149, 64.6714], [26.3185, 64.6685], [26.3223, 64.6648], [26.3255, 64.6609], [26.3285, 64.6572], [26.3316, 64.6535], [26.3343, 64.6502], [26.3372, 64.6467], [26.3402, 64.6435], [26.3434, 64.6401], [26.3466, 64.6367], [26.3497, 64.6334], [26.3527, 64.6301], [26.356, 64.6267], [26.3594, 64.6231], [26.3627, 64.6196], [26.3659, 64.6162], [26.3692, 64.6126], [26.3726, 64.6091], [26.3759, 64.6057], [26.3791, 64.6022], [26.3823, 64.5987], [26.3856, 64.5952], [26.3891, 64.5915], [26.3922, 64.5882], [26.3954, 64.5847], [26.3987, 64.5812], [26.402, 64.5777], [26.4053, 64.5742], [26.4086, 64.5707], [26.4118, 64.5673], [26.4151, 64.5638], [26.4184, 64.5602], [26.4216, 64.5568], [26.4248, 64.5535], [26.429, 64.5505], [26.4337, 64.5474], [26.4389, 64.5445], [26.4447, 64.5418], [26.4504, 64.5391], [26.4562, 64.5364], [26.462, 64.5337], [26.4677, 64.531], [26.4736, 64.5283], [26.4794, 64.5256], [26.4853, 64.5228], [26.4915, 64.5199], [26.4973, 64.5172], [26.5033, 64.5143], [26.5093, 64.5116], [26.5153, 64.5087], [26.5213, 64.5059], [26.5268, 64.5034], [26.532, 64.5001], [26.5367, 64.4971], [26.5414, 64.4942], [26.5448, 64.491], [26.5483, 64.4877], [26.5518, 64.4845], [26.5553, 64.4811], [26.559, 64.4777], [26.5626, 64.4743], [26.5664, 64.4709], [26.5702, 64.4676], [26.5739, 64.4643], [26.5775, 64.4611], [26.5813, 64.4578], [26.5848, 64.4546], [26.5883, 64.4516], [26.5916, 64.4486], [26.5944, 64.4452], [26.5971, 64.4417], [26.5991, 64.4382], [26.6003, 64.435], [26.6017, 64.4313], [26.6032, 64.4276], [26.6055, 64.4238], [26.6077, 64.4202], [26.6099, 64.4164], [26.6121, 64.4127], [26.6143, 64.4091], [26.6166, 64.4053], [26.6189, 64.4015], [26.6214, 64.3979], [26.6238, 64.3943], [26.626, 64.3908], [26.6285, 64.3868], [26.6297, 64.3846], [26.6319, 64.3808], [26.6339, 64.3772], [26.6373, 64.3738], [26.6408, 64.3702], [26.6443, 64.3667], [26.6478, 64.3631], [26.6511, 64.3597], [26.6545, 64.3566], [26.6582, 64.3533], [26.6618, 64.3499], [26.6656, 64.3464], [26.6694, 64.3429], [26.6738, 64.3396], [26.6789, 64.3365], [26.6841, 64.3333], [26.689, 64.3303], [26.694, 64.3272], [26.6992, 64.3241], [26.7043, 64.321], [26.7093, 64.3177], [26.7141, 64.3145], [26.7189, 64.3114], [26.7239, 64.3081], [26.7286, 64.3049], [26.7334, 64.3017], [26.7381, 64.2985], [26.7424, 64.2951], [26.7463, 64.2921], [26.7504, 64.2889], [26.7545, 64.2857], [26.7588, 64.2823], [26.7631, 64.279], [26.7674, 64.2757], [26.7717, 64.2723], [26.7759, 64.269], [26.7802, 64.2657], [26.7844, 64.2624], [26.7884, 64.2591], [26.7924, 64.2558], [26.7956, 64.2531], [26.7999, 64.2505], [26.8049, 64.2477], [26.81, 64.2449], [26.8157, 64.2421], [26.8219, 64.2391], [26.8277, 64.2362], [26.8335, 64.2334], [26.8388, 64.2309], [26.8445, 64.2281], [26.85, 64.2251], [26.8549, 64.2224], [26.8606, 64.2193], [26.8659, 64.2164], [26.8708, 64.2137], [26.8761, 64.2108], [26.8816, 64.2079], [26.8874, 64.2048], [26.8926, 64.2021], [26.8978, 64.1994], [26.9029, 64.1965], [26.9079, 64.1935], [26.9128, 64.1906], [26.9177, 64.1878], [26.9225, 64.1851], [26.9282, 64.1828], [26.9341, 64.1812], [26.9416, 64.1799], [26.9474, 64.1789], [26.9557, 64.1774], [26.9639, 64.176], [26.9713, 64.1747], [26.9789, 64.173], [26.9868, 64.1713], [26.9938, 64.1698], [26.9993, 64.1685], [27.0077, 64.1667], [27.0151, 64.165], [27.0227, 64.1635], [27.0307, 64.1618], [27.0388, 64.1601], [27.0467, 64.1585], [27.0545, 64.1569], [27.0624, 64.1553], [27.0706, 64.1537], [27.0787, 64.1521], [27.0867, 64.1505], [27.0947, 64.149], [27.1026, 64.1474], [27.1103, 64.1458], [27.118, 64.1442], [27.1258, 64.1426], [27.1333, 64.141], [27.1409, 64.1395], [27.1486, 64.1379], [27.1564, 64.1363], [27.1645, 64.1344], [27.1726, 64.1327], [27.1804, 64.131], [27.1876, 64.1294], [27.1943, 64.1279], [27.2003, 64.1259], [27.2053, 64.1236], [27.2099, 64.1206], [27.212, 64.1184], [27.2136, 64.1154], [27.2141, 64.1121], [27.2146, 64.1084], [27.2149, 64.1059], [27.215, 64.1054], [27.215, 64.1053]]}}, {"type": "Feature", "properties": {"osm_type": "line", "voltage_kv": 400.0, "name": "Pikkarala - Alaj\u00e4rvi J1", "avail": 0}, "geometry": {"type": "LineString", "coordinates": [[24.8766, 63.9733], [24.875, 63.9718], [24.8741, 63.9709], [24.8731, 63.9699], [24.8708, 63.9677], [24.8704, 63.9649], [24.8699, 63.9621], [24.8694, 63.9593], [24.869, 63.9566], [24.8685, 63.9536], [24.8681, 63.9505], [24.8645, 63.9481], [24.8611, 63.9457], [24.8572, 63.9431], [24.8531, 63.9402], [24.8499, 63.938], [24.846, 63.9352], [24.8421, 63.9325], [24.8383, 63.9299], [24.835, 63.9275], [24.8315, 63.9251], [24.8287, 63.9224], [24.826, 63.9197], [24.8232, 63.9171], [24.8205, 63.9143], [24.818, 63.9118], [24.8161, 63.9093], [24.8141, 63.9064], [24.8119, 63.9035], [24.8108, 63.9021], [24.8096, 63.9005], [24.8076, 63.8977], [24.8054, 63.8947], [24.8031, 63.8917], [24.8012, 63.889], [24.7989, 63.8859], [24.7967, 63.883], [24.7946, 63.8802], [24.7926, 63.8774], [24.7903, 63.8743], [24.7886, 63.872], [24.7862, 63.8688], [24.7839, 63.8656], [24.7818, 63.8628], [24.7797, 63.8599], [24.7775, 63.8568], [24.7754, 63.8541], [24.7735, 63.8515], [24.7714, 63.8485], [24.7693, 63.8457], [24.7673, 63.8429], [24.7652, 63.8401], [24.7631, 63.8371], [24.761, 63.8342], [24.759, 63.8315], [24.7569, 63.8286], [24.7551, 63.8264], [24.7526, 63.8233], [24.7499, 63.8203], [24.7473, 63.8172], [24.7447, 63.8143], [24.7421, 63.8114], [24.7395, 63.8084], [24.737, 63.8055], [24.7351, 63.8033], [24.7324, 63.8002], [24.7297, 63.7971], [24.727, 63.794], [24.7244, 63.7911], [24.7218, 63.7881], [24.719, 63.7849], [24.7168, 63.7824], [24.714, 63.7793], [24.7114, 63.7763], [24.7086, 63.7732], [24.7061, 63.7703], [24.7036, 63.7674], [24.701, 63.7645], [24.6982, 63.7614], [24.6959, 63.7588], [24.6933, 63.7559], [24.6909, 63.753], [24.6885, 63.7503], [24.6861, 63.7477], [24.6837, 63.7449], [24.6812, 63.7421], [24.6788, 63.7394], [24.6761, 63.7364], [24.6736, 63.7335], [24.6711, 63.7307], [24.6685, 63.7277], [24.6656, 63.7245], [24.6631, 63.7216], [24.6605, 63.7187], [24.6581, 63.7157], [24.6557, 63.7126], [24.6537, 63.7097], [24.6516, 63.7066], [24.6496, 63.7036], [24.6475, 63.7005], [24.6453, 63.6974], [24.6433, 63.6944], [24.6412, 63.6914], [24.6393, 63.6887], [24.6374, 63.6859], [24.6352, 63.6828], [24.6331, 63.6796], [24.6311, 63.6767], [24.629, 63.6737], [24.627, 63.6707], [24.6248, 63.6676], [24.6227, 63.6646], [24.6208, 63.6617], [24.6188, 63.659], [24.6167, 63.6559], [24.6147, 63.6531], [24.6127, 63.6502], [24.6106, 63.6472], [24.6085, 63.6441], [24.6066, 63.6413], [24.6044, 63.6383], [24.6023, 63.6353], [24.6003, 63.6324], [24.5981, 63.6294], [24.5961, 63.6265], [24.594, 63.6234], [24.5917, 63.6203], [24.5898, 63.6175], [24.5878, 63.6148], [24.5859, 63.612], [24.584, 63.6093], [24.5821, 63.6067], [24.5802, 63.6038], [24.5776, 63.6004], [24.5757, 63.5975], [24.5737, 63.5947], [24.5716, 63.5916], [24.5694, 63.5886], [24.5675, 63.5859], [24.5651, 63.5825], [24.5632, 63.5798], [24.5611, 63.5769], [24.5591, 63.574], [24.5571, 63.5712], [24.5552, 63.5685], [24.5532, 63.5657], [24.5511, 63.5628], [24.549, 63.5598], [24.5473, 63.5574], [24.5455, 63.5548], [24.5433, 63.5518], [24.5407, 63.549], [24.538, 63.5461], [24.5356, 63.5436], [24.5326, 63.5407], [24.5295, 63.5376], [24.5266, 63.5347], [24.5237, 63.5317], [24.5207, 63.5288], [24.5178, 63.5258], [24.5148, 63.5229], [24.5119, 63.5199], [24.5093, 63.5174], [24.5062, 63.5142], [24.5033, 63.5113], [24.5005, 63.5085], [24.4976, 63.5057], [24.4945, 63.5027], [24.4915, 63.4999], [24.4884, 63.4969], [24.4854, 63.494], [24.4824, 63.4911], [24.4796, 63.4884], [24.4767, 63.4857], [24.4736, 63.4827], [24.4705, 63.4797], [24.4675, 63.4769], [24.4644, 63.4739], [24.4613, 63.471], [24.4583, 63.468], [24.4556, 63.4655], [24.453, 63.463], [24.4498, 63.4599], [24.4469, 63.457], [24.4444, 63.4547], [24.4415, 63.4519], [24.4386, 63.4491], [24.4357, 63.4463], [24.4329, 63.4436], [24.4299, 63.4407], [24.4274, 63.4383], [24.4247, 63.4356], [24.4217, 63.4328], [24.4186, 63.4299], [24.4155, 63.427], [24.4125, 63.424], [24.4095, 63.4212], [24.4066, 63.4183], [24.4035, 63.4155], [24.4006, 63.4126], [24.3975, 63.4096], [24.3947, 63.4069], [24.3916, 63.4039], [24.3888, 63.4013], [24.3859, 63.3984], [24.3829, 63.3956], [24.3803, 63.3931], [24.3773, 63.3902], [24.3745, 63.3875], [24.3714, 63.3846], [24.3684, 63.3817], [24.3655, 63.3789], [24.3625, 63.376], [24.3595, 63.3731], [24.3565, 63.3703], [24.3536, 63.3675], [24.3505, 63.3646], [24.3479, 63.362], [24.3451, 63.3594], [24.3424, 63.3566], [24.3397, 63.3541], [24.3369, 63.3513], [24.334, 63.3484], [24.3314, 63.3455], [24.329, 63.3425], [24.3267, 63.3397], [24.3244, 63.3368], [24.3221, 63.3339], [24.3199, 63.3311], [24.3176, 63.3283], [24.3153, 63.3253], [24.3131, 63.3225], [24.3107, 63.3196], [24.3084, 63.3167], [24.3062, 63.314], [24.3039, 63.3111], [24.3017, 63.3082], [24.2993, 63.3053], [24.2971, 63.3025], [24.2948, 63.2996], [24.2925, 63.2968], [24.2904, 63.2941], [24.2881, 63.2912], [24.2857, 63.2882], [24.2833, 63.2852], [24.2813, 63.2823], [24.2794, 63.2794], [24.2777, 63.2764], [24.276, 63.2735], [24.2743, 63.2706], [24.2725, 63.2676], [24.2707, 63.2644], [24.2689, 63.2614], [24.2671, 63.2582], [24.2653, 63.2551], [24.2634, 63.2519], [24.2619, 63.2492], [24.26, 63.246], [24.2576, 63.243], [24.2553, 63.2401], [24.253, 63.2371], [24.2507, 63.2343], [24.2484, 63.2314], [24.2463, 63.2286], [24.2441, 63.2258], [24.2418, 63.223], [24.2395, 63.22], [24.2372, 63.217], [24.2348, 63.214], [24.2325, 63.2111], [24.2301, 63.208], [24.2277, 63.205], [24.2254, 63.202], [24.2231, 63.1991], [24.2208, 63.1963], [24.2186, 63.1934], [24.2163, 63.1904], [24.2138, 63.1873], [24.2116, 63.1844], [24.2093, 63.1815], [24.2069, 63.1784], [24.2049, 63.1759], [24.2025, 63.1729], [24.2003, 63.17], [24.1979, 63.167], [24.1956, 63.1641], [24.1934, 63.1613], [24.1911, 63.1583], [24.1888, 63.1555], [24.1882, 63.1528], [24.1874, 63.1496], [24.1869, 63.1465], [24.1863, 63.1433], [24.1855, 63.1401], [24.185, 63.1378], [24.1844, 63.1346], [24.1837, 63.1315], [24.183, 63.1284], [24.1824, 63.1254], [24.1816, 63.122], [24.1811, 63.1195], [24.1803, 63.1161], [24.1796, 63.113], [24.179, 63.1102], [24.1784, 63.107], [24.1777, 63.1039], [24.177, 63.1008], [24.1763, 63.0977], [24.1756, 63.0945], [24.1749, 63.0913], [24.1742, 63.0881], [24.1735, 63.0848], [24.1728, 63.0817], [24.1722, 63.0787], [24.1715, 63.0755], [24.1709, 63.0726], [24.1705, 63.0695], [24.17, 63.0664], [24.1696, 63.0633], [24.1691, 63.0601], [24.1689, 63.057], [24.1687, 63.0539], [24.1685, 63.0508], [24.1683, 63.0478], [24.1681, 63.0445], [24.1678, 63.0415], [24.1667, 63.0381], [24.1644, 63.0359], [24.1615, 63.0333], [24.1616, 63.0322]]}}, {"type": "Feature", "properties": {"osm_type": "line", "voltage_kv": 400.0, "name": "Pikkarala - Alaj\u00e4rvi J2", "avail": 0}, "geometry": {"type": "LineString", "coordinates": [[24.8772, 63.9732], [24.8764, 63.9724], [24.8736, 63.9697], [24.8714, 63.9676], [24.871, 63.9647], [24.8706, 63.9619], [24.8701, 63.9591], [24.8696, 63.9564], [24.8691, 63.9534], [24.8688, 63.9504], [24.8651, 63.948], [24.8614, 63.9455], [24.8578, 63.9429], [24.8544, 63.9405], [24.8506, 63.9379], [24.8467, 63.9352], [24.8428, 63.9326], [24.8389, 63.9297], [24.8355, 63.9274], [24.8321, 63.925], [24.8293, 63.9223], [24.8264, 63.9194], [24.8237, 63.917], [24.8213, 63.9145], [24.8187, 63.9117], [24.8165, 63.9089], [24.8142, 63.9057], [24.8119, 63.9026], [24.8095, 63.8994], [24.8072, 63.8963], [24.8049, 63.8932], [24.8026, 63.8901], [24.8007, 63.8874], [24.7983, 63.8843], [24.796, 63.8812], [24.7937, 63.8781], [24.7914, 63.8749], [24.7896, 63.8725], [24.7873, 63.8693], [24.7851, 63.8664], [24.783, 63.8635], [24.7805, 63.8601], [24.7782, 63.857], [24.776, 63.8539], [24.7736, 63.8506], [24.7714, 63.8476], [24.769, 63.8443], [24.7667, 63.8411], [24.7643, 63.838], [24.7621, 63.8349], [24.7598, 63.8318], [24.7575, 63.8285], [24.7557, 63.8263], [24.7532, 63.8232], [24.7508, 63.8206], [24.7482, 63.8175], [24.7456, 63.8145], [24.743, 63.8116], [24.7402, 63.8084], [24.7375, 63.8053], [24.7352, 63.8026], [24.7325, 63.7995], [24.7301, 63.7968], [24.7273, 63.7936], [24.725, 63.791], [24.7224, 63.7881], [24.7196, 63.7849], [24.7173, 63.7822], [24.7148, 63.7793], [24.7123, 63.7765], [24.7096, 63.7736], [24.7072, 63.7707], [24.7044, 63.7676], [24.7017, 63.7646], [24.6989, 63.7614], [24.6964, 63.7586], [24.6936, 63.7554], [24.6908, 63.7522], [24.6881, 63.7491], [24.6854, 63.7461], [24.6828, 63.7431], [24.68, 63.74], [24.6772, 63.7369], [24.6745, 63.7337], [24.6717, 63.7306], [24.6689, 63.7273], [24.6661, 63.7243], [24.6635, 63.7212], [24.6609, 63.7182], [24.6585, 63.7153], [24.6561, 63.712], [24.6541, 63.7092], [24.6522, 63.7065], [24.6503, 63.7037], [24.6483, 63.7007], [24.6464, 63.6979], [24.6445, 63.6952], [24.6426, 63.6923], [24.6405, 63.6893], [24.6385, 63.6864], [24.6362, 63.6831], [24.634, 63.6799], [24.6318, 63.6767], [24.6295, 63.6734], [24.6275, 63.6705], [24.6253, 63.6673], [24.623, 63.664], [24.6211, 63.6612], [24.6188, 63.6579], [24.6166, 63.6547], [24.6143, 63.6515], [24.612, 63.6482], [24.6098, 63.645], [24.6076, 63.6418], [24.6053, 63.6386], [24.603, 63.6353], [24.601, 63.6325], [24.5986, 63.6292], [24.5964, 63.6259], [24.5942, 63.6227], [24.5919, 63.6195], [24.5897, 63.6164], [24.5875, 63.6132], [24.5853, 63.6101], [24.5831, 63.6069], [24.5809, 63.6039], [24.5785, 63.6004], [24.5764, 63.5975], [24.5745, 63.5948], [24.5723, 63.5917], [24.5701, 63.5886], [24.568, 63.5856], [24.5658, 63.5824], [24.5636, 63.5795], [24.5614, 63.5763], [24.5592, 63.5732], [24.5571, 63.5702], [24.5549, 63.567], [24.5526, 63.5639], [24.5504, 63.5608], [24.5482, 63.5577], [24.5463, 63.555], [24.5439, 63.5517], [24.5414, 63.549], [24.5386, 63.546], [24.5363, 63.5436], [24.5336, 63.5409], [24.5306, 63.5379], [24.5275, 63.5349], [24.5247, 63.532], [24.5217, 63.529], [24.5187, 63.526], [24.5158, 63.5231], [24.5128, 63.5201], [24.5099, 63.5171], [24.5068, 63.5141], [24.5038, 63.5111], [24.5011, 63.5084], [24.4983, 63.5056], [24.4951, 63.5026], [24.4922, 63.4998], [24.4893, 63.4971], [24.4864, 63.4943], [24.4834, 63.4914], [24.4804, 63.4885], [24.4772, 63.4855], [24.4742, 63.4826], [24.4711, 63.4797], [24.4682, 63.4769], [24.4653, 63.4741], [24.4622, 63.4712], [24.4591, 63.4681], [24.4562, 63.4654], [24.4537, 63.4629], [24.4507, 63.46], [24.4476, 63.4571], [24.4447, 63.4543], [24.4415, 63.4512], [24.4383, 63.4481], [24.4356, 63.4454], [24.4324, 63.4423], [24.4293, 63.4393], [24.426, 63.4362], [24.423, 63.4334], [24.42, 63.4305], [24.4172, 63.4277], [24.4143, 63.4249], [24.4113, 63.422], [24.4081, 63.419], [24.405, 63.416], [24.402, 63.4131], [24.3986, 63.41], [24.3957, 63.4072], [24.3924, 63.4041], [24.3895, 63.4013], [24.3863, 63.3982], [24.3832, 63.3952], [24.3802, 63.3923], [24.377, 63.3893], [24.3738, 63.3862], [24.3711, 63.3836], [24.3679, 63.3805], [24.3646, 63.3773], [24.3614, 63.3743], [24.3582, 63.3712], [24.3551, 63.3682], [24.3519, 63.3652], [24.3491, 63.3624], [24.3458, 63.3593], [24.3432, 63.3568], [24.3403, 63.3539], [24.3375, 63.3512], [24.3346, 63.3483], [24.332, 63.3454], [24.3296, 63.3424], [24.3272, 63.3395], [24.3248, 63.3364], [24.3224, 63.3334], [24.32, 63.3304], [24.3176, 63.3274], [24.3156, 63.3248], [24.3133, 63.322], [24.3111, 63.3191], [24.3087, 63.3161], [24.3063, 63.3132], [24.304, 63.3103], [24.3015, 63.3072], [24.299, 63.304], [24.2965, 63.3008], [24.2939, 63.2976], [24.2914, 63.2945], [24.2889, 63.2913], [24.2864, 63.2881], [24.284, 63.2851], [24.2819, 63.2822], [24.28, 63.2793], [24.2783, 63.2764], [24.2766, 63.2734], [24.275, 63.2706], [24.2731, 63.2675], [24.2712, 63.2641], [24.2694, 63.2609], [24.2674, 63.2576], [24.2655, 63.2543], [24.2637, 63.2511], [24.2626, 63.2492], [24.2606, 63.2459], [24.2581, 63.2427], [24.2556, 63.2395], [24.253, 63.2363], [24.2505, 63.2332], [24.248, 63.2299], [24.2456, 63.2268], [24.243, 63.2236], [24.2406, 63.2206], [24.2383, 63.2177], [24.2358, 63.2144], [24.2334, 63.2113], [24.2308, 63.2081], [24.2283, 63.2049], [24.2258, 63.2017], [24.2233, 63.1985], [24.2209, 63.1954], [24.2185, 63.1923], [24.2161, 63.1893], [24.2136, 63.1861], [24.2112, 63.183], [24.2087, 63.1799], [24.2063, 63.1768], [24.2038, 63.1736], [24.2013, 63.1705], [24.1988, 63.1673], [24.1964, 63.1642], [24.1939, 63.1611], [24.1917, 63.1583], [24.1895, 63.1554], [24.1891, 63.1529], [24.1882, 63.1495], [24.1876, 63.1465], [24.1869, 63.1434], [24.1863, 63.1403], [24.1856, 63.1377], [24.1849, 63.1343], [24.1842, 63.1311], [24.1835, 63.1279], [24.1829, 63.1248], [24.1821, 63.1214], [24.1816, 63.119], [24.1808, 63.1156], [24.1801, 63.1122], [24.1794, 63.1088], [24.1787, 63.1054], [24.1779, 63.1021], [24.1772, 63.0986], [24.1765, 63.0954], [24.1757, 63.0922], [24.175, 63.0888], [24.1743, 63.0854], [24.1736, 63.082], [24.1728, 63.0788], [24.1721, 63.0755], [24.1715, 63.0726], [24.1711, 63.0695], [24.1706, 63.0664], [24.1702, 63.0632], [24.1697, 63.0601], [24.1695, 63.057], [24.1693, 63.0537], [24.1691, 63.0502], [24.1689, 63.0467], [24.1687, 63.0434], [24.1685, 63.0401], [24.1673, 63.038], [24.165, 63.0358], [24.1623, 63.0334], [24.1623, 63.0322]]}}, {"type": "Feature", "properties": {"osm_type": "line", "voltage_kv": 400.0, "name": "Tuovila-Hirvisuo", "avail": 0}, "geometry": {"type": "LineString", "coordinates": [[21.9422, 63.0863], [21.9469, 63.0884], [21.9569, 63.0923], [21.9631, 63.0948], [21.9679, 63.0966], [21.9729, 63.0987], [21.9769, 63.1006], [21.9816, 63.1028], [21.9865, 63.1052], [21.993, 63.1083], [21.9974, 63.1105], [22.0023, 63.1129], [22.0057, 63.1147], [22.0099, 63.1167], [22.0152, 63.1193], [22.0204, 63.1219], [22.0251, 63.1242], [22.0291, 63.1262], [22.0325, 63.1279], [22.0381, 63.1307], [22.0431, 63.1333], [22.0486, 63.1361], [22.0533, 63.1387], [22.0594, 63.141], [22.0658, 63.1433], [22.0717, 63.1455], [22.0773, 63.1475], [22.0824, 63.1494], [22.0871, 63.1511], [22.0927, 63.1532], [22.0984, 63.1552], [22.1046, 63.1575], [22.1093, 63.1592], [22.1147, 63.1612], [22.1208, 63.1634], [22.1254, 63.165], [22.131, 63.1671], [22.1343, 63.1683], [22.1387, 63.17], [22.1427, 63.1715], [22.1501, 63.1743], [22.1558, 63.1764], [22.1596, 63.1778], [22.1654, 63.18], [22.1704, 63.182], [22.1754, 63.184], [22.1811, 63.1865], [22.1856, 63.1884], [22.1917, 63.1909], [22.1977, 63.1934], [22.2011, 63.1948], [22.2055, 63.1966], [22.2111, 63.199], [22.2166, 63.2011], [22.2215, 63.2031], [22.2284, 63.2058], [22.2338, 63.2079], [22.2396, 63.2103], [22.2482, 63.214], [22.2581, 63.2186], [22.2616, 63.2203], [22.2667, 63.2229], [22.2719, 63.2254], [22.2746, 63.2274], [22.2778, 63.2296], [22.282, 63.2319], [22.2858, 63.2334], [22.2907, 63.2344], [22.2943, 63.2351], [22.3006, 63.2378], [22.3057, 63.2406], [22.3097, 63.2423], [22.3145, 63.2446], [22.3185, 63.2466], [22.3232, 63.2489], [22.3273, 63.2509], [22.3322, 63.2533], [22.3368, 63.2557], [22.3414, 63.2579], [22.3458, 63.2601], [22.3504, 63.2624], [22.3548, 63.2645], [22.359, 63.2666], [22.3637, 63.269], [22.3688, 63.2715], [22.3732, 63.2737], [22.379, 63.2766], [22.3841, 63.2792], [22.3847, 63.2795], [22.3859, 63.2801], [22.3886, 63.2814], [22.393, 63.2837], [22.3933, 63.2838], [22.3983, 63.2863], [22.4028, 63.2886], [22.4077, 63.291], [22.4131, 63.2939], [22.4224, 63.2988], [22.4271, 63.3012], [22.4318, 63.3043], [22.4356, 63.3072], [22.4398, 63.3106], [22.4419, 63.3129], [22.4444, 63.3158], [22.4467, 63.3184], [22.4485, 63.3205], [22.4541, 63.3269], [22.4569, 63.33], [22.4618, 63.3355], [22.4624, 63.3363], [22.464, 63.3381], [22.4663, 63.3408], [22.4687, 63.3441], [22.4704, 63.3465], [22.4721, 63.3489], [22.4742, 63.352], [22.4762, 63.3548], [22.4785, 63.3581], [22.4808, 63.3613], [22.4833, 63.3649], [22.486, 63.3678], [22.4889, 63.3709], [22.4914, 63.3736], [22.4942, 63.3765], [22.4972, 63.3797], [22.4997, 63.3823], [22.5021, 63.3845], [22.5034, 63.3865]]}}, {"type": "Feature", "properties": {"osm_type": "line", "voltage_kv": 400.0, "name": "Tuovila - Hirvisuo", "avail": 0}, "geometry": {"type": "LineString", "coordinates": [[22.9978, 63.7103], [22.998, 63.7135], [22.9983, 63.7168], [22.9986, 63.7204], [22.9988, 63.7234], [22.9994, 63.7263], [22.9999, 63.7297], [23.0005, 63.7331], [23.001, 63.7364], [23.0015, 63.7394], [23.0027, 63.7423], [23.0039, 63.7452], [23.005, 63.7478], [23.0063, 63.7509]]}}, {"type": "Feature", "properties": {"osm_type": "line", "voltage_kv": 500.0, "name": "HVDC Fenno-Skan", "avail": 0}, "geometry": {"type": "LineString", "coordinates": [[21.4085, 61.0419], [21.4153, 61.0417], [21.4223, 61.0415], [21.4307, 61.0412], [21.439, 61.041], [21.4461, 61.0414], [21.4533, 61.0419], [21.4615, 61.0424], [21.4683, 61.0428], [21.4749, 61.0439], [21.4797, 61.0452], [21.4859, 61.047], [21.4909, 61.0489], [21.4964, 61.0511], [21.5024, 61.0529], [21.5087, 61.0545], [21.5142, 61.0558], [21.5184, 61.0568], [21.5241, 61.0588], [21.5301, 61.0609], [21.5366, 61.0618], [21.5422, 61.0624], [21.5485, 61.0637], [21.5556, 61.0656], [21.5604, 61.0677], [21.5657, 61.0694], [21.5723, 61.0706], [21.5798, 61.0714], [21.5859, 61.0718], [21.5882, 61.0717], [21.5928, 61.0716], [21.5997, 61.0712], [21.6052, 61.0709], [21.611, 61.0705], [21.6116, 61.0705], [21.6174, 61.0701], [21.6242, 61.0695], [21.6309, 61.0692], [21.6354, 61.069], [21.6429, 61.0688], [21.6483, 61.0691], [21.6536, 61.0702], [21.6588, 61.0713], [21.6647, 61.0724], [21.6713, 61.0735], [21.678, 61.0758], [21.6817, 61.0778], [21.6867, 61.0806], [21.692, 61.0836], [21.6958, 61.0854], [21.7005, 61.087], [21.7034, 61.0883], [21.7024, 61.0903], [21.7005, 61.0938], [21.6989, 61.0968], [21.697, 61.1005], [21.6947, 61.104], [21.6929, 61.1062], [21.6893, 61.1092], [21.6864, 61.1126], [21.6838, 61.1162], [21.6811, 61.1189], [21.6757, 61.1225], [21.6708, 61.1258], [21.6655, 61.1287], [21.6605, 61.1309], [21.655, 61.1332], [21.649, 61.1356], [21.6439, 61.1378], [21.6387, 61.1408], [21.6339, 61.1436], [21.6305, 61.1465], [21.6278, 61.1492], [21.6257, 61.1511]]}}, {"type": "Feature", "properties": {"osm_type": "line", "voltage_kv": 400.0, "name": "\u041b\u0438\u043d\u043a\u0430-3", "avail": 0}, "geometry": {"type": "LineString", "coordinates": [[28.3767, 60.8784], [28.3775, 60.8781], [28.3797, 60.8772], [28.3855, 60.875], [28.39, 60.8732], [28.3946, 60.8714], [28.4016, 60.8685], [28.4077, 60.8661], [28.4129, 60.8641], [28.4191, 60.8615], [28.4248, 60.8596], [28.4302, 60.8576], [28.4355, 60.8558], [28.4415, 60.8537], [28.4469, 60.8518], [28.453, 60.8497], [28.4586, 60.8477], [28.4641, 60.8458], [28.469, 60.8441], [28.4757, 60.8417], [28.4815, 60.8426], [28.4874, 60.8434], [28.4939, 60.8443], [28.5005, 60.8451], [28.5067, 60.846], [28.5128, 60.8468], [28.5189, 60.8476], [28.5278, 60.8489], [28.5332, 60.8493], [28.542, 60.8501], [28.5479, 60.8506], [28.5568, 60.8514], [28.5592, 60.8516], [28.5667, 60.852], [28.5709, 60.8524], [28.5769, 60.8529], [28.5828, 60.8534], [28.5902, 60.854], [28.5944, 60.852], [28.6004, 60.8492], [28.6058, 60.8466], [28.61, 60.8446], [28.6163, 60.8416], [28.6229, 60.8387], [28.6273, 60.8365], [28.6339, 60.8335], [28.6373, 60.8318], [28.6427, 60.8292], [28.6489, 60.8263], [28.6519, 60.8249], [28.6572, 60.8224], [28.6614, 60.8206], [28.6672, 60.818], [28.6713, 60.8163], [28.6757, 60.8144], [28.6809, 60.8122], [28.6865, 60.8098], [28.6927, 60.8071], [28.6978, 60.805], [28.7027, 60.8029]]}}, {"type": "Feature", "properties": {"osm_type": "line", "voltage_kv": 400.0, "name": "K\u00e4rppi\u00f6 - Tuovila", "avail": 0}, "geometry": {"type": "LineString", "coordinates": [[21.8479, 63.0477], [21.8473, 63.0457], [21.8467, 63.0435], [21.8455, 63.0408], [21.8445, 63.0387], [21.8434, 63.0361], [21.8424, 63.0338], [21.8414, 63.0317], [21.8404, 63.0294], [21.8397, 63.0276], [21.8387, 63.025], [21.8383, 63.0229], [21.8379, 63.0205], [21.8377, 63.019], [21.8368, 63.0175], [21.8358, 63.0154], [21.8347, 63.0132]]}}, {"type": "Feature", "properties": {"osm_type": "line", "voltage_kv": 220.0, "avail": 5, "avail_node": "HAAPAVESI"}, "geometry": {"type": "LineString", "coordinates": [[25.416, 64.121], [25.4198, 64.1208], [25.4236, 64.1205], [25.4282, 64.1201], [25.4316, 64.1199], [25.4361, 64.1194], [25.4407, 64.1187], [25.445, 64.118], [25.4486, 64.1177], [25.453, 64.1176], [25.457, 64.1175], [25.4615, 64.1174], [25.4643, 64.1174], [25.4646, 64.1174]]}}, {"type": "Feature", "properties": {"osm_type": "line", "voltage_kv": 220.0, "name": "Pet\u00e4j\u00e4skoski - Valajaskoski A", "avail": 0}, "geometry": {"type": "LineString", "coordinates": [[25.3342, 66.2696], [25.3346, 66.2715], [25.3354, 66.2735], [25.3383, 66.2759], [25.3455, 66.2775], [25.3496, 66.2799], [25.3531, 66.2819], [25.357, 66.2834], [25.3628, 66.2856], [25.3682, 66.2876], [25.3723, 66.2892], [25.3762, 66.291], [25.3809, 66.2931], [25.3846, 66.2947], [25.3896, 66.297], [25.3949, 66.2994], [25.3998, 66.3017], [25.4043, 66.3037], [25.409, 66.3059], [25.4138, 66.3081], [25.4187, 66.3103], [25.4232, 66.3123], [25.428, 66.3146], [25.4334, 66.317], [25.4375, 66.3192], [25.4409, 66.3218], [25.4436, 66.3239], [25.4471, 66.3268], [25.4493, 66.3287], [25.4527, 66.3313], [25.4559, 66.3341], [25.4585, 66.3361], [25.4617, 66.3388], [25.4642, 66.3408], [25.4672, 66.3433], [25.4707, 66.346], [25.4737, 66.3486], [25.4769, 66.3511], [25.4802, 66.3538], [25.4837, 66.3566], [25.4868, 66.3591], [25.4903, 66.362], [25.4932, 66.3647], [25.4963, 66.3673], [25.499, 66.3699], [25.5019, 66.3725], [25.5047, 66.3751], [25.5079, 66.378], [25.5102, 66.38], [25.5132, 66.3828], [25.5152, 66.3851], [25.5175, 66.3877], [25.5197, 66.3903], [25.5218, 66.3928], [25.5241, 66.3955], [25.526, 66.3977], [25.5282, 66.4003], [25.5304, 66.4028], [25.5329, 66.4057], [25.5353, 66.4085], [25.5376, 66.4112], [25.5402, 66.4142], [25.542, 66.4166], [25.5429, 66.4197], [25.544, 66.4238], [25.5455, 66.4245]]}}, {"type": "Feature", "properties": {"osm_type": "line", "voltage_kv": 400.0, "name": "Salo \u2013", "name_src": "endpoints", "avail": 0}, "geometry": {"type": "LineString", "coordinates": [[22.6876, 60.421], [22.6902, 60.4203], [22.6947, 60.4189], [22.7002, 60.417], [22.7069, 60.4147], [22.7073, 60.4146], [22.7132, 60.4126], [22.7155, 60.4118], [22.7177, 60.411], [22.723, 60.4092], [22.7281, 60.4075], [22.7333, 60.4057], [22.7396, 60.4035], [22.7454, 60.4015], [22.7505, 60.3997], [22.7557, 60.3979], [22.7607, 60.3962], [22.7674, 60.394], [22.7709, 60.3931], [22.7759, 60.3916], [22.7816, 60.39], [22.7885, 60.3882], [22.7938, 60.3868], [22.8004, 60.385], [22.8054, 60.384], [22.8129, 60.3824], [22.8175, 60.3814], [22.8243, 60.38], [22.8295, 60.3788], [22.836, 60.3774], [22.8418, 60.3762], [22.8482, 60.3748], [22.8554, 60.3732], [22.8619, 60.3724], [22.8658, 60.3721], [22.8714, 60.3717], [22.8789, 60.3712], [22.887, 60.3707], [22.8941, 60.3703], [22.8987, 60.37], [22.9028, 60.3698], [22.9087, 60.3696], [22.9168, 60.3693], [22.9227, 60.369], [22.9281, 60.3688], [22.9325, 60.3687], [22.9367, 60.3685], [22.9441, 60.3683], [22.9503, 60.3684], [22.958, 60.3686], [22.964, 60.3687], [22.9689, 60.3688], [22.9731, 60.3689], [22.9789, 60.3686], [22.9857, 60.3684], [22.9916, 60.3678], [22.998, 60.367], [23.0053, 60.3661], [23.01, 60.3652], [23.015, 60.3641], [23.0187, 60.3633], [23.0243, 60.3622], [23.0303, 60.3607], [23.0376, 60.3592], [23.0409, 60.3584], [23.05, 60.3554], [23.0589, 60.3523], [23.0648, 60.3503], [23.0703, 60.3484], [23.075, 60.3464], [23.0784, 60.345], [23.0814, 60.3438], [23.0851, 60.3424], [23.0883, 60.3411]]}}, {"type": "Feature", "properties": {"osm_type": "line", "voltage_kv": 400.0, "name": "Huittinen-Kangasala", "avail": 6, "avail_node": "RUUTANA"}, "geometry": {"type": "LineString", "coordinates": [[23.9817, 61.4666], [23.9769, 61.4645]]}}, {"type": "Feature", "properties": {"osm_type": "line", "voltage_kv": 400.0, "name": "Sein\u00e4joki-Tuovila", "avail": 6, "avail_node": "YLISTARO"}, "geometry": {"type": "LineString", "coordinates": [[22.6984, 62.7901], [22.6936, 62.7921], [22.689, 62.794], [22.6842, 62.796], [22.6797, 62.7977], [22.6749, 62.7996], [22.6703, 62.8014], [22.6658, 62.8033], [22.6611, 62.8051], [22.6566, 62.8069], [22.652, 62.8087], [22.6473, 62.8106], [22.6426, 62.8124], [22.6376, 62.8144], [22.6332, 62.8161], [22.6285, 62.818], [22.6239, 62.8197], [22.6237, 62.8198], [22.6186, 62.8215], [22.6135, 62.8232], [22.6087, 62.8249], [22.6038, 62.8266], [22.5988, 62.8283], [22.594, 62.8299], [22.5893, 62.8313], [22.585, 62.8324], [22.5805, 62.8337], [22.5759, 62.835], [22.5717, 62.8365], [22.5666, 62.8382], [22.5619, 62.8398], [22.5568, 62.8415], [22.5521, 62.8431], [22.5476, 62.8448], [22.5429, 62.8466], [22.5389, 62.848], [22.5342, 62.8497], [22.5293, 62.8516], [22.5245, 62.8534], [22.5196, 62.8552], [22.5148, 62.857], [22.5099, 62.8589], [22.5053, 62.8606], [22.5008, 62.8623], [22.4962, 62.8641], [22.492, 62.8657], [22.4876, 62.8674], [22.4832, 62.8691], [22.4789, 62.8708], [22.4745, 62.8725], [22.4704, 62.8741], [22.466, 62.8757], [22.4617, 62.8774], [22.4572, 62.8792], [22.4528, 62.881], [22.4489, 62.8825], [22.4448, 62.8843], [22.4401, 62.8861], [22.4358, 62.8878], [22.4313, 62.8894], [22.4266, 62.8909], [22.4218, 62.8923], [22.417, 62.8937], [22.4121, 62.895], [22.407, 62.8962], [22.4021, 62.8973], [22.3971, 62.8984], [22.3919, 62.8994], [22.3864, 62.9002], [22.3811, 62.9012], [22.3755, 62.9021], [22.37, 62.9032], [22.3643, 62.9042], [22.3588, 62.9051], [22.3535, 62.906], [22.3484, 62.9068], [22.3426, 62.9075], [22.3373, 62.9082], [22.3322, 62.9083], [22.327, 62.9085], [22.3217, 62.9087], [22.3161, 62.9089], [22.3112, 62.9095], [22.3051, 62.9104], [22.2996, 62.9111], [22.2937, 62.9119], [22.2882, 62.9127], [22.2833, 62.9136], [22.2783, 62.9145], [22.273, 62.9162], [22.2676, 62.918], [22.2624, 62.9198], [22.2577, 62.9209], [22.2519, 62.9222], [22.2467, 62.9234], [22.2413, 62.9247], [22.2364, 62.9257], [22.2309, 62.9269], [22.2251, 62.928], [22.2194, 62.9292], [22.2135, 62.9303], [22.2077, 62.9315], [22.2025, 62.9326], [22.1978, 62.9336], [22.1924, 62.9348], [22.1875, 62.9361], [22.1831, 62.9374], [22.1788, 62.9388], [22.1741, 62.9403], [22.1698, 62.942], [22.1655, 62.9437], [22.1612, 62.9455], [22.1564, 62.9473], [22.1519, 62.9492], [22.1474, 62.951], [22.1429, 62.9528], [22.1388, 62.9545], [22.1338, 62.956], [22.1296, 62.958], [22.1255, 62.9601], [22.122, 62.9616], [22.1175, 62.9636], [22.1128, 62.9657], [22.1085, 62.9675], [22.1041, 62.9693], [22.0998, 62.9711], [22.0962, 62.9727], [22.0918, 62.9745], [22.0869, 62.9766], [22.0818, 62.9787], [22.0771, 62.9807], [22.0726, 62.9825], [22.0681, 62.9845], [22.0638, 62.9863], [22.0595, 62.988], [22.0549, 62.9901], [22.0512, 62.9917], [22.0475, 62.9934], [22.0431, 62.9954], [22.0392, 62.9974], [22.0358, 62.9992], [22.0318, 63.0013], [22.0278, 63.0034], [22.0234, 63.0054], [22.0191, 63.0074], [22.0149, 63.0094], [22.0109, 63.0113], [22.0074, 63.013], [22.0032, 63.0151], [21.9991, 63.017], [21.9951, 63.0189], [21.9913, 63.0208], [21.9868, 63.0225], [21.9823, 63.0239], [21.9778, 63.0252], [21.9732, 63.0264], [21.9685, 63.0277], [21.9636, 63.029], [21.9587, 63.0298], [21.953, 63.0307], [21.9475, 63.0314], [21.9426, 63.032], [21.937, 63.0325], [21.931, 63.033], [21.9257, 63.0334], [21.9205, 63.0339], [21.9145, 63.0345], [21.9086, 63.0344], [21.9022, 63.0343], [21.8956, 63.0343], [21.8892, 63.0343], [21.8844, 63.036], [21.8796, 63.0377], [21.8749, 63.0393], [21.8706, 63.0411], [21.8665, 63.0427], [21.862, 63.0446], [21.8576, 63.0463], [21.8524, 63.048]]}}, {"type": "Feature", "properties": {"osm_type": "line", "voltage_kv": 400.0, "name": "Keminmaa - Pikkarala", "avail": 0}, "geometry": {"type": "LineString", "coordinates": [[25.7422, 64.9211], [25.7405, 64.9193], [25.7382, 64.9178], [25.7371, 64.9168]]}}, {"type": "Feature", "properties": {"osm_type": "line", "voltage_kv": 400.0, "name": "Pikkarala - Alaj\u00e4rvi J2", "avail": 9, "avail_node": "LUMIMETS\u00c4"}, "geometry": {"type": "LineString", "coordinates": [[25.4982, 64.6928], [25.4958, 64.6901], [25.4931, 64.6873], [25.4903, 64.6843], [25.4874, 64.6813], [25.4844, 64.678], [25.4815, 64.6749], [25.4786, 64.6718], [25.4758, 64.6688], [25.4728, 64.6656], [25.47, 64.6626], [25.4675, 64.6599], [25.4648, 64.6571], [25.4623, 64.6542], [25.4601, 64.6513], [25.458, 64.6484], [25.4562, 64.6454], [25.4544, 64.6423], [25.4529, 64.6391], [25.4513, 64.6359], [25.4501, 64.6333], [25.4489, 64.6304], [25.4479, 64.6278], [25.4465, 64.6247], [25.4452, 64.6217], [25.444, 64.6188], [25.4428, 64.6158], [25.4414, 64.6126], [25.4403, 64.6101], [25.4389, 64.6068], [25.4374, 64.6033], [25.4362, 64.6004], [25.435, 64.5975], [25.4336, 64.5943], [25.4322, 64.5911], [25.4309, 64.588], [25.4298, 64.5852], [25.4266, 64.5823], [25.4232, 64.5792], [25.42, 64.5761], [25.4169, 64.5732], [25.4137, 64.5702], [25.4105, 64.5672], [25.4074, 64.5642], [25.4045, 64.5615], [25.4016, 64.5586], [25.3987, 64.5557], [25.3957, 64.5527], [25.3931, 64.55], [25.39, 64.5469], [25.3871, 64.5439], [25.3841, 64.5407], [25.3813, 64.5378], [25.3783, 64.5346], [25.3753, 64.5315], [25.3725, 64.5286], [25.3697, 64.5257], [25.3669, 64.5228], [25.364, 64.5197], [25.3609, 64.5166], [25.3579, 64.5134], [25.3546, 64.5103], [25.3513, 64.5072], [25.3482, 64.5043], [25.3454, 64.5016], [25.3421, 64.4986], [25.3388, 64.4954], [25.3358, 64.4926], [25.3325, 64.4895], [25.3295, 64.4867], [25.3264, 64.4837], [25.3232, 64.4807], [25.3203, 64.478], [25.3172, 64.4751], [25.3143, 64.4723], [25.3112, 64.4695], [25.308, 64.4665], [25.3049, 64.4637], [25.3019, 64.4607], [25.2986, 64.4577], [25.2952, 64.4546], [25.2921, 64.4516], [25.289, 64.4488], [25.2861, 64.446], [25.2833, 64.4434], [25.2801, 64.4405], [25.2769, 64.4375], [25.2736, 64.4344], [25.2706, 64.4316], [25.2676, 64.4287], [25.2643, 64.4257], [25.261, 64.4227], [25.2577, 64.4195], [25.2545, 64.4166], [25.252, 64.4141], [25.2497, 64.4117], [25.2472, 64.4089], [25.2445, 64.406], [25.2418, 64.403], [25.2392, 64.3998], [25.2365, 64.3966], [25.2343, 64.3938], [25.2315, 64.3906], [25.2284, 64.3876], [25.2254, 64.3844], [25.2226, 64.3815], [25.2195, 64.3783], [25.2166, 64.3753], [25.2136, 64.3723], [25.2107, 64.3693], [25.2077, 64.3662], [25.2045, 64.363], [25.2014, 64.3599], [25.1985, 64.3571], [25.1957, 64.3544], [25.1925, 64.3517], [25.1893, 64.3489], [25.186, 64.346], [25.1826, 64.343], [25.1792, 64.34], [25.1759, 64.3372], [25.1724, 64.3341], [25.169, 64.3312], [25.1656, 64.3282], [25.1623, 64.3253], [25.1587, 64.3222], [25.1553, 64.3192], [25.152, 64.3164], [25.1485, 64.3134], [25.1452, 64.3105], [25.1418, 64.3075], [25.1382, 64.3044], [25.1349, 64.3016], [25.1318, 64.2988], [25.1288, 64.296], [25.1256, 64.293], [25.1224, 64.29], [25.1193, 64.2869], [25.1161, 64.284], [25.113, 64.281], [25.1098, 64.2779], [25.1066, 64.2749], [25.1036, 64.2719], [25.1003, 64.2689], [25.0971, 64.2659], [25.0942, 64.2631], [25.0909, 64.2601], [25.0879, 64.2573], [25.087, 64.2544], [25.086, 64.2511], [25.0848, 64.2478], [25.0838, 64.2446], [25.0826, 64.2411], [25.0814, 64.2378], [25.0803, 64.2344], [25.0792, 64.231], [25.078, 64.2276], [25.0768, 64.2242], [25.0756, 64.2208], [25.0745, 64.2175], [25.0734, 64.2142], [25.0723, 64.2109], [25.0713, 64.208], [25.0702, 64.2049], [25.069, 64.2016], [25.068, 64.1986], [25.0669, 64.1954], [25.0658, 64.1922], [25.0648, 64.1894], [25.0636, 64.1861], [25.0626, 64.1829], [25.0615, 64.1796], [25.0605, 64.1763], [25.0598, 64.1738], [25.0588, 64.1705], [25.058, 64.1677], [25.0571, 64.1646], [25.0563, 64.1619], [25.0552, 64.1585], [25.0543, 64.1559], [25.0533, 64.1531], [25.0503, 64.1506], [25.0469, 64.1477], [25.0436, 64.1448], [25.0402, 64.1418], [25.0367, 64.1388], [25.0331, 64.1357], [25.0296, 64.1326], [25.0261, 64.1295], [25.0225, 64.1265], [25.019, 64.1234], [25.0154, 64.1203], [25.0119, 64.1172], [25.0084, 64.1142], [25.0048, 64.1111], [25.0013, 64.1081], [24.9988, 64.1058], [24.9957, 64.1032], [24.9926, 64.1004], [24.9894, 64.0974], [24.9861, 64.0943], [24.9828, 64.0913], [24.9799, 64.0886], [24.9767, 64.0858], [24.9736, 64.0827], [24.9704, 64.0796], [24.9674, 64.0764], [24.9646, 64.0735], [24.9616, 64.0704], [24.9586, 64.0672], [24.9556, 64.0641], [24.9528, 64.061], [24.9499, 64.0578], [24.9471, 64.0547], [24.9444, 64.0516], [24.9418, 64.0484], [24.9391, 64.0452], [24.9364, 64.042], [24.9337, 64.0388], [24.931, 64.0356], [24.9283, 64.0324], [24.9256, 64.0292], [24.9229, 64.0261], [24.9203, 64.0229], [24.9178, 64.0199], [24.9152, 64.0168], [24.9127, 64.0139], [24.9101, 64.0107], [24.9074, 64.0076], [24.9048, 64.0044], [24.9022, 64.0013], [24.8995, 63.9981], [24.8969, 63.995], [24.8942, 63.9918], [24.8917, 63.9888], [24.8891, 63.9857], [24.8867, 63.9828], [24.884, 63.9799], [24.8815, 63.9774], [24.8789, 63.9749], [24.8772, 63.9732]]}}, {"type": "Feature", "properties": {"osm_type": "line", "voltage_kv": 400.0, "name": "Melo \u2013", "name_src": "endpoints", "avail": 8, "avail_node": "SORKKALA"}, "geometry": {"type": "LineString", "coordinates": [[23.4331, 61.4667], [23.4327, 61.4648], [23.433, 61.4635], [23.4382, 61.4615], [23.4348, 61.4595], [23.4306, 61.4577], [23.4287, 61.4547], [23.4264, 61.4515], [23.4251, 61.4481], [23.4252, 61.4444], [23.4265, 61.4412], [23.4279, 61.4379], [23.4328, 61.4357], [23.4374, 61.4333], [23.4426, 61.4309], [23.4482, 61.4287], [23.4539, 61.4261], [23.4589, 61.4242], [23.4641, 61.4236], [23.4728, 61.423], [23.4795, 61.4226], [23.4913, 61.4221], [23.499, 61.4214]]}}, {"type": "Feature", "properties": {"osm_type": "line", "voltage_kv": 400.0, "name": "Nurmij\u00e4rvi \u2013", "name_src": "endpoints", "avail": 0}, "geometry": {"type": "LineString", "coordinates": [[24.9473, 60.4934], [24.9472, 60.4935], [24.9469, 60.4939], [24.9469, 60.4941]]}}, {"type": "Feature", "properties": {"osm_type": "line", "voltage_kv": 400.0, "name": "Nurmij\u00e4rvi \u2013", "name_src": "endpoints", "avail": 0}, "geometry": {"type": "LineString", "coordinates": [[24.9471, 60.4939], [24.9469, 60.4939], [24.9462, 60.4938], [24.9455, 60.4937], [24.9447, 60.4936], [24.9446, 60.4935]]}}, {"type": "Feature", "properties": {"osm_type": "line", "voltage_kv": 400.0, "name": "Alaj\u00e4rven \u2013", "name_src": "endpoints", "avail": 0}, "geometry": {"type": "LineString", "coordinates": [[24.1644, 63.0328], [24.1677, 63.0329], [24.1689, 63.0329], [24.1691, 63.0329]]}}, {"type": "Feature", "properties": {"osm_type": "line", "voltage_kv": 220.0, "name": "Leppiniemi \u2013 Pyh\u00e4nsel\u00e4n", "name_src": "endpoints", "avail": 0}, "geometry": {"type": "LineString", "coordinates": [[26.0119, 64.8542], [26.0126, 64.8542], [26.0163, 64.8543], [26.0193, 64.8544], [26.024, 64.8545], [26.0312, 64.8545], [26.0379, 64.8545], [26.0451, 64.8545], [26.0527, 64.8545], [26.0599, 64.8545], [26.0628, 64.8526], [26.0669, 64.8492], [26.0687, 64.8478], [26.0703, 64.8465], [26.0713, 64.8449], [26.0713, 64.8448], [26.0713, 64.8448], [26.0714, 64.8447], [26.0719, 64.8442]]}}, {"type": "Feature", "properties": {"osm_type": "line", "voltage_kv": 220.0, "name": "Pyh\u00e4koski - Seitenoikea", "avail": 0}, "geometry": {"type": "LineString", "coordinates": [[26.0358, 64.8444], [26.0346, 64.8427], [26.0339, 64.8407], [26.0341, 64.8386], [26.0353, 64.8363], [26.0364, 64.8338], [26.0367, 64.8332], [26.0376, 64.8314], [26.0376, 64.8314], [26.0387, 64.829], [26.0396, 64.8273], [26.0451, 64.8262], [26.0497, 64.8252], [26.0552, 64.8241], [26.0614, 64.8228], [26.0672, 64.8216], [26.0724, 64.8206], [26.0778, 64.8195], [26.0832, 64.8183], [26.0888, 64.8172], [26.0933, 64.8163], [26.0983, 64.8153], [26.1036, 64.8142], [26.1089, 64.8131], [26.1138, 64.8121], [26.1184, 64.8111], [26.124, 64.81], [26.1296, 64.8088], [26.1354, 64.8077], [26.1404, 64.8066], [26.1459, 64.8055], [26.1516, 64.8043], [26.1571, 64.8032], [26.1628, 64.8021], [26.1681, 64.801], [26.1695, 64.8007], [26.175, 64.7996], [26.1793, 64.7987], [26.1849, 64.7976], [26.1905, 64.7964], [26.196, 64.7953], [26.2014, 64.7942], [26.2067, 64.7931], [26.2116, 64.7921], [26.2163, 64.7911], [26.2206, 64.7902], [26.2241, 64.7893], [26.225, 64.789], [26.2301, 64.7876], [26.2351, 64.7862], [26.2403, 64.7848], [26.2457, 64.7836], [26.2512, 64.7824], [26.257, 64.7811], [26.2622, 64.7799], [26.2679, 64.7787], [26.2733, 64.7775], [26.2788, 64.7763], [26.2841, 64.7751], [26.2894, 64.7739], [26.2949, 64.7727], [26.3002, 64.7715], [26.3055, 64.7704], [26.3109, 64.7692], [26.3163, 64.768], [26.3219, 64.7667], [26.3272, 64.7656], [26.3327, 64.7643], [26.3385, 64.7631], [26.3438, 64.7619], [26.3492, 64.7607], [26.355, 64.7594], [26.36, 64.7583], [26.3659, 64.757], [26.3712, 64.7558], [26.3766, 64.7547], [26.3821, 64.7534], [26.3875, 64.7523], [26.3931, 64.7511], [26.3985, 64.7499], [26.4039, 64.7487], [26.4093, 64.7475], [26.414, 64.7461], [26.4182, 64.7446], [26.4216, 64.7428], [26.4244, 64.7408], [26.4266, 64.7382], [26.4288, 64.7357], [26.4308, 64.7334], [26.4315, 64.7325], [26.433, 64.7308], [26.4351, 64.7283], [26.4373, 64.7259], [26.4394, 64.7234], [26.4415, 64.721], [26.4437, 64.7185], [26.446, 64.7159], [26.4479, 64.7137], [26.4501, 64.7111], [26.4522, 64.7087], [26.4542, 64.7064], [26.4564, 64.7038], [26.4586, 64.7013], [26.4609, 64.6988], [26.463, 64.6964], [26.4651, 64.6939], [26.4673, 64.6914], [26.4695, 64.6889], [26.4717, 64.6865], [26.4738, 64.684], [26.476, 64.6815], [26.4782, 64.679], [26.4804, 64.6766], [26.4826, 64.6741], [26.4848, 64.6716], [26.4871, 64.669], [26.4891, 64.6667], [26.4909, 64.6645], [26.4931, 64.662], [26.4951, 64.6597], [26.4971, 64.6574], [26.4994, 64.6548], [26.5016, 64.6523], [26.5038, 64.6498], [26.5058, 64.6475], [26.5081, 64.6449], [26.5101, 64.6425], [26.5122, 64.64], [26.5144, 64.6376], [26.5166, 64.635], [26.5188, 64.6326], [26.5208, 64.6302], [26.5225, 64.6283], [26.5249, 64.6256], [26.5272, 64.6229], [26.5294, 64.6204], [26.5314, 64.6181], [26.5332, 64.6159], [26.5353, 64.6135], [26.5376, 64.6109], [26.5397, 64.6084], [26.5419, 64.606], [26.5444, 64.604], [26.5475, 64.6022], [26.5512, 64.6006], [26.5552, 64.5992], [26.5594, 64.5982], [26.5638, 64.5975], [26.5698, 64.5969], [26.576, 64.5963], [26.5813, 64.5958], [26.5865, 64.5953], [26.5918, 64.5948], [26.5971, 64.5942], [26.6024, 64.5937], [26.608, 64.5931], [26.6134, 64.5925], [26.6197, 64.5918], [26.625, 64.5912], [26.6309, 64.5906], [26.6372, 64.5899], [26.6413, 64.5895], [26.6473, 64.5888], [26.6531, 64.5881], [26.6589, 64.5875], [26.6621, 64.5873], [26.6665, 64.587], [26.6736, 64.5865], [26.6785, 64.5858], [26.6835, 64.5848], [26.6885, 64.5839], [26.6934, 64.583], [26.6984, 64.582], [26.7033, 64.5811], [26.7076, 64.5803], [26.708, 64.5797], [26.7081, 64.5796]]}}, {"type": "Feature", "properties": {"osm_type": "line", "voltage_kv": 220.0, "name": "Leppiniemi \u2013 Pyh\u00e4koski", "name_src": "endpoints", "avail": 0}, "geometry": {"type": "LineString", "coordinates": [[26.0122, 64.8544], [26.0126, 64.8542], [26.0144, 64.8535], [26.0182, 64.8514], [26.0197, 64.8506], [26.0229, 64.8487], [26.0271, 64.8464], [26.0297, 64.8449], [26.0331, 64.844], [26.0344, 64.8446]]}}, {"type": "Feature", "properties": {"osm_type": "line", "voltage_kv": 220.0, "name": "Pyh\u00e4koski - Seitenoikea", "avail": 0}, "geometry": {"type": "LineString", "coordinates": [[26.7077, 64.5796], [26.708, 64.5797], [26.7113, 64.5806], [26.7148, 64.5817], [26.7185, 64.5829], [26.7224, 64.5841], [26.7262, 64.5852], [26.7301, 64.5864], [26.7333, 64.5872], [26.7367, 64.5882], [26.7407, 64.5891], [26.7446, 64.5899], [26.7486, 64.5906], [26.7529, 64.5913], [26.7568, 64.592], [26.7608, 64.5926], [26.7651, 64.5931], [26.7697, 64.5923], [26.7736, 64.5916], [26.7777, 64.5909], [26.7809, 64.5904], [26.784, 64.5898], [26.7886, 64.5891], [26.7916, 64.5887], [26.7957, 64.5883], [26.8001, 64.5881], [26.8047, 64.5879], [26.81, 64.5877], [26.8146, 64.5875], [26.8193, 64.5873], [26.8242, 64.5871], [26.8287, 64.5869], [26.8337, 64.5867], [26.8383, 64.5866], [26.8424, 64.5864], [26.8476, 64.5862], [26.8524, 64.586], [26.8575, 64.5857], [26.8616, 64.5855], [26.8665, 64.5853], [26.8711, 64.585], [26.8759, 64.5847], [26.8804, 64.5845], [26.8848, 64.5842], [26.8895, 64.5839], [26.8941, 64.5837], [26.8986, 64.5834], [26.9029, 64.5832], [26.9079, 64.5829], [26.9128, 64.5826], [26.9153, 64.5825], [26.9187, 64.5823], [26.9226, 64.5821], [26.927, 64.5818], [26.9316, 64.5816], [26.9361, 64.5813], [26.9407, 64.581], [26.9453, 64.5808], [26.9496, 64.5805], [26.9542, 64.5803], [26.9606, 64.5799], [26.9657, 64.5796], [26.9714, 64.5793], [26.9759, 64.579], [26.9803, 64.5788], [26.9848, 64.5785], [26.9894, 64.5782], [26.9938, 64.578], [26.9984, 64.5777], [27.0027, 64.5775], [27.0069, 64.5772], [27.0119, 64.5769], [27.0169, 64.5766], [27.0201, 64.5765], [27.0242, 64.5762], [27.0293, 64.5759], [27.0331, 64.5757], [27.0367, 64.5755], [27.0413, 64.5753], [27.0454, 64.575], [27.0491, 64.5748], [27.0536, 64.5746], [27.0577, 64.5743], [27.0619, 64.5741], [27.0666, 64.5738], [27.0711, 64.5736], [27.0757, 64.5733], [27.0803, 64.5731], [27.0849, 64.5728], [27.0896, 64.5726], [27.094, 64.5724], [27.0994, 64.5722], [27.1035, 64.572], [27.1076, 64.5719], [27.1127, 64.5717], [27.1169, 64.5715], [27.1215, 64.5713], [27.1266, 64.5711], [27.1316, 64.5709], [27.1365, 64.5707], [27.141, 64.5705], [27.1457, 64.5703], [27.1502, 64.5701], [27.1548, 64.5699], [27.1592, 64.5697], [27.162, 64.5696], [27.1662, 64.5694], [27.1665, 64.5694], [27.1671, 64.5694], [27.1691, 64.5693], [27.1714, 64.5692], [27.176, 64.569], [27.1806, 64.5688], [27.185, 64.5686], [27.1896, 64.5685], [27.1941, 64.5682], [27.1985, 64.568], [27.203, 64.5677], [27.2076, 64.5675], [27.2118, 64.5673], [27.2163, 64.5671], [27.2209, 64.5668], [27.2256, 64.5666], [27.2302, 64.5663], [27.2347, 64.5661], [27.2392, 64.5659], [27.2436, 64.5656], [27.2482, 64.5654], [27.2527, 64.5652], [27.2572, 64.565], [27.2617, 64.5647], [27.2671, 64.5644], [27.2714, 64.5642], [27.2759, 64.5639], [27.2804, 64.5637], [27.285, 64.5635], [27.2896, 64.5632], [27.2944, 64.563], [27.2986, 64.5627], [27.3033, 64.5625], [27.3076, 64.5623], [27.3121, 64.562], [27.3167, 64.5618], [27.3212, 64.5616], [27.3261, 64.5613], [27.3304, 64.5611], [27.3349, 64.5609], [27.3394, 64.5606], [27.3439, 64.5604], [27.3485, 64.5601], [27.3531, 64.5599], [27.3576, 64.5597], [27.3622, 64.5594], [27.3667, 64.5592], [27.3713, 64.559], [27.3758, 64.5588], [27.3803, 64.5585], [27.3855, 64.5583], [27.3901, 64.5581], [27.3944, 64.5579], [27.3989, 64.5578], [27.4035, 64.5576], [27.4078, 64.5574], [27.4125, 64.5573], [27.4171, 64.5571], [27.4217, 64.557], [27.4264, 64.5568], [27.4308, 64.5567], [27.4349, 64.5565], [27.44, 64.5563], [27.4446, 64.5562], [27.4491, 64.556], [27.4535, 64.5559], [27.4584, 64.5557], [27.4627, 64.5555], [27.4672, 64.5554], [27.4718, 64.5552], [27.4763, 64.5551], [27.4809, 64.5549], [27.4855, 64.5548], [27.4901, 64.5546], [27.4947, 64.5545], [27.4993, 64.5543], [27.5038, 64.5541], [27.5084, 64.554], [27.5129, 64.5538], [27.5176, 64.5537], [27.5222, 64.5535], [27.5272, 64.5533], [27.5319, 64.5531], [27.5365, 64.553], [27.5407, 64.5528], [27.5453, 64.5527], [27.5497, 64.5525], [27.5542, 64.5524], [27.5591, 64.5522], [27.5636, 64.552], [27.5682, 64.5519], [27.5724, 64.5517], [27.5764, 64.5516], [27.5809, 64.5514], [27.5855, 64.5512], [27.5902, 64.5511], [27.595, 64.5509], [27.599, 64.5508], [27.6025, 64.5506], [27.607, 64.5505], [27.6103, 64.5504], [27.6146, 64.5502], [27.6195, 64.55], [27.6234, 64.5499], [27.6282, 64.5497], [27.6333, 64.5495], [27.638, 64.5494], [27.6427, 64.5494], [27.6473, 64.5494], [27.6519, 64.5494], [27.6563, 64.5494], [27.6613, 64.5494], [27.6685, 64.5493], [27.6737, 64.5492], [27.6783, 64.5492], [27.6828, 64.5491], [27.6874, 64.549], [27.692, 64.5489], [27.6936, 64.5489], [27.6966, 64.5488], [27.7011, 64.5488], [27.7057, 64.5487], [27.709, 64.5487], [27.7141, 64.5486], [27.7184, 64.5485], [27.7231, 64.5485], [27.7273, 64.5486], [27.7322, 64.5489], [27.7367, 64.549], [27.7418, 64.5492], [27.7469, 64.5494], [27.7517, 64.5495], [27.7567, 64.5497], [27.7613, 64.5498], [27.7637, 64.5499], [27.7679, 64.5501], [27.7722, 64.5503], [27.7756, 64.5505], [27.7798, 64.5507], [27.784, 64.5509], [27.7898, 64.5512], [27.7936, 64.5514], [27.7985, 64.5516], [27.8023, 64.5518], [27.8064, 64.552], [27.8113, 64.5523], [27.8171, 64.5526], [27.8209, 64.5528], [27.8242, 64.553], [27.8277, 64.5531], [27.8313, 64.5534], [27.8355, 64.5536], [27.8397, 64.5538], [27.8439, 64.554], [27.8482, 64.5541], [27.8527, 64.5543], [27.8561, 64.5544], [27.8611, 64.5546], [27.8637, 64.5547], [27.8653, 64.5548], [27.87, 64.5549], [27.8742, 64.5551], [27.8781, 64.5552], [27.8822, 64.5554], [27.8866, 64.5555], [27.8918, 64.5557], [27.8965, 64.5559], [27.9013, 64.556], [27.9061, 64.5562], [27.9107, 64.5564], [27.9157, 64.5566], [27.9207, 64.5568], [27.9254, 64.5569], [27.9304, 64.5571], [27.9352, 64.5573], [27.9392, 64.5574], [27.9445, 64.5576], [27.9486, 64.5577], [27.9537, 64.5579], [27.9571, 64.558], [27.9618, 64.5582], [27.9671, 64.5584], [27.971, 64.5585], [27.9761, 64.5589], [27.9806, 64.5592], [27.9842, 64.5594], [27.9881, 64.5597], [27.9909, 64.5599], [27.9964, 64.5602], [27.9998, 64.5605], [28.0037, 64.5607], [28.0079, 64.5612], [28.0119, 64.5616], [28.0159, 64.562], [28.0206, 64.5625], [28.0247, 64.563], [28.0291, 64.5635], [28.0328, 64.5639], [28.0368, 64.5643], [28.0425, 64.5649], [28.0464, 64.565], [28.0516, 64.5652], [28.0568, 64.5654], [28.062, 64.5656], [28.0647, 64.5657], [28.069, 64.5658], [28.0717, 64.5659], [28.0763, 64.566], [28.0813, 64.5662], [28.0861, 64.5664], [28.0907, 64.5665], [28.0951, 64.5667], [28.0997, 64.5668], [28.1042, 64.567], [28.1087, 64.5671], [28.1132, 64.5673], [28.1177, 64.5674], [28.1221, 64.5676], [28.1267, 64.5677], [28.1313, 64.5679], [28.136, 64.568], [28.1401, 64.5682], [28.1443, 64.5683], [28.1488, 64.5684], [28.153, 64.5686], [28.1575, 64.5687], [28.1618, 64.5689], [28.1664, 64.569], [28.1708, 64.5692], [28.1751, 64.5695], [28.1798, 64.5698], [28.1837, 64.57], [28.1878, 64.5703], [28.1925, 64.5706], [28.1956, 64.5708], [28.2001, 64.571], [28.2043, 64.5714], [28.209, 64.5719], [28.2133, 64.5723], [28.2173, 64.5727], [28.222, 64.5733], [28.2261, 64.5738], [28.2307, 64.5744], [28.235, 64.575], [28.2394, 64.5755], [28.2433, 64.576], [28.2477, 64.5766], [28.2522, 64.5772], [28.2567, 64.5777], [28.2607, 64.5782], [28.2649, 64.5788], [28.2684, 64.5792], [28.273, 64.5798], [28.2768, 64.5803], [28.2812, 64.5809], [28.2855, 64.5814], [28.2899, 64.582], [28.2941, 64.5825], [28.2988, 64.5831], [28.3027, 64.5836], [28.3073, 64.5841], [28.3117, 64.5847], [28.3162, 64.5853], [28.3204, 64.5858], [28.3244, 64.5863], [28.3278, 64.5867], [28.3322, 64.5873], [28.3369, 64.5876], [28.3415, 64.588], [28.3462, 64.5883], [28.3508, 64.5887], [28.3552, 64.589], [28.3588, 64.5893], [28.3629, 64.5896], [28.3675, 64.5899], [28.3719, 64.5902], [28.376, 64.5905], [28.3797, 64.5906], [28.3838, 64.5907], [28.3884, 64.5907], [28.3928, 64.5906], [28.3971, 64.5904], [28.4023, 64.5903], [28.4069, 64.5902], [28.4117, 64.59], [28.4131, 64.5906]]}}, {"type": "Feature", "properties": {"osm_type": "line", "voltage_kv": 220.0, "name": "Taivalkosken \u2013", "name_src": "endpoints", "avail": 0}, "geometry": {"type": "LineString", "coordinates": [[24.7135, 65.9307], [24.7129, 65.9286]]}}, {"type": "Feature", "properties": {"osm_type": "line", "voltage_kv": 220.0, "name": "Taivalkosken \u2013", "name_src": "endpoints", "avail": 0}, "geometry": {"type": "LineString", "coordinates": [[24.7142, 65.9306], [24.7136, 65.9285]]}}, {"type": "Feature", "properties": {"osm_type": "line", "voltage_kv": 400.0, "name": "Viitaj\u00e4rvi - Pet\u00e4j\u00e4skoski", "avail": 0}, "geometry": {"type": "LineString", "coordinates": [[24.4977, 65.9193], [24.5004, 65.9192], [24.5069, 65.9187], [24.515, 65.9181], [24.5244, 65.9174], [24.5262, 65.92], [24.5266, 65.923], [24.5271, 65.9262], [24.5276, 65.9296], [24.5281, 65.9333], [24.5286, 65.9362], [24.5288, 65.9392], [24.529, 65.9422], [24.5292, 65.9452], [24.5294, 65.9482], [24.5297, 65.9512], [24.5314, 65.9539], [24.5332, 65.9568], [24.5344, 65.9588], [24.5351, 65.9618], [24.5358, 65.9647], [24.5353, 65.9677], [24.5348, 65.9706], [24.5343, 65.9735], [24.5338, 65.9764], [24.5334, 65.9792], [24.5329, 65.9818], [24.5342, 65.985], [24.5356, 65.9883], [24.5369, 65.9916], [24.5377, 65.9949], [24.5385, 65.998], [24.5394, 66.0006], [24.5416, 66.0034], [24.544, 66.0062], [24.5463, 66.0089], [24.5486, 66.0116], [24.5511, 66.0146], [24.5533, 66.0175], [24.5557, 66.0205], [24.5583, 66.0238], [24.561, 66.0272], [24.5634, 66.0303], [24.565, 66.0334], [24.5667, 66.0364], [24.5682, 66.0393], [24.5697, 66.042], [24.5708, 66.0452], [24.572, 66.0482], [24.5729, 66.0509], [24.574, 66.0537], [24.5752, 66.0567], [24.577, 66.0598], [24.58, 66.063], [24.583, 66.0662], [24.5859, 66.0691], [24.589, 66.0724], [24.5919, 66.0754], [24.5947, 66.0783], [24.5978, 66.0811], [24.6012, 66.0841], [24.6043, 66.0869], [24.6104, 66.0881], [24.6166, 66.0893], [24.6236, 66.0907], [24.6306, 66.092], [24.6379, 66.0935], [24.6449, 66.0948], [24.6519, 66.0962], [24.6586, 66.0975], [24.6654, 66.0988], [24.6723, 66.1002], [24.6796, 66.1015], [24.6865, 66.1028], [24.6937, 66.1042], [24.7008, 66.1055], [24.7078, 66.1068], [24.7149, 66.1082], [24.7212, 66.1094], [24.7276, 66.1106], [24.735, 66.112], [24.7425, 66.1135], [24.75, 66.1149], [24.7578, 66.1163], [24.7659, 66.1179], [24.7735, 66.1193], [24.781, 66.1208], [24.7886, 66.1222], [24.7965, 66.1237], [24.804, 66.1252], [24.8101, 66.1264], [24.8172, 66.1277], [24.8243, 66.1291], [24.8312, 66.1305], [24.8384, 66.1318], [24.8454, 66.1332], [24.8522, 66.1345], [24.8586, 66.1358], [24.8664, 66.1373], [24.8723, 66.1385], [24.8791, 66.1398], [24.8863, 66.1411], [24.8926, 66.1434], [24.8978, 66.1454], [24.9031, 66.1477], [24.9088, 66.1502], [24.9145, 66.1528], [24.9197, 66.155], [24.9242, 66.1571], [24.9298, 66.1596], [24.9353, 66.1621], [24.9413, 66.1648], [24.9473, 66.1675], [24.9531, 66.1701], [24.9586, 66.1725], [24.9645, 66.1749], [24.9709, 66.1774], [24.9769, 66.1801], [24.9825, 66.1827], [24.988, 66.1852], [24.9934, 66.1877], [24.9986, 66.1905], [25.0039, 66.1934], [25.0098, 66.196], [25.0156, 66.1986], [25.0214, 66.2012], [25.0274, 66.2038], [25.0331, 66.2064], [25.0389, 66.209], [25.0447, 66.2116], [25.0506, 66.2142], [25.0561, 66.2166], [25.0624, 66.2191], [25.0686, 66.2215], [25.0748, 66.2239], [25.0822, 66.2248], [25.0911, 66.2259], [25.1005, 66.2269], [25.1096, 66.2281], [25.1188, 66.2291], [25.1277, 66.2305], [25.1363, 66.232], [25.1438, 66.2333], [25.1533, 66.235], [25.1619, 66.2366], [25.1699, 66.2379], [25.1788, 66.2395], [25.1881, 66.2411], [25.1957, 66.2424], [25.2043, 66.2439], [25.2131, 66.2455], [25.2222, 66.2472], [25.2311, 66.2487], [25.2391, 66.2502], [25.2469, 66.2516], [25.2552, 66.2532], [25.2609, 66.2542], [25.2683, 66.2555], [25.2752, 66.2569], [25.2826, 66.2583], [25.2901, 66.2597], [25.2961, 66.2607], [25.3024, 66.2617], [25.3087, 66.2628], [25.315, 66.2638], [25.3211, 66.2648], [25.3289, 66.2663], [25.3341, 66.2672], [25.3394, 66.2681], [25.3437, 66.2688], [25.3456, 66.2686], [25.3468, 66.2686]]}}, {"type": "Feature", "properties": {"osm_type": "line", "voltage_kv": 400.0, "name": "Alaj\u00e4rven \u2013", "name_src": "endpoints", "avail": 0}, "geometry": {"type": "LineString", "coordinates": [[24.1691, 63.0331], [24.1689, 63.0331], [24.164, 63.033]]}}, {"type": "Feature", "properties": {"osm_type": "line", "voltage_kv": 400.0, "name": "Isokangas - Pyh\u00e4nselk\u00e4", "avail": 0}, "geometry": {"type": "LineString", "coordinates": [[25.6957, 65.2662], [25.6962, 65.2653], [25.6978, 65.2621], [25.6974, 65.2593], [25.6969, 65.2555], [25.6963, 65.2515], [25.6957, 65.2478], [25.6952, 65.2441], [25.6947, 65.2406], [25.6943, 65.2374], [25.6941, 65.2341], [25.6941, 65.2312], [25.6944, 65.2283], [25.6951, 65.225], [25.6958, 65.2219], [25.6968, 65.2184], [25.6977, 65.2148], [25.6987, 65.2112], [25.6997, 65.2075], [25.7008, 65.2035], [25.702, 65.1995], [25.7031, 65.1957], [25.7043, 65.1924], [25.7052, 65.1887], [25.7062, 65.1852], [25.7072, 65.1819], [25.7082, 65.1784], [25.7094, 65.1746], [25.7105, 65.1709], [25.7115, 65.1676], [25.7125, 65.1643], [25.7135, 65.1609], [25.7146, 65.1577], [25.7156, 65.1542], [25.7167, 65.1505], [25.7178, 65.1471], [25.7189, 65.1436], [25.7198, 65.1404], [25.721, 65.1366], [25.7222, 65.1327], [25.7233, 65.129], [25.7245, 65.1254], [25.7256, 65.1221], [25.7268, 65.1185], [25.728, 65.1147], [25.7291, 65.1112], [25.73, 65.1076], [25.7308, 65.1041], [25.7317, 65.1006], [25.7324, 65.0972], [25.7329, 65.0941], [25.7332, 65.091], [25.7334, 65.0877], [25.7336, 65.0841], [25.7337, 65.0803], [25.7339, 65.0767], [25.734, 65.0728], [25.7342, 65.069], [25.7344, 65.0651], [25.7346, 65.0614], [25.7348, 65.0578], [25.7349, 65.0544], [25.7351, 65.0509], [25.7353, 65.0473], [25.7355, 65.0436], [25.7356, 65.04], [25.7357, 65.0362], [25.736, 65.0326], [25.7361, 65.029], [25.7363, 65.0255], [25.7365, 65.0221], [25.7429, 65.0195], [25.7495, 65.0168], [25.756, 65.0142], [25.7622, 65.0117], [25.7687, 65.009], [25.775, 65.0065], [25.7819, 65.0037], [25.7866, 65.0018], [25.7941, 64.9988], [25.8006, 64.996], [25.8065, 64.9929], [25.812, 64.99], [25.8178, 64.9869], [25.8233, 64.984], [25.8288, 64.9811], [25.8332, 64.9782], [25.8382, 64.9749], [25.843, 64.9717], [25.8477, 64.9686], [25.8522, 64.9657], [25.8567, 64.9626], [25.8614, 64.9596], [25.8663, 64.9564], [25.8709, 64.9534], [25.8755, 64.9503], [25.8804, 64.9471], [25.885, 64.9441], [25.8897, 64.9409], [25.8944, 64.9378], [25.8999, 64.935], [25.9056, 64.9323], [25.9112, 64.9296], [25.9164, 64.9271], [25.9218, 64.9246], [25.9276, 64.9217], [25.9332, 64.9191], [25.939, 64.9163], [25.9451, 64.9132], [25.9505, 64.9105], [25.9562, 64.9076], [25.9622, 64.9048], [25.9685, 64.9018], [25.9746, 64.899], [25.9806, 64.8963], [25.9866, 64.8935], [25.9926, 64.8907], [25.998, 64.8882], [26.004, 64.8854], [26.0102, 64.8826], [26.0164, 64.8797], [26.0225, 64.8768], [26.0283, 64.8742], [26.0341, 64.8715], [26.0404, 64.8686], [26.0455, 64.8653], [26.0504, 64.8621], [26.0554, 64.8586], [26.0602, 64.8554], [26.0639, 64.8529], [26.0689, 64.8488], [26.072, 64.8463], [26.0736, 64.845], [26.0745, 64.8436]]}}, {"type": "Feature", "properties": {"osm_type": "line", "voltage_kv": 400.0, "name": "Pikkarala \u2013", "name_src": "endpoints", "avail": 0}, "geometry": {"type": "LineString", "coordinates": [[25.7422, 64.9211], [25.7434, 64.924], [25.7439, 64.927], [25.7437, 64.93], [25.7434, 64.9333], [25.7434, 64.9349], [25.7434, 64.9367], [25.7434, 64.9374], [25.7434, 64.9384], [25.7434, 64.9415], [25.7434, 64.9443]]}}, {"type": "Feature", "properties": {"osm_type": "line", "voltage_kv": 400.0, "avail": 0}, "geometry": {"type": "LineString", "coordinates": [[25.5849, 60.4291], [25.5921, 60.4292], [25.6016, 60.4294], [25.6083, 60.4302], [25.6122, 60.4313]]}}, {"type": "Feature", "properties": {"osm_type": "line", "voltage_kv": 400.0, "avail": 0}, "geometry": {"type": "LineString", "coordinates": [[25.7847, 60.4316], [25.7915, 60.4326]]}}, {"type": "Feature", "properties": {"osm_type": "line", "voltage_kv": 400.0, "avail": 0}, "geometry": {"type": "LineString", "coordinates": [[25.7238, 60.4339], [25.7315, 60.4328]]}}, {"type": "Feature", "properties": {"osm_type": "line", "voltage_kv": 400.0, "avail": 0}, "geometry": {"type": "LineString", "coordinates": [[25.7238, 60.4339], [25.7187, 60.4347], [25.7139, 60.4355], [25.7073, 60.4365], [25.7007, 60.4373], [25.6945, 60.4375], [25.6876, 60.4375], [25.6816, 60.4371], [25.6743, 60.4371], [25.6699, 60.4377], [25.6652, 60.4377], [25.6584, 60.4377], [25.6523, 60.4378], [25.6492, 60.4378], [25.644, 60.4376], [25.6394, 60.4372], [25.6336, 60.4364], [25.6275, 60.435], [25.6219, 60.4337], [25.6158, 60.4323], [25.6122, 60.4313]]}}, {"type": "Feature", "properties": {"osm_type": "line", "voltage_kv": 400.0, "avail": 0}, "geometry": {"type": "LineString", "coordinates": [[25.6122, 60.4313], [25.6155, 60.4326], [25.6218, 60.434], [25.6267, 60.4351], [25.6334, 60.4367], [25.6392, 60.4375], [25.6439, 60.4379], [25.6492, 60.4381], [25.6523, 60.4381], [25.6584, 60.438], [25.6652, 60.438], [25.67, 60.438], [25.6743, 60.4374], [25.6816, 60.4374], [25.6876, 60.4378], [25.6945, 60.4378], [25.7008, 60.4376], [25.7075, 60.4368], [25.7142, 60.4357], [25.7188, 60.435], [25.7238, 60.4339]]}}, {"type": "Feature", "properties": {"osm_type": "line", "voltage_kv": 400.0, "avail": 0}, "geometry": {"type": "LineString", "coordinates": [[25.9774, 60.4741], [25.9684, 60.4742], [25.9609, 60.4738], [25.9549, 60.4731], [25.9505, 60.4725], [25.9455, 60.4718], [25.9367, 60.4707], [25.9313, 60.47], [25.9269, 60.4694], [25.9218, 60.4687], [25.9168, 60.4681], [25.91, 60.4672], [25.9033, 60.4663], [25.8971, 60.4652], [25.8908, 60.4637], [25.8847, 60.4619], [25.8793, 60.4603], [25.8728, 60.4577], [25.8664, 60.4552], [25.8605, 60.453], [25.855, 60.4511], [25.8484, 60.4488], [25.8423, 60.4467], [25.8372, 60.445], [25.827, 60.4415], [25.8203, 60.4392], [25.8147, 60.4373], [25.8084, 60.4355], [25.8038, 60.4344], [25.7958, 60.4332], [25.7915, 60.4326]]}}, {"type": "Feature", "properties": {"osm_type": "line", "voltage_kv": 400.0, "avail": 0}, "geometry": {"type": "LineString", "coordinates": [[25.7315, 60.4328], [25.7357, 60.4325], [25.7429, 60.4318], [25.7498, 60.4311], [25.7566, 60.4306], [25.7639, 60.4305], [25.7715, 60.4308], [25.7786, 60.4313], [25.7847, 60.4316]]}}, {"type": "Feature", "properties": {"osm_type": "line", "voltage_kv": 400.0, "avail": 0}, "geometry": {"type": "LineString", "coordinates": [[25.7847, 60.4316], [25.7787, 60.431], [25.7709, 60.4304], [25.7639, 60.4302], [25.7565, 60.4303], [25.7497, 60.4308], [25.7433, 60.4315], [25.7356, 60.4323], [25.7315, 60.4328]]}}, {"type": "Feature", "properties": {"osm_type": "line", "voltage_kv": 400.0, "avail": 0}, "geometry": {"type": "LineString", "coordinates": [[25.9774, 60.4741], [25.9863, 60.4742], [25.9924, 60.4748]]}}, {"type": "Feature", "properties": {"osm_type": "line", "voltage_kv": 400.0, "avail": 0}, "geometry": {"type": "LineString", "coordinates": [[25.7915, 60.4326], [25.7957, 60.4335], [25.8036, 60.4346], [25.8078, 60.4357], [25.8143, 60.4375], [25.8194, 60.4392], [25.8233, 60.4406], [25.8304, 60.443], [25.8376, 60.4455], [25.8427, 60.4472], [25.848, 60.449], [25.8546, 60.4513], [25.8602, 60.4533], [25.8662, 60.4554], [25.8721, 60.4578], [25.8789, 60.4605], [25.8851, 60.4623], [25.8905, 60.4639], [25.8968, 60.4655], [25.9031, 60.4666], [25.9098, 60.4675], [25.9171, 60.4684], [25.9218, 60.469], [25.9264, 60.4697], [25.9311, 60.4703], [25.9366, 60.471], [25.9453, 60.4721], [25.9504, 60.4728], [25.9549, 60.4734], [25.9607, 60.4741], [25.9683, 60.4745], [25.9774, 60.4741]]}}, {"type": "Feature", "properties": {"osm_type": "line", "voltage_kv": 400.0, "name": "Loviisan \u2013", "name_src": "endpoints", "avail": 0}, "geometry": {"type": "LineString", "coordinates": [[26.3421, 60.3711], [26.341, 60.3712], [26.3359, 60.3736], [26.3296, 60.3763], [26.3287, 60.3783], [26.3272, 60.3812], [26.325, 60.3846], [26.323, 60.3879], [26.3208, 60.3912], [26.3187, 60.3948], [26.3175, 60.3973], [26.3172, 60.3985], [26.3164, 60.4017], [26.3155, 60.4056], [26.3148, 60.4086], [26.3143, 60.4118], [26.3142, 60.4121], [26.3142, 60.4154], [26.314, 60.4184], [26.314, 60.4217], [26.3138, 60.4252], [26.3131, 60.4279], [26.3115, 60.4315], [26.3103, 60.4344], [26.3084, 60.4371], [26.3054, 60.4404], [26.3029, 60.4433], [26.3001, 60.4467], [26.2975, 60.4498], [26.295, 60.4531], [26.2924, 60.4566], [26.2877, 60.4628], [26.2859, 60.4653], [26.2859, 60.4653], [26.2797, 60.4669], [26.2744, 60.4683], [26.2679, 60.4699], [26.2619, 60.4715], [26.255, 60.4732], [26.2486, 60.4749], [26.2432, 60.4763], [26.2362, 60.4781], [26.2292, 60.4799], [26.2221, 60.4816], [26.2167, 60.483], [26.2101, 60.4846], [26.2041, 60.4859], [26.1979, 60.4867], [26.1913, 60.4872], [26.1847, 60.4873], [26.1781, 60.4871], [26.1717, 60.4865], [26.164, 60.4858], [26.1565, 60.4851], [26.1487, 60.4845], [26.1406, 60.4838], [26.1336, 60.4832], [26.1256, 60.4825], [26.1177, 60.4818], [26.11, 60.4812], [26.102, 60.4805], [26.095, 60.4796], [26.09, 60.4789], [26.0833, 60.4783], [26.0758, 60.4778], [26.0683, 60.4772], [26.0608, 60.4767], [26.0535, 60.4762], [26.0462, 60.4757], [26.0387, 60.4751], [26.033, 60.4748], [26.0268, 60.4748], [26.0184, 60.4748], [26.0101, 60.4749], [26.0029, 60.4749], [25.9973, 60.4749], [25.9924, 60.4748]]}}, {"type": "Feature", "properties": {"osm_type": "line", "voltage_kv": 400.0, "name": "Anttila - Kymi", "avail": 0}, "geometry": {"type": "LineString", "coordinates": [[25.9924, 60.4748], [25.9973, 60.4752], [26.0027, 60.4752], [26.0103, 60.4752], [26.0181, 60.4751], [26.0268, 60.4751], [26.033, 60.4751], [26.0386, 60.4753], [26.046, 60.4759], [26.0534, 60.4764], [26.0608, 60.477], [26.068, 60.4775], [26.0759, 60.478], [26.0833, 60.4795], [26.0893, 60.4799], [26.095, 60.4799], [26.1019, 60.4807], [26.1094, 60.4814], [26.1176, 60.4821], [26.1254, 60.4828], [26.1317, 60.4835], [26.1398, 60.4842], [26.1485, 60.4849], [26.1553, 60.4855], [26.162, 60.4861], [26.1651, 60.4864], [26.1709, 60.487], [26.178, 60.4876], [26.1847, 60.4878], [26.1914, 60.4877], [26.1972, 60.4874], [26.2029, 60.4878], [26.2085, 60.4881], [26.2155, 60.4885], [26.2223, 60.4889], [26.228, 60.4893], [26.2345, 60.4898], [26.2404, 60.4902], [26.2469, 60.4907], [26.254, 60.4912], [26.2596, 60.4923], [26.2649, 60.4939], [26.2706, 60.4955], [26.2756, 60.4968], [26.2844, 60.497], [26.2905, 60.4972], [26.296, 60.4966], [26.3014, 60.4961], [26.3076, 60.4952], [26.3136, 60.4942], [26.3181, 60.4935], [26.3252, 60.4924], [26.3314, 60.4914], [26.3373, 60.4905], [26.3447, 60.49], [26.352, 60.4895], [26.3587, 60.489], [26.3619, 60.4888], [26.3619, 60.4888], [26.3638, 60.4886], [26.3689, 60.4883], [26.3752, 60.4878], [26.3811, 60.4876], [26.3817, 60.4876], [26.3884, 60.4877], [26.3946, 60.4884], [26.4012, 60.4891], [26.4078, 60.4895], [26.4142, 60.4899], [26.4196, 60.4905], [26.4242, 60.491], [26.4281, 60.4915], [26.4364, 60.4918], [26.4439, 60.4921], [26.4497, 60.4927], [26.4548, 60.4924], [26.4611, 60.4921], [26.4665, 60.4919], [26.4735, 60.4916], [26.4798, 60.4921], [26.4854, 60.4925], [26.4914, 60.4929], [26.4983, 60.4938], [26.504, 60.496], [26.5087, 60.4978], [26.5142, 60.4997], [26.5197, 60.5016], [26.5251, 60.5029], [26.5315, 60.5037], [26.5366, 60.5043], [26.5414, 60.5057], [26.5467, 60.5075], [26.5523, 60.5092], [26.5588, 60.5098], [26.5659, 60.5097], [26.572, 60.5096], [26.5784, 60.5095], [26.5851, 60.5094], [26.5912, 60.5094], [26.5969, 60.5097], [26.6033, 60.5106], [26.6089, 60.5124], [26.6128, 60.5138], [26.6166, 60.515], [26.6211, 60.5166], [26.627, 60.5185], [26.6329, 60.5205], [26.6394, 60.5219], [26.6453, 60.5241], [26.651, 60.5261], [26.6553, 60.5277], [26.6611, 60.5299], [26.6658, 60.5316], [26.6713, 60.5336], [26.6768, 60.5357], [26.6807, 60.5369], [26.6858, 60.5387], [26.6898, 60.5387], [26.6981, 60.5387], [26.7063, 60.5383], [26.713, 60.538], [26.7196, 60.5377], [26.7265, 60.5374], [26.7337, 60.5371], [26.7408, 60.5371], [26.7468, 60.5373], [26.7525, 60.5378], [26.7579, 60.5383], [26.7649, 60.5393], [26.7706, 60.541], [26.7762, 60.543], [26.7818, 60.545], [26.7872, 60.547], [26.7916, 60.5485], [26.796, 60.5502], [26.802, 60.5523], [26.8065, 60.5538], [26.81, 60.5549], [26.816, 60.5569], [26.8217, 60.5588], [26.8269, 60.5606], [26.832, 60.5623], [26.8378, 60.5642], [26.8397, 60.5657], [26.8434, 60.5686], [26.8476, 60.5714], [26.8505, 60.5738], [26.8527, 60.5769], [26.8545, 60.5801], [26.8561, 60.5831], [26.8577, 60.586], [26.8586, 60.5871], [26.8596, 60.5882], [26.8628, 60.5905], [26.8669, 60.5931], [26.872, 60.5949], [26.8788, 60.5959], [26.8858, 60.5966], [26.8935, 60.5973], [26.8976, 60.5982], [26.9031, 60.5991], [26.9053, 60.599]]}}, {"type": "Feature", "properties": {"osm_type": "line", "voltage_kv": 450.0, "name": "HVDC Estlink 2", "avail": 0}, "geometry": {"type": "LineString", "coordinates": [[25.528, 60.293], [25.5267, 60.2926], [25.5227, 60.2927], [25.5184, 60.2928], [25.5139, 60.2928], [25.5115, 60.2926], [25.5069, 60.2921], [25.5032, 60.293], [25.4986, 60.294], [25.4978, 60.296], [25.4972, 60.2975], [25.4991, 60.2997], [25.5007, 60.3014], [25.4971, 60.303], [25.4932, 60.3041], [25.4926, 60.3061], [25.492, 60.3083], [25.4919, 60.309], [25.4883, 60.3092], [25.4845, 60.3097], [25.4807, 60.3103], [25.4737, 60.3119], [25.4666, 60.3142], [25.4636, 60.3151], [25.4592, 60.3167], [25.4539, 60.3193], [25.4509, 60.3207], [25.4483, 60.322], [25.4471, 60.3228], [25.4441, 60.3251], [25.4411, 60.3274], [25.4392, 60.3291], [25.4368, 60.3314], [25.4346, 60.3335], [25.4321, 60.3358], [25.4295, 60.3382], [25.4277, 60.3398], [25.4254, 60.342], [25.4234, 60.3438], [25.4217, 60.3453], [25.4197, 60.3472], [25.4176, 60.3492], [25.4155, 60.3511], [25.4136, 60.3528], [25.4111, 60.3552], [25.4086, 60.3573], [25.4062, 60.3592], [25.4043, 60.3604], [25.402, 60.3621], [25.3989, 60.3642], [25.3964, 60.366], [25.3951, 60.366], [25.3923, 60.3679], [25.3895, 60.3698], [25.3867, 60.3717], [25.3841, 60.3734], [25.3817, 60.3751], [25.3804, 60.376], [25.3762, 60.3748], [25.3714, 60.3741], [25.3704, 60.375], [25.3692, 60.3759], [25.3686, 60.3765]]}}, {"type": "Feature", "properties": {"osm_type": "line", "voltage_kv": 400.0, "name": "Nurmij\u00e4rvi - Hiki\u00e4 400", "avail": 0}, "geometry": {"type": "LineString", "coordinates": [[24.9461, 60.494], [24.9453, 60.4947], [24.9429, 60.4971], [24.9407, 60.4992], [24.9381, 60.5019], [24.9357, 60.5041], [24.9338, 60.5069], [24.9328, 60.5089], [24.9314, 60.5122], [24.9301, 60.5157], [24.93, 60.5191], [24.9312, 60.5228], [24.9323, 60.5264], [24.9324, 60.5298], [24.9294, 60.533], [24.9273, 60.5356], [24.9245, 60.5388], [24.9223, 60.5415], [24.9205, 60.5452], [24.9198, 60.5486], [24.918, 60.5517], [24.916, 60.5553], [24.9142, 60.5586], [24.9119, 60.5622], [24.9098, 60.5657], [24.9075, 60.5696], [24.9056, 60.5727], [24.9031, 60.5768], [24.901, 60.5802], [24.8988, 60.5839], [24.8969, 60.587], [24.8952, 60.5908], [24.8956, 60.5948], [24.8963, 60.5975], [24.897, 60.6006], [24.8981, 60.6023]]}}, {"type": "Feature", "properties": {"osm_type": "line", "voltage_kv": 400.0, "name": "Nurmij\u00e4rvi \u2013", "name_src": "endpoints", "avail": 0}, "geometry": {"type": "LineString", "coordinates": [[24.9454, 60.4938], [24.9455, 60.4937], [24.9458, 60.4933], [24.9459, 60.4932]]}}, {"type": "Feature", "properties": {"osm_type": "line", "voltage_kv": 400.0, "name": "Nurmij\u00e4rvi \u2013", "name_src": "endpoints", "avail": 0}, "geometry": {"type": "LineString", "coordinates": [[24.9451, 60.493], [24.945, 60.4932], [24.9447, 60.4936], [24.9447, 60.4937], [24.9445, 60.494]]}}, {"type": "Feature", "properties": {"osm_type": "line", "voltage_kv": 400.0, "avail": 5, "avail_node": "KARKKILA"}, "geometry": {"type": "LineString", "coordinates": [[24.6463, 60.4364], [24.6431, 60.4371], [24.6392, 60.4379], [24.6352, 60.4387], [24.6296, 60.4399], [24.6248, 60.4408], [24.6209, 60.4416], [24.6168, 60.4425], [24.6126, 60.4434], [24.6085, 60.4443], [24.6038, 60.4452], [24.5995, 60.4462], [24.5947, 60.4472], [24.5903, 60.4481], [24.5861, 60.449], [24.5817, 60.4504], [24.5784, 60.4515], [24.574, 60.4528], [24.5692, 60.4543], [24.5653, 60.4556], [24.5621, 60.457], [24.5581, 60.4582], [24.5547, 60.4593], [24.5501, 60.4606], [24.5466, 60.4613], [24.5421, 60.462], [24.5384, 60.4638], [24.5342, 60.4651], [24.5277, 60.4665], [24.5241, 60.4677], [24.5199, 60.4693], [24.5154, 60.4706], [24.5117, 60.4717], [24.5071, 60.4731], [24.505, 60.4735], [24.5018, 60.4742], [24.4985, 60.4748], [24.4948, 60.4759], [24.4912, 60.4774], [24.4862, 60.4791], [24.481, 60.4808], [24.4779, 60.4817], [24.4752, 60.4826], [24.4728, 60.4833], [24.4698, 60.4843], [24.4666, 60.4853], [24.4636, 60.4861], [24.46, 60.4872], [24.4551, 60.4891], [24.4527, 60.4898], [24.4519, 60.4901], [24.4509, 60.4904], [24.4503, 60.4905], [24.4462, 60.4914], [24.4429, 60.4925], [24.4389, 60.4938], [24.4363, 60.4946], [24.4356, 60.4949], [24.4328, 60.4958], [24.4317, 60.4962], [24.4286, 60.4973], [24.4249, 60.4982], [24.424, 60.4984], [24.421, 60.4992], [24.4207, 60.4993], [24.4162, 60.5005], [24.4131, 60.5013], [24.4087, 60.5025], [24.4053, 60.5032], [24.4029, 60.5037], [24.3978, 60.5049], [24.3931, 60.5059], [24.3879, 60.5071], [24.3841, 60.508], [24.3811, 60.5086], [24.3773, 60.5094], [24.373, 60.5102], [24.3683, 60.5112], [24.3635, 60.5121], [24.3633, 60.5122], [24.3598, 60.5129], [24.3557, 60.5137], [24.3521, 60.5144], [24.3484, 60.5151], [24.3447, 60.5159], [24.3407, 60.5167], [24.3363, 60.5176], [24.3324, 60.5182], [24.3287, 60.5189], [24.3239, 60.5198], [24.3197, 60.5206], [24.3174, 60.5212], [24.317, 60.5213], [24.3151, 60.5218], [24.3128, 60.5224], [24.3117, 60.5227], [24.3091, 60.5235], [24.3044, 60.5247], [24.2991, 60.5264], [24.294, 60.528], [24.2881, 60.5298], [24.2832, 60.5313], [24.2792, 60.5321], [24.2749, 60.5331], [24.2702, 60.5341], [24.2656, 60.535], [24.2621, 60.5358], [24.2572, 60.5368], [24.2539, 60.5376], [24.2508, 60.5387], [24.2478, 60.5398], [24.2445, 60.5405], [24.2413, 60.5411], [24.2373, 60.5417], [24.2333, 60.5422], [24.2295, 60.5431], [24.2265, 60.5444], [24.2225, 60.5459], [24.2198, 60.547], [24.217, 60.5481], [24.2141, 60.5492], [24.2108, 60.5505]]}}, {"type": "Feature", "properties": {"osm_type": "line", "voltage_kv": 400.0, "avail": 0}, "geometry": {"type": "LineString", "coordinates": [[24.6463, 60.4364], [24.6513, 60.4354]]}}, {"type": "Feature", "properties": {"osm_type": "line", "voltage_kv": 400.0, "avail": 45, "avail_node": "Tapanila"}, "geometry": {"type": "LineString", "coordinates": [[24.923, 60.3582], [24.9202, 60.359], [24.9164, 60.3601], [24.912, 60.3615], [24.9074, 60.3628], [24.9037, 60.3639], [24.8997, 60.3652], [24.8937, 60.367], [24.8889, 60.3684], [24.8842, 60.3698], [24.8809, 60.3709], [24.8779, 60.3718], [24.8728, 60.3734], [24.8685, 60.3747], [24.8643, 60.376], [24.8593, 60.3776], [24.854, 60.3792], [24.8492, 60.3807], [24.8445, 60.3821], [24.8394, 60.3835], [24.8365, 60.3842], [24.8337, 60.3851], [24.8299, 60.3861], [24.8261, 60.3871], [24.8204, 60.3885], [24.8155, 60.3898], [24.8111, 60.3909], [24.8064, 60.3919], [24.8023, 60.3929], [24.7986, 60.3942], [24.7941, 60.3958], [24.7901, 60.3972], [24.7857, 60.3987], [24.7818, 60.4], [24.7765, 60.4019], [24.7709, 60.4037], [24.767, 60.4051], [24.7643, 60.4061], [24.7602, 60.4077], [24.757, 60.4089], [24.7543, 60.41], [24.7507, 60.4114], [24.7463, 60.413]]}}, {"type": "Feature", "properties": {"osm_type": "line", "voltage_kv": 400.0, "avail": 0}, "geometry": {"type": "LineString", "coordinates": [[24.7463, 60.413], [24.7429, 60.4144], [24.7417, 60.4148], [24.7396, 60.4157], [24.7361, 60.4167], [24.7302, 60.4184], [24.7276, 60.4191], [24.7234, 60.4199], [24.719, 60.4208], [24.7132, 60.4219], [24.7063, 60.4233], [24.7018, 60.4241], [24.6974, 60.425], [24.6916, 60.4261], [24.6863, 60.4271], [24.6819, 60.428], [24.6777, 60.429], [24.673, 60.4302], [24.6684, 60.4313], [24.6642, 60.4323], [24.6601, 60.4333], [24.6553, 60.4345], [24.6513, 60.4354]]}}, {"type": "Feature", "properties": {"osm_type": "line", "voltage_kv": 400.0, "name": "Kangasala - Hiki\u00e4", "avail": 0}, "geometry": {"type": "LineString", "coordinates": [[24.9928, 60.7542], [24.9972, 60.7545], [24.9976, 60.7545], [24.998, 60.7545]]}}, {"type": "Feature", "properties": {"osm_type": "line", "voltage_kv": 400.0, "name": "KR-KM", "avail": 0}, "geometry": {"type": "LineString", "coordinates": [[28.0288, 61.0179], [28.0287, 61.0169], [28.0284, 61.0147], [28.0281, 61.0125], [28.0263, 61.0093], [28.0238, 61.0062], [28.02, 61.0035], [28.0157, 61.0005], [28.0156, 61.0004], [28.0115, 60.9981], [27.9859, 60.9878], [27.9793, 60.9852], [27.9774, 60.9846], [27.9348, 60.9725], [27.92, 60.9678], [27.9074, 60.9635], [27.9021, 60.9613], [27.8964, 60.9586], [27.8919, 60.9555], [27.8872, 60.9523], [27.8823, 60.949], [27.8787, 60.9468], [27.8742, 60.944], [27.8703, 60.9419], [27.8702, 60.9418], [27.8651, 60.939], [27.8594, 60.9369], [27.8542, 60.9348], [27.8473, 60.9327], [27.8405, 60.9306], [27.81, 60.9227], [27.8051, 60.9214], [27.7993, 60.9199], [27.7928, 60.9188], [27.7926, 60.9188], [27.7864, 60.918], [27.7779, 60.9171], [27.7693, 60.9161], [27.7609, 60.9152], [27.7548, 60.9149], [27.7397, 60.914], [27.7319, 60.9136], [27.724, 60.9132], [27.716, 60.9125], [27.7089, 60.9117], [27.7019, 60.9103], [27.6956, 60.9083], [27.6898, 60.9057], [27.6841, 60.903], [27.6797, 60.9002], [27.6756, 60.8977], [27.6713, 60.895], [27.6667, 60.8922], [27.6614, 60.8898], [27.6559, 60.8875], [27.6504, 60.8853], [27.6443, 60.8833], [27.639, 60.8815], [27.6323, 60.8798], [27.6262, 60.8789], [27.6191, 60.8778], [27.6108, 60.8766], [27.6013, 60.8751], [27.5942, 60.8745], [27.5854, 60.8738], [27.576, 60.8731], [27.568, 60.8725], [27.5587, 60.8718], [27.5517, 60.8712], [27.5428, 60.8705], [27.5342, 60.8698], [27.5254, 60.869], [27.5175, 60.8684], [27.5101, 60.8678], [27.5031, 60.8677], [27.497, 60.868], [27.4906, 60.8683], [27.4816, 60.8688], [27.4747, 60.869], [27.4688, 60.8694], [27.4631, 60.8696], [27.4579, 60.87], [27.4503, 60.8705], [27.4426, 60.8711], [27.4347, 60.8714], [27.4288, 60.8716], [27.4206, 60.8714], [27.4116, 60.8711], [27.4053, 60.8709], [27.3971, 60.8706], [27.3891, 60.8703], [27.3818, 60.87], [27.3746, 60.8698], [27.3682, 60.8696], [27.359, 60.8696], [27.3522, 60.8696], [27.3439, 60.8695], [27.3356, 60.8696], [27.327, 60.8696], [27.3204, 60.8692], [27.3135, 60.8687], [27.3063, 60.8682], [27.3, 60.8678], [27.2937, 60.8676], [27.287, 60.8677], [27.2816, 60.8677], [27.2738, 60.8677], [27.2645, 60.8676], [27.2567, 60.8677], [27.2483, 60.8673], [27.2407, 60.8669], [27.2318, 60.8665], [27.2246, 60.8662], [27.2155, 60.8658], [27.2068, 60.8654], [27.1997, 60.8651], [27.1916, 60.8647], [27.1857, 60.8645], [27.179, 60.8642], [27.1712, 60.8637], [27.1644, 60.8628], [27.1583, 60.862], [27.1513, 60.861], [27.1426, 60.8597], [27.1341, 60.8584], [27.126, 60.8572], [27.1203, 60.8564], [27.11, 60.8549], [27.1043, 60.854], [27.0998, 60.8533], [27.0909, 60.8521], [27.0838, 60.8512], [27.0782, 60.85], [27.0706, 60.8485], [27.0638, 60.847], [27.0561, 60.8454], [27.0491, 60.8441], [27.0392, 60.8424], [27.0329, 60.8412], [27.0254, 60.84], [27.0182, 60.8393], [27.0094, 60.8384], [27.0013, 60.8375], [26.9936, 60.8368], [26.9862, 60.836], [26.9798, 60.8354], [26.972, 60.8347], [26.9635, 60.8339], [26.9564, 60.8331], [26.9493, 60.8321], [26.9442, 60.8314], [26.9356, 60.8306], [26.9276, 60.8299], [26.9209, 60.8293], [26.9138, 60.8287], [26.907, 60.8277], [26.9006, 60.8268], [26.8934, 60.8259], [26.8714, 60.8211], [26.8668, 60.8202], [26.8569, 60.8183], [26.8495, 60.8167], [26.8433, 60.816], [26.8352, 60.815], [26.827, 60.8139], [26.8186, 60.8129], [26.8098, 60.8118], [26.8021, 60.8109], [26.7966, 60.8097], [26.7902, 60.8083], [26.782, 60.807], [26.7791, 60.8066], [26.7775, 60.8063], [26.7709, 60.8053], [26.7621, 60.804], [26.7556, 60.803], [26.7482, 60.8012], [26.7404, 60.7994], [26.7339, 60.7979], [26.7261, 60.7971], [26.7183, 60.7966], [26.7095, 60.7966], [26.7025, 60.7966], [26.6954, 60.7996], [26.6905, 60.8014], [26.6853, 60.8031], [26.6792, 60.8052], [26.6731, 60.8075], [26.6662, 60.8102], [26.6595, 60.8128], [26.6529, 60.8153], [26.6473, 60.8177], [26.6411, 60.8203], [26.6343, 60.8231], [26.6287, 60.8257], [26.6235, 60.8282], [26.6166, 60.8304], [26.6095, 60.8326], [26.6036, 60.8344], [26.5983, 60.8363], [26.597, 60.8372]]}}, {"type": "Feature", "properties": {"osm_type": "line", "voltage_kv": 400.0, "name": "Vihtavuori \u2013", "name_src": "endpoints", "avail": 2, "avail_node": "LAUKAA"}, "geometry": {"type": "LineString", "coordinates": [[25.8495, 62.3588], [25.848, 62.3589], [25.8478, 62.3589]]}}, {"type": "Feature", "properties": {"osm_type": "line", "voltage_kv": 400.0, "name": "Espoon \u2013", "name_src": "endpoints", "avail": 0}, "geometry": {"type": "LineString", "coordinates": [[24.5498, 60.2039], [24.5497, 60.204], [24.5496, 60.2044], [24.5496, 60.2046], [24.5495, 60.2048], [24.5494, 60.205], [24.5494, 60.2051], [24.5494, 60.2052]]}}, {"type": "Feature", "properties": {"osm_type": "line", "voltage_kv": 400.0, "name": "Espoon \u2013", "name_src": "endpoints", "avail": 0}, "geometry": {"type": "LineString", "coordinates": [[24.5506, 60.2041], [24.5492, 60.204]]}}, {"type": "Feature", "properties": {"osm_type": "line", "voltage_kv": 400.0, "name": "Espoon \u2013", "name_src": "endpoints", "avail": 0}, "geometry": {"type": "LineString", "coordinates": [[24.5485, 60.2038], [24.5485, 60.2039], [24.5484, 60.2043], [24.5483, 60.2045], [24.5483, 60.2047], [24.5482, 60.2049], [24.5481, 60.205], [24.5481, 60.2051]]}}, {"type": "Feature", "properties": {"osm_type": "line", "voltage_kv": 400.0, "name": "Espoon \u2013", "name_src": "endpoints", "avail": 0}, "geometry": {"type": "LineString", "coordinates": [[24.5503, 60.2052], [24.5488, 60.2049]]}}, {"type": "Feature", "properties": {"osm_type": "line", "voltage_kv": 400.0, "name": "Espoon \u2013", "name_src": "endpoints", "avail": 0}, "geometry": {"type": "LineString", "coordinates": [[24.5468, 60.2042], [24.5488, 60.2047]]}}, {"type": "Feature", "properties": {"osm_type": "line", "voltage_kv": 400.0, "name": "L\u00e4nsisalmen \u2013", "name_src": "endpoints", "avail": 45, "avail_node": "Tapanila"}, "geometry": {"type": "LineString", "coordinates": [[25.0744, 60.2775], [25.0808, 60.2771], [25.0848, 60.276], [25.085, 60.2759], [25.0852, 60.2758], [25.089, 60.2747], [25.0954, 60.2735], [25.0996, 60.271], [25.1036, 60.2692], [25.1077, 60.2669], [25.1101, 60.265], [25.1143, 60.2636], [25.1182, 60.2619]]}}, {"type": "Feature", "properties": {"osm_type": "line", "voltage_kv": 400.0, "name": "Vuolijoen \u2013", "name_src": "endpoints", "avail": 0}, "geometry": {"type": "LineString", "coordinates": [[27.2153, 64.1054], [27.215, 64.1054], [27.2126, 64.1055], [27.2113, 64.1055]]}}, {"type": "Feature", "properties": {"osm_type": "line", "voltage_kv": 400.0, "name": "Vuolijoen \u2013", "name_src": "endpoints", "avail": 0}, "geometry": {"type": "LineString", "coordinates": [[27.2153, 64.1052], [27.215, 64.1051], [27.2126, 64.1051], [27.2113, 64.1051]]}}, {"type": "Feature", "properties": {"osm_type": "line", "voltage_kv": 400.0, "name": "Inkoon \u2013", "name_src": "endpoints", "avail": 0}, "geometry": {"type": "LineString", "coordinates": [[23.909, 60.0226], [23.9087, 60.0234], [23.9125, 60.0259], [23.9168, 60.0281], [23.9209, 60.0302], [23.9258, 60.0327], [23.9312, 60.0355], [23.9346, 60.0386], [23.938, 60.0417], [23.9403, 60.0446], [23.9429, 60.0476], [23.9443, 60.0509], [23.9461, 60.0547], [23.9476, 60.0579], [23.9501, 60.0607], [23.952, 60.0628], [23.9545, 60.0648], [23.9584, 60.0671], [23.9618, 60.069], [23.9684, 60.0696], [23.9738, 60.0701], [23.9791, 60.0705], [24.0067, 60.0731], [24.0123, 60.0736], [24.021, 60.0744], [24.0345, 60.0757], [24.0421, 60.076], [24.0507, 60.0762], [24.0592, 60.0765], [24.0658, 60.0768], [24.0804, 60.079], [24.0874, 60.0801], [24.0942, 60.0811], [24.0988, 60.0817], [24.1054, 60.0825], [24.1129, 60.0834], [24.1259, 60.085], [24.1333, 60.086], [24.1407, 60.0868], [24.1478, 60.0877], [24.1547, 60.0886], [24.1621, 60.0897], [24.1676, 60.0903], [24.1744, 60.0919], [24.1806, 60.0927], [24.188, 60.0936], [24.1951, 60.0944], [24.2014, 60.0952], [24.2119, 60.0967], [24.216, 60.0973], [24.2209, 60.098], [24.2247, 60.0983], [24.2271, 60.1009], [24.2291, 60.1042], [24.2312, 60.1077], [24.2338, 60.1119], [24.2361, 60.1156], [24.2385, 60.1196], [24.2404, 60.1228], [24.2427, 60.1267], [24.2462, 60.1392], [24.2476, 60.1423], [24.2497, 60.1456], [24.2511, 60.1474], [24.2541, 60.1513], [24.2545, 60.1519], [24.2611, 60.1606], [24.2628, 60.163], [24.2657, 60.1668], [24.2725, 60.1663]]}}, {"type": "Feature", "properties": {"osm_type": "line", "voltage_kv": 400.0, "name": "Loviisan \u2013", "name_src": "endpoints", "avail": 0}, "geometry": {"type": "LineString", "coordinates": [[26.3429, 60.3718], [26.3432, 60.3717], [26.344, 60.3716], [26.3441, 60.3715]]}}, {"type": "Feature", "properties": {"osm_type": "line", "voltage_kv": 400.0, "name": "Loviisan \u2013", "name_src": "endpoints", "avail": 0}, "geometry": {"type": "LineString", "coordinates": [[26.3433, 60.3722], [26.3432, 60.3721], [26.343, 60.3719], [26.3429, 60.3718], [26.3426, 60.3714], [26.3425, 60.3712], [26.3424, 60.3711], [26.3422, 60.3709], [26.3422, 60.3708]]}}, {"type": "Feature", "properties": {"osm_type": "line", "voltage_kv": 400.0, "name": "Loviisan \u2013", "name_src": "endpoints", "avail": 0}, "geometry": {"type": "LineString", "coordinates": [[26.3443, 60.372], [26.3443, 60.3719], [26.3441, 60.3717], [26.344, 60.3716], [26.3437, 60.3712], [26.3436, 60.371], [26.3434, 60.3708], [26.3433, 60.3707], [26.3432, 60.3706]]}}, {"type": "Feature", "properties": {"osm_type": "line", "voltage_kv": 400.0, "name": "Loviisan \u2013", "name_src": "endpoints", "avail": 0}, "geometry": {"type": "LineString", "coordinates": [[26.3428, 60.372], [26.343, 60.3719], [26.3434, 60.3719], [26.3441, 60.3717]]}}, {"type": "Feature", "properties": {"osm_type": "line", "voltage_kv": 400.0, "name": "Loviisan \u2013", "name_src": "endpoints", "avail": 0}, "geometry": {"type": "LineString", "coordinates": [[26.3436, 60.3721], [26.3435, 60.3721], [26.3434, 60.3719], [26.3432, 60.3717], [26.3429, 60.3713], [26.3428, 60.3712], [26.3427, 60.371], [26.3425, 60.3708], [26.3425, 60.3707]]}}, {"type": "Feature", "properties": {"osm_type": "line", "voltage_kv": 400.0, "name": "Loviisan \u2013", "name_src": "endpoints", "avail": 0}, "geometry": {"type": "LineString", "coordinates": [[26.3425, 60.3712], [26.3428, 60.3712], [26.3436, 60.371], [26.3437, 60.371]]}}, {"type": "Feature", "properties": {"osm_type": "line", "voltage_kv": 400.0, "name": "Loviisan \u2013", "name_src": "endpoints", "avail": 0}, "geometry": {"type": "LineString", "coordinates": [[26.3421, 60.3711], [26.3424, 60.3711], [26.3427, 60.371], [26.3434, 60.3708]]}}, {"type": "Feature", "properties": {"osm_type": "line", "voltage_kv": 400.0, "name": "Loviisan \u2013", "name_src": "endpoints", "avail": 0}, "geometry": {"type": "LineString", "coordinates": [[26.3426, 60.3714], [26.3429, 60.3713], [26.3437, 60.3712]]}}, {"type": "Feature", "properties": {"osm_type": "line", "voltage_kv": 400.0, "name": "Ulvila - Kangasala", "avail": 6, "avail_node": "RUUTANA"}, "geometry": {"type": "LineString", "coordinates": [[23.9777, 61.4909], [23.9774, 61.4948], [23.9775, 61.4963], [23.9779, 61.4975]]}}, {"type": "Feature", "properties": {"osm_type": "line", "voltage_kv": 400.0, "name": "Kopulan muuntoasema \u2013", "name_src": "endpoints", "avail": 0}, "geometry": {"type": "LineString", "coordinates": [[24.2769, 60.2746], [24.2758, 60.2735], [24.2739, 60.2722], [24.2734, 60.2696], [24.2716, 60.2664], [24.271, 60.2646], [24.2703, 60.2627], [24.268, 60.2599], [24.2665, 60.2572], [24.2654, 60.2542], [24.2653, 60.2515], [24.2656, 60.2482], [24.2659, 60.2456], [24.2662, 60.2414], [24.2666, 60.2393], [24.2681, 60.2355], [24.2696, 60.2315], [24.2687, 60.2286], [24.262, 60.2184], [24.2591, 60.2122], [24.2534, 60.2024], [24.2582, 60.1976], [24.257, 60.194], [24.255, 60.1881], [24.2538, 60.1846], [24.2544, 60.1806], [24.2549, 60.1774], [24.2554, 60.1736], [24.2557, 60.1727], [24.2562, 60.1707], [24.2629, 60.168], [24.2645, 60.1673], [24.2725, 60.1663]]}}, {"type": "Feature", "properties": {"osm_type": "line", "voltage_kv": 400.0, "name": "Kopulan muuntoasema \u2013", "name_src": "endpoints", "avail": 0}, "geometry": {"type": "LineString", "coordinates": [[24.2769, 60.2746], [24.2765, 60.2748], [24.2761, 60.2746], [24.2755, 60.2743]]}}, {"type": "Feature", "properties": {"osm_type": "line", "voltage_kv": 400.0, "name": "Huittinen \u2013", "name_src": "endpoints", "avail": 0}, "geometry": {"type": "LineString", "coordinates": [[22.5863, 61.1515], [22.5846, 61.1523], [22.5838, 61.1535], [22.5794, 61.1557], [22.5753, 61.1587], [22.5715, 61.1613], [22.566, 61.1633], [22.5601, 61.1654], [22.5542, 61.1675], [22.549, 61.1693], [22.5436, 61.1716], [22.5377, 61.1741], [22.5319, 61.1765], [22.5267, 61.1786], [22.5212, 61.1809], [22.5171, 61.1826], [22.5115, 61.185], [22.5057, 61.1872], [22.5009, 61.189], [22.4952, 61.1911], [22.4917, 61.1927], [22.488, 61.1941], [22.4824, 61.1959], [22.4769, 61.1979], [22.4714, 61.2001], [22.4716, 61.207], [22.4713, 61.2265], [22.4523, 61.2494], [22.4468, 61.2564], [22.4448, 61.2588], [22.4434, 61.2606], [22.4448, 61.2632], [22.4456, 61.2648], [22.4465, 61.2664], [22.4486, 61.2703], [22.4499, 61.2729], [22.4517, 61.2761], [22.4498, 61.2793], [22.4464, 61.2856], [22.4445, 61.289], [22.4427, 61.2923], [22.4425, 61.2926], [22.4409, 61.2964], [22.4398, 61.2991], [22.4389, 61.3013], [22.4378, 61.304], [22.4365, 61.307], [22.4351, 61.3104], [22.4329, 61.3139], [22.43, 61.3169], [22.4279, 61.3191], [22.4248, 61.3218], [22.4217, 61.3241], [22.4145, 61.3294], [22.4078, 61.3337], [22.4046, 61.3362], [22.3989, 61.342], [22.3856, 61.3448], [22.3612, 61.3548], [22.3424, 61.3627], [22.3334, 61.3676], [22.3297, 61.3694], [22.3255, 61.371], [22.3208, 61.3727], [22.315, 61.3743]]}}, {"type": "Feature", "properties": {"osm_type": "line", "voltage_kv": 400.0, "name": "Huittinen \u2013", "name_src": "endpoints", "avail": 0}, "geometry": {"type": "LineString", "coordinates": [[22.586, 61.1511], [22.5842, 61.1515], [22.581, 61.1523], [22.5745, 61.1529], [22.5674, 61.153], [22.5596, 61.1532], [22.5525, 61.1534], [22.5443, 61.1536], [22.5362, 61.1537], [22.5292, 61.1539], [22.5232, 61.1542], [22.5155, 61.1547], [22.5084, 61.1552], [22.5002, 61.1557], [22.4922, 61.1562], [22.4841, 61.1567], [22.4765, 61.1572], [22.4679, 61.1578], [22.4602, 61.1583], [22.4514, 61.1586]]}}, {"type": "Feature", "properties": {"osm_type": "line", "voltage_kv": 220.0, "name": "Pet\u00e4j\u00e4skoski \u2013 Ossauskoski", "name_src": "endpoints", "avail": 0}, "geometry": {"type": "LineString", "coordinates": [[25.3342, 66.2696], [25.3337, 66.2686], [25.3335, 66.2675], [25.3306, 66.265], [25.3276, 66.2624], [25.3234, 66.2598], [25.3185, 66.257], [25.3147, 66.2549], [25.3099, 66.2521], [25.3053, 66.2495], [25.3008, 66.2469], [25.2963, 66.2443], [25.2918, 66.2417], [25.2872, 66.2391], [25.2825, 66.2364], [25.2779, 66.2338], [25.2736, 66.2312], [25.2691, 66.2286], [25.2645, 66.226], [25.2598, 66.2232], [25.2553, 66.2206], [25.2517, 66.2184], [25.2473, 66.2158], [25.2428, 66.2132], [25.2383, 66.2105], [25.2339, 66.2079], [25.2293, 66.2052], [25.2253, 66.2028], [25.2208, 66.2001], [25.2165, 66.1976], [25.2119, 66.1948], [25.2077, 66.1922], [25.2032, 66.1895], [25.1994, 66.1872], [25.195, 66.1845], [25.1904, 66.1817], [25.1857, 66.1795], [25.1796, 66.1772], [25.1738, 66.1753], [25.1671, 66.1735], [25.161, 66.1721], [25.1541, 66.1708], [25.1468, 66.1697], [25.1393, 66.1687], [25.1326, 66.168], [25.1248, 66.1672], [25.1178, 66.1665], [25.1173, 66.1665], [25.1169, 66.1664], [25.1155, 66.1662], [25.1182, 66.1635], [25.1196, 66.1609], [25.1201, 66.1591], [25.1201, 66.1567], [25.1203, 66.1553], [25.1204, 66.1542]]}}, {"type": "Feature", "properties": {"osm_type": "line", "voltage_kv": 400.0, "avail": 0}, "geometry": {"type": "LineString", "coordinates": [[24.905, 60.6091], [24.908, 60.6111], [24.9126, 60.6142], [24.9156, 60.6162], [24.9189, 60.6184], [24.9215, 60.6203], [24.9249, 60.6227], [24.9285, 60.6252], [24.9315, 60.6274], [24.9351, 60.63], [24.939, 60.6328], [24.9425, 60.6353], [24.9457, 60.6377], [24.9475, 60.6404], [24.9496, 60.6432], [24.9515, 60.6459], [24.9537, 60.6489], [24.9555, 60.6513], [24.9577, 60.654]]}}, {"type": "Feature", "properties": {"osm_type": "line", "voltage_kv": 400.0, "name": "Salo \u2013", "name_src": "endpoints", "avail": 0}, "geometry": {"type": "LineString", "coordinates": [[23.0883, 60.3411], [23.0885, 60.3411], [23.0899, 60.3415]]}}, {"type": "Feature", "properties": {"osm_type": "line", "voltage_kv": 220.0, "name": "Ivalo - Varangerbotn", "avail": 0}, "geometry": {"type": "LineString", "coordinates": [[27.5841, 68.6556], [27.5854, 68.6562], [27.5907, 68.6578], [27.5949, 68.659], [27.5989, 68.6602], [27.5999, 68.6605], [27.6031, 68.6615], [27.6077, 68.6629], [27.6045, 68.6645], [27.6015, 68.666], [27.5984, 68.6675], [27.595, 68.6687], [27.5916, 68.6698], [27.5878, 68.6721], [27.5842, 68.674], [27.5792, 68.6758], [27.575, 68.6767], [27.5711, 68.677], [27.5648, 68.6776], [27.5627, 68.6778], [27.5589, 68.6781], [27.5516, 68.6784], [27.5458, 68.6793], [27.5413, 68.6799], [27.5363, 68.6807], [27.5309, 68.6815], [27.5278, 68.682], [27.5243, 68.6826], [27.5208, 68.6836], [27.5178, 68.6846], [27.5144, 68.6856], [27.511, 68.6867], [27.5059, 68.6882], [27.502, 68.6894], [27.5, 68.69], [27.4973, 68.6907], [27.4925, 68.6921], [27.4877, 68.6935], [27.4845, 68.6947], [27.4816, 68.6958], [27.478, 68.6976], [27.4741, 68.7002], [27.4733, 68.7008], [27.4705, 68.7027], [27.4671, 68.7045], [27.4626, 68.706], [27.4568, 68.7073], [27.4524, 68.7083], [27.4479, 68.7095], [27.444, 68.7116], [27.4407, 68.7133], [27.4377, 68.715], [27.436, 68.7165], [27.4353, 68.7183], [27.4351, 68.7207], [27.435, 68.723], [27.4346, 68.725], [27.4342, 68.727], [27.4334, 68.7292], [27.4326, 68.7312], [27.432, 68.733], [27.4306, 68.7346], [27.428, 68.7362], [27.4236, 68.7381], [27.4206, 68.7399], [27.4194, 68.7411], [27.4184, 68.7427], [27.417, 68.745], [27.4159, 68.7468], [27.4148, 68.7486], [27.4139, 68.75], [27.4125, 68.7517], [27.4102, 68.7537], [27.4078, 68.7555], [27.4052, 68.7575], [27.4024, 68.7595], [27.4001, 68.7612], [27.3977, 68.763], [27.3971, 68.7638], [27.3958, 68.7653], [27.3942, 68.7671], [27.3932, 68.7684], [27.3923, 68.7697], [27.3915, 68.7708], [27.391, 68.7716], [27.3895, 68.7733], [27.3865, 68.7751], [27.3826, 68.7767], [27.3792, 68.7779], [27.3752, 68.7789], [27.3708, 68.7801], [27.3669, 68.7812], [27.3624, 68.7825], [27.3607, 68.7831], [27.3572, 68.784], [27.3495, 68.7864], [27.3448, 68.7878], [27.3414, 68.7891], [27.3392, 68.7904], [27.337, 68.7918], [27.3327, 68.7944], [27.3311, 68.7954], [27.3284, 68.7966], [27.3257, 68.7977], [27.3201, 68.8], [27.3169, 68.8012], [27.3139, 68.8023], [27.3102, 68.8033], [27.3045, 68.8046], [27.3006, 68.8055], [27.2957, 68.8064], [27.2902, 68.8075], [27.2834, 68.8091], [27.2784, 68.8102], [27.2737, 68.811], [27.2688, 68.8117], [27.264, 68.8127], [27.2611, 68.8137], [27.2592, 68.8152], [27.2584, 68.8164], [27.2578, 68.8175], [27.257, 68.8189], [27.2558, 68.8204], [27.2547, 68.8214], [27.2537, 68.8224], [27.2524, 68.8235], [27.2492, 68.8252], [27.2477, 68.8259], [27.2462, 68.8267], [27.2431, 68.828], [27.2394, 68.8293], [27.2359, 68.8307], [27.2342, 68.8322], [27.2332, 68.8335], [27.2326, 68.8356], [27.2318, 68.839], [27.2311, 68.8412], [27.2306, 68.843], [27.2297, 68.8443], [27.2278, 68.8461], [27.2254, 68.8474], [27.2225, 68.8491], [27.2192, 68.8509], [27.217, 68.8518], [27.2133, 68.8532], [27.2091, 68.8547], [27.2054, 68.8556], [27.2007, 68.8564], [27.1966, 68.8569], [27.1922, 68.8573], [27.1874, 68.8578], [27.1827, 68.8584], [27.1778, 68.8589], [27.1736, 68.8592], [27.1677, 68.8597], [27.1629, 68.8601], [27.1571, 68.8605], [27.1521, 68.8609], [27.1478, 68.8613], [27.1444, 68.8615], [27.1421, 68.8617], [27.1386, 68.862], [27.1359, 68.8625], [27.1317, 68.8635], [27.1284, 68.8644], [27.1262, 68.8649], [27.1229, 68.8658], [27.1187, 68.8668], [27.1142, 68.8679], [27.1098, 68.8691], [27.1061, 68.87], [27.1029, 68.8708], [27.0991, 68.8717], [27.0957, 68.8726], [27.0918, 68.8736], [27.0884, 68.8744], [27.084, 68.8752], [27.0799, 68.876], [27.0745, 68.8769], [27.0687, 68.878], [27.0629, 68.879], [27.0585, 68.8801], [27.054, 68.8816], [27.0495, 68.8832], [27.0436, 68.8854], [27.0389, 68.8868], [27.0351, 68.8882], [27.0327, 68.8893], [27.0296, 68.8907], [27.0255, 68.892], [27.021, 68.8931], [27.0161, 68.8941], [27.0105, 68.8948], [27.004, 68.8957], [27.0005, 68.8968], [26.9971, 68.898], [26.9936, 68.8997], [26.9883, 68.9004], [26.9851, 68.9009], [26.9773, 68.902], [26.9737, 68.9032], [26.9688, 68.9045], [26.973, 68.9089], [26.9752, 68.9112], [26.9778, 68.9138], [26.9794, 68.9154], [26.981, 68.917], [26.9816, 68.9188], [26.9823, 68.9208], [26.9832, 68.9231], [26.9843, 68.9255], [26.9852, 68.9276], [26.9858, 68.9291], [26.9867, 68.9311], [26.9878, 68.9334], [26.988, 68.9361], [26.9882, 68.938], [26.9876, 68.94], [26.9859, 68.9423], [26.984, 68.9449], [26.9821, 68.9475], [26.9814, 68.9492], [26.9818, 68.9514], [26.9834, 68.953], [26.987, 68.9549], [26.9899, 68.9565], [26.993, 68.9581], [26.9965, 68.96], [26.9998, 68.9618], [27.0032, 68.9636], [27.0066, 68.9655], [27.0098, 68.9672], [27.013, 68.9689], [27.0167, 68.9709], [27.0202, 68.9728], [27.0239, 68.9748], [27.028, 68.977], [27.0304, 68.9782], [27.0334, 68.9796], [27.0367, 68.9813], [27.041, 68.9834], [27.0445, 68.9851], [27.0487, 68.9871], [27.0523, 68.9889], [27.0559, 68.9908], [27.0594, 68.9927], [27.063, 68.9948], [27.0666, 68.9968], [27.0702, 68.9987], [27.0736, 69.0005], [27.0773, 69.0023], [27.0811, 69.0042], [27.0858, 69.0064], [27.0891, 69.0081], [27.0931, 69.01], [27.0967, 69.0118], [27.0992, 69.0133], [27.1017, 69.0145], [27.1053, 69.0159], [27.1094, 69.0174], [27.1138, 69.0188], [27.1186, 69.0205], [27.1224, 69.0221], [27.1263, 69.0237], [27.1303, 69.0255], [27.134, 69.0272], [27.1383, 69.029], [27.1421, 69.0307], [27.1461, 69.0325], [27.1502, 69.0343], [27.1544, 69.0362], [27.1587, 69.038], [27.1624, 69.0399], [27.1658, 69.0416], [27.1696, 69.0435], [27.1725, 69.0454], [27.1748, 69.0472], [27.1762, 69.0491], [27.1776, 69.0508], [27.1789, 69.0523], [27.1793, 69.0544], [27.1796, 69.0564], [27.1802, 69.059], [27.1808, 69.0613], [27.1814, 69.0636], [27.1819, 69.066], [27.1823, 69.0681], [27.1827, 69.0704], [27.1838, 69.0722], [27.1853, 69.0736], [27.187, 69.0749], [27.1891, 69.0764], [27.1909, 69.0778], [27.1922, 69.079], [27.1934, 69.0803], [27.1957, 69.0819], [27.1978, 69.0832], [27.2008, 69.0849], [27.2035, 69.0865], [27.2064, 69.0881], [27.2096, 69.0895], [27.213, 69.0909], [27.2168, 69.0924], [27.221, 69.094], [27.2252, 69.0956], [27.2299, 69.0974], [27.234, 69.0989], [27.238, 69.1004], [27.2423, 69.1019], [27.2458, 69.1037], [27.2489, 69.1052], [27.2521, 69.1068], [27.2556, 69.1085], [27.259, 69.1101], [27.2622, 69.1117], [27.2651, 69.1131], [27.2679, 69.1147], [27.271, 69.1163], [27.2737, 69.1178], [27.276, 69.1193], [27.279, 69.1214], [27.2822, 69.1235], [27.2854, 69.1257], [27.2875, 69.1275], [27.2886, 69.1292], [27.2897, 69.1313], [27.2907, 69.1331], [27.2915, 69.1353], [27.2922, 69.1371], [27.2929, 69.1392], [27.2938, 69.1414], [27.2945, 69.1434], [27.2952, 69.145], [27.2958, 69.1467], [27.2967, 69.149], [27.2975, 69.1513], [27.2985, 69.1538], [27.2998, 69.1558], [27.3012, 69.1577], [27.3024, 69.1597], [27.3035, 69.1613], [27.3045, 69.1627], [27.305, 69.1645], [27.305, 69.1665], [27.304, 69.1687], [27.3032, 69.1707], [27.3023, 69.1728], [27.3016, 69.175], [27.3006, 69.1772], [27.2997, 69.1795], [27.2987, 69.1819], [27.2977, 69.1844], [27.2958, 69.187], [27.2939, 69.1891], [27.2923, 69.1909], [27.2909, 69.1926], [27.2897, 69.1944], [27.2884, 69.1963], [27.2872, 69.1983], [27.2858, 69.2004], [27.2844, 69.2025], [27.2832, 69.2044], [27.2818, 69.2062], [27.2808, 69.208], [27.2797, 69.2097], [27.2782, 69.2119], [27.2778, 69.214], [27.2772, 69.2162], [27.2769, 69.2177], [27.2759, 69.2196], [27.274, 69.2216], [27.2715, 69.2239], [27.269, 69.2261], [27.2665, 69.2277], [27.2628, 69.2293], [27.259, 69.2309], [27.2552, 69.2326], [27.2517, 69.2341], [27.2484, 69.2352], [27.2441, 69.237], [27.24, 69.2388], [27.2358, 69.2406], [27.2318, 69.2424], [27.2291, 69.244], [27.2263, 69.2456], [27.2234, 69.2473], [27.2204, 69.249], [27.2177, 69.2505], [27.2148, 69.2521], [27.2124, 69.2537], [27.2093, 69.2556], [27.2064, 69.2573], [27.2037, 69.2587], [27.2012, 69.2603], [27.199, 69.2615], [27.1967, 69.2627], [27.1942, 69.2641], [27.1906, 69.266], [27.1879, 69.2679], [27.1857, 69.2705], [27.1843, 69.2722], [27.1821, 69.2748], [27.1807, 69.2764], [27.1794, 69.278], [27.1782, 69.2794], [27.1768, 69.2811], [27.1753, 69.2828], [27.1742, 69.2842], [27.1729, 69.2856], [27.1715, 69.2873], [27.1699, 69.2892], [27.1682, 69.2911], [27.1667, 69.293], [27.1653, 69.2947], [27.1639, 69.2962], [27.1628, 69.2976], [27.162, 69.2996], [27.162, 69.3013], [27.1621, 69.303], [27.1631, 69.3051], [27.1641, 69.3073], [27.1651, 69.3093], [27.166, 69.3112], [27.1671, 69.3136], [27.168, 69.3156], [27.1691, 69.318], [27.1696, 69.32], [27.1702, 69.3217], [27.1709, 69.3239], [27.1714, 69.3261], [27.1716, 69.3282], [27.1718, 69.3304], [27.1719, 69.3325], [27.172, 69.3345], [27.1721, 69.3365], [27.1723, 69.3385], [27.1723, 69.3405], [27.1725, 69.3427], [27.1726, 69.3449], [27.1728, 69.3464], [27.1729, 69.3483], [27.173, 69.3501], [27.1731, 69.3519], [27.1731, 69.3538], [27.1723, 69.3559], [27.1715, 69.3578], [27.1707, 69.3595], [27.1699, 69.3615], [27.1692, 69.3633], [27.1686, 69.3646], [27.1679, 69.3662], [27.1675, 69.3678], [27.1676, 69.3696], [27.1677, 69.3714], [27.1678, 69.3734], [27.1679, 69.3752], [27.1679, 69.377], [27.168, 69.3788], [27.1689, 69.3805], [27.1698, 69.3821], [27.1715, 69.3838], [27.1731, 69.3855], [27.1749, 69.3874], [27.1773, 69.389], [27.18, 69.3908], [27.1827, 69.3925], [27.1848, 69.394], [27.1868, 69.3954], [27.1892, 69.3969], [27.1915, 69.3985], [27.1935, 69.4003], [27.1943, 69.4021], [27.1945, 69.4039], [27.1946, 69.4056], [27.1948, 69.4072], [27.1955, 69.4091], [27.1968, 69.4106], [27.1981, 69.4121], [27.1993, 69.4136], [27.2012, 69.4155], [27.2033, 69.4174], [27.2062, 69.419], [27.2098, 69.4205], [27.2132, 69.4215], [27.2171, 69.4227], [27.221, 69.4239], [27.2248, 69.4251], [27.2289, 69.4263], [27.2323, 69.4273], [27.2361, 69.4285], [27.2397, 69.4296], [27.2431, 69.4306], [27.2465, 69.4316], [27.2501, 69.4327], [27.2518, 69.4334], [27.2546, 69.4347], [27.2564, 69.4361], [27.2583, 69.4376], [27.2602, 69.439], [27.262, 69.4406], [27.264, 69.4423], [27.2658, 69.4439], [27.2674, 69.4453], [27.269, 69.4467], [27.2707, 69.4485], [27.2712, 69.4503], [27.2718, 69.4522], [27.2725, 69.4542], [27.273, 69.4558], [27.2735, 69.4574], [27.2742, 69.4594], [27.2738, 69.4611], [27.2735, 69.4629], [27.2732, 69.4647], [27.2731, 69.4662], [27.2727, 69.468], [27.2724, 69.4696], [27.2722, 69.4711], [27.272, 69.4724], [27.2717, 69.474], [27.2716, 69.4762], [27.2727, 69.4785], [27.2736, 69.48], [27.2745, 69.4814], [27.2755, 69.4828], [27.2763, 69.4846], [27.277, 69.4864], [27.2778, 69.4883], [27.2784, 69.4904], [27.279, 69.4923], [27.2797, 69.4942], [27.2803, 69.496], [27.2809, 69.4977], [27.2813, 69.499], [27.2819, 69.5008], [27.2825, 69.5024], [27.283, 69.5039], [27.2835, 69.5055], [27.2841, 69.5073], [27.2847, 69.5092], [27.2853, 69.5108], [27.2859, 69.5127], [27.2865, 69.5147], [27.2871, 69.5163], [27.2876, 69.5178], [27.2881, 69.5194], [27.2887, 69.5212], [27.2898, 69.5229], [27.2914, 69.5249], [27.2929, 69.5269], [27.2942, 69.5287], [27.2954, 69.5301], [27.2967, 69.5318], [27.298, 69.5334], [27.2993, 69.5351], [27.3005, 69.5367], [27.3012, 69.5386], [27.3019, 69.5406], [27.3025, 69.5425], [27.3032, 69.5442], [27.3031, 69.546], [27.3032, 69.5477], [27.3033, 69.5495], [27.3032, 69.5515], [27.3032, 69.5534], [27.303, 69.5549], [27.3023, 69.557], [27.3015, 69.5589], [27.3007, 69.5608], [27.2998, 69.5631], [27.299, 69.5653], [27.2973, 69.5672], [27.2949, 69.569], [27.2929, 69.5702], [27.2901, 69.5717], [27.2871, 69.5733], [27.2844, 69.5748], [27.2808, 69.5768], [27.2783, 69.5783], [27.2751, 69.5803], [27.2714, 69.5826], [27.2679, 69.5843], [27.2631, 69.5861], [27.2586, 69.5879], [27.2549, 69.5893], [27.2506, 69.5909], [27.2464, 69.5926], [27.2429, 69.5943], [27.2391, 69.5961], [27.2366, 69.5977], [27.2346, 69.599], [27.2315, 69.6009], [27.2287, 69.6026], [27.226, 69.6043], [27.2237, 69.6061], [27.2222, 69.608], [27.2215, 69.6101], [27.2218, 69.6121], [27.2232, 69.6142], [27.2195, 69.6155], [27.2146, 69.6172], [27.2104, 69.6187], [27.2061, 69.6203], [27.2018, 69.6218], [27.1975, 69.6233], [27.1931, 69.6247], [27.1889, 69.6262], [27.1855, 69.6278], [27.1816, 69.6297], [27.1782, 69.631], [27.1734, 69.6323], [27.1701, 69.6331], [27.1657, 69.6343], [27.162, 69.6353], [27.1586, 69.6362], [27.1552, 69.6371], [27.1514, 69.6381], [27.1477, 69.639], [27.1438, 69.64], [27.1399, 69.6414], [27.1369, 69.6429], [27.1346, 69.6447], [27.1332, 69.6465], [27.132, 69.6481], [27.1304, 69.6501], [27.1292, 69.6517], [27.1281, 69.6531], [27.1276, 69.6547], [27.1277, 69.6567], [27.1279, 69.6588], [27.1273, 69.6608], [27.1263, 69.6626], [27.1245, 69.6646], [27.1223, 69.6664], [27.1197, 69.6681], [27.1178, 69.67], [27.1166, 69.6719], [27.1162, 69.6739], [27.1167, 69.6756], [27.1179, 69.6776], [27.1196, 69.6792], [27.1216, 69.6809], [27.1228, 69.6826], [27.1241, 69.6845], [27.1256, 69.6868], [27.1273, 69.6891], [27.1288, 69.6913], [27.1304, 69.6936], [27.1308, 69.6953], [27.1304, 69.697], [27.1298, 69.6986], [27.1292, 69.7001], [27.1286, 69.7018], [27.1279, 69.7035], [27.1274, 69.705], [27.1274, 69.7066], [27.128, 69.7082], [27.1286, 69.7099], [27.1295, 69.7119], [27.1303, 69.7141], [27.1316, 69.7159], [27.1328, 69.7174], [27.134, 69.7189], [27.1347, 69.7205], [27.1352, 69.7222], [27.1361, 69.7238], [27.1366, 69.7255], [27.1368, 69.7272], [27.1369, 69.7292], [27.137, 69.7308], [27.1371, 69.7325], [27.1368, 69.7344], [27.1367, 69.736], [27.1364, 69.7376], [27.1362, 69.7394], [27.1359, 69.7414], [27.1357, 69.7433], [27.135, 69.7454], [27.1343, 69.7471], [27.1336, 69.7492], [27.1329, 69.7508], [27.1324, 69.7522], [27.1322, 69.7534], [27.1321, 69.7547], [27.132, 69.7559], [27.1323, 69.7571], [27.1324, 69.7584], [27.1328, 69.7597], [27.133, 69.7609], [27.1333, 69.7622], [27.1335, 69.7634], [27.1338, 69.7647], [27.134, 69.7659], [27.1343, 69.767], [27.1344, 69.7682], [27.1351, 69.7694], [27.136, 69.7707], [27.1367, 69.772], [27.1374, 69.7732], [27.1381, 69.7745], [27.1389, 69.7757], [27.1395, 69.777], [27.1402, 69.7782], [27.1414, 69.7794], [27.1429, 69.7806], [27.1444, 69.7818], [27.1457, 69.7829], [27.1471, 69.7841], [27.1486, 69.7852], [27.15, 69.7864], [27.1514, 69.7875], [27.1528, 69.7887], [27.1541, 69.7898], [27.1553, 69.7908], [27.1566, 69.7918], [27.1581, 69.7929], [27.1593, 69.794], [27.1613, 69.7951], [27.1637, 69.7961], [27.1658, 69.7971], [27.1678, 69.798], [27.1701, 69.7989], [27.1721, 69.7998], [27.1743, 69.8008], [27.1765, 69.8017], [27.1786, 69.8026], [27.1808, 69.8036], [27.1829, 69.8045], [27.1854, 69.8057], [27.1882, 69.8072], [27.1903, 69.8088], [27.1922, 69.8108], [27.1938, 69.8126], [27.1956, 69.8147], [27.1976, 69.8168], [27.1995, 69.8189], [27.2011, 69.8207], [27.2029, 69.8227], [27.2046, 69.8246], [27.2061, 69.8263], [27.208, 69.8284], [27.2098, 69.8305], [27.2114, 69.8323], [27.2132, 69.8343], [27.215, 69.8362], [27.2171, 69.8378], [27.2197, 69.8393], [27.2219, 69.8406], [27.2244, 69.842], [27.2273, 69.8435]]}}, {"type": "Feature", "properties": {"osm_type": "line", "voltage_kv": 400.0, "avail": 0}, "geometry": {"type": "LineString", "coordinates": [[21.6528, 61.1895], [21.6594, 61.1884]]}}, {"type": "Feature", "properties": {"osm_type": "line", "voltage_kv": 400.0, "avail": 0}, "geometry": {"type": "LineString", "coordinates": [[21.6529, 61.1898], [21.66, 61.1891]]}}, {"type": "Feature", "properties": {"osm_type": "line", "voltage_kv": 400.0, "name": "Rauma \u2013", "name_src": "endpoints", "avail": 0}, "geometry": {"type": "LineString", "coordinates": [[21.6205, 61.1553], [21.6224, 61.1541], [21.6236, 61.1533]]}}, {"type": "Feature", "properties": {"osm_type": "line", "voltage_kv": 400.0, "name": "Ulvila \u2013", "name_src": "endpoints", "avail": 0}, "geometry": {"type": "LineString", "coordinates": [[21.9829, 61.4742], [21.9818, 61.4758], [21.9811, 61.4771], [21.982, 61.479], [21.9823, 61.4796]]}}, {"type": "Feature", "properties": {"osm_type": "line", "voltage_kv": 400.0, "avail": 0}, "geometry": {"type": "LineString", "coordinates": [[21.7525, 61.1574], [21.7578, 61.1573]]}}, {"type": "Feature", "properties": {"osm_type": "line", "voltage_kv": 400.0, "avail": 0}, "geometry": {"type": "LineString", "coordinates": [[22.4514, 61.1586], [22.444, 61.159]]}}, {"type": "Feature", "properties": {"osm_type": "line", "voltage_kv": 400.0, "avail": 0}, "geometry": {"type": "LineString", "coordinates": [[22.2562, 61.1724], [22.2486, 61.1712]]}}, {"type": "Feature", "properties": {"osm_type": "line", "voltage_kv": 400.0, "avail": 0}, "geometry": {"type": "LineString", "coordinates": [[22.444, 61.159], [22.4367, 61.1596], [22.4288, 61.1599], [22.4211, 61.1603], [22.4124, 61.1606], [22.4038, 61.161], [22.3956, 61.1614], [22.3885, 61.1617], [22.3815, 61.1624], [22.3736, 61.1636], [22.3661, 61.1648], [22.3604, 61.1659], [22.3539, 61.1674], [22.3484, 61.1692], [22.3433, 61.1714], [22.3373, 61.1732], [22.3307, 61.1748], [22.3244, 61.1759], [22.3175, 61.1769], [22.3096, 61.1775], [22.3022, 61.1779], [22.2945, 61.1779], [22.2912, 61.1777], [22.2878, 61.1775], [22.2798, 61.1765], [22.2724, 61.1754], [22.2642, 61.1741], [22.2562, 61.1724]]}}, {"type": "Feature", "properties": {"osm_type": "line", "voltage_kv": 400.0, "avail": 0}, "geometry": {"type": "LineString", "coordinates": [[22.444, 61.159], [22.4366, 61.1593], [22.4288, 61.1596], [22.4209, 61.16], [22.4124, 61.1604], [22.4035, 61.1608], [22.3959, 61.1611], [22.3883, 61.1614], [22.3814, 61.1621], [22.3736, 61.1633], [22.3659, 61.1645], [22.3599, 61.1657], [22.3536, 61.1671], [22.348, 61.169], [22.3428, 61.1711], [22.337, 61.1729], [22.3305, 61.1745], [22.3242, 61.1756], [22.3173, 61.1766], [22.3096, 61.1772], [22.3022, 61.1776], [22.2945, 61.1776], [22.2879, 61.1772], [22.28, 61.1763], [22.2725, 61.1751], [22.2644, 61.1738], [22.2562, 61.1724]]}}, {"type": "Feature", "properties": {"osm_type": "line", "voltage_kv": 400.0, "avail": 0}, "geometry": {"type": "LineString", "coordinates": [[22.2486, 61.1712], [22.242, 61.1699], [22.2346, 61.1687], [22.2278, 61.1679], [22.221, 61.1677], [22.2146, 61.1677], [22.207, 61.1677], [22.1989, 61.1678], [22.1895, 61.1678], [22.1811, 61.1678], [22.1727, 61.168], [22.1647, 61.168], [22.1567, 61.1679], [22.1488, 61.168], [22.1405, 61.1681], [22.1318, 61.1681], [22.1236, 61.1681], [22.1174, 61.1681], [22.11, 61.1679], [22.1022, 61.1675], [22.0946, 61.1671], [22.0865, 61.1668], [22.0788, 61.1661], [22.0712, 61.1657], [22.0632, 61.1653], [22.0556, 61.1654], [22.0478, 61.1652], [22.0395, 61.165], [22.0315, 61.1648], [22.0224, 61.1646], [22.017, 61.1645], [22.0096, 61.1644], [22.0025, 61.1642], [21.9948, 61.1641], [21.9872, 61.164], [21.9795, 61.1639], [21.9718, 61.1638], [21.9646, 61.1636], [21.9573, 61.1634], [21.9502, 61.1632], [21.9439, 61.163], [21.9356, 61.1628], [21.9271, 61.1626], [21.9194, 61.1624], [21.9114, 61.1622], [21.9055, 61.1619], [21.8984, 61.1616], [21.8907, 61.1612], [21.8826, 61.1605], [21.8744, 61.1605], [21.8667, 61.1601], [21.859, 61.1598], [21.8523, 61.1594], [21.8454, 61.1591], [21.8375, 61.1587], [21.8306, 61.1584], [21.8224, 61.158], [21.8169, 61.158], [21.8103, 61.158], [21.802, 61.1579], [21.7926, 61.1579], [21.7854, 61.1578], [21.7772, 61.1577], [21.77, 61.1574], [21.7629, 61.157], [21.7578, 61.1573]]}}, {"type": "Feature", "properties": {"osm_type": "line", "voltage_kv": 400.0, "avail": 0}, "geometry": {"type": "LineString", "coordinates": [[22.2486, 61.1712], [22.2418, 61.1702], [22.2345, 61.169], [22.2277, 61.1681], [22.2209, 61.168], [22.2146, 61.168], [22.207, 61.168], [22.1989, 61.168], [22.1891, 61.1681], [22.1811, 61.1681], [22.1727, 61.1682], [22.1647, 61.1682], [22.1567, 61.1682], [22.1489, 61.1683], [22.1404, 61.1683], [22.132, 61.1684], [22.1236, 61.1685], [22.1174, 61.1685], [22.1099, 61.1682], [22.1022, 61.1678], [22.0944, 61.1674], [22.0864, 61.167], [22.0787, 61.1664], [22.0711, 61.166], [22.0632, 61.1655], [22.0556, 61.1657], [22.0477, 61.1655], [22.0395, 61.1653], [22.0315, 61.1652], [22.0224, 61.1649], [22.017, 61.1648], [22.0096, 61.1647], [22.0025, 61.1645], [21.9948, 61.1644], [21.9872, 61.1642], [21.9795, 61.1642], [21.9718, 61.1641], [21.9652, 61.1639], [21.9577, 61.1637], [21.9502, 61.1635], [21.944, 61.1633], [21.9352, 61.1631], [21.9271, 61.1629], [21.919, 61.1627], [21.9114, 61.1625], [21.9056, 61.1622], [21.8985, 61.1619], [21.8906, 61.1615], [21.8826, 61.1608], [21.8744, 61.1608], [21.8667, 61.1604], [21.859, 61.1601], [21.8522, 61.1597], [21.8445, 61.1594], [21.8374, 61.159], [21.8306, 61.1587], [21.8223, 61.1583], [21.8169, 61.1583], [21.8103, 61.1583], [21.802, 61.1583], [21.7927, 61.1582], [21.7853, 61.1581], [21.7771, 61.1579], [21.77, 61.1577], [21.7629, 61.1573], [21.7578, 61.1573]]}}, {"type": "Feature", "properties": {"osm_type": "line", "voltage_kv": 400.0, "avail": 8, "avail_node": "SORKKALA"}, "geometry": {"type": "LineString", "coordinates": [[23.5826, 61.3929], [23.5753, 61.3931], [23.567, 61.3935], [23.5589, 61.3938], [23.5518, 61.3941], [23.5438, 61.3945], [23.5369, 61.3948], [23.5322, 61.3975], [23.5277, 61.4001], [23.5236, 61.4026], [23.5197, 61.4056], [23.5157, 61.4085]]}}, {"type": "Feature", "properties": {"osm_type": "line", "voltage_kv": 400.0, "avail": 8, "avail_node": "SORKKALA"}, "geometry": {"type": "LineString", "coordinates": [[23.5826, 61.3929], [23.5786, 61.3933], [23.5717, 61.3936], [23.5654, 61.3938], [23.5581, 61.3942], [23.5518, 61.3944], [23.5456, 61.3947], [23.5372, 61.3951], [23.5329, 61.3976], [23.5288, 61.4], [23.5241, 61.4027], [23.5202, 61.4058], [23.5157, 61.4085]]}}, {"type": "Feature", "properties": {"osm_type": "line", "voltage_kv": 400.0, "name": "Huittinen - Kangasala", "avail": 6, "avail_node": "RUUTANA"}, "geometry": {"type": "LineString", "coordinates": [[23.9782, 61.4909], [23.9774, 61.4948], [23.9781, 61.4962], [23.9787, 61.4975]]}}, {"type": "Feature", "properties": {"osm_type": "line", "voltage_kv": 400.0, "name": "Ulvila-Kangasala", "avail": 6, "avail_node": "RUUTANA"}, "geometry": {"type": "LineString", "coordinates": [[23.9769, 61.4645], [23.9813, 61.4667], [23.9815, 61.4691]]}}, {"type": "Feature", "properties": {"osm_type": "line", "voltage_kv": 400.0, "avail": 8, "avail_node": "SORKKALA"}, "geometry": {"type": "LineString", "coordinates": [[23.5157, 61.4085], [23.5119, 61.4114], [23.5084, 61.4141], [23.5066, 61.4174], [23.5052, 61.4203], [23.499, 61.4214]]}}, {"type": "Feature", "properties": {"osm_type": "line", "voltage_kv": 400.0, "name": "Kangasalan \u2013", "name_src": "endpoints", "avail": 6, "avail_node": "RUUTANA"}, "geometry": {"type": "LineString", "coordinates": [[23.9777, 61.4909], [23.9783, 61.4875], [23.9783, 61.4874], [23.9788, 61.4857], [23.9789, 61.485], [23.979, 61.4849], [23.9797, 61.482], [23.9804, 61.4793], [23.9811, 61.4757], [23.9818, 61.4718], [23.9815, 61.4691]]}}, {"type": "Feature", "properties": {"osm_type": "line", "voltage_kv": 400.0, "name": "Forssa \u2013", "name_src": "endpoints", "avail": 11, "avail_node": "JOKIOINEN"}, "geometry": {"type": "LineString", "coordinates": [[23.5825, 60.8002], [23.5869, 60.799], [23.5912, 60.7978], [23.5958, 60.7966], [23.6003, 60.7953], [23.6036, 60.7942], [23.6075, 60.7929], [23.6113, 60.7917], [23.6149, 60.7905], [23.6187, 60.7892], [23.6226, 60.7882], [23.6272, 60.787], [23.6316, 60.7858], [23.6352, 60.7848], [23.6396, 60.7836], [23.6446, 60.7823], [23.6493, 60.781], [23.6524, 60.7802], [23.6571, 60.7789], [23.6623, 60.7776], [23.6661, 60.7766], [23.6695, 60.7757], [23.6735, 60.7746], [23.6768, 60.7736], [23.6812, 60.7724], [23.6859, 60.7712], [23.6899, 60.7701], [23.6944, 60.7689], [23.6992, 60.7676], [23.704, 60.7663], [23.7087, 60.765], [23.7134, 60.7638], [23.7178, 60.7626], [23.7223, 60.7619], [23.7265, 60.7612], [23.7302, 60.7606], [23.7352, 60.7598], [23.7403, 60.759], [23.7451, 60.7582], [23.7509, 60.7572], [23.7555, 60.7562], [23.76, 60.7551], [23.7643, 60.7542], [23.7686, 60.7534], [23.7732, 60.7523], [23.7779, 60.7513], [23.7824, 60.7503], [23.7861, 60.7496], [23.7904, 60.7481], [23.7949, 60.7467], [23.7996, 60.7452], [23.8041, 60.7437], [23.8084, 60.7423], [23.8134, 60.7407], [23.8177, 60.7393], [23.8219, 60.7379], [23.8259, 60.7366], [23.8301, 60.7352], [23.8348, 60.7337], [23.8386, 60.7324], [23.8427, 60.7311], [23.8469, 60.7297], [23.8515, 60.7282], [23.8563, 60.7266], [23.8613, 60.7249], [23.8647, 60.7238], [23.8694, 60.7222], [23.8735, 60.7208], [23.8788, 60.7191], [23.8826, 60.7178], [23.887, 60.7164], [23.892, 60.7147], [23.8966, 60.7132], [23.9009, 60.7115], [23.9046, 60.7101], [23.9081, 60.7087], [23.9127, 60.7068], [23.9164, 60.7054], [23.9203, 60.7039], [23.9243, 60.7023], [23.9271, 60.7007], [23.9322, 60.6978], [23.9359, 60.6957], [23.9387, 60.6941], [23.9418, 60.6927], [23.9479, 60.6899], [23.9512, 60.6884], [23.9534, 60.6871], [23.9559, 60.6851], [23.9563, 60.6847], [23.9584, 60.683], [23.961, 60.6809], [23.9636, 60.6788], [23.9656, 60.677], [23.9677, 60.6747], [23.9692, 60.673], [23.9713, 60.6706], [23.9727, 60.6689], [23.9743, 60.6671], [23.9764, 60.6647], [23.9785, 60.6623], [23.9809, 60.6595], [23.9833, 60.6566], [23.9851, 60.6544], [23.9876, 60.6525], [23.9896, 60.6509], [23.9923, 60.6488], [23.995, 60.6467], [23.9987, 60.6447], [24.0022, 60.6428], [24.0062, 60.6406], [24.0089, 60.6391], [24.0126, 60.6371], [24.0155, 60.6355], [24.0183, 60.634], [24.022, 60.632], [24.0245, 60.6306], [24.0286, 60.6284], [24.0325, 60.6263], [24.0374, 60.6235], [24.0413, 60.6215], [24.0447, 60.6196], [24.0477, 60.6181], [24.0501, 60.6168], [24.053, 60.6153], [24.0565, 60.6136], [24.0596, 60.6121], [24.063, 60.6103], [24.0661, 60.6086], [24.0691, 60.6075], [24.0727, 60.6061], [24.0765, 60.6046], [24.0802, 60.6032], [24.0837, 60.6017], [24.088, 60.6002], [24.0913, 60.5989], [24.0952, 60.5973], [24.0996, 60.5956], [24.1032, 60.5946], [24.1071, 60.5935], [24.1113, 60.5924], [24.1145, 60.5915], [24.1182, 60.5905], [24.1216, 60.5895], [24.1269, 60.588], [24.1303, 60.5864], [24.1346, 60.5846], [24.1387, 60.5828], [24.1427, 60.5812], [24.1468, 60.5794], [24.1507, 60.5777], [24.1553, 60.5758], [24.1587, 60.5743], [24.163, 60.5725], [24.1665, 60.5709], [24.1702, 60.5693], [24.1745, 60.5674], [24.177, 60.566], [24.1797, 60.5645], [24.1822, 60.5631], [24.1857, 60.5614], [24.189, 60.5595], [24.1909, 60.5585], [24.1928, 60.5574], [24.196, 60.5562], [24.2001, 60.5546], [24.2037, 60.5533], [24.2069, 60.552]]}}, {"type": "Feature", "properties": {"osm_type": "line", "voltage_kv": 400.0, "avail": 5, "avail_node": "KARKKILA"}, "geometry": {"type": "LineString", "coordinates": [[24.2108, 60.5505], [24.2069, 60.552]]}}, {"type": "Feature", "properties": {"osm_type": "line", "voltage_kv": 400.0, "name": "Forssa \u2013", "name_src": "endpoints", "avail": 11, "avail_node": "JOKIOINEN"}, "geometry": {"type": "LineString", "coordinates": [[23.5721, 60.8024], [23.5756, 60.8012], [23.5781, 60.8012], [23.5825, 60.8002]]}}, {"type": "Feature", "properties": {"osm_type": "line", "voltage_kv": 400.0, "name": "Kangasala - Hiki\u00e4", "avail": 6, "avail_node": "RUUTANA"}, "geometry": {"type": "LineString", "coordinates": [[23.9782, 61.4909], [23.978, 61.4948], [23.9787, 61.4962], [23.9795, 61.4974]]}}, {"type": "Feature", "properties": {"osm_type": "line", "voltage_kv": 400.0, "name": "Kangasalan \u2013", "name_src": "endpoints", "avail": 6, "avail_node": "RUUTANA"}, "geometry": {"type": "LineString", "coordinates": [[23.9817, 61.4666], [23.982, 61.4692], [23.9823, 61.4719], [23.9817, 61.4758], [23.9809, 61.4792], [23.9803, 61.482], [23.9794, 61.4851], [23.9788, 61.4875], [23.9782, 61.4909]]}}, {"type": "Feature", "properties": {"osm_type": "line", "voltage_kv": 400.0, "name": "Rauma \u2013", "name_src": "endpoints", "avail": 0}, "geometry": {"type": "LineString", "coordinates": [[21.6229, 61.1527], [21.6225, 61.1531]]}}, {"type": "Feature", "properties": {"osm_type": "line", "voltage_kv": 400.0, "name": "Rauma \u2013", "name_src": "endpoints", "avail": 0}, "geometry": {"type": "LineString", "coordinates": [[21.6257, 61.1532], [21.6259, 61.153]]}}, {"type": "Feature", "properties": {"osm_type": "line", "voltage_kv": 400.0, "name": "Espoon \u2013", "name_src": "endpoints", "avail": 0}, "geometry": {"type": "LineString", "coordinates": [[24.5468, 60.2042], [24.5489, 60.2043]]}}, {"type": "Feature", "properties": {"osm_type": "line", "voltage_kv": 400.0, "name": "Lieto \u2013", "name_src": "endpoints", "avail": 0}, "geometry": {"type": "LineString", "coordinates": [[22.5, 60.5233], [22.5005, 60.5232]]}}, {"type": "Feature", "properties": {"osm_type": "line", "voltage_kv": 400.0, "name": "Lieto \u2013", "name_src": "endpoints", "avail": 0}, "geometry": {"type": "LineString", "coordinates": [[22.5012, 60.5232], [22.5007, 60.5233]]}}, {"type": "Feature", "properties": {"osm_type": "line", "voltage_kv": 400.0, "name": "Rauma \u2013", "name_src": "endpoints", "avail": 0}, "geometry": {"type": "LineString", "coordinates": [[21.6236, 61.1521], [21.6225, 61.1531]]}}, {"type": "Feature", "properties": {"osm_type": "line", "voltage_kv": 400.0, "name": "Lieto \u2013", "name_src": "endpoints", "avail": 0}, "geometry": {"type": "LineString", "coordinates": [[22.5005, 60.5232], [22.4983, 60.5236]]}}, {"type": "Feature", "properties": {"osm_type": "line", "voltage_kv": 400.0, "name": "Rauma \u2013", "name_src": "endpoints", "avail": 0}, "geometry": {"type": "LineString", "coordinates": [[21.628, 61.1538], [21.6265, 61.1534]]}}, {"type": "Feature", "properties": {"osm_type": "line", "voltage_kv": 400.0, "name": "Rauma \u2013", "name_src": "endpoints", "avail": 0}, "geometry": {"type": "LineString", "coordinates": [[21.6218, 61.1529], [21.6216, 61.1531]]}}, {"type": "Feature", "properties": {"osm_type": "line", "voltage_kv": 400.0, "name": "Rauma \u2013", "name_src": "endpoints", "avail": 0}, "geometry": {"type": "LineString", "coordinates": [[21.6241, 61.1526], [21.6239, 61.1528]]}}, {"type": "Feature", "properties": {"osm_type": "line", "voltage_kv": 400.0, "name": "Inkoon \u2013", "name_src": "endpoints", "avail": 0}, "geometry": {"type": "LineString", "coordinates": [[23.909, 60.0213], [23.908, 60.0223]]}}, {"type": "Feature", "properties": {"osm_type": "line", "voltage_kv": 400.0, "name": "Rauma \u2013", "name_src": "endpoints", "avail": 0}, "geometry": {"type": "LineString", "coordinates": [[21.6248, 61.153], [21.625, 61.1528]]}}, {"type": "Feature", "properties": {"osm_type": "line", "voltage_kv": 400.0, "name": "Lieto \u2013", "name_src": "endpoints", "avail": 0}, "geometry": {"type": "LineString", "coordinates": [[22.5007, 60.5233], [22.4987, 60.5238]]}}, {"type": "Feature", "properties": {"osm_type": "line", "voltage_kv": 400.0, "name": "Espoon \u2013", "name_src": "endpoints", "avail": 0}, "geometry": {"type": "LineString", "coordinates": [[24.5494, 60.205], [24.5488, 60.2049], [24.5482, 60.2049]]}}, {"type": "Feature", "properties": {"osm_type": "line", "voltage_kv": 400.0, "name": "Rauma \u2013", "name_src": "endpoints", "avail": 0}, "geometry": {"type": "LineString", "coordinates": [[21.6218, 61.1525], [21.6215, 61.1528], [21.6212, 61.153]]}}, {"type": "Feature", "properties": {"osm_type": "line", "voltage_kv": 400.0, "name": "Rauma \u2013", "name_src": "endpoints", "avail": 0}, "geometry": {"type": "LineString", "coordinates": [[21.6226, 61.1534], [21.6229, 61.1532], [21.6233, 61.1528]]}}, {"type": "Feature", "properties": {"osm_type": "line", "voltage_kv": 400.0, "name": "Espoon \u2013", "name_src": "endpoints", "avail": 0}, "geometry": {"type": "LineString", "coordinates": [[24.5496, 60.2046], [24.5489, 60.2045], [24.5483, 60.2045]]}}, {"type": "Feature", "properties": {"osm_type": "line", "voltage_kv": 400.0, "name": "Rauma \u2013", "name_src": "endpoints", "avail": 0}, "geometry": {"type": "LineString", "coordinates": [[21.6261, 61.1523], [21.6264, 61.1533], [21.625, 61.1537]]}}, {"type": "Feature", "properties": {"osm_type": "line", "voltage_kv": 400.0, "name": "Tammiston \u2013", "name_src": "endpoints", "avail": 45, "avail_node": "Tapanila"}, "geometry": {"type": "LineString", "coordinates": [[24.9715, 60.289], [24.9717, 60.289], [24.9716, 60.2886]]}}, {"type": "Feature", "properties": {"osm_type": "line", "voltage_kv": 400.0, "name": "Rauma \u2013", "name_src": "endpoints", "avail": 0}, "geometry": {"type": "LineString", "coordinates": [[21.624, 61.153], [21.6236, 61.1533], [21.6233, 61.1536]]}}, {"type": "Feature", "properties": {"osm_type": "line", "voltage_kv": 400.0, "name": "Rauma \u2013", "name_src": "endpoints", "avail": 0}, "geometry": {"type": "LineString", "coordinates": [[21.6236, 61.1529], [21.6232, 61.1532], [21.623, 61.1535]]}}, {"type": "Feature", "properties": {"osm_type": "line", "voltage_kv": 400.0, "name": "Inkoon \u2013", "name_src": "endpoints", "avail": 0}, "geometry": {"type": "LineString", "coordinates": [[23.9099, 60.0229], [23.9104, 60.0225], [23.9106, 60.0224]]}}, {"type": "Feature", "properties": {"osm_type": "line", "voltage_kv": 400.0, "name": "Tammiston \u2013", "name_src": "endpoints", "avail": 45, "avail_node": "Tapanila"}, "geometry": {"type": "LineString", "coordinates": [[24.9736, 60.2887], [24.9718, 60.2891], [24.9716, 60.2891], [24.9715, 60.2891]]}}, {"type": "Feature", "properties": {"osm_type": "line", "voltage_kv": 400.0, "name": "Rauma \u2013", "name_src": "endpoints", "avail": 0}, "geometry": {"type": "LineString", "coordinates": [[21.623, 61.1519], [21.6225, 61.1523], [21.6218, 61.1529]]}}, {"type": "Feature", "properties": {"osm_type": "line", "voltage_kv": 400.0, "name": "Rauma \u2013", "name_src": "endpoints", "avail": 0}, "geometry": {"type": "LineString", "coordinates": [[21.6253, 61.1521], [21.6245, 61.1528], [21.6239, 61.1534]]}}, {"type": "Feature", "properties": {"osm_type": "line", "voltage_kv": 400.0, "name": "Espoon \u2013", "name_src": "endpoints", "avail": 0}, "geometry": {"type": "LineString", "coordinates": [[24.5496, 60.2044], [24.5489, 60.2043], [24.5484, 60.2043]]}}, {"type": "Feature", "properties": {"osm_type": "line", "voltage_kv": 400.0, "name": "Rauma \u2013", "name_src": "endpoints", "avail": 0}, "geometry": {"type": "LineString", "coordinates": [[21.6225, 61.1518], [21.6221, 61.1522], [21.6215, 61.1528]]}}, {"type": "Feature", "properties": {"osm_type": "line", "voltage_kv": 400.0, "name": "Inkoon \u2013", "name_src": "endpoints", "avail": 0}, "geometry": {"type": "LineString", "coordinates": [[23.9106, 60.0219], [23.9093, 60.0227]]}}, {"type": "Feature", "properties": {"osm_type": "line", "voltage_kv": 400.0, "name": "Lieto \u2013", "name_src": "endpoints", "avail": 0}, "geometry": {"type": "LineString", "coordinates": [[22.5006, 60.5238], [22.5011, 60.5237], [22.5016, 60.5235]]}}, {"type": "Feature", "properties": {"osm_type": "line", "voltage_kv": 400.0, "name": "Rauma \u2013", "name_src": "endpoints", "avail": 0}, "geometry": {"type": "LineString", "coordinates": [[21.6247, 61.1539], [21.625, 61.1537], [21.6253, 61.1533]]}}, {"type": "Feature", "properties": {"osm_type": "line", "voltage_kv": 400.0, "name": "Lieto \u2013", "name_src": "endpoints", "avail": 0}, "geometry": {"type": "LineString", "coordinates": [[22.4994, 60.5229], [22.5, 60.5227], [22.5004, 60.5226]]}}, {"type": "Feature", "properties": {"osm_type": "line", "voltage_kv": 400.0, "name": "Tammiston \u2013", "name_src": "endpoints", "avail": 45, "avail_node": "Tapanila"}, "geometry": {"type": "LineString", "coordinates": [[24.9712, 60.289], [24.9709, 60.289], [24.9709, 60.2885]]}}, {"type": "Feature", "properties": {"osm_type": "line", "voltage_kv": 400.0, "name": "Espoon \u2013", "name_src": "endpoints", "avail": 0}, "geometry": {"type": "LineString", "coordinates": [[24.5485, 60.2039], [24.5492, 60.204], [24.5497, 60.204]]}}, {"type": "Feature", "properties": {"osm_type": "line", "voltage_kv": 400.0, "name": "Espoon \u2013", "name_src": "endpoints", "avail": 0}, "geometry": {"type": "LineString", "coordinates": [[24.5483, 60.2047], [24.5488, 60.2047], [24.5495, 60.2048]]}}, {"type": "Feature", "properties": {"osm_type": "line", "voltage_kv": 400.0, "name": "Rauma \u2013", "name_src": "endpoints", "avail": 0}, "geometry": {"type": "LineString", "coordinates": [[21.6237, 61.1536], [21.6239, 61.1534], [21.6243, 61.1531]]}}, {"type": "Feature", "properties": {"osm_type": "line", "voltage_kv": 400.0, "name": "Inkoon \u2013", "name_src": "endpoints", "avail": 0}, "geometry": {"type": "LineString", "coordinates": [[23.9119, 60.0224], [23.9102, 60.0231]]}}, {"type": "Feature", "properties": {"osm_type": "line", "voltage_kv": 400.0, "name": "Inkoon \u2013", "name_src": "endpoints", "avail": 0}, "geometry": {"type": "LineString", "coordinates": [[23.9102, 60.0231], [23.9108, 60.0226], [23.9109, 60.0225]]}}, {"type": "Feature", "properties": {"osm_type": "line", "voltage_kv": 400.0, "name": "Inkoon \u2013", "name_src": "endpoints", "avail": 0}, "geometry": {"type": "LineString", "coordinates": [[23.909, 60.0226], [23.909, 60.0226], [23.9095, 60.0222], [23.9097, 60.0221]]}}, {"type": "Feature", "properties": {"osm_type": "line", "voltage_kv": 400.0, "name": "Inkoon \u2013", "name_src": "endpoints", "avail": 0}, "geometry": {"type": "LineString", "coordinates": [[23.9083, 60.0224], [23.9084, 60.0224], [23.9088, 60.022], [23.909, 60.0219]]}}, {"type": "Feature", "properties": {"osm_type": "line", "voltage_kv": 400.0, "name": "Inkoon \u2013", "name_src": "endpoints", "avail": 0}, "geometry": {"type": "LineString", "coordinates": [[23.9086, 60.0225], [23.9087, 60.0225], [23.9092, 60.0221], [23.9093, 60.022]]}}, {"type": "Feature", "properties": {"osm_type": "line", "voltage_kv": 400.0, "name": "Inkoon \u2013", "name_src": "endpoints", "avail": 0}, "geometry": {"type": "LineString", "coordinates": [[23.9087, 60.0218], [23.9085, 60.0219], [23.9081, 60.0223], [23.908, 60.0223]]}}, {"type": "Feature", "properties": {"osm_type": "line", "voltage_kv": 400.0, "name": "Inkoon \u2013", "name_src": "endpoints", "avail": 0}, "geometry": {"type": "LineString", "coordinates": [[23.9093, 60.0227], [23.9094, 60.0227], [23.9098, 60.0223], [23.91, 60.0222]]}}, {"type": "Feature", "properties": {"osm_type": "line", "voltage_kv": 400.0, "name": "Rauma \u2013", "name_src": "endpoints", "avail": 0}, "geometry": {"type": "LineString", "coordinates": [[21.6236, 61.1527], [21.6239, 61.1528], [21.6248, 61.153], [21.6257, 61.1532], [21.6259, 61.1533]]}}, {"type": "Feature", "properties": {"osm_type": "line", "voltage_kv": 400.0, "name": "Lieto \u2013", "name_src": "endpoints", "avail": 0}, "geometry": {"type": "LineString", "coordinates": [[22.5007, 60.5239], [22.5006, 60.5238], [22.5, 60.5233], [22.4994, 60.5229], [22.4993, 60.5228]]}}, {"type": "Feature", "properties": {"osm_type": "line", "voltage_kv": 400.0, "name": "Lieto \u2013", "name_src": "endpoints", "avail": 0}, "geometry": {"type": "LineString", "coordinates": [[22.5017, 60.5236], [22.5016, 60.5235], [22.5012, 60.5232], [22.5004, 60.5226], [22.5003, 60.5225]]}}, {"type": "Feature", "properties": {"osm_type": "line", "voltage_kv": 400.0, "name": "Inkoon \u2013", "name_src": "endpoints", "avail": 0}, "geometry": {"type": "LineString", "coordinates": [[23.908, 60.0222], [23.9081, 60.0223], [23.9084, 60.0224], [23.9087, 60.0225], [23.909, 60.0226], [23.9094, 60.0227], [23.9105, 60.023]]}}, {"type": "Feature", "properties": {"osm_type": "line", "voltage_kv": 400.0, "name": "Inkoon \u2013", "name_src": "endpoints", "avail": 0}, "geometry": {"type": "LineString", "coordinates": [[23.9084, 60.0219], [23.9085, 60.0219], [23.9088, 60.022], [23.9092, 60.0221], [23.9095, 60.0222], [23.9098, 60.0223], [23.9104, 60.0225], [23.9108, 60.0226], [23.911, 60.0227]]}}, {"type": "Feature", "properties": {"osm_type": "line", "voltage_kv": 400.0, "name": "Rauma \u2013", "name_src": "endpoints", "avail": 0}, "geometry": {"type": "LineString", "coordinates": [[21.621, 61.153], [21.6212, 61.153], [21.6216, 61.1531], [21.6226, 61.1534], [21.623, 61.1535], [21.6233, 61.1536], [21.6237, 61.1536], [21.6247, 61.1539], [21.6249, 61.1539]]}}, {"type": "Feature", "properties": {"osm_type": "line", "voltage_kv": 400.0, "name": "Inkoon \u2013", "name_src": "endpoints", "avail": 0}, "geometry": {"type": "LineString", "coordinates": [[23.9086, 60.0217], [23.9087, 60.0218], [23.909, 60.0219], [23.9093, 60.022], [23.9097, 60.0221], [23.91, 60.0222], [23.9106, 60.0224], [23.9109, 60.0225], [23.9111, 60.0226]]}}, {"type": "Feature", "properties": {"osm_type": "line", "voltage_kv": 400.0, "name": "Rauma \u2013", "name_src": "endpoints", "avail": 0}, "geometry": {"type": "LineString", "coordinates": [[21.6216, 61.1524], [21.6218, 61.1525], [21.6229, 61.1527], [21.6233, 61.1528], [21.6236, 61.1529], [21.624, 61.153], [21.6243, 61.1531], [21.6253, 61.1533], [21.6255, 61.1534]]}}, {"type": "Feature", "properties": {"osm_type": "line", "voltage_kv": 400.0, "name": "Hakkilan \u2013", "name_src": "endpoints", "avail": 45, "avail_node": "Tapanila"}, "geometry": {"type": "LineString", "coordinates": [[25.0564, 60.2791], [25.061, 60.2788], [25.0658, 60.2783], [25.0698, 60.278], [25.0744, 60.2775]]}}, {"type": "Feature", "properties": {"osm_type": "line", "voltage_kv": 400.0, "avail": 0}, "geometry": {"type": "LineString", "coordinates": [[25.3649, 60.3772], [25.3651, 60.377]]}}, {"type": "Feature", "properties": {"osm_type": "line", "voltage_kv": 400.0, "avail": 0}, "geometry": {"type": "LineString", "coordinates": [[25.3666, 60.3774], [25.3664, 60.3776]]}}, {"type": "Feature", "properties": {"osm_type": "line", "voltage_kv": 400.0, "avail": 0}, "geometry": {"type": "LineString", "coordinates": [[25.3693, 60.3781], [25.368, 60.3787]]}}, {"type": "Feature", "properties": {"osm_type": "line", "voltage_kv": 400.0, "avail": 0}, "geometry": {"type": "LineString", "coordinates": [[25.3671, 60.3776], [25.3669, 60.3777]]}}, {"type": "Feature", "properties": {"osm_type": "line", "voltage_kv": 400.0, "avail": 0}, "geometry": {"type": "LineString", "coordinates": [[25.3676, 60.3783], [25.3673, 60.3785]]}}, {"type": "Feature", "properties": {"osm_type": "line", "voltage_kv": 400.0, "avail": 0}, "geometry": {"type": "LineString", "coordinates": [[25.3677, 60.379], [25.368, 60.3787]]}}, {"type": "Feature", "properties": {"osm_type": "line", "voltage_kv": 400.0, "avail": 0}, "geometry": {"type": "LineString", "coordinates": [[25.3674, 60.3779], [25.367, 60.3785]]}}, {"type": "Feature", "properties": {"osm_type": "line", "voltage_kv": 400.0, "avail": 0}, "geometry": {"type": "LineString", "coordinates": [[25.366, 60.3773], [25.3658, 60.3775]]}}, {"type": "Feature", "properties": {"osm_type": "line", "voltage_kv": 400.0, "avail": 0}, "geometry": {"type": "LineString", "coordinates": [[25.3655, 60.3771], [25.3653, 60.3773]]}}, {"type": "Feature", "properties": {"osm_type": "line", "voltage_kv": 400.0, "avail": 0}, "geometry": {"type": "LineString", "coordinates": [[25.3686, 60.3779], [25.3673, 60.3785]]}}, {"type": "Feature", "properties": {"osm_type": "line", "voltage_kv": 400.0, "avail": 0}, "geometry": {"type": "LineString", "coordinates": [[25.3697, 60.3766], [25.3674, 60.3779]]}}, {"type": "Feature", "properties": {"osm_type": "line", "voltage_kv": 400.0, "avail": 0}, "geometry": {"type": "LineString", "coordinates": [[25.3674, 60.3779], [25.3666, 60.3784]]}}, {"type": "Feature", "properties": {"osm_type": "line", "voltage_kv": 400.0, "avail": 0}, "geometry": {"type": "LineString", "coordinates": [[25.3679, 60.3784], [25.3677, 60.3786], [25.3674, 60.3789]]}}, {"type": "Feature", "properties": {"osm_type": "line", "voltage_kv": 400.0, "avail": 0}, "geometry": {"type": "LineString", "coordinates": [[25.3662, 60.3779], [25.366, 60.3782], [25.3657, 60.3784]]}}, {"type": "Feature", "properties": {"osm_type": "line", "voltage_kv": 400.0, "avail": 0}, "geometry": {"type": "LineString", "coordinates": [[25.3667, 60.3787], [25.367, 60.3785], [25.3673, 60.3782]]}}, {"type": "Feature", "properties": {"osm_type": "line", "voltage_kv": 400.0, "avail": 0}, "geometry": {"type": "LineString", "coordinates": [[25.3686, 60.3785], [25.3683, 60.3788], [25.3681, 60.3791]]}}, {"type": "Feature", "properties": {"osm_type": "line", "voltage_kv": 400.0, "avail": 0}, "geometry": {"type": "LineString", "coordinates": [[25.3669, 60.3781], [25.3666, 60.3784], [25.3664, 60.3786]]}}, {"type": "Feature", "properties": {"osm_type": "line", "voltage_kv": 400.0, "avail": 0}, "geometry": {"type": "LineString", "coordinates": [[25.366, 60.3782], [25.3666, 60.3774], [25.3672, 60.3768]]}}, {"type": "Feature", "properties": {"osm_type": "line", "voltage_kv": 400.0, "avail": 0}, "geometry": {"type": "LineString", "coordinates": [[25.3697, 60.3766], [25.3736, 60.3777], [25.3756, 60.3797], [25.3768, 60.383], [25.3763, 60.3856], [25.3784, 60.3868], [25.3829, 60.3889], [25.3885, 60.3915], [25.3927, 60.393], [25.3969, 60.395], [25.4008, 60.3968], [25.4068, 60.3996], [25.4129, 60.4028], [25.4185, 60.4054], [25.4226, 60.4073], [25.4246, 60.4082], [25.4288, 60.4102], [25.4375, 60.4142], [25.4428, 60.4162], [25.4484, 60.4184], [25.4533, 60.42], [25.4569, 60.4212], [25.4604, 60.4224], [25.4658, 60.4246], [25.4712, 60.4268], [25.4787, 60.4282], [25.4858, 60.4289], [25.4929, 60.4298], [25.4988, 60.43], [25.5048, 60.43], [25.511, 60.43], [25.5184, 60.4299], [25.524, 60.4299], [25.5311, 60.4295], [25.5378, 60.4295], [25.5462, 60.4294], [25.5548, 60.4294], [25.5626, 60.4293], [25.5688, 60.4292], [25.5742, 60.4291], [25.581, 60.4291], [25.5849, 60.4291]]}}, {"type": "Feature", "properties": {"osm_type": "line", "voltage_kv": 400.0, "avail": 0}, "geometry": {"type": "LineString", "coordinates": [[25.367, 60.3778], [25.3669, 60.3777], [25.3664, 60.3776], [25.3658, 60.3775], [25.3653, 60.3773], [25.3649, 60.3772], [25.3647, 60.3772]]}}, {"type": "Feature", "properties": {"osm_type": "line", "voltage_kv": 400.0, "avail": 0}, "geometry": {"type": "LineString", "coordinates": [[25.366, 60.3779], [25.3662, 60.3779], [25.3669, 60.3781], [25.3673, 60.3782], [25.3676, 60.3783], [25.3679, 60.3784], [25.3686, 60.3785], [25.3688, 60.3786]]}}, {"type": "Feature", "properties": {"osm_type": "line", "voltage_kv": 400.0, "avail": 0}, "geometry": {"type": "LineString", "coordinates": [[25.3655, 60.3784], [25.3657, 60.3784], [25.3664, 60.3786], [25.3667, 60.3787], [25.3674, 60.3789], [25.3677, 60.379], [25.3681, 60.3791], [25.3683, 60.3791]]}}, {"type": "Feature", "properties": {"osm_type": "line", "voltage_kv": 400.0, "avail": 0}, "geometry": {"type": "LineString", "coordinates": [[24.905, 60.6091], [24.9022, 60.6064], [24.9001, 60.6043], [24.8981, 60.6023]]}}, {"type": "Feature", "properties": {"osm_type": "line", "voltage_kv": 400.0, "name": "Loviisan \u2013", "name_src": "endpoints", "avail": 0}, "geometry": {"type": "LineString", "coordinates": [[26.3454, 60.3714], [26.3441, 60.3715]]}}, {"type": "Feature", "properties": {"osm_type": "line", "voltage_kv": 400.0, "name": "Loviisan \u2013", "name_src": "endpoints", "avail": 0}, "geometry": {"type": "LineString", "coordinates": [[26.3456, 60.3717], [26.3444, 60.3719]]}}, {"type": "Feature", "properties": {"osm_type": "line", "voltage_kv": 400.0, "name": "Loviisan \u2013", "name_src": "endpoints", "avail": 0}, "geometry": {"type": "LineString", "coordinates": [[26.345, 60.3709], [26.3437, 60.371]]}}, {"type": "Feature", "properties": {"osm_type": "line", "voltage_kv": 400.0, "name": "Kymin \u2013", "name_src": "endpoints", "avail": 0}, "geometry": {"type": "LineString", "coordinates": [[26.9054, 60.5992], [26.9069, 60.5988]]}}, {"type": "Feature", "properties": {"osm_type": "line", "voltage_kv": 400.0, "name": "Loviisan \u2013", "name_src": "endpoints", "avail": 0}, "geometry": {"type": "LineString", "coordinates": [[26.3447, 60.3706], [26.3434, 60.3706]]}}, {"type": "Feature", "properties": {"osm_type": "line", "voltage_kv": 400.0, "name": "Loviisan \u2013", "name_src": "endpoints", "avail": 0}, "geometry": {"type": "LineString", "coordinates": [[26.3422, 60.3709], [26.3425, 60.3708], [26.3433, 60.3707], [26.3434, 60.3706]]}}, {"type": "Feature", "properties": {"osm_type": "line", "voltage_kv": 400.0, "name": "Loviisan \u2013", "name_src": "endpoints", "avail": 0}, "geometry": {"type": "LineString", "coordinates": [[26.3432, 60.3721], [26.3435, 60.3721], [26.3443, 60.3719], [26.3444, 60.3719]]}}, {"type": "Feature", "properties": {"osm_type": "line", "voltage_kv": 400.0, "name": "Yllikk\u00e4l\u00e4 \u2013", "name_src": "endpoints", "avail": 0}, "geometry": {"type": "LineString", "coordinates": [[28.0292, 61.0179], [28.0292, 61.019]]}}, {"type": "Feature", "properties": {"osm_type": "line", "voltage_kv": 400.0, "name": "Yllikk\u00e4l\u00e4 \u2013", "name_src": "endpoints", "avail": 0}, "geometry": {"type": "LineString", "coordinates": [[28.03, 61.0179], [28.03, 61.019]]}}, {"type": "Feature", "properties": {"osm_type": "line", "voltage_kv": 400.0, "name": "Yllikk\u00e4l\u00e4 \u2013", "name_src": "endpoints", "avail": 0}, "geometry": {"type": "LineString", "coordinates": [[28.0292, 61.0179], [28.0292, 61.0184]]}}, {"type": "Feature", "properties": {"osm_type": "line", "voltage_kv": 400.0, "name": "Yllikk\u00e4l\u00e4 \u2013", "name_src": "endpoints", "avail": 0}, "geometry": {"type": "LineString", "coordinates": [[28.03, 61.0176], [28.03, 61.0179], [28.03, 61.0184]]}}, {"type": "Feature", "properties": {"osm_type": "line", "voltage_kv": 400.0, "name": "Yllikk\u00e4l\u00e4 \u2013", "name_src": "endpoints", "avail": 0}, "geometry": {"type": "LineString", "coordinates": [[28.0307, 61.0176], [28.0307, 61.0179], [28.0308, 61.0184]]}}, {"type": "Feature", "properties": {"osm_type": "line", "voltage_kv": 400.0, "name": "Yllikk\u00e4l\u00e4 \u2013", "name_src": "endpoints", "avail": 0}, "geometry": {"type": "LineString", "coordinates": [[28.0284, 61.0176], [28.0284, 61.0179], [28.0284, 61.0184]]}}, {"type": "Feature", "properties": {"osm_type": "line", "voltage_kv": 400.0, "name": "Yllikk\u00e4l\u00e4 \u2013", "name_src": "endpoints", "avail": 0}, "geometry": {"type": "LineString", "coordinates": [[28.0304, 61.0176], [28.0304, 61.0179], [28.0304, 61.0184]]}}, {"type": "Feature", "properties": {"osm_type": "line", "voltage_kv": 400.0, "name": "Yllikk\u00e4l\u00e4 \u2013", "name_src": "endpoints", "avail": 0}, "geometry": {"type": "LineString", "coordinates": [[28.0288, 61.0184], [28.0288, 61.0179], [28.0288, 61.0176]]}}, {"type": "Feature", "properties": {"osm_type": "line", "voltage_kv": 400.0, "name": "Yllikk\u00e4l\u00e4 \u2013", "name_src": "endpoints", "avail": 0}, "geometry": {"type": "LineString", "coordinates": [[28.028, 61.0176], [28.028, 61.0179], [28.0281, 61.0184]]}}, {"type": "Feature", "properties": {"osm_type": "line", "voltage_kv": 400.0, "name": "Yllikk\u00e4l\u00e4 \u2013", "name_src": "endpoints", "avail": 0}, "geometry": {"type": "LineString", "coordinates": [[28.0315, 61.0176], [28.0307, 61.0176], [28.0304, 61.0176], [28.03, 61.0176], [28.0288, 61.0176], [28.0284, 61.0176], [28.028, 61.0176], [28.0279, 61.0176]]}}, {"type": "Feature", "properties": {"osm_type": "line", "voltage_kv": 400.0, "name": "Yllikk\u00e4l\u00e4 \u2013", "name_src": "endpoints", "avail": 0}, "geometry": {"type": "LineString", "coordinates": [[28.0315, 61.0184], [28.0308, 61.0184], [28.0304, 61.0184], [28.03, 61.0184], [28.0292, 61.0184], [28.0288, 61.0184], [28.0284, 61.0184], [28.0281, 61.0184], [28.0278, 61.0184]]}}, {"type": "Feature", "properties": {"osm_type": "line", "voltage_kv": 400.0, "name": "Visulahti \u2013", "name_src": "endpoints", "avail": 0}, "geometry": {"type": "LineString", "coordinates": [[27.3665, 61.7282], [27.3655, 61.729]]}}, {"type": "Feature", "properties": {"osm_type": "line", "voltage_kv": 400.0, "name": "Visulahti \u2013", "name_src": "endpoints", "avail": 0}, "geometry": {"type": "LineString", "coordinates": [[27.3668, 61.7288], [27.3668, 61.7286]]}}, {"type": "Feature", "properties": {"osm_type": "line", "voltage_kv": 400.0, "name": "Visulahti \u2013", "name_src": "endpoints", "avail": 0}, "geometry": {"type": "LineString", "coordinates": [[27.3664, 61.7285], [27.3665, 61.7282]]}}, {"type": "Feature", "properties": {"osm_type": "line", "voltage_kv": 400.0, "name": "Visulahti \u2013", "name_src": "endpoints", "avail": 0}, "geometry": {"type": "LineString", "coordinates": [[27.3662, 61.7285], [27.3664, 61.7285], [27.3668, 61.7286], [27.367, 61.7286]]}}, {"type": "Feature", "properties": {"osm_type": "line", "voltage_kv": 400.0, "name": "Yllikk\u00e4l\u00e4 \u2013 Visulahti", "name_src": "endpoints", "avail": 5, "avail_node": "RISTIINA"}, "geometry": {"type": "LineString", "coordinates": [[28.0284, 61.0179], [28.0285, 61.0192], [28.0278, 61.0233], [28.0238, 61.0261], [28.0213, 61.0284], [28.0195, 61.0306], [28.018, 61.0324], [28.0162, 61.0347], [28.0143, 61.0372], [28.0125, 61.0395], [28.0106, 61.0419], [28.0089, 61.0444], [28.007, 61.0475], [28.0053, 61.0503], [28.0038, 61.0527], [28.0024, 61.055], [28.0011, 61.0571], [27.9997, 61.0595], [27.9978, 61.062], [27.9963, 61.0639], [27.9943, 61.0666], [27.9916, 61.0689], [27.9897, 61.0706], [27.9867, 61.0731], [27.9841, 61.0755], [27.9816, 61.0776], [27.9781, 61.0807], [27.9755, 61.0831], [27.9731, 61.0852], [27.9707, 61.0873], [27.9681, 61.0895], [27.9655, 61.0918], [27.9632, 61.0933], [27.9602, 61.0952], [27.9577, 61.0969], [27.9547, 61.0983], [27.9512, 61.0999], [27.9484, 61.1013], [27.9439, 61.1026], [27.937, 61.1059], [27.9308, 61.1088], [27.9279, 61.1107], [27.9241, 61.1141], [27.9217, 61.117], [27.9201, 61.1193], [27.917, 61.1215], [27.9126, 61.1236], [27.9101, 61.1245], [27.9074, 61.1253], [27.9027, 61.1265], [27.8983, 61.1272], [27.8945, 61.1278], [27.8893, 61.1284], [27.886, 61.1288], [27.883, 61.1291], [27.8788, 61.1296], [27.8724, 61.1303], [27.8662, 61.1313], [27.8607, 61.1323], [27.8559, 61.1332], [27.85, 61.1342], [27.849, 61.1344], [27.8458, 61.1351], [27.8407, 61.1366], [27.8359, 61.1384], [27.8327, 61.1397], [27.8266, 61.1424], [27.8198, 61.1453], [27.8152, 61.1478], [27.8121, 61.15], [27.8094, 61.1527], [27.8066, 61.1573], [27.8051, 61.1601], [27.8038, 61.1625], [27.8015, 61.1668], [27.7995, 61.1703], [27.798, 61.173], [27.7955, 61.1776], [27.7935, 61.1815], [27.7921, 61.1848], [27.7916, 61.188], [27.7909, 61.1909], [27.7888, 61.1946], [27.7863, 61.1979], [27.7829, 61.2011], [27.7788, 61.2039], [27.7728, 61.2068], [27.7689, 61.2088], [27.7644, 61.211], [27.7595, 61.2135], [27.7532, 61.2164], [27.7487, 61.2184], [27.7434, 61.2208], [27.7391, 61.2229], [27.7353, 61.2247], [27.7281, 61.2284], [27.722, 61.2315], [27.7176, 61.2335], [27.7119, 61.2359], [27.7064, 61.2376], [27.7021, 61.2393], [27.6986, 61.241], [27.6959, 61.2434], [27.6915, 61.2476], [27.6899, 61.2509], [27.6881, 61.2545], [27.686, 61.2572], [27.6822, 61.2613], [27.6791, 61.2645], [27.6761, 61.2669], [27.6712, 61.2695], [27.6673, 61.2712], [27.666, 61.2717], [27.6615, 61.2745], [27.6597, 61.2774], [27.6575, 61.2817], [27.6557, 61.2851], [27.6531, 61.2883], [27.6515, 61.2917], [27.651, 61.2941], [27.6509, 61.2974], [27.6503, 61.2997], [27.6486, 61.3027], [27.6454, 61.306], [27.6427, 61.3084], [27.6394, 61.3115], [27.6368, 61.314], [27.6328, 61.3161], [27.6271, 61.3187], [27.6223, 61.3211], [27.6191, 61.3229], [27.6136, 61.3258], [27.6083, 61.3283], [27.6035, 61.3307], [27.5993, 61.3328], [27.5948, 61.3355], [27.5907, 61.3385], [27.5878, 61.341], [27.5848, 61.3447], [27.5815, 61.3479], [27.5785, 61.3507], [27.5763, 61.3527], [27.5737, 61.3549], [27.57, 61.3581], [27.566, 61.361], [27.5615, 61.3638], [27.556, 61.3665], [27.5529, 61.3686], [27.5501, 61.3705], [27.5461, 61.3733], [27.542, 61.3761], [27.5376, 61.3793], [27.535, 61.3812], [27.5318, 61.3833], [27.5266, 61.3863], [27.5225, 61.3879], [27.5156, 61.3907], [27.5103, 61.3929], [27.5032, 61.3958], [27.4961, 61.3986], [27.4899, 61.4012], [27.4857, 61.403], [27.4777, 61.4062], [27.4718, 61.4087], [27.4677, 61.4104], [27.4635, 61.4121], [27.4578, 61.4144], [27.452, 61.4161], [27.4463, 61.4178], [27.4401, 61.4196], [27.435, 61.421], [27.4302, 61.4227], [27.4246, 61.4246], [27.4188, 61.4267], [27.4137, 61.4285], [27.4068, 61.4312], [27.4006, 61.4337], [27.3946, 61.4361], [27.3886, 61.4385], [27.3832, 61.4405], [27.3797, 61.4425], [27.3758, 61.4457], [27.3736, 61.4483], [27.3725, 61.4504], [27.3713, 61.4543], [27.3702, 61.4592], [27.37, 61.4619], [27.3696, 61.4651], [27.3682, 61.4685], [27.3678, 61.4697], [27.3667, 61.4726], [27.3666, 61.4761], [27.367, 61.4785], [27.3688, 61.4819], [27.3716, 61.4851], [27.3744, 61.4884], [27.3772, 61.4916], [27.3807, 61.4956], [27.3834, 61.4969], [27.3879, 61.499], [27.3931, 61.5015], [27.3986, 61.504], [27.4035, 61.5076], [27.4084, 61.5119], [27.4113, 61.5147], [27.4129, 61.5166], [27.413, 61.5202], [27.4125, 61.5234], [27.4117, 61.5262], [27.4107, 61.5299], [27.4103, 61.5326], [27.41, 61.5364], [27.4114, 61.5407], [27.4131, 61.5435], [27.4145, 61.5471], [27.4151, 61.5499], [27.4161, 61.553], [27.4168, 61.5555], [27.4184, 61.5603], [27.4184, 61.5635], [27.4183, 61.5664], [27.4187, 61.5699], [27.4191, 61.5739], [27.4196, 61.578], [27.4202, 61.5822], [27.4201, 61.5844], [27.4195, 61.5874], [27.4183, 61.5908], [27.4167, 61.5938], [27.4148, 61.5975], [27.4123, 61.6002], [27.4084, 61.6033], [27.4039, 61.606], [27.3978, 61.6096], [27.395, 61.6131], [27.3923, 61.6166], [27.3908, 61.6186], [27.3898, 61.62], [27.3905, 61.6246], [27.3916, 61.6298], [27.3919, 61.6331], [27.3921, 61.6354], [27.3921, 61.6358], [27.3923, 61.6395], [27.3921, 61.6414], [27.3917, 61.6435], [27.3917, 61.6468], [27.3911, 61.6506], [27.3892, 61.6535], [27.3876, 61.6569], [27.3871, 61.659], [27.3852, 61.663], [27.3841, 61.6656], [27.3836, 61.6686], [27.3833, 61.6709], [27.3825, 61.6745], [27.3814, 61.6771], [27.3814, 61.6807], [27.3813, 61.6845], [27.381, 61.6865], [27.3803, 61.6902], [27.3793, 61.6941], [27.3771, 61.6974], [27.3753, 61.7], [27.3736, 61.7017], [27.3733, 61.7019], [27.3693, 61.7058], [27.3651, 61.7097], [27.3619, 61.7129], [27.36, 61.7146], [27.3627, 61.7176], [27.3653, 61.7207], [27.3662, 61.7234], [27.3674, 61.7271], [27.3691, 61.7304]]}}, {"type": "Feature", "properties": {"osm_type": "line", "voltage_kv": 400.0, "name": "Korian \u2013", "name_src": "endpoints", "avail": 0}, "geometry": {"type": "LineString", "coordinates": [[26.5972, 60.8374], [26.5949, 60.8372]]}}, {"type": "Feature", "properties": {"osm_type": "line", "voltage_kv": 400.0, "name": "Korian \u2013", "name_src": "endpoints", "avail": 0}, "geometry": {"type": "LineString", "coordinates": [[26.5971, 60.8378], [26.5948, 60.8376]]}}, {"type": "Feature", "properties": {"osm_type": "line", "voltage_kv": 400.0, "name": "Korian \u2013", "name_src": "endpoints", "avail": 0}, "geometry": {"type": "LineString", "coordinates": [[26.5971, 60.8378], [26.5948, 60.8376]]}}, {"type": "Feature", "properties": {"osm_type": "line", "voltage_kv": 400.0, "name": "Korian \u2013", "name_src": "endpoints", "avail": 0}, "geometry": {"type": "LineString", "coordinates": [[26.5948, 60.8382], [26.5949, 60.8379]]}}, {"type": "Feature", "properties": {"osm_type": "line", "voltage_kv": 400.0, "name": "Korian \u2013", "name_src": "endpoints", "avail": 0}, "geometry": {"type": "LineString", "coordinates": [[26.5952, 60.8382], [26.5953, 60.8379]]}}, {"type": "Feature", "properties": {"osm_type": "line", "voltage_kv": 400.0, "name": "Huutokosken \u2013 Visulahti", "name_src": "endpoints", "avail": 1, "avail_node": "NARILA"}, "geometry": {"type": "LineString", "coordinates": [[27.6718, 62.2096], [27.6722, 62.2058], [27.6724, 62.2035], [27.6694, 62.2004], [27.6674, 62.1985], [27.6631, 62.1944], [27.6616, 62.1918], [27.6599, 62.1892], [27.6585, 62.1871], [27.6563, 62.184], [27.6542, 62.1812], [27.6525, 62.1785], [27.6507, 62.1761], [27.6489, 62.1734], [27.6479, 62.1715], [27.6455, 62.1672], [27.6445, 62.1638], [27.6441, 62.1617], [27.6436, 62.1591], [27.6437, 62.156], [27.6438, 62.1529], [27.6439, 62.1499], [27.6441, 62.147], [27.6444, 62.1439], [27.6445, 62.1419], [27.6446, 62.1396], [27.6449, 62.1368], [27.6451, 62.1341], [27.6454, 62.1317], [27.6455, 62.1285], [27.6444, 62.1258], [27.6427, 62.1231], [27.6407, 62.1206], [27.6382, 62.1177], [27.6362, 62.1153], [27.6337, 62.1124], [27.6329, 62.1104], [27.6319, 62.1069], [27.631, 62.1039], [27.6307, 62.1012], [27.6304, 62.0979], [27.6302, 62.095], [27.63, 62.0917], [27.6299, 62.0894], [27.6295, 62.0864], [27.6291, 62.0832], [27.6287, 62.0801], [27.6284, 62.0775], [27.628, 62.0747], [27.6276, 62.0718], [27.6274, 62.0689], [27.627, 62.0661], [27.6266, 62.0635], [27.6265, 62.0612], [27.6257, 62.0591], [27.625, 62.0571], [27.6242, 62.0545], [27.6233, 62.0519], [27.6225, 62.0493], [27.6217, 62.0465], [27.62, 62.0437], [27.6183, 62.0409], [27.6169, 62.0384], [27.6153, 62.0356], [27.6141, 62.0336], [27.6124, 62.0306], [27.6107, 62.0278], [27.609, 62.0249], [27.6073, 62.0222], [27.6058, 62.0198], [27.6044, 62.0174], [27.6029, 62.0148], [27.6006, 62.0125], [27.5986, 62.0104], [27.5963, 62.0079], [27.594, 62.0056], [27.5913, 62.0028], [27.5891, 62.0004], [27.5868, 61.9979], [27.5848, 61.9958], [27.5815, 61.9931], [27.5779, 61.9901], [27.575, 61.9876], [27.5724, 61.9854], [27.569, 61.9825], [27.5674, 61.9811], [27.5655, 61.9795], [27.5625, 61.9769], [27.5595, 61.9743], [27.556, 61.9713], [27.5526, 61.9684], [27.5498, 61.9653], [27.5476, 61.9629], [27.5453, 61.9601], [27.5426, 61.9574], [27.5407, 61.9553], [27.5385, 61.953], [27.536, 61.9504], [27.5335, 61.9477], [27.5309, 61.945], [27.5284, 61.9423], [27.5261, 61.9399], [27.5239, 61.9374], [27.5224, 61.9351], [27.5213, 61.9326], [27.5204, 61.9304], [27.5195, 61.9282], [27.5183, 61.9251], [27.517, 61.9218], [27.5159, 61.9191], [27.5149, 61.9163], [27.5137, 61.9136], [27.5126, 61.9105], [27.5115, 61.9077], [27.5104, 61.9049], [27.5092, 61.9019], [27.5082, 61.8993], [27.507, 61.896], [27.5056, 61.8927], [27.5042, 61.8892], [27.5029, 61.8861], [27.5016, 61.8828], [27.5002, 61.8796], [27.499, 61.8762], [27.4977, 61.873], [27.4967, 61.8702], [27.4948, 61.8682], [27.4936, 61.8668], [27.4934, 61.8666], [27.4928, 61.866], [27.4906, 61.8637], [27.4883, 61.8611], [27.4859, 61.8586], [27.4838, 61.8562], [27.4815, 61.8538], [27.4793, 61.8514], [27.4768, 61.8488], [27.4742, 61.8458], [27.4715, 61.8429], [27.469, 61.8402], [27.4666, 61.8376], [27.4642, 61.8348], [27.4621, 61.8325], [27.4596, 61.8299], [27.457, 61.8271], [27.4546, 61.8245], [27.4518, 61.8215], [27.4491, 61.8185], [27.4464, 61.8156], [27.4438, 61.8129], [27.4416, 61.8105], [27.4395, 61.8081], [27.4372, 61.8056], [27.4349, 61.8032], [27.4326, 61.8006], [27.4304, 61.7983], [27.4281, 61.7957], [27.4257, 61.7931], [27.4238, 61.791], [27.4215, 61.7884], [27.4193, 61.7854], [27.417, 61.7823], [27.4147, 61.7793], [27.4129, 61.7767], [27.4106, 61.7737], [27.4078, 61.771], [27.4051, 61.7685], [27.4024, 61.7658], [27.3999, 61.7634], [27.3965, 61.7603], [27.3932, 61.7572], [27.3902, 61.7544], [27.3881, 61.7524], [27.3858, 61.7502], [27.384, 61.7485], [27.3819, 61.7466], [27.3798, 61.7447], [27.3739, 61.7393], [27.371, 61.7366]]}}, {"type": "Feature", "properties": {"osm_type": "line", "voltage_kv": 400.0, "name": "Hiki\u00e4n \u2013", "name_src": "endpoints", "avail": 0}, "geometry": {"type": "LineString", "coordinates": [[24.9188, 60.7472], [24.9211, 60.7474]]}}, {"type": "Feature", "properties": {"osm_type": "line", "voltage_kv": 400.0, "name": "Hiki\u00e4n \u2013", "name_src": "endpoints", "avail": 0}, "geometry": {"type": "LineString", "coordinates": [[24.9205, 60.7484], [24.9208, 60.7476]]}}, {"type": "Feature", "properties": {"osm_type": "line", "voltage_kv": 400.0, "name": "Hiki\u00e4n \u2013", "name_src": "endpoints", "avail": 0}, "geometry": {"type": "LineString", "coordinates": [[24.9187, 60.7478], [24.9214, 60.7479]]}}, {"type": "Feature", "properties": {"osm_type": "line", "voltage_kv": 400.0, "name": "Hiki\u00e4n \u2013", "name_src": "endpoints", "avail": 0}, "geometry": {"type": "LineString", "coordinates": [[24.9205, 60.7484], [24.9205, 60.7475]]}}, {"type": "Feature", "properties": {"osm_type": "line", "voltage_kv": 400.0, "name": "Kangasala - Hiki\u00e4", "avail": 12, "avail_node": "TURENKI"}, "geometry": {"type": "LineString", "coordinates": [[23.9817, 61.4666], [23.9815, 61.4642], [23.9813, 61.4611], [23.981, 61.4579], [23.9808, 61.4552], [23.9804, 61.4517], [23.98, 61.4492], [23.9795, 61.4461], [23.9792, 61.4435], [23.9787, 61.4402], [23.9783, 61.4373], [23.9778, 61.4339], [23.9774, 61.4311], [23.9769, 61.4279], [23.9764, 61.4246], [23.9759, 61.4214], [23.9754, 61.4181], [23.975, 61.4156], [23.9748, 61.4132], [23.9747, 61.4109], [23.9749, 61.4078], [23.9753, 61.4052], [23.9758, 61.4028], [23.9767, 61.3998], [23.9776, 61.3969], [23.9788, 61.3936], [23.9798, 61.3913], [23.9801, 61.3908], [23.9812, 61.3887], [23.9827, 61.3861], [23.9846, 61.3832], [23.9864, 61.3805], [23.9884, 61.3774], [23.9904, 61.3742], [23.9961, 61.3655], [23.9976, 61.363], [23.9993, 61.3604], [24.0065, 61.3489], [24.0083, 61.3459], [24.0104, 61.3429], [24.0121, 61.3402], [24.014, 61.3372], [24.016, 61.3341], [24.0175, 61.3319], [24.0195, 61.3288], [24.0214, 61.3259], [24.024, 61.3227], [24.0254, 61.3218], [24.0269, 61.321], [24.028, 61.3204], [24.0275, 61.3173], [24.0295, 61.3146], [24.0316, 61.3118], [24.0334, 61.3093], [24.0366, 61.3048], [24.0394, 61.3029], [24.0434, 61.3002], [24.0473, 61.2976], [24.0494, 61.296], [24.0559, 61.2943], [24.0628, 61.2926], [24.0677, 61.2914], [24.0731, 61.29], [24.0806, 61.2879], [24.0869, 61.2863], [24.0915, 61.2845], [24.1004, 61.2809], [24.1053, 61.2788], [24.11, 61.2763], [24.1152, 61.2736], [24.1204, 61.2711], [24.1257, 61.2686], [24.1311, 61.2657], [24.1368, 61.2628], [24.1425, 61.2598], [24.1466, 61.2577], [24.1503, 61.2557], [24.1548, 61.2534], [24.1591, 61.2511], [24.1628, 61.2501], [24.1678, 61.2487], [24.1727, 61.2473], [24.1788, 61.2457], [24.1828, 61.2448], [24.1869, 61.2438], [24.1928, 61.2424], [24.198, 61.2412], [24.2034, 61.24], [24.2085, 61.239], [24.2152, 61.2377], [24.22, 61.2367], [24.2248, 61.2358], [24.2297, 61.2348], [24.2351, 61.2339], [24.2397, 61.2331], [24.2447, 61.2321], [24.2503, 61.2311], [24.2558, 61.2301], [24.2612, 61.2286], [24.2613, 61.2285], [24.265, 61.2275], [24.2706, 61.2259], [24.271, 61.2258], [24.2766, 61.2243], [24.2814, 61.2229], [24.2866, 61.2215], [24.2911, 61.2201], [24.2917, 61.2199], [24.2958, 61.2186], [24.2966, 61.2184], [24.2972, 61.218], [24.2984, 61.2172], [24.2995, 61.2165], [24.3034, 61.2141], [24.3038, 61.2138], [24.3076, 61.2114], [24.308, 61.2111], [24.3118, 61.2087], [24.3128, 61.2081], [24.3157, 61.2062], [24.3184, 61.2045], [24.3198, 61.2035], [24.3238, 61.201], [24.3276, 61.1984], [24.3313, 61.196], [24.3354, 61.1934], [24.3377, 61.1919], [24.3396, 61.1907], [24.3428, 61.1886], [24.3469, 61.1874], [24.3477, 61.1872], [24.3486, 61.1869], [24.3522, 61.1857], [24.3523, 61.1857], [24.3533, 61.1854], [24.3576, 61.184], [24.3632, 61.1822], [24.3643, 61.1818], [24.3667, 61.1811], [24.3715, 61.179], [24.376, 61.1771], [24.3804, 61.1751], [24.3851, 61.173], [24.3864, 61.1725], [24.3865, 61.1724], [24.3899, 61.171], [24.3945, 61.1688], [24.3982, 61.1671], [24.4026, 61.1649], [24.4069, 61.1629], [24.4114, 61.1606], [24.4152, 61.1587], [24.4189, 61.1568], [24.4237, 61.1545], [24.4281, 61.1523], [24.4328, 61.15], [24.4375, 61.1477], [24.4419, 61.1455], [24.4465, 61.1432], [24.4506, 61.1411], [24.4552, 61.1388], [24.4591, 61.1369], [24.4639, 61.1344], [24.4672, 61.1328], [24.4713, 61.1308], [24.4756, 61.1285], [24.4799, 61.1263], [24.4839, 61.1243], [24.4883, 61.1221], [24.4929, 61.1198], [24.4971, 61.1178], [24.5018, 61.1156], [24.5059, 61.1136], [24.5105, 61.1114], [24.5147, 61.1094], [24.5193, 61.1074], [24.5242, 61.1054], [24.529, 61.1034], [24.5329, 61.1018], [24.5387, 61.0994], [24.5437, 61.0974], [24.5488, 61.0953], [24.5528, 61.0935], [24.557, 61.0919], [24.561, 61.0901], [24.5655, 61.0882], [24.5702, 61.0862], [24.5749, 61.0844], [24.5795, 61.0826], [24.5847, 61.0806], [24.5887, 61.079], [24.5932, 61.0773], [24.5979, 61.0754], [24.6028, 61.0735], [24.6079, 61.0715], [24.6129, 61.0694], [24.6164, 61.0678], [24.6215, 61.0653], [24.6265, 61.0631], [24.6298, 61.0606], [24.633, 61.0581], [24.6367, 61.0554], [24.6403, 61.0527], [24.6432, 61.0506], [24.6463, 61.0484], [24.6499, 61.0457], [24.6527, 61.0432], [24.6561, 61.0403], [24.6594, 61.0376], [24.6626, 61.0348], [24.6649, 61.0327], [24.668, 61.0299], [24.6706, 61.0276], [24.6736, 61.0249], [24.6765, 61.0223], [24.6796, 61.0196], [24.6824, 61.0169], [24.6854, 61.014], [24.6879, 61.0114], [24.6906, 61.0085], [24.693, 61.006], [24.6954, 61.003], [24.6975, 61.0002], [24.6994, 60.9978], [24.7017, 60.9947], [24.7039, 60.9917], [24.7059, 60.989], [24.7079, 60.9864], [24.7101, 60.9834], [24.7121, 60.9807], [24.7143, 60.978], [24.7162, 60.9755], [24.7185, 60.9725], [24.7209, 60.9694], [24.7228, 60.9668], [24.7248, 60.9639], [24.727, 60.961], [24.7293, 60.958], [24.7313, 60.9554], [24.7335, 60.9524], [24.7358, 60.9493], [24.7378, 60.9467], [24.7399, 60.9441], [24.7426, 60.941], [24.7451, 60.9382], [24.7474, 60.9356], [24.7475, 60.9355], [24.7501, 60.9328], [24.7531, 60.93], [24.7562, 60.927], [24.7593, 60.9241], [24.7622, 60.9214], [24.7653, 60.9185], [24.7685, 60.9157], [24.7713, 60.913], [24.7759, 60.9106], [24.7799, 60.9086], [24.7845, 60.9062], [24.789, 60.9038], [24.7932, 60.9016], [24.7961, 60.9], [24.7975, 60.8993], [24.8019, 60.897], [24.8059, 60.8949], [24.8103, 60.8924], [24.8148, 60.89], [24.8191, 60.8877], [24.8233, 60.8852], [24.8273, 60.8828], [24.8313, 60.8803], [24.8343, 60.8786], [24.8377, 60.8766], [24.8411, 60.8746], [24.8443, 60.8727], [24.8483, 60.8703], [24.8518, 60.8682], [24.8562, 60.8656], [24.8607, 60.8631], [24.8651, 60.8608], [24.8714, 60.8575], [24.8752, 60.8556], [24.8797, 60.8532], [24.8824, 60.8518], [24.8853, 60.8494], [24.8886, 60.8468], [24.892, 60.8441], [24.8951, 60.8417], [24.8978, 60.8394], [24.9011, 60.8368], [24.9043, 60.8343], [24.9081, 60.8314], [24.9117, 60.8287], [24.9158, 60.8257], [24.9183, 60.8239], [24.9222, 60.821], [24.9255, 60.8185], [24.9291, 60.8158], [24.9325, 60.8133], [24.9358, 60.8108], [24.9391, 60.8084], [24.9411, 60.8068], [24.9417, 60.8064], [24.9455, 60.8038], [24.9497, 60.801], [24.957, 60.7958], [24.9603, 60.7935], [24.9633, 60.7913], [24.966, 60.7892], [24.9687, 60.7872], [24.972, 60.7846], [24.9749, 60.7824], [24.978, 60.7799], [24.9807, 60.7776], [24.9833, 60.7755], [24.9864, 60.7729], [24.989, 60.7706], [24.996, 60.7648], [24.9964, 60.7621], [24.9968, 60.7595], [24.9973, 60.7563], [24.9976, 60.7545], [24.9976, 60.7544]]}}, {"type": "Feature", "properties": {"osm_type": "line", "voltage_kv": 400.0, "name": "Espoo - Hiki\u00e4", "avail": 0}, "geometry": {"type": "LineString", "coordinates": [[24.9928, 60.7542], [24.9972, 60.7543], [24.9976, 60.7543], [24.998, 60.7543]]}}, {"type": "Feature", "properties": {"osm_type": "line", "voltage_kv": 400.0, "avail": 0}, "geometry": {"type": "LineString", "coordinates": [[22.2648, 61.3977], [22.2604, 61.3998], [22.2557, 61.402], [22.2514, 61.4032], [22.2463, 61.4047], [22.2414, 61.4062], [22.2366, 61.4076], [22.2316, 61.409], [22.2258, 61.4108], [22.2206, 61.4125]]}}, {"type": "Feature", "properties": {"osm_type": "line", "voltage_kv": 400.0, "avail": 0}, "geometry": {"type": "LineString", "coordinates": [[22.0839, 61.4502], [22.0792, 61.4513], [22.0723, 61.4529], [22.0719, 61.456], [22.0715, 61.4588], [22.071, 61.4622], [22.0706, 61.4657], [22.0702, 61.469], [22.065, 61.4712], [22.0589, 61.4737], [22.0534, 61.4759], [22.0483, 61.4781], [22.0435, 61.4799], [22.0413, 61.4805], [22.0372, 61.4815], [22.0333, 61.4824]]}}, {"type": "Feature", "properties": {"osm_type": "line", "voltage_kv": 400.0, "avail": 0}, "geometry": {"type": "LineString", "coordinates": [[22.2206, 61.4125], [22.2162, 61.4143], [22.2104, 61.4163], [22.2041, 61.4184], [22.1985, 61.4204], [22.1928, 61.4223], [22.1878, 61.424], [22.183, 61.4256], [22.1782, 61.4273], [22.173, 61.429], [22.1675, 61.4308], [22.1613, 61.4328], [22.1555, 61.4347], [22.15, 61.4362], [22.1448, 61.4374], [22.1388, 61.4389], [22.1318, 61.4406], [22.1253, 61.4419]]}}, {"type": "Feature", "properties": {"osm_type": "line", "voltage_kv": 400.0, "avail": 0}, "geometry": {"type": "LineString", "coordinates": [[22.0333, 61.4824], [22.0282, 61.4837]]}}, {"type": "Feature", "properties": {"osm_type": "line", "voltage_kv": 400.0, "name": "Ulvila \u2013", "name_src": "endpoints", "avail": 0}, "geometry": {"type": "LineString", "coordinates": [[21.99, 61.4832], [21.9843, 61.482], [21.9844, 61.4804], [21.9843, 61.4795]]}}, {"type": "Feature", "properties": {"osm_type": "line", "voltage_kv": 400.0, "avail": 0}, "geometry": {"type": "LineString", "coordinates": [[22.0128, 61.4883], [22.0176, 61.487], [22.0242, 61.4853], [22.0287, 61.4839], [22.0336, 61.4826], [22.0371, 61.4818], [22.0436, 61.4802], [22.0487, 61.4783], [22.0544, 61.4759], [22.0601, 61.4736], [22.0659, 61.4712], [22.0708, 61.4692], [22.0712, 61.466], [22.0716, 61.4625], [22.0721, 61.4593], [22.0724, 61.4565], [22.0729, 61.4531], [22.0795, 61.4516], [22.0865, 61.45], [22.0932, 61.4488], [22.0997, 61.4477], [22.1065, 61.4465], [22.1123, 61.4455], [22.1179, 61.4441], [22.1247, 61.4424], [22.1317, 61.441], [22.1375, 61.4396], [22.1441, 61.438], [22.1498, 61.4366], [22.1559, 61.4349], [22.1617, 61.4331], [22.1678, 61.4311], [22.1734, 61.4292], [22.1789, 61.4274], [22.184, 61.4257], [22.1887, 61.4241], [22.1943, 61.4222], [22.1997, 61.4203], [22.2048, 61.4186], [22.2112, 61.4164], [22.2167, 61.4146], [22.2224, 61.4123], [22.2276, 61.4106], [22.2334, 61.4089], [22.24, 61.4069], [22.2463, 61.4051], [22.2518, 61.4034], [22.2564, 61.402], [22.2611, 61.3999], [22.2651, 61.3981], [22.2704, 61.3966], [22.2762, 61.3947], [22.2805, 61.3931], [22.2844, 61.3911], [22.2875, 61.3893], [22.2912, 61.3868], [22.2953, 61.3846], [22.2988, 61.3827], [22.3028, 61.3806], [22.307, 61.3783], [22.3108, 61.3763], [22.3156, 61.3745], [22.3213, 61.3729], [22.3259, 61.3713], [22.3303, 61.3697], [22.3331, 61.3682]]}}, {"type": "Feature", "properties": {"osm_type": "line", "voltage_kv": 400.0, "avail": 0}, "geometry": {"type": "LineString", "coordinates": [[22.0282, 61.4837], [22.0246, 61.4848], [22.0203, 61.486], [22.0134, 61.4878], [22.0099, 61.4871]]}}, {"type": "Feature", "properties": {"osm_type": "line", "voltage_kv": 400.0, "name": "Ulvila \u2013", "name_src": "endpoints", "avail": 0}, "geometry": {"type": "LineString", "coordinates": [[22.0099, 61.4871], [22.0066, 61.4864], [22.0031, 61.4857], [21.9991, 61.4849], [21.9946, 61.4841], [21.99, 61.4832]]}}, {"type": "Feature", "properties": {"osm_type": "line", "voltage_kv": 400.0, "avail": 0}, "geometry": {"type": "LineString", "coordinates": [[22.2907, 61.3867], [22.287, 61.3891], [22.2838, 61.3909], [22.28, 61.3928], [22.2758, 61.3944], [22.27, 61.3963], [22.2648, 61.3977]]}}, {"type": "Feature", "properties": {"osm_type": "line", "voltage_kv": 400.0, "avail": 0}, "geometry": {"type": "LineString", "coordinates": [[22.315, 61.3743], [22.3104, 61.376], [22.3065, 61.3781], [22.3023, 61.3804], [22.2991, 61.3821], [22.2949, 61.3844], [22.2907, 61.3867]]}}, {"type": "Feature", "properties": {"osm_type": "line", "voltage_kv": 400.0, "avail": 0}, "geometry": {"type": "LineString", "coordinates": [[22.1253, 61.4419], [22.1205, 61.4431], [22.1163, 61.4441], [22.1121, 61.4452], [22.1061, 61.4463], [22.1003, 61.4473], [22.0953, 61.4481], [22.0896, 61.4491], [22.0839, 61.4502]]}}, {"type": "Feature", "properties": {"osm_type": "line", "voltage_kv": 400.0, "name": "Ulvila \u2013", "name_src": "endpoints", "avail": 0}, "geometry": {"type": "LineString", "coordinates": [[21.9824, 61.478], [21.9828, 61.479], [21.9827, 61.4796]]}}, {"type": "Feature", "properties": {"osm_type": "line", "voltage_kv": 400.0, "name": "Ulvila \u2013", "name_src": "endpoints", "avail": 0}, "geometry": {"type": "LineString", "coordinates": [[21.9833, 61.4779], [21.9836, 61.479], [21.9839, 61.4795]]}}, {"type": "Feature", "properties": {"osm_type": "line", "voltage_kv": 400.0, "name": "in\u00e4joen \u2013", "name_src": "endpoints", "avail": 1, "avail_node": "K\u00d6NNI"}, "geometry": {"type": "LineString", "coordinates": [[22.7141, 62.7856], [22.715, 62.7858]]}}, {"type": "Feature", "properties": {"osm_type": "line", "voltage_kv": 400.0, "name": "in\u00e4joen \u2013", "name_src": "endpoints", "avail": 1, "avail_node": "K\u00d6NNI"}, "geometry": {"type": "LineString", "coordinates": [[22.7138, 62.7859], [22.7146, 62.7861]]}}, {"type": "Feature", "properties": {"osm_type": "line", "voltage_kv": 400.0, "name": "Sein\u00e4joki - Tuovila", "avail": 0}, "geometry": {"type": "LineString", "coordinates": [[21.8524, 63.048], [21.8497, 63.0489], [21.8491, 63.0502], [21.8496, 63.052], [21.8502, 63.0525]]}}, {"type": "Feature", "properties": {"osm_type": "line", "voltage_kv": 400.0, "name": "Sein\u00e4joki - Tuovila 400", "avail": 1, "avail_node": "K\u00d6NNI"}, "geometry": {"type": "LineString", "coordinates": [[22.715, 62.7864], [22.7144, 62.7869], [22.713, 62.7881], [22.71, 62.7873], [22.7073, 62.7865], [22.7028, 62.7881], [22.6984, 62.7901]]}}, {"type": "Feature", "properties": {"osm_type": "line", "voltage_kv": 400.0, "name": "Kristinestad \u2013", "name_src": "endpoints", "avail": 0}, "geometry": {"type": "LineString", "coordinates": [[21.3777, 62.293], [21.376, 62.293]]}}, {"type": "Feature", "properties": {"osm_type": "line", "voltage_kv": 400.0, "name": "Kristinestad \u2013", "name_src": "endpoints", "avail": 0}, "geometry": {"type": "LineString", "coordinates": [[21.3776, 62.2928], [21.3793, 62.2925], [21.3841, 62.292]]}}, {"type": "Feature", "properties": {"osm_type": "line", "voltage_kv": 400.0, "name": "Kristinestad - K\u00e4rppi\u00f6", "avail": 0}, "geometry": {"type": "LineString", "coordinates": [[21.6414, 62.4573], [21.6403, 62.4545], [21.6396, 62.4513], [21.639, 62.4482], [21.6384, 62.4452], [21.6377, 62.4415], [21.6369, 62.4377], [21.6363, 62.4343], [21.6356, 62.4307], [21.6349, 62.4274], [21.6342, 62.4238], [21.6335, 62.4204], [21.6332, 62.417], [21.6332, 62.4135], [21.6333, 62.4101], [21.6333, 62.4067], [21.6333, 62.4034], [21.6328, 62.4], [21.6319, 62.3967], [21.6306, 62.3932], [21.6288, 62.3895], [21.627, 62.3859], [21.6254, 62.3825], [21.6247, 62.3788], [21.6236, 62.3749], [21.6226, 62.371], [21.6217, 62.3671], [21.6208, 62.3635], [21.6198, 62.3598], [21.6188, 62.356], [21.6178, 62.3521], [21.6169, 62.3483], [21.6162, 62.3447], [21.6156, 62.3409], [21.6153, 62.337], [21.6151, 62.3333], [21.6148, 62.3299], [21.6146, 62.3268], [21.6144, 62.3239], [21.6141, 62.321], [21.6083, 62.3196], [21.6005, 62.3176], [21.5954, 62.3163], [21.5888, 62.3146], [21.5832, 62.3132], [21.5772, 62.3116], [21.57, 62.3098], [21.5629, 62.308], [21.5556, 62.3061], [21.5486, 62.3043], [21.5436, 62.3031], [21.5371, 62.3014], [21.53, 62.2992], [21.5234, 62.2972], [21.5164, 62.295], [21.51, 62.2931], [21.5039, 62.2912], [21.4972, 62.289], [21.4916, 62.2872], [21.4859, 62.2855], [21.4793, 62.2852], [21.4731, 62.2848], [21.4665, 62.2845], [21.4602, 62.2846], [21.4536, 62.2846], [21.4462, 62.2846], [21.4384, 62.2847], [21.4297, 62.2847]]}}, {"type": "Feature", "properties": {"osm_type": "line", "voltage_kv": 400.0, "name": "Kristinestad \u2013", "name_src": "endpoints", "avail": 0}, "geometry": {"type": "LineString", "coordinates": [[21.3841, 62.292], [21.3794, 62.2929], [21.3777, 62.2932]]}}, {"type": "Feature", "properties": {"osm_type": "line", "voltage_kv": 400.0, "name": "Kristinestad \u2013", "name_src": "endpoints", "avail": 0}, "geometry": {"type": "LineString", "coordinates": [[21.4297, 62.2847], [21.4223, 62.2862], [21.4147, 62.2877], [21.4089, 62.2889], [21.4037, 62.2895], [21.3984, 62.2901], [21.3928, 62.2907], [21.3884, 62.2912], [21.3841, 62.292]]}}, {"type": "Feature", "properties": {"osm_type": "line", "voltage_kv": 400.0, "name": "K\u00e4rppi\u00f6 - Tuovila", "avail": 0}, "geometry": {"type": "LineString", "coordinates": [[21.8499, 63.0526], [21.8492, 63.0521], [21.8484, 63.0502], [21.8479, 63.0477]]}}, {"type": "Feature", "properties": {"osm_type": "line", "voltage_kv": 400.0, "name": "Tuovila \u2013", "name_src": "endpoints", "avail": 0}, "geometry": {"type": "LineString", "coordinates": [[21.8505, 63.0524], [21.8514, 63.0529]]}}, {"type": "Feature", "properties": {"osm_type": "line", "voltage_kv": 400.0, "name": "Tuovila-Hirvisuo", "avail": 0}, "geometry": {"type": "LineString", "coordinates": [[21.8646, 63.0594], [21.867, 63.0612], [21.8713, 63.0632], [21.8763, 63.0648], [21.8815, 63.0662], [21.8865, 63.0677], [21.8915, 63.0692], [21.8959, 63.0704], [21.9006, 63.0719], [21.9053, 63.0732], [21.9089, 63.0751], [21.9124, 63.0777], [21.9169, 63.0796], [21.9225, 63.0808], [21.9288, 63.0821], [21.9339, 63.083]]}}, {"type": "Feature", "properties": {"osm_type": "line", "voltage_kv": 400.0, "name": "Tuovila - Hirvisuo", "avail": 0}, "geometry": {"type": "LineString", "coordinates": [[22.5706, 63.4447], [22.573, 63.4463]]}}, {"type": "Feature", "properties": {"osm_type": "line", "voltage_kv": 400.0, "avail": 0}, "geometry": {"type": "LineString", "coordinates": [[22.5034, 63.3865], [22.5054, 63.3884]]}}, {"type": "Feature", "properties": {"osm_type": "line", "voltage_kv": 400.0, "name": "Tuovila \u2013", "name_src": "endpoints", "avail": 0}, "geometry": {"type": "LineString", "coordinates": [[21.8617, 63.058], [21.8646, 63.0594]]}}, {"type": "Feature", "properties": {"osm_type": "line", "voltage_kv": 400.0, "name": "Tuovila - Hirvisuo", "avail": 0}, "geometry": {"type": "LineString", "coordinates": [[22.5054, 63.3884], [22.509, 63.3913], [22.5121, 63.3944], [22.5152, 63.3975], [22.5184, 63.4007], [22.519, 63.4013], [22.5212, 63.4034], [22.5245, 63.4067], [22.5275, 63.4091], [22.5312, 63.4121], [22.5349, 63.4151], [22.5388, 63.4182], [22.5414, 63.4204], [22.5439, 63.4227], [22.5475, 63.4259], [22.5513, 63.4292], [22.5545, 63.4319], [22.5586, 63.4354], [22.5621, 63.4386], [22.5661, 63.4413], [22.5683, 63.4428], [22.5706, 63.4447]]}}, {"type": "Feature", "properties": {"osm_type": "line", "voltage_kv": 400.0, "avail": 0}, "geometry": {"type": "LineString", "coordinates": [[21.9339, 63.083], [21.9379, 63.0846], [21.9422, 63.0863]]}}, {"type": "Feature", "properties": {"osm_type": "line", "voltage_kv": 400.0, "name": "Tuovila - Hirvisuo", "avail": 0}, "geometry": {"type": "LineString", "coordinates": [[21.8496, 63.0526], [21.8505, 63.0534], [21.8528, 63.0543], [21.8583, 63.057], [21.8617, 63.058]]}}, {"type": "Feature", "properties": {"osm_type": "line", "voltage_kv": 220.0, "avail": 5, "avail_node": "HAAPAVESI"}, "geometry": {"type": "LineString", "coordinates": [[25.4147, 64.1209], [25.4132, 64.1215]]}}, {"type": "Feature", "properties": {"osm_type": "line", "voltage_kv": 400.0, "name": "Pyh\u00e4nsel\u00e4n \u2013", "name_src": "endpoints", "avail": 0}, "geometry": {"type": "LineString", "coordinates": [[26.0719, 64.8442], [26.0729, 64.8433]]}}, {"type": "Feature", "properties": {"osm_type": "line", "voltage_kv": 400.0, "name": "Uusnivalan \u2013", "name_src": "endpoints", "avail": 0}, "geometry": {"type": "LineString", "coordinates": [[24.8744, 63.972], [24.8744, 63.973]]}}, {"type": "Feature", "properties": {"osm_type": "line", "voltage_kv": 400.0, "name": "Hirvisuo - Jylkk\u00e4 400", "avail": 12, "avail_node": "KIVIST\u00d6NKANGAS"}, "geometry": {"type": "LineString", "coordinates": [[24.0239, 64.2028], [24.0205, 64.2016], [24.0156, 64.2001], [24.0104, 64.1985], [24.0045, 64.1966], [23.9987, 64.1945], [23.9925, 64.1922], [23.9859, 64.1898], [23.9798, 64.1876], [23.9735, 64.1853], [23.9671, 64.183], [23.9614, 64.1809], [23.9543, 64.1784], [23.9478, 64.176], [23.9415, 64.1737], [23.9354, 64.1715], [23.9288, 64.1691], [23.9227, 64.1668], [23.916, 64.1644], [23.91, 64.1622], [23.9038, 64.1599], [23.8975, 64.1576], [23.8912, 64.1553], [23.8853, 64.1531], [23.8792, 64.1509], [23.8727, 64.1485], [23.8683, 64.147], [23.8661, 64.1461], [23.8599, 64.1438], [23.8547, 64.142], [23.8486, 64.1398], [23.8423, 64.1374], [23.837, 64.1351], [23.8309, 64.1324], [23.8268, 64.1307], [23.821, 64.128], [23.815, 64.1254], [23.8094, 64.1228], [23.8037, 64.1202], [23.7983, 64.1176], [23.7931, 64.1151], [23.7885, 64.1127], [23.784, 64.1103], [23.7793, 64.1072], [23.7765, 64.1054], [23.7747, 64.1042], [23.7707, 64.1015], [23.7662, 64.0986], [23.7615, 64.0956], [23.7578, 64.0931], [23.754, 64.0906], [23.7502, 64.088], [23.745, 64.0851], [23.7407, 64.0827], [23.7367, 64.0804], [23.7311, 64.0778], [23.7256, 64.0753], [23.72, 64.0727], [23.7146, 64.0702], [23.7091, 64.0677], [23.7034, 64.065], [23.6981, 64.0625], [23.6926, 64.06], [23.6883, 64.058], [23.685, 64.0567]]}}, {"type": "Feature", "properties": {"osm_type": "line", "voltage_kv": 400.0, "name": "Alapitk\u00e4 \u2013", "name_src": "endpoints", "avail": 0}, "geometry": {"type": "LineString", "coordinates": [[27.521, 63.1885], [27.5199, 63.1881]]}}, {"type": "Feature", "properties": {"osm_type": "line", "voltage_kv": 400.0, "name": "Alapitk\u00e4 \u2013", "name_src": "endpoints", "avail": 0}, "geometry": {"type": "LineString", "coordinates": [[27.5213, 63.1884], [27.5206, 63.1879]]}}, {"type": "Feature", "properties": {"osm_type": "line", "voltage_kv": 220.0, "name": "Pet\u00e4j\u00e4skoski - Valajaskoski B", "avail": 0}, "geometry": {"type": "LineString", "coordinates": [[25.3344, 66.2685], [25.3358, 66.268], [25.3399, 66.2678], [25.3452, 66.2677], [25.3493, 66.2678], [25.3529, 66.2689], [25.3579, 66.2693], [25.3587, 66.2701], [25.3654, 66.27], [25.3728, 66.27], [25.3795, 66.2699], [25.3887, 66.2698], [25.3922, 66.2702], [25.3903, 66.2729], [25.3886, 66.2757], [25.3866, 66.2788], [25.3847, 66.2818], [25.383, 66.2848], [25.3812, 66.2876], [25.3807, 66.2902], [25.3815, 66.2922], [25.3852, 66.2947], [25.3901, 66.2969], [25.3953, 66.2992], [25.4008, 66.3017], [25.4047, 66.3035], [25.4096, 66.3057], [25.4144, 66.3079], [25.4193, 66.3101], [25.4237, 66.3121], [25.4287, 66.3144], [25.434, 66.3168], [25.438, 66.319], [25.4415, 66.3217], [25.4441, 66.3238], [25.4472, 66.3264], [25.4499, 66.3285], [25.4532, 66.3312], [25.4563, 66.3338], [25.459, 66.336], [25.4623, 66.3386], [25.4652, 66.3411], [25.4677, 66.3431], [25.4711, 66.3458], [25.4743, 66.3484], [25.4775, 66.3511], [25.4808, 66.3537], [25.4842, 66.3565], [25.4875, 66.3592], [25.4911, 66.3621], [25.4938, 66.3646], [25.4969, 66.3674], [25.4998, 66.37], [25.5025, 66.3724], [25.5053, 66.375], [25.5083, 66.3777], [25.5105, 66.3797], [25.5138, 66.3827], [25.516, 66.3852], [25.5181, 66.3877], [25.5203, 66.3903], [25.5224, 66.3928], [25.5246, 66.3954], [25.5268, 66.3978], [25.5288, 66.4002], [25.531, 66.4027], [25.5335, 66.4056], [25.5359, 66.4084], [25.5383, 66.4113], [25.5408, 66.4141], [25.5426, 66.4166], [25.5433, 66.4191], [25.5447, 66.4238], [25.546, 66.4244]]}}, {"type": "Feature", "properties": {"osm_type": "line", "voltage_kv": 220.0, "name": "Pet\u00e4j\u00e4skoski \u2013", "name_src": "endpoints", "avail": 0}, "geometry": {"type": "LineString", "coordinates": [[25.3363, 66.2711], [25.3354, 66.2711], [25.3346, 66.2696]]}}, {"type": "Feature", "properties": {"osm_type": "line", "voltage_kv": 400.0, "name": "Pet\u00e4j\u00e4skoski \u2013", "name_src": "endpoints", "avail": 0}, "geometry": {"type": "LineString", "coordinates": [[25.3468, 66.2695], [25.344, 66.2698], [25.3402, 66.271], [25.336, 66.2711]]}}, {"type": "Feature", "properties": {"osm_type": "line", "voltage_kv": 400.0, "name": "Pet\u00e4j\u00e4skoski \u2013", "name_src": "endpoints", "avail": 0}, "geometry": {"type": "LineString", "coordinates": [[25.3468, 66.269], [25.3501, 66.2694], [25.3574, 66.2699], [25.3661, 66.2698]]}}, {"type": "Feature", "properties": {"osm_type": "line", "voltage_kv": 400.0, "name": "Pet\u00e4j\u00e4skoski \u2013", "name_src": "endpoints", "avail": 0}, "geometry": {"type": "LineString", "coordinates": [[25.3468, 66.2694], [25.3502, 66.2697], [25.3574, 66.27], [25.3661, 66.2698]]}}, {"type": "Feature", "properties": {"osm_type": "line", "voltage_kv": 400.0, "name": "Pet\u00e4j\u00e4skoski \u2013", "name_src": "endpoints", "avail": 0}, "geometry": {"type": "LineString", "coordinates": [[25.3468, 66.2697], [25.3441, 66.2701], [25.3403, 66.2714], [25.3358, 66.2716]]}}, {"type": "Feature", "properties": {"osm_type": "line", "voltage_kv": 400.0, "name": "Pet\u00e4j\u00e4skoski - Pirttikoski", "avail": 0}, "geometry": {"type": "LineString", "coordinates": [[25.3888, 66.2696], [25.3933, 66.2698], [25.3986, 66.2695], [25.4055, 66.2692], [25.4134, 66.2688], [25.4207, 66.2684], [25.4284, 66.268], [25.4357, 66.2676], [25.443, 66.2673], [25.4504, 66.2669], [25.4564, 66.2666], [25.4643, 66.2662], [25.4691, 66.2664], [25.4769, 66.2668], [25.4839, 66.2672], [25.4918, 66.2676], [25.4998, 66.268], [25.5082, 66.2684], [25.516, 66.2688], [25.5244, 66.2692], [25.5323, 66.2696], [25.5403, 66.27], [25.5485, 66.2704], [25.5565, 66.2708], [25.5648, 66.2712], [25.5728, 66.2716], [25.5808, 66.2719], [25.589, 66.2724], [25.5964, 66.2727], [25.6047, 66.2731], [25.6123, 66.2735], [25.6201, 66.2739], [25.6278, 66.2742], [25.6354, 66.2745], [25.6431, 66.2749], [25.6512, 66.2753], [25.6586, 66.2757], [25.6664, 66.276], [25.674, 66.2764], [25.6815, 66.2768], [25.6893, 66.2771], [25.6976, 66.2775], [25.7049, 66.2778], [25.7129, 66.2782], [25.7205, 66.2786], [25.7283, 66.2789], [25.7361, 66.2793], [25.7439, 66.2796], [25.7513, 66.28], [25.7592, 66.2803], [25.767, 66.2807], [25.7746, 66.2811], [25.7824, 66.2814], [25.7903, 66.2818], [25.7978, 66.2821], [25.806, 66.2825], [25.8136, 66.2828], [25.8204, 66.2831], [25.8279, 66.2835], [25.835, 66.2839], [25.8423, 66.2844], [25.8495, 66.2851], [25.8565, 66.2858], [25.864, 66.2867], [25.8709, 66.2875], [25.8784, 66.2884], [25.8852, 66.2892], [25.8908, 66.2906], [25.8962, 66.2921], [25.9024, 66.2938], [25.9088, 66.2957], [25.9132, 66.2971], [25.9189, 66.299], [25.9239, 66.3009], [25.9287, 66.3028], [25.9331, 66.3046], [25.938, 66.3068], [25.9424, 66.3088], [25.9467, 66.3107], [25.9504, 66.3123], [25.9553, 66.313], [25.9624, 66.3141], [25.9685, 66.315], [25.9749, 66.316], [25.9825, 66.3172], [25.9887, 66.3181], [25.9966, 66.3193], [26.0033, 66.3204], [26.0106, 66.3215], [26.0178, 66.3226], [26.024, 66.3236], [26.0307, 66.3246], [26.0373, 66.3256], [26.0451, 66.3268], [26.0524, 66.3279], [26.0597, 66.329], [26.0669, 66.3301], [26.0743, 66.3313], [26.0815, 66.3324], [26.0892, 66.3336], [26.0966, 66.3347], [26.1037, 66.3358], [26.1105, 66.3368], [26.1183, 66.3381], [26.1256, 66.3392], [26.1323, 66.3402], [26.1401, 66.3414], [26.1473, 66.3425], [26.1534, 66.3434], [26.1613, 66.3447], [26.1685, 66.3458], [26.1763, 66.3469], [26.1832, 66.348], [26.1905, 66.349], [26.1974, 66.35], [26.2044, 66.3502], [26.2128, 66.3505], [26.2204, 66.3507], [26.2278, 66.3509], [26.2352, 66.3511], [26.2415, 66.3513], [26.249, 66.3516], [26.2566, 66.3517], [26.2646, 66.352], [26.2719, 66.3522], [26.2794, 66.3524], [26.2871, 66.3526], [26.2949, 66.3528], [26.3025, 66.353], [26.3103, 66.3532], [26.3171, 66.3534], [26.3252, 66.3536], [26.3321, 66.3538], [26.3376, 66.3539], [26.3399, 66.354], [26.3477, 66.3542], [26.3555, 66.3544], [26.3635, 66.3546], [26.3706, 66.3548], [26.3791, 66.355], [26.3867, 66.3553], [26.3944, 66.3555], [26.4025, 66.3556], [26.41, 66.3558], [26.4171, 66.356], [26.4241, 66.3562], [26.432, 66.3564], [26.4386, 66.3566], [26.4458, 66.3568], [26.4534, 66.357], [26.4618, 66.3572], [26.4696, 66.3574], [26.4778, 66.3576], [26.4861, 66.3578], [26.4942, 66.358], [26.502, 66.3582], [26.51, 66.3584], [26.5175, 66.3586], [26.526, 66.3589], [26.5329, 66.359], [26.5399, 66.3592], [26.5468, 66.3593], [26.5542, 66.3595], [26.5611, 66.3596], [26.5684, 66.3599], [26.576, 66.3601], [26.5834, 66.3603], [26.5914, 66.3605], [26.5983, 66.3606], [26.6056, 66.3608], [26.611, 66.361], [26.6165, 66.3611], [26.6222, 66.3612], [26.6277, 66.3613], [26.6347, 66.3615], [26.6414, 66.3616], [26.6493, 66.3618], [26.6569, 66.3619], [26.6649, 66.3621], [26.6684, 66.3617], [26.6751, 66.3609], [26.6819, 66.3601], [26.6887, 66.3594], [26.6956, 66.3586], [26.7031, 66.3578], [26.7117, 66.3568], [26.7172, 66.3562], [26.7227, 66.3556], [26.7281, 66.3549], [26.7334, 66.3543], [26.7388, 66.3537], [26.7443, 66.3531], [26.7497, 66.3525], [26.755, 66.3519], [26.7611, 66.3513], [26.7669, 66.3506], [26.7737, 66.3499], [26.7811, 66.3491], [26.7883, 66.3483], [26.7957, 66.3475], [26.8028, 66.3467], [26.8112, 66.3458], [26.818, 66.345], [26.8232, 66.3444], [26.8307, 66.3435], [26.8366, 66.3429], [26.8441, 66.3428], [26.8509, 66.3426], [26.8555, 66.3425], [26.8609, 66.3424], [26.872, 66.3422], [26.877, 66.3421], [26.8814, 66.342], [26.8902, 66.3419], [26.8958, 66.3418], [26.9036, 66.3417], [26.9113, 66.3416], [26.9159, 66.3415], [26.9204, 66.3415], [26.9259, 66.3414], [26.9315, 66.3413], [26.9371, 66.3413], [26.9439, 66.3412], [26.9505, 66.341], [26.9574, 66.341], [26.963, 66.3409], [26.9685, 66.3408], [26.9745, 66.3408], [26.9786, 66.3408], [26.9862, 66.3408], [26.994, 66.3408], [27.0022, 66.3409], [27.0093, 66.3409], [27.0174, 66.3409], [27.025, 66.3409], [27.0333, 66.3409], [27.0409, 66.341], [27.0489, 66.341], [27.0572, 66.341], [27.0652, 66.341], [27.0729, 66.341], [27.0806, 66.341], [27.0885, 66.3409], [27.0952, 66.3407], [27.1018, 66.3405], [27.1092, 66.3403], [27.1166, 66.3401], [27.1217, 66.34], [27.1297, 66.3397], [27.1375, 66.3395], [27.1398, 66.3396]]}}, {"type": "Feature", "properties": {"osm_type": "line", "voltage_kv": 400.0, "name": "Pirttikoski \u2013", "name_src": "endpoints", "avail": 0}, "geometry": {"type": "LineString", "coordinates": [[27.1398, 66.3398], [27.1421, 66.3401]]}}, {"type": "Feature", "properties": {"osm_type": "line", "voltage_kv": 220.0, "name": "Pirttikoski \u2013", "name_src": "endpoints", "avail": 0}, "geometry": {"type": "LineString", "coordinates": [[27.1421, 66.3401], [27.1438, 66.3402], [27.1455, 66.3404]]}}, {"type": "Feature", "properties": {"osm_type": "line", "voltage_kv": 400.0, "name": "Pirttikoski \u2013", "name_src": "endpoints", "avail": 0}, "geometry": {"type": "LineString", "coordinates": [[27.1399, 66.3394], [27.143, 66.3395], [27.1457, 66.3398]]}}, {"type": "Feature", "properties": {"osm_type": "line", "voltage_kv": 220.0, "name": "Pirttikoski \u2013", "name_src": "endpoints", "avail": 0}, "geometry": {"type": "LineString", "coordinates": [[27.1455, 66.3409], [27.1412, 66.3409], [27.1381, 66.3403], [27.1382, 66.3397], [27.1382, 66.3388], [27.1405, 66.3383], [27.1428, 66.3383], [27.1433, 66.3383], [27.1434, 66.3383]]}}, {"type": "Feature", "properties": {"osm_type": "line", "voltage_kv": 220.0, "name": "Pirttikoski - Vanttauskoski", "avail": 0}, "geometry": {"type": "LineString", "coordinates": [[27.1455, 66.3406], [27.1434, 66.3404], [27.1398, 66.3402], [27.1344, 66.3398], [27.1281, 66.34], [27.122, 66.3402], [27.1185, 66.3403], [27.1113, 66.3405], [27.1054, 66.3406], [27.0987, 66.3408], [27.0926, 66.341], [27.0862, 66.3411], [27.0797, 66.3412], [27.0735, 66.3413], [27.0669, 66.3413], [27.0603, 66.3412], [27.0541, 66.3412], [27.0479, 66.3412], [27.041, 66.3412], [27.0339, 66.3412], [27.027, 66.3412], [27.0212, 66.3412], [27.0152, 66.3411], [27.0089, 66.3411], [27.0028, 66.3411], [26.997, 66.3411], [26.991, 66.341], [26.9847, 66.341], [26.9788, 66.341], [26.9746, 66.341], [26.9686, 66.3411], [26.9627, 66.3411], [26.957, 66.3412], [26.9513, 66.3413], [26.9459, 66.3414], [26.9401, 66.3415], [26.9346, 66.3415], [26.9303, 66.3416], [26.9241, 66.3417], [26.9178, 66.3418], [26.9138, 66.3418], [26.9059, 66.3419], [26.8994, 66.342], [26.8937, 66.3421], [26.8897, 66.3421], [26.8823, 66.3422], [26.877, 66.3423], [26.8719, 66.3425], [26.8598, 66.3427], [26.8524, 66.3428], [26.8449, 66.343], [26.8368, 66.3431], [26.8312, 66.3438], [26.8232, 66.3447], [26.8165, 66.3454], [26.8122, 66.3459], [26.8083, 66.3464], [26.8015, 66.3471], [26.7947, 66.3478], [26.7886, 66.3485], [26.7824, 66.3492], [26.777, 66.3498], [26.7715, 66.3504], [26.7661, 66.351], [26.7602, 66.3516], [26.7544, 66.3523], [26.7489, 66.3529], [26.7437, 66.3534], [26.7382, 66.3541], [26.7325, 66.3547], [26.7249, 66.3556], [26.7206, 66.3561], [26.7145, 66.3567], [26.7092, 66.3573], [26.705, 66.3578], [26.7019, 66.3591], [26.7, 66.3605], [26.6973, 66.3623], [26.6949, 66.3639], [26.6923, 66.3659]]}}, {"type": "Feature", "properties": {"osm_type": "line", "voltage_kv": 220.0, "name": "Kellarij\u00e4nk\u00e4 - Kokkosniva", "avail": 0}, "geometry": {"type": "LineString", "coordinates": [[27.2885, 66.7491], [27.2886, 66.7491], [27.2896, 66.7506], [27.2908, 66.7524], [27.2921, 66.7544], [27.2937, 66.7566], [27.295, 66.7584], [27.2967, 66.7608], [27.2982, 66.7629], [27.2995, 66.765], [27.3005, 66.7673], [27.3009, 66.7694], [27.301, 66.7714], [27.3007, 66.7732], [27.3001, 66.7754], [27.2993, 66.7776], [27.2976, 66.7817], [27.2975, 66.7832], [27.2973, 66.7851], [27.2972, 66.7871], [27.2972, 66.7893], [27.2975, 66.7908], [27.2985, 66.7927], [27.3, 66.7944], [27.3022, 66.796], [27.3048, 66.7974], [27.3074, 66.7984], [27.3115, 66.7996], [27.3157, 66.8008], [27.3205, 66.8023], [27.3254, 66.8037], [27.3299, 66.8051], [27.334, 66.8064], [27.3382, 66.808], [27.341, 66.8091], [27.3413, 66.8092], [27.3451, 66.8111], [27.348, 66.8129], [27.351, 66.815], [27.3537, 66.817], [27.3563, 66.8189], [27.3586, 66.8214], [27.3609, 66.8238], [27.3626, 66.8256], [27.364, 66.8279], [27.3656, 66.8305], [27.3669, 66.8326], [27.3673, 66.8345], [27.3678, 66.8366], [27.3682, 66.8385], [27.3693, 66.8403], [27.3708, 66.8419], [27.3728, 66.844], [27.3749, 66.8463], [27.3768, 66.8484], [27.3791, 66.8508], [27.3813, 66.8531], [27.3832, 66.8552], [27.3854, 66.8576], [27.3873, 66.8596], [27.3887, 66.8616], [27.3894, 66.8634], [27.3897, 66.8653], [27.3898, 66.8675], [27.3899, 66.8695], [27.3899, 66.8717], [27.3901, 66.8736], [27.3901, 66.8758], [27.3907, 66.878], [27.3911, 66.8804], [27.392, 66.8826], [27.3932, 66.8844], [27.3944, 66.8863], [27.3962, 66.8881], [27.4003, 66.8917], [27.4019, 66.8938], [27.4036, 66.8961], [27.4047, 66.8981], [27.4051, 66.9], [27.405, 66.9021], [27.4052, 66.9045], [27.4054, 66.9065], [27.4065, 66.9079], [27.4082, 66.9096], [27.4099, 66.9114], [27.4123, 66.9139], [27.4145, 66.9161], [27.4165, 66.9183], [27.4182, 66.9202], [27.4201, 66.9224], [27.422, 66.9244], [27.4237, 66.9263], [27.4248, 66.9283], [27.4253, 66.9305], [27.4258, 66.9331], [27.4264, 66.9356], [27.4268, 66.9378], [27.4273, 66.94], [27.4282, 66.9423], [27.4294, 66.9443], [27.4313, 66.9464], [27.4343, 66.9483], [27.4379, 66.9502], [27.4414, 66.952], [27.4444, 66.9539], [27.4474, 66.9559], [27.4504, 66.9581], [27.4533, 66.96], [27.4547, 66.9614], [27.4563, 66.963], [27.4585, 66.9652], [27.4607, 66.9675], [27.4631, 66.9697], [27.4653, 66.9719], [27.4675, 66.974], [27.4696, 66.9761], [27.472, 66.9785], [27.4739, 66.9803], [27.476, 66.9823], [27.4782, 66.9845], [27.48, 66.9863], [27.482, 66.9883], [27.4838, 66.9903], [27.4856, 66.9923], [27.4876, 66.9943], [27.4894, 66.9963], [27.4911, 66.9982], [27.4929, 67.0002], [27.4947, 67.0022], [27.4966, 67.0043], [27.4985, 67.0062], [27.4999, 67.0083], [27.5002, 67.0102], [27.4999, 67.012], [27.4996, 67.0141], [27.4993, 67.016], [27.499, 67.0179], [27.4987, 67.0199], [27.4984, 67.0218], [27.498, 67.0233], [27.4975, 67.0251], [27.497, 67.0268], [27.4959, 67.0287], [27.4946, 67.0307], [27.4934, 67.0325], [27.4924, 67.0342], [27.4913, 67.0358], [27.4895, 67.0374], [27.4877, 67.0391], [27.4858, 67.0409], [27.4834, 67.0431], [27.4816, 67.0447], [27.4799, 67.0466], [27.4782, 67.0487], [27.477, 67.0506], [27.4763, 67.0524], [27.4757, 67.0542], [27.475, 67.056], [27.4743, 67.058], [27.4739, 67.06], [27.474, 67.0621], [27.4741, 67.0641], [27.4742, 67.066], [27.4739, 67.068], [27.4736, 67.0704], [27.4733, 67.0729], [27.4731, 67.0749], [27.4728, 67.077], [27.4725, 67.0795], [27.4723, 67.0812], [27.4722, 67.0831], [27.4728, 67.0854], [27.4733, 67.0877], [27.4737, 67.0901], [27.4742, 67.0924], [27.4749, 67.0946], [27.4754, 67.0969], [27.4759, 67.0991], [27.476, 67.1014], [27.4761, 67.1036], [27.4762, 67.106], [27.4765, 67.1081], [27.4762, 67.1104], [27.4762, 67.1128], [27.4761, 67.1151], [27.4756, 67.1176], [27.4747, 67.1201], [27.4738, 67.1224], [27.4729, 67.1248], [27.472, 67.127], [27.4712, 67.1293], [27.4703, 67.1315], [27.4694, 67.1338], [27.4685, 67.1359], [27.4677, 67.1379], [27.467, 67.14], [27.4661, 67.1424], [27.4653, 67.1449], [27.4646, 67.1472], [27.4638, 67.1494], [27.4631, 67.1516], [27.4622, 67.1538], [27.4608, 67.1559], [27.4589, 67.1582], [27.4569, 67.1605], [27.4549, 67.1629], [27.4527, 67.1652], [27.4503, 67.1676], [27.448, 67.1698], [27.4462, 67.1714], [27.4439, 67.173], [27.4406, 67.175], [27.4371, 67.1772], [27.4335, 67.1794], [27.4301, 67.1815], [27.4272, 67.1832], [27.4243, 67.1848], [27.4207, 67.1863], [27.4179, 67.1882], [27.4151, 67.19], [27.4123, 67.1918], [27.4092, 67.1939], [27.406, 67.1959], [27.4028, 67.198], [27.3995, 67.2001], [27.3963, 67.2022], [27.3933, 67.2042], [27.3898, 67.2061], [27.3865, 67.2076], [27.3829, 67.2093], [27.3792, 67.2106], [27.3756, 67.212], [27.3711, 67.2134], [27.3663, 67.2148], [27.3613, 67.2163], [27.3566, 67.2178], [27.3514, 67.2194], [27.3462, 67.221], [27.3414, 67.2224], [27.3371, 67.2237], [27.3332, 67.2248], [27.3292, 67.2256], [27.3238, 67.226], [27.3208, 67.2263], [27.3199, 67.2257]]}}, {"type": "Feature", "properties": {"osm_type": "line", "voltage_kv": 220.0, "name": "Ossauskoski \u2013", "name_src": "endpoints", "avail": 0}, "geometry": {"type": "LineString", "coordinates": [[25.1207, 66.1541], [25.1252, 66.1556]]}}, {"type": "Feature", "properties": {"osm_type": "line", "voltage_kv": 220.0, "name": "Ossauskoski \u2013", "name_src": "endpoints", "avail": 0}, "geometry": {"type": "LineString", "coordinates": [[25.1261, 66.1556], [25.1217, 66.1541]]}}, {"type": "Feature", "properties": {"osm_type": "line", "voltage_kv": 400.0, "name": "Keminmaa \u2013", "name_src": "endpoints", "avail": 0}, "geometry": {"type": "LineString", "coordinates": [[24.5256, 65.8879], [24.5256, 65.8883], [24.5258, 65.8887]]}}, {"type": "Feature", "properties": {"osm_type": "line", "voltage_kv": 400.0, "name": "Keminmaa \u2013", "name_src": "endpoints", "avail": 0}, "geometry": {"type": "LineString", "coordinates": [[24.5249, 65.888], [24.5251, 65.8883], [24.5254, 65.8888]]}}, {"type": "Feature", "properties": {"osm_type": "line", "voltage_kv": 400.0, "name": "Pirttikoski - Pikkarala", "avail": 0}, "geometry": {"type": "LineString", "coordinates": [[27.1399, 66.3392], [27.1377, 66.3392], [27.1351, 66.3364], [27.1325, 66.3337], [27.1288, 66.33], [27.1259, 66.3272], [27.123, 66.3245], [27.1198, 66.3214], [27.1158, 66.3175], [27.1128, 66.3148], [27.1096, 66.3113], [27.1084, 66.3101], [27.1062, 66.3081], [27.1045, 66.3063], [27.1024, 66.3045], [27.1001, 66.3027], [27.0975, 66.3006], [27.0944, 66.2983], [27.0913, 66.296], [27.0882, 66.2935], [27.086, 66.2914], [27.0832, 66.2888], [27.0816, 66.2866], [27.0797, 66.2841], [27.0779, 66.2815], [27.076, 66.2789], [27.0741, 66.2764], [27.0724, 66.2741], [27.0705, 66.2716], [27.0685, 66.269], [27.0666, 66.2664], [27.065, 66.2644], [27.0634, 66.2622], [27.0613, 66.2595], [27.0589, 66.2562], [27.0566, 66.253], [27.0533, 66.2487], [27.0501, 66.2444], [27.0479, 66.2415], [27.0451, 66.2377], [27.0423, 66.2337], [27.039, 66.2295], [27.0363, 66.2258], [27.0329, 66.2223], [27.0291, 66.2187], [27.0256, 66.2152], [27.0185, 66.2084], [27.0148, 66.2048], [27.0111, 66.2013], [27.007, 66.1974], [27.0033, 66.1937], [26.9995, 66.1901], [26.9956, 66.1866], [26.9921, 66.1838], [26.9892, 66.1815], [26.986, 66.1791], [26.9833, 66.177], [26.9809, 66.1749], [26.978, 66.1725], [26.9741, 66.1692], [26.9701, 66.1657], [26.9658, 66.1621], [26.9618, 66.1586], [26.9584, 66.1556], [26.9545, 66.1524], [26.9506, 66.1491], [26.9465, 66.1456], [26.9424, 66.1421], [26.9387, 66.1386], [26.9353, 66.1353], [26.9313, 66.1316], [26.9276, 66.1281], [26.925, 66.1257], [26.9214, 66.1223], [26.9182, 66.1193], [26.9144, 66.1157], [26.9105, 66.112], [26.9066, 66.1083], [26.9025, 66.1045], [26.8991, 66.1013], [26.8951, 66.0976], [26.8912, 66.0939], [26.8875, 66.0904], [26.8837, 66.0869], [26.8796, 66.0831], [26.8761, 66.08], [26.8721, 66.0766], [26.8681, 66.0731], [26.8639, 66.0695], [26.8597, 66.066], [26.8555, 66.0624], [26.8513, 66.0588], [26.8473, 66.0552], [26.843, 66.0516], [26.8388, 66.048], [26.8348, 66.0445], [26.8305, 66.0409], [26.8263, 66.0373], [26.8222, 66.0338], [26.818, 66.0302], [26.814, 66.0268], [26.8097, 66.0232], [26.8051, 66.0194], [26.8005, 66.0159], [26.7965, 66.0126], [26.7926, 66.0096], [26.7881, 66.0061], [26.7835, 66.0025], [26.7793, 65.9994], [26.7746, 65.9959], [26.7697, 65.9924], [26.7649, 65.9889], [26.7608, 65.986], [26.7559, 65.9825], [26.7511, 65.9791], [26.7462, 65.9756], [26.7414, 65.9721], [26.7365, 65.9686], [26.7316, 65.9652], [26.7269, 65.9618], [26.7227, 65.9589], [26.7182, 65.9556], [26.7127, 65.9518], [26.7092, 65.9493], [26.7038, 65.9455], [26.6992, 65.9422], [26.6944, 65.9388], [26.6894, 65.9354], [26.6846, 65.932], [26.6801, 65.9288], [26.6754, 65.9256], [26.6706, 65.9222], [26.6662, 65.9189], [26.6622, 65.9158], [26.6576, 65.9122], [26.654, 65.9095], [26.6499, 65.9064], [26.6453, 65.9028], [26.6411, 65.8993], [26.6372, 65.8959], [26.6333, 65.8926], [26.6293, 65.8891], [26.6253, 65.8856], [26.6214, 65.8821], [26.6174, 65.8785], [26.6143, 65.8755], [26.6104, 65.8718], [26.6068, 65.8682], [26.6036, 65.8651], [26.5996, 65.8613], [26.5959, 65.8577], [26.5921, 65.8541], [26.5892, 65.8512], [26.5859, 65.848], [26.5826, 65.8448], [26.5796, 65.8418], [26.5765, 65.8389], [26.573, 65.8356], [26.5695, 65.832], [26.5664, 65.8288], [26.563, 65.8251], [26.5597, 65.8212], [26.5587, 65.8199]]}}, {"type": "Feature", "properties": {"osm_type": "line", "voltage_kv": 220.0, "name": "Vanttauskoski \u2013", "name_src": "endpoints", "avail": 0}, "geometry": {"type": "LineString", "coordinates": [[26.6855, 66.3707], [26.6869, 66.3702]]}}, {"type": "Feature", "properties": {"osm_type": "line", "voltage_kv": 220.0, "name": "Kokkosniva \u2013 Vajukoski", "name_src": "endpoints", "avail": 0}, "geometry": {"type": "LineString", "coordinates": [[27.3197, 67.2257], [27.3203, 67.2264], [27.3216, 67.2282], [27.3233, 67.2305], [27.325, 67.2328], [27.3261, 67.2343], [27.3278, 67.2365], [27.3294, 67.2386], [27.331, 67.2406], [27.3325, 67.2426], [27.3341, 67.2447], [27.3356, 67.2467], [27.3371, 67.2486], [27.3386, 67.2505], [27.3399, 67.2522], [27.3412, 67.254], [27.3421, 67.2562], [27.3427, 67.2584], [27.3427, 67.2606], [27.3425, 67.2626], [27.3422, 67.2649], [27.342, 67.2671], [27.3417, 67.2693], [27.3415, 67.2716], [27.3412, 67.2738], [27.341, 67.276], [27.3407, 67.2782], [27.3405, 67.2804], [27.3402, 67.2826], [27.3399, 67.2847], [27.3397, 67.2871], [27.3394, 67.2894], [27.3395, 67.2916], [27.34, 67.2934], [27.3404, 67.2952], [27.341, 67.297], [27.3416, 67.299], [27.3421, 67.3009], [27.3426, 67.3028], [27.3431, 67.3049], [27.3436, 67.3067], [27.3443, 67.3089], [27.3443, 67.311], [27.3438, 67.3132], [27.3433, 67.3155], [27.3428, 67.3178], [27.3422, 67.32], [27.3408, 67.3222], [27.3394, 67.3243], [27.3378, 67.3268], [27.3367, 67.3285], [27.3352, 67.3306], [27.3337, 67.3328], [27.3325, 67.3347], [27.3313, 67.3365], [27.3299, 67.3387], [27.3287, 67.3406], [27.3274, 67.3426], [27.326, 67.3446], [27.3246, 67.3464], [27.3226, 67.3485], [27.3209, 67.3503], [27.3193, 67.352], [27.3175, 67.3538], [27.3156, 67.3557], [27.3139, 67.3575], [27.3119, 67.3596], [27.3101, 67.3616], [27.3089, 67.3635], [27.3081, 67.3652], [27.3069, 67.3673], [27.3059, 67.3691], [27.305, 67.3714], [27.3043, 67.3732], [27.3036, 67.3751], [27.3034, 67.377], [27.3032, 67.379], [27.303, 67.381], [27.3029, 67.3829], [27.3034, 67.3849], [27.3044, 67.3871], [27.3051, 67.3885], [27.3054, 67.3902], [27.3054, 67.3917], [27.305, 67.3935], [27.3039, 67.3954], [27.3025, 67.3973], [27.3003, 67.3991], [27.2982, 67.4008], [27.2962, 67.4024], [27.2937, 67.4045], [27.2915, 67.4062], [27.2892, 67.4081], [27.2874, 67.4096], [27.2848, 67.4116], [27.2826, 67.4133], [27.2805, 67.415], [27.2784, 67.4168], [27.2761, 67.4186], [27.2738, 67.4204], [27.2716, 67.4222], [27.2693, 67.424], [27.267, 67.4259], [27.2644, 67.4276], [27.2619, 67.4293], [27.2594, 67.431], [27.2567, 67.4324], [27.2536, 67.4337], [27.2504, 67.4349], [27.2465, 67.4363], [27.2431, 67.4375], [27.2397, 67.4386], [27.2355, 67.4397], [27.2308, 67.4409], [27.2266, 67.442], [27.222, 67.4432], [27.2185, 67.4444], [27.2159, 67.4456], [27.2139, 67.4474], [27.2127, 67.4495], [27.2116, 67.4513], [27.2104, 67.4535], [27.2092, 67.4555], [27.208, 67.4576], [27.2068, 67.4598], [27.2057, 67.4617], [27.2047, 67.4633], [27.204, 67.465], [27.2034, 67.4672], [27.2028, 67.4693], [27.2022, 67.4714], [27.2016, 67.4735], [27.201, 67.4755], [27.2004, 67.4777], [27.1998, 67.4798], [27.1992, 67.4819], [27.1986, 67.484], [27.198, 67.486], [27.1974, 67.488], [27.1968, 67.49], [27.1962, 67.4922], [27.1956, 67.4943], [27.195, 67.4965], [27.1943, 67.4985], [27.1938, 67.5005], [27.1931, 67.5028], [27.1926, 67.5048], [27.192, 67.5069], [27.1914, 67.5089], [27.1908, 67.511], [27.1901, 67.5129], [27.1892, 67.5151], [27.1884, 67.5172], [27.1876, 67.5192], [27.1868, 67.5213], [27.1858, 67.5232], [27.1843, 67.5249], [27.1818, 67.5268], [27.1794, 67.5286], [27.1767, 67.5305], [27.1743, 67.5323], [27.1718, 67.5342], [27.1692, 67.5361], [27.1667, 67.5378], [27.1644, 67.5396], [27.1614, 67.5416], [27.1588, 67.5434], [27.1559, 67.5453], [27.1534, 67.547], [27.1507, 67.5488], [27.1481, 67.5507], [27.1453, 67.5525], [27.1426, 67.5543], [27.1399, 67.5561], [27.1372, 67.558], [27.1346, 67.5597], [27.132, 67.5616], [27.13, 67.5635], [27.1277, 67.5655], [27.1257, 67.5674], [27.1236, 67.5694], [27.1216, 67.5712], [27.1195, 67.5731], [27.1181, 67.5748], [27.1173, 67.5768], [27.117, 67.5789], [27.1172, 67.5811], [27.1173, 67.5833], [27.1181, 67.5854], [27.1189, 67.5877], [27.1196, 67.5896], [27.1196, 67.5914], [27.1189, 67.5931], [27.1175, 67.595], [27.1157, 67.5969], [27.1134, 67.5985], [27.1101, 67.6001], [27.1066, 67.6019], [27.1032, 67.6037], [27.1, 67.6053], [27.0967, 67.607], [27.0934, 67.6087], [27.0901, 67.6103], [27.0867, 67.612], [27.0834, 67.6137], [27.0801, 67.6154], [27.0769, 67.6169], [27.0733, 67.6187], [27.07, 67.6204], [27.0667, 67.622], [27.0633, 67.6238], [27.06, 67.6255], [27.0569, 67.627], [27.0537, 67.6284], [27.0501, 67.63], [27.0466, 67.6315], [27.0428, 67.6331], [27.0393, 67.6346], [27.0356, 67.6361], [27.0319, 67.6377], [27.028, 67.6393], [27.0245, 67.6409], [27.0212, 67.6424], [27.0176, 67.6441], [27.0144, 67.6456], [27.011, 67.6472], [27.0076, 67.6489], [27.0043, 67.6504], [27.0012, 67.6519], [26.9974, 67.6533], [26.9933, 67.6546], [26.9888, 67.656], [26.9847, 67.6573], [26.9805, 67.6587], [26.9763, 67.66], [26.9723, 67.6613], [26.9681, 67.6625], [26.9634, 67.6636], [26.9582, 67.6647], [26.9535, 67.6657], [26.9492, 67.6666], [26.9445, 67.6676], [26.9396, 67.6686], [26.9347, 67.6697], [26.9301, 67.6706], [26.9254, 67.6716], [26.9206, 67.6726], [26.9157, 67.6737], [26.911, 67.6747], [26.9058, 67.6755], [26.9004, 67.6763], [26.8956, 67.6769], [26.8905, 67.6777], [26.8854, 67.6784], [26.8809, 67.6794], [26.8766, 67.6806], [26.8718, 67.6818], [26.8671, 67.683], [26.8623, 67.6842], [26.8575, 67.6853], [26.8526, 67.6865], [26.848, 67.6877], [26.8434, 67.6888], [26.8388, 67.69], [26.8342, 67.6912], [26.8298, 67.6924], [26.8252, 67.6934], [26.8224, 67.694], [26.8199, 67.6945], [26.8142, 67.6949], [26.8099, 67.6952]]}}, {"type": "Feature", "properties": {"osm_type": "line", "voltage_kv": 220.0, "name": "Kokkosniva \u2013", "name_src": "endpoints", "avail": 0}, "geometry": {"type": "LineString", "coordinates": [[27.3199, 67.225], [27.3202, 67.2256]]}}, {"type": "Feature", "properties": {"osm_type": "line", "voltage_kv": 220.0, "name": "Isoniemi \u2013 Vajukoski", "name_src": "endpoints", "avail": 0}, "geometry": {"type": "LineString", "coordinates": [[24.9173, 67.5277], [24.9191, 67.5271], [24.9264, 67.5269], [24.9335, 67.5266], [24.9392, 67.5264], [24.945, 67.5279], [24.9505, 67.5293], [24.9542, 67.5305], [24.9604, 67.5321], [24.9662, 67.5336], [24.9707, 67.5349], [24.9751, 67.5363], [24.9797, 67.5377], [24.9848, 67.539], [24.9903, 67.5403], [24.9955, 67.5416], [25.0027, 67.5426], [25.0098, 67.5436], [25.0168, 67.5446], [25.024, 67.5456], [25.031, 67.5466], [25.0381, 67.5476], [25.0452, 67.5486], [25.0523, 67.5497], [25.0594, 67.5507], [25.0665, 67.5517], [25.0738, 67.5527], [25.0808, 67.5537], [25.0879, 67.5548], [25.0949, 67.5559], [25.1015, 67.5572], [25.1081, 67.5586], [25.1151, 67.56], [25.1219, 67.5613], [25.1284, 67.5628], [25.1333, 67.5647], [25.1376, 67.5669], [25.1415, 67.5692], [25.1454, 67.5715], [25.1493, 67.5738], [25.1532, 67.5761], [25.1572, 67.5784], [25.1611, 67.5807], [25.1649, 67.583], [25.1689, 67.5854], [25.1726, 67.5877], [25.1766, 67.59], [25.1804, 67.5923], [25.1843, 67.5946], [25.1882, 67.5969], [25.1924, 67.5992], [25.1963, 67.6014], [25.2007, 67.6035], [25.2058, 67.605], [25.2118, 67.6062], [25.2172, 67.6072], [25.2236, 67.6076], [25.2299, 67.608], [25.2368, 67.6084], [25.243, 67.6088], [25.2499, 67.6092], [25.2568, 67.6096], [25.2636, 67.6101], [25.2698, 67.6104], [25.2757, 67.6108], [25.2819, 67.6112], [25.2883, 67.6116], [25.2949, 67.612], [25.3015, 67.6124], [25.3059, 67.6139], [25.3108, 67.6153], [25.3158, 67.6166], [25.3209, 67.6179], [25.3259, 67.6192], [25.3309, 67.6204], [25.3362, 67.6214], [25.3422, 67.6222], [25.3491, 67.6226], [25.3562, 67.6227], [25.3627, 67.6225], [25.3691, 67.6223], [25.3755, 67.6221], [25.3817, 67.6216], [25.3881, 67.6208], [25.3944, 67.62], [25.4004, 67.6192], [25.4061, 67.6184], [25.4118, 67.6177], [25.4173, 67.6169], [25.4234, 67.6158], [25.4295, 67.6147], [25.4357, 67.6135], [25.442, 67.6124], [25.4488, 67.6119], [25.4557, 67.6113], [25.4625, 67.6108], [25.4694, 67.6103], [25.476, 67.6103], [25.4821, 67.6103], [25.4882, 67.6103], [25.4938, 67.6103], [25.5, 67.6103], [25.5069, 67.6103], [25.5136, 67.6103], [25.5209, 67.6106], [25.5284, 67.6107], [25.5359, 67.611], [25.5434, 67.6112], [25.5509, 67.6114], [25.5584, 67.6116], [25.566, 67.6119], [25.5735, 67.6121], [25.5809, 67.6123], [25.5884, 67.6125], [25.596, 67.6128], [25.6034, 67.613], [25.6109, 67.6132], [25.6182, 67.6138], [25.6248, 67.6142], [25.6313, 67.6147], [25.638, 67.6152], [25.6454, 67.6157], [25.653, 67.6163], [25.6602, 67.6166], [25.6672, 67.6168], [25.6744, 67.6171], [25.6814, 67.6174], [25.6887, 67.6177], [25.6959, 67.618], [25.7032, 67.6183], [25.7104, 67.6185], [25.7174, 67.6188], [25.7246, 67.6191], [25.7305, 67.6193], [25.731, 67.6193], [25.7314, 67.6193], [25.7381, 67.6196], [25.7451, 67.6199], [25.7521, 67.6202], [25.759, 67.6204], [25.7659, 67.6207], [25.7728, 67.6209], [25.7799, 67.6212], [25.7867, 67.6215], [25.7932, 67.6217], [25.8, 67.622], [25.8066, 67.6222], [25.8129, 67.6225], [25.8194, 67.6227], [25.8259, 67.623], [25.8325, 67.6232], [25.8392, 67.6234], [25.8458, 67.6237], [25.8523, 67.6243], [25.8586, 67.6253], [25.8648, 67.6263], [25.8709, 67.6272], [25.8771, 67.6282], [25.8833, 67.6292], [25.8895, 67.6302], [25.8961, 67.6312], [25.9023, 67.6322], [25.9086, 67.6332], [25.9148, 67.6341], [25.9212, 67.6351], [25.9276, 67.636], [25.934, 67.637], [25.9405, 67.6379], [25.9468, 67.6389], [25.9532, 67.6398], [25.9596, 67.6408], [25.9661, 67.6417], [25.9724, 67.6427], [25.9785, 67.6436], [25.9835, 67.6443], [25.991, 67.6454], [25.9977, 67.6464], [26.0046, 67.6474], [26.011, 67.6483], [26.0174, 67.6492], [26.0238, 67.6501], [26.0303, 67.651], [26.0367, 67.6519], [26.0429, 67.6528], [26.0492, 67.6537], [26.0555, 67.6546], [26.0618, 67.6554], [26.068, 67.6564], [26.0741, 67.6573], [26.0803, 67.6583], [26.0865, 67.6592], [26.0926, 67.6602], [26.099, 67.6612], [26.1052, 67.6622], [26.1113, 67.6632], [26.1165, 67.6639], [26.1236, 67.6651], [26.1294, 67.6659], [26.1355, 67.6667], [26.1412, 67.6673], [26.1473, 67.6679], [26.1531, 67.6685], [26.1591, 67.6689], [26.1651, 67.6692], [26.1712, 67.6691], [26.1774, 67.6691], [26.1839, 67.6691], [26.1908, 67.6688], [26.1976, 67.6682], [26.2019, 67.6673], [26.2066, 67.6664], [26.2117, 67.6657], [26.2176, 67.665], [26.2241, 67.6643], [26.2307, 67.6636], [26.2376, 67.6629], [26.2431, 67.6624], [26.2478, 67.6623], [26.254, 67.6623], [26.2599, 67.6624], [26.2663, 67.6625], [26.2724, 67.6626], [26.2786, 67.6626], [26.2847, 67.6627], [26.2907, 67.6628], [26.2969, 67.6627], [26.3035, 67.6626], [26.31, 67.6625], [26.3166, 67.6624], [26.323, 67.6623], [26.3295, 67.6622], [26.3363, 67.6622], [26.3429, 67.6622], [26.3498, 67.6622], [26.3564, 67.6622], [26.3631, 67.6622], [26.3698, 67.6623], [26.3763, 67.6623], [26.383, 67.6624], [26.3898, 67.6624], [26.3963, 67.6625], [26.403, 67.6626], [26.4096, 67.6626], [26.4164, 67.6626], [26.4231, 67.6627], [26.4298, 67.6627], [26.4366, 67.6628], [26.4433, 67.6628], [26.45, 67.6629], [26.4568, 67.6629], [26.4636, 67.663], [26.4705, 67.663], [26.4774, 67.6631], [26.4845, 67.6631], [26.4914, 67.6632], [26.4985, 67.6632], [26.5054, 67.6633], [26.5124, 67.6633], [26.5194, 67.6633], [26.5265, 67.6634], [26.5329, 67.6637], [26.5396, 67.664], [26.5462, 67.6643], [26.5527, 67.6646], [26.5592, 67.6648], [26.5661, 67.6649], [26.5726, 67.665], [26.5795, 67.6651], [26.5864, 67.6651], [26.5934, 67.6652], [26.6003, 67.6653], [26.6071, 67.6654], [26.6143, 67.6653], [26.6215, 67.6653], [26.6284, 67.6652], [26.6353, 67.6652], [26.6421, 67.6653], [26.649, 67.6653], [26.6559, 67.6653], [26.6612, 67.6655], [26.6666, 67.6659], [26.6718, 67.6662], [26.678, 67.6666], [26.6831, 67.6669], [26.6883, 67.6672], [26.6948, 67.6672], [26.7013, 67.6672], [26.7079, 67.6673], [26.7124, 67.6673], [26.7169, 67.6694], [26.7205, 67.6708], [26.7246, 67.6722], [26.7301, 67.6739], [26.7356, 67.6756], [26.7411, 67.6774], [26.7467, 67.6791], [26.7522, 67.6809], [26.7578, 67.6826], [26.7633, 67.6844], [26.769, 67.6862], [26.7736, 67.688], [26.7769, 67.6901], [26.7807, 67.6921], [26.7845, 67.6942], [26.7875, 67.6955], [26.793, 67.6956]]}}, {"type": "Feature", "properties": {"osm_type": "line", "voltage_kv": 220.0, "name": "Isoniemi \u2013", "name_src": "endpoints", "avail": 0}, "geometry": {"type": "LineString", "coordinates": [[24.9175, 67.5279], [24.9188, 67.5279]]}}, {"type": "Feature", "properties": {"osm_type": "line", "voltage_kv": 220.0, "name": "Valajaskoski - Isoniemi", "avail": 0}, "geometry": {"type": "LineString", "coordinates": [[25.202, 66.9924], [25.1993, 66.9945], [25.1956, 66.9967], [25.1917, 66.9991], [25.1877, 67.0016], [25.1843, 67.0038], [25.1809, 67.0059], [25.1774, 67.0079], [25.1739, 67.01], [25.1689, 67.0123], [25.1637, 67.0146], [25.1585, 67.0171], [25.1534, 67.0195], [25.1498, 67.0212], [25.1457, 67.0231], [25.1415, 67.0256], [25.138, 67.0278], [25.1346, 67.0309], [25.1311, 67.0338], [25.1279, 67.0366], [25.1249, 67.0392], [25.1234, 67.0412], [25.122, 67.0432], [25.1207, 67.0452], [25.1199, 67.048], [25.1189, 67.0514], [25.118, 67.0548], [25.117, 67.058], [25.116, 67.0614], [25.1151, 67.0646], [25.1141, 67.0679], [25.1131, 67.0712], [25.1122, 67.0744], [25.1112, 67.0776], [25.1103, 67.0808], [25.1093, 67.0841], [25.1084, 67.0873], [25.1074, 67.0904], [25.1066, 67.0923], [25.1051, 67.0945], [25.1037, 67.0966], [25.1021, 67.0986], [25.0996, 67.1015], [25.0971, 67.1043], [25.0946, 67.1072], [25.0921, 67.1101], [25.0898, 67.1127], [25.0873, 67.1155], [25.0843, 67.1185], [25.0813, 67.1215], [25.0782, 67.1246], [25.0756, 67.1273], [25.0726, 67.1302], [25.0697, 67.1332], [25.0666, 67.1362], [25.0637, 67.1392], [25.0606, 67.1422], [25.0576, 67.1452], [25.0546, 67.1482], [25.0516, 67.1512], [25.0486, 67.1542], [25.0456, 67.1572], [25.0426, 67.1601], [25.0396, 67.163], [25.0369, 67.1658], [25.0343, 67.1684], [25.0317, 67.1709], [25.0291, 67.1735], [25.0264, 67.1762], [25.0237, 67.1787], [25.0212, 67.1813], [25.0198, 67.1832], [25.018, 67.1858], [25.0163, 67.1884], [25.0146, 67.1911], [25.0129, 67.1936], [25.0113, 67.1961], [25.0097, 67.1986], [25.0081, 67.2011], [25.0065, 67.2035], [25.0052, 67.2057], [25.0034, 67.2085], [25.0017, 67.2112], [24.9999, 67.2141], [24.9981, 67.217], [24.9963, 67.2198], [24.9945, 67.2228], [24.9926, 67.2258], [24.9907, 67.2289], [24.9888, 67.232], [24.9868, 67.2352], [24.9851, 67.238], [24.9832, 67.2409], [24.9815, 67.2438], [24.9798, 67.2466], [24.9795, 67.2485], [24.9792, 67.2513], [24.9789, 67.2534], [24.9786, 67.2561], [24.9783, 67.259], [24.978, 67.2614], [24.9757, 67.2635], [24.9736, 67.2654], [24.9712, 67.2676], [24.9699, 67.2696], [24.9685, 67.2717], [24.9678, 67.2747], [24.9671, 67.2776], [24.9665, 67.2803], [24.9658, 67.2831], [24.9652, 67.2859], [24.9645, 67.2888], [24.9639, 67.2916], [24.9633, 67.2943], [24.9626, 67.2971], [24.962, 67.2999], [24.961, 67.3027], [24.9599, 67.3055], [24.9589, 67.3084], [24.958, 67.3111], [24.9569, 67.3138], [24.9559, 67.3166], [24.9551, 67.3189], [24.9542, 67.3211], [24.9535, 67.323], [24.9526, 67.3256], [24.9525, 67.3283], [24.9525, 67.3311], [24.9524, 67.3339], [24.9523, 67.3368], [24.9522, 67.3395], [24.9521, 67.3422], [24.952, 67.3448], [24.9519, 67.3476], [24.9518, 67.3502], [24.9509, 67.3529], [24.95, 67.3556], [24.9492, 67.3584], [24.9484, 67.3611], [24.9474, 67.3639], [24.9465, 67.3668], [24.9456, 67.3698], [24.9447, 67.3725], [24.9437, 67.3756], [24.9428, 67.3782], [24.9419, 67.3811], [24.9411, 67.384], [24.9401, 67.3868], [24.9392, 67.3896], [24.9383, 67.3925], [24.9374, 67.3953], [24.9364, 67.3984], [24.9355, 67.401], [24.9362, 67.404], [24.9369, 67.4069], [24.9376, 67.4096], [24.9382, 67.4122], [24.9391, 67.4146], [24.9401, 67.4172], [24.9411, 67.4199], [24.9419, 67.4223], [24.9439, 67.4245], [24.946, 67.4268], [24.9476, 67.4286], [24.9482, 67.4314], [24.9486, 67.434], [24.949, 67.4364], [24.9495, 67.439], [24.95, 67.4415], [24.9505, 67.4443], [24.951, 67.4472], [24.9516, 67.45], [24.9519, 67.4525], [24.952, 67.4553], [24.9521, 67.4581], [24.9522, 67.461], [24.9524, 67.4633], [24.9525, 67.4658], [24.9526, 67.4682], [24.9527, 67.471], [24.9528, 67.4734], [24.9528, 67.4752], [24.9522, 67.4783], [24.9516, 67.4812], [24.9509, 67.4841], [24.9503, 67.4871], [24.9496, 67.4901], [24.9489, 67.4931], [24.9483, 67.4961], [24.9476, 67.499], [24.9469, 67.5018], [24.9463, 67.5046], [24.9456, 67.5074], [24.9401, 67.5095], [24.9346, 67.5116], [24.9291, 67.5136], [24.9236, 67.5157], [24.9196, 67.5172], [24.9197, 67.5201], [24.9198, 67.523], [24.9197, 67.5248], [24.9188, 67.5269], [24.9172, 67.5276]]}}, {"type": "Feature", "properties": {"osm_type": "line", "voltage_kv": 220.0, "name": "Vajukoski \u2013", "name_src": "endpoints", "avail": 0}, "geometry": {"type": "LineString", "coordinates": [[26.793, 67.6956], [26.7974, 67.6956]]}}, {"type": "Feature", "properties": {"osm_type": "line", "voltage_kv": 220.0, "name": "Vajukoski \u2013", "name_src": "endpoints", "avail": 0}, "geometry": {"type": "LineString", "coordinates": [[26.7974, 67.6956], [26.8038, 67.6951], [26.8069, 67.6945], [26.8097, 67.6947]]}}, {"type": "Feature", "properties": {"osm_type": "line", "voltage_kv": 220.0, "avail": 0}, "geometry": {"type": "LineString", "coordinates": [[25.2052, 66.9903], [25.202, 66.9924]]}}, {"type": "Feature", "properties": {"osm_type": "line", "voltage_kv": 220.0, "name": "Valajaskoski - Isoniemi", "avail": 0}, "geometry": {"type": "LineString", "coordinates": [[25.5457, 66.4244], [25.5462, 66.425], [25.5484, 66.427], [25.5506, 66.4298], [25.5528, 66.4325], [25.5548, 66.435], [25.5571, 66.4378], [25.5586, 66.4408], [25.5602, 66.444], [25.5616, 66.4468], [25.5629, 66.4494], [25.5628, 66.4514], [25.5641, 66.4541], [25.5658, 66.4573], [25.5674, 66.4605], [25.5691, 66.4636], [25.5698, 66.4651], [25.5712, 66.467], [25.572, 66.4692], [25.5716, 66.4725], [25.5713, 66.4756], [25.5709, 66.479], [25.5706, 66.482], [25.5702, 66.4854], [25.5699, 66.488], [25.5696, 66.4913], [25.5692, 66.4945], [25.5689, 66.4977], [25.5685, 66.5009], [25.5682, 66.504], [25.5678, 66.5071], [25.5674, 66.5104], [25.567, 66.5134], [25.5654, 66.5154], [25.5637, 66.5173], [25.5601, 66.5198], [25.556, 66.5226], [25.5518, 66.5256], [25.5476, 66.5285], [25.5435, 66.5313], [25.5401, 66.5337], [25.5363, 66.5362], [25.5327, 66.5387], [25.529, 66.5413], [25.5259, 66.5438], [25.5229, 66.5465], [25.5201, 66.549], [25.5172, 66.5516], [25.5144, 66.554], [25.512, 66.5562], [25.5098, 66.5582], [25.5074, 66.5602], [25.5053, 66.5622], [25.5032, 66.564], [25.5012, 66.5658], [25.4992, 66.5676], [25.4971, 66.5695], [25.4951, 66.5712], [25.4932, 66.5729], [25.4911, 66.5748], [25.4885, 66.5771], [25.4856, 66.5796], [25.4827, 66.5822], [25.4797, 66.5847], [25.4766, 66.5873], [25.4734, 66.5899], [25.4702, 66.5924], [25.4667, 66.5951], [25.4637, 66.598], [25.461, 66.6007], [25.4585, 66.6029], [25.4561, 66.6052], [25.4536, 66.6077], [25.4511, 66.6101], [25.4483, 66.6128], [25.4455, 66.6155], [25.4431, 66.6185], [25.4407, 66.6215], [25.4383, 66.6246], [25.4358, 66.6277], [25.434, 66.63], [25.4321, 66.6324], [25.4296, 66.6355], [25.4271, 66.6387], [25.4246, 66.6418], [25.4223, 66.6447], [25.4201, 66.6475], [25.418, 66.6501], [25.4161, 66.6524], [25.4144, 66.6546], [25.4126, 66.6568], [25.4108, 66.6591], [25.4089, 66.6613], [25.4071, 66.6636], [25.4055, 66.6661], [25.404, 66.6686], [25.4027, 66.6711], [25.4013, 66.6736], [25.3999, 66.676], [25.3983, 66.6788], [25.3966, 66.6816], [25.3948, 66.6847], [25.393, 66.6878], [25.3932, 66.6901], [25.3937, 66.693], [25.3944, 66.6961], [25.395, 66.6993], [25.3956, 66.7023], [25.3963, 66.7055], [25.3969, 66.7085], [25.3975, 66.7116], [25.3981, 66.7146], [25.3987, 66.7177], [25.3993, 66.7207], [25.4, 66.7237], [25.4006, 66.7268], [25.4013, 66.7299], [25.4019, 66.7329], [25.4025, 66.736], [25.4032, 66.7391], [25.4038, 66.7421], [25.4045, 66.7455], [25.4051, 66.7484], [25.4058, 66.7517], [25.4065, 66.7549], [25.4059, 66.7582], [25.4054, 66.7611], [25.4048, 66.7644], [25.4042, 66.7677], [25.4037, 66.7705], [25.4031, 66.7737], [25.4025, 66.7771], [25.4019, 66.7802], [25.4014, 66.7832], [25.4007, 66.7856], [25.3997, 66.7888], [25.3989, 66.7915], [25.3981, 66.7941], [25.3973, 66.7967], [25.3966, 66.7993], [25.3958, 66.8018], [25.395, 66.8043], [25.3941, 66.8066], [25.393, 66.8091], [25.3921, 66.8114], [25.3909, 66.8141], [25.3896, 66.8171], [25.389, 66.8199], [25.3886, 66.8224], [25.388, 66.8254], [25.3875, 66.8285], [25.3869, 66.8318], [25.3863, 66.835], [25.3857, 66.8381], [25.3852, 66.8413], [25.3846, 66.8444], [25.3841, 66.8472], [25.3836, 66.8499], [25.383, 66.8532], [25.3824, 66.8561], [25.3815, 66.8595], [25.3806, 66.8626], [25.3797, 66.8655], [25.379, 66.8684], [25.3782, 66.8713], [25.3773, 66.8741], [25.3766, 66.877], [25.3758, 66.8797], [25.3751, 66.8823], [25.3742, 66.8852], [25.3734, 66.8881], [25.3711, 66.891], [25.3688, 66.8938], [25.3665, 66.8966], [25.364, 66.8996], [25.3616, 66.9027], [25.3593, 66.9055], [25.3588, 66.9077], [25.3583, 66.9102], [25.3559, 66.9127], [25.3519, 66.9151], [25.3478, 66.9176], [25.3433, 66.9204], [25.3389, 66.9231], [25.3343, 66.9259], [25.3298, 66.9286], [25.3253, 66.9314], [25.3207, 66.934], [25.3164, 66.9364], [25.3121, 66.9387], [25.3079, 66.9411], [25.3039, 66.9433], [25.3002, 66.9454], [25.2959, 66.9473], [25.2923, 66.9489], [25.2885, 66.9505], [25.2847, 66.9522], [25.2791, 66.9544], [25.2735, 66.9565], [25.2682, 66.9586], [25.2632, 66.9605], [25.2584, 66.9624], [25.2547, 66.9639], [25.2503, 66.9659], [25.2461, 66.9677], [25.2421, 66.9695], [25.2388, 66.9709], [25.2342, 66.973], [25.2296, 66.9751], [25.2267, 66.9766], [25.2233, 66.9787], [25.2196, 66.981], [25.2159, 66.9833], [25.2118, 66.9859], [25.2079, 66.9883], [25.2052, 66.9903]]}}, {"type": "Feature", "properties": {"osm_type": "line", "voltage_kv": 220.0, "avail": 0}, "geometry": {"type": "LineString", "coordinates": [[27.3248, 66.4047], [27.321, 66.403], [27.3141, 66.4022], [27.3073, 66.4014], [27.3008, 66.4006], [27.2958, 66.4], [27.291, 66.3991], [27.2848, 66.3979], [27.2811, 66.3955], [27.2768, 66.3927], [27.274, 66.3904]]}}, {"type": "Feature", "properties": {"osm_type": "line", "voltage_kv": 220.0, "name": "Ivalo - Varangerbotn", "avail": 0}, "geometry": {"type": "LineString", "coordinates": [[27.2273, 69.8435], [27.2322, 69.8438], [27.237, 69.8442], [27.242, 69.8444], [27.2466, 69.8446], [27.2522, 69.8449], [27.2573, 69.8452], [27.2623, 69.8455], [27.2667, 69.8457], [27.2718, 69.8459], [27.277, 69.8461], [27.2816, 69.8463], [27.2873, 69.8466], [27.293, 69.8468], [27.299, 69.847], [27.3042, 69.8472], [27.309, 69.8474], [27.3146, 69.8476], [27.3208, 69.848], [27.3248, 69.8484], [27.3293, 69.8487], [27.334, 69.8491], [27.339, 69.8495], [27.3438, 69.8502], [27.3484, 69.8509], [27.3541, 69.8517], [27.3594, 69.8525], [27.3642, 69.8531], [27.3691, 69.8538], [27.3747, 69.8545], [27.3806, 69.8552], [27.3849, 69.8557], [27.3908, 69.8563], [27.3952, 69.8568], [27.4006, 69.8574], [27.4062, 69.8581], [27.4113, 69.8587], [27.4166, 69.8593], [27.4228, 69.8602], [27.4286, 69.861], [27.4343, 69.8618], [27.4396, 69.8626], [27.4454, 69.8634], [27.4505, 69.8641], [27.4556, 69.8648], [27.4607, 69.8655], [27.4653, 69.866], [27.4698, 69.8665], [27.4752, 69.8671], [27.4805, 69.8677], [27.4855, 69.8684], [27.4903, 69.869], [27.4947, 69.8697], [27.4993, 69.8703], [27.5044, 69.8711], [27.5097, 69.8719], [27.5142, 69.8726], [27.5192, 69.8733], [27.5241, 69.874], [27.5278, 69.8746], [27.5314, 69.8751], [27.535, 69.8756], [27.5383, 69.876], [27.5415, 69.8765], [27.5451, 69.877], [27.5493, 69.8776], [27.5534, 69.8783], [27.559, 69.8791], [27.5641, 69.8798], [27.5689, 69.8805], [27.5733, 69.8811], [27.5782, 69.8819], [27.5835, 69.8827], [27.587, 69.8831], [27.5917, 69.8837], [27.5983, 69.8844], [27.6049, 69.8851], [27.6107, 69.8858], [27.6164, 69.8864], [27.6223, 69.887], [27.6278, 69.8877], [27.6323, 69.8882], [27.6373, 69.8887], [27.6422, 69.8892], [27.6474, 69.8901], [27.6526, 69.8909], [27.6558, 69.8914], [27.6568, 69.8915], [27.6611, 69.8922], [27.6658, 69.893], [27.6705, 69.8937], [27.6751, 69.8945], [27.6796, 69.8954], [27.6839, 69.8964], [27.6877, 69.8974], [27.6918, 69.8985], [27.6963, 69.8998], [27.7001, 69.9009], [27.7034, 69.9018], [27.7069, 69.9028], [27.7108, 69.9039], [27.7144, 69.9049], [27.7181, 69.9058], [27.7227, 69.9071], [27.7276, 69.9085], [27.7316, 69.9096], [27.7369, 69.9111], [27.7418, 69.9124], [27.7474, 69.914], [27.7526, 69.9154], [27.7571, 69.9169], [27.7617, 69.9185], [27.7662, 69.9199], [27.7704, 69.9213], [27.7742, 69.9225], [27.7779, 69.9237], [27.7817, 69.925], [27.786, 69.9265], [27.7896, 69.9277], [27.793, 69.9288], [27.7967, 69.9299], [27.8012, 69.9314], [27.8047, 69.9328], [27.8082, 69.9342], [27.8122, 69.9358], [27.8161, 69.9373], [27.8197, 69.9388], [27.8237, 69.9403], [27.8281, 69.9421], [27.8318, 69.9436], [27.8351, 69.9453], [27.8383, 69.947], [27.8421, 69.949], [27.8452, 69.9506], [27.8488, 69.9525], [27.8518, 69.954], [27.8555, 69.9559], [27.859, 69.9578], [27.8622, 69.9595], [27.8646, 69.9609], [27.8669, 69.9624], [27.8692, 69.9643], [27.8716, 69.9662], [27.873, 69.968], [27.8742, 69.9698], [27.8755, 69.9715], [27.8767, 69.9731], [27.8781, 69.975], [27.8794, 69.9769], [27.8817, 69.9788], [27.8835, 69.9804], [27.8859, 69.9825], [27.8879, 69.9843], [27.8905, 69.9863], [27.8925, 69.9881], [27.8952, 69.9902], [27.8978, 69.9921], [27.9005, 69.9942], [27.9032, 69.9963], [27.9056, 69.9981], [27.9077, 69.9997], [27.9099, 70.0014], [27.9126, 70.0036], [27.9154, 70.0058], [27.918, 70.008], [27.9205, 70.0101], [27.923, 70.0118], [27.925, 70.0134], [27.9276, 70.0152], [27.9302, 70.0171], [27.932, 70.019], [27.9328, 70.0204], [27.9328, 70.0222], [27.9326, 70.0239], [27.9318, 70.0256], [27.9305, 70.0276], [27.9292, 70.0293], [27.9278, 70.0313], [27.9264, 70.0334], [27.9225, 70.0389], [27.9213, 70.0415], [27.9199, 70.049], [27.9194, 70.0511], [27.9201, 70.0547], [27.9226, 70.0582], [27.9227, 70.0583], [27.9228, 70.0584], [27.925, 70.0597], [27.9306, 70.0622], [27.9349, 70.064], [27.9379, 70.0651], [27.9402, 70.066], [27.9425, 70.067], [27.9472, 70.0669], [27.953, 70.0668], [27.9585, 70.0666], [27.9619, 70.0665], [27.9657, 70.0665], [27.9698, 70.0664]]}}, {"type": "Feature", "properties": {"osm_type": "line", "voltage_kv": 220.0, "name": "Utsjoki \u2013", "name_src": "endpoints", "avail": 0}, "geometry": {"type": "LineString", "coordinates": [[27.2273, 69.8435], [27.2262, 69.8443], [27.2228, 69.8457], [27.2191, 69.8471], [27.215, 69.8484], [27.2108, 69.8495], [27.2062, 69.8506], [27.2016, 69.8514], [27.1962, 69.8523], [27.191, 69.8531], [27.1855, 69.854], [27.1796, 69.8549], [27.1746, 69.8557], [27.1699, 69.8566], [27.1653, 69.8576], [27.161, 69.8588], [27.1569, 69.86], [27.1537, 69.8612], [27.1508, 69.8625], [27.1479, 69.864], [27.1452, 69.8657], [27.1433, 69.8671], [27.1417, 69.8688], [27.1406, 69.8703], [27.1388, 69.872], [27.137, 69.8735], [27.1347, 69.8749], [27.1319, 69.8764], [27.1287, 69.8778], [27.125, 69.8794], [27.1223, 69.8807], [27.1199, 69.8821], [27.1175, 69.8837], [27.1148, 69.8854], [27.1124, 69.8871], [27.1102, 69.8889], [27.1077, 69.8911], [27.1055, 69.893], [27.1032, 69.895], [27.1007, 69.8971], [27.0988, 69.8988], [27.0966, 69.9007], [27.0948, 69.902], [27.0922, 69.9036], [27.0893, 69.9053], [27.0891, 69.9063]]}}, {"type": "Feature", "properties": {"osm_type": "line", "voltage_kv": 220.0, "name": "Varangerbotn - Ivalo", "avail": 0}, "geometry": {"type": "LineString", "coordinates": [[27.9698, 70.0664], [27.9785, 70.0663], [27.9846, 70.0656], [27.99, 70.0649], [27.997, 70.064], [27.9998, 70.0637], [28.0058, 70.0629], [28.0097, 70.0615], [28.0142, 70.0597], [28.0217, 70.0569], [28.0243, 70.0559], [28.0317, 70.056], [28.0374, 70.0561], [28.0462, 70.0563], [28.0497, 70.0563], [28.055, 70.0564], [28.0692, 70.0566], [28.0729, 70.0577], [28.0765, 70.0587], [28.0789, 70.0602], [28.0821, 70.0622], [28.0866, 70.0651], [28.0883, 70.0661], [28.0905, 70.0675], [28.0917, 70.0688], [28.0937, 70.0708], [28.0972, 70.0743], [28.1013, 70.0766], [28.1036, 70.0779], [28.1073, 70.08], [28.1102, 70.0817], [28.1133, 70.0833], [28.117, 70.0846], [28.1194, 70.0855], [28.1228, 70.0867], [28.1274, 70.0883], [28.1324, 70.09], [28.1375, 70.0918], [28.1411, 70.0931], [28.1449, 70.0945], [28.1491, 70.0962], [28.153, 70.098], [28.1565, 70.0995], [28.1588, 70.1005], [28.1612, 70.1015], [28.1661, 70.1049], [28.1694, 70.1071], [28.1717, 70.1088], [28.1741, 70.1104], [28.1767, 70.1125], [28.1795, 70.1147], [28.1813, 70.1161], [28.1834, 70.1178], [28.1853, 70.1193], [28.1871, 70.1208], [28.1895, 70.1227], [28.191, 70.1239], [28.1942, 70.1265], [28.1976, 70.1292], [28.1999, 70.131], [28.2025, 70.1331], [28.205, 70.135], [28.2065, 70.1362], [28.2095, 70.1386], [28.2127, 70.1399], [28.2155, 70.1409], [28.2193, 70.1423], [28.2224, 70.1435], [28.2257, 70.1448], [28.2316, 70.1471], [28.2358, 70.1487], [28.2412, 70.1507], [28.2454, 70.1522], [28.2501, 70.154], [28.2552, 70.1559], [28.2594, 70.1575], [28.2649, 70.1595], [28.2685, 70.1609], [28.2713, 70.1619], [28.2746, 70.1632], [28.2781, 70.1645], [28.2836, 70.1666], [28.2918, 70.1675], [28.2954, 70.168], [28.3015, 70.1687], [28.3069, 70.1693], [28.3119, 70.1699], [28.3157, 70.1704], [28.322, 70.1706], [28.3262, 70.1707], [28.3302, 70.1709], [28.335, 70.171], [28.3413, 70.1712], [28.3477, 70.1714], [28.3541, 70.1716], [28.359, 70.1718], [28.3639, 70.172], [28.3704, 70.1722], [28.3771, 70.1724], [28.3832, 70.1726], [28.3904, 70.1728], [28.3972, 70.173], [28.404, 70.1732], [28.4125, 70.1735], [28.4154, 70.1736], [28.4223, 70.1738], [28.4278, 70.1737], [28.4341, 70.1735], [28.4404, 70.1733], [28.447, 70.1731], [28.453, 70.1729], [28.4588, 70.1727], [28.4667, 70.1725], [28.4732, 70.1723], [28.48, 70.1721], [28.4853, 70.1719], [28.4886, 70.1718], [28.4934, 70.1716], [28.4975, 70.1715], [28.5016, 70.1714], [28.5055, 70.1712], [28.5093, 70.1711], [28.513, 70.1709], [28.5166, 70.1708], [28.5208, 70.1707], [28.5246, 70.1705], [28.5285, 70.1704], [28.5321, 70.1702], [28.5367, 70.1701], [28.5415, 70.1708], [28.5413, 70.1713]]}}, {"type": "Feature", "properties": {"osm_type": "line", "voltage_kv": 400.0, "name": "Ulvila \u2013", "name_src": "endpoints", "avail": 0}, "geometry": {"type": "LineString", "coordinates": [[21.9844, 61.4792], [21.9815, 61.4794], [21.9785, 61.4795]]}}, {"type": "Feature", "properties": {"osm_type": "line", "voltage_kv": 400.0, "name": "Ulvila \u2013", "name_src": "endpoints", "avail": 0}, "geometry": {"type": "LineString", "coordinates": [[21.9786, 61.4801], [21.9816, 61.4799], [21.9845, 61.4798]]}}, {"type": "Feature", "properties": {"osm_type": "line", "voltage_kv": 400.0, "avail": 0}, "geometry": {"type": "LineString", "coordinates": [[21.4192, 61.6328], [21.4127, 61.6333], [21.4099, 61.6325]]}}, {"type": "Feature", "properties": {"osm_type": "line", "voltage_kv": 400.0, "name": "Pet\u00e4j\u00e4skoski \u2013", "name_src": "endpoints", "avail": 0}, "geometry": {"type": "LineString", "coordinates": [[25.3468, 66.2692], [25.3436, 66.2695], [25.3411, 66.2696], [25.3361, 66.2692], [25.3352, 66.2692], [25.335, 66.2692]]}}, {"type": "Feature", "properties": {"osm_type": "line", "voltage_kv": 400.0, "name": "Espoo-Tammisto", "avail": 45, "avail_node": "Tapanila"}, "geometry": {"type": "LineString", "coordinates": [[24.9712, 60.2891], [24.9711, 60.2891], [24.9707, 60.2891]]}}, {"type": "Feature", "properties": {"osm_type": "line", "voltage_kv": 400.0, "name": "Tammiston \u2013", "name_src": "endpoints", "avail": 45, "avail_node": "Tapanila"}, "geometry": {"type": "LineString", "coordinates": [[24.9712, 60.2892], [24.971, 60.2892], [24.9707, 60.2892]]}}, {"type": "Feature", "properties": {"osm_type": "line", "voltage_kv": 400.0, "name": "Hirvisuo - Jylkk\u00e4", "avail": 12, "avail_node": "KIVIST\u00d6NKANGAS"}, "geometry": {"type": "LineString", "coordinates": [[24.0239, 64.2028], [24.0294, 64.2042], [24.0351, 64.2056], [24.0404, 64.2069], [24.0447, 64.2085]]}}, {"type": "Feature", "properties": {"osm_type": "line", "voltage_kv": 400.0, "name": "Yllikk\u00e4l\u00e4 \u2013", "name_src": "endpoints", "avail": 5, "avail_node": "RISTIINA"}, "geometry": {"type": "LineString", "coordinates": [[28.028, 61.0179], [28.0279, 61.0189], [28.0272, 61.0231], [28.0253, 61.0245], [28.0231, 61.0261], [28.0207, 61.0283], [28.0184, 61.0306], [28.017, 61.0323], [28.0144, 61.0356], [28.0117, 61.0392], [28.0086, 61.0432], [28.0067, 61.0463], [28.0045, 61.0499], [28.0024, 61.0533], [28.0001, 61.057], [27.9985, 61.0597], [27.9953, 61.0638], [27.9932, 61.0665], [27.989, 61.0702], [27.9843, 61.0743], [27.9806, 61.0776], [27.9766, 61.0811], [27.9725, 61.0846], [27.9685, 61.0881], [27.9646, 61.0915], [27.9616, 61.0935], [27.957, 61.0965], [27.9526, 61.0986], [27.9471, 61.1012], [27.9436, 61.1024], [27.9392, 61.1045], [27.9351, 61.1064], [27.9309, 61.1084], [27.9284, 61.1096], [27.9253, 61.1116], [27.923, 61.1139], [27.9214, 61.1161], [27.9206, 61.1177], [27.9195, 61.1192], [27.9163, 61.1215], [27.9116, 61.1236], [27.9068, 61.1251], [27.9015, 61.1264], [27.8949, 61.1274], [27.8894, 61.128], [27.8806, 61.129], [27.8717, 61.1301], [27.8654, 61.1311], [27.8572, 61.1326], [27.8498, 61.134], [27.8453, 61.1348], [27.8403, 61.1364], [27.8356, 61.1381], [27.8262, 61.1421], [27.8196, 61.1449], [27.8148, 61.1474], [27.8115, 61.1498], [27.8089, 61.1526], [27.8061, 61.1572], [27.8045, 61.1601], [27.8032, 61.1625], [27.8008, 61.167], [27.7988, 61.1706], [27.7972, 61.1732], [27.795, 61.1775], [27.7929, 61.1812], [27.7914, 61.1847], [27.7911, 61.1876], [27.7903, 61.1908], [27.7883, 61.1945], [27.7856, 61.1977], [27.7823, 61.2011], [27.7777, 61.2041], [27.7715, 61.2071], [27.7593, 61.213], [27.7527, 61.2162], [27.7481, 61.2183], [27.7428, 61.2206], [27.7382, 61.2228], [27.7347, 61.2245], [27.7286, 61.2276], [27.7216, 61.2313], [27.7168, 61.2334], [27.7121, 61.2354], [27.7065, 61.237], [27.7016, 61.239], [27.6981, 61.2408], [27.6954, 61.2432], [27.6912, 61.2471], [27.6895, 61.2504], [27.6876, 61.2541], [27.6854, 61.2571], [27.6816, 61.2611], [27.6784, 61.2644], [27.6754, 61.2668], [27.6711, 61.2691], [27.6656, 61.2715], [27.6607, 61.2744], [27.6591, 61.2772], [27.6569, 61.2818], [27.6551, 61.2851], [27.6525, 61.2882], [27.6509, 61.2917], [27.6503, 61.294], [27.6502, 61.2975], [27.6495, 61.2996], [27.648, 61.3024], [27.6448, 61.3059], [27.6422, 61.3083], [27.639, 61.3113], [27.6364, 61.3138], [27.6323, 61.3159], [27.6265, 61.3185], [27.6218, 61.3208], [27.6187, 61.3226], [27.6133, 61.3255], [27.6079, 61.3281], [27.6029, 61.3305], [27.5989, 61.3325], [27.5944, 61.3353], [27.59, 61.3384], [27.5873, 61.3407], [27.5843, 61.3445], [27.5809, 61.3477], [27.5779, 61.3505], [27.5757, 61.3525], [27.5732, 61.3548], [27.5695, 61.3579], [27.5654, 61.3609], [27.5609, 61.3637], [27.5556, 61.3664], [27.5524, 61.3685], [27.549, 61.3709], [27.5444, 61.3741], [27.5417, 61.3761], [27.5367, 61.3795], [27.5317, 61.383], [27.5268, 61.3857], [27.5225, 61.3875], [27.5145, 61.3908], [27.51, 61.3926], [27.5028, 61.3956], [27.4958, 61.3984], [27.4895, 61.401], [27.4848, 61.4029], [27.4774, 61.406], [27.4703, 61.4089], [27.4642, 61.4114], [27.4574, 61.4141], [27.4521, 61.4157], [27.446, 61.4175], [27.4398, 61.4193], [27.4347, 61.4208], [27.4298, 61.4225], [27.4243, 61.4244], [27.4189, 61.4263], [27.4132, 61.4283], [27.4065, 61.431], [27.3995, 61.4338], [27.3942, 61.4359], [27.3879, 61.4383], [27.3829, 61.4402], [27.3792, 61.4423], [27.3753, 61.4456], [27.373, 61.4482], [27.3719, 61.4503], [27.3713, 61.4522], [27.3706, 61.4543], [27.3695, 61.4596], [27.3693, 61.4618], [27.369, 61.465], [27.3672, 61.4696], [27.3661, 61.4726], [27.366, 61.4761], [27.3664, 61.4786], [27.3682, 61.482], [27.3713, 61.4855], [27.374, 61.4887], [27.3766, 61.4918], [27.38, 61.4957], [27.383, 61.4971], [27.3875, 61.4993], [27.393, 61.5016], [27.3983, 61.5044], [27.403, 61.5077], [27.408, 61.5121], [27.4108, 61.5149], [27.4124, 61.5166], [27.4125, 61.5202], [27.4119, 61.5235], [27.41, 61.5299], [27.4098, 61.5327], [27.4094, 61.5364], [27.4105, 61.5404], [27.4123, 61.5433], [27.4137, 61.5467], [27.4145, 61.55], [27.4155, 61.5532], [27.4168, 61.5573], [27.4178, 61.5603], [27.4178, 61.5635], [27.4177, 61.5664], [27.4181, 61.5699], [27.4186, 61.5738], [27.419, 61.578], [27.4195, 61.5822], [27.4195, 61.5844], [27.419, 61.5868], [27.4177, 61.5907], [27.4161, 61.5937], [27.4142, 61.5974], [27.4117, 61.6001], [27.408, 61.6031], [27.4034, 61.6058], [27.3974, 61.6092], [27.3945, 61.613], [27.3911, 61.6171], [27.3892, 61.6199]]}}, {"type": "Feature", "properties": {"osm_type": "line", "voltage_kv": 400.0, "name": "Visulahti \u2013", "name_src": "endpoints", "avail": 0}, "geometry": {"type": "LineString", "coordinates": [[27.3658, 61.7283], [27.3668, 61.7271], [27.3659, 61.7241], [27.3647, 61.7208], [27.3621, 61.7178], [27.3593, 61.7146]]}}, {"type": "Feature", "properties": {"osm_type": "line", "voltage_kv": 400.0, "name": "Forssa \u2013", "name_src": "endpoints", "avail": 11, "avail_node": "JOKIOINEN"}, "geometry": {"type": "LineString", "coordinates": [[23.5792, 60.8014], [23.5754, 60.8014], [23.5734, 60.8014], [23.5722, 60.8017]]}}, {"type": "Feature", "properties": {"osm_type": "line", "voltage_kv": 400.0, "name": "Forssa \u2013", "name_src": "endpoints", "avail": 11, "avail_node": "JOKIOINEN"}, "geometry": {"type": "LineString", "coordinates": [[23.5677, 60.8011], [23.5703, 60.8017], [23.5716, 60.8016]]}}, {"type": "Feature", "properties": {"osm_type": "line", "voltage_kv": 400.0, "name": "Hiki\u00e4 - Forssa", "avail": 0}, "geometry": {"type": "LineString", "coordinates": [[24.9133, 60.7495], [24.9095, 60.7494], [24.9064, 60.7494], [24.9008, 60.7494], [24.8959, 60.7493], [24.8908, 60.7493], [24.884, 60.7493], [24.8808, 60.7493], [24.8773, 60.7493], [24.871, 60.7493], [24.8659, 60.7493], [24.8597, 60.7493], [24.8556, 60.7493], [24.8525, 60.7514], [24.8495, 60.7538], [24.8465, 60.7561], [24.8446, 60.7578], [24.8439, 60.7585], [24.8411, 60.761], [24.8392, 60.7636], [24.8379, 60.7662], [24.837, 60.7683], [24.8339, 60.7689], [24.8297, 60.7694], [24.8244, 60.7705], [24.8198, 60.7712], [24.8136, 60.7709], [24.8079, 60.7706], [24.8016, 60.7706], [24.7964, 60.7708], [24.7904, 60.7714], [24.784, 60.7717], [24.7772, 60.7711], [24.7724, 60.7698], [24.7686, 60.7675], [24.7643, 60.7648], [24.76, 60.7629], [24.7553, 60.7613], [24.751, 60.7599], [24.7468, 60.7587], [24.7407, 60.7571], [24.7384, 60.7565], [24.7382, 60.7565]]}}, {"type": "Feature", "properties": {"osm_type": "line", "voltage_kv": 400.0, "name": "Forssa \u2013", "name_src": "endpoints", "avail": 11, "avail_node": "JOKIOINEN"}, "geometry": {"type": "LineString", "coordinates": [[24.2446, 60.7742], [24.243, 60.7743], [24.2386, 60.7749], [24.2314, 60.7758], [24.2259, 60.7765], [24.2194, 60.7773], [24.2132, 60.7781], [24.2073, 60.7789], [24.2015, 60.7796], [24.1959, 60.7806], [24.1901, 60.7816], [24.1843, 60.7826], [24.1793, 60.7834], [24.1737, 60.7836], [24.1686, 60.7836], [24.1633, 60.7837], [24.1583, 60.7838], [24.154, 60.7832], [24.1503, 60.7826], [24.1482, 60.7823], [24.1449, 60.7817], [24.1381, 60.7806], [24.1313, 60.7794], [24.126, 60.7785], [24.1201, 60.7774], [24.1135, 60.7763], [24.1072, 60.7751], [24.1012, 60.7741], [24.1009, 60.774], [24.0967, 60.7733], [24.0922, 60.7725], [24.0872, 60.7718], [24.0811, 60.771], [24.075, 60.7702], [24.0683, 60.7693], [24.0616, 60.7684], [24.0562, 60.7677], [24.0496, 60.7668], [24.0434, 60.7659], [24.0366, 60.765], [24.0307, 60.7642], [24.0247, 60.7634], [24.0187, 60.7625], [24.013, 60.7617], [24.0073, 60.761], [24.0015, 60.7606], [23.996, 60.7601], [23.9898, 60.7597], [23.9833, 60.7592], [23.9775, 60.7588], [23.9705, 60.7583], [23.9639, 60.7578], [23.9574, 60.7572], [23.953, 60.7568], [23.9474, 60.7563], [23.9427, 60.7559], [23.9388, 60.755], [23.9339, 60.754], [23.9299, 60.7531], [23.9245, 60.752], [23.9202, 60.7519], [23.9149, 60.7518], [23.9097, 60.7516], [23.9047, 60.7515], [23.8986, 60.7518], [23.8916, 60.7521], [23.8852, 60.7524], [23.8793, 60.7527], [23.8727, 60.753], [23.866, 60.7533], [23.8596, 60.7536], [23.8533, 60.7539], [23.8467, 60.7542], [23.84, 60.7546], [23.8341, 60.7548], [23.8277, 60.7551], [23.8215, 60.7554], [23.815, 60.7556], [23.8091, 60.7559], [23.8034, 60.7558], [23.7973, 60.7558], [23.7908, 60.7558], [23.7846, 60.7559], [23.7785, 60.756], [23.7728, 60.7563], [23.7677, 60.7566], [23.7624, 60.7569], [23.7572, 60.7574], [23.7528, 60.7579], [23.7465, 60.7586], [23.74, 60.7593], [23.735, 60.7601], [23.7285, 60.7612], [23.7227, 60.7621], [23.7183, 60.7628], [23.713, 60.7642], [23.7072, 60.7658], [23.7013, 60.7674], [23.6954, 60.7689], [23.6894, 60.7706], [23.6841, 60.772], [23.6791, 60.7733], [23.675, 60.7745], [23.6716, 60.7754], [23.668, 60.7763], [23.6628, 60.7777], [23.6568, 60.7793], [23.6523, 60.7805], [23.6485, 60.7816], [23.6431, 60.783], [23.6382, 60.7843], [23.6344, 60.7854], [23.6294, 60.7867], [23.6246, 60.788], [23.6241, 60.7881], [23.6188, 60.7896], [23.6141, 60.7911], [23.6093, 60.7927], [23.6048, 60.7942], [23.6008, 60.7955], [23.5962, 60.7968], [23.5915, 60.7981], [23.5878, 60.7991], [23.5836, 60.8003], [23.5792, 60.8014]]}}, {"type": "Feature", "properties": {"osm_type": "line", "voltage_kv": 400.0, "name": "Sein\u00e4joki - Ulvila", "avail": 1, "avail_node": "K\u00d6NNI"}, "geometry": {"type": "LineString", "coordinates": [[22.7147, 62.7862], [22.7139, 62.7868], [22.7127, 62.7876], [22.7094, 62.7867], [22.7055, 62.7857], [22.7011, 62.7847], [22.6957, 62.7836], [22.6911, 62.7822], [22.6859, 62.7804], [22.6809, 62.7783], [22.6749, 62.7757], [22.6691, 62.7733], [22.6634, 62.7709], [22.6573, 62.7683], [22.6515, 62.7659], [22.6474, 62.7634], [22.6436, 62.7606], [22.641, 62.7577], [22.6381, 62.7544], [22.6363, 62.7509], [22.6346, 62.7472], [22.633, 62.7434], [22.6314, 62.7397], [22.6305, 62.7374], [22.6288, 62.7334], [22.6272, 62.7296], [22.6258, 62.726], [22.6246, 62.7221], [22.6234, 62.7185], [22.6222, 62.7149], [22.6211, 62.7117], [22.6201, 62.7083], [22.6188, 62.7045], [22.6175, 62.7008], [22.6163, 62.6972], [22.6151, 62.6936], [22.614, 62.6901], [22.6128, 62.6865], [22.6117, 62.6831], [22.6104, 62.6793], [22.6091, 62.6753], [22.6077, 62.6711], [22.6061, 62.6676], [22.6036, 62.6641], [22.6013, 62.6607], [22.5987, 62.657], [22.5964, 62.6537], [22.5936, 62.6498], [22.5912, 62.6463], [22.5884, 62.6425], [22.5859, 62.6387], [22.5833, 62.635], [22.5806, 62.6312], [22.578, 62.6279], [22.5746, 62.6244], [22.5711, 62.6208], [22.5677, 62.6174], [22.5645, 62.6139], [22.5623, 62.6108], [22.5598, 62.6073], [22.5577, 62.6045], [22.5558, 62.6013], [22.5542, 62.5978], [22.5529, 62.5941], [22.5516, 62.5907], [22.5505, 62.5875], [22.5486, 62.5841], [22.5456, 62.5808], [22.543, 62.5783], [22.5395, 62.5753], [22.5366, 62.5727], [22.5328, 62.5691], [22.5301, 62.5667], [22.5274, 62.5636], [22.5249, 62.5606], [22.522, 62.5573], [22.5191, 62.5539], [22.5162, 62.5505], [22.5134, 62.5472], [22.5104, 62.5437], [22.5077, 62.5405], [22.5047, 62.537], [22.4987, 62.5299], [22.4957, 62.5264], [22.4928, 62.523], [22.4898, 62.5194], [22.4868, 62.5159], [22.4837, 62.5123], [22.4808, 62.5088], [22.4777, 62.5052], [22.4747, 62.5016], [22.4716, 62.498], [22.4687, 62.4945], [22.4657, 62.491], [22.4627, 62.4875], [22.4597, 62.484], [22.4567, 62.4804], [22.4537, 62.4767], [22.4511, 62.4733], [22.4482, 62.4697], [22.4453, 62.466], [22.4425, 62.4624], [22.4396, 62.4588], [22.4367, 62.4551], [22.4345, 62.4522], [22.4317, 62.4485], [22.4287, 62.4448], [22.4259, 62.4413], [22.4232, 62.4379], [22.4203, 62.4342], [22.4174, 62.4304], [22.4146, 62.427], [22.4125, 62.4243], [22.4098, 62.4207], [22.407, 62.4172], [22.4042, 62.4136], [22.4016, 62.4103], [22.3989, 62.407], [22.3962, 62.4039], [22.3935, 62.4009], [22.3905, 62.3973], [22.3878, 62.394], [22.3848, 62.3906], [22.3819, 62.3871], [22.3646, 62.3665], [22.3616, 62.363], [22.3586, 62.3595], [22.3556, 62.3559], [22.3525, 62.3523], [22.3493, 62.3486], [22.3463, 62.345], [22.3434, 62.3417], [22.3404, 62.3382], [22.3374, 62.3346], [22.3349, 62.3313], [22.3328, 62.3279], [22.3307, 62.3245], [22.3284, 62.3209], [22.3263, 62.3174], [22.3242, 62.314], [22.322, 62.3105], [22.3198, 62.3069], [22.3179, 62.3035], [22.3161, 62.3002], [22.3145, 62.2966], [22.313, 62.2931], [22.3114, 62.2896], [22.3098, 62.2861], [22.3081, 62.2824], [22.3065, 62.2789], [22.3051, 62.2756], [22.3034, 62.272], [22.3016, 62.2688], [22.2989, 62.2656], [22.2961, 62.2627], [22.2925, 62.2588], [22.2887, 62.2547], [22.2859, 62.2518], [22.2824, 62.248], [22.2794, 62.2447], [22.2763, 62.2414], [22.2735, 62.2383], [22.2709, 62.2351], [22.2687, 62.2316], [22.2668, 62.2278], [22.265, 62.2244], [22.2632, 62.2206], [22.2612, 62.2168], [22.2591, 62.2128], [22.2572, 62.2091], [22.2553, 62.2053], [22.2532, 62.2015], [22.2515, 62.1982], [22.2496, 62.1945], [22.2478, 62.1909], [22.246, 62.1875], [22.2441, 62.1839], [22.2422, 62.1801], [22.2402, 62.1762], [22.2381, 62.1722], [22.236, 62.1683], [22.234, 62.1642], [22.2321, 62.1605], [22.2302, 62.1568], [22.2284, 62.1533], [22.2268, 62.1503], [22.2246, 62.1468], [22.2226, 62.1437], [22.2218, 62.1424], [22.2202, 62.14], [22.218, 62.1365], [22.2158, 62.133], [22.2136, 62.1296], [22.2115, 62.1262], [22.2092, 62.1227], [22.207, 62.1192], [22.204, 62.1145], [22.2027, 62.1124], [22.2006, 62.109], [22.1983, 62.1055], [22.1962, 62.1021], [22.1937, 62.0982], [22.1912, 62.0943], [22.1888, 62.0906], [22.1864, 62.0867], [22.1832, 62.0831], [22.1798, 62.0792], [22.1766, 62.0755], [22.1732, 62.0716], [22.17, 62.0679], [22.1667, 62.0641], [22.1635, 62.0605], [22.1601, 62.0566], [22.1571, 62.0531], [22.154, 62.0496], [22.1507, 62.046], [22.1468, 62.0423], [22.143, 62.0387], [22.1392, 62.035], [22.1352, 62.0312], [22.1315, 62.0277], [22.1288, 62.0241], [22.1258, 62.0204], [22.1231, 62.0169], [22.1204, 62.0135], [22.1176, 62.0099], [22.1149, 62.0065], [22.1122, 62.0031], [22.1102, 61.9996], [22.108, 61.9959], [22.1059, 61.9922], [22.1037, 61.9884], [22.1016, 61.9847], [22.0994, 61.9809], [22.0972, 61.9771], [22.0931, 61.97], [22.0908, 61.9665], [22.088, 61.9633], [22.0847, 61.9597], [22.0815, 61.9561], [22.0785, 61.9527], [22.0758, 61.9495], [22.0739, 61.946], [22.0719, 61.9424], [22.0708, 61.939], [22.0698, 61.9352], [22.0687, 61.9315], [22.0676, 61.9277], [22.0667, 61.9244], [22.0648, 61.9211], [22.0629, 61.9179], [22.061, 61.9146], [22.0588, 61.9108], [22.0566, 61.907], [22.0546, 61.9035], [22.0526, 61.9], [22.0504, 61.8966], [22.0474, 61.8935], [22.0439, 61.8907], [22.0396, 61.8872], [22.0363, 61.8843], [22.0339, 61.881], [22.0316, 61.8778], [22.0289, 61.8741], [22.0263, 61.8705], [22.0236, 61.8668], [22.021, 61.8632], [22.0183, 61.8592], [22.0159, 61.856], [22.0136, 61.8528], [22.0109, 61.849], [22.0085, 61.8457], [22.0058, 61.8418], [22.0034, 61.8386], [22.0008, 61.8348], [21.9979, 61.8308], [21.9959, 61.8281], [21.9945, 61.8246], [21.9933, 61.8212], [21.992, 61.8178], [21.9907, 61.8143], [21.9895, 61.8112], [21.9882, 61.8076], [21.9868, 61.8039], [21.9857, 61.8008], [21.9842, 61.7967], [21.983, 61.7933], [21.9819, 61.7899], [21.9806, 61.7861], [21.9797, 61.7835], [21.9784, 61.7793], [21.9774, 61.7763], [21.976, 61.7722], [21.9748, 61.7688], [21.9742, 61.7655], [21.974, 61.7628], [21.9737, 61.759], [21.9733, 61.7555], [21.973, 61.7523], [21.9727, 61.7483], [21.9722, 61.7444], [21.9717, 61.7415], [21.971, 61.7375], [21.9704, 61.7337], [21.9698, 61.7301], [21.9694, 61.7264], [21.9698, 61.7224], [21.9702, 61.7185], [21.9705, 61.7148], [21.9699, 61.7107], [21.9704, 61.7088]]}}, {"type": "Feature", "properties": {"osm_type": "line", "voltage_kv": 400.0, "avail": 0}, "geometry": {"type": "LineString", "coordinates": [[22.0187, 61.4895], [22.0128, 61.4883]]}}, {"type": "Feature", "properties": {"osm_type": "line", "voltage_kv": 400.0, "name": "Hirvisuo - Jylkk\u00e4", "avail": 0}, "geometry": {"type": "LineString", "coordinates": [[23.6059, 64.022], [23.6104, 64.0239], [23.6149, 64.026], [23.6195, 64.0282], [23.6246, 64.0304], [23.6287, 64.0319], [23.6337, 64.0338], [23.6384, 64.0356], [23.6431, 64.0373], [23.6478, 64.0396], [23.6524, 64.0418]]}}, {"type": "Feature", "properties": {"osm_type": "line", "voltage_kv": 400.0, "name": "Hirvisuo - Jylkk\u00e4 400", "avail": 0}, "geometry": {"type": "LineString", "coordinates": [[23.5105, 63.974], [23.5125, 63.9754], [23.5177, 63.9778], [23.5232, 63.9802], [23.5291, 63.9829], [23.5344, 63.9853], [23.5398, 63.9877], [23.5453, 63.9901], [23.5509, 63.9926], [23.5562, 63.995], [23.5614, 63.9975], [23.5662, 63.9998], [23.5717, 64.0027], [23.5764, 64.0053], [23.5812, 64.008], [23.5875, 64.0104], [23.5923, 64.0128], [23.5971, 64.0152], [23.6012, 64.018], [23.6036, 64.02], [23.6059, 64.022]]}}, {"type": "Feature", "properties": {"osm_type": "line", "voltage_kv": 400.0, "name": "Hirvisuo - Jylkk\u00e4", "avail": 0}, "geometry": {"type": "LineString", "coordinates": [[23.6602, 64.0453], [23.6649, 64.0475], [23.6702, 64.0499], [23.6754, 64.0524], [23.6808, 64.0548], [23.685, 64.0567]]}}, {"type": "Feature", "properties": {"osm_type": "line", "voltage_kv": 400.0, "name": "Hirvisuo - Jylkk\u00e4 400", "avail": 0}, "geometry": {"type": "LineString", "coordinates": [[23.6524, 64.0418], [23.6564, 64.0436], [23.6602, 64.0453]]}}, {"type": "Feature", "properties": {"osm_type": "line", "voltage_kv": 220.0, "name": "Valajaskoski \u2013", "name_src": "endpoints", "avail": 0}, "geometry": {"type": "LineString", "coordinates": [[25.5387, 66.4255], [25.5414, 66.4246], [25.5438, 66.424], [25.5449, 66.4244]]}}, {"type": "Feature", "properties": {"osm_type": "line", "voltage_kv": 220.0, "name": "Valajaskoski \u2013", "name_src": "endpoints", "avail": 0}, "geometry": {"type": "LineString", "coordinates": [[25.5399, 66.4254], [25.5438, 66.4241], [25.5446, 66.4245]]}}, {"type": "Feature", "properties": {"osm_type": "line", "voltage_kv": 400.0, "name": "Hiki\u00e4 - Forssa 400", "avail": 0}, "geometry": {"type": "LineString", "coordinates": [[24.9191, 60.7474], [24.9182, 60.7483], [24.9163, 60.7488], [24.9133, 60.7495]]}}, {"type": "Feature", "properties": {"osm_type": "line", "voltage_kv": 400.0, "name": "Hirvisuo - Jylkk\u00e4", "avail": 0}, "geometry": {"type": "LineString", "coordinates": [[23.0852, 63.8029], [23.0839, 63.802], [23.0818, 63.8004], [23.0807, 63.8]]}}, {"type": "Feature", "properties": {"osm_type": "line", "voltage_kv": 400.0, "name": "Espoo-Tammisto", "avail": 0}, "geometry": {"type": "LineString", "coordinates": [[24.6454, 60.2216], [24.6421, 60.22], [24.6378, 60.2182]]}}, {"type": "Feature", "properties": {"osm_type": "line", "voltage_kv": 400.0, "name": "Espoo-Tammisto", "avail": 0}, "geometry": {"type": "LineString", "coordinates": [[24.6454, 60.2216], [24.6421, 60.2199], [24.6378, 60.2182]]}}, {"type": "Feature", "properties": {"osm_type": "line", "voltage_kv": 400.0, "name": "Espoo-Tammisto", "avail": 0}, "geometry": {"type": "LineString", "coordinates": [[24.6454, 60.2216], [24.6422, 60.2198], [24.6378, 60.2182]]}}, {"type": "Feature", "properties": {"osm_type": "line", "voltage_kv": 400.0, "name": "Espoo-Tammisto", "avail": 0}, "geometry": {"type": "LineString", "coordinates": [[24.6378, 60.2182], [24.6339, 60.2166], [24.6309, 60.2157], [24.6233, 60.2144], [24.6181, 60.2129], [24.6128, 60.2111], [24.6081, 60.2096], [24.6034, 60.2087], [24.603, 60.2086], [24.5985, 60.2077], [24.5942, 60.2069], [24.5908, 60.2064], [24.5871, 60.206], [24.5798, 60.2054], [24.5739, 60.2051], [24.5675, 60.2048], [24.5631, 60.2047], [24.556, 60.2046], [24.551, 60.2045], [24.5489, 60.2045]]}}, {"type": "Feature", "properties": {"osm_type": "line", "voltage_kv": 400.0, "name": "Espoo-Tammisto", "avail": 0}, "geometry": {"type": "LineString", "coordinates": [[24.6941, 60.2388], [24.6923, 60.2375], [24.6887, 60.2362]]}}, {"type": "Feature", "properties": {"osm_type": "line", "voltage_kv": 400.0, "name": "Espoo-Tammisto", "avail": 0}, "geometry": {"type": "LineString", "coordinates": [[24.6941, 60.2388], [24.6926, 60.2373], [24.6917, 60.237], [24.6887, 60.2362]]}}, {"type": "Feature", "properties": {"osm_type": "line", "voltage_kv": 400.0, "name": "Espoo-Tammisto", "avail": 0}, "geometry": {"type": "LineString", "coordinates": [[24.6887, 60.2362], [24.6849, 60.235], [24.6817, 60.2339], [24.6773, 60.2323], [24.6733, 60.2309], [24.67, 60.2298], [24.667, 60.2289], [24.6638, 60.228], [24.6586, 60.2263], [24.6548, 60.2251], [24.6499, 60.2232], [24.6454, 60.2216]]}}, {"type": "Feature", "properties": {"osm_type": "line", "voltage_kv": 400.0, "name": "Espoo-Tammisto", "avail": 0}, "geometry": {"type": "LineString", "coordinates": [[24.6941, 60.2388], [24.6925, 60.2374], [24.6887, 60.2362]]}}, {"type": "Feature", "properties": {"osm_type": "line", "voltage_kv": 220.0, "avail": 0}, "geometry": {"type": "LineString", "coordinates": [[25.7322, 67.6219], [25.7332, 67.6226], [25.7355, 67.6241], [25.7376, 67.6255], [25.7395, 67.627], [25.7406, 67.6286], [25.7411, 67.6303], [25.7414, 67.632], [25.7418, 67.6336], [25.7422, 67.6352], [25.7424, 67.636]]}}, {"type": "Feature", "properties": {"osm_type": "line", "voltage_kv": 400.0, "name": "Keminmaa \u2013", "name_src": "endpoints", "avail": 0}, "geometry": {"type": "LineString", "coordinates": [[24.5245, 65.8885], [24.5272, 65.8883]]}}, {"type": "Feature", "properties": {"osm_type": "line", "voltage_kv": 400.0, "name": "Keminmaa \u2013", "name_src": "endpoints", "avail": 0}, "geometry": {"type": "LineString", "coordinates": [[24.5248, 65.8892], [24.5275, 65.889]]}}, {"type": "Feature", "properties": {"osm_type": "line", "voltage_kv": 400.0, "name": "L\u00e4nsisalmen \u2013", "name_src": "endpoints", "avail": 45, "avail_node": "Tapanila"}, "geometry": {"type": "LineString", "coordinates": [[25.1182, 60.2619], [25.1193, 60.2608]]}}, {"type": "Feature", "properties": {"osm_type": "line", "voltage_kv": 400.0, "name": "Keminmaa - Pikkarala", "avail": 0}, "geometry": {"type": "LineString", "coordinates": [[25.6952, 65.2662], [25.6954, 65.2653], [25.6971, 65.2621], [25.6967, 65.259], [25.6962, 65.2559], [25.6958, 65.2526], [25.6953, 65.2495], [25.6948, 65.2463], [25.6944, 65.2432], [25.694, 65.2404], [25.6936, 65.2373], [25.6934, 65.2341], [25.6934, 65.2312], [25.6938, 65.2282], [25.6943, 65.225], [25.6951, 65.2219], [25.6959, 65.2189], [25.6967, 65.216], [25.6976, 65.2129], [25.6984, 65.2097], [25.6993, 65.2065], [25.7, 65.2036], [25.7009, 65.2008], [25.7018, 65.198], [25.7026, 65.1949], [25.7037, 65.192], [25.7045, 65.1886], [25.7054, 65.1855], [25.7064, 65.1823], [25.7072, 65.1792], [25.7081, 65.1766], [25.7088, 65.174], [25.7098, 65.1707], [25.7108, 65.1675], [25.7117, 65.1644], [25.7128, 65.1611], [25.7138, 65.1579], [25.7147, 65.1548], [25.7157, 65.1517], [25.7166, 65.1486], [25.7176, 65.1454], [25.7185, 65.1424], [25.7195, 65.1392], [25.7204, 65.1363], [25.7214, 65.1331], [25.7222, 65.1305], [25.723, 65.1279], [25.724, 65.1247], [25.7249, 65.1218], [25.726, 65.1185], [25.7269, 65.1158], [25.7279, 65.1127], [25.7287, 65.1099], [25.7295, 65.1067], [25.7303, 65.1034], [25.731, 65.1003], [25.7317, 65.0973], [25.7323, 65.0941], [25.7326, 65.091], [25.7327, 65.0879], [25.7328, 65.0846], [25.733, 65.0814], [25.7331, 65.0783], [25.7332, 65.0753], [25.7334, 65.0721], [25.7335, 65.0689], [25.7337, 65.0656], [25.7339, 65.0623], [25.734, 65.0591], [25.7341, 65.0559], [25.7343, 65.0529], [25.7345, 65.0496], [25.7346, 65.0467], [25.7347, 65.0437], [25.7349, 65.0406], [25.735, 65.0375], [25.7351, 65.035], [25.7353, 65.032], [25.7355, 65.0289], [25.7356, 65.0258], [25.7358, 65.0226], [25.736, 65.0195], [25.7363, 65.0164], [25.7366, 65.0132], [25.7371, 65.0101], [25.7376, 65.007], [25.7381, 65.0039], [25.7386, 65.0005], [25.7391, 64.9975], [25.7395, 64.9947], [25.7401, 64.9913], [25.7405, 64.9887], [25.7409, 64.9862], [25.7414, 64.9829], [25.7419, 64.9799], [25.7425, 64.9765], [25.743, 64.9737], [25.7433, 64.9707], [25.7435, 64.9677], [25.7434, 64.9643], [25.7434, 64.9612], [25.7434, 64.958], [25.7433, 64.955], [25.7433, 64.9517], [25.7433, 64.9483], [25.7433, 64.9469], [25.7434, 64.9443]]}}, {"type": "Feature", "properties": {"osm_type": "line", "voltage_kv": 400.0, "name": "Pet\u00e4j\u00e4skoski - Isokangas", "avail": 0}, "geometry": {"type": "LineString", "coordinates": [[25.3888, 66.2696], [25.3927, 66.2695], [25.3953, 66.2664], [25.3976, 66.2636], [25.3998, 66.2602], [25.4018, 66.2574], [25.4026, 66.2562], [25.4047, 66.2531], [25.4067, 66.2501], [25.4084, 66.2476], [25.4101, 66.2451], [25.412, 66.2426], [25.4139, 66.24], [25.4157, 66.2373], [25.4175, 66.2348], [25.4192, 66.2323], [25.4206, 66.2299], [25.4221, 66.2275], [25.4234, 66.2253], [25.4246, 66.2233], [25.4259, 66.221], [25.4273, 66.2189], [25.4286, 66.2166], [25.43, 66.2143], [25.4313, 66.2121], [25.432, 66.2101], [25.4329, 66.208], [25.4339, 66.2053], [25.4351, 66.2021], [25.4362, 66.1992], [25.4372, 66.1964], [25.4384, 66.1933], [25.4395, 66.1901], [25.4407, 66.1871], [25.4419, 66.1839], [25.4432, 66.1807], [25.4444, 66.1776], [25.4455, 66.1745], [25.4466, 66.1714], [25.4478, 66.1682], [25.4489, 66.1654], [25.45, 66.1625], [25.4511, 66.1594], [25.4524, 66.1564], [25.4535, 66.1533], [25.4546, 66.1505], [25.4558, 66.1473], [25.4571, 66.1442], [25.4585, 66.141], [25.4598, 66.1379], [25.461, 66.1348], [25.4623, 66.1316], [25.4635, 66.1286], [25.4647, 66.1253], [25.4658, 66.1225], [25.4671, 66.1193], [25.4684, 66.1162], [25.4695, 66.1134], [25.4707, 66.1104], [25.4718, 66.1074], [25.4732, 66.1042], [25.4747, 66.1011], [25.4764, 66.098], [25.4794, 66.0953], [25.4829, 66.0922], [25.4862, 66.0895], [25.4895, 66.0867], [25.4928, 66.0838], [25.4962, 66.0809], [25.4993, 66.0781], [25.5019, 66.0757], [25.5046, 66.0731], [25.5067, 66.0709], [25.5095, 66.0679], [25.5121, 66.0652], [25.5148, 66.0623], [25.5177, 66.0593], [25.5203, 66.0565], [25.5229, 66.0539], [25.5259, 66.0507], [25.5285, 66.0479], [25.5311, 66.0452], [25.534, 66.0421], [25.5367, 66.0393], [25.5395, 66.0363], [25.5422, 66.0335], [25.545, 66.0305], [25.5477, 66.0277], [25.5506, 66.0246], [25.5531, 66.022], [25.5556, 66.0194], [25.5583, 66.0165], [25.5609, 66.0136], [25.5619, 66.0105], [25.563, 66.0072], [25.5641, 66.0041], [25.5651, 66.001], [25.5661, 65.998], [25.5671, 65.9949], [25.5681, 65.9918], [25.5693, 65.9886], [25.5703, 65.9856], [25.5713, 65.9825], [25.5721, 65.9795], [25.5726, 65.9764], [25.573, 65.9732], [25.5731, 65.9698], [25.573, 65.9668], [25.5729, 65.9641], [25.5727, 65.9612], [25.5726, 65.958], [25.5724, 65.9549], [25.5723, 65.9517], [25.5721, 65.9486], [25.572, 65.9454], [25.5718, 65.9423], [25.5717, 65.9391], [25.5715, 65.9359], [25.5714, 65.9328], [25.5712, 65.9297], [25.571, 65.9264], [25.5708, 65.9233], [25.5707, 65.9201], [25.5706, 65.917], [25.5705, 65.9138], [25.5703, 65.9106], [25.5701, 65.9073], [25.5699, 65.9041], [25.5698, 65.9008], [25.5697, 65.8977], [25.5695, 65.8946], [25.5692, 65.8914], [25.5692, 65.8883], [25.5693, 65.8852], [25.5691, 65.8821], [25.5689, 65.8788], [25.5685, 65.876], [25.5683, 65.8727], [25.5683, 65.8701], [25.5689, 65.8674], [25.5697, 65.8642], [25.5704, 65.8612], [25.5711, 65.8582], [25.5718, 65.8551], [25.5725, 65.8519], [25.5732, 65.8488], [25.574, 65.8456], [25.5747, 65.8425], [25.5754, 65.8394], [25.5762, 65.8362], [25.5769, 65.8332], [25.5776, 65.8299], [25.5784, 65.8268], [25.579, 65.8238], [25.5798, 65.8206], [25.5804, 65.8178], [25.5812, 65.8147], [25.5818, 65.8119], [25.581, 65.8088], [25.5801, 65.8057], [25.5792, 65.8026], [25.5784, 65.7994], [25.5775, 65.7962], [25.5766, 65.7932], [25.5758, 65.7901], [25.5751, 65.787], [25.5746, 65.784], [25.5743, 65.781], [25.5743, 65.778], [25.5742, 65.7749], [25.5742, 65.7719], [25.5742, 65.769], [25.5742, 65.7659], [25.5741, 65.7627], [25.5741, 65.7596], [25.5741, 65.7566], [25.574, 65.7535], [25.574, 65.7503], [25.574, 65.7471], [25.574, 65.744], [25.574, 65.7408], [25.5739, 65.7377], [25.5739, 65.7346], [25.5739, 65.7315], [25.5738, 65.728], [25.5738, 65.7249], [25.5738, 65.7217], [25.5737, 65.7186], [25.5737, 65.7155], [25.5737, 65.7125], [25.5737, 65.7093], [25.5736, 65.7062], [25.5736, 65.703], [25.5735, 65.6999], [25.5735, 65.6966], [25.5735, 65.6933], [25.5734, 65.69], [25.5734, 65.6866], [25.5734, 65.6838], [25.5734, 65.6807], [25.5734, 65.678], [25.5733, 65.6749], [25.5734, 65.6719], [25.5737, 65.6687], [25.5742, 65.666], [25.575, 65.6626], [25.5757, 65.6599], [25.5767, 65.6567], [25.5776, 65.6536], [25.5785, 65.6503], [25.5794, 65.6473], [25.5803, 65.6442], [25.5812, 65.641], [25.5821, 65.6378], [25.583, 65.6346], [25.584, 65.6314], [25.5849, 65.6282], [25.5858, 65.625], [25.5867, 65.6218], [25.5876, 65.6187], [25.5885, 65.6157], [25.5894, 65.6125], [25.5903, 65.6095], [25.5912, 65.6062], [25.592, 65.6033], [25.5929, 65.6001], [25.5938, 65.5968], [25.5947, 65.5938], [25.5956, 65.5907], [25.5965, 65.5877], [25.5974, 65.5845], [25.5983, 65.5815], [25.5992, 65.5784], [25.6001, 65.5753], [25.6009, 65.5724], [25.6019, 65.5692], [25.6027, 65.5661], [25.6036, 65.563], [25.6045, 65.5599], [25.6049, 65.5588], [25.6055, 65.5568], [25.6066, 65.5544], [25.6078, 65.5515], [25.609, 65.5487], [25.6102, 65.5458], [25.6114, 65.5429], [25.6127, 65.5399], [25.614, 65.5368], [25.6152, 65.5335], [25.6161, 65.5308], [25.6172, 65.5276], [25.6182, 65.5247], [25.6192, 65.5215], [25.6199, 65.5184], [25.6208, 65.5152], [25.6215, 65.5127], [25.6223, 65.5095], [25.6231, 65.5065], [25.6239, 65.5035], [25.6247, 65.5005], [25.6256, 65.4973], [25.6262, 65.4945], [25.6268, 65.4918], [25.6273, 65.4894], [25.6279, 65.4862], [25.6284, 65.4834], [25.629, 65.4803], [25.6296, 65.4771], [25.6302, 65.474], [25.6308, 65.4711], [25.6314, 65.468], [25.632, 65.4649], [25.6326, 65.4616], [25.6332, 65.4586], [25.6337, 65.4557], [25.6343, 65.4526], [25.6349, 65.4495], [25.6355, 65.4465], [25.636, 65.4435], [25.6366, 65.4405], [25.6372, 65.4374], [25.6377, 65.4343], [25.6383, 65.4312], [25.6389, 65.4281], [25.6395, 65.425], [25.6401, 65.422], [25.6407, 65.4188], [25.6413, 65.4156], [25.6419, 65.4125], [25.6426, 65.4094], [25.6432, 65.4063], [25.6438, 65.4033], [25.6443, 65.4001], [25.6449, 65.397], [25.6456, 65.394], [25.6462, 65.3909], [25.6468, 65.3878], [25.6473, 65.3847], [25.648, 65.3814], [25.6488, 65.3784], [25.6496, 65.3756], [25.6506, 65.3726], [25.6517, 65.3694], [25.6528, 65.3665], [25.6539, 65.3634], [25.6549, 65.3603], [25.656, 65.3573], [25.6571, 65.3542], [25.658, 65.3513], [25.6614, 65.3487], [25.6647, 65.3458], [25.6681, 65.343], [25.6715, 65.3402], [25.6749, 65.3374], [25.6787, 65.3346], [25.6813, 65.3326], [25.6849, 65.3298], [25.6887, 65.3275], [25.6924, 65.3245], [25.696, 65.3216], [25.6992, 65.319], [25.6998, 65.3165], [25.7004, 65.314], [25.7014, 65.3096], [25.7019, 65.3069], [25.7023, 65.3042], [25.7024, 65.3014], [25.7023, 65.2979], [25.7021, 65.2948], [25.7019, 65.2914], [25.7015, 65.2883], [25.7011, 65.2849], [25.7006, 65.2813], [25.7001, 65.2776], [25.6996, 65.274], [25.6991, 65.2704], [25.6966, 65.267], [25.6961, 65.2662]]}}, {"type": "Feature", "properties": {"osm_type": "line", "voltage_kv": 400.0, "name": "Pyh\u00e4nselk\u00e4 - Valkeus", "avail": 0}, "geometry": {"type": "LineString", "coordinates": [[25.0653, 64.6791], [25.0631, 64.6781], [25.0573, 64.6773]]}}, {"type": "Feature", "properties": {"osm_type": "line", "voltage_kv": 400.0, "name": "Valkeus - Jylkk\u00e4", "avail": 12, "avail_node": "KIVIST\u00d6NKANGAS"}, "geometry": {"type": "LineString", "coordinates": [[24.2416, 64.2893], [24.243, 64.2899], [24.247, 64.2924]]}}, {"type": "Feature", "properties": {"osm_type": "line", "voltage_kv": 400.0, "name": "Hirvisuo - Jylkk\u00e4", "avail": 12, "avail_node": "KIVIST\u00d6NKANGAS"}, "geometry": {"type": "LineString", "coordinates": [[24.2328, 64.2868], [24.2384, 64.2896], [24.2404, 64.2898]]}}, {"type": "Feature", "properties": {"osm_type": "line", "voltage_kv": 400.0, "name": "Hirvisuo - Jylkk\u00e4", "avail": 12, "avail_node": "KIVIST\u00d6NKANGAS"}, "geometry": {"type": "LineString", "coordinates": [[24.2044, 64.2754], [24.2067, 64.2766], [24.2114, 64.2786], [24.2176, 64.2807], [24.2228, 64.2828], [24.2246, 64.2835], [24.2281, 64.2849], [24.2328, 64.2868]]}}, {"type": "Feature", "properties": {"osm_type": "line", "voltage_kv": 400.0, "name": "Hirvisuo - Jylkk\u00e4", "avail": 12, "avail_node": "KIVIST\u00d6NKANGAS"}, "geometry": {"type": "LineString", "coordinates": [[24.0447, 64.2085], [24.0492, 64.2094], [24.0547, 64.211], [24.0603, 64.213], [24.0656, 64.2149], [24.0706, 64.2169], [24.0754, 64.219], [24.08, 64.221], [24.0857, 64.2235], [24.0916, 64.2261], [24.0963, 64.2281], [24.1014, 64.2304], [24.1069, 64.2327], [24.1134, 64.2355], [24.1183, 64.2377], [24.1247, 64.2405], [24.1308, 64.2431], [24.137, 64.2458], [24.1425, 64.2482], [24.1486, 64.2508], [24.1547, 64.2534], [24.1601, 64.2557], [24.1661, 64.2583], [24.1721, 64.2609], [24.1779, 64.2634], [24.1838, 64.2659], [24.1897, 64.2684], [24.1955, 64.2709], [24.2008, 64.2732], [24.2044, 64.2754]]}}, {"type": "Feature", "properties": {"osm_type": "line", "voltage_kv": 400.0, "name": "Jylk\u00e4n \u2013", "name_src": "endpoints", "avail": 12, "avail_node": "KIVIST\u00d6NKANGAS"}, "geometry": {"type": "LineString", "coordinates": [[24.2399, 64.289], [24.24, 64.289], [24.2413, 64.2895]]}}, {"type": "Feature", "properties": {"osm_type": "line", "voltage_kv": 400.0, "name": "Jylk\u00e4n \u2013", "name_src": "endpoints", "avail": 12, "avail_node": "KIVIST\u00d6NKANGAS"}, "geometry": {"type": "LineString", "coordinates": [[24.2405, 64.2887], [24.2406, 64.2887], [24.2418, 64.2892]]}}, {"type": "Feature", "properties": {"osm_type": "line", "voltage_kv": 400.0, "name": "Hirvisuo \u2013", "name_src": "endpoints", "avail": 0}, "geometry": {"type": "LineString", "coordinates": [[23.0797, 63.8003], [23.0805, 63.8008]]}}, {"type": "Feature", "properties": {"osm_type": "line", "voltage_kv": 400.0, "name": "Hirvisuo \u2013", "name_src": "endpoints", "avail": 0}, "geometry": {"type": "LineString", "coordinates": [[23.0805, 63.8001], [23.0812, 63.8006]]}}, {"type": "Feature", "properties": {"osm_type": "line", "voltage_kv": 400.0, "avail": 0}, "geometry": {"type": "LineString", "coordinates": [[23.4893, 66.2124], [23.4906, 66.2123], [23.4955, 66.2118], [23.5035, 66.2109], [23.5128, 66.21], [23.5214, 66.2091], [23.5305, 66.2081], [23.5402, 66.2071], [23.5478, 66.2062], [23.5563, 66.2049], [23.5646, 66.2035], [23.5728, 66.2022], [23.581, 66.201], [23.5831, 66.2006], [23.5895, 66.1996], [23.5997, 66.198], [23.605, 66.1971], [23.6143, 66.1956], [23.6233, 66.1942], [23.6324, 66.1928], [23.6422, 66.1912], [23.6521, 66.1896], [23.6606, 66.1883], [23.6682, 66.1871], [23.6763, 66.1858], [23.6839, 66.1846], [23.6917, 66.1834], [23.7014, 66.1823], [23.7185, 66.1802], [23.7291, 66.1789], [23.7378, 66.1778], [23.7469, 66.1767], [23.7558, 66.1756], [23.7637, 66.1746], [23.7724, 66.1736], [23.7818, 66.1724], [23.7911, 66.1713], [23.7994, 66.1702], [23.8057, 66.1701], [23.8133, 66.1709], [23.8216, 66.1717], [23.8285, 66.1725]]}}, {"type": "Feature", "properties": {"osm_type": "line", "voltage_kv": 400.0, "name": "Pet\u00e4j\u00e4vesi \u2013", "name_src": "endpoints", "avail": 3, "avail_node": "HALKOKANGAS"}, "geometry": {"type": "LineString", "coordinates": [[25.1422, 62.2799], [25.1437, 62.2796], [25.1438, 62.2796]]}}, {"type": "Feature", "properties": {"osm_type": "line", "voltage_kv": 400.0, "name": "Kangasalan \u2013", "name_src": "endpoints", "avail": 6, "avail_node": "RUUTANA"}, "geometry": {"type": "LineString", "coordinates": [[23.9772, 61.4976], [23.9765, 61.4971], [23.9747, 61.4973]]}}, {"type": "Feature", "properties": {"osm_type": "line", "voltage_kv": 400.0, "name": "Kangasalan \u2013", "name_src": "endpoints", "avail": 6, "avail_node": "RUUTANA"}, "geometry": {"type": "LineString", "coordinates": [[23.9775, 61.4976], [23.9773, 61.4971], [23.9765, 61.4967], [23.9746, 61.4969]]}}, {"type": "Feature", "properties": {"osm_type": "line", "voltage_kv": 400.0, "name": "Kangasalan \u2013", "name_src": "endpoints", "avail": 6, "avail_node": "RUUTANA"}, "geometry": {"type": "LineString", "coordinates": [[23.9802, 61.4977], [23.9771, 61.4981]]}}, {"type": "Feature", "properties": {"osm_type": "line", "voltage_kv": 400.0, "name": "Kangasalan \u2013", "name_src": "endpoints", "avail": 6, "avail_node": "RUUTANA"}, "geometry": {"type": "LineString", "coordinates": [[23.9802, 61.4977], [23.9771, 61.498]]}}, {"type": "Feature", "properties": {"osm_type": "line", "voltage_kv": 400.0, "name": "Kangasalan \u2013", "name_src": "endpoints", "avail": 6, "avail_node": "RUUTANA"}, "geometry": {"type": "LineString", "coordinates": [[23.9802, 61.4976], [23.977, 61.498]]}}, {"type": "Feature", "properties": {"osm_type": "line", "voltage_kv": 400.0, "name": "Kangasalan \u2013", "name_src": "endpoints", "avail": 6, "avail_node": "RUUTANA"}, "geometry": {"type": "LineString", "coordinates": [[23.9799, 61.4969], [23.9768, 61.4973]]}}, {"type": "Feature", "properties": {"osm_type": "line", "voltage_kv": 400.0, "name": "Kangasalan \u2013", "name_src": "endpoints", "avail": 6, "avail_node": "RUUTANA"}, "geometry": {"type": "LineString", "coordinates": [[23.9798, 61.4969], [23.9768, 61.4973]]}}, {"type": "Feature", "properties": {"osm_type": "line", "voltage_kv": 400.0, "name": "Kangasalan \u2013", "name_src": "endpoints", "avail": 6, "avail_node": "RUUTANA"}, "geometry": {"type": "LineString", "coordinates": [[23.9798, 61.4969], [23.9767, 61.4972]]}}, {"type": "Feature", "properties": {"osm_type": "line", "voltage_kv": 400.0, "name": "Pet\u00e4j\u00e4vesi \u2013", "name_src": "endpoints", "avail": 3, "avail_node": "HALKOKANGAS"}, "geometry": {"type": "LineString", "coordinates": [[25.1437, 62.2796], [25.1437, 62.2797]]}}, {"type": "Feature", "properties": {"osm_type": "line", "voltage_kv": 400.0, "name": "Mets\u00e4linja (Pys\u00e4ysper\u00e4-Pyh\u00e4nselk\u00e4)", "avail": 5, "avail_node": "HAAPAVESI"}, "geometry": {"type": "LineString", "coordinates": [[25.295, 63.8076], [25.2948, 63.8086], [25.2935, 63.8094], [25.2941, 63.8113], [25.2947, 63.8133], [25.2958, 63.8171], [25.2968, 63.8204], [25.2977, 63.8236], [25.2988, 63.8271], [25.2997, 63.8303], [25.301, 63.8335], [25.3024, 63.8371], [25.3037, 63.8405], [25.3052, 63.8441], [25.3066, 63.8477], [25.308, 63.8514], [25.3081, 63.8516], [25.3094, 63.8549], [25.3109, 63.8586], [25.3123, 63.8622], [25.3137, 63.8658], [25.3145, 63.8675], [25.315, 63.869], [25.3151, 63.8694], [25.3164, 63.8726], [25.3177, 63.876], [25.3192, 63.8796], [25.3204, 63.8828], [25.3218, 63.8863], [25.3232, 63.8899], [25.3246, 63.8935], [25.326, 63.8968], [25.3274, 63.9005], [25.3288, 63.9041], [25.3302, 63.9077], [25.3316, 63.9111], [25.3329, 63.9145], [25.3342, 63.9178], [25.3355, 63.9212], [25.3369, 63.9247], [25.3382, 63.928], [25.3397, 63.9319], [25.3411, 63.9355], [25.3424, 63.9389], [25.3438, 63.9425], [25.345, 63.9455], [25.3462, 63.9485], [25.3474, 63.9517], [25.3475, 63.9519], [25.3486, 63.9547], [25.3496, 63.9574], [25.351, 63.9609], [25.3522, 63.9641], [25.354, 63.9672], [25.3563, 63.9706], [25.3584, 63.9739], [25.3608, 63.9774], [25.363, 63.9808], [25.3653, 63.9843], [25.3675, 63.9876], [25.3697, 63.9909], [25.3718, 63.9942], [25.3739, 63.9974], [25.376, 64.0005], [25.378, 64.0037], [25.3801, 64.0069], [25.3825, 64.0105], [25.3846, 64.0136], [25.3868, 64.017], [25.389, 64.0202], [25.3911, 64.0235], [25.3932, 64.0267], [25.394, 64.0279], [25.3954, 64.0301], [25.3976, 64.0334], [25.3998, 64.0369], [25.4021, 64.04], [25.4042, 64.0433], [25.4063, 64.0465], [25.4084, 64.0497], [25.4109, 64.0533], [25.4132, 64.0569], [25.4154, 64.0603], [25.4178, 64.0639], [25.42, 64.0672], [25.4224, 64.0707], [25.4247, 64.0741], [25.427, 64.0775], [25.4303, 64.0812], [25.4331, 64.0842], [25.4363, 64.0876], [25.439, 64.0906], [25.4415, 64.0933], [25.4446, 64.0967], [25.4465, 64.0988], [25.4495, 64.1006], [25.4519, 64.1031], [25.4529, 64.1057], [25.4561, 64.1092], [25.4588, 64.1122], [25.462, 64.1157], [25.4639, 64.1177], [25.4661, 64.1192]]}}, {"type": "Feature", "properties": {"osm_type": "line", "voltage_kv": 400.0, "name": "Mets\u00e4linja (Pys\u00e4ysper\u00e4-Pyh\u00e4nselk\u00e4)", "avail": 0}, "geometry": {"type": "LineString", "coordinates": [[25.5765, 64.251], [25.5778, 64.2535], [25.5806, 64.2571], [25.5829, 64.2602], [25.5855, 64.2637], [25.5879, 64.2668], [25.5902, 64.2698], [25.592, 64.2723], [25.5953, 64.2756], [25.5983, 64.2788], [25.6016, 64.2823], [25.6046, 64.2855], [25.6076, 64.2887], [25.6109, 64.2922], [25.6143, 64.2958], [25.6165, 64.2982], [25.6195, 64.3013], [25.6225, 64.3045], [25.6249, 64.3071], [25.6278, 64.3101], [25.6311, 64.3137], [25.6345, 64.3172], [25.6376, 64.3205], [25.6406, 64.3237], [25.6436, 64.3269], [25.6466, 64.3301], [25.6497, 64.3333], [25.6525, 64.3363], [25.6554, 64.3393], [25.6585, 64.3426], [25.6615, 64.3458], [25.6644, 64.3489], [25.6675, 64.3521], [25.6705, 64.3553], [25.6734, 64.3583], [25.6764, 64.3615], [25.6795, 64.3648], [25.6824, 64.3679], [25.6855, 64.3712], [25.6888, 64.3746], [25.6915, 64.3776], [25.6947, 64.381], [25.6979, 64.3843], [25.7005, 64.3871], [25.7035, 64.3902], [25.7065, 64.3935], [25.7096, 64.3967], [25.7126, 64.4], [25.7156, 64.4032], [25.7186, 64.4064], [25.7217, 64.4096], [25.7247, 64.4127], [25.7277, 64.4159], [25.7306, 64.4191], [25.7336, 64.4222], [25.7365, 64.4253], [25.7395, 64.4285], [25.7424, 64.4316], [25.7445, 64.4337], [25.7477, 64.4363], [25.7516, 64.4393], [25.755, 64.442], [25.7589, 64.4451], [25.7628, 64.4481], [25.7666, 64.4511], [25.7705, 64.4541], [25.7745, 64.4572], [25.7784, 64.4604], [25.7825, 64.4635], [25.7845, 64.4651], [25.7864, 64.4666], [25.7903, 64.4696], [25.7942, 64.4726], [25.7982, 64.4757], [25.802, 64.4787], [25.8059, 64.4816], [25.8094, 64.4844], [25.8133, 64.4874], [25.8171, 64.4904], [25.821, 64.4934], [25.8246, 64.4962], [25.8282, 64.499], [25.832, 64.502], [25.8359, 64.505], [25.8398, 64.508], [25.8437, 64.5111], [25.8476, 64.5141], [25.8515, 64.5172], [25.8556, 64.5205], [25.8588, 64.5238], [25.8619, 64.527], [25.865, 64.5302], [25.8681, 64.5335], [25.8711, 64.5366], [25.8742, 64.5398], [25.8773, 64.543], [25.8802, 64.5461], [25.8832, 64.5492], [25.8861, 64.5522], [25.8891, 64.5554], [25.8921, 64.5585], [25.8951, 64.5617], [25.8979, 64.5646], [25.9011, 64.568], [25.9044, 64.5714], [25.9078, 64.5749], [25.9104, 64.5776], [25.9134, 64.5808], [25.9164, 64.5839], [25.9196, 64.5873], [25.9229, 64.5906], [25.9258, 64.5936], [25.9289, 64.5968], [25.9321, 64.6002], [25.935, 64.6032], [25.9382, 64.6065], [25.9411, 64.6098], [25.9427, 64.612], [25.9433, 64.6131], [25.9442, 64.6148], [25.9461, 64.6183], [25.9479, 64.6217], [25.9497, 64.6251], [25.9515, 64.6285], [25.9533, 64.6319], [25.9552, 64.6355], [25.9569, 64.6387], [25.9586, 64.6421], [25.9602, 64.6451], [25.9618, 64.6482], [25.9634, 64.6511], [25.965, 64.6541], [25.9666, 64.6571], [25.9692, 64.6595], [25.9711, 64.6628], [25.9725, 64.6656], [25.9738, 64.6682], [25.9764, 64.6714], [25.9776, 64.6739], [25.9791, 64.6768], [25.981, 64.6803], [25.9829, 64.6838], [25.9848, 64.6876], [25.9869, 64.6915], [25.9888, 64.6952], [25.9908, 64.699], [25.9928, 64.7028], [25.9946, 64.7061], [25.9967, 64.7099], [25.9991, 64.7133], [26.0012, 64.7164], [26.0036, 64.7198], [26.0059, 64.7233], [26.0082, 64.7265], [26.0102, 64.7295], [26.0122, 64.7324], [26.0139, 64.7349], [26.0206, 64.7366], [26.0282, 64.7383], [26.0356, 64.7399], [26.0435, 64.7416], [26.0511, 64.7433], [26.0584, 64.7449], [26.066, 64.7466], [26.0739, 64.7485], [26.0812, 64.7502], [26.0884, 64.7521], [26.0954, 64.754], [26.1023, 64.7558], [26.1088, 64.7575], [26.1146, 64.7591], [26.1214, 64.7609], [26.1289, 64.7628], [26.1364, 64.7648], [26.1439, 64.7668], [26.1503, 64.7692], [26.1558, 64.7712], [26.1623, 64.7735], [26.1694, 64.776], [26.1765, 64.7785], [26.1814, 64.7808], [26.1866, 64.7833], [26.1832, 64.7867], [26.1803, 64.7896], [26.1777, 64.793], [26.1751, 64.7965], [26.1726, 64.7998], [26.1705, 64.8026], [26.1663, 64.8062], [26.1613, 64.809], [26.1561, 64.8119], [26.151, 64.8146], [26.1448, 64.8172], [26.1377, 64.8195], [26.1315, 64.8216], [26.1248, 64.8238], [26.1182, 64.8259], [26.1113, 64.8282], [26.1043, 64.8305], [26.0974, 64.8327], [26.0906, 64.835], [26.0847, 64.8373], [26.0798, 64.8399], [26.0753, 64.8428], [26.0741, 64.8436]]}}, {"type": "Feature", "properties": {"osm_type": "line", "voltage_kv": 400.0, "name": "Mets\u00e4linja (Pys\u00e4ysper\u00e4-Pyh\u00e4nselk\u00e4)", "avail": 5, "avail_node": "HAAPAVESI"}, "geometry": {"type": "LineString", "coordinates": [[25.4661, 64.1192], [25.4681, 64.1214], [25.4701, 64.1236], [25.4719, 64.1256], [25.4738, 64.1276], [25.4757, 64.1298], [25.4777, 64.1319], [25.4794, 64.1337]]}}, {"type": "Feature", "properties": {"osm_type": "line", "voltage_kv": 220.0, "avail": 5, "avail_node": "HAAPAVESI"}, "geometry": {"type": "LineString", "coordinates": [[25.4642, 64.1172], [25.4643, 64.1174], [25.4661, 64.1192]]}}, {"type": "Feature", "properties": {"osm_type": "line", "voltage_kv": 400.0, "name": "Mets\u00e4linja (Pet\u00e4j\u00e4vesi-Pys\u00e4ysper\u00e4)", "avail": 0}, "geometry": {"type": "LineString", "coordinates": [[25.1045, 62.7893], [25.1028, 62.7916], [25.1012, 62.7936], [25.0991, 62.7961], [25.0971, 62.7986], [25.095, 62.8013], [25.0931, 62.8038], [25.0913, 62.8059], [25.0891, 62.8086], [25.0874, 62.8108], [25.0858, 62.8128]]}}, {"type": "Feature", "properties": {"osm_type": "line", "voltage_kv": 400.0, "name": "Mets\u00e4linja (Pet\u00e4j\u00e4vesi-Pys\u00e4ysper\u00e4)", "avail": 3, "avail_node": "HALKOKANGAS"}, "geometry": {"type": "LineString", "coordinates": [[25.1423, 62.2801], [25.1405, 62.2803], [25.1349, 62.2812], [25.1356, 62.2838], [25.1366, 62.2861], [25.1382, 62.2894], [25.1388, 62.2907], [25.1395, 62.2925], [25.1398, 62.2931], [25.1406, 62.2949], [25.1412, 62.2961], [25.1417, 62.2984], [25.1424, 62.3009], [25.143, 62.3034], [25.1436, 62.3058], [25.1441, 62.3083], [25.1448, 62.3109], [25.1453, 62.3134], [25.1459, 62.3159], [25.1466, 62.3186], [25.1472, 62.3213], [25.1474, 62.3221], [25.1478, 62.3235], [25.1479, 62.3239], [25.1483, 62.3258], [25.1484, 62.3262], [25.149, 62.3288], [25.1496, 62.3313], [25.1501, 62.3337], [25.1506, 62.3365], [25.151, 62.3391], [25.1515, 62.3419], [25.1518, 62.3438], [25.1522, 62.3468], [25.1525, 62.3488], [25.1529, 62.3516], [25.1534, 62.3542], [25.1537, 62.3568], [25.1541, 62.3592], [25.1546, 62.3617], [25.1548, 62.364], [25.155, 62.3665], [25.1552, 62.3692], [25.1554, 62.3719], [25.1556, 62.3746], [25.1558, 62.3773], [25.156, 62.38], [25.1563, 62.3823], [25.1563, 62.3855], [25.1562, 62.3878], [25.1562, 62.3905], [25.1561, 62.3932], [25.1561, 62.3961], [25.156, 62.3987], [25.1559, 62.4016], [25.1559, 62.4042], [25.1559, 62.4069], [25.1561, 62.4095], [25.1562, 62.4123], [25.1565, 62.4149], [25.1566, 62.4173], [25.1567, 62.4199], [25.1569, 62.4225], [25.1571, 62.4252], [25.1572, 62.4278], [25.1574, 62.4301], [25.1575, 62.4328], [25.1577, 62.4352], [25.1579, 62.4376], [25.1579, 62.4401], [25.1581, 62.4427], [25.1582, 62.4453], [25.1584, 62.448], [25.1585, 62.4497], [25.1587, 62.453], [25.1588, 62.4551], [25.159, 62.4574], [25.1591, 62.4597], [25.1593, 62.4628], [25.1594, 62.4648], [25.1595, 62.4673], [25.1597, 62.4703], [25.1599, 62.4726], [25.16, 62.4754], [25.1602, 62.478], [25.1604, 62.4808], [25.1605, 62.4833], [25.1607, 62.4858], [25.1607, 62.4862], [25.1609, 62.4887], [25.161, 62.4913], [25.1611, 62.4941], [25.1613, 62.4966], [25.1614, 62.4982], [25.1616, 62.5008], [25.1617, 62.5038], [25.1619, 62.5062], [25.162, 62.5086], [25.1621, 62.5111], [25.1622, 62.5131], [25.1623, 62.514], [25.1624, 62.5166], [25.1625, 62.519], [25.1627, 62.5224], [25.1628, 62.5239], [25.1629, 62.5269], [25.163, 62.5294], [25.1632, 62.5321], [25.1633, 62.5348], [25.1634, 62.5376], [25.1635, 62.5393], [25.1636, 62.5422], [25.1638, 62.5447], [25.1639, 62.5476], [25.164, 62.5502], [25.1641, 62.5529], [25.1643, 62.5556], [25.1646, 62.5582], [25.1648, 62.5609], [25.1651, 62.5632], [25.1655, 62.5659], [25.1658, 62.5685], [25.1661, 62.5712], [25.1664, 62.5731], [25.1664, 62.5738], [25.1667, 62.5762], [25.1671, 62.5788], [25.1673, 62.5808], [25.1677, 62.5833], [25.1679, 62.5854], [25.168, 62.5859], [25.1683, 62.5888], [25.1683, 62.5892], [25.1686, 62.591], [25.1687, 62.5912], [25.1688, 62.5926], [25.1688, 62.5931], [25.1689, 62.5936], [25.1692, 62.5961], [25.1696, 62.5988], [25.1698, 62.6008], [25.1701, 62.6033], [25.1705, 62.6062], [25.1705, 62.6065], [25.1708, 62.6082], [25.1708, 62.6086], [25.1711, 62.6109], [25.1714, 62.6137], [25.1715, 62.6147], [25.1717, 62.6158], [25.1718, 62.6166], [25.1719, 62.6175], [25.1719, 62.6179], [25.172, 62.6185], [25.1723, 62.6208], [25.1723, 62.621], [25.1727, 62.6238], [25.173, 62.6263], [25.1732, 62.6284], [25.1736, 62.6311], [25.1739, 62.6336], [25.174, 62.6359], [25.1744, 62.6388], [25.1746, 62.6412], [25.1749, 62.6439], [25.1752, 62.6468], [25.1755, 62.6493], [25.1758, 62.6514], [25.176, 62.654], [25.1762, 62.6565], [25.1763, 62.6588], [25.1764, 62.6619], [25.1765, 62.6637], [25.1766, 62.6663], [25.1768, 62.6692], [25.1769, 62.6715], [25.1769, 62.6741], [25.177, 62.677], [25.1771, 62.6796], [25.1773, 62.6824], [25.1775, 62.685], [25.1767, 62.6876], [25.1767, 62.6876], [25.1765, 62.688], [25.1761, 62.6894], [25.1751, 62.6919], [25.1745, 62.6933], [25.1734, 62.6963], [25.1727, 62.6983], [25.1718, 62.7009], [25.1717, 62.7012], [25.1717, 62.7013], [25.1713, 62.7024], [25.1705, 62.7042], [25.1688, 62.7065], [25.1661, 62.7101], [25.1644, 62.7124], [25.1629, 62.7143], [25.1622, 62.7153], [25.1601, 62.718], [25.1585, 62.72], [25.1567, 62.7224], [25.154, 62.7258], [25.1521, 62.7283], [25.1504, 62.7305], [25.1489, 62.7325], [25.1475, 62.7343], [25.146, 62.7363], [25.1441, 62.7388], [25.1421, 62.7414], [25.1402, 62.7439], [25.1388, 62.7457], [25.1378, 62.747], [25.1355, 62.7499], [25.1339, 62.752], [25.132, 62.7545], [25.13, 62.7571], [25.1281, 62.7596], [25.1265, 62.7616], [25.1244, 62.7643], [25.1227, 62.7665], [25.1216, 62.7678], [25.1195, 62.7704], [25.1178, 62.7725], [25.1161, 62.7747], [25.1139, 62.7774], [25.1122, 62.7794], [25.1103, 62.7818], [25.1085, 62.7842], [25.1064, 62.7867], [25.1045, 62.7893]]}}, {"type": "Feature", "properties": {"osm_type": "line", "voltage_kv": 220.0, "name": "Pirttikoski \u2013", "name_src": "endpoints", "avail": 0}, "geometry": {"type": "LineString", "coordinates": [[27.1434, 66.3381], [27.1433, 66.3381], [27.1427, 66.3381], [27.1423, 66.3381]]}}, {"type": "Feature", "properties": {"osm_type": "line", "voltage_kv": 400.0, "name": "Pirttikoski \u2013", "name_src": "endpoints", "avail": 0}, "geometry": {"type": "LineString", "coordinates": [[27.1457, 66.3398], [27.1485, 66.3398], [27.1507, 66.3398]]}}, {"type": "Feature", "properties": {"osm_type": "line", "voltage_kv": 400.0, "name": "Pirttikoski \u2013", "name_src": "endpoints", "avail": 0}, "geometry": {"type": "LineString", "coordinates": [[27.1399, 66.339], [27.1421, 66.339]]}}, {"type": "Feature", "properties": {"osm_type": "line", "voltage_kv": 220.0, "name": "Pirttikoski \u2013", "name_src": "endpoints", "avail": 0}, "geometry": {"type": "LineString", "coordinates": [[27.1428, 66.3383], [27.1427, 66.3381]]}}, {"type": "Feature", "properties": {"osm_type": "line", "voltage_kv": 220.0, "name": "Vanttauskoski \u2013", "name_src": "endpoints", "avail": 0}, "geometry": {"type": "LineString", "coordinates": [[26.6923, 66.3659], [26.6868, 66.3696], [26.6847, 66.371]]}}, {"type": "Feature", "properties": {"osm_type": "line", "voltage_kv": 220.0, "name": "Vanttauskoski \u2013", "name_src": "endpoints", "avail": 0}, "geometry": {"type": "LineString", "coordinates": [[26.6852, 66.3706], [26.6868, 66.3701]]}}, {"type": "Feature", "properties": {"osm_type": "line", "voltage_kv": 400.0, "name": "Mets\u00e4linja (Pys\u00e4ysper\u00e4-Pyh\u00e4nselk\u00e4)", "avail": 0}, "geometry": {"type": "LineString", "coordinates": [[25.5682, 64.2397], [25.5698, 64.242], [25.5721, 64.2449], [25.5742, 64.2479], [25.5765, 64.251]]}}, {"type": "Feature", "properties": {"osm_type": "line", "voltage_kv": 400.0, "name": "Mets\u00e4linja (Pys\u00e4ysper\u00e4-Pyh\u00e4nselk\u00e4)", "avail": 5, "avail_node": "HAAPAVESI"}, "geometry": {"type": "LineString", "coordinates": [[25.4794, 64.1337], [25.4806, 64.1358], [25.4837, 64.1392], [25.4865, 64.1423], [25.4888, 64.1448], [25.492, 64.1483], [25.4951, 64.1517], [25.4982, 64.155], [25.5011, 64.1582], [25.504, 64.1615], [25.5071, 64.1648], [25.5101, 64.1681], [25.5131, 64.1713], [25.5161, 64.1746], [25.5191, 64.1779], [25.5219, 64.181], [25.5249, 64.1842], [25.5278, 64.1874], [25.5304, 64.1908], [25.5327, 64.1939], [25.5353, 64.1973], [25.5379, 64.2007], [25.5402, 64.2038], [25.5427, 64.2071], [25.5452, 64.2104], [25.5477, 64.2137], [25.5502, 64.2169], [25.5528, 64.2203], [25.5553, 64.2237], [25.5578, 64.227], [25.5603, 64.2303], [25.5628, 64.2336], [25.5652, 64.2367], [25.5682, 64.2397]]}}, {"type": "Feature", "properties": {"osm_type": "line", "voltage_kv": 220.0, "avail": 5, "avail_node": "HAAPAVESI"}, "geometry": {"type": "LineString", "coordinates": [[25.4794, 64.1337], [25.4817, 64.1362], [25.4838, 64.1385], [25.486, 64.141], [25.4882, 64.1434], [25.4904, 64.1459], [25.4926, 64.1483], [25.4948, 64.1508], [25.497, 64.1531], [25.4991, 64.1555], [25.5015, 64.1579], [25.5036, 64.1602], [25.5057, 64.1625], [25.5079, 64.1649], [25.5101, 64.1673], [25.5121, 64.1694], [25.5141, 64.1716], [25.5163, 64.1741], [25.5184, 64.1763], [25.5205, 64.1786], [25.5225, 64.1809], [25.5246, 64.1831], [25.5268, 64.1854], [25.5286, 64.1875], [25.5308, 64.1903], [25.5323, 64.1924], [25.5343, 64.1949], [25.5362, 64.1974], [25.5381, 64.1999], [25.5397, 64.2021], [25.5415, 64.2045], [25.5434, 64.207], [25.5452, 64.2094], [25.5471, 64.2119], [25.549, 64.2144], [25.5507, 64.2167], [25.5526, 64.2191], [25.5544, 64.2216], [25.5562, 64.224], [25.5582, 64.2265], [25.5599, 64.2288], [25.5618, 64.2313], [25.5636, 64.2337], [25.5655, 64.2362], [25.5673, 64.2386], [25.5682, 64.2397]]}}, {"type": "Feature", "properties": {"osm_type": "line", "voltage_kv": 400.0, "name": "Pikkarala - Alaj\u00e4rvi J2", "avail": 0}, "geometry": {"type": "LineString", "coordinates": [[25.7375, 64.9168], [25.7368, 64.9156], [25.7353, 64.9125], [25.733, 64.9112], [25.7302, 64.9096], [25.725, 64.9067], [25.7204, 64.9042], [25.7157, 64.9015], [25.7117, 64.8993], [25.7069, 64.8966], [25.7041, 64.8938], [25.7018, 64.8913], [25.6994, 64.8884], [25.6971, 64.8856], [25.6948, 64.8828], [25.6924, 64.8799], [25.6901, 64.8772], [25.6878, 64.8743], [25.6853, 64.8712], [25.6828, 64.8682], [25.6803, 64.8652], [25.6779, 64.8622], [25.6756, 64.8591], [25.6735, 64.8563], [25.6713, 64.8533], [25.6689, 64.8504], [25.6667, 64.8477], [25.6643, 64.8449], [25.6618, 64.8419], [25.6592, 64.8387], [25.6566, 64.8355], [25.6541, 64.8325], [25.6515, 64.8293], [25.6489, 64.8261], [25.6463, 64.8229], [25.6436, 64.8197], [25.641, 64.8165], [25.6385, 64.8136], [25.636, 64.8104], [25.6335, 64.8074], [25.6308, 64.8045], [25.6279, 64.8017], [25.6249, 64.7989], [25.6221, 64.7964], [25.6189, 64.7937], [25.616, 64.7912], [25.6128, 64.7883], [25.6094, 64.7854], [25.6058, 64.7823], [25.6023, 64.7793], [25.5994, 64.7767], [25.596, 64.7738], [25.5925, 64.7707], [25.5891, 64.7677], [25.5857, 64.7648], [25.5829, 64.7623], [25.5798, 64.7596], [25.5767, 64.7569], [25.5737, 64.7543], [25.5703, 64.7516], [25.5669, 64.7488], [25.5629, 64.7458], [25.5589, 64.7429], [25.5548, 64.7399], [25.5508, 64.7369], [25.5471, 64.7341], [25.5433, 64.7312], [25.5394, 64.7283], [25.5353, 64.7253], [25.5315, 64.7224], [25.5279, 64.7198], [25.5243, 64.7171], [25.5206, 64.7143], [25.517, 64.7114], [25.5135, 64.7085], [25.5103, 64.7056], [25.5074, 64.7025], [25.5045, 64.6995], [25.5013, 64.696], [25.4982, 64.6928]]}}, {"type": "Feature", "properties": {"osm_type": "line", "voltage_kv": 400.0, "name": "Pyh\u00e4nselk\u00e4 - Valkeus", "avail": 0}, "geometry": {"type": "LineString", "coordinates": [[25.4969, 64.6934], [25.4885, 64.693], [25.4798, 64.6927], [25.4719, 64.6923], [25.4636, 64.692], [25.4561, 64.6917], [25.4466, 64.6913], [25.4375, 64.6909], [25.429, 64.6906], [25.4202, 64.6902], [25.4112, 64.6899], [25.4017, 64.6895], [25.3928, 64.6892], [25.3845, 64.6889], [25.3759, 64.6886], [25.3673, 64.6883], [25.3593, 64.6869], [25.3514, 64.6856], [25.3441, 64.6833], [25.3365, 64.681], [25.3291, 64.6787], [25.3224, 64.6766], [25.3151, 64.6744], [25.3082, 64.6722], [25.3015, 64.6703], [25.2938, 64.6686], [25.2868, 64.6672], [25.2798, 64.6658], [25.2718, 64.6641], [25.2638, 64.6625], [25.2561, 64.6631], [25.2482, 64.6636], [25.2402, 64.6642], [25.2318, 64.6648], [25.2234, 64.6654], [25.2153, 64.6671], [25.2076, 64.6688], [25.2003, 64.6703], [25.1928, 64.6719], [25.1857, 64.6734], [25.1775, 64.6752], [25.1698, 64.6768], [25.1623, 64.6784], [25.1543, 64.6801], [25.1465, 64.6818], [25.1387, 64.6834], [25.1301, 64.6852], [25.1215, 64.6871], [25.114, 64.6887], [25.1074, 64.6883], [25.1008, 64.688], [25.0936, 64.6876], [25.0877, 64.6867], [25.0818, 64.6861]]}}, {"type": "Feature", "properties": {"osm_type": "line", "voltage_kv": 400.0, "name": "Pyh\u00e4nselk\u00e4 - Valkeus", "avail": 0}, "geometry": {"type": "LineString", "coordinates": [[26.0734, 64.8434], [26.0747, 64.8427], [26.0793, 64.8397], [26.0841, 64.8371], [26.09, 64.8348], [26.0972, 64.8324], [26.1043, 64.8301], [26.1106, 64.828], [26.1174, 64.8258], [26.124, 64.8236], [26.1306, 64.8215], [26.1373, 64.8193], [26.1443, 64.8169], [26.1504, 64.8145], [26.1555, 64.8117], [26.1605, 64.8089], [26.1655, 64.806], [26.1698, 64.8025], [26.1721, 64.7995], [26.1745, 64.7962], [26.1771, 64.7928], [26.1796, 64.7895], [26.1825, 64.7867], [26.1857, 64.7834], [26.1809, 64.781], [26.176, 64.7787], [26.1689, 64.7762], [26.1619, 64.7738], [26.1554, 64.7715], [26.1492, 64.7692], [26.1433, 64.767], [26.1361, 64.7651], [26.1282, 64.763], [26.121, 64.7611], [26.1146, 64.7594], [26.1085, 64.7578], [26.102, 64.7561], [26.0955, 64.7544], [26.0884, 64.7525], [26.0813, 64.7506], [26.0741, 64.7488], [26.066, 64.7469], [26.0587, 64.7453], [26.0508, 64.7436], [26.0432, 64.7419], [26.0352, 64.7402], [26.0279, 64.7385], [26.0205, 64.7369], [26.0133, 64.7352], [26.0115, 64.7325], [26.0095, 64.7296], [26.0075, 64.7266], [26.0052, 64.7233], [26.0031, 64.7201], [26.0007, 64.7168], [25.9984, 64.7134], [25.996, 64.7099], [25.9939, 64.7062], [25.992, 64.7025], [25.9901, 64.6989], [25.9881, 64.6952], [25.9862, 64.6915], [25.9841, 64.6877], [25.9821, 64.6839], [25.9802, 64.6802], [25.9784, 64.6769], [25.9769, 64.6739], [25.9757, 64.6716], [25.9729, 64.671], [25.9666, 64.6713], [25.9578, 64.6717], [25.95, 64.672], [25.942, 64.6723], [25.9327, 64.6727], [25.9243, 64.6731], [25.9161, 64.6735], [25.9071, 64.6738], [25.8988, 64.6742], [25.8899, 64.6746], [25.8816, 64.6749], [25.8733, 64.6753], [25.8649, 64.6757], [25.8573, 64.676], [25.8483, 64.6764], [25.8397, 64.6767], [25.8318, 64.6771], [25.8237, 64.6774], [25.815, 64.6778], [25.8065, 64.6781], [25.7983, 64.6785], [25.79, 64.6788], [25.7821, 64.6792], [25.7741, 64.6795], [25.7656, 64.6799], [25.7569, 64.6802], [25.7488, 64.6806], [25.7404, 64.6809], [25.732, 64.6813], [25.7245, 64.6816], [25.7175, 64.6818], [25.7085, 64.6822], [25.7002, 64.6825], [25.6917, 64.6834], [25.6828, 64.6844], [25.6741, 64.6853], [25.6655, 64.6863], [25.6572, 64.6872], [25.6489, 64.6881], [25.6404, 64.689], [25.632, 64.6899], [25.6239, 64.6907], [25.6172, 64.6916], [25.6081, 64.6918], [25.6001, 64.6921], [25.593, 64.6921], [25.5874, 64.6917], [25.5803, 64.6909], [25.5737, 64.6901], [25.5649, 64.6903], [25.5557, 64.6905], [25.5468, 64.6906], [25.5377, 64.6908], [25.5304, 64.6913], [25.5236, 64.6917], [25.516, 64.6922], [25.5077, 64.6927], [25.4995, 64.6933], [25.4969, 64.6934]]}}, {"type": "Feature", "properties": {"osm_type": "line", "voltage_kv": 400.0, "name": "Pyh\u00e4nselk\u00e4 - Vuolijoki", "avail": 0}, "geometry": {"type": "LineString", "coordinates": [[26.0757, 64.8439], [26.0762, 64.843], [26.0804, 64.8401], [26.0851, 64.8375], [26.091, 64.8352], [26.0978, 64.833], [26.1047, 64.8307], [26.1117, 64.8284], [26.1186, 64.8262], [26.1252, 64.824], [26.132, 64.8218], [26.1382, 64.8197], [26.1454, 64.8174], [26.1515, 64.8149], [26.1566, 64.8121], [26.1618, 64.8092], [26.1669, 64.8063], [26.1712, 64.8027], [26.1735, 64.7996], [26.1758, 64.7965], [26.1785, 64.793], [26.181, 64.7897], [26.1838, 64.7869], [26.187, 64.7836]]}}, {"type": "Feature", "properties": {"osm_type": "line", "voltage_kv": 400.0, "name": "Pyh\u00e4nsel\u00e4n \u2013", "name_src": "endpoints", "avail": 0}, "geometry": {"type": "LineString", "coordinates": [[26.0721, 64.8431], [26.071, 64.8439]]}}, {"type": "Feature", "properties": {"osm_type": "line", "voltage_kv": 400.0, "name": "Pyh\u00e4nselk\u00e4 - Valkeus", "avail": 0}, "geometry": {"type": "LineString", "coordinates": [[25.0818, 64.6861], [25.0766, 64.6844], [25.0724, 64.683], [25.0673, 64.6813]]}}, {"type": "Feature", "properties": {"osm_type": "line", "voltage_kv": 400.0, "name": "Pyh\u00e4nselk\u00e4 - Valkeus", "avail": 0}, "geometry": {"type": "LineString", "coordinates": [[25.0673, 64.6813], [25.0653, 64.6791]]}}, {"type": "Feature", "properties": {"osm_type": "line", "voltage_kv": 400.0, "name": "Pyh\u00e4nselk\u00e4 - Nuojuankangas", "avail": 0}, "geometry": {"type": "LineString", "coordinates": [[26.0768, 64.8432], [26.0771, 64.843], [26.081, 64.8403], [26.0851, 64.8381], [26.0887, 64.8365], [26.0926, 64.8351], [26.0982, 64.8333], [26.104, 64.8313], [26.11, 64.8294], [26.1159, 64.8274], [26.122, 64.8254], [26.1281, 64.8234], [26.1343, 64.8214], [26.1401, 64.8195], [26.1457, 64.8176], [26.1514, 64.8154], [26.1562, 64.8128], [26.1603, 64.8105], [26.1642, 64.8083], [26.1675, 64.8065], [26.1697, 64.8046], [26.1719, 64.8028], [26.1734, 64.8008], [26.1744, 64.7994], [26.1799, 64.7983], [26.1853, 64.7972], [26.191, 64.796], [26.1968, 64.7948], [26.2025, 64.7936], [26.2083, 64.7925], [26.2142, 64.7913], [26.2203, 64.79], [26.2256, 64.7885], [26.2302, 64.7872], [26.2353, 64.7858], [26.2402, 64.7844], [26.2465, 64.7831], [26.2529, 64.7816], [26.2597, 64.7801], [26.2659, 64.7788], [26.2725, 64.7773], [26.2765, 64.7764], [26.2787, 64.776], [26.2854, 64.7745], [26.2916, 64.7731], [26.2982, 64.7716], [26.3048, 64.7702], [26.311, 64.7688], [26.3171, 64.7675], [26.3232, 64.7661], [26.3297, 64.7646], [26.3361, 64.7632], [26.3421, 64.762], [26.348, 64.7607], [26.354, 64.7593], [26.3603, 64.7579], [26.3663, 64.7566], [26.3723, 64.7553], [26.3784, 64.7539], [26.3847, 64.7526], [26.3907, 64.7513], [26.3969, 64.7499], [26.4024, 64.7487], [26.408, 64.7475], [26.4136, 64.7459], [26.4172, 64.7446], [26.4217, 64.7422], [26.424, 64.7404], [26.4263, 64.7378], [26.4284, 64.7354], [26.4305, 64.7329]]}}, {"type": "Feature", "properties": {"osm_type": "line", "voltage_kv": 400.0, "name": "Pyh\u00e4nsel\u00e4n \u2013", "name_src": "endpoints", "avail": 0}, "geometry": {"type": "LineString", "coordinates": [[26.0723, 64.8428], [26.0725, 64.8429], [26.0731, 64.843], [26.0736, 64.8431], [26.074, 64.8432], [26.0744, 64.8433], [26.0747, 64.8434], [26.0751, 64.8434]]}}, {"type": "Feature", "properties": {"osm_type": "line", "voltage_kv": 400.0, "name": "Pyh\u00e4nsel\u00e4n \u2013", "name_src": "endpoints", "avail": 0}, "geometry": {"type": "LineString", "coordinates": [[26.0716, 64.8433], [26.0718, 64.8434], [26.0725, 64.8435], [26.073, 64.8437], [26.0733, 64.8437], [26.0737, 64.8438], [26.074, 64.8439], [26.0744, 64.844]]}}, {"type": "Feature", "properties": {"osm_type": "line", "voltage_kv": 400.0, "name": "Pyh\u00e4nsel\u00e4n \u2013", "name_src": "endpoints", "avail": 0}, "geometry": {"type": "LineString", "coordinates": [[26.0751, 64.8441], [26.0753, 64.844], [26.0754, 64.8439], [26.0755, 64.8438], [26.0757, 64.8437], [26.0758, 64.8436]]}}, {"type": "Feature", "properties": {"osm_type": "line", "voltage_kv": 400.0, "name": "Pyh\u00e4nsel\u00e4n \u2013", "name_src": "endpoints", "avail": 0}, "geometry": {"type": "LineString", "coordinates": [[26.074, 64.8439], [26.0742, 64.8438], [26.0743, 64.8437], [26.0743, 64.8437], [26.0745, 64.8436], [26.0746, 64.8435], [26.0747, 64.8434]]}}, {"type": "Feature", "properties": {"osm_type": "line", "voltage_kv": 400.0, "name": "Pyh\u00e4nsel\u00e4n \u2013", "name_src": "endpoints", "avail": 0}, "geometry": {"type": "LineString", "coordinates": [[26.0737, 64.8438], [26.0738, 64.8437], [26.0739, 64.8436], [26.074, 64.8436], [26.0741, 64.8435], [26.0742, 64.8434], [26.0744, 64.8433]]}}, {"type": "Feature", "properties": {"osm_type": "line", "voltage_kv": 400.0, "name": "Pyh\u00e4nsel\u00e4n \u2013", "name_src": "endpoints", "avail": 0}, "geometry": {"type": "LineString", "coordinates": [[26.0733, 64.8437], [26.0734, 64.8436], [26.0736, 64.8435], [26.0736, 64.8435], [26.0737, 64.8434], [26.0739, 64.8433], [26.074, 64.8432]]}}, {"type": "Feature", "properties": {"osm_type": "line", "voltage_kv": 400.0, "name": "Pyh\u00e4nsel\u00e4n \u2013", "name_src": "endpoints", "avail": 0}, "geometry": {"type": "LineString", "coordinates": [[26.073, 64.8437], [26.0731, 64.8435], [26.0732, 64.8434], [26.0733, 64.8434], [26.0734, 64.8433], [26.0735, 64.8432], [26.0736, 64.8431]]}}, {"type": "Feature", "properties": {"osm_type": "line", "voltage_kv": 400.0, "name": "Pyh\u00e4nsel\u00e4n \u2013", "name_src": "endpoints", "avail": 0}, "geometry": {"type": "LineString", "coordinates": [[26.0725, 64.8435], [26.0726, 64.8434], [26.0727, 64.8433], [26.0729, 64.8432], [26.073, 64.8431], [26.0731, 64.843]]}}, {"type": "Feature", "properties": {"osm_type": "line", "voltage_kv": 400.0, "name": "Pyh\u00e4nsel\u00e4n \u2013", "name_src": "endpoints", "avail": 0}, "geometry": {"type": "LineString", "coordinates": [[26.0718, 64.8434], [26.0719, 64.8433], [26.072, 64.8432], [26.0722, 64.8431], [26.0723, 64.843], [26.0725, 64.8429]]}}, {"type": "Feature", "properties": {"osm_type": "line", "voltage_kv": 400.0, "name": "Pyh\u00e4nsel\u00e4n \u2013", "name_src": "endpoints", "avail": 0}, "geometry": {"type": "LineString", "coordinates": [[26.0754, 64.8435], [26.0758, 64.8436], [26.0762, 64.8437], [26.0769, 64.8439]]}}, {"type": "Feature", "properties": {"osm_type": "line", "voltage_kv": 400.0, "name": "Pyh\u00e4nsel\u00e4n \u2013", "name_src": "endpoints", "avail": 0}, "geometry": {"type": "LineString", "coordinates": [[26.0751, 64.8434], [26.0751, 64.8435], [26.0752, 64.8435], [26.0753, 64.8435], [26.0754, 64.8435]]}}, {"type": "Feature", "properties": {"osm_type": "line", "voltage_kv": 400.0, "name": "Pyh\u00e4nsel\u00e4n \u2013", "name_src": "endpoints", "avail": 0}, "geometry": {"type": "LineString", "coordinates": [[26.0744, 64.844], [26.0745, 64.844], [26.0746, 64.844], [26.0746, 64.844], [26.0747, 64.844]]}}, {"type": "Feature", "properties": {"osm_type": "line", "voltage_kv": 400.0, "name": "Pyh\u00e4nsel\u00e4n \u2013", "name_src": "endpoints", "avail": 0}, "geometry": {"type": "LineString", "coordinates": [[26.0747, 64.844], [26.0751, 64.8441], [26.0755, 64.8442], [26.0759, 64.8443]]}}, {"type": "Feature", "properties": {"osm_type": "line", "voltage_kv": 400.0, "name": "Pyh\u00e4nselk\u00e4 - Nuojuankangas", "avail": 0}, "geometry": {"type": "LineString", "coordinates": [[26.6921, 64.5829], [26.6955, 64.5812], [26.6979, 64.5806]]}}, {"type": "Feature", "properties": {"osm_type": "line", "voltage_kv": 400.0, "name": "Pyh\u00e4nselk\u00e4 - Nuojuankangas", "avail": 0}, "geometry": {"type": "LineString", "coordinates": [[26.4305, 64.7329], [26.4323, 64.7309], [26.4346, 64.7282], [26.4367, 64.7258], [26.4387, 64.7235], [26.441, 64.7209], [26.443, 64.7185], [26.4453, 64.7159], [26.4477, 64.7131], [26.4502, 64.7102], [26.4526, 64.7075], [26.4552, 64.7045], [26.4575, 64.7019], [26.4598, 64.6993], [26.462, 64.6967], [26.4643, 64.6941], [26.4666, 64.6915], [26.4689, 64.6888], [26.4708, 64.6867], [26.4727, 64.6845], [26.4752, 64.6817], [26.4775, 64.6791], [26.4798, 64.6765], [26.482, 64.674], [26.4841, 64.6716], [26.4862, 64.6692], [26.4887, 64.6663], [26.4905, 64.6641], [26.4925, 64.6618], [26.4951, 64.6589], [26.4976, 64.6561], [26.5, 64.6533], [26.5024, 64.6506], [26.5048, 64.6478], [26.5071, 64.6453], [26.5092, 64.6428], [26.5113, 64.6404], [26.5135, 64.6378], [26.5157, 64.6353], [26.5177, 64.6331], [26.5202, 64.6299], [26.5228, 64.627], [26.5249, 64.6248], [26.527, 64.6224], [26.5292, 64.6197], [26.5317, 64.6168], [26.5344, 64.6138], [26.5369, 64.6109], [26.5391, 64.6084], [26.5413, 64.6058], [26.5438, 64.6038], [26.5469, 64.602], [26.5507, 64.6004], [26.5547, 64.599], [26.559, 64.598], [26.5635, 64.5973], [26.5699, 64.5967], [26.5766, 64.596], [26.5827, 64.5954], [26.5881, 64.5949], [26.5945, 64.5942], [26.6019, 64.5935], [26.6069, 64.5929], [26.6117, 64.5924], [26.6189, 64.5916], [26.6259, 64.5909], [26.6326, 64.5901], [26.6392, 64.5894], [26.6458, 64.5887], [26.6521, 64.588], [26.6584, 64.5872], [26.6653, 64.5868], [26.6736, 64.5862], [26.679, 64.5854], [26.6852, 64.5842], [26.6921, 64.5829]]}}, {"type": "Feature", "properties": {"osm_type": "line", "voltage_kv": 220.0, "name": "itenoikea \u2013", "name_src": "endpoints", "avail": 0}, "geometry": {"type": "LineString", "coordinates": [[28.4128, 64.5908], [28.4129, 64.5909], [28.4132, 64.5909], [28.4134, 64.591]]}}, {"type": "Feature", "properties": {"osm_type": "line", "voltage_kv": 400.0, "name": "Pet\u00e4j\u00e4vesi \u2013", "name_src": "endpoints", "avail": 3, "avail_node": "HALKOKANGAS"}, "geometry": {"type": "LineString", "coordinates": [[25.142, 62.2805], [25.1414, 62.2797]]}}, {"type": "Feature", "properties": {"osm_type": "line", "voltage_kv": 400.0, "name": "Pet\u00e4j\u00e4vesi \u2013", "name_src": "endpoints", "avail": 3, "avail_node": "HALKOKANGAS"}, "geometry": {"type": "LineString", "coordinates": [[25.1421, 62.2805], [25.1415, 62.2797]]}}, {"type": "Feature", "properties": {"osm_type": "line", "voltage_kv": 400.0, "name": "Pet\u00e4j\u00e4vesi \u2013", "name_src": "endpoints", "avail": 3, "avail_node": "HALKOKANGAS"}, "geometry": {"type": "LineString", "coordinates": [[25.1422, 62.2804], [25.1416, 62.2797]]}}, {"type": "Feature", "properties": {"osm_type": "line", "voltage_kv": 400.0, "name": "Pet\u00e4j\u00e4vesi \u2013", "name_src": "endpoints", "avail": 3, "avail_node": "HALKOKANGAS"}, "geometry": {"type": "LineString", "coordinates": [[25.1432, 62.2803], [25.1425, 62.2795]]}}, {"type": "Feature", "properties": {"osm_type": "line", "voltage_kv": 400.0, "name": "Pet\u00e4j\u00e4vesi \u2013", "name_src": "endpoints", "avail": 3, "avail_node": "HALKOKANGAS"}, "geometry": {"type": "LineString", "coordinates": [[25.1433, 62.2803], [25.1426, 62.2795]]}}, {"type": "Feature", "properties": {"osm_type": "line", "voltage_kv": 400.0, "name": "Pet\u00e4j\u00e4vesi \u2013", "name_src": "endpoints", "avail": 3, "avail_node": "HALKOKANGAS"}, "geometry": {"type": "LineString", "coordinates": [[25.1434, 62.2802], [25.1427, 62.2795]]}}, {"type": "Feature", "properties": {"osm_type": "line", "voltage_kv": 400.0, "name": "K\u00e4rppi\u00f6 \u2013", "name_src": "endpoints", "avail": 0}, "geometry": {"type": "LineString", "coordinates": [[21.6506, 62.4835], [21.653, 62.4833]]}}, {"type": "Feature", "properties": {"osm_type": "line", "voltage_kv": 400.0, "name": "K\u00e4rppi\u00f6 \u2013", "name_src": "endpoints", "avail": 0}, "geometry": {"type": "LineString", "coordinates": [[21.6504, 62.4829], [21.6528, 62.4827]]}}, {"type": "Feature", "properties": {"osm_type": "line", "voltage_kv": 400.0, "name": "K\u00e4rppi\u00f6 \u2013", "name_src": "endpoints", "avail": 0}, "geometry": {"type": "LineString", "coordinates": [[21.6519, 62.4831], [21.6519, 62.4823], [21.6519, 62.4822]]}}, {"type": "Feature", "properties": {"osm_type": "line", "voltage_kv": 400.0, "name": "K\u00e4rppi\u00f6 \u2013", "name_src": "endpoints", "avail": 0}, "geometry": {"type": "LineString", "coordinates": [[21.6527, 62.483], [21.6528, 62.4822], [21.6528, 62.4821]]}}, {"type": "Feature", "properties": {"osm_type": "line", "voltage_kv": 400.0, "name": "Kristinestad - K\u00e4rppi\u00f6", "avail": 0}, "geometry": {"type": "LineString", "coordinates": [[21.6507, 62.4832], [21.6495, 62.4823], [21.648, 62.4807], [21.6472, 62.4784], [21.6458, 62.4747], [21.6445, 62.4712], [21.6435, 62.4685], [21.6431, 62.4661]]}}, {"type": "Feature", "properties": {"osm_type": "line", "voltage_kv": 220.0, "name": "Vajukoski \u2013", "name_src": "endpoints", "avail": 0}, "geometry": {"type": "LineString", "coordinates": [[26.8099, 67.6951], [26.8088, 67.6951], [26.8081, 67.6951]]}}, {"type": "Feature", "properties": {"osm_type": "line", "voltage_kv": 220.0, "name": "Vajukoski \u2013", "name_src": "endpoints", "avail": 0}, "geometry": {"type": "LineString", "coordinates": [[26.8098, 67.6948], [26.8088, 67.6949], [26.808, 67.6949]]}}, {"type": "Feature", "properties": {"osm_type": "line", "voltage_kv": 400.0, "avail": 0}, "geometry": {"type": "LineString", "coordinates": [[21.4699, 61.2428], [21.4698, 61.2425], [21.4697, 61.2424], [21.4697, 61.2422], [21.4696, 61.2421]]}}, {"type": "Feature", "properties": {"osm_type": "line", "voltage_kv": 400.0, "avail": 0}, "geometry": {"type": "LineString", "coordinates": [[21.4699, 61.2428], [21.47, 61.2431], [21.4701, 61.2432], [21.4702, 61.2434], [21.4703, 61.2436]]}}, {"type": "Feature", "properties": {"osm_type": "line", "voltage_kv": 400.0, "avail": 0}, "geometry": {"type": "LineString", "coordinates": [[21.4708, 61.242], [21.4709, 61.2421], [21.4709, 61.2422], [21.471, 61.2424], [21.4712, 61.2427]]}}, {"type": "Feature", "properties": {"osm_type": "line", "voltage_kv": 400.0, "avail": 0}, "geometry": {"type": "LineString", "coordinates": [[21.4712, 61.2427], [21.4712, 61.2429], [21.4713, 61.2431], [21.4714, 61.2433], [21.4715, 61.2435]]}}, {"type": "Feature", "properties": {"osm_type": "line", "voltage_kv": 400.0, "avail": 0}, "geometry": {"type": "LineString", "coordinates": [[21.473, 61.2432], [21.4708, 61.2433]]}}, {"type": "Feature", "properties": {"osm_type": "line", "voltage_kv": 400.0, "avail": 0}, "geometry": {"type": "LineString", "coordinates": [[21.4707, 61.243], [21.4729, 61.2428]]}}, {"type": "Feature", "properties": {"osm_type": "line", "voltage_kv": 400.0, "avail": 0}, "geometry": {"type": "LineString", "coordinates": [[21.4727, 61.2424], [21.4704, 61.2425]]}}, {"type": "Feature", "properties": {"osm_type": "line", "voltage_kv": 400.0, "avail": 0}, "geometry": {"type": "LineString", "coordinates": [[21.4703, 61.2422], [21.4725, 61.242]]}}, {"type": "Feature", "properties": {"osm_type": "line", "voltage_kv": 400.0, "avail": 0}, "geometry": {"type": "LineString", "coordinates": [[21.4679, 61.2426], [21.4704, 61.2423]]}}, {"type": "Feature", "properties": {"osm_type": "line", "voltage_kv": 400.0, "avail": 0}, "geometry": {"type": "LineString", "coordinates": [[21.4707, 61.243], [21.4706, 61.243], [21.47, 61.2431]]}}, {"type": "Feature", "properties": {"osm_type": "line", "voltage_kv": 400.0, "avail": 0}, "geometry": {"type": "LineString", "coordinates": [[21.4707, 61.243], [21.4707, 61.243], [21.4712, 61.2429]]}}, {"type": "Feature", "properties": {"osm_type": "line", "voltage_kv": 400.0, "avail": 0}, "geometry": {"type": "LineString", "coordinates": [[21.4707, 61.2432], [21.4707, 61.2432], [21.4701, 61.2432]]}}, {"type": "Feature", "properties": {"osm_type": "line", "voltage_kv": 400.0, "avail": 0}, "geometry": {"type": "LineString", "coordinates": [[21.4707, 61.2432], [21.4708, 61.2432], [21.4713, 61.2431]]}}, {"type": "Feature", "properties": {"osm_type": "line", "voltage_kv": 400.0, "avail": 0}, "geometry": {"type": "LineString", "coordinates": [[21.4708, 61.2433], [21.4708, 61.2433], [21.4702, 61.2434]]}}, {"type": "Feature", "properties": {"osm_type": "line", "voltage_kv": 400.0, "avail": 0}, "geometry": {"type": "LineString", "coordinates": [[21.4708, 61.2433], [21.4709, 61.2433], [21.4714, 61.2433]]}}, {"type": "Feature", "properties": {"osm_type": "line", "voltage_kv": 400.0, "avail": 0}, "geometry": {"type": "LineString", "coordinates": [[21.4704, 61.2425], [21.4704, 61.2425], [21.4698, 61.2425]]}}, {"type": "Feature", "properties": {"osm_type": "line", "voltage_kv": 400.0, "avail": 0}, "geometry": {"type": "LineString", "coordinates": [[21.4704, 61.2425], [21.4705, 61.2425], [21.471, 61.2424]]}}, {"type": "Feature", "properties": {"osm_type": "line", "voltage_kv": 400.0, "avail": 0}, "geometry": {"type": "LineString", "coordinates": [[21.4704, 61.2423], [21.4704, 61.2423], [21.4709, 61.2422]]}}, {"type": "Feature", "properties": {"osm_type": "line", "voltage_kv": 400.0, "avail": 0}, "geometry": {"type": "LineString", "coordinates": [[21.4704, 61.2423], [21.4703, 61.2423], [21.4697, 61.2424]]}}, {"type": "Feature", "properties": {"osm_type": "line", "voltage_kv": 400.0, "avail": 0}, "geometry": {"type": "LineString", "coordinates": [[21.4703, 61.2422], [21.4702, 61.2422], [21.4697, 61.2422]]}}, {"type": "Feature", "properties": {"osm_type": "line", "voltage_kv": 400.0, "avail": 0}, "geometry": {"type": "LineString", "coordinates": [[21.4703, 61.2422], [21.4703, 61.2421], [21.4709, 61.2421]]}}, {"type": "Feature", "properties": {"osm_type": "line", "voltage_kv": 400.0, "avail": 0}, "geometry": {"type": "LineString", "coordinates": [[21.4709, 61.2456], [21.471, 61.2459], [21.4711, 61.2461], [21.4712, 61.2463], [21.4712, 61.2464]]}}, {"type": "Feature", "properties": {"osm_type": "line", "voltage_kv": 400.0, "avail": 0}, "geometry": {"type": "LineString", "coordinates": [[21.4723, 61.2457], [21.4723, 61.2458], [21.4724, 61.246], [21.4725, 61.2461], [21.4726, 61.2463]]}}, {"type": "Feature", "properties": {"osm_type": "line", "voltage_kv": 400.0, "avail": 0}, "geometry": {"type": "LineString", "coordinates": [[21.4719, 61.2462], [21.4712, 61.2463]]}}, {"type": "Feature", "properties": {"osm_type": "line", "voltage_kv": 400.0, "avail": 0}, "geometry": {"type": "LineString", "coordinates": [[21.4719, 61.2462], [21.4725, 61.2461]]}}, {"type": "Feature", "properties": {"osm_type": "line", "voltage_kv": 400.0, "avail": 0}, "geometry": {"type": "LineString", "coordinates": [[21.4718, 61.246], [21.4711, 61.2461]]}}, {"type": "Feature", "properties": {"osm_type": "line", "voltage_kv": 400.0, "avail": 0}, "geometry": {"type": "LineString", "coordinates": [[21.4718, 61.246], [21.4724, 61.246]]}}, {"type": "Feature", "properties": {"osm_type": "line", "voltage_kv": 400.0, "avail": 0}, "geometry": {"type": "LineString", "coordinates": [[21.4717, 61.2459], [21.471, 61.2459]]}}, {"type": "Feature", "properties": {"osm_type": "line", "voltage_kv": 400.0, "avail": 0}, "geometry": {"type": "LineString", "coordinates": [[21.4717, 61.2459], [21.4718, 61.2458], [21.4723, 61.2458]]}}, {"type": "Feature", "properties": {"osm_type": "line", "voltage_kv": 400.0, "avail": 0}, "geometry": {"type": "LineString", "coordinates": [[21.4708, 61.2455], [21.4704, 61.2438]]}}, {"type": "Feature", "properties": {"osm_type": "line", "voltage_kv": 400.0, "avail": 0}, "geometry": {"type": "LineString", "coordinates": [[21.4723, 61.2455], [21.4716, 61.2436]]}}, {"type": "Feature", "properties": {"osm_type": "line", "voltage_kv": 400.0, "avail": 0}, "geometry": {"type": "LineString", "coordinates": [[21.4704, 61.2438], [21.4703, 61.2436]]}}, {"type": "Feature", "properties": {"osm_type": "line", "voltage_kv": 400.0, "avail": 0}, "geometry": {"type": "LineString", "coordinates": [[21.4716, 61.2436], [21.4715, 61.2435]]}}, {"type": "Feature", "properties": {"osm_type": "line", "voltage_kv": 400.0, "avail": 0}, "geometry": {"type": "LineString", "coordinates": [[21.4723, 61.2455], [21.4723, 61.2457]]}}, {"type": "Feature", "properties": {"osm_type": "line", "voltage_kv": 400.0, "avail": 0}, "geometry": {"type": "LineString", "coordinates": [[21.4708, 61.2455], [21.4709, 61.2456]]}}, {"type": "Feature", "properties": {"osm_type": "line", "voltage_kv": 400.0, "name": "Alaj\u00e4rven \u2013", "name_src": "endpoints", "avail": 0}, "geometry": {"type": "LineString", "coordinates": [[24.1688, 63.0334], [24.1689, 63.0331], [24.1689, 63.0329], [24.1689, 63.0328], [24.1686, 63.0325]]}}, {"type": "Feature", "properties": {"osm_type": "line", "voltage_kv": 400.0, "name": "Alaj\u00e4rvi - Eltoneva", "avail": 0}, "geometry": {"type": "LineString", "coordinates": [[24.1632, 63.0322], [24.1631, 63.0334], [24.1656, 63.0357], [24.1681, 63.038], [24.1693, 63.0401], [24.1695, 63.0434], [24.1697, 63.0468], [24.1698, 63.0502], [24.1701, 63.0537], [24.1703, 63.0571], [24.1705, 63.0601], [24.171, 63.0632], [24.1714, 63.0665], [24.1719, 63.0696], [24.1723, 63.0726], [24.1729, 63.0754], [24.1736, 63.0786], [24.1743, 63.082], [24.1751, 63.0854], [24.1758, 63.0888], [24.1766, 63.0923], [24.1773, 63.0955], [24.1779, 63.0985], [24.1787, 63.1019], [24.1794, 63.1054], [24.1801, 63.1088], [24.1809, 63.1121], [24.1816, 63.1152], [24.1822, 63.1184], [24.1829, 63.1215], [24.1837, 63.1248], [24.1843, 63.1278], [24.185, 63.1311], [24.1858, 63.1345], [24.1864, 63.1376], [24.1871, 63.1404], [24.1877, 63.1433], [24.1883, 63.1462], [24.189, 63.1492], [24.1896, 63.152], [24.1903, 63.1551], [24.1926, 63.1583], [24.195, 63.1613], [24.1973, 63.1643], [24.2, 63.1676], [24.2026, 63.1709], [24.205, 63.174], [24.2074, 63.1771], [24.2095, 63.1798], [24.2119, 63.1829], [24.2144, 63.1861], [24.2168, 63.1892], [24.2192, 63.1922], [24.2216, 63.1953], [24.224, 63.1984], [24.2265, 63.2016], [24.229, 63.2048], [24.2316, 63.2081], [24.2368, 63.2146], [24.2394, 63.2178], [24.2417, 63.2208], [24.2442, 63.2239], [24.2466, 63.227], [24.2488, 63.2299], [24.2513, 63.233], [24.2539, 63.2362], [24.2561, 63.2391], [24.2587, 63.2425], [24.2614, 63.2458], [24.2632, 63.2489], [24.2646, 63.2513], [24.2666, 63.2547], [24.2686, 63.2582], [24.2706, 63.2616], [24.2722, 63.2644], [24.2739, 63.2673], [24.2756, 63.2702], [24.2772, 63.273], [24.2787, 63.2755], [24.2806, 63.2789], [24.2825, 63.2819], [24.2847, 63.2849], [24.2873, 63.2882], [24.2899, 63.2915], [24.2922, 63.2944], [24.2945, 63.2973], [24.2971, 63.3006], [24.2997, 63.3038], [24.3023, 63.307], [24.3049, 63.3103], [24.3073, 63.3134], [24.3099, 63.3166], [24.3121, 63.3194], [24.3143, 63.3221], [24.3167, 63.3252], [24.3186, 63.3276], [24.3207, 63.3302], [24.3231, 63.3332], [24.3255, 63.3363], [24.3276, 63.339], [24.3303, 63.3423], [24.3327, 63.3453], [24.3355, 63.3484], [24.3382, 63.3511], [24.3413, 63.3541], [24.3438, 63.3564], [24.3465, 63.3591], [24.3498, 63.3623], [24.3529, 63.3653], [24.3558, 63.368], [24.3589, 63.371], [24.362, 63.374], [24.3649, 63.3767], [24.3681, 63.3798], [24.3714, 63.383], [24.3747, 63.3862], [24.3779, 63.3893], [24.3812, 63.3924], [24.3845, 63.3956], [24.3874, 63.3984], [24.3902, 63.4011], [24.3931, 63.4039], [24.3964, 63.407], [24.3993, 63.4098], [24.4026, 63.413], [24.4058, 63.416], [24.409, 63.4192], [24.4122, 63.4222], [24.4155, 63.4253], [24.4182, 63.4279], [24.421, 63.4306], [24.4237, 63.4332], [24.4264, 63.4358], [24.4295, 63.4388], [24.4324, 63.4415], [24.4348, 63.4439], [24.4379, 63.4468], [24.4411, 63.4499], [24.4443, 63.453], [24.4474, 63.456], [24.4506, 63.4591], [24.4538, 63.4622], [24.4569, 63.4651], [24.4596, 63.4677], [24.4628, 63.4708], [24.466, 63.4739], [24.4689, 63.4767], [24.4719, 63.4795], [24.4751, 63.4826], [24.4782, 63.4856], [24.4813, 63.4885], [24.4846, 63.4916], [24.4856, 63.4924]]}}, {"type": "Feature", "properties": {"osm_type": "line", "voltage_kv": 400.0, "name": "Pikkarala \u2013", "name_src": "endpoints", "avail": 0}, "geometry": {"type": "LineString", "coordinates": [[25.7358, 64.9173], [25.736, 64.9173], [25.7365, 64.9172], [25.7368, 64.9172], [25.7372, 64.9171], [25.7377, 64.917], [25.7381, 64.917], [25.7385, 64.9169], [25.7387, 64.9169]]}}, {"type": "Feature", "properties": {"osm_type": "line", "voltage_kv": 400.0, "name": "Pikkarala \u2013", "name_src": "endpoints", "avail": 0}, "geometry": {"type": "LineString", "coordinates": [[25.7353, 64.9167], [25.7356, 64.9167], [25.7365, 64.9166], [25.7369, 64.9165], [25.7372, 64.9165], [25.7377, 64.9164], [25.7381, 64.9163], [25.7383, 64.9163]]}}, {"type": "Feature", "properties": {"osm_type": "line", "voltage_kv": 400.0, "name": "Pikkarala \u2013", "name_src": "endpoints", "avail": 0}, "geometry": {"type": "LineString", "coordinates": [[25.7356, 64.9167], [25.7358, 64.917], [25.736, 64.9173]]}}, {"type": "Feature", "properties": {"osm_type": "line", "voltage_kv": 400.0, "name": "Pikkarala \u2013", "name_src": "endpoints", "avail": 0}, "geometry": {"type": "LineString", "coordinates": [[25.7365, 64.9166], [25.7368, 64.9172]]}}, {"type": "Feature", "properties": {"osm_type": "line", "voltage_kv": 400.0, "name": "Pikkarala \u2013", "name_src": "endpoints", "avail": 0}, "geometry": {"type": "LineString", "coordinates": [[25.7369, 64.9165], [25.7372, 64.9171]]}}, {"type": "Feature", "properties": {"osm_type": "line", "voltage_kv": 400.0, "name": "Pikkarala \u2013", "name_src": "endpoints", "avail": 0}, "geometry": {"type": "LineString", "coordinates": [[25.7372, 64.9165], [25.7377, 64.917]]}}, {"type": "Feature", "properties": {"osm_type": "line", "voltage_kv": 400.0, "name": "Pikkarala \u2013", "name_src": "endpoints", "avail": 0}, "geometry": {"type": "LineString", "coordinates": [[25.7377, 64.9164], [25.7381, 64.917]]}}, {"type": "Feature", "properties": {"osm_type": "line", "voltage_kv": 400.0, "name": "Pikkarala \u2013", "name_src": "endpoints", "avail": 0}, "geometry": {"type": "LineString", "coordinates": [[25.7381, 64.9163], [25.7385, 64.9169]]}}, {"type": "Feature", "properties": {"osm_type": "line", "voltage_kv": 400.0, "name": "Pikkarala \u2013", "name_src": "endpoints", "avail": 0}, "geometry": {"type": "LineString", "coordinates": [[25.7362, 64.9169], [25.7365, 64.9172]]}}, {"type": "Feature", "properties": {"osm_type": "line", "voltage_kv": 400.0, "name": "Pikkarala \u2013", "name_src": "endpoints", "avail": 0}, "geometry": {"type": "LineString", "coordinates": [[25.7358, 64.917], [25.7363, 64.9177]]}}, {"type": "Feature", "properties": {"osm_type": "line", "voltage_kv": 400.0, "name": "Pikkarala \u2013", "name_src": "endpoints", "avail": 0}, "geometry": {"type": "LineString", "coordinates": [[25.7362, 64.9169], [25.7372, 64.9176]]}}, {"type": "Feature", "properties": {"osm_type": "line", "voltage_kv": 400.0, "avail": 0}, "geometry": {"type": "LineString", "coordinates": [[27.3593, 61.7146], [27.3613, 61.7127], [27.3642, 61.7099], [27.367, 61.7072], [27.3698, 61.7046], [27.3728, 61.7018], [27.3731, 61.7015], [27.3748, 61.6999], [27.3759, 61.6981], [27.3773, 61.6961], [27.3787, 61.6941], [27.3792, 61.6921], [27.3796, 61.6905], [27.3798, 61.6899], [27.3802, 61.6873], [27.3807, 61.6849], [27.3807, 61.6821], [27.3808, 61.6794], [27.3807, 61.677], [27.3815, 61.674], [27.3825, 61.6717], [27.3829, 61.6698], [27.3832, 61.6677], [27.3835, 61.6657], [27.3842, 61.6643], [27.385, 61.6621], [27.3864, 61.659], [27.387, 61.6569], [27.388, 61.6547], [27.3892, 61.6524], [27.3906, 61.6502], [27.3911, 61.6472], [27.3909, 61.6451], [27.3912, 61.6427], [27.3918, 61.6395], [27.3917, 61.6381], [27.3915, 61.6358], [27.3914, 61.6342], [27.3913, 61.6324], [27.3912, 61.6303], [27.3907, 61.6284], [27.3904, 61.6266], [27.39, 61.6246], [27.3896, 61.6222], [27.3892, 61.6199]]}}, {"type": "Feature", "properties": {"osm_type": "line", "voltage_kv": 400.0, "name": "Espoon \u2013", "name_src": "endpoints", "avail": 0}, "geometry": {"type": "LineString", "coordinates": [[24.5481, 60.205], [24.5487, 60.2051], [24.5494, 60.2051]]}}, {"type": "Feature", "properties": {"osm_type": "line", "voltage_kv": 400.0, "name": "Espoon \u2013", "name_src": "endpoints", "avail": 0}, "geometry": {"type": "LineString", "coordinates": [[24.5502, 60.2055], [24.5487, 60.2051]]}}, {"type": "Feature", "properties": {"osm_type": "line", "voltage_kv": 500.0, "name": "HVDC Fenno-Skan", "avail": 0}, "geometry": {"type": "LineString", "coordinates": [[21.6257, 61.1511], [21.6253, 61.1515]]}}, {"type": "Feature", "properties": {"osm_type": "line", "voltage_kv": 500.0, "name": "HVDC Fenno-Skan 2", "avail": 0}, "geometry": {"type": "LineString", "coordinates": [[21.6265, 61.1523], [21.6269, 61.1524], [21.6271, 61.1522], [21.6268, 61.1519], [21.6257, 61.1511]]}}, {"type": "Feature", "properties": {"osm_type": "line", "voltage_kv": 220.0, "avail": 0}, "geometry": {"type": "LineString", "coordinates": [[24.8926, 66.1429], [24.8927, 66.1428], [24.8928, 66.1426]]}}, {"type": "Feature", "properties": {"osm_type": "line", "voltage_kv": 220.0, "name": "Ossauskoski \u2013", "name_src": "endpoints", "avail": 0}, "geometry": {"type": "LineString", "coordinates": [[25.12, 66.1542], [25.1198, 66.1553], [25.1196, 66.1567], [25.1197, 66.1591], [25.1192, 66.1609], [25.1178, 66.1634], [25.115, 66.1662], [25.1098, 66.1657], [25.1023, 66.165], [25.0949, 66.1643], [25.0871, 66.1635], [25.0797, 66.1628], [25.0721, 66.1621], [25.0645, 66.1613], [25.0572, 66.1606], [25.0496, 66.1599], [25.0422, 66.1592], [25.0343, 66.1584], [25.0266, 66.1576], [25.0188, 66.1569], [25.011, 66.1561], [25.003, 66.1554], [24.9954, 66.1547], [24.989, 66.1541], [24.9812, 66.1533], [24.9732, 66.1525], [24.966, 66.1519], [24.9584, 66.1512], [24.9509, 66.1505], [24.9437, 66.1498], [24.9372, 66.1492], [24.9294, 66.1482], [24.9224, 66.1473], [24.915, 66.1463], [24.9075, 66.1453], [24.9003, 66.1443], [24.8932, 66.1429], [24.8927, 66.1428], [24.8925, 66.1427], [24.886, 66.1415]]}}, {"type": "Feature", "properties": {"osm_type": "line", "voltage_kv": 400.0, "name": "Valkeus - Jylkk\u00e4", "avail": 9, "avail_node": "HIRSIKANGAS"}, "geometry": {"type": "LineString", "coordinates": [[24.5545, 64.4207], [24.5599, 64.4213], [24.5612, 64.422]]}}, {"type": "Feature", "properties": {"osm_type": "line", "voltage_kv": 400.0, "name": "Pyh\u00e4nselk\u00e4 - Valkeus", "avail": 9, "avail_node": "HIRSIKANGAS"}, "geometry": {"type": "LineString", "coordinates": [[24.5626, 64.4215], [24.5647, 64.422], [24.5674, 64.4238], [24.5684, 64.4259], [24.5697, 64.4285]]}}, {"type": "Feature", "properties": {"osm_type": "line", "voltage_kv": 400.0, "name": "Valkeus - Jylkk\u00e4", "avail": 12, "avail_node": "KIVIST\u00d6NKANGAS"}, "geometry": {"type": "LineString", "coordinates": [[24.247, 64.2924], [24.2526, 64.2948], [24.2581, 64.2971], [24.2633, 64.2993], [24.2686, 64.3014], [24.2736, 64.3036], [24.2787, 64.3058], [24.2839, 64.308], [24.2892, 64.3103], [24.2945, 64.3124], [24.2995, 64.3146], [24.3051, 64.3169], [24.3104, 64.3191], [24.3161, 64.3214], [24.3215, 64.3237], [24.3269, 64.326], [24.3325, 64.3282], [24.3373, 64.3303], [24.3419, 64.3322], [24.3471, 64.3343], [24.3525, 64.3366], [24.3581, 64.3389], [24.3632, 64.3409], [24.3684, 64.3431], [24.3736, 64.3452], [24.3783, 64.3472], [24.3836, 64.3494], [24.3882, 64.3514], [24.392, 64.353], [24.3944, 64.3541], [24.3962, 64.3547], [24.4001, 64.3563], [24.4047, 64.3585], [24.4095, 64.3605], [24.4112, 64.3612], [24.4115, 64.3614], [24.4129, 64.362], [24.4181, 64.3641], [24.4233, 64.3663], [24.4289, 64.3686], [24.4338, 64.3707], [24.4389, 64.3728], [24.4441, 64.375], [24.4494, 64.3771], [24.4547, 64.3793], [24.4599, 64.3815], [24.464, 64.3834], [24.4653, 64.3838], [24.4707, 64.386], [24.4762, 64.3883], [24.4817, 64.3906], [24.487, 64.3928], [24.4918, 64.3948], [24.4974, 64.3971], [24.5027, 64.3993], [24.5082, 64.4015], [24.5135, 64.4038], [24.5191, 64.4061], [24.5246, 64.4083], [24.5296, 64.4104], [24.5351, 64.4127], [24.5404, 64.4149], [24.5455, 64.417], [24.5501, 64.4189], [24.5545, 64.4207]]}}, {"type": "Feature", "properties": {"osm_type": "line", "voltage_kv": 400.0, "name": "Kristinestad - Arkkukallio", "avail": 0}, "geometry": {"type": "LineString", "coordinates": [[21.4297, 62.2847], [21.4385, 62.2843], [21.4459, 62.2843], [21.4536, 62.2843], [21.4601, 62.2843], [21.4666, 62.2842], [21.4731, 62.2845], [21.4796, 62.2849], [21.4861, 62.2852], [21.492, 62.287], [21.4976, 62.2888], [21.5043, 62.2909], [21.5103, 62.2928], [21.5167, 62.2948], [21.5238, 62.2969], [21.5304, 62.299], [21.5376, 62.3012], [21.5439, 62.3029], [21.5489, 62.3041], [21.5558, 62.3059], [21.5632, 62.3078], [21.5703, 62.3096], [21.5775, 62.3114], [21.5835, 62.3129], [21.5892, 62.3144], [21.5957, 62.316], [21.6009, 62.3174], [21.6084, 62.3192], [21.6142, 62.3207], [21.614, 62.3177], [21.6137, 62.314], [21.6136, 62.3104], [21.6135, 62.3068], [21.6134, 62.303], [21.6133, 62.2993], [21.6133, 62.2961], [21.6132, 62.2928], [21.6131, 62.2896], [21.613, 62.2862], [21.6129, 62.2831], [21.6133, 62.2794], [21.6132, 62.2758], [21.6131, 62.2723], [21.6131, 62.269], [21.6131, 62.2654], [21.6131, 62.2618], [21.6132, 62.2582], [21.6133, 62.2546], [21.6133, 62.2507], [21.6139, 62.2469], [21.615, 62.2431], [21.6163, 62.2394], [21.6179, 62.2359], [21.6193, 62.2332], [21.6205, 62.2298], [21.6225, 62.2264], [21.6247, 62.2226], [21.6266, 62.2194], [21.6292, 62.2156], [21.6324, 62.2123], [21.6355, 62.2088], [21.6379, 62.2058], [21.6405, 62.2025], [21.644, 62.1992], [21.6469, 62.196], [21.6492, 62.1925], [21.6514, 62.189], [21.6526, 62.1854], [21.6537, 62.1814], [21.6548, 62.178], [21.6557, 62.1743], [21.6565, 62.1704], [21.6573, 62.1667], [21.6581, 62.163], [21.6588, 62.1596], [21.6596, 62.1561], [21.6603, 62.1526], [21.6612, 62.1491], [21.6618, 62.1469], [21.6622, 62.1455], [21.6633, 62.1424], [21.6649, 62.1384], [21.6663, 62.1349], [21.6678, 62.1312], [21.6692, 62.1278], [21.6696, 62.1268], [21.6706, 62.1243], [21.6717, 62.1211], [21.6722, 62.1183], [21.6714, 62.1173]]}}, {"type": "Feature", "properties": {"osm_type": "line", "voltage_kv": 400.0, "name": "Kristinestad \u2013", "name_src": "endpoints", "avail": 0}, "geometry": {"type": "LineString", "coordinates": [[21.3778, 62.2933], [21.3761, 62.2934]]}}, {"type": "Feature", "properties": {"osm_type": "line", "voltage_kv": 400.0, "name": "Alaj\u00e4rven \u2013", "name_src": "endpoints", "avail": 0}, "geometry": {"type": "LineString", "coordinates": [[24.1677, 63.0329], [24.1678, 63.0328], [24.1676, 63.0325]]}}, {"type": "Feature", "properties": {"osm_type": "line", "voltage_kv": 400.0, "name": "Alaj\u00e4rven \u2013", "name_src": "endpoints", "avail": 0}, "geometry": {"type": "LineString", "coordinates": [[24.1635, 63.0323], [24.1639, 63.0334]]}}, {"type": "Feature", "properties": {"osm_type": "line", "voltage_kv": 220.0, "name": "Pirttikoski - Kellarij\u00e4nk\u00e4", "avail": 0}, "geometry": {"type": "LineString", "coordinates": [[27.1455, 66.341], [27.1413, 66.3411], [27.1378, 66.3422], [27.1351, 66.3434], [27.1324, 66.3454], [27.1303, 66.347], [27.1276, 66.349], [27.1253, 66.3508], [27.1238, 66.3521], [27.1226, 66.3537], [27.1222, 66.3563], [27.1225, 66.3585], [27.1229, 66.3606], [27.1237, 66.3625], [27.1245, 66.3647], [27.1253, 66.367], [27.1261, 66.3689], [27.1275, 66.3711], [27.1286, 66.3726], [27.1303, 66.3741], [27.1329, 66.3758], [27.1362, 66.3777], [27.1392, 66.3794], [27.1423, 66.3812], [27.1446, 66.383], [27.1465, 66.3848], [27.1488, 66.3868], [27.1508, 66.3887], [27.1532, 66.3908], [27.1555, 66.3929], [27.1578, 66.3949], [27.1597, 66.3966], [27.1617, 66.3984], [27.164, 66.4004], [27.1662, 66.4024], [27.1677, 66.4037], [27.1692, 66.4058], [27.1703, 66.4077], [27.1708, 66.4092], [27.1707, 66.4113], [27.1703, 66.4137], [27.17, 66.4162], [27.1697, 66.4187], [27.1686, 66.4207], [27.1606, 66.4292], [27.1576, 66.4337], [27.1535, 66.4402], [27.1466, 66.4515], [27.1398, 66.463], [27.1361, 66.4686], [27.1313, 66.477], [27.1298, 66.4799], [27.1292, 66.4856], [27.128, 66.4916], [27.1265, 66.4987], [27.1246, 66.5073], [27.1246, 66.5127], [27.1241, 66.5143], [27.1214, 66.5174], [27.1165, 66.5223], [27.1142, 66.5248], [27.112, 66.5273], [27.1108, 66.533], [27.1119, 66.5354], [27.1232, 66.5472], [27.129, 66.5516], [27.1319, 66.5537], [27.1338, 66.5551], [27.1366, 66.557], [27.1394, 66.5589], [27.1422, 66.5608], [27.1437, 66.5627], [27.1454, 66.5649], [27.1471, 66.5664], [27.1503, 66.5686], [27.1549, 66.5713], [27.1585, 66.5734], [27.1616, 66.5753], [27.165, 66.5772], [27.1716, 66.5811], [27.1774, 66.5844], [27.1796, 66.5858], [27.1824, 66.5881], [27.1843, 66.5898], [27.187, 66.5921], [27.1898, 66.5944], [27.192, 66.5965], [27.1943, 66.5984], [27.1957, 66.6003], [27.1969, 66.6025], [27.1975, 66.6038], [27.198, 66.6047], [27.2001, 66.6089], [27.2008, 66.6128], [27.2015, 66.6171], [27.2019, 66.6192], [27.2021, 66.6208], [27.2024, 66.6251], [27.2024, 66.6269], [27.2026, 66.6289], [27.2027, 66.6309], [27.2028, 66.6327], [27.2029, 66.6347], [27.203, 66.6362], [27.2034, 66.6384], [27.204, 66.6407], [27.2044, 66.643], [27.2046, 66.645], [27.2049, 66.6471], [27.2055, 66.6496], [27.2063, 66.6538], [27.2069, 66.6578], [27.2073, 66.6598], [27.2094, 66.666], [27.2101, 66.668], [27.2114, 66.6698], [27.2125, 66.6715], [27.2138, 66.6734], [27.2145, 66.6748], [27.2171, 66.6765], [27.2202, 66.6784], [27.2232, 66.6804], [27.2246, 66.6819], [27.2266, 66.6837], [27.2287, 66.6858], [27.2307, 66.6879], [27.2328, 66.6899], [27.2349, 66.692], [27.2373, 66.6944], [27.2394, 66.6966], [27.2417, 66.6989], [27.2432, 66.7004], [27.245, 66.7023], [27.2472, 66.7046], [27.2488, 66.7063], [27.2507, 66.7083], [27.2522, 66.7098], [27.2542, 66.7119], [27.2563, 66.714], [27.2579, 66.7157], [27.2591, 66.717], [27.2614, 66.7193], [27.2636, 66.7216], [27.2658, 66.7239], [27.2677, 66.7258], [27.2694, 66.7276], [27.271, 66.7291], [27.2728, 66.7311], [27.2751, 66.7334], [27.2775, 66.7358], [27.2799, 66.7382], [27.2821, 66.7402], [27.2834, 66.7416], [27.2844, 66.7431], [27.2857, 66.7449], [27.2867, 66.7464], [27.2877, 66.7478], [27.2885, 66.749], [27.2885, 66.7491]]}}, {"type": "Feature", "properties": {"osm_type": "line", "voltage_kv": 400.0, "name": "Isokangas \u2013", "name_src": "endpoints", "avail": 0}, "geometry": {"type": "LineString", "coordinates": [[25.6941, 65.2659], [25.6961, 65.2659]]}}, {"type": "Feature", "properties": {"osm_type": "line", "voltage_kv": 400.0, "name": "Isokangas \u2013", "name_src": "endpoints", "avail": 0}, "geometry": {"type": "LineString", "coordinates": [[25.6941, 65.2665], [25.6962, 65.2664]]}}, {"type": "Feature", "properties": {"osm_type": "line", "voltage_kv": 400.0, "name": "Isokangas \u2013", "name_src": "endpoints", "avail": 0}, "geometry": {"type": "LineString", "coordinates": [[25.6943, 65.2662], [25.6941, 65.2668], [25.694, 65.2668]]}}, {"type": "Feature", "properties": {"osm_type": "line", "voltage_kv": 400.0, "name": "Aurora Line", "avail": 0}, "geometry": {"type": "LineString", "coordinates": [[25.0982, 65.7152], [25.0971, 65.7162], [25.0945, 65.7183], [25.0909, 65.7205], [25.0852, 65.7232], [25.079, 65.7261], [25.0726, 65.7291], [25.0664, 65.732], [25.0603, 65.7348], [25.0541, 65.7378], [25.0478, 65.7407], [25.0419, 65.7435], [25.0355, 65.7465], [25.0292, 65.7494], [25.023, 65.7523], [25.0169, 65.7554], [25.0112, 65.7583], [25.0056, 65.7612], [25.0, 65.7641], [24.9943, 65.767], [24.9886, 65.7699], [24.9839, 65.7725], [24.9786, 65.7756], [24.9738, 65.7786], [24.9686, 65.7818], [24.9641, 65.7851], [24.9628, 65.7887], [24.9622, 65.7925], [24.9604, 65.796], [24.9561, 65.7985], [24.952, 65.8008], [24.9476, 65.8033], [24.941, 65.8057], [24.9342, 65.8082], [24.9248, 65.8098], [24.9183, 65.8109], [24.912, 65.8128], [24.9065, 65.8151], [24.9012, 65.8173], [24.8959, 65.8196], [24.8904, 65.8219], [24.8843, 65.8236], [24.8784, 65.8264], [24.8732, 65.8294], [24.8678, 65.8324], [24.8616, 65.8354], [24.8557, 65.8382], [24.8498, 65.841], [24.8436, 65.8439], [24.8377, 65.8467], [24.8351, 65.8484], [24.8327, 65.85], [24.8283, 65.8532], [24.8238, 65.8566], [24.8194, 65.8599], [24.8147, 65.8632], [24.8102, 65.866], [24.8048, 65.8693], [24.7997, 65.8725], [24.7935, 65.8755], [24.7873, 65.8785], [24.7818, 65.8812], [24.7753, 65.8843], [24.7694, 65.8872], [24.7631, 65.8903], [24.758, 65.8928], [24.751, 65.8953], [24.7441, 65.8977], [24.7373, 65.9001], [24.7312, 65.902], [24.7229, 65.9037], [24.714, 65.9053], [24.703, 65.9073], [24.6949, 65.9081], [24.6875, 65.9088], [24.6781, 65.9094], [24.6693, 65.9099], [24.6618, 65.9103], [24.6532, 65.9107], [24.6459, 65.9111], [24.6407, 65.9118], [24.6348, 65.9118], [24.6285, 65.9119], [24.6202, 65.9123], [24.6114, 65.9127], [24.6018, 65.913], [24.5922, 65.9134], [24.5846, 65.9137], [24.5793, 65.9139], [24.5716, 65.9142], [24.5649, 65.9145], [24.5574, 65.9148], [24.5489, 65.9151], [24.5404, 65.9156], [24.5321, 65.9162], [24.5243, 65.917], [24.5148, 65.9177], [24.5067, 65.9184], [24.5003, 65.9189], [24.4976, 65.9191]]}}, {"type": "Feature", "properties": {"osm_type": "line", "voltage_kv": 400.0, "name": "Aurora Line", "avail": 0}, "geometry": {"type": "LineString", "coordinates": [[25.668, 65.512], [25.6629, 65.5135], [25.6613, 65.5165], [25.6585, 65.5184], [25.6546, 65.521], [25.6502, 65.5239], [25.6458, 65.5268], [25.6411, 65.5294], [25.6362, 65.5321], [25.6309, 65.5351], [25.626, 65.5378], [25.6205, 65.5409], [25.6152, 65.5438], [25.6106, 65.547], [25.6063, 65.5485], [25.6009, 65.5509], [25.595, 65.5529], [25.5882, 65.5553], [25.5815, 65.5575], [25.5746, 65.5597], [25.568, 65.5619], [25.5617, 65.5641], [25.5541, 65.5666], [25.5467, 65.569], [25.5401, 65.5717], [25.5337, 65.5745], [25.5287, 65.5767], [25.5238, 65.5789], [25.5194, 65.5809], [25.5137, 65.5834], [25.5088, 65.5855], [25.5036, 65.5878], [25.4978, 65.5904], [25.492, 65.5929], [25.4866, 65.5953], [25.4813, 65.5976], [25.4795, 65.5989], [25.477, 65.6011], [25.4728, 65.6042], [25.467, 65.6075], [25.4609, 65.6109], [25.456, 65.6136], [25.4514, 65.616], [25.4468, 65.6183], [25.4413, 65.6201], [25.4356, 65.6218], [25.4299, 65.6244], [25.4241, 65.6274], [25.4183, 65.6304], [25.4122, 65.6332], [25.4074, 65.6355], [25.4028, 65.6377], [25.3983, 65.6398], [25.391, 65.6422], [25.3838, 65.6445], [25.3764, 65.6465], [25.3692, 65.6484], [25.362, 65.6504], [25.354, 65.6525], [25.3463, 65.6542], [25.3384, 65.6555], [25.3293, 65.6571], [25.32, 65.6588], [25.3122, 65.6601], [25.3038, 65.6617], [25.2957, 65.663], [25.2873, 65.6645], [25.2788, 65.6661], [25.2705, 65.6677], [25.2619, 65.6693], [25.2533, 65.6709], [25.2446, 65.6726], [25.2366, 65.6741], [25.2278, 65.6757], [25.2189, 65.6774], [25.2104, 65.679], [25.2015, 65.6807], [25.1924, 65.6824], [25.1841, 65.6839], [25.1762, 65.6854], [25.1675, 65.6871], [25.1592, 65.6886], [25.1526, 65.6903], [25.147, 65.6922], [25.1421, 65.6944], [25.1367, 65.6972], [25.1309, 65.7002], [25.1253, 65.7032], [25.1196, 65.7064], [25.1135, 65.7093], [25.1074, 65.7124], [25.0998, 65.7145], [25.0978, 65.7151]]}}, {"type": "Feature", "properties": {"osm_type": "line", "voltage_kv": 220.0, "name": "Taivalkosken \u2013", "name_src": "endpoints", "avail": 0}, "geometry": {"type": "LineString", "coordinates": [[24.724, 65.9269], [24.7192, 65.9269], [24.7144, 65.9269]]}}, {"type": "Feature", "properties": {"osm_type": "line", "voltage_kv": 220.0, "name": "Ossauskoski - Taivalkoski", "avail": 0}, "geometry": {"type": "LineString", "coordinates": [[24.7144, 65.9269], [24.714, 65.9285]]}}, {"type": "Feature", "properties": {"osm_type": "line", "voltage_kv": 400.0, "name": "Kangasalan \u2013", "name_src": "endpoints", "avail": 6, "avail_node": "RUUTANA"}, "geometry": {"type": "LineString", "coordinates": [[23.9798, 61.4973], [23.9795, 61.4966]]}}, {"type": "Feature", "properties": {"osm_type": "line", "voltage_kv": 400.0, "name": "Aurora Line", "avail": 0}, "geometry": {"type": "LineString", "coordinates": [[25.8876, 65.3823], [25.883, 65.3846], [25.878, 65.3872], [25.8727, 65.3897], [25.8665, 65.3925], [25.8598, 65.3948], [25.8527, 65.3973], [25.8486, 65.4005], [25.8449, 65.4039], [25.8412, 65.4071], [25.8371, 65.4106], [25.8324, 65.414], [25.8278, 65.4172], [25.8243, 65.4196], [25.8206, 65.4222], [25.816, 65.4255], [25.8117, 65.4285], [25.8076, 65.4314], [25.8029, 65.4347], [25.7984, 65.4379], [25.7941, 65.4409], [25.7901, 65.4438], [25.7854, 65.4471], [25.7813, 65.45], [25.7778, 65.4525], [25.7742, 65.455], [25.7701, 65.4581], [25.7655, 65.4608], [25.7608, 65.4636], [25.7565, 65.4661], [25.7519, 65.4688], [25.747, 65.4716], [25.7413, 65.4748], [25.737, 65.4769], [25.733, 65.4789], [25.7286, 65.4814], [25.7233, 65.4845], [25.7177, 65.4873], [25.712, 65.4902], [25.7064, 65.493], [25.7008, 65.4958], [25.6953, 65.4985], [25.6897, 65.5014], [25.6844, 65.504], [25.6796, 65.5064], [25.6739, 65.5092], [25.668, 65.512]]}}, {"type": "Feature", "properties": {"osm_type": "line", "voltage_kv": 400.0, "name": "Pyh\u00e4nsel\u00e4n \u2013", "name_src": "endpoints", "avail": 0}, "geometry": {"type": "LineString", "coordinates": [[26.0755, 64.8442], [26.0757, 64.8441], [26.0758, 64.844], [26.0759, 64.8439], [26.0761, 64.8438], [26.0762, 64.8437]]}}, {"type": "Feature", "properties": {"osm_type": "line", "voltage_kv": 400.0, "name": "Aurora Line", "avail": 0}, "geometry": {"type": "LineString", "coordinates": [[26.076, 64.844], [26.0745, 64.8452], [26.0728, 64.8466], [26.0704, 64.8491], [26.0652, 64.853], [26.0611, 64.8558], [26.0566, 64.8589], [26.0518, 64.8621], [26.0471, 64.8653], [26.043, 64.8679], [26.0394, 64.8702], [26.0394, 64.8719], [26.04, 64.8737], [26.0413, 64.8757], [26.0435, 64.8783], [26.0459, 64.8814], [26.0484, 64.8845], [26.0509, 64.8876], [26.0531, 64.8904], [26.0553, 64.8933], [26.057, 64.896], [26.0579, 64.8994], [26.0596, 64.903], [26.0621, 64.9067], [26.064, 64.9099], [26.0653, 64.9129], [26.0665, 64.9159], [26.068, 64.9197], [26.0691, 64.923], [26.0703, 64.9266], [26.0713, 64.9302], [26.0719, 64.9337], [26.0724, 64.9374], [26.0732, 64.9412], [26.0748, 64.9448], [26.072, 64.9477], [26.068, 64.9507], [26.064, 64.9535], [26.0602, 64.9563], [26.0563, 64.9593], [26.052, 64.9625], [26.048, 64.9657], [26.0439, 64.9691], [26.0404, 64.972], [26.0365, 64.975], [26.0329, 64.978], [26.0307, 64.9815], [26.0297, 64.9851], [26.0321, 64.9883], [26.0345, 64.9916], [26.0373, 64.9946], [26.0397, 64.998], [26.04, 65.0013], [26.0386, 65.0043], [26.0373, 65.0071], [26.0352, 65.011], [26.0321, 65.0144], [26.029, 65.0176], [26.0252, 65.0207], [26.0213, 65.0239], [26.0172, 65.0271], [26.0114, 65.0297], [26.0081, 65.0332], [26.009, 65.0371], [26.0099, 65.0406], [26.0106, 65.0438], [26.0121, 65.0465], [26.014, 65.0495], [26.0165, 65.053], [26.0191, 65.0563], [26.0213, 65.0598], [26.0241, 65.0631], [26.0267, 65.0663], [26.0296, 65.0697], [26.0324, 65.0731], [26.0349, 65.0762], [26.0375, 65.0792], [26.0401, 65.0823], [26.0426, 65.0853], [26.0446, 65.0891], [26.0463, 65.0922], [26.0477, 65.0956], [26.0492, 65.0992], [26.0506, 65.1027], [26.0518, 65.1063], [26.0531, 65.1099], [26.0546, 65.1133], [26.0546, 65.1162], [26.0547, 65.1195], [26.0551, 65.1231], [26.0555, 65.1266], [26.0559, 65.1302], [26.0569, 65.1331], [26.0579, 65.1359], [26.0591, 65.1396], [26.0604, 65.1435], [26.0616, 65.147], [26.0627, 65.1504], [26.0641, 65.1538], [26.0663, 65.1574], [26.068, 65.1608], [26.07, 65.165], [26.0701, 65.168], [26.0702, 65.171], [26.0703, 65.1741], [26.0693, 65.1776], [26.0675, 65.1811], [26.0647, 65.1845], [26.0613, 65.1873], [26.0574, 65.1905], [26.0544, 65.1938], [26.0516, 65.197], [26.0488, 65.2005], [26.0461, 65.2038], [26.043, 65.2073], [26.041, 65.2108], [26.0394, 65.2137], [26.0377, 65.2166], [26.0358, 65.22], [26.0338, 65.2234], [26.0315, 65.2269], [26.0293, 65.2304], [26.0272, 65.2334], [26.0249, 65.2368], [26.0224, 65.2405], [26.02, 65.244], [26.0176, 65.2476], [26.0149, 65.2506], [26.0116, 65.2542], [26.0091, 65.257], [26.0053, 65.2608], [26.0022, 65.2641], [25.9991, 65.2672], [25.9961, 65.2704], [25.9932, 65.2733], [25.9903, 65.2763], [25.9872, 65.2796], [25.9837, 65.283], [25.9807, 65.2865], [25.9777, 65.2901], [25.9746, 65.2937], [25.9715, 65.2974], [25.9684, 65.301], [25.9654, 65.3045], [25.962, 65.3082], [25.9588, 65.3117], [25.9558, 65.3151], [25.9533, 65.3179], [25.9504, 65.321], [25.9476, 65.3237], [25.9455, 65.3267], [25.9426, 65.3301], [25.9395, 65.3337], [25.9362, 65.3375], [25.9337, 65.3408], [25.9306, 65.3445], [25.9276, 65.3478], [25.9244, 65.3511], [25.9212, 65.3542], [25.9194, 65.3572], [25.9171, 65.3616], [25.9152, 65.3655], [25.9139, 65.3689], [25.9084, 65.3717], [25.9022, 65.3748], [25.8959, 65.3781], [25.8899, 65.3811], [25.8876, 65.3823]]}}, {"type": "Feature", "properties": {"osm_type": "line", "voltage_kv": 400.0, "name": "Keminmaa - Viitaj\u00e4rvi", "avail": 0}, "geometry": {"type": "LineString", "coordinates": [[24.5272, 65.8886], [24.5286, 65.8895], [24.528, 65.8928], [24.5283, 65.896], [24.5285, 65.8992], [24.5283, 65.9021], [24.5275, 65.9055], [24.5265, 65.9091], [24.5262, 65.9127], [24.526, 65.9151], [24.5259, 65.9165], [24.5206, 65.9169], [24.5143, 65.9174], [24.5068, 65.918], [24.5001, 65.9185], [24.4975, 65.9187]]}}, {"type": "Feature", "properties": {"osm_type": "line", "voltage_kv": 400.0, "name": "Aurora Line", "avail": 0}, "geometry": {"type": "LineString", "coordinates": [[23.8218, 66.1714], [23.8295, 66.1722], [23.8339, 66.1726], [23.8401, 66.1733], [23.8457, 66.1738], [23.8513, 66.1744], [23.8591, 66.1752], [23.8677, 66.1761], [23.8744, 66.1768], [23.8821, 66.1776], [23.8894, 66.1784], [23.898, 66.1792], [23.9074, 66.1797], [23.9152, 66.1802], [23.9247, 66.1807], [23.9343, 66.1813], [23.9406, 66.1786], [23.9458, 66.1754], [23.9496, 66.1718], [23.9534, 66.1681], [23.9572, 66.1645], [23.961, 66.1608], [23.9644, 66.1575], [23.9682, 66.1539], [23.9716, 66.1506], [23.9749, 66.1475], [23.9788, 66.1438], [23.9826, 66.1402], [23.9864, 66.1365], [23.9901, 66.1329], [23.994, 66.1293], [23.9982, 66.1257], [24.0023, 66.1221], [24.0062, 66.1186], [24.0103, 66.115], [24.0111, 66.1114], [24.0116, 66.1078], [24.0146, 66.105], [24.019, 66.1023], [24.0243, 66.0996], [24.0305, 66.0973], [24.0338, 66.0944], [24.0371, 66.0914], [24.0403, 66.0886], [24.0435, 66.0858], [24.0467, 66.083], [24.0517, 66.0798], [24.0567, 66.0766], [24.0617, 66.0734], [24.0667, 66.0703], [24.0719, 66.067], [24.0767, 66.064], [24.0815, 66.0609], [24.0859, 66.0591], [24.0907, 66.0561], [24.0954, 66.0531], [24.1, 66.0502], [24.105, 66.047], [24.11, 66.0439], [24.1146, 66.0409], [24.1188, 66.0383], [24.1236, 66.0352], [24.1279, 66.0325], [24.1323, 66.0297], [24.1367, 66.0269], [24.1412, 66.024], [24.1455, 66.0213], [24.1503, 66.0183], [24.1551, 66.0152], [24.1599, 66.0122], [24.1646, 66.0092], [24.1696, 66.006], [24.1741, 66.0031], [24.1785, 66.0004], [24.1828, 65.9976], [24.1868, 65.995], [24.1906, 65.9926], [24.1941, 65.9887], [24.1975, 65.985], [24.2, 65.9822], [24.2025, 65.9795], [24.2052, 65.9765], [24.2084, 65.9728], [24.2114, 65.9694], [24.2144, 65.9661], [24.2174, 65.9628], [24.22, 65.9599], [24.223, 65.9565], [24.226, 65.9532], [24.229, 65.9497], [24.236, 65.9464], [24.2427, 65.9446], [24.2512, 65.9431], [24.2593, 65.9415], [24.2676, 65.9398], [24.2761, 65.938], [24.2844, 65.9365], [24.2927, 65.9355], [24.3012, 65.9348], [24.3108, 65.9341], [24.3204, 65.9333], [24.3301, 65.9325], [24.3391, 65.9317], [24.3485, 65.9309], [24.355, 65.9303], [24.3637, 65.9294], [24.3728, 65.9286], [24.3824, 65.9277], [24.3902, 65.9269], [24.3989, 65.9261], [24.4069, 65.9254], [24.4166, 65.9244], [24.4245, 65.9237], [24.434, 65.9228], [24.4438, 65.9219], [24.4528, 65.9212], [24.4626, 65.9206], [24.4715, 65.9201], [24.4785, 65.9197], [24.4868, 65.9199], [24.4949, 65.9191], [24.4975, 65.9189]]}}, {"type": "Feature", "properties": {"osm_type": "line", "voltage_kv": 400.0, "name": "in\u00e4joen \u2013", "name_src": "endpoints", "avail": 1, "avail_node": "K\u00d6NNI"}, "geometry": {"type": "LineString", "coordinates": [[22.7146, 62.7861], [22.7149, 62.786]]}}, {"type": "Feature", "properties": {"osm_type": "line", "voltage_kv": 400.0, "name": "in\u00e4joen \u2013", "name_src": "endpoints", "avail": 1, "avail_node": "K\u00d6NNI"}, "geometry": {"type": "LineString", "coordinates": [[22.715, 62.7858], [22.715, 62.7859]]}}, {"type": "Feature", "properties": {"osm_type": "line", "voltage_kv": 400.0, "name": "in\u00e4joen \u2013", "name_src": "endpoints", "avail": 1, "avail_node": "K\u00d6NNI"}, "geometry": {"type": "LineString", "coordinates": [[22.7156, 62.7859], [22.7153, 62.786]]}}, {"type": "Feature", "properties": {"osm_type": "line", "voltage_kv": 400.0, "name": "in\u00e4joen \u2013", "name_src": "endpoints", "avail": 1, "avail_node": "K\u00d6NNI"}, "geometry": {"type": "LineString", "coordinates": [[22.7152, 62.7861], [22.715, 62.7864]]}}, {"type": "Feature", "properties": {"osm_type": "line", "voltage_kv": 400.0, "name": "in\u00e4joen \u2013", "name_src": "endpoints", "avail": 1, "avail_node": "K\u00d6NNI"}, "geometry": {"type": "LineString", "coordinates": [[22.715, 62.7861], [22.7147, 62.7862]]}}, {"type": "Feature", "properties": {"osm_type": "line", "voltage_kv": 400.0, "name": "Lieto \u2013", "name_src": "endpoints", "avail": 0}, "geometry": {"type": "LineString", "coordinates": [[22.5011, 60.5237], [22.5027, 60.5227], [22.5063, 60.5221], [22.5116, 60.5201], [22.5168, 60.5178], [22.521, 60.5157], [22.525, 60.5137], [22.5301, 60.5113], [22.5346, 60.5091], [22.5386, 60.5066], [22.5428, 60.5041], [22.5457, 60.5024], [22.5486, 60.5008], [22.5521, 60.4984], [22.5543, 60.4963], [22.5584, 60.4925], [22.5626, 60.4887], [22.5666, 60.4849], [22.5699, 60.4816], [22.5723, 60.4791], [22.5759, 60.4753], [22.5788, 60.4724], [22.582, 60.4693], [22.5859, 60.4658], [22.5887, 60.4623], [22.5906, 60.4583], [22.5925, 60.4549], [22.5941, 60.452], [22.5967, 60.4485], [22.5991, 60.4458], [22.6012, 60.4433], [22.6041, 60.4405], [22.6092, 60.4374], [22.6118, 60.4362], [22.618, 60.436], [22.6232, 60.4355], [22.6298, 60.4349], [22.6356, 60.4342], [22.6393, 60.4336], [22.6443, 60.4321], [22.6498, 60.4309], [22.6547, 60.4292], [22.6593, 60.4274], [22.6638, 60.4258], [22.6694, 60.4248], [22.6762, 60.4235], [22.6797, 60.4229], [22.6856, 60.4216], [22.6876, 60.421]]}}, {"type": "Feature", "properties": {"osm_type": "line", "voltage_kv": 400.0, "name": "Alaj\u00e4rvi - Eltoneva", "avail": 0}, "geometry": {"type": "LineString", "coordinates": [[24.4856, 63.4924], [24.4865, 63.4933], [24.4899, 63.4968], [24.4929, 63.4996], [24.4957, 63.5023], [24.4989, 63.5053], [24.5019, 63.5082], [24.5046, 63.5109], [24.5074, 63.5137], [24.5113, 63.5168], [24.5137, 63.5186], [24.5155, 63.5196]]}}, {"type": "Feature", "properties": {"osm_type": "line", "voltage_kv": 400.0, "name": "Pyh\u00e4nselk\u00e4 - Nuojuankangas", "avail": 0}, "geometry": {"type": "LineString", "coordinates": [[26.0764, 64.8441], [26.0768, 64.8432]]}}, {"type": "Feature", "properties": {"osm_type": "line", "voltage_kv": 400.0, "name": "Nuojuankangas - Alapitk\u00e4", "avail": 0}, "geometry": {"type": "LineString", "coordinates": [[27.2307, 64.1095], [27.2302, 64.1085], [27.226, 64.1067], [27.2224, 64.1051], [27.2178, 64.1031]]}}, {"type": "Feature", "properties": {"osm_type": "line", "voltage_kv": 400.0, "name": "Nuojuankangas - Alapitk\u00e4", "avail": 0}, "geometry": {"type": "LineString", "coordinates": [[27.2178, 64.1031], [27.2178, 64.1029], [27.2177, 64.1005], [27.2175, 64.0971], [27.2174, 64.0941], [27.2179, 64.0911], [27.2186, 64.0884], [27.2193, 64.0856], [27.2201, 64.0827], [27.2209, 64.0798], [27.2212, 64.0774], [27.2215, 64.0747], [27.2218, 64.0721], [27.2222, 64.0688], [27.2233, 64.0655], [27.2242, 64.0627], [27.2254, 64.0597], [27.2266, 64.0563], [27.2277, 64.0533], [27.2289, 64.0499], [27.23, 64.047], [27.231, 64.0441], [27.232, 64.0414], [27.233, 64.0388], [27.2341, 64.0358], [27.2351, 64.0328], [27.2362, 64.0298], [27.2374, 64.0267], [27.2386, 64.0235], [27.2395, 64.0209], [27.2405, 64.0181], [27.2418, 64.0147], [27.2427, 64.0121], [27.244, 64.0086], [27.2451, 64.0056], [27.246, 64.003], [27.2472, 63.9998], [27.2483, 63.9967], [27.2496, 63.9933], [27.2507, 63.9904], [27.2519, 63.9871], [27.253, 63.984], [27.2541, 63.981], [27.2552, 63.978], [27.2564, 63.9747], [27.2576, 63.9715], [27.2588, 63.9682], [27.2599, 63.9652], [27.2611, 63.9619], [27.2622, 63.9588], [27.2629, 63.956], [27.2637, 63.9527], [27.2643, 63.9501], [27.2651, 63.9469], [27.2659, 63.9436], [27.2669, 63.9402], [27.2683, 63.9373], [27.2701, 63.9345], [27.272, 63.9319], [27.2742, 63.9291], [27.2767, 63.926], [27.2787, 63.9234], [27.2808, 63.9206], [27.2831, 63.9177], [27.2853, 63.915], [27.2875, 63.9121], [27.2897, 63.9092], [27.2921, 63.9062], [27.2942, 63.9035], [27.2961, 63.9011], [27.298, 63.8983], [27.2999, 63.8956], [27.3014, 63.8933], [27.303, 63.8908], [27.3047, 63.8882], [27.306, 63.8858], [27.3075, 63.8828], [27.309, 63.8797], [27.3105, 63.8767], [27.312, 63.8734], [27.3135, 63.8703], [27.3151, 63.8671], [27.3166, 63.8639], [27.3181, 63.8608], [27.3196, 63.8577], [27.3209, 63.855], [27.3222, 63.8523], [27.3235, 63.8496], [27.3248, 63.8468], [27.3262, 63.844], [27.3275, 63.8413], [27.3286, 63.8389], [27.3298, 63.8364], [27.3311, 63.8338], [27.3325, 63.8308], [27.3341, 63.8275], [27.3353, 63.8249], [27.3365, 63.8224], [27.3377, 63.8194], [27.3384, 63.8159], [27.339, 63.8131], [27.3396, 63.81], [27.3403, 63.8068], [27.341, 63.8039], [27.3416, 63.8011], [27.3422, 63.7984], [27.3428, 63.7954], [27.3436, 63.7925], [27.3446, 63.7902], [27.3458, 63.7873], [27.347, 63.7844], [27.3483, 63.7813], [27.3496, 63.7782], [27.3508, 63.7753], [27.352, 63.7724], [27.3534, 63.7691], [27.3543, 63.7667], [27.3553, 63.7643], [27.3561, 63.7616], [27.3568, 63.7589], [27.3577, 63.7557], [27.3585, 63.7527], [27.3593, 63.7499], [27.3596, 63.7474], [27.3598, 63.7454], [27.3598, 63.743], [27.3598, 63.7402], [27.3598, 63.7369], [27.3598, 63.7339], [27.3598, 63.7315], [27.3599, 63.7289], [27.3599, 63.7261], [27.3599, 63.7234], [27.3599, 63.7206], [27.3595, 63.7178], [27.3586, 63.7157], [27.3581, 63.7135], [27.3575, 63.7113], [27.3579, 63.7092], [27.359, 63.7063], [27.3609, 63.7035], [27.3633, 63.7008], [27.3653, 63.6985], [27.3671, 63.6963], [27.3694, 63.6934], [27.371, 63.6903], [27.3718, 63.6872], [27.3727, 63.6842], [27.3735, 63.6817], [27.3745, 63.6783], [27.374, 63.6753], [27.3734, 63.6714], [27.3729, 63.6687], [27.372, 63.6658], [27.3709, 63.6625], [27.3701, 63.6599], [27.3694, 63.657], [27.3693, 63.6543], [27.3692, 63.6515], [27.3682, 63.6486], [27.3675, 63.6465], [27.3666, 63.6436], [27.3647, 63.6408], [27.3627, 63.6377], [27.3606, 63.6344], [27.3586, 63.6314], [27.3565, 63.6283], [27.3545, 63.6253], [27.3531, 63.6222], [27.3526, 63.6194], [27.3531, 63.616], [27.3535, 63.6128], [27.3547, 63.6104], [27.3561, 63.6077], [27.3584, 63.604], [27.3605, 63.6001], [27.3611, 63.5966], [27.3607, 63.5941], [27.3599, 63.5916], [27.3589, 63.5883], [27.359, 63.586], [27.3597, 63.5826], [27.3604, 63.5799], [27.3595, 63.5762], [27.3587, 63.5729], [27.3585, 63.5687], [27.3583, 63.565], [27.3582, 63.5619], [27.3582, 63.5592], [27.3581, 63.5566], [27.3579, 63.5535], [27.3577, 63.5503], [27.3574, 63.5469], [27.3572, 63.5438], [27.3583, 63.5409], [27.3583, 63.5407], [27.3604, 63.5381], [27.3627, 63.5357], [27.3655, 63.5329], [27.3669, 63.5305], [27.3675, 63.5281], [27.3682, 63.5248], [27.3688, 63.5221], [27.3701, 63.5186], [27.3711, 63.5159], [27.3721, 63.5132], [27.3731, 63.5105], [27.3742, 63.5077], [27.3753, 63.5048], [27.3763, 63.502], [27.3783, 63.4987], [27.38, 63.4956], [27.3818, 63.4928], [27.3836, 63.4898], [27.385, 63.4874], [27.3859, 63.4841], [27.3868, 63.481], [27.3877, 63.4779], [27.3886, 63.4746], [27.3894, 63.4716], [27.3901, 63.4692], [27.3915, 63.4662], [27.393, 63.4629], [27.3945, 63.4598], [27.396, 63.4567], [27.3974, 63.4536], [27.3988, 63.4508], [27.4011, 63.4476], [27.4033, 63.4445], [27.4054, 63.4415], [27.4075, 63.4386], [27.4096, 63.4356], [27.4118, 63.4325], [27.414, 63.4294], [27.4162, 63.4263], [27.4184, 63.4232], [27.4206, 63.4201], [27.4228, 63.4171], [27.425, 63.4139], [27.4271, 63.4109], [27.4291, 63.4081], [27.4312, 63.4052], [27.4332, 63.4027], [27.4347, 63.4002], [27.4365, 63.3969], [27.4381, 63.3943], [27.4405, 63.3913], [27.4438, 63.3885], [27.4473, 63.3858], [27.4502, 63.3834], [27.4524, 63.3809], [27.4548, 63.378], [27.4574, 63.3747], [27.4596, 63.3721], [27.4601, 63.3714]]}}, {"type": "Feature", "properties": {"osm_type": "line", "voltage_kv": 400.0, "name": "Huutokosken \u2013", "name_src": "endpoints", "avail": 0}, "geometry": {"type": "LineString", "coordinates": [[27.6715, 62.2116], [27.6718, 62.2118]]}}, {"type": "Feature", "properties": {"osm_type": "line", "voltage_kv": 400.0, "name": "Huutokosken \u2013", "name_src": "endpoints", "avail": 0}, "geometry": {"type": "LineString", "coordinates": [[27.6672, 62.2133], [27.6675, 62.2133], [27.6679, 62.2133]]}}, {"type": "Feature", "properties": {"osm_type": "line", "voltage_kv": 400.0, "name": "Huutokosken \u2013", "name_src": "endpoints", "avail": 0}, "geometry": {"type": "LineString", "coordinates": [[27.6674, 62.214], [27.6677, 62.214], [27.6683, 62.214], [27.6687, 62.214]]}}, {"type": "Feature", "properties": {"osm_type": "line", "voltage_kv": 400.0, "name": "Huutokosken \u2013", "name_src": "endpoints", "avail": 0}, "geometry": {"type": "LineString", "coordinates": [[27.6674, 62.2138], [27.6676, 62.2138], [27.6683, 62.2138], [27.6686, 62.2138]]}}, {"type": "Feature", "properties": {"osm_type": "line", "voltage_kv": 400.0, "name": "Huutokosken \u2013", "name_src": "endpoints", "avail": 0}, "geometry": {"type": "LineString", "coordinates": [[27.6671, 62.213], [27.6674, 62.2129], [27.6681, 62.2129], [27.6684, 62.2129]]}}, {"type": "Feature", "properties": {"osm_type": "line", "voltage_kv": 400.0, "name": "Huutokosken \u2013", "name_src": "endpoints", "avail": 0}, "geometry": {"type": "LineString", "coordinates": [[27.6672, 62.2131], [27.6674, 62.2131], [27.6681, 62.2131], [27.6684, 62.2131]]}}, {"type": "Feature", "properties": {"osm_type": "line", "voltage_kv": 400.0, "name": "Huutokosken \u2013", "name_src": "endpoints", "avail": 0}, "geometry": {"type": "LineString", "coordinates": [[27.6679, 62.2135], [27.6682, 62.2135], [27.6685, 62.2134]]}}, {"type": "Feature", "properties": {"osm_type": "line", "voltage_kv": 400.0, "name": "Huutokosken \u2013", "name_src": "endpoints", "avail": 0}, "geometry": {"type": "LineString", "coordinates": [[27.6671, 62.2129], [27.6671, 62.213], [27.6672, 62.213], [27.6672, 62.2131], [27.6672, 62.2133], [27.6674, 62.2138], [27.6674, 62.214], [27.6674, 62.2142]]}}, {"type": "Feature", "properties": {"osm_type": "line", "voltage_kv": 400.0, "name": "Huutokosken \u2013", "name_src": "endpoints", "avail": 0}, "geometry": {"type": "LineString", "coordinates": [[27.6684, 62.2128], [27.6684, 62.2129], [27.6684, 62.2131], [27.6685, 62.2134], [27.6686, 62.2138], [27.6687, 62.214], [27.6687, 62.2141]]}}, {"type": "Feature", "properties": {"osm_type": "line", "voltage_kv": 400.0, "name": "Yllikk\u00e4l\u00e4 - Huutokoski B", "avail": 0}, "geometry": {"type": "LineString", "coordinates": [[27.6718, 62.2096], [27.6714, 62.2108], [27.6715, 62.2116]]}}], "properties": {"source": "OpenStreetMap via Overpass (ODbL)", "minkv": 220.0, "query": "(area.a)"}}