{"type": "FeatureCollection", "features": [{"type": "Feature", "properties": {"osm_type": "line", "voltage_kv": 132.0, "name": "Kanstabotn - Kvitfossen", "avail": 0}, "geometry": {"type": "LineString", "coordinates": [[15.8766, 68.5092], [15.8763, 68.5098], [15.8757, 68.5111], [15.8756, 68.5135], [15.8712, 68.5146], [15.8671, 68.5156], [15.865, 68.5168], [15.863, 68.5179], [15.86, 68.5189], [15.8576, 68.5192], [15.8546, 68.5196], [15.8517, 68.52], [15.8493, 68.5203], [15.8468, 68.5207], [15.8443, 68.521], [15.8414, 68.5214], [15.8395, 68.5217], [15.8369, 68.522], [15.8343, 68.5224], [15.8313, 68.5228], [15.828, 68.5232], [15.8244, 68.5237], [15.822, 68.524], [15.8192, 68.5244], [15.816, 68.5253], [15.813, 68.5262], [15.8106, 68.5269], [15.8082, 68.5276], [15.8064, 68.5282], [15.8027, 68.5285], [15.7989, 68.5289], [15.7947, 68.5292], [15.7923, 68.5295], [15.7881, 68.5298], [15.7844, 68.5298], [15.7811, 68.5298], [15.7778, 68.5292], [15.7752, 68.5288], [15.7724, 68.5283], [15.7695, 68.5278], [15.767, 68.5273], [15.7646, 68.5269], [15.7626, 68.5254], [15.7611, 68.5243], [15.7596, 68.5231], [15.7591, 68.5228], [15.7584, 68.5223], [15.7574, 68.5215], [15.7563, 68.5207], [15.7549, 68.5197], [15.7538, 68.5188], [15.7526, 68.5179], [15.7514, 68.517], [15.7494, 68.5161], [15.7475, 68.5153], [15.746, 68.5146], [15.7447, 68.5141], [15.7433, 68.5135], [15.742, 68.5129], [15.7401, 68.5121], [15.7377, 68.5111], [15.7353, 68.51], [15.7328, 68.5093], [15.7295, 68.5083], [15.7272, 68.5077], [15.7248, 68.507], [15.7241, 68.5068], [15.7216, 68.5061], [15.7179, 68.5046], [15.7143, 68.5032], [15.7118, 68.5022], [15.7097, 68.5013], [15.707, 68.5003], [15.7042, 68.4992], [15.7024, 68.498], [15.7001, 68.4964], [15.6985, 68.4953], [15.6959, 68.4936], [15.6933, 68.4919], [15.691, 68.4902], [15.6875, 68.4896], [15.6838, 68.4888], [15.6793, 68.4879], [15.6769, 68.4877], [15.674, 68.4874], [15.6681, 68.4869], [15.6622, 68.4864], [15.6588, 68.4861], [15.6573, 68.4859], [15.6546, 68.4857], [15.6496, 68.4854], [15.6444, 68.4852], [15.6389, 68.4849], [15.6336, 68.485], [15.6292, 68.4852], [15.6256, 68.4853], [15.6208, 68.4855], [15.6161, 68.4856], [15.6107, 68.4858], [15.6073, 68.4859], [15.6054, 68.486], [15.6027, 68.4861], [15.5995, 68.4862], [15.597, 68.4859], [15.5937, 68.4854], [15.5911, 68.4851], [15.588, 68.4847], [15.5839, 68.4835], [15.5794, 68.4822], [15.5775, 68.4816], [15.5736, 68.4805], [15.5709, 68.4797], [15.5663, 68.4783], [15.5626, 68.4773], [15.5602, 68.4761], [15.5574, 68.4749], [15.556, 68.4742], [15.5538, 68.4732], [15.552, 68.4724], [15.5502, 68.471], [15.5481, 68.4693], [15.5461, 68.4687], [15.5437, 68.4679], [15.5409, 68.467], [15.5382, 68.4659], [15.5356, 68.4648], [15.5327, 68.4637], [15.5288, 68.462], [15.5259, 68.4607], [15.5239, 68.4597], [15.5221, 68.4588], [15.5187, 68.4588], [15.5138, 68.4588], [15.5101, 68.4591], [15.5024, 68.461], [15.4993, 68.462], [15.4976, 68.4625], [15.4962, 68.4629], [15.493, 68.4633], [15.4914, 68.4634], [15.4875, 68.4635], [15.4833, 68.4636], [15.4769, 68.4637], [15.4728, 68.4638], [15.4669, 68.4639], [15.4654, 68.4639], [15.4636, 68.464], [15.4591, 68.4641], [15.4553, 68.4642], [15.4524, 68.4645], [15.4498, 68.4648], [15.4452, 68.4651], [15.4422, 68.4649], [15.4374, 68.4647], [15.4329, 68.4649], [15.4267, 68.4652], [15.4223, 68.4655], [15.4171, 68.4658], [15.413, 68.466], [15.408, 68.4656], [15.4036, 68.4653], [15.3993, 68.4651], [15.393, 68.4646], [15.3904, 68.4645], [15.388, 68.4644], [15.3861, 68.4642], [15.3809, 68.4639], [15.3786, 68.4638], [15.3748, 68.4638], [15.3726, 68.4638], [15.3699, 68.4639], [15.3661, 68.4639], [15.3622, 68.464], [15.3587, 68.4641], [15.355, 68.4642], [15.3479, 68.4643], [15.345, 68.4642], [15.3429, 68.464], [15.34, 68.4636], [15.3372, 68.4626], [15.3359, 68.4622], [15.3329, 68.4616], [15.3267, 68.4605], [15.3215, 68.4596], [15.316, 68.4586], [15.3107, 68.4585], [15.3074, 68.4585], [15.3039, 68.4584], [15.3011, 68.4594], [15.2982, 68.4604], [15.2902, 68.4624], [15.2868, 68.4625], [15.2816, 68.4625], [15.2783, 68.4622], [15.2748, 68.4619], [15.2694, 68.4615], [15.2671, 68.4613], [15.2617, 68.4608], [15.2561, 68.4618], [15.2539, 68.4622], [15.2516, 68.4626], [15.2463, 68.4635], [15.2444, 68.4638], [15.2419, 68.4643], [15.2395, 68.4642], [15.233, 68.4641], [15.2294, 68.4641], [15.2276, 68.4642], [15.2248, 68.4642], [15.22, 68.4643], [15.2156, 68.464], [15.2122, 68.4638], [15.1909, 68.4654], [15.1891, 68.4651], [15.1838, 68.4645], [15.1792, 68.4639], [15.1741, 68.4632], [15.1697, 68.4626], [15.1615, 68.4627], [15.159, 68.4628], [15.1547, 68.4628], [15.1508, 68.4628], [15.1452, 68.4629], [15.1427, 68.4629], [15.1382, 68.463], [15.1315, 68.4626], [15.127, 68.4623], [15.1243, 68.4621], [15.1215, 68.462], [15.1169, 68.4619], [15.1117, 68.4617], [15.1092, 68.4617], [15.104, 68.4616], [15.1009, 68.4611], [15.0969, 68.4605], [15.092, 68.4598], [15.0877, 68.4592], [15.0855, 68.4589], [15.0832, 68.4584], [15.0799, 68.4576], [15.0765, 68.4568], [15.0735, 68.4561], [15.0691, 68.4551], [15.067, 68.4546], [15.0638, 68.4538], [15.0616, 68.4533], [15.0579, 68.4525], [15.0544, 68.4515], [15.0506, 68.4492], [15.0492, 68.448], [15.0484, 68.4473], [15.0467, 68.4459], [15.0455, 68.4448], [15.0445, 68.444], [15.0435, 68.4432], [15.0425, 68.4428], [15.0383, 68.441], [15.0347, 68.4395], [15.0303, 68.4387], [15.0285, 68.4383], [15.0216, 68.4369], [15.0192, 68.4364], [15.016, 68.4362], [15.0141, 68.4361], [15.0098, 68.4358], [15.0069, 68.4356], [15.0057, 68.4356], [14.9994, 68.4356], [14.9968, 68.4356], [14.9907, 68.4357], [14.987, 68.4368], [14.9851, 68.4375], [14.9811, 68.4388], [14.979, 68.4394], [14.9783, 68.4399], [14.9775, 68.4404], [14.9762, 68.4412], [14.9737, 68.4428], [14.9712, 68.4444], [14.9704, 68.4446], [14.9675, 68.4454], [14.9647, 68.4461], [14.9597, 68.4462], [14.9575, 68.4463], [14.9551, 68.4461], [14.9528, 68.4459], [14.9498, 68.4455], [14.9465, 68.4452], [14.9439, 68.4448], [14.941, 68.4445], [14.9389, 68.4442], [14.935, 68.4441], [14.9298, 68.444], [14.9262, 68.4439], [14.9239, 68.4438], [14.9203, 68.4437], [14.9174, 68.4436], [14.9146, 68.4435], [14.9116, 68.4434], [14.909, 68.4433], [14.9068, 68.4433], [14.9043, 68.4432], [14.9028, 68.4425], [14.9002, 68.4413], [14.898, 68.4402], [14.8975, 68.44], [14.8962, 68.4394], [14.8937, 68.4382], [14.8917, 68.4373]]}}, {"type": "Feature", "properties": {"osm_type": "line", "voltage_kv": 132.0, "name": "Kanstabotn - Kvitfossen", "avail": 11, "avail_node": "Kvitfossen"}, "geometry": {"type": "LineString", "coordinates": [[14.8713, 68.4308], [14.8698, 68.4301], [14.8669, 68.4288], [14.8654, 68.4282], [14.8638, 68.4275], [14.862, 68.4265], [14.8597, 68.4253], [14.8567, 68.4236], [14.8534, 68.4218], [14.8457, 68.4157], [14.8436, 68.4141], [14.8424, 68.4132], [14.8415, 68.4125], [14.8405, 68.4118], [14.8391, 68.4107], [14.8376, 68.4097], [14.8356, 68.4083], [14.8342, 68.4074], [14.8325, 68.4062], [14.8302, 68.4045], [14.8294, 68.4039], [14.8272, 68.4022], [14.8253, 68.4008], [14.8234, 68.3994], [14.8215, 68.3981], [14.8208, 68.3975], [14.8186, 68.3959], [14.8176, 68.3952], [14.8159, 68.3939], [14.8138, 68.393], [14.8089, 68.3909], [14.8075, 68.3903], [14.8042, 68.3892], [14.8014, 68.3883], [14.8007, 68.3878], [14.7993, 68.3868], [14.7977, 68.3857], [14.7952, 68.3839], [14.7932, 68.3825], [14.7911, 68.381], [14.79, 68.3803], [14.7872, 68.3783], [14.7854, 68.377], [14.7846, 68.3765], [14.7837, 68.3758], [14.7819, 68.3745], [14.7788, 68.3736], [14.7759, 68.3727], [14.7724, 68.3717], [14.7678, 68.3703], [14.7641, 68.3692], [14.7625, 68.3684], [14.7608, 68.3676], [14.758, 68.3667], [14.7558, 68.3659], [14.7545, 68.3647], [14.754, 68.3633], [14.7537, 68.3624], [14.7511, 68.3616], [14.7486, 68.3607], [14.7468, 68.3601], [14.7442, 68.3593], [14.742, 68.3586], [14.7395, 68.3585], [14.7373, 68.3585], [14.7352, 68.3588], [14.7323, 68.3592], [14.7299, 68.3596], [14.7242, 68.3605], [14.7212, 68.3609], [14.7182, 68.3611], [14.7145, 68.3613], [14.71, 68.3615], [14.7076, 68.361], [14.7066, 68.3601], [14.708, 68.358], [14.7084, 68.3573], [14.7075, 68.3558], [14.7064, 68.3542], [14.7073, 68.3537], [14.7086, 68.3528], [14.7111, 68.3513], [14.7128, 68.3503], [14.7142, 68.3494], [14.7155, 68.3486], [14.7149, 68.3477], [14.7144, 68.3468], [14.7138, 68.346], [14.7124, 68.3438], [14.7118, 68.3429], [14.7111, 68.3418], [14.7104, 68.3408], [14.7099, 68.3396], [14.7095, 68.3386], [14.7091, 68.3374], [14.7085, 68.3361], [14.708, 68.3349], [14.7076, 68.334], [14.7073, 68.3332], [14.7065, 68.3325], [14.7045, 68.3315], [14.7029, 68.3311], [14.702, 68.3309], [14.6984, 68.3303], [14.6956, 68.3299], [14.6929, 68.3295], [14.6896, 68.3291], [14.6869, 68.3287], [14.6856, 68.3285], [14.6844, 68.3284], [14.6813, 68.3277], [14.6778, 68.327], [14.6755, 68.3266], [14.671, 68.3267], [14.6682, 68.3268], [14.6663, 68.3268], [14.6638, 68.3269], [14.662, 68.327], [14.6597, 68.3271], [14.6587, 68.3271]]}}, {"type": "Feature", "properties": {"osm_type": "line", "voltage_kv": 420.0, "name": "Ofoten - Kvandal L1", "avail": 11, "avail_node": "Kvandal"}, "geometry": {"type": "LineString", "coordinates": [[17.5648, 68.1607], [17.5683, 68.1618], [17.5787, 68.1651], [17.5801, 68.1692], [17.5813, 68.1725], [17.5797, 68.1758], [17.5784, 68.179], [17.577, 68.1825], [17.5861, 68.1866], [17.594, 68.1903], [17.5989, 68.1925], [17.6031, 68.1944], [17.607, 68.1961], [17.6062, 68.1981], [17.6055, 68.2002], [17.604, 68.2043], [17.6034, 68.2059], [17.6021, 68.2094], [17.6014, 68.2112], [17.6005, 68.2138], [17.5995, 68.2164], [17.5985, 68.2192], [17.5979, 68.2207], [17.5997, 68.2237], [17.6011, 68.226], [17.6028, 68.2288], [17.6049, 68.2323], [17.6061, 68.2344], [17.6073, 68.2363], [17.6086, 68.2383], [17.6099, 68.2405], [17.6113, 68.2428], [17.6132, 68.246], [17.616, 68.2506], [17.618, 68.2539], [17.62, 68.2572], [17.6223, 68.2609], [17.6239, 68.2637], [17.6262, 68.2675], [17.63, 68.271], [17.6337, 68.2745], [17.6381, 68.2786], [17.6402, 68.2805], [17.643, 68.2822], [17.6464, 68.2843], [17.6502, 68.2867], [17.6491, 68.2914], [17.6451, 68.2934], [17.6384, 68.2968], [17.636, 68.2992], [17.6333, 68.3021], [17.6316, 68.3045], [17.6306, 68.3072], [17.6306, 68.3095], [17.6305, 68.3117], [17.6306, 68.3148], [17.6306, 68.3187], [17.6305, 68.3221], [17.6282, 68.3248], [17.6247, 68.3285], [17.6213, 68.3322], [17.619, 68.3349], [17.6172, 68.337], [17.615, 68.3397], [17.6222, 68.3456], [17.6245, 68.3475], [17.6269, 68.3495], [17.6368, 68.3575], [17.6404, 68.3604], [17.6428, 68.3623], [17.6477, 68.3662], [17.6509, 68.3688], [17.6553, 68.3723], [17.6578, 68.3742], [17.6605, 68.3764], [17.664, 68.3792], [17.6678, 68.3822], [17.6743, 68.3873], [17.6775, 68.3898], [17.6807, 68.3924], [17.6851, 68.3958], [17.6885, 68.3985], [17.6926, 68.4018], [17.696, 68.4044], [17.6999, 68.4059], [17.705, 68.4078], [17.7108, 68.4099], [17.7163, 68.4119], [17.7216, 68.4139], [17.729, 68.4166], [17.73, 68.4181], [17.7323, 68.4227], [17.7338, 68.4257], [17.7346, 68.4274], [17.7353, 68.4286], [17.7383, 68.4344], [17.7421, 68.4415], [17.742, 68.4427], [17.7418, 68.4493], [17.739, 68.451], [17.7369, 68.4522], [17.7244, 68.4595], [17.7211, 68.4614], [17.7183, 68.463], [17.717, 68.4638], [17.7111, 68.4672], [17.7058, 68.4703], [17.7044, 68.4729], [17.703, 68.4755], [17.7023, 68.477], [17.7006, 68.4801], [17.6989, 68.4835], [17.6972, 68.4867], [17.6953, 68.4904], [17.6934, 68.4942], [17.6895, 68.4997], [17.6873, 68.5029], [17.6847, 68.5065], [17.6826, 68.5095], [17.6816, 68.5111], [17.68, 68.5134], [17.6791, 68.5155], [17.6773, 68.5184], [17.6696, 68.5228], [17.661, 68.5293], [17.6629, 68.5279], [17.659, 68.5308], [17.655, 68.5339], [17.6516, 68.5364], [17.6452, 68.5413], [17.6488, 68.5385], [17.6403, 68.545], [17.6369, 68.5476], [17.6318, 68.5533], [17.6287, 68.5569], [17.6284, 68.5572], [17.6278, 68.5578], [17.6273, 68.5585], [17.6265, 68.5597], [17.6246, 68.5628], [17.623, 68.5653], [17.6215, 68.5678], [17.6208, 68.5689], [17.6197, 68.5704], [17.6178, 68.5729], [17.6147, 68.5748]]}}, {"type": "Feature", "properties": {"osm_type": "line", "voltage_kv": 132.0, "name": "Kvandal - Narvik", "avail": 11, "avail_node": "Kvandal"}, "geometry": {"type": "LineString", "coordinates": [[17.6093, 68.5744], [17.6093, 68.5742], [17.6062, 68.5704], [17.6052, 68.5691], [17.6036, 68.5671], [17.6006, 68.5633], [17.5963, 68.5578], [17.5941, 68.5551], [17.593, 68.5536], [17.5909, 68.5511], [17.59, 68.5499], [17.5879, 68.5471], [17.5868, 68.5456], [17.5857, 68.5433], [17.5839, 68.5395], [17.5844, 68.5331], [17.5845, 68.5313], [17.5849, 68.5289], [17.585, 68.527], [17.58, 68.5241], [17.5775, 68.5226], [17.5756, 68.521], [17.5747, 68.5203], [17.5714, 68.5177], [17.5643, 68.5125], [17.5601, 68.5094], [17.5545, 68.5053], [17.5496, 68.5017], [17.5454, 68.4985], [17.5428, 68.4967], [17.5373, 68.4926], [17.5359, 68.4916], [17.5329, 68.49], [17.5294, 68.4882], [17.5223, 68.4844], [17.5149, 68.4828], [17.5108, 68.4818], [17.5062, 68.4808], [17.5017, 68.4798], [17.4998, 68.4787], [17.4949, 68.476], [17.4895, 68.4726], [17.4894, 68.4724], [17.4892, 68.4711], [17.4891, 68.4705], [17.489, 68.4699]]}}, {"type": "Feature", "properties": {"osm_type": "line", "voltage_kv": 132.0, "name": "Kvandal - Narvik", "avail": 0}, "geometry": {"type": "LineString", "coordinates": [[17.4838, 68.4502], [17.4824, 68.4496], [17.4773, 68.449], [17.4742, 68.4472], [17.4712, 68.4468], [17.4675, 68.4465]]}}, {"type": "Feature", "properties": {"osm_type": "line", "voltage_kv": 420.0, "name": "Surna- Viklandet", "avail": 2, "avail_node": "Ulvund"}, "geometry": {"type": "LineString", "coordinates": [[9.0062, 62.9939], [9.0048, 62.9934], [9.0022, 62.992], [8.9997, 62.9907], [8.9985, 62.9902], [8.9912, 62.9877], [8.9853, 62.9856], [8.9806, 62.9842], [8.9761, 62.9828], [8.9657, 62.9797], [8.9617, 62.9785], [8.9483, 62.975], [8.9437, 62.9739], [8.9389, 62.9728], [8.9317, 62.9713], [8.9271, 62.9703], [8.9218, 62.9692], [8.9127, 62.9672], [8.9078, 62.9661], [8.8986, 62.9642], [8.8931, 62.962], [8.8866, 62.9595], [8.882, 62.9575], [8.8753, 62.9546], [8.8705, 62.9525], [8.8654, 62.9503], [8.86, 62.948], [8.8563, 62.9456], [8.8544, 62.9444], [8.842, 62.9361], [8.8341, 62.931], [8.8262, 62.926], [8.8211, 62.9252], [8.8175, 62.9247], [8.813, 62.924], [8.8094, 62.9233], [8.8053, 62.9225], [8.7985, 62.9206], [8.7916, 62.9186], [8.7827, 62.916], [8.7765, 62.9142], [8.7688, 62.9116], [8.7641, 62.9101], [8.7571, 62.9078], [8.7528, 62.9063], [8.7385, 62.9019], [8.7323, 62.8999], [8.729, 62.8989], [8.7266, 62.8979], [8.7221, 62.8961], [8.7169, 62.894], [8.7126, 62.8922], [8.7076, 62.8902], [8.7032, 62.8884], [8.6992, 62.8868], [8.6957, 62.8854], [8.6924, 62.8841], [8.6887, 62.8825], [8.6859, 62.8813], [8.6831, 62.8798], [8.68, 62.8781], [8.6771, 62.8766], [8.673, 62.8744], [8.6668, 62.8711], [8.6634, 62.8693], [8.6544, 62.8652], [8.6493, 62.8629], [8.6457, 62.8613], [8.6449, 62.8597], [8.6448, 62.8575], [8.6446, 62.8545], [8.6446, 62.8533], [8.6392, 62.8488], [8.639, 62.8486], [8.6375, 62.8474], [8.6205, 62.8448], [8.6035, 62.8422], [8.6011, 62.8414], [8.5966, 62.84], [8.5887, 62.8376], [8.5844, 62.8351], [8.58, 62.8318], [8.5786, 62.8307], [8.5783, 62.8295], [8.5779, 62.8276], [8.5776, 62.8262], [8.5772, 62.8245], [8.5765, 62.8228], [8.5759, 62.8211], [8.575, 62.8188], [8.5738, 62.8159], [8.5728, 62.8134], [8.5718, 62.8109], [8.5709, 62.8085], [8.5694, 62.8066], [8.568, 62.8048], [8.5636, 62.8036], [8.559, 62.8024], [8.5524, 62.8006], [8.5446, 62.7984], [8.5381, 62.7967], [8.532, 62.795], [8.5293, 62.7943], [8.5284, 62.7929], [8.5267, 62.7908], [8.5246, 62.7881], [8.5225, 62.7855], [8.5209, 62.7834], [8.5181, 62.7799], [8.5128, 62.7719], [8.5088, 62.7663], [8.5076, 62.7647], [8.5062, 62.7625], [8.5047, 62.7601], [8.5038, 62.7585], [8.5016, 62.7545], [8.5012, 62.7505], [8.5011, 62.7491], [8.5009, 62.7475], [8.5008, 62.7467], [8.4955, 62.7388], [8.4901, 62.731], [8.4848, 62.7232], [8.4794, 62.7154], [8.4783, 62.715], [8.478, 62.7124], [8.4779, 62.7098], [8.4778, 62.7083], [8.4778, 62.706], [8.4777, 62.704], [8.4776, 62.7017], [8.4776, 62.7009], [8.4774, 62.6972], [8.4773, 62.6949], [8.4773, 62.6941], [8.4826, 62.6927], [8.4902, 62.6907], [8.4922, 62.6901]]}}, {"type": "Feature", "properties": {"osm_type": "line", "voltage_kv": 300.0, "name": "Fagrafjell - Stokkeland L2", "avail": 68, "avail_node": "H\u00e5land trafostasjon"}, "geometry": {"type": "LineString", "coordinates": [[5.7597, 58.7915], [5.7588, 58.7944], [5.7595, 58.7952], [5.7581, 58.7998], [5.7577, 58.8012], [5.7575, 58.8019], [5.7574, 58.8022], [5.7571, 58.803], [5.7565, 58.8051], [5.7559, 58.8072], [5.7531, 58.8098], [5.749, 58.811], [5.7446, 58.8122], [5.7389, 58.8138]]}}, {"type": "Feature", "properties": {"osm_type": "line", "voltage_kv": 300.0, "name": "Tokke - Flesaker", "avail": 50, "avail_node": "Notodden og Heddal"}, "geometry": {"type": "LineString", "coordinates": [[8.6343, 59.5028], [8.638, 59.5041], [8.639, 59.5044], [8.6399, 59.5045], [8.6489, 59.5056], [8.6548, 59.5063], [8.6603, 59.5069], [8.6667, 59.5076], [8.6781, 59.509], [8.6847, 59.5097], [8.6886, 59.511], [8.6938, 59.5128], [8.7011, 59.5152], [8.708, 59.5175], [8.7147, 59.5197], [8.7217, 59.522], [8.7265, 59.5236], [8.7316, 59.5253], [8.7378, 59.5274], [8.744, 59.5294], [8.7493, 59.5311], [8.7572, 59.5338], [8.763, 59.5357], [8.7687, 59.5376], [8.7739, 59.5385], [8.7783, 59.5393], [8.7856, 59.5406], [8.7921, 59.5418], [8.8005, 59.5434], [8.807, 59.5446], [8.8131, 59.5457], [8.8193, 59.5476], [8.8243, 59.5492], [8.8291, 59.5507], [8.835, 59.5525], [8.8414, 59.5545], [8.8476, 59.5564], [8.8539, 59.5584], [8.8605, 59.5605], [8.8659, 59.5621], [8.8708, 59.5636], [8.8768, 59.5631], [8.8837, 59.5624], [8.8893, 59.5618], [8.8963, 59.5611], [8.9052, 59.5602], [8.9128, 59.5594], [8.9227, 59.5584], [8.927, 59.5579], [8.935, 59.5571], [8.9459, 59.556], [8.9528, 59.5553], [8.9618, 59.5544], [8.9666, 59.5539], [8.9753, 59.5533], [8.9836, 59.5528], [8.9938, 59.5521], [9.0004, 59.5517], [9.0052, 59.5514], [9.0117, 59.5509], [9.0204, 59.5503], [9.0261, 59.55], [9.0359, 59.5493], [9.0466, 59.5485], [9.0541, 59.548], [9.0605, 59.5475], [9.0644, 59.5473], [9.0697, 59.547], [9.0776, 59.5466], [9.078, 59.5466], [9.0782, 59.5466], [9.0797, 59.5465], [9.0846, 59.545], [9.091, 59.5431], [9.094, 59.5422], [9.094, 59.5424], [9.0941, 59.5433], [9.0956, 59.5472], [9.0963, 59.5491], [9.0968, 59.5506], [9.1005, 59.5541], [9.1046, 59.5579], [9.1093, 59.5623], [9.1115, 59.5644], [9.1141, 59.5668], [9.1177, 59.5701], [9.1203, 59.5726], [9.1228, 59.5749], [9.124, 59.5766], [9.1258, 59.579], [9.1284, 59.5826], [9.1303, 59.5852], [9.1357, 59.5897], [9.1401, 59.5933], [9.1429, 59.5956], [9.1469, 59.5989], [9.1503, 59.6017], [9.1542, 59.6049], [9.1559, 59.6064], [9.1593, 59.6092], [9.1633, 59.6125], [9.1659, 59.6146], [9.1712, 59.619], [9.1736, 59.6214], [9.1773, 59.6252], [9.1807, 59.6286], [9.1834, 59.6314], [9.1867, 59.6349], [9.1911, 59.6393], [9.1936, 59.6419], [9.196, 59.6444], [9.1974, 59.6458], [9.2016, 59.6498], [9.2053, 59.6533], [9.2072, 59.655], [9.2078, 59.6557], [9.2091, 59.657], [9.2095, 59.6574], [9.2096, 59.6575], [9.2127, 59.6586], [9.2129, 59.6587], [9.2135, 59.659], [9.2138, 59.6591], [9.2179, 59.6606], [9.2248, 59.6619], [9.227, 59.6623], [9.2316, 59.6632], [9.2367, 59.6641], [9.2414, 59.6649], [9.2463, 59.6657], [9.2493, 59.6663], [9.2529, 59.6669], [9.2575, 59.6676], [9.2636, 59.6687], [9.2692, 59.6696], [9.2703, 59.6698], [9.272, 59.6701], [9.2782, 59.6712], [9.2817, 59.6718], [9.2885, 59.6731], [9.2924, 59.6738], [9.299, 59.675], [9.3028, 59.6757], [9.3065, 59.6764], [9.3118, 59.6774], [9.3161, 59.6782], [9.3209, 59.6788], [9.3247, 59.6794], [9.3273, 59.6798], [9.3309, 59.6803], [9.3342, 59.6808], [9.338, 59.6813], [9.3421, 59.6819], [9.3457, 59.6825], [9.35, 59.6831], [9.3545, 59.6837], [9.3588, 59.6843], [9.3615, 59.6847], [9.3654, 59.6853], [9.3686, 59.6857], [9.3722, 59.6862], [9.3766, 59.6868], [9.3799, 59.6872], [9.3838, 59.6877], [9.3873, 59.6882], [9.3898, 59.6885], [9.3952, 59.6893], [9.3987, 59.6897], [9.4007, 59.69], [9.4059, 59.6907], [9.4075, 59.6909], [9.41, 59.6912], [9.4139, 59.6917], [9.416, 59.6919], [9.4197, 59.6923], [9.4243, 59.6929], [9.4279, 59.6933], [9.4309, 59.6937], [9.4343, 59.6941], [9.4385, 59.6946], [9.4409, 59.6949], [9.4445, 59.6953], [9.4479, 59.6957], [9.4517, 59.6961], [9.4557, 59.6967], [9.4606, 59.6975], [9.4652, 59.6982], [9.4707, 59.699], [9.4759, 59.6998], [9.4797, 59.7009], [9.4805, 59.7012], [9.4829, 59.7019], [9.487, 59.7031], [9.4899, 59.7039], [9.4928, 59.7043], [9.4973, 59.7049], [9.5033, 59.7057], [9.5081, 59.7063], [9.5136, 59.7065], [9.5195, 59.7067], [9.5253, 59.707], [9.531, 59.7072], [9.5358, 59.7073], [9.536, 59.7073], [9.5415, 59.7075], [9.5471, 59.7078], [9.5507, 59.7079], [9.5546, 59.708], [9.5557, 59.7081], [9.5572, 59.7081], [9.5592, 59.7082], [9.5605, 59.7082], [9.564, 59.7084], [9.5647, 59.7084], [9.5687, 59.7085], [9.574, 59.709], [9.5774, 59.7093], [9.5819, 59.7097], [9.5842, 59.71], [9.5843, 59.71], [9.5875, 59.7103], [9.59, 59.7105], [9.5913, 59.7106], [9.5952, 59.711], [9.5991, 59.7113], [9.6033, 59.7118], [9.6039, 59.7118], [9.6083, 59.7123], [9.6142, 59.7129], [9.6144, 59.7129], [9.6179, 59.7132], [9.6218, 59.7135], [9.6273, 59.714], [9.6332, 59.7144], [9.6353, 59.7146], [9.6393, 59.7149], [9.6442, 59.7152], [9.6487, 59.7156], [9.6516, 59.7158], [9.6565, 59.7162], [9.6596, 59.7164], [9.6625, 59.716], [9.6677, 59.7152], [9.6719, 59.7145], [9.6744, 59.7141], [9.6819, 59.713], [9.688, 59.712], [9.6933, 59.7117], [9.6936, 59.7117], [9.6962, 59.7115], [9.6985, 59.7114], [9.7033, 59.7111], [9.7098, 59.7107], [9.7167, 59.7102], [9.7225, 59.7098], [9.7259, 59.7102], [9.7289, 59.7106], [9.7373, 59.7115], [9.7407, 59.7119], [9.7471, 59.7126], [9.7543, 59.7134], [9.7612, 59.7142], [9.7662, 59.7148], [9.7722, 59.7154], [9.7767, 59.7159], [9.7803, 59.7169], [9.7829, 59.7176], [9.7889, 59.7193], [9.7932, 59.7205], [9.7966, 59.7214], [9.8005, 59.7224], [9.8058, 59.7239], [9.8116, 59.7255], [9.8145, 59.7263], [9.818, 59.7273], [9.8181, 59.7273], [9.8185, 59.7274], [9.8198, 59.727], [9.8245, 59.7255], [9.8257, 59.7251], [9.8276, 59.7245], [9.8305, 59.7235], [9.8336, 59.7226], [9.8366, 59.7216], [9.8389, 59.7209]]}}, {"type": "Feature", "properties": {"osm_type": "line", "voltage_kv": 300.0, "name": "Tokke - Flesaker", "avail": 0}, "geometry": {"type": "LineString", "coordinates": [[8.037, 59.4505], [8.0385, 59.4529], [8.04, 59.4552], [8.0455, 59.4573], [8.0505, 59.4592], [8.054, 59.4606], [8.0616, 59.4634], [8.0694, 59.4662], [8.0738, 59.4679], [8.0805, 59.4704], [8.0845, 59.4707], [8.0948, 59.4717], [8.1018, 59.4724], [8.1082, 59.473], [8.1145, 59.4736], [8.12, 59.4742], [8.1291, 59.475], [8.1376, 59.4754], [8.1503, 59.4759], [8.1521, 59.476], [8.1617, 59.4764], [8.1677, 59.4769], [8.1733, 59.4773], [8.1791, 59.4777], [8.1826, 59.4776], [8.1913, 59.4772], [8.1996, 59.4769], [8.2037, 59.4768], [8.2115, 59.4765], [8.2181, 59.4762], [8.2229, 59.476], [8.2283, 59.4771], [8.2373, 59.4788], [8.248, 59.4809], [8.2558, 59.4827], [8.2667, 59.4829], [8.273, 59.4829], [8.284, 59.4837], [8.2913, 59.4843], [8.295, 59.4846], [8.2986, 59.4855], [8.3018, 59.4862], [8.3064, 59.4873], [8.3074, 59.4875], [8.3128, 59.4888], [8.3169, 59.4897], [8.3205, 59.4906], [8.3253, 59.4917], [8.3283, 59.4919], [8.3314, 59.4921], [8.3395, 59.4925], [8.3446, 59.4935], [8.3497, 59.4944], [8.3552, 59.4954], [8.3585, 59.496], [8.3613, 59.4965], [8.3663, 59.4974], [8.3726, 59.4986], [8.3778, 59.4995], [8.3844, 59.5007], [8.3893, 59.5017], [8.3961, 59.5029], [8.4022, 59.504], [8.4074, 59.5038], [8.4145, 59.5035], [8.4187, 59.5034], [8.4241, 59.5032], [8.434, 59.5029], [8.4405, 59.5028], [8.4442, 59.5028], [8.4482, 59.5027], [8.4563, 59.5026], [8.4619, 59.502], [8.4694, 59.5012], [8.4754, 59.5006], [8.4808, 59.5008], [8.4847, 59.501], [8.4919, 59.5013], [8.5038, 59.5018], [8.5108, 59.502], [8.5184, 59.5023], [8.5265, 59.5034], [8.5317, 59.5041], [8.5434, 59.5049], [8.5502, 59.5052], [8.5547, 59.5055], [8.561, 59.5058], [8.5642, 59.506], [8.572, 59.5064], [8.5759, 59.5054], [8.5797, 59.5045], [8.5797, 59.5045], [8.586, 59.5028], [8.5902, 59.5004], [8.5916, 59.4996], [8.5967, 59.4997], [8.6044, 59.4988], [8.6102, 59.4981], [8.6153, 59.4975], [8.6197, 59.497], [8.6237, 59.4987], [8.6251, 59.4993]]}}, {"type": "Feature", "properties": {"osm_type": "line", "voltage_kv": 132.0, "name": "RE_132HL03_3", "avail": 2, "avail_node": "Gylthalsen"}, "geometry": {"type": "LineString", "coordinates": [[8.4792, 63.2481], [8.4795, 63.2482], [8.4867, 63.2495]]}}, {"type": "Feature", "properties": {"osm_type": "line", "voltage_kv": 420.0, "name": "\u00c5lfoten - Moskog", "avail": 13, "avail_node": "Sagefossen"}, "geometry": {"type": "LineString", "coordinates": [[5.5427, 61.829], [5.5401, 61.8289], [5.5399, 61.8289], [5.5381, 61.8289], [5.5316, 61.8288], [5.5232, 61.8285], [5.5119, 61.8282], [5.5028, 61.8279], [5.493, 61.8276], [5.4846, 61.8274], [5.478, 61.8272], [5.4661, 61.8272], [5.4578, 61.8272], [5.453, 61.8264], [5.4472, 61.8254], [5.439, 61.8239], [5.4338, 61.823], [5.4241, 61.8213], [5.4174, 61.8202], [5.4162, 61.82], [5.4145, 61.8197], [5.4094, 61.817], [5.4082, 61.8164], [5.4027, 61.8136], [5.3975, 61.8109], [5.3923, 61.8082], [5.388, 61.8064], [5.3831, 61.8049], [5.3804, 61.8041], [5.3726, 61.802], [5.3717, 61.8014], [5.364, 61.7964], [5.3616, 61.7949], [5.3565, 61.7916], [5.3534, 61.7901], [5.3455, 61.7865], [5.3421, 61.7849], [5.338, 61.7829], [5.3321, 61.78], [5.3283, 61.7781], [5.3282, 61.7781], [5.3261, 61.7775], [5.3211, 61.7762], [5.3204, 61.7757], [5.32, 61.7754], [5.32, 61.7753], [5.3164, 61.7724], [5.3123, 61.769], [5.3101, 61.7671], [5.3062, 61.7654], [5.2865, 61.757], [5.2833, 61.7558], [5.2817, 61.7552], [5.2766, 61.753], [5.271, 61.7506], [5.2648, 61.7479], [5.2615, 61.7461], [5.2581, 61.7442], [5.2551, 61.7426], [5.2478, 61.7385], [5.2452, 61.736], [5.2405, 61.7311], [5.2329, 61.7268], [5.2292, 61.7246], [5.2291, 61.7246], [5.2283, 61.7241], [5.2269, 61.7233], [5.2255, 61.7227], [5.2201, 61.7205], [5.2177, 61.7194], [5.2081, 61.7185], [5.2037, 61.718], [5.1993, 61.7176], [5.1957, 61.7173], [5.1931, 61.7172], [5.1926, 61.7152], [5.1914, 61.7117], [5.1921, 61.7067], [5.1924, 61.7043], [5.1935, 61.7003], [5.1936, 61.7], [5.1944, 61.6969], [5.1957, 61.6923], [5.1963, 61.6899], [5.1969, 61.6878], [5.1972, 61.6812], [5.1972, 61.6792], [5.1973, 61.676], [5.1965, 61.673], [5.1958, 61.6703], [5.1941, 61.6645], [5.1935, 61.6618], [5.1931, 61.6598], [5.1955, 61.6539], [5.1969, 61.6507], [5.1983, 61.6473], [5.2025, 61.6452], [5.2051, 61.6438], [5.2097, 61.6414], [5.2146, 61.6402], [5.2242, 61.6398], [5.234, 61.6388], [5.2381, 61.6388], [5.2428, 61.6389], [5.2474, 61.6389], [5.2498, 61.6389], [5.2538, 61.6379], [5.2646, 61.6354], [5.2752, 61.6352], [5.2793, 61.6351], [5.2877, 61.6326], [5.2903, 61.6317], [5.2961, 61.6299], [5.3068, 61.6266], [5.3122, 61.6245], [5.3166, 61.6227], [5.3209, 61.621], [5.3244, 61.6194], [5.3336, 61.6181], [5.3367, 61.6177], [5.3405, 61.6173], [5.3454, 61.6167], [5.3524, 61.6158], [5.3678, 61.6151], [5.3733, 61.6148], [5.3757, 61.6147], [5.3784, 61.614], [5.3854, 61.6124], [5.3914, 61.6109], [5.3964, 61.6097], [5.406, 61.6074], [5.4117, 61.6062], [5.4169, 61.605], [5.423, 61.6037], [5.4258, 61.603], [5.4299, 61.602], [5.4369, 61.6003], [5.442, 61.599], [5.4448, 61.5983], [5.4515, 61.5964], [5.4557, 61.5954], [5.4607, 61.5942], [5.4689, 61.5922], [5.4738, 61.591], [5.4825, 61.5889], [5.4854, 61.5881], [5.4922, 61.5865], [5.4965, 61.5855], [5.5001, 61.5846], [5.5052, 61.5827], [5.5096, 61.581], [5.5143, 61.5796], [5.5211, 61.5774], [5.5236, 61.5766], [5.529, 61.5749], [5.5333, 61.5735], [5.537, 61.5723], [5.5384, 61.5719], [5.5436, 61.5703], [5.5471, 61.5692], [5.5471, 61.5692], [5.5495, 61.5685], [5.554, 61.5669], [5.5611, 61.5647], [5.5671, 61.5628], [5.5738, 61.5606], [5.5811, 61.5583], [5.588, 61.5561], [5.5907, 61.5552], [5.5917, 61.5549], [5.5995, 61.5524], [5.6023, 61.5515], [5.6069, 61.5503], [5.6107, 61.5493], [5.6157, 61.5479], [5.6208, 61.5466], [5.6253, 61.5454], [5.632, 61.5436], [5.6395, 61.5416], [5.6431, 61.5406], [5.6494, 61.5402], [5.6546, 61.5399], [5.6624, 61.5394], [5.6669, 61.5391], [5.6732, 61.5387], [5.6816, 61.5382], [5.6867, 61.5378], [5.6906, 61.5376], [5.6975, 61.5372], [5.7019, 61.5359], [5.7092, 61.5338], [5.7141, 61.5325], [5.7187, 61.5312], [5.7223, 61.5301], [5.7266, 61.5289], [5.7334, 61.527], [5.7384, 61.5257], [5.74, 61.525], [5.7407, 61.5247], [5.7511, 61.5201], [5.7551, 61.5189], [5.7621, 61.5161], [5.7682, 61.5137], [5.775, 61.5119], [5.7796, 61.5107], [5.7853, 61.5092], [5.7924, 61.5073], [5.7961, 61.5063], [5.7964, 61.5062], [5.809, 61.5029], [5.8112, 61.5024], [5.8158, 61.5013], [5.824, 61.4995], [5.8271, 61.4987], [5.8316, 61.4973], [5.8342, 61.4965], [5.8363, 61.4959], [5.8388, 61.4953], [5.85, 61.4925], [5.8544, 61.4914], [5.8626, 61.4891], [5.8694, 61.4872], [5.8754, 61.4856], [5.8779, 61.4849], [5.8826, 61.4834], [5.8918, 61.4806], [5.8984, 61.479], [5.9016, 61.4779], [5.9106, 61.475], [5.9121, 61.4745], [5.9198, 61.4722], [5.9201, 61.4721]]}}, {"type": "Feature", "properties": {"osm_type": "line", "voltage_kv": 420.0, "name": "\u00c5lfoten - Moskog", "avail": 5, "avail_node": "Stakaldefoss transformatorstasjon"}, "geometry": {"type": "LineString", "coordinates": [[5.9304, 61.469], [5.9368, 61.4671], [5.9439, 61.465], [5.9487, 61.4635], [5.9544, 61.4618], [5.9552, 61.4616], [5.9552, 61.4616], [5.9588, 61.4605], [5.9688, 61.4574], [5.9723, 61.4557], [5.9741, 61.4552], [5.9744, 61.4552], [5.9771, 61.4545], [5.979, 61.454], [5.9873, 61.452], [5.9925, 61.4507], [5.997, 61.4496], [6.0021, 61.4484], [6.0085, 61.4477], [6.0113, 61.4475]]}}, {"type": "Feature", "properties": {"osm_type": "line", "voltage_kv": 132.0, "name": "GROV-KLOPSTAD", "avail": 0}, "geometry": {"type": "LineString", "coordinates": [[5.3142, 61.6151], [5.3151, 61.6152], [5.3286, 61.6169]]}}, {"type": "Feature", "properties": {"osm_type": "line", "voltage_kv": 300.0, "name": "Aura - V\u00e5g\u00e5mo", "avail": 0}, "geometry": {"type": "LineString", "coordinates": [[8.5236, 62.6612], [8.5236, 62.6607], [8.5249, 62.6556], [8.5265, 62.6505], [8.5277, 62.648], [8.5303, 62.6421], [8.5305, 62.6402], [8.5308, 62.6373], [8.5311, 62.6339], [8.5313, 62.6307], [8.5314, 62.6288], [8.5316, 62.6267], [8.5301, 62.6244], [8.5275, 62.6208], [8.5271, 62.6151], [8.527, 62.6135], [8.5269, 62.6123], [8.5256, 62.6097], [8.5248, 62.6079], [8.5227, 62.604], [8.5198, 62.5985], [8.5191, 62.5974], [8.5177, 62.5954], [8.5167, 62.594], [8.5134, 62.5908], [8.5109, 62.5887], [8.5069, 62.5844], [8.5048, 62.5813], [8.5037, 62.5799], [8.5011, 62.5757], [8.4995, 62.5726], [8.4969, 62.569], [8.4953, 62.567], [8.4922, 62.5627], [8.491, 62.5611], [8.4885, 62.5578], [8.4869, 62.5536], [8.4871, 62.5527], [8.4881, 62.5485], [8.4892, 62.547], [8.4931, 62.5404], [8.4952, 62.5391], [8.4966, 62.5382], [8.499, 62.5366], [8.5039, 62.5335], [8.5055, 62.5324], [8.5075, 62.5312], [8.5092, 62.5301], [8.5124, 62.528], [8.5153, 62.5262], [8.5187, 62.5239], [8.5218, 62.522], [8.5238, 62.5207], [8.5284, 62.5177], [8.5317, 62.5156], [8.5341, 62.514], [8.5367, 62.5121], [8.5402, 62.5094], [8.5437, 62.5067], [8.5465, 62.5046], [8.5507, 62.5013], [8.5547, 62.4983], [8.5579, 62.4959], [8.5605, 62.4939], [8.5644, 62.4909], [8.5671, 62.4888], [8.5703, 62.4863], [8.5738, 62.4837], [8.5772, 62.4811], [8.5811, 62.4781], [8.5836, 62.4761], [8.5864, 62.4738], [8.5884, 62.4721], [8.5908, 62.47], [8.5955, 62.466], [8.598, 62.4639], [8.5997, 62.4614], [8.6022, 62.458], [8.6049, 62.4543], [8.6059, 62.4529], [8.6092, 62.4484], [8.6109, 62.4461], [8.6129, 62.4432], [8.6149, 62.44], [8.617, 62.4365], [8.6183, 62.4342], [8.6202, 62.4312], [8.6212, 62.4295], [8.6216, 62.4274], [8.6221, 62.4242], [8.6228, 62.4203], [8.6232, 62.4175], [8.6237, 62.4149], [8.6242, 62.4118], [8.6247, 62.4087], [8.6251, 62.4062], [8.6259, 62.4015], [8.6265, 62.3978], [8.6271, 62.3948]]}}, {"type": "Feature", "properties": {"osm_type": "line", "voltage_kv": 300.0, "name": "Tokke - F\u00f8rre", "avail": 1, "avail_node": "Hjorteland"}, "geometry": {"type": "LineString", "coordinates": [[7.0048, 59.3057], [6.9993, 59.3056], [6.9942, 59.3055], [6.9861, 59.3053], [6.9824, 59.3052], [6.9755, 59.303], [6.9723, 59.3019], [6.9677, 59.3004], [6.9649, 59.2995], [6.9604, 59.2979], [6.9537, 59.2978], [6.9493, 59.2978], [6.9447, 59.2978], [6.9418, 59.2977], [6.9397, 59.2977], [6.9329, 59.298], [6.9312, 59.2981], [6.9295, 59.2982], [6.9293, 59.2982], [6.9263, 59.2985], [6.9232, 59.2988], [6.9195, 59.2993], [6.9172, 59.2997], [6.9135, 59.3002], [6.9094, 59.3007], [6.9063, 59.3011], [6.9025, 59.3017], [6.8994, 59.3021], [6.8949, 59.3037], [6.8915, 59.3048], [6.8874, 59.3063], [6.8847, 59.3072], [6.8823, 59.3081], [6.8775, 59.3096], [6.8733, 59.311], [6.8671, 59.3114], [6.863, 59.3117], [6.8595, 59.3119], [6.8544, 59.3123], [6.852, 59.3124], [6.846, 59.3128], [6.8423, 59.313], [6.8369, 59.3133], [6.8319, 59.3122], [6.8258, 59.3109], [6.8227, 59.3102], [6.8205, 59.3102], [6.8164, 59.3101], [6.8106, 59.3102], [6.8035, 59.312], [6.8011, 59.3131], [6.7956, 59.3146], [6.7906, 59.3159], [6.7829, 59.3164], [6.7787, 59.316], [6.7739, 59.3165], [6.7718, 59.3166], [6.768, 59.3169], [6.763, 59.3179], [6.757, 59.3167], [6.7538, 59.3162], [6.7479, 59.3154], [6.7455, 59.3152], [6.7415, 59.3146], [6.7371, 59.3147], [6.7324, 59.3148], [6.7282, 59.3155], [6.7235, 59.3168], [6.7184, 59.3179], [6.7119, 59.3175], [6.7082, 59.3167], [6.7049, 59.316], [6.7022, 59.3154], [6.6992, 59.3148], [6.6967, 59.3154], [6.6885, 59.3172], [6.6847, 59.3181], [6.6814, 59.3189], [6.6773, 59.32], [6.6745, 59.3207], [6.6699, 59.3213], [6.666, 59.3218], [6.6619, 59.3223], [6.6556, 59.3219], [6.652, 59.3217], [6.6475, 59.3215], [6.6427, 59.3213], [6.6339, 59.3208], [6.6308, 59.3207], [6.6258, 59.3206], [6.622, 59.3204], [6.62, 59.3204], [6.616, 59.3204], [6.614, 59.3203], [6.6074, 59.3237], [6.6058, 59.3245], [6.6056, 59.3248]]}}, {"type": "Feature", "properties": {"osm_type": "line", "voltage_kv": 300.0, "name": "Borgund - \u00d8ljusj\u00f8en", "avail": 0}, "geometry": {"type": "LineString", "coordinates": [[7.8223, 61.0571], [7.8235, 61.0561], [7.8273, 61.0532], [7.8297, 61.0527], [7.8333, 61.052], [7.8386, 61.0509], [7.8412, 61.0504], [7.8493, 61.0488], [7.8564, 61.0473], [7.8593, 61.0467], [7.8639, 61.0463], [7.8673, 61.046], [7.8741, 61.0459], [7.8802, 61.0459], [7.8861, 61.0458], [7.8917, 61.045], [7.899, 61.0439], [7.9019, 61.0435], [7.9059, 61.0428], [7.9091, 61.0421], [7.913, 61.0413], [7.9178, 61.0402], [7.9217, 61.0393], [7.9246, 61.0387], [7.9287, 61.0378], [7.9322, 61.037], [7.9352, 61.0363], [7.9392, 61.0354], [7.9427, 61.0346], [7.9453, 61.034], [7.9484, 61.0333], [7.9558, 61.0339], [7.9619, 61.0344], [7.9673, 61.0348], [7.9791, 61.0357], [7.9849, 61.0361], [7.9912, 61.0366], [7.9941, 61.036], [7.9972, 61.0353], [8.0012, 61.0344], [8.0062, 61.0323], [8.0104, 61.0304], [8.0165, 61.0278], [8.0215, 61.0256], [8.0253, 61.024], [8.0316, 61.0213], [8.0371, 61.0189], [8.0422, 61.0173], [8.047, 61.0157], [8.0511, 61.0144], [8.0543, 61.0134], [8.0631, 61.0107], [8.0694, 61.0087], [8.0748, 61.0071], [8.0795, 61.0056]]}}, {"type": "Feature", "properties": {"osm_type": "line", "name": "Jord Samnanger - Fana", "avail": 10, "avail_node": "Eikelandsosen - Holsund"}, "geometry": {"type": "LineString", "coordinates": [[5.6699, 60.3535], [5.6689, 60.3535], [5.6668, 60.3536], [5.6664, 60.3537], [5.6658, 60.3538]]}}, {"type": "Feature", "properties": {"osm_type": "line", "voltage_kv": 300.0, "name": "Sauda - H\u00e5vik", "avail": 17, "avail_node": "Nordstokke"}, "geometry": {"type": "LineString", "coordinates": [[6.4042, 59.6688], [6.3995, 59.6691], [6.3995, 59.6691], [6.3966, 59.6692], [6.3903, 59.6696], [6.3821, 59.6677], [6.3804, 59.6673], [6.3745, 59.6662], [6.3671, 59.665], [6.3642, 59.6646], [6.3515, 59.6634], [6.3453, 59.6623], [6.3409, 59.6615], [6.3354, 59.6605], [6.3335, 59.6601], [6.3221, 59.6575], [6.3176, 59.6564], [6.3138, 59.6554], [6.3125, 59.6551], [6.3096, 59.6543], [6.3053, 59.6531], [6.3007, 59.6517], [6.2964, 59.6502], [6.29, 59.6478], [6.2803, 59.6443], [6.2742, 59.6421], [6.2674, 59.6397], [6.2648, 59.6388], [6.2622, 59.6378], [6.257, 59.636], [6.2521, 59.6342], [6.2457, 59.6319], [6.2372, 59.6288], [6.2303, 59.6263], [6.227, 59.6251], [6.2219, 59.6232], [6.2142, 59.6209], [6.2074, 59.6188], [6.2045, 59.6179], [6.2023, 59.618], [6.1945, 59.6185], [6.1901, 59.6188], [6.1873, 59.619], [6.1825, 59.6183], [6.1799, 59.618], [6.1756, 59.6174], [6.1704, 59.6155], [6.1655, 59.6139], [6.1613, 59.6124], [6.1574, 59.6105], [6.1533, 59.6085], [6.149, 59.6063], [6.1453, 59.6045], [6.143, 59.6034], [6.1397, 59.6018], [6.1364, 59.6002], [6.1293, 59.5967], [6.1257, 59.5949], [6.121, 59.5926], [6.1156, 59.59], [6.1136, 59.589], [6.109, 59.5867], [6.1058, 59.5852], [6.1021, 59.5834], [6.0958, 59.5804], [6.092, 59.5786], [6.0876, 59.5765], [6.0822, 59.5762], [6.0742, 59.5757], [6.0703, 59.5755], [6.0624, 59.575], [6.0566, 59.5746], [6.0536, 59.5744], [6.0438, 59.5723], [6.0387, 59.5711], [6.0322, 59.5697], [6.0283, 59.5688], [6.0209, 59.5671], [6.0156, 59.5659], [6.0123, 59.565], [6.005, 59.5628], [5.9973, 59.5604], [5.9885, 59.5577], [5.9809, 59.5554], [5.9738, 59.5532], [5.9691, 59.5518], [5.9604, 59.5491], [5.954, 59.5483], [5.9489, 59.5477], [5.9426, 59.547], [5.9354, 59.5463], [5.9288, 59.5462], [5.9157, 59.5461], [5.9087, 59.546], [5.8995, 59.546], [5.8932, 59.5462], [5.893, 59.5463], [5.8873, 59.5473], [5.8871, 59.5473], [5.8859, 59.5475], [5.8788, 59.5488], [5.8765, 59.5492], [5.8715, 59.5501], [5.8652, 59.5512], [5.861, 59.5519], [5.8558, 59.5529], [5.8517, 59.5522], [5.8508, 59.5517], [5.8462, 59.5489], [5.8366, 59.5431], [5.8302, 59.5393], [5.8262, 59.5368], [5.8236, 59.5353], [5.8202, 59.5329], [5.8148, 59.5292], [5.8109, 59.5265], [5.8072, 59.524], [5.8014, 59.52], [5.7986, 59.5181], [5.7978, 59.5175], [5.7977, 59.5175], [5.7933, 59.5144], [5.7906, 59.5125], [5.7887, 59.5113], [5.7866, 59.5089], [5.7837, 59.5063], [5.778, 59.5013], [5.7749, 59.4986], [5.7725, 59.4964], [5.7696, 59.4939], [5.7597, 59.4883], [5.752, 59.4861], [5.7487, 59.4852], [5.7434, 59.4839], [5.7375, 59.4825], [5.7298, 59.4809], [5.7291, 59.4807], [5.7254, 59.4798], [5.7203, 59.4784], [5.7158, 59.4772], [5.708, 59.4751], [5.7021, 59.4724], [5.6928, 59.468], [5.6832, 59.4634], [5.6735, 59.4587], [5.6705, 59.4572], [5.6672, 59.4557], [5.6626, 59.4535], [5.659, 59.4515], [5.6558, 59.4497], [5.6483, 59.4456], [5.6423, 59.4423], [5.6372, 59.4394], [5.6297, 59.4353], [5.6279, 59.4343], [5.6277, 59.4342], [5.6277, 59.4342], [5.6277, 59.4342], [5.6271, 59.4339], [5.6245, 59.4324], [5.6233, 59.4319], [5.6219, 59.4312], [5.6218, 59.4311], [5.6191, 59.4297], [5.6178, 59.4291], [5.6176, 59.429], [5.6151, 59.4277], [5.6141, 59.4272], [5.6097, 59.4249], [5.6054, 59.4227], [5.6028, 59.4213], [5.6009, 59.4203], [5.5962, 59.4183], [5.5899, 59.4155], [5.5841, 59.4129], [5.5773, 59.4099], [5.5727, 59.4079], [5.5674, 59.4052], [5.5632, 59.4031], [5.5577, 59.4003], [5.5532, 59.3979], [5.5472, 59.3949], [5.5415, 59.3919], [5.5343, 59.3883], [5.5294, 59.3857], [5.5247, 59.3833], [5.5194, 59.3806], [5.514, 59.3779], [5.5086, 59.3751], [5.5025, 59.3721], [5.498, 59.3704], [5.4949, 59.3693], [5.4907, 59.3679], [5.4885, 59.3672], [5.4828, 59.3653], [5.4794, 59.3642], [5.4781, 59.3639], [5.4712, 59.3621], [5.464, 59.3604], [5.4598, 59.3584], [5.4559, 59.3566], [5.4516, 59.3545], [5.4498, 59.3537], [5.446, 59.3519], [5.4411, 59.3496], [5.4349, 59.3467], [5.4289, 59.3439], [5.4193, 59.3394], [5.4154, 59.3376], [5.4104, 59.3352], [5.4058, 59.333], [5.3993, 59.33], [5.3949, 59.3279], [5.3892, 59.326], [5.3791, 59.3227], [5.3751, 59.3213], [5.3717, 59.3202], [5.3706, 59.3198], [5.3706, 59.3198], [5.3706, 59.3198], [5.3665, 59.3185], [5.3652, 59.318], [5.3618, 59.3169], [5.3565, 59.3167], [5.3509, 59.3165], [5.3467, 59.3164], [5.3423, 59.3168], [5.3419, 59.3168], [5.3361, 59.3169], [5.3212, 59.3176]]}}, {"type": "Feature", "properties": {"osm_type": "line", "voltage_kv": 132.0, "name": "Kv\u00e6nangen - Nordreisa, L1", "avail": 0}, "geometry": {"type": "LineString", "coordinates": [[22.0463, 69.7209], [22.0445, 69.7211], [22.0394, 69.7216], [22.0337, 69.7221], [22.0301, 69.7225], [22.0274, 69.7227], [22.0245, 69.723], [22.0211, 69.7234], [22.0176, 69.7237], [22.0139, 69.7241], [22.0092, 69.7245], [22.0061, 69.7248], [22.0035, 69.7251], [21.9995, 69.7259], [21.9953, 69.7267], [21.9922, 69.7273], [21.9886, 69.728], [21.986, 69.7285], [21.9834, 69.7291], [21.9795, 69.7298], [21.9757, 69.7306], [21.9725, 69.7312], [21.9674, 69.7322], [21.9653, 69.7326], [21.9598, 69.7337], [21.9585, 69.7345], [21.9557, 69.7362], [21.9536, 69.7374], [21.9512, 69.7389], [21.9495, 69.7399], [21.9484, 69.7405], [21.9466, 69.7417], [21.945, 69.7426], [21.9433, 69.7436], [21.9401, 69.7455], [21.9378, 69.7469], [21.9369, 69.7474], [21.9332, 69.7492], [21.9309, 69.7503], [21.9297, 69.7508], [21.9263, 69.7524], [21.9234, 69.7538], [21.9215, 69.7547], [21.9185, 69.7561], [21.9163, 69.7571], [21.914, 69.7582], [21.9105, 69.7598], [21.9092, 69.7607], [21.9072, 69.7622], [21.9052, 69.7636], [21.9033, 69.765], [21.902, 69.7659], [21.9009, 69.7666], [21.8966, 69.7684], [21.8913, 69.769], [21.8878, 69.7694], [21.8857, 69.7697], [21.8835, 69.77], [21.8808, 69.7703], [21.8753, 69.7709], [21.8734, 69.7712], [21.8682, 69.7718], [21.8616, 69.772], [21.8567, 69.7721], [21.8541, 69.7721], [21.8468, 69.7723], [21.8437, 69.7724], [21.8378, 69.7725], [21.8323, 69.7726], [21.8265, 69.7728], [21.8224, 69.7729], [21.8184, 69.7729], [21.8153, 69.773], [21.8112, 69.7731], [21.8076, 69.7732], [21.8052, 69.7732], [21.801, 69.7733], [21.7972, 69.7734], [21.7904, 69.7736], [21.7865, 69.7737], [21.7735, 69.7739], [21.7697, 69.7733], [21.7662, 69.7727], [21.7619, 69.772], [21.7581, 69.7713], [21.7548, 69.7708], [21.7507, 69.7701], [21.7469, 69.7695], [21.7441, 69.769], [21.7409, 69.7684], [21.7385, 69.768], [21.7355, 69.7675], [21.7323, 69.767], [21.7287, 69.7664], [21.7216, 69.7652], [21.7107, 69.7634], [21.7016, 69.7618], [21.6953, 69.7608], [21.686, 69.7592], [21.6801, 69.7554], [21.6764, 69.7531], [21.6726, 69.7506], [21.6694, 69.7486], [21.6659, 69.7464], [21.6629, 69.7445], [21.6593, 69.7422], [21.6571, 69.7408], [21.6543, 69.739], [21.6496, 69.736], [21.6458, 69.7336], [21.6411, 69.7306], [21.6383, 69.7288], [21.6354, 69.7269], [21.63, 69.7235], [21.6253, 69.7205], [21.6226, 69.7188], [21.6188, 69.7163], [21.6159, 69.7145], [21.6128, 69.7124], [21.6101, 69.7117], [21.6068, 69.7107], [21.6038, 69.7098], [21.6004, 69.7089], [21.5964, 69.7077], [21.5936, 69.7069], [21.5898, 69.7058], [21.5865, 69.7048], [21.5827, 69.7037], [21.5784, 69.7024], [21.5742, 69.7012], [21.5716, 69.7004], [21.5678, 69.6993], [21.5629, 69.6979], [21.5591, 69.6968], [21.5539, 69.6953], [21.549, 69.6938], [21.546, 69.693], [21.5432, 69.6922], [21.5398, 69.6912], [21.5361, 69.6901], [21.5325, 69.689], [21.5297, 69.6882], [21.5265, 69.6873], [21.5233, 69.6863], [21.5207, 69.6856], [21.5179, 69.6848], [21.5143, 69.6837], [21.5103, 69.6825], [21.5068, 69.6815], [21.5034, 69.6805], [21.5005, 69.6797], [21.4969, 69.6786], [21.4932, 69.6775], [21.4902, 69.6766], [21.4874, 69.6758], [21.4848, 69.675], [21.4821, 69.6743], [21.4817, 69.6741], [21.4791, 69.6734], [21.476, 69.6725], [21.4732, 69.6716], [21.4707, 69.6709], [21.4677, 69.67], [21.4645, 69.6691], [21.4619, 69.6683], [21.4593, 69.6676], [21.4572, 69.667], [21.4546, 69.6662], [21.451, 69.6651], [21.4487, 69.6645], [21.4463, 69.6638], [21.4434, 69.6629], [21.4406, 69.6621], [21.4391, 69.6611], [21.4377, 69.6601], [21.435, 69.6584], [21.4335, 69.6574], [21.4315, 69.6561], [21.4297, 69.6549], [21.429, 69.6544], [21.4272, 69.6532], [21.4251, 69.6519], [21.4235, 69.6508], [21.4206, 69.6489], [21.4168, 69.6482], [21.4139, 69.6477], [21.4099, 69.6469], [21.4065, 69.6463], [21.4023, 69.6455], [21.3983, 69.6448], [21.3929, 69.6438], [21.3908, 69.6434], [21.3882, 69.6429], [21.3845, 69.6422], [21.3792, 69.6412], [21.3768, 69.6407], [21.3705, 69.6395], [21.3692, 69.6393], [21.3665, 69.6388], [21.3618, 69.6379], [21.3588, 69.6373], [21.3546, 69.6365], [21.3525, 69.6362], [21.3498, 69.6358], [21.344, 69.6349], [21.341, 69.6345], [21.3381, 69.634], [21.3351, 69.6336], [21.3316, 69.6321], [21.3296, 69.6313], [21.3277, 69.6305], [21.327, 69.6302], [21.3214, 69.6278], [21.3212, 69.627], [21.3204, 69.6242], [21.3203, 69.6241]]}}, {"type": "Feature", "properties": {"osm_type": "line", "voltage_kv": 132.0, "name": "Nordreisa. - Guolasjokka L2", "avail": 2, "avail_node": "Guolas"}, "geometry": {"type": "LineString", "coordinates": [[21.3172, 69.6196], [21.3172, 69.6186], [21.3172, 69.6165], [21.3172, 69.6147], [21.3172, 69.6129], [21.3172, 69.6111], [21.3172, 69.6093], [21.3172, 69.6072], [21.3172, 69.6058], [21.3172, 69.6044], [21.3172, 69.6023], [21.3172, 69.6006], [21.3172, 69.5981], [21.3172, 69.5966], [21.3172, 69.5946], [21.3172, 69.5925], [21.3172, 69.591], [21.3172, 69.5886], [21.3172, 69.5862], [21.3172, 69.5847], [21.3172, 69.5831], [21.3172, 69.5804], [21.3172, 69.5792], [21.3172, 69.5777], [21.3172, 69.5759], [21.3173, 69.574], [21.3173, 69.5719], [21.3173, 69.5706], [21.3173, 69.5689], [21.3173, 69.5671], [21.3173, 69.5654], [21.3173, 69.5637], [21.3173, 69.5619], [21.3173, 69.5601], [21.3173, 69.5582], [21.3173, 69.5562], [21.3173, 69.5535], [21.3173, 69.5525], [21.3173, 69.5507], [21.3173, 69.5497], [21.3169, 69.5471], [21.3166, 69.5453], [21.3164, 69.5435], [21.3161, 69.5419], [21.3159, 69.5404], [21.3156, 69.5382], [21.3154, 69.5361], [21.3151, 69.5342], [21.3149, 69.5324], [21.3147, 69.5314], [21.3143, 69.5288], [21.314, 69.5267], [21.3138, 69.526], [21.3135, 69.5235], [21.3133, 69.5221], [21.3138, 69.5211], [21.3142, 69.52], [21.314, 69.5187], [21.3138, 69.5171], [21.3136, 69.5156], [21.3133, 69.5137], [21.3131, 69.5111], [21.3098, 69.5101], [21.3077, 69.5095], [21.3055, 69.5089], [21.3031, 69.5082], [21.3003, 69.5073], [21.2975, 69.5065], [21.2945, 69.5056], [21.2908, 69.5045], [21.2874, 69.5035], [21.2846, 69.5027], [21.2812, 69.5016], [21.2781, 69.5007], [21.2743, 69.4996], [21.2697, 69.4982], [21.2657, 69.497], [21.2631, 69.4962], [21.2599, 69.4953], [21.2558, 69.4952], [21.252, 69.4952], [21.246, 69.495], [21.2409, 69.4949], [21.2356, 69.4948], [21.2309, 69.4947], [21.2254, 69.4946], [21.2203, 69.4945], [21.215, 69.4954], [21.21, 69.4962], [21.2046, 69.4972], [21.2019, 69.4976], [21.1991, 69.4981], [21.1934, 69.4981], [21.1889, 69.4982], [21.1844, 69.4982], [21.1783, 69.4982], [21.1717, 69.4983], [21.1664, 69.4983], [21.1609, 69.4984], [21.1557, 69.4984], [21.1501, 69.4984], [21.145, 69.4985], [21.1393, 69.4985], [21.1346, 69.4985], [21.1279, 69.4986], [21.1205, 69.4986], [21.1147, 69.4987], [21.1067, 69.4987], [21.102, 69.4973], [21.0951, 69.4953], [21.0897, 69.4936], [21.0849, 69.4922], [21.0803, 69.4908], [21.0756, 69.4894], [21.0708, 69.4879], [21.0663, 69.4866], [21.0624, 69.4854], [21.0586, 69.4842], [21.0529, 69.4825], [21.0483, 69.4811], [21.0426, 69.4794], [21.0409, 69.4789], [21.0354, 69.4773], [21.033, 69.4766], [21.0281, 69.4764], [21.0258, 69.4764], [21.0213, 69.4763], [21.0162, 69.4761], [21.0118, 69.476], [21.0081, 69.4759], [21.0024, 69.4757], [20.9992, 69.4756], [20.9926, 69.4754], [20.9886, 69.4752], [20.9858, 69.4751], [20.9835, 69.4749], [20.9796, 69.4747], [20.977, 69.4745], [20.9726, 69.4743], [20.9699, 69.4741], [20.967, 69.4739], [20.9614, 69.4736], [20.9555, 69.4732], [20.9507, 69.473], [20.9467, 69.4726], [20.9421, 69.4722], [20.9362, 69.4716], [20.934, 69.4714], [20.9297, 69.471], [20.9259, 69.4699], [20.9229, 69.4688], [20.9229, 69.4688], [20.9218, 69.4683], [20.921, 69.4658], [20.9202, 69.4636], [20.9201, 69.4632]]}}, {"type": "Feature", "properties": {"osm_type": "line", "voltage_kv": 300.0, "name": "Duge - Roskrepp", "avail": 7, "avail_node": "KVINEN"}, "geometry": {"type": "LineString", "coordinates": [[6.8969, 59.123], [6.8986, 59.1208], [6.8993, 59.1198], [6.9026, 59.1153], [6.9046, 59.1126], [6.9059, 59.1102], [6.9048, 59.1062], [6.9036, 59.1018], [6.9054, 59.0996], [6.9061, 59.0987], [6.9077, 59.0967], [6.912, 59.0931], [6.9151, 59.0919], [6.9229, 59.0887], [6.9284, 59.0864], [6.9309, 59.0854], [6.9335, 59.0844], [6.9347, 59.0821], [6.9359, 59.0801], [6.9375, 59.0772], [6.9392, 59.0742], [6.9409, 59.0713], [6.9425, 59.0688], [6.9445, 59.0657], [6.951, 59.061], [6.9538, 59.059], [6.9618, 59.056], [6.9658, 59.0534], [6.9707, 59.0503], [6.9744, 59.0479], [6.9786, 59.0457], [6.9816, 59.0442], [6.9843, 59.0428], [6.9884, 59.041], [6.9934, 59.0388], [6.9959, 59.0377], [7.0013, 59.0353], [7.0064, 59.0331], [7.01, 59.0315], [7.0139, 59.0298], [7.0197, 59.028], [7.0241, 59.0267], [7.0291, 59.0268], [7.0353, 59.0269], [7.0392, 59.0269], [7.0437, 59.027], [7.0475, 59.0271], [7.0515, 59.0272], [7.0574, 59.0273], [7.0606, 59.0273], [7.068, 59.0275], [7.0729, 59.0276], [7.0748, 59.0273], [7.0794, 59.0267], [7.0812, 59.0265]]}}, {"type": "Feature", "properties": {"osm_type": "line", "voltage_kv": 420.0, "name": "Kvinesdal - Kristiansand", "avail": 28, "avail_node": "AUSTERDALEN"}, "geometry": {"type": "LineString", "coordinates": [[7.892, 58.2581], [7.8889, 58.2567], [7.8845, 58.2544], [7.8822, 58.2532], [7.8768, 58.25], [7.8721, 58.2473], [7.8698, 58.246], [7.8666, 58.2442], [7.8645, 58.243], [7.8644, 58.243], [7.8589, 58.2427], [7.8495, 58.2423], [7.8438, 58.2421], [7.8336, 58.2417], [7.8287, 58.2416], [7.8252, 58.2416], [7.8198, 58.2416], [7.8163, 58.2415], [7.81, 58.2413], [7.8019, 58.2411], [7.7973, 58.2409], [7.794, 58.2408], [7.7837, 58.2405], [7.78, 58.2404], [7.7715, 58.2402], [7.7621, 58.2399], [7.7605, 58.2398], [7.7566, 58.2397], [7.7518, 58.2396], [7.7468, 58.2394], [7.7423, 58.2393], [7.7385, 58.2392], [7.7341, 58.2391], [7.7296, 58.2389], [7.7262, 58.2388], [7.7235, 58.2388], [7.7176, 58.2386], [7.7128, 58.2385], [7.7089, 58.2385], [7.703, 58.2384], [7.6995, 58.2384], [7.6947, 58.2385], [7.6901, 58.2386], [7.6818, 58.2399], [7.6755, 58.2409], [7.6699, 58.2418], [7.6638, 58.2427], [7.6593, 58.2434], [7.6514, 58.2446], [7.6445, 58.2455], [7.6411, 58.2459], [7.6369, 58.2463], [7.6364, 58.2463], [7.6358, 58.2463], [7.6355, 58.2463], [7.6342, 58.2464], [7.6298, 58.2467], [7.6204, 58.2472], [7.6167, 58.2474], [7.6117, 58.2477], [7.6068, 58.248], [7.6003, 58.2483], [7.5922, 58.2488], [7.5885, 58.249], [7.5838, 58.2492], [7.5811, 58.2494], [7.5746, 58.2493], [7.569, 58.2493], [7.5658, 58.2493], [7.5614, 58.2493], [7.5576, 58.2493], [7.5536, 58.2493], [7.551, 58.2493], [7.5463, 58.2494], [7.5408, 58.2496], [7.5342, 58.2498], [7.5338, 58.2498], [7.5275, 58.25], [7.5238, 58.2501], [7.5179, 58.2503], [7.5141, 58.2504], [7.5061, 58.2518], [7.5028, 58.2524], [7.4986, 58.2531], [7.4908, 58.2544], [7.4852, 58.2537], [7.481, 58.2532], [7.4786, 58.2536], [7.4733, 58.2544], [7.4684, 58.2552], [7.4641, 58.2559], [7.458, 58.2569], [7.4528, 58.2575], [7.4463, 58.2582], [7.4401, 58.2587], [7.4345, 58.2592], [7.4294, 58.2596], [7.4238, 58.26], [7.4158, 58.2607], [7.4089, 58.2613], [7.4036, 58.2617], [7.3967, 58.2623], [7.3915, 58.2626], [7.3883, 58.2625], [7.3859, 58.2625], [7.3768, 58.2624], [7.372, 58.2624], [7.3628, 58.2623], [7.3597, 58.2622], [7.3533, 58.2625], [7.3495, 58.2626], [7.342, 58.2629], [7.3378, 58.2631], [7.3326, 58.2633], [7.3306, 58.2634], [7.3252, 58.2636], [7.3209, 58.2639], [7.3145, 58.2644], [7.3142, 58.2644], [7.3085, 58.2647], [7.3009, 58.2651], [7.2971, 58.2652], [7.2927, 58.2655], [7.2811, 58.266], [7.2729, 58.2664], [7.2628, 58.2669], [7.2598, 58.2671], [7.2569, 58.2672], [7.2505, 58.2675], [7.2498, 58.2676], [7.2435, 58.2679], [7.2398, 58.2681], [7.2362, 58.2682], [7.227, 58.2687], [7.2212, 58.269], [7.2184, 58.2691], [7.2099, 58.2696], [7.2056, 58.2698], [7.1949, 58.2703], [7.1921, 58.2705], [7.1832, 58.2711], [7.1804, 58.2713], [7.1754, 58.2715], [7.171, 58.2718], [7.1673, 58.272], [7.1628, 58.2722], [7.1605, 58.2723], [7.1554, 58.2726], [7.1528, 58.2727], [7.1461, 58.2731], [7.1436, 58.2732], [7.1357, 58.2736], [7.1287, 58.274], [7.1244, 58.2742], [7.1173, 58.2745], [7.1119, 58.2748], [7.1075, 58.275], [7.1051, 58.2752], [7.103, 58.2753], [7.0987, 58.2755], [7.0909, 58.2759], [7.0815, 58.2764], [7.0767, 58.2766], [7.0683, 58.2771], [7.0641, 58.2773], [7.0585, 58.2776], [7.0508, 58.2778], [7.0417, 58.2781], [7.0388, 58.2777], [7.036, 58.2774], [7.03, 58.2767], [7.0232, 58.2759], [7.0184, 58.2753], [7.0115, 58.2746], [7.0053, 58.274], [6.9964, 58.2732], [6.9922, 58.2728], [6.9872, 58.2724], [6.9838, 58.2722], [6.9777, 58.2719], [6.9734, 58.2716], [6.9679, 58.2713], [6.9616, 58.2709], [6.9546, 58.2705], [6.9516, 58.2703], [6.9454, 58.2699], [6.9406, 58.2695], [6.9307, 58.2684], [6.9264, 58.2679], [6.9215, 58.2674], [6.9124, 58.2663], [6.9084, 58.2659], [6.9082, 58.2659], [6.9019, 58.2671], [6.8971, 58.2678], [6.8939, 58.2683], [6.8928, 58.2685], [6.8915, 58.2687], [6.89, 58.2689], [6.8883, 58.2692], [6.8876, 58.2693], [6.87, 58.272], [6.8694, 58.272], [6.8631, 58.2725], [6.8601, 58.2728], [6.8544, 58.2733], [6.851, 58.2748], [6.8514, 58.2755]]}}, {"type": "Feature", "properties": {"osm_type": "line", "voltage_kv": 420.0, "name": "Kvinesdal - Kristiansand", "avail": 10, "avail_node": "KROSSEN"}, "geometry": {"type": "LineString", "coordinates": [[7.892, 58.2581], [7.8942, 58.2581]]}}, {"type": "Feature", "properties": {"osm_type": "line", "voltage_kv": 132.0, "name": "RE_132HL01_5", "avail": 9, "avail_node": "Kristiansund"}, "geometry": {"type": "LineString", "coordinates": [[7.9255, 63.0164], [7.9224, 63.0171], [7.9191, 63.0179], [7.9191, 63.0179], [7.918, 63.0182], [7.9156, 63.0187], [7.9139, 63.0191], [7.9139, 63.0191], [7.9129, 63.0194], [7.9094, 63.0202], [7.9087, 63.0204], [7.9087, 63.0204], [7.9077, 63.0206], [7.905, 63.0213], [7.9041, 63.0215], [7.9041, 63.0215], [7.9022, 63.022], [7.9018, 63.022], [7.9012, 63.0222], [7.8996, 63.0226], [7.8996, 63.0226], [7.8984, 63.0229], [7.8968, 63.0234], [7.8963, 63.0236], [7.8948, 63.0241], [7.8943, 63.0242], [7.8913, 63.0252], [7.8894, 63.026]]}}, {"type": "Feature", "properties": {"osm_type": "line", "voltage_kv": 300.0, "name": "Kvanndal - Songa (T Nyst\u00f8yl)", "avail": 0}, "geometry": {"type": "LineString", "coordinates": [[6.9897, 59.6587], [6.9953, 59.6592], [7.0, 59.6593], [7.0028, 59.6592], [7.0102, 59.6591], [7.0123, 59.6591], [7.0178, 59.659], [7.0233, 59.6591], [7.03, 59.6592], [7.0332, 59.6597], [7.0402, 59.661], [7.0483, 59.6637], [7.0504, 59.6644], [7.0578, 59.6669], [7.0633, 59.6688], [7.0658, 59.6696], [7.0727, 59.6704], [7.078, 59.6704], [7.0827, 59.6707], [7.094, 59.6714], [7.0978, 59.6716], [7.1015, 59.6718], [7.1071, 59.6721], [7.1107, 59.6724], [7.1142, 59.6728], [7.1186, 59.6733], [7.1225, 59.6738], [7.1272, 59.6743], [7.1326, 59.675], [7.1394, 59.676], [7.1437, 59.6769], [7.1485, 59.6778], [7.156, 59.6774], [7.1618, 59.677], [7.1659, 59.6766], [7.1701, 59.6763], [7.1762, 59.6758], [7.1822, 59.6754], [7.1857, 59.6751], [7.1886, 59.675], [7.1957, 59.6745], [7.2039, 59.6771], [7.2083, 59.6785]]}}, {"type": "Feature", "properties": {"osm_type": "line", "voltage_kv": 132.0, "name": "V\u00e5g\u00e5mo - Osbu", "avail": 0}, "geometry": {"type": "LineString", "coordinates": [[8.4719, 62.5055], [8.4729, 62.5039], [8.475, 62.5022], [8.478, 62.4999], [8.4833, 62.4958], [8.4875, 62.4924], [8.4899, 62.4914], [8.4984, 62.4875], [8.5047, 62.4845], [8.5099, 62.482], [8.5174, 62.4796], [8.5218, 62.4783], [8.526, 62.4769], [8.5307, 62.475], [8.5366, 62.4727], [8.5436, 62.4699], [8.547, 62.4686], [8.5565, 62.4648], [8.5596, 62.4636], [8.5649, 62.4615], [8.5719, 62.4587], [8.5764, 62.4569], [8.5844, 62.4537], [8.5892, 62.4518], [8.5948, 62.4496], [8.5987, 62.448], [8.6024, 62.4446], [8.6073, 62.4401], [8.6121, 62.4357], [8.6163, 62.4318], [8.6187, 62.4296], [8.618, 62.4274], [8.6169, 62.4239], [8.6161, 62.4215], [8.6161, 62.4183], [8.616, 62.4149], [8.616, 62.412], [8.616, 62.408], [8.6162, 62.4056], [8.6164, 62.4028], [8.6164, 62.4028]]}}, {"type": "Feature", "properties": {"osm_type": "line", "voltage_kv": 132.0, "name": "LEIVDAL - VESTRE \u00c5SK\u00c5RA", "avail": 0}, "geometry": {"type": "LineString", "coordinates": [[5.7924, 61.8565], [5.8221, 61.8659]]}}, {"type": "Feature", "properties": {"osm_type": "line", "voltage_kv": 300.0, "name": "Stord - Spanne", "avail": 8, "avail_node": "Vabakken"}, "geometry": {"type": "LineString", "coordinates": [[5.4152, 59.7845], [5.4169, 59.7816], [5.4203, 59.7797], [5.4259, 59.7766], [5.429, 59.7746], [5.4292, 59.7745], [5.4301, 59.7739], [5.4354, 59.7705], [5.4375, 59.7676], [5.4399, 59.7644], [5.4415, 59.7622], [5.4442, 59.7585], [5.4464, 59.7556], [5.4481, 59.7533], [5.4524, 59.7511], [5.457, 59.7499], [5.4571, 59.7499]]}}, {"type": "Feature", "properties": {"osm_type": "line", "voltage_kv": 300.0, "name": "Stord - Spanne", "avail": 15, "avail_node": "Spanne"}, "geometry": {"type": "LineString", "coordinates": [[5.4882, 59.7095], [5.4925, 59.7046], [5.4954, 59.7014], [5.4965, 59.6998], [5.4993, 59.6958], [5.5006, 59.6941], [5.5025, 59.6914], [5.5026, 59.6877], [5.5027, 59.685], [5.5028, 59.6802], [5.5029, 59.6774], [5.503, 59.6737], [5.5031, 59.6679], [5.5055, 59.6638], [5.5085, 59.6587], [5.5104, 59.6556], [5.5133, 59.6507], [5.5144, 59.6488], [5.5129, 59.6452], [5.5121, 59.6431], [5.5104, 59.639], [5.5096, 59.6371], [5.5094, 59.6367], [5.5089, 59.6354], [5.5088, 59.6351], [5.508, 59.6332], [5.5069, 59.6306], [5.5045, 59.6245], [5.5034, 59.622], [5.5013, 59.6169], [5.5002, 59.614], [5.4987, 59.6104], [5.4975, 59.6075], [5.4966, 59.6052], [5.4951, 59.6016], [5.494, 59.599], [5.4933, 59.5972], [5.4915, 59.5928], [5.4883, 59.5893], [5.485, 59.5856], [5.4777, 59.5775], [5.4733, 59.5748], [5.4683, 59.5718], [5.4644, 59.5695], [5.4597, 59.566], [5.4562, 59.5634], [5.4535, 59.5614], [5.4481, 59.5573], [5.4445, 59.5546], [5.4382, 59.5499], [5.4364, 59.5486], [5.4353, 59.5477], [5.4348, 59.5474], [5.4327, 59.5458], [5.4307, 59.5439], [5.4276, 59.541], [5.4247, 59.5383], [5.423, 59.5338], [5.4229, 59.5334], [5.4217, 59.5303], [5.42, 59.5259], [5.4188, 59.5226], [5.417, 59.5179], [5.4154, 59.5137], [5.414, 59.5099], [5.4125, 59.5061], [5.4124, 59.5028], [5.4124, 59.5001], [5.4124, 59.4997], [5.4123, 59.4975], [5.4122, 59.494], [5.4122, 59.4915], [5.4121, 59.4875], [5.412, 59.4842], [5.4119, 59.481], [5.4119, 59.4809], [5.4119, 59.4808], [5.4086, 59.4784], [5.4043, 59.4753], [5.4015, 59.4733], [5.3965, 59.4698], [5.3922, 59.4667], [5.3883, 59.4639], [5.3843, 59.4612], [5.3792, 59.4578], [5.374, 59.4544], [5.3708, 59.4522], [5.3673, 59.4499], [5.3648, 59.4482], [5.3649, 59.4455], [5.3652, 59.4409], [5.3655, 59.4356], [5.3658, 59.4316], [5.366, 59.4283], [5.3645, 59.4267], [5.3621, 59.4243], [5.3595, 59.4217], [5.3563, 59.4184], [5.3539, 59.415], [5.3525, 59.4129], [5.3514, 59.4114], [5.3508, 59.4105], [5.3498, 59.4074], [5.3485, 59.4037], [5.3478, 59.4016], [5.3463, 59.3972], [5.3454, 59.3936], [5.3446, 59.3901], [5.344, 59.3874], [5.3398, 59.3834], [5.3379, 59.3815]]}}, {"type": "Feature", "properties": {"osm_type": "line", "voltage_kv": 150.0, "name": "Boris Gleb - Kirkenes", "avail": 22, "avail_node": "Kirkenes"}, "geometry": {"type": "LineString", "coordinates": [[30.1416, 69.6532], [30.1396, 69.6533], [30.134, 69.6535], [30.1317, 69.6536], [30.1261, 69.6537], [30.1243, 69.6548], [30.1234, 69.6553], [30.1217, 69.6563], [30.1201, 69.6572], [30.1181, 69.6584], [30.1162, 69.6596], [30.1135, 69.6611], [30.1121, 69.6619], [30.1099, 69.6632], [30.1085, 69.664], [30.106, 69.6655], [30.105, 69.666], [30.1026, 69.6675], [30.1009, 69.6684], [30.0981, 69.6701], [30.0963, 69.6712], [30.0943, 69.6715], [30.091, 69.6721], [30.0864, 69.6729], [30.0835, 69.6734], [30.0811, 69.6738], [30.0803, 69.6739], [30.0788, 69.6742], [30.0752, 69.6746], [30.0715, 69.6751], [30.068, 69.6755], [30.0641, 69.676], [30.0611, 69.6763], [30.0571, 69.6768], [30.0528, 69.6773], [30.0526, 69.6774], [30.0502, 69.6781], [30.0483, 69.6794], [30.0473, 69.6801], [30.0447, 69.6818], [30.043, 69.6828], [30.0421, 69.6835], [30.0406, 69.6844], [30.0385, 69.6858], [30.0374, 69.6865], [30.0365, 69.6872], [30.0342, 69.6887], [30.0326, 69.6897], [30.0309, 69.6908], [30.0292, 69.6919], [30.0277, 69.6929], [30.0259, 69.6941], [30.0242, 69.6952], [30.0224, 69.6964], [30.021, 69.6974], [30.0189, 69.6987], [30.0171, 69.6999], [30.0148, 69.7014], [30.0141, 69.7019], [30.014, 69.7019], [30.0135, 69.7022], [30.0115, 69.7036], [30.0098, 69.7047], [30.0101, 69.7062], [30.0104, 69.7076], [30.0105, 69.7085], [30.0107, 69.7092], [30.011, 69.7108], [30.0112, 69.7123], [30.0133, 69.7134], [30.0154, 69.7145], [30.0164, 69.715], [30.0181, 69.7158], [30.0208, 69.7172], [30.023, 69.7183], [30.0244, 69.719], [30.0263, 69.72], [30.0281, 69.7205], [30.0284, 69.7206]]}}, {"type": "Feature", "properties": {"osm_type": "line", "voltage_kv": 300.0, "name": "Kvinesdal - \u00c5na-Sira", "avail": 6, "avail_node": "S\u00d8YLAND"}, "geometry": {"type": "LineString", "coordinates": [[6.674, 58.2654], [6.6653, 58.2644], [6.6631, 58.2642], [6.6593, 58.2635], [6.6592, 58.2635], [6.6483, 58.2617], [6.6474, 58.2615], [6.6434, 58.2609], [6.6413, 58.2614], [6.635, 58.2628], [6.6296, 58.2641], [6.6223, 58.2657], [6.6146, 58.2675], [6.6021, 58.2705], [6.5971, 58.2715], [6.5923, 58.2724], [6.5906, 58.2727], [6.5858, 58.2737], [6.5768, 58.2759], [6.5726, 58.2762], [6.5677, 58.2765], [6.5638, 58.2769], [6.5548, 58.2776], [6.5447, 58.2786], [6.5402, 58.279], [6.5355, 58.2793], [6.5317, 58.2796], [6.5293, 58.2798], [6.5199, 58.2806], [6.5155, 58.2809], [6.5066, 58.2817], [6.4982, 58.2824], [6.4952, 58.2826], [6.4852, 58.2873], [6.4836, 58.288], [6.4774, 58.2894], [6.4736, 58.2902], [6.4708, 58.2908], [6.4664, 58.2917], [6.4621, 58.2925], [6.4598, 58.293], [6.4585, 58.2932]]}}, {"type": "Feature", "properties": {"osm_type": "line", "voltage_kv": 300.0, "name": "Kvinesdal - \u00c5na-Sira", "avail": 6, "avail_node": "S\u00d8YLAND"}, "geometry": {"type": "LineString", "coordinates": [[6.8431, 58.2791], [6.8421, 58.2797], [6.84, 58.2805], [6.8324, 58.2813], [6.828, 58.2822], [6.8249, 58.2826], [6.8227, 58.2828], [6.8173, 58.2835], [6.8163, 58.2835], [6.8137, 58.2836], [6.8, 58.2838], [6.7968, 58.2839], [6.7908, 58.2836], [6.7855, 58.2824], [6.7722, 58.2795], [6.7645, 58.2779], [6.761, 58.2772], [6.7581, 58.2768], [6.7505, 58.2755], [6.7464, 58.2749], [6.7352, 58.2732], [6.7266, 58.2719], [6.7261, 58.2718], [6.724, 58.2715], [6.7197, 58.2709], [6.7145, 58.2701], [6.7111, 58.2696], [6.702, 58.2686], [6.6988, 58.2682], [6.6934, 58.2676], [6.6905, 58.2673], [6.6841, 58.2665]]}}, {"type": "Feature", "properties": {"osm_type": "line", "name": "Jord Dale 2 - Arna", "avail": 19, "avail_node": "Oster\u00f8y"}, "geometry": {"type": "LineString", "coordinates": [[5.5445, 60.4357], [5.5445, 60.4355], [5.5444, 60.4353], [5.5442, 60.4341], [5.5441, 60.4336], [5.5441, 60.4336], [5.5444, 60.4332]]}}, {"type": "Feature", "properties": {"osm_type": "line", "voltage_kv": 132.0, "name": "Skillemoen - Skaidi", "avail": 0}, "geometry": {"type": "LineString", "coordinates": [[23.2247, 69.9053], [23.2296, 69.9055], [23.2413, 69.9057], [23.2415, 69.9057], [23.2499, 69.9059], [23.2511, 69.906], [23.2579, 69.9061], [23.2677, 69.9063], [23.2761, 69.9072], [23.3025, 69.9099], [23.3068, 69.9103], [23.3124, 69.9109], [23.3169, 69.9114], [23.3224, 69.9111], [23.3322, 69.9105], [23.3445, 69.9099], [23.3521, 69.9094], [23.358, 69.9091], [23.3652, 69.9087], [23.379, 69.9082], [23.389, 69.9078], [23.4028, 69.9073], [23.4112, 69.907], [23.4202, 69.9067], [23.4243, 69.9065], [23.4256, 69.9065], [23.4366, 69.9061], [23.4477, 69.9057], [23.4552, 69.9054], [23.4599, 69.9052], [23.4664, 69.9061], [23.4775, 69.9076], [23.487, 69.9089], [23.503, 69.911], [23.5072, 69.9115], [23.5134, 69.9124], [23.5174, 69.9129], [23.5225, 69.9136], [23.5259, 69.9172], [23.5269, 69.9182], [23.5291, 69.9205], [23.5347, 69.9264], [23.5366, 69.9284], [23.5394, 69.9314], [23.5424, 69.9346], [23.5448, 69.9371], [23.549, 69.9415], [23.5511, 69.9437], [23.5534, 69.9461], [23.5565, 69.9494], [23.5591, 69.9521], [23.5633, 69.9564], [23.5657, 69.959], [23.5684, 69.9618], [23.5719, 69.9654], [23.5741, 69.9678], [23.5822, 69.9762], [23.5819, 69.9789], [23.5816, 69.9825], [23.5813, 69.9861], [23.581, 69.9901], [23.5806, 69.9941], [23.5804, 69.9973], [23.58, 70.0012], [23.5798, 70.0042], [23.5793, 70.0103], [23.5789, 70.0144], [23.5787, 70.017], [23.5783, 70.0213], [23.5781, 70.024], [23.5778, 70.0277], [23.5788, 70.0332], [23.5791, 70.0349], [23.5798, 70.0392], [23.5803, 70.042], [23.581, 70.0456], [23.5817, 70.0495], [23.582, 70.0513], [23.5809, 70.0554], [23.5833, 70.0611], [23.5808, 70.0634], [23.5784, 70.0655], [23.5747, 70.0679], [23.5701, 70.0709], [23.569, 70.0718], [23.5678, 70.0728], [23.5646, 70.0756], [23.5602, 70.0793], [23.5566, 70.0824], [23.5544, 70.0857], [23.5528, 70.0881], [23.5535, 70.0903], [23.5546, 70.0934], [23.5583, 70.095], [23.566, 70.0975], [23.5731, 70.0998], [23.5842, 70.1039], [23.5899, 70.1061], [23.5952, 70.108], [23.6001, 70.1099], [23.6011, 70.1111], [23.6025, 70.113], [23.6023, 70.1171], [23.6021, 70.1194], [23.6048, 70.1202], [23.6123, 70.1225], [23.619, 70.1245], [23.6279, 70.1282], [23.6322, 70.1301], [23.6406, 70.1361], [23.6442, 70.1387], [23.6486, 70.1406], [23.6568, 70.1436], [23.6625, 70.1456], [23.6697, 70.1481], [23.6737, 70.1495], [23.6777, 70.1508], [23.6867, 70.1536], [23.692, 70.1553], [23.6988, 70.1575], [23.7043, 70.1592], [23.7088, 70.1606], [23.7175, 70.1634], [23.7266, 70.1663], [23.7322, 70.1681], [23.737, 70.1696], [23.7427, 70.1714], [23.7504, 70.1738], [23.7584, 70.1764], [23.7649, 70.1784], [23.7719, 70.1806], [23.778, 70.1826], [23.7841, 70.1845], [23.7876, 70.1856], [23.7931, 70.1863], [23.8008, 70.1869], [23.8132, 70.1877], [23.8208, 70.1882], [23.8284, 70.1893], [23.8359, 70.1903], [23.8436, 70.1914], [23.849, 70.1926], [23.8541, 70.1937], [23.8613, 70.1952], [23.8691, 70.1968], [23.8761, 70.1983], [23.8821, 70.1996], [23.89, 70.2013], [23.8949, 70.2023], [23.8991, 70.2044], [23.9032, 70.2065], [23.907, 70.2084], [23.9123, 70.2103], [23.918, 70.2122], [23.9256, 70.2138], [23.9341, 70.2154], [23.942, 70.217], [23.9488, 70.2183], [23.955, 70.2201], [23.9631, 70.2224], [23.9704, 70.2245], [23.9786, 70.2258], [23.9846, 70.2268], [23.9965, 70.2273], [24.0055, 70.2277], [24.0195, 70.2283], [24.0289, 70.2288], [24.0376, 70.2291], [24.0476, 70.2296], [24.0565, 70.2302], [24.0653, 70.2307], [24.0745, 70.2313], [24.0826, 70.2318], [24.0893, 70.235], [24.0931, 70.2369], [24.0977, 70.2391], [24.1023, 70.2412], [24.1077, 70.2438], [24.1133, 70.2465], [24.1175, 70.2485], [24.1245, 70.2519], [24.1306, 70.2548], [24.1355, 70.2571], [24.1393, 70.2589], [24.144, 70.2612], [24.1491, 70.2636], [24.1563, 70.2649], [24.1651, 70.2666], [24.1758, 70.2686], [24.1855, 70.2702], [24.1931, 70.2715], [24.2012, 70.2729], [24.2097, 70.2743], [24.2171, 70.2756], [24.2266, 70.2773], [24.2333, 70.2784], [24.2438, 70.2802], [24.2543, 70.282], [24.2651, 70.2839], [24.271, 70.2849], [24.28, 70.2864], [24.2865, 70.2876], [24.2978, 70.2895], [24.304, 70.2906], [24.3117, 70.2919], [24.319, 70.2935], [24.3272, 70.2954], [24.3345, 70.297], [24.3452, 70.2994], [24.3509, 70.3007], [24.3593, 70.3026], [24.3674, 70.3044], [24.372, 70.3065], [24.3767, 70.3087], [24.3818, 70.311], [24.3862, 70.313], [24.3918, 70.3156], [24.3946, 70.3177], [24.3978, 70.3203], [24.4017, 70.3234], [24.4061, 70.3269], [24.4091, 70.3293], [24.4125, 70.332], [24.4161, 70.3349], [24.42, 70.338], [24.4248, 70.3418], [24.4295, 70.3455], [24.4332, 70.3475], [24.4384, 70.3502], [24.4458, 70.354], [24.4485, 70.3554], [24.4521, 70.3575], [24.4586, 70.3613], [24.4635, 70.3641], [24.4679, 70.3666], [24.4745, 70.3704], [24.4789, 70.373], [24.4821, 70.3748], [24.4866, 70.3774], [24.4914, 70.3802], [24.4933, 70.3823], [24.4955, 70.3848], [24.498, 70.3876], [24.5011, 70.3911], [24.504, 70.3944], [24.5073, 70.3981], [24.51, 70.4012], [24.5135, 70.4051], [24.5156, 70.4075], [24.5173, 70.4094], [24.5204, 70.4128], [24.5226, 70.4154], [24.5261, 70.4178], [24.5296, 70.4203], [24.5346, 70.4238], [24.5393, 70.4271], [24.5439, 70.4301], [24.5438, 70.4304]]}}, {"type": "Feature", "properties": {"osm_type": "line", "voltage_kv": 420.0, "name": "Kvilldal - Saurdal", "avail": 1, "avail_node": "Saurdal"}, "geometry": {"type": "LineString", "coordinates": [[6.6582, 59.5266], [6.6609, 59.5254], [6.6615, 59.5248], [6.663, 59.5231], [6.665, 59.5207], [6.6671, 59.5184], [6.6688, 59.516], [6.671, 59.5127], [6.6722, 59.511], [6.6735, 59.509], [6.6747, 59.5072], [6.6779, 59.5025], [6.6794, 59.5004], [6.6807, 59.4983], [6.6812, 59.4971], [6.6785, 59.493], [6.6772, 59.491], [6.6766, 59.4901], [6.6748, 59.4889], [6.6731, 59.4876], [6.6729, 59.4874]]}}, {"type": "Feature", "properties": {"osm_type": "line", "voltage_kv": 132.0, "name": "RE_132HL01_1", "avail": 2, "avail_node": "Tingvoll"}, "geometry": {"type": "LineString", "coordinates": [[8.0786, 62.8415], [8.0783, 62.8427], [8.0781, 62.8438], [8.0776, 62.8464], [8.0774, 62.8471], [8.0769, 62.8493], [8.0767, 62.8501], [8.0762, 62.8523], [8.076, 62.8528], [8.0759, 62.8533], [8.0754, 62.8555], [8.0745, 62.856], [8.0731, 62.8566], [8.0692, 62.8585], [8.0654, 62.8603], [8.0636, 62.8612], [8.0616, 62.8622], [8.059, 62.8634], [8.0573, 62.8642], [8.0542, 62.8657], [8.0515, 62.867], [8.0504, 62.8675], [8.0489, 62.8683], [8.0455, 62.8699], [8.0425, 62.8714], [8.0412, 62.872], [8.0402, 62.8724], [8.0392, 62.8728], [8.0373, 62.8737], [8.0345, 62.8748], [8.0323, 62.8758], [8.0305, 62.8766], [8.0284, 62.8775], [8.0264, 62.8783], [8.0238, 62.8794], [8.0213, 62.8805], [8.0187, 62.8816], [8.0164, 62.8826], [8.0133, 62.8839], [8.0111, 62.8848], [8.0088, 62.8858], [8.0067, 62.8867], [8.005, 62.8875], [8.0047, 62.8876], [8.0016, 62.8889]]}}, {"type": "Feature", "properties": {"osm_type": "line", "voltage_kv": 420.0, "name": "Nore - Sylling", "avail": 29, "avail_node": "Setersberg"}, "geometry": {"type": "LineString", "coordinates": [[8.9638, 60.264], [8.9641, 60.2636], [8.9662, 60.2624], [8.9702, 60.2605], [8.9755, 60.2592], [8.9857, 60.2565], [8.9935, 60.2538], [8.9968, 60.2531], [9.0025, 60.2519], [9.0072, 60.2511], [9.0107, 60.2506], [9.021, 60.248], [9.0298, 60.2459], [9.0325, 60.2452], [9.0395, 60.2449], [9.0449, 60.2447], [9.0486, 60.2445], [9.0489, 60.2445], [9.0491, 60.2445], [9.0491, 60.2445], [9.0557, 60.2441], [9.0603, 60.2416], [9.0665, 60.2383], [9.0685, 60.235], [9.0702, 60.2322], [9.072, 60.2292], [9.0733, 60.2271], [9.0761, 60.2226], [9.0775, 60.2203], [9.0788, 60.2179], [9.0813, 60.2156], [9.0846, 60.2124], [9.0864, 60.2106], [9.0891, 60.2077], [9.0909, 60.2058], [9.0928, 60.2035], [9.0952, 60.2006], [9.0967, 60.1988], [9.0999, 60.1956], [9.1018, 60.1937], [9.1043, 60.1911], [9.1075, 60.1884], [9.1127, 60.1848], [9.1171, 60.1821], [9.1234, 60.1781], [9.1259, 60.1766], [9.1282, 60.1752], [9.1316, 60.173], [9.1367, 60.1698], [9.1421, 60.1664], [9.1476, 60.163], [9.1523, 60.16], [9.1575, 60.1568], [9.1604, 60.155], [9.1645, 60.1524], [9.168, 60.1502], [9.174, 60.1464], [9.1787, 60.1434], [9.182, 60.1414], [9.184, 60.1401], [9.1911, 60.1357], [9.1943, 60.1336], [9.1982, 60.1312], [9.202, 60.1298], [9.2052, 60.1286], [9.2111, 60.1265], [9.2156, 60.1249], [9.2209, 60.1231], [9.2245, 60.1218], [9.2289, 60.1203], [9.2342, 60.1184], [9.2397, 60.1165], [9.2435, 60.1151], [9.2497, 60.113], [9.2558, 60.1108], [9.263, 60.1083], [9.2652, 60.1075], [9.2738, 60.1045], [9.2782, 60.103], [9.2829, 60.1013], [9.2867, 60.1], [9.2945, 60.0973], [9.299, 60.0957], [9.3025, 60.0944], [9.3104, 60.0917], [9.3145, 60.0902], [9.3232, 60.0872], [9.3269, 60.0859], [9.3303, 60.0847], [9.3346, 60.0832], [9.3406, 60.0811], [9.3471, 60.0788], [9.3517, 60.0772], [9.3573, 60.077], [9.3609, 60.0769], [9.3684, 60.0766], [9.3704, 60.0765], [9.3771, 60.0744], [9.382, 60.0729], [9.3869, 60.0714], [9.3915, 60.07], [9.3971, 60.0681], [9.4006, 60.0669], [9.4052, 60.0653], [9.4122, 60.0629], [9.417, 60.0611], [9.4236, 60.0585], [9.4295, 60.0562], [9.4337, 60.0546], [9.4367, 60.0534], [9.441, 60.0517], [9.4469, 60.0494], [9.451, 60.0478], [9.457, 60.0455], [9.461, 60.0439], [9.4656, 60.0421], [9.4701, 60.0404], [9.4733, 60.0391], [9.4794, 60.0368], [9.4839, 60.0353], [9.4883, 60.0341], [9.4932, 60.0329], [9.5005, 60.0313], [9.5062, 60.0301], [9.5126, 60.0288], [9.5156, 60.0281], [9.5254, 60.0261], [9.5324, 60.0246], [9.5387, 60.0232], [9.5462, 60.0216], [9.5554, 60.0196], [9.5623, 60.0181], [9.5627, 60.018], [9.5632, 60.0179], [9.5677, 60.0169], [9.5745, 60.0154], [9.5786, 60.0145], [9.5846, 60.0132], [9.5885, 60.0124], [9.592, 60.0116], [9.5959, 60.0108], [9.6056, 60.0087], [9.6154, 60.0066], [9.6206, 60.0055], [9.6236, 60.0049], [9.6262, 60.0043], [9.6328, 60.0013], [9.6328, 60.0013], [9.6386, 59.9986], [9.6429, 59.9965], [9.6488, 59.9934], [9.6541, 59.9907], [9.6577, 59.9888], [9.6629, 59.9861], [9.6683, 59.9834], [9.6728, 59.9811], [9.6783, 59.9782], [9.6832, 59.9757], [9.6863, 59.9741], [9.6928, 59.9708], [9.6984, 59.9679], [9.7037, 59.9651], [9.7077, 59.963], [9.713, 59.96], [9.7154, 59.9586], [9.7165, 59.9579], [9.7204, 59.9557], [9.7237, 59.9538], [9.7281, 59.9513], [9.7325, 59.9488], [9.7373, 59.9462], [9.7432, 59.9431], [9.7483, 59.9404], [9.7537, 59.9376], [9.7579, 59.9354], [9.7643, 59.932], [9.7701, 59.929], [9.7747, 59.9265], [9.7811, 59.9232], [9.7838, 59.9217], [9.7875, 59.9198], [9.7936, 59.9162], [9.7992, 59.9126], [9.8027, 59.9103], [9.8073, 59.9074], [9.8101, 59.9056], [9.8139, 59.9032], [9.8168, 59.9013], [9.8242, 59.8966], [9.8276, 59.8943], [9.8348, 59.8898], [9.8379, 59.8878], [9.8421, 59.885], [9.8475, 59.8816], [9.8502, 59.8811], [9.8587, 59.8797], [9.8627, 59.8791], [9.8699, 59.8779], [9.8702, 59.8779], [9.8703, 59.8778], [9.8752, 59.877], [9.8757, 59.8769], [9.8824, 59.8759], [9.8884, 59.8749], [9.8902, 59.8746], [9.901, 59.8728], [9.9066, 59.8719], [9.9136, 59.8707], [9.9151, 59.8705], [9.9158, 59.8704], [9.9201, 59.8697], [9.9201, 59.8697], [9.9203, 59.8696], [9.9203, 59.8696], [9.9203, 59.8696], [9.9215, 59.8694], [9.9325, 59.8706], [9.9409, 59.8718], [9.9466, 59.8728], [9.9518, 59.8738], [9.958, 59.8749], [9.964, 59.876], [9.9709, 59.8773], [9.9777, 59.878], [9.9855, 59.8788], [9.9932, 59.8795], [10.0014, 59.8804], [10.0092, 59.8812], [10.0174, 59.8818], [10.0195, 59.882], [10.0249, 59.8824], [10.0331, 59.8831], [10.0383, 59.8836], [10.0468, 59.8843], [10.0521, 59.8849], [10.0558, 59.8854], [10.0665, 59.8868], [10.0711, 59.8874], [10.0793, 59.8865], [10.0823, 59.8861], [10.0938, 59.8849], [10.1005, 59.8841], [10.1042, 59.8837], [10.1127, 59.8828], [10.1165, 59.8824], [10.1301, 59.8809], [10.1348, 59.8804], [10.1404, 59.8798], [10.1466, 59.8791], [10.1529, 59.8784], [10.1569, 59.8779], [10.1637, 59.8772], [10.1716, 59.8763], [10.1771, 59.8757], [10.1853, 59.8748], [10.1929, 59.8739], [10.1992, 59.8732], [10.2041, 59.8726], [10.2071, 59.8713], [10.2108, 59.8696]]}}, {"type": "Feature", "properties": {"osm_type": "line", "voltage_kv": 300.0, "name": "Kjelland - Bjerkreim", "avail": 6, "avail_node": "B\u00f8 trafostasjon"}, "geometry": {"type": "LineString", "coordinates": [[6.0309, 58.4976], [6.0307, 58.4978], [6.0287, 58.5006], [6.0286, 58.5008], [6.0269, 58.5032], [6.0259, 58.5035], [6.0184, 58.5059], [6.0095, 58.5087], [6.0063, 58.5098], [6.0029, 58.5108], [5.999, 58.5121], [5.9962, 58.514], [5.9912, 58.5175], [5.9887, 58.5193], [5.987, 58.5204], [5.9851, 58.5226], [5.9825, 58.5257], [5.98, 58.5286], [5.978, 58.5309], [5.9756, 58.5336], [5.9735, 58.536], [5.9707, 58.5393], [5.9668, 58.5438], [5.963, 58.5482], [5.9599, 58.5518], [5.9563, 58.5553], [5.9516, 58.5598], [5.9496, 58.5617], [5.9472, 58.5641], [5.9439, 58.5673], [5.9431, 58.5681], [5.9399, 58.5711], [5.9376, 58.5734], [5.935, 58.5759], [5.9315, 58.5793], [5.9292, 58.5815], [5.926, 58.5846], [5.9231, 58.5868], [5.9229, 58.5872]]}}, {"type": "Feature", "properties": {"osm_type": "line", "voltage_kv": 420.0, "name": "Bamble - Grenland", "avail": 45, "avail_node": "Roligheten"}, "geometry": {"type": "LineString", "coordinates": [[9.5923, 59.0429], [9.5916, 59.0434], [9.5878, 59.0447], [9.5792, 59.0478], [9.5732, 59.0491], [9.5669, 59.0504], [9.5595, 59.0519], [9.5527, 59.0523], [9.547, 59.0526], [9.5378, 59.0531], [9.5313, 59.0557], [9.5259, 59.0578], [9.5194, 59.0598], [9.5148, 59.0613], [9.5134, 59.0617], [9.5071, 59.0636], [9.5043, 59.0644], [9.4967, 59.0667], [9.492, 59.0681], [9.4841, 59.0704], [9.4774, 59.0724], [9.4714, 59.0769], [9.4708, 59.0785], [9.4701, 59.0801], [9.4693, 59.0819], [9.4687, 59.0833], [9.4675, 59.0862], [9.4699, 59.089], [9.4718, 59.0912], [9.4743, 59.0945], [9.4759, 59.0966], [9.4772, 59.0982], [9.4801, 59.102], [9.4809, 59.1039], [9.4817, 59.1057], [9.4839, 59.1084], [9.4859, 59.1109], [9.4882, 59.1138], [9.4897, 59.1157], [9.4936, 59.1207], [9.4909, 59.1228], [9.4831, 59.1256], [9.4792, 59.1269]]}}, {"type": "Feature", "properties": {"osm_type": "line", "voltage_kv": 300.0, "name": "Tegneby - Hasle", "avail": 36, "avail_node": "Tofte "}, "geometry": {"type": "LineString", "coordinates": [[10.7449, 59.5162], [10.7496, 59.5157], [10.7537, 59.5142], [10.7577, 59.5126], [10.7611, 59.5113], [10.7653, 59.5096], [10.7685, 59.5084], [10.7728, 59.5067], [10.7766, 59.5052], [10.7802, 59.5039], [10.7839, 59.5024], [10.7878, 59.5009], [10.7913, 59.4996], [10.7947, 59.4982], [10.7984, 59.4968], [10.8022, 59.4953], [10.8059, 59.4938], [10.811, 59.4919], [10.8135, 59.4909], [10.8156, 59.4901], [10.8189, 59.4888], [10.8209, 59.488], [10.8249, 59.4864], [10.8281, 59.4852], [10.8315, 59.4839], [10.834, 59.4829], [10.8381, 59.4813], [10.8423, 59.4797], [10.8453, 59.4785], [10.8455, 59.4785], [10.8484, 59.4773], [10.8517, 59.4761], [10.8555, 59.4746], [10.8598, 59.4729], [10.861, 59.4724], [10.8623, 59.4719], [10.8631, 59.4716], [10.8643, 59.4711], [10.8678, 59.4698], [10.872, 59.4681], [10.8763, 59.4665], [10.8798, 59.4651], [10.8846, 59.4632], [10.888, 59.4619], [10.8926, 59.4601], [10.8952, 59.4584], [10.8977, 59.4567], [10.9007, 59.4547], [10.9036, 59.4528], [10.9062, 59.451], [10.9088, 59.4493], [10.9124, 59.4469], [10.9154, 59.4449], [10.9183, 59.4429], [10.9208, 59.4413], [10.9248, 59.4386], [10.9273, 59.437], [10.9298, 59.4353], [10.93, 59.4351], [10.9331, 59.433], [10.9369, 59.4305], [10.9389, 59.4292], [10.9412, 59.4276], [10.9455, 59.4247], [10.9481, 59.423], [10.9508, 59.4212], [10.9537, 59.4193], [10.957, 59.417], [10.9589, 59.4158], [10.9616, 59.4139], [10.9642, 59.4122], [10.9671, 59.4103], [10.9699, 59.4084], [10.9737, 59.4059], [10.9762, 59.4042], [10.9793, 59.4021], [10.9814, 59.4007], [10.9839, 59.399], [10.9868, 59.397], [10.9906, 59.3945], [10.9933, 59.3927], [10.9966, 59.3905], [10.9995, 59.3886], [11.0024, 59.3866], [11.0048, 59.385], [11.0077, 59.383], [11.0116, 59.3804], [11.015, 59.3781], [11.017, 59.3768], [11.0207, 59.3743], [11.0226, 59.373], [11.0256, 59.371], [11.0292, 59.3692], [11.0325, 59.3676], [11.0372, 59.3653], [11.0411, 59.3633], [11.0452, 59.3613], [11.048, 59.3599], [11.0513, 59.3583], [11.0544, 59.3567], [11.0567, 59.3556], [11.0586, 59.3545], [11.0594, 59.3541], [11.0628, 59.3522], [11.0639, 59.3515], [11.0668, 59.3504], [11.0677, 59.35], [11.0689, 59.3495], [11.0724, 59.3478], [11.075, 59.3465], [11.0782, 59.345], [11.0811, 59.3435], [11.0849, 59.3416], [11.0888, 59.3397], [11.0902, 59.339], [11.0925, 59.3378], [11.0968, 59.3357], [11.0973, 59.3355], [11.1005, 59.3339], [11.1038, 59.3323], [11.1038, 59.3322], [11.1042, 59.3321], [11.1087, 59.3306], [11.1114, 59.3297], [11.1141, 59.3289], [11.1179, 59.3276], [11.1228, 59.326], [11.1272, 59.3246], [11.1317, 59.3232], [11.1385, 59.321], [11.1431, 59.3195], [11.1474, 59.3181], [11.1513, 59.3164]]}}, {"type": "Feature", "properties": {"osm_type": "line", "voltage_kv": 300.0, "name": "Sogndal - T_Nuken (Leird\u00f8la)", "avail": 0}, "geometry": {"type": "LineString", "coordinates": [[7.0278, 61.218], [7.0319, 61.2181], [7.0338, 61.2202], [7.0365, 61.2233], [7.0381, 61.2251], [7.0417, 61.229], [7.0455, 61.2321], [7.0456, 61.2321], [7.0465, 61.2329], [7.0479, 61.234], [7.0489, 61.2347], [7.0514, 61.2363], [7.0516, 61.2365], [7.0526, 61.2371], [7.0551, 61.2388], [7.0576, 61.2405], [7.0629, 61.244], [7.0676, 61.2471], [7.0692, 61.2486], [7.071, 61.2504], [7.0747, 61.254], [7.0774, 61.2567], [7.0809, 61.2602], [7.0853, 61.2644], [7.089, 61.2681], [7.0906, 61.2696], [7.0927, 61.2717], [7.0954, 61.2743], [7.0981, 61.277], [7.1012, 61.28], [7.1036, 61.2823]]}}, {"type": "Feature", "properties": {"osm_type": "line", "voltage_kv": 300.0, "name": "Nedre Vinstra - F\u00e5berg", "avail": 9, "avail_node": "Tretten"}, "geometry": {"type": "LineString", "coordinates": [[9.8072, 61.5751], [9.8073, 61.5749], [9.8081, 61.5732], [9.8086, 61.5721], [9.8091, 61.5709], [9.8091, 61.5709], [9.8091, 61.5708], [9.8092, 61.5708], [9.8098, 61.5693], [9.81, 61.569], [9.8107, 61.5674], [9.8118, 61.565], [9.8122, 61.5637], [9.8125, 61.5627], [9.8132, 61.5605], [9.8138, 61.5583], [9.8141, 61.5576], [9.8145, 61.5561], [9.8167, 61.5542], [9.8184, 61.5527], [9.8199, 61.5515], [9.8215, 61.55], [9.8234, 61.5484], [9.8252, 61.5468], [9.8268, 61.5454], [9.8286, 61.5439], [9.8303, 61.5425], [9.8318, 61.5412], [9.8335, 61.5398], [9.835, 61.5385], [9.8367, 61.5371], [9.8386, 61.5356], [9.8401, 61.5343], [9.8414, 61.5332], [9.8428, 61.5321], [9.8446, 61.5305], [9.8461, 61.5293], [9.8479, 61.5278], [9.8495, 61.5264], [9.8514, 61.5249], [9.8531, 61.5234], [9.855, 61.5219], [9.8568, 61.5203], [9.8583, 61.5191], [9.8602, 61.5175], [9.862, 61.5161], [9.8636, 61.5147], [9.865, 61.5135], [9.8664, 61.5121], [9.8678, 61.5108], [9.8691, 61.5096], [9.8706, 61.5081], [9.8721, 61.5066], [9.8738, 61.505], [9.8754, 61.5035], [9.8771, 61.5018], [9.8787, 61.5002], [9.88, 61.4988], [9.8812, 61.4974], [9.8827, 61.4958], [9.884, 61.4943], [9.8855, 61.4927], [9.8867, 61.4914], [9.8881, 61.4898], [9.8895, 61.4883], [9.8907, 61.4869], [9.8922, 61.4853], [9.8936, 61.4837], [9.8948, 61.4824], [9.8963, 61.4807], [9.8973, 61.4796], [9.8986, 61.4782], [9.8996, 61.477], [9.901, 61.4755], [9.9023, 61.4741], [9.9035, 61.4727], [9.9049, 61.4712], [9.906, 61.4699], [9.9074, 61.4683], [9.9088, 61.4668], [9.91, 61.4653], [9.9112, 61.464], [9.9127, 61.4623], [9.9138, 61.461], [9.9153, 61.4593], [9.9165, 61.4579], [9.9178, 61.4565], [9.919, 61.4551], [9.9199, 61.4541], [9.9213, 61.4525], [9.9226, 61.4509], [9.9241, 61.4493], [9.9253, 61.4479], [9.9264, 61.4466], [9.9275, 61.4453], [9.9288, 61.4438], [9.9302, 61.4423], [9.9313, 61.441], [9.9328, 61.4393], [9.934, 61.4379], [9.9355, 61.4363], [9.9369, 61.4346], [9.9381, 61.4332], [9.9395, 61.4317], [9.9409, 61.4301], [9.9422, 61.4285], [9.9436, 61.427], [9.9449, 61.4255], [9.9464, 61.4238], [9.9476, 61.4224], [9.949, 61.4208], [9.9504, 61.4191], [9.9518, 61.4176], [9.9531, 61.4161], [9.9543, 61.4148], [9.9554, 61.4135], [9.9568, 61.4119], [9.9585, 61.4104], [9.9602, 61.4088], [9.9619, 61.4072], [9.9632, 61.4061], [9.965, 61.4045], [9.9666, 61.403], [9.9681, 61.4017], [9.9695, 61.4004], [9.971, 61.399], [9.9726, 61.3976], [9.9743, 61.3961], [9.9756, 61.3948], [9.9768, 61.3938], [9.9785, 61.3922], [9.981, 61.391], [9.983, 61.39], [9.9853, 61.3888], [9.9871, 61.3879], [9.9888, 61.3871], [9.9902, 61.3864], [9.9924, 61.3853], [9.995, 61.384], [9.9974, 61.3828], [9.9997, 61.3816], [10.0023, 61.3803], [10.0043, 61.3793], [10.0062, 61.3784], [10.0082, 61.3773], [10.0108, 61.376], [10.013, 61.3749], [10.0157, 61.3736], [10.0176, 61.3726], [10.0197, 61.3716], [10.0215, 61.37], [10.0232, 61.3686], [10.0247, 61.3673], [10.0263, 61.3659], [10.0279, 61.3644], [10.0292, 61.3633], [10.0307, 61.3621], [10.032, 61.3609], [10.0336, 61.3595], [10.0352, 61.3581], [10.0368, 61.3567], [10.0384, 61.3554], [10.0399, 61.3541], [10.0422, 61.353], [10.0449, 61.3518], [10.0471, 61.3509], [10.0498, 61.3497], [10.0523, 61.3486], [10.0524, 61.3485], [10.0546, 61.3476], [10.0569, 61.3465], [10.0595, 61.3454], [10.0619, 61.3443], [10.0646, 61.3432], [10.067, 61.3421], [10.0695, 61.341], [10.0718, 61.34], [10.0744, 61.3388], [10.0769, 61.3377], [10.0794, 61.3366], [10.0818, 61.3356], [10.0842, 61.3345], [10.0872, 61.3332], [10.09, 61.3319], [10.0926, 61.3308], [10.0954, 61.3295], [10.0984, 61.3282], [10.102, 61.3266], [10.1022, 61.3265], [10.1055, 61.3251], [10.1084, 61.3238], [10.1116, 61.3224], [10.1147, 61.321], [10.1185, 61.3193], [10.1217, 61.3179], [10.1246, 61.3166], [10.1279, 61.3152], [10.1312, 61.3137], [10.1349, 61.312], [10.1382, 61.3106], [10.1413, 61.3092], [10.1453, 61.3074], [10.1492, 61.3057], [10.1527, 61.3042], [10.1555, 61.3029], [10.1575, 61.3015], [10.1597, 61.3], [10.1619, 61.2986], [10.1645, 61.2968], [10.1675, 61.2948], [10.1692, 61.2937], [10.1709, 61.292], [10.173, 61.29], [10.1734, 61.2895], [10.1746, 61.2884]]}}, {"type": "Feature", "properties": {"osm_type": "line", "voltage_kv": 300.0, "name": "Nedre Vinstra - F\u00e5berg", "avail": 9, "avail_node": "Tretten"}, "geometry": {"type": "LineString", "coordinates": [[10.1757, 61.2874], [10.1771, 61.286], [10.1805, 61.2827], [10.1828, 61.2805], [10.1846, 61.2787], [10.1865, 61.2768], [10.1882, 61.2752], [10.1899, 61.2736], [10.1906, 61.2728], [10.1914, 61.272], [10.1932, 61.2703], [10.1956, 61.2689], [10.1979, 61.2677], [10.1981, 61.2676], [10.2014, 61.2664], [10.2052, 61.2651], [10.2085, 61.2639], [10.2128, 61.2624], [10.2132, 61.2622], [10.2162, 61.2612], [10.2194, 61.2601], [10.2228, 61.2589], [10.2265, 61.2576], [10.2306, 61.2561], [10.2336, 61.2551], [10.2367, 61.254], [10.2403, 61.2527], [10.2437, 61.2515], [10.2469, 61.2504], [10.2519, 61.2486], [10.2557, 61.2473], [10.2596, 61.2459], [10.262, 61.2448], [10.263, 61.2443], [10.2632, 61.2442], [10.2662, 61.2428], [10.2699, 61.2411], [10.2733, 61.2396], [10.2762, 61.2382], [10.2794, 61.2368], [10.2828, 61.2358], [10.2855, 61.235], [10.2892, 61.234], [10.2922, 61.2331], [10.2955, 61.2322], [10.2994, 61.2311], [10.2998, 61.231], [10.3029, 61.2301], [10.3058, 61.2286], [10.3083, 61.2273], [10.3109, 61.2259], [10.3136, 61.2245], [10.316, 61.2232], [10.3192, 61.2215], [10.3205, 61.2205], [10.323, 61.2186], [10.3252, 61.2169], [10.3279, 61.2148], [10.3298, 61.2133], [10.3315, 61.212], [10.3321, 61.2115], [10.3336, 61.2104], [10.3352, 61.2088], [10.3384, 61.2057], [10.3401, 61.2042], [10.342, 61.2023], [10.3443, 61.2001], [10.3471, 61.1975], [10.3495, 61.1951], [10.3515, 61.1932], [10.3539, 61.1908], [10.356, 61.1888], [10.358, 61.187], [10.36, 61.185], [10.3623, 61.1828], [10.3642, 61.181], [10.3662, 61.1791], [10.3678, 61.1775], [10.3691, 61.1763], [10.3709, 61.1748], [10.3711, 61.1747], [10.3735, 61.1728], [10.3744, 61.1722], [10.3769, 61.1702], [10.3772, 61.1699], [10.3799, 61.1678], [10.3818, 61.1663], [10.3821, 61.1661], [10.3822, 61.166], [10.3837, 61.1648], [10.3857, 61.1633], [10.3867, 61.1625], [10.3878, 61.1614], [10.3897, 61.1593], [10.3927, 61.1561], [10.3947, 61.1539], [10.3968, 61.1517], [10.3987, 61.1497], [10.4007, 61.1475], [10.4027, 61.1454], [10.4051, 61.1428], [10.4077, 61.14], [10.4126, 61.1387], [10.416, 61.1379]]}}, {"type": "Feature", "properties": {"osm_type": "line", "voltage_kv": 300.0, "name": "Duge - Lyse", "avail": 2, "avail_node": "Moen trafostasjon"}, "geometry": {"type": "LineString", "coordinates": [[6.8939, 59.1228], [6.8938, 59.1225], [6.8932, 59.1208], [6.8882, 59.1193], [6.8823, 59.1175], [6.8704, 59.1189], [6.8661, 59.1182], [6.8632, 59.1174], [6.8568, 59.1158], [6.8494, 59.1151], [6.8393, 59.114], [6.8308, 59.1127], [6.825, 59.1124], [6.8188, 59.1121], [6.8137, 59.1114], [6.8064, 59.1105], [6.8007, 59.1088], [6.7943, 59.1068], [6.7896, 59.1059], [6.7871, 59.1055], [6.7782, 59.1038], [6.7732, 59.1032], [6.7698, 59.1028], [6.7671, 59.1025], [6.7588, 59.1016], [6.7526, 59.0992], [6.7458, 59.0965], [6.7401, 59.0945], [6.7355, 59.0928], [6.7263, 59.0891], [6.7208, 59.0869], [6.7184, 59.0859], [6.7148, 59.0845], [6.7124, 59.0835], [6.7078, 59.0817], [6.7029, 59.0797], [6.6907, 59.0753], [6.6816, 59.0736], [6.6763, 59.0722], [6.6731, 59.0703], [6.6701, 59.0685], [6.6627, 59.065], [6.6638, 59.0637]]}}, {"type": "Feature", "properties": {"osm_type": "line", "voltage_kv": 220.0, "name": "Nedre R\u00f8ss\u00e5ga - Ajaure", "avail": 0}, "geometry": {"type": "LineString", "coordinates": [[13.7772, 66.0498], [13.7764, 66.0474], [13.7758, 66.0459], [13.7748, 66.0431], [13.7734, 66.0394], [13.7724, 66.0367], [13.7712, 66.0335], [13.7706, 66.0317], [13.77, 66.0281], [13.7693, 66.0236], [13.7687, 66.0194], [13.7681, 66.0161], [13.7677, 66.013], [13.767, 66.0089], [13.7664, 66.0053], [13.7658, 66.0016], [13.7653, 65.9981], [13.7649, 65.9954], [13.7643, 65.9919], [13.7638, 65.9885], [13.7632, 65.985], [13.7626, 65.981], [13.7621, 65.9778], [13.7616, 65.9747], [13.7621, 65.9736], [13.7634, 65.9707], [13.7649, 65.9675], [13.7671, 65.9627], [13.7679, 65.961], [13.7688, 65.9592], [13.7703, 65.956], [13.772, 65.9523], [13.7733, 65.9495], [13.7745, 65.9469], [13.7758, 65.9441], [13.7779, 65.9396], [13.7794, 65.9362], [13.7808, 65.9338], [13.786, 65.9317], [13.7912, 65.9296], [13.7988, 65.9264], [13.8054, 65.9237], [13.8076, 65.9228], [13.816, 65.9193], [13.8199, 65.9177], [13.8248, 65.9149], [13.8288, 65.9128], [13.833, 65.9105], [13.8388, 65.9072], [13.8391, 65.9071], [13.8416, 65.9057], [13.8442, 65.9042], [13.8501, 65.9011], [13.8551, 65.8985], [13.8571, 65.8975], [13.8595, 65.8962], [13.8608, 65.8955], [13.865, 65.8933], [13.8665, 65.8923], [13.8686, 65.8911], [13.8736, 65.8881], [13.879, 65.8853], [13.8818, 65.8838], [13.8886, 65.8829], [13.8958, 65.882], [13.9035, 65.8811], [13.9081, 65.8805], [13.9099, 65.8802], [13.9184, 65.8803], [13.9233, 65.8803], [13.9266, 65.8803], [13.9362, 65.8804], [13.9463, 65.8806], [13.9562, 65.8809], [13.9614, 65.8811], [13.9696, 65.8814], [13.9786, 65.8816], [13.9874, 65.8819], [13.9959, 65.8822], [14.0056, 65.8826], [14.0104, 65.8827], [14.0134, 65.8828], [14.0195, 65.883], [14.0205, 65.8831], [14.0297, 65.8834], [14.0356, 65.8835], [14.047, 65.8839], [14.0564, 65.8842], [14.0676, 65.8832], [14.072, 65.8828], [14.0741, 65.8826], [14.078, 65.8823], [14.083, 65.8818], [14.0843, 65.8814], [14.0896, 65.8795], [14.0952, 65.8776], [14.1028, 65.875], [14.1098, 65.8725], [14.1144, 65.8709], [14.1158, 65.8705], [14.1236, 65.8678], [14.1319, 65.8649], [14.1397, 65.8629], [14.1454, 65.8616], [14.1516, 65.8601], [14.1516, 65.8601], [14.1532, 65.8597], [14.1702, 65.8556], [14.1751, 65.8544], [14.1814, 65.8529], [14.1859, 65.8517], [14.189, 65.8501], [14.1962, 65.8463], [14.1965, 65.8461], [14.2007, 65.8439], [14.205, 65.8416], [14.2062, 65.841], [14.2089, 65.8396], [14.213, 65.8377], [14.2201, 65.8343], [14.2246, 65.8322], [14.2317, 65.8289], [14.2353, 65.8274], [14.242, 65.8247], [14.2492, 65.8219], [14.257, 65.8191], [14.2599, 65.8181], [14.2671, 65.8176], [14.2789, 65.8168], [14.2847, 65.8164], [14.296, 65.8158], [14.3038, 65.8154], [14.3099, 65.8151], [14.3138, 65.8149], [14.3213, 65.8146], [14.3274, 65.8144], [14.3341, 65.8142], [14.3401, 65.8145], [14.3465, 65.8149], [14.3532, 65.8153], [14.3585, 65.8156], [14.3663, 65.8152], [14.375, 65.8147], [14.3831, 65.8143], [14.3918, 65.8138], [14.4007, 65.8133], [14.4097, 65.8126], [14.4183, 65.8119], [14.4264, 65.8113], [14.4359, 65.8103], [14.4422, 65.8095], [14.4452, 65.8079], [14.447, 65.8069], [14.4518, 65.8044], [14.457, 65.8017], [14.462, 65.799], [14.4668, 65.7964], [14.4718, 65.7938], [14.4763, 65.7914], [14.4813, 65.7888], [14.4862, 65.7861], [14.4903, 65.784], [14.4946, 65.7817], [14.4997, 65.779], [14.5053, 65.776], [14.5109, 65.7731], [14.514, 65.7715], [14.5182, 65.7709], [14.5279, 65.7697], [14.537, 65.7685], [14.5387, 65.7683], [14.5439, 65.7676], [14.551, 65.7667], [14.5569, 65.7659], [14.5618, 65.7653], [14.5678, 65.7649], [14.5723, 65.7646], [14.5776, 65.7643], [14.5859, 65.764], [14.5888, 65.7639]]}}, {"type": "Feature", "properties": {"osm_type": "line", "voltage_kv": 132.0, "name": "RE_132HL04_6", "avail": 2, "avail_node": "Gylthalsen"}, "geometry": {"type": "LineString", "coordinates": [[8.5531, 63.2639], [8.5548, 63.2637], [8.5605, 63.2629], [8.5661, 63.2621], [8.568, 63.2618], [8.57, 63.2615], [8.5746, 63.2603], [8.5768, 63.2597], [8.5798, 63.2589], [8.5799, 63.2589], [8.582, 63.2583], [8.5846, 63.2573], [8.5868, 63.2564], [8.5884, 63.2558], [8.5901, 63.2551], [8.5923, 63.2542], [8.595, 63.2532], [8.5974, 63.2522], [8.5998, 63.2515], [8.6026, 63.2506], [8.6063, 63.2495], [8.6072, 63.2493], [8.6091, 63.2487], [8.6099, 63.2485], [8.6104, 63.2483], [8.6117, 63.2479], [8.6134, 63.2474], [8.6165, 63.2465], [8.6179, 63.2464], [8.6192, 63.2463], [8.6215, 63.2462], [8.624, 63.246], [8.628, 63.2458], [8.6312, 63.2461], [8.6351, 63.2464], [8.6379, 63.2467], [8.6407, 63.2469], [8.6433, 63.2472], [8.6466, 63.2475], [8.6479, 63.247], [8.6489, 63.2468], [8.6502, 63.2464], [8.6524, 63.2457], [8.6532, 63.2454], [8.6548, 63.245], [8.657, 63.2443], [8.6613, 63.243], [8.6643, 63.242], [8.6653, 63.2417], [8.6672, 63.2412], [8.6694, 63.2405], [8.6729, 63.2394], [8.675, 63.2388], [8.6778, 63.2367], [8.6795, 63.2354], [8.6801, 63.2349], [8.6809, 63.2343], [8.6815, 63.2339], [8.6815, 63.2338], [8.6836, 63.2323], [8.6843, 63.2318], [8.6862, 63.2303], [8.6879, 63.229], [8.69, 63.2274], [8.6917, 63.2261], [8.693, 63.2252], [8.6934, 63.2248], [8.6949, 63.2237], [8.6953, 63.2234], [8.6977, 63.2216], [8.6995, 63.2201], [8.7004, 63.2195], [8.7007, 63.2192], [8.7077, 63.2135], [8.7084, 63.2129], [8.7097, 63.2118], [8.711, 63.2103], [8.7122, 63.209], [8.7127, 63.2084], [8.7141, 63.2068], [8.7149, 63.2059], [8.7159, 63.2048], [8.7171, 63.2034], [8.7185, 63.2019], [8.719, 63.2013], [8.7192, 63.2011], [8.7209, 63.1992], [8.7214, 63.1985], [8.7222, 63.1977], [8.7226, 63.1967], [8.723, 63.1956], [8.7232, 63.195]]}}, {"type": "Feature", "properties": {"osm_type": "line", "voltage_kv": 300.0, "name": "Steinsland - Modalen", "avail": 0}, "geometry": {"type": "LineString", "coordinates": [[5.9803, 60.9242], [5.9881, 60.9202], [5.9888, 60.9193], [5.991, 60.9164], [5.9934, 60.9135], [5.9983, 60.9072], [6.0012, 60.9027], [6.0031, 60.8997], [6.0044, 60.8978], [6.0067, 60.8941], [6.0091, 60.8908]]}}, {"type": "Feature", "properties": {"osm_type": "line", "voltage_kv": 300.0, "name": "Hol 3 - Usta", "avail": 0}, "geometry": {"type": "LineString", "coordinates": [[8.4092, 60.5771], [8.4093, 60.5771]]}}, {"type": "Feature", "properties": {"osm_type": "line", "voltage_kv": 420.0, "name": "Sima - Dagali", "avail": 0}, "geometry": {"type": "LineString", "coordinates": [[7.1431, 60.5017], [7.1389, 60.5049], [7.1377, 60.5075], [7.1369, 60.5092], [7.1356, 60.5119], [7.1338, 60.5159], [7.1368, 60.5188], [7.1394, 60.5215], [7.1408, 60.528], [7.1403, 60.5322], [7.1398, 60.5364], [7.1395, 60.5384], [7.1389, 60.5396], [7.1375, 60.5423], [7.1339, 60.545], [7.1289, 60.5489], [7.1215, 60.5545], [7.1189, 60.5583], [7.1137, 60.5633], [7.1151, 60.5689], [7.1155, 60.5706], [7.116, 60.5726], [7.1161, 60.5767], [7.1175, 60.5822], [7.1209, 60.5862], [7.1242, 60.5881], [7.1264, 60.5892], [7.1269, 60.5895], [7.1319, 60.5921], [7.1358, 60.5941], [7.1411, 60.5963], [7.1433, 60.6003], [7.1488, 60.6025], [7.1549, 60.6042], [7.1572, 60.6048], [7.1628, 60.6067], [7.1679, 60.6084], [7.1775, 60.6111], [7.1858, 60.6137], [7.1898, 60.6142], [7.1964, 60.6152], [7.2025, 60.616], [7.2062, 60.6165], [7.2099, 60.6169], [7.2161, 60.6175], [7.223, 60.6176], [7.2291, 60.6178], [7.2339, 60.6179], [7.2378, 60.618], [7.2439, 60.6182], [7.2476, 60.6183], [7.2524, 60.6184], [7.256, 60.6185], [7.2608, 60.6186], [7.2657, 60.6182], [7.2697, 60.6179], [7.2739, 60.6176], [7.2779, 60.6173], [7.2823, 60.6169], [7.2849, 60.6167], [7.2887, 60.6164], [7.2932, 60.6161], [7.2957, 60.6161], [7.2996, 60.6161], [7.3032, 60.6161], [7.3073, 60.6161], [7.3124, 60.6161], [7.3163, 60.6173], [7.3197, 60.6183], [7.325, 60.6198], [7.3287, 60.6209], [7.3325, 60.6221], [7.3361, 60.6232], [7.3402, 60.6244], [7.3437, 60.6255], [7.3501, 60.6268]]}}, {"type": "Feature", "properties": {"osm_type": "line", "voltage_kv": 132.0, "name": "RE_132HL02_3", "avail": 9, "avail_node": "Kristiansund"}, "geometry": {"type": "LineString", "coordinates": [[7.901, 63.1545], [7.9014, 63.1548], [7.9022, 63.1551], [7.9057, 63.1562], [7.9063, 63.1564], [7.9086, 63.1572], [7.9122, 63.1583], [7.913, 63.1586], [7.9145, 63.1591], [7.9159, 63.1602], [7.916, 63.1603], [7.9166, 63.1608], [7.9186, 63.1625], [7.92, 63.1637], [7.9202, 63.1639], [7.9209, 63.1645], [7.9212, 63.1647]]}}, {"type": "Feature", "properties": {"osm_type": "line", "voltage_kv": 132.0, "name": "LEIVDAL - VESTRE \u00c5SK\u00c5RA", "avail": 0}, "geometry": {"type": "LineString", "coordinates": [[5.7793, 61.8524], [5.7924, 61.8565]]}}, {"type": "Feature", "properties": {"osm_type": "line", "voltage_kv": 300.0, "name": "Porsgrunn - Her\u00f8ya", "avail": 45, "avail_node": "Roligheten"}, "geometry": {"type": "LineString", "coordinates": [[9.6673, 59.1156], [9.666, 59.1157], [9.6601, 59.1159], [9.6571, 59.116], [9.657, 59.116], [9.6548, 59.1161], [9.653, 59.1161], [9.6488, 59.1163], [9.6467, 59.1163]]}}, {"type": "Feature", "properties": {"osm_type": "line", "voltage_kv": 420.0, "name": "Aurland 1 - Usta", "avail": 0}, "geometry": {"type": "LineString", "coordinates": [[7.3042, 60.8599], [7.3074, 60.857], [7.3105, 60.8543], [7.3138, 60.8508], [7.3148, 60.85], [7.3199, 60.8461], [7.3227, 60.843], [7.3232, 60.8425], [7.3263, 60.8403], [7.3283, 60.8388], [7.3311, 60.8368], [7.3367, 60.8327], [7.3385, 60.83], [7.3404, 60.8271], [7.3411, 60.8261], [7.3441, 60.8214], [7.3508, 60.8187], [7.357, 60.8161], [7.3604, 60.8133]]}}, {"type": "Feature", "properties": {"osm_type": "line", "voltage_kv": 420.0, "name": "Aurland 1 - Usta", "avail": 0}, "geometry": {"type": "LineString", "coordinates": [[7.3643, 60.8082], [7.3647, 60.8075], [7.3729, 60.8041], [7.3832, 60.7998], [7.3953, 60.7947], [7.3991, 60.793], [7.4044, 60.7907], [7.4118, 60.7902], [7.4163, 60.7899], [7.4211, 60.7895], [7.4317, 60.7906], [7.4384, 60.7913], [7.4441, 60.7919], [7.456, 60.7929], [7.4662, 60.7912], [7.4707, 60.7896], [7.4746, 60.7881], [7.4824, 60.7854], [7.4871, 60.7837], [7.4922, 60.7816], [7.4958, 60.7802], [7.5018, 60.7778], [7.5077, 60.7755], [7.5115, 60.7746], [7.5159, 60.7736], [7.526, 60.7712], [7.5321, 60.7697], [7.5373, 60.7674], [7.5402, 60.7661], [7.5452, 60.7639], [7.5481, 60.7626], [7.5533, 60.761], [7.5575, 60.7598], [7.5607, 60.7571], [7.5628, 60.7553], [7.5666, 60.7521], [7.5714, 60.7481], [7.5728, 60.7459], [7.5747, 60.7429], [7.5765, 60.7401], [7.5778, 60.7381], [7.58, 60.7347], [7.5825, 60.7308], [7.5846, 60.7276], [7.586, 60.7255], [7.5881, 60.7222], [7.5902, 60.7189], [7.5928, 60.7148], [7.5946, 60.7121], [7.5967, 60.7088], [7.5988, 60.7054], [7.6017, 60.7027], [7.6063, 60.7005], [7.6101, 60.6988], [7.615, 60.6964], [7.6196, 60.6964], [7.6241, 60.6963], [7.6321, 60.6979], [7.6364, 60.6998], [7.6399, 60.7013], [7.6417, 60.7016], [7.6509, 60.7028], [7.6631, 60.7044], [7.6687, 60.7051], [7.6719, 60.7055], [7.6776, 60.7072], [7.6821, 60.7085], [7.6903, 60.711], [7.6949, 60.7123], [7.6987, 60.7135], [7.7017, 60.714], [7.7058, 60.7147], [7.7119, 60.7168], [7.719, 60.7194], [7.7253, 60.7217], [7.7292, 60.7231], [7.7331, 60.7244], [7.7371, 60.7247], [7.7422, 60.7251], [7.7507, 60.7258], [7.7525, 60.726], [7.7586, 60.7265], [7.7666, 60.7271], [7.7721, 60.7276], [7.7785, 60.7281], [7.7843, 60.7272], [7.7891, 60.7265], [7.7955, 60.7255], [7.8006, 60.7247], [7.8077, 60.7236], [7.8147, 60.7226], [7.8219, 60.7215], [7.8282, 60.7205], [7.835, 60.7195], [7.8401, 60.7179], [7.8443, 60.7166], [7.8513, 60.7145], [7.8567, 60.7129], [7.8603, 60.7117], [7.8666, 60.7098], [7.8727, 60.7075], [7.8791, 60.705], [7.8837, 60.7032], [7.8885, 60.7014], [7.8937, 60.6994], [7.9004, 60.697], [7.9054, 60.6964], [7.9117, 60.6956], [7.9168, 60.695], [7.9204, 60.6939], [7.9256, 60.6923], [7.9339, 60.6926], [7.9417, 60.6928], [7.9478, 60.693], [7.9536, 60.6931], [7.9601, 60.6933], [7.9652, 60.6922], [7.9703, 60.691], [7.9786, 60.6891], [7.9824, 60.6882], [7.9879, 60.687], [7.9943, 60.6855], [8.0017, 60.6838], [8.0054, 60.6829], [8.0098, 60.6819], [8.0134, 60.6811], [8.0165, 60.6794], [8.0211, 60.6769], [8.0261, 60.6742], [8.0301, 60.6721], [8.0348, 60.6695], [8.0378, 60.6679], [8.0435, 60.6665], [8.0466, 60.6657], [8.0508, 60.6647], [8.0602, 60.6623], [8.0644, 60.6613], [8.0712, 60.6579], [8.0751, 60.656], [8.0805, 60.6533], [8.0859, 60.6507], [8.0898, 60.6487], [8.0943, 60.6465], [8.0985, 60.6444], [8.1039, 60.6417], [8.1084, 60.6395], [8.1155, 60.6381], [8.1224, 60.6383], [8.1262, 60.6384], [8.1295, 60.6386], [8.1366, 60.6388], [8.1411, 60.6389], [8.1468, 60.6391], [8.1519, 60.6387], [8.1616, 60.6379], [8.1681, 60.6373], [8.1746, 60.6368], [8.1781, 60.6343], [8.1784, 60.6325], [8.1792, 60.6279]]}}, {"type": "Feature", "properties": {"osm_type": "line", "voltage_kv": 420.0, "name": "Aurland 1 - Usta", "avail": 0}, "geometry": {"type": "LineString", "coordinates": [[8.1846, 60.623], [8.1857, 60.6219], [8.1887, 60.619], [8.194, 60.6165], [8.2025, 60.6152], [8.2084, 60.6143], [8.2138, 60.6135], [8.2192, 60.6127], [8.223, 60.6122], [8.2281, 60.6114], [8.233, 60.611], [8.2388, 60.6105], [8.2435, 60.6101], [8.2517, 60.6114], [8.2545, 60.6118], [8.2568, 60.6118]]}}, {"type": "Feature", "properties": {"osm_type": "line", "voltage_kv": 420.0, "name": "Aurland 1 - Usta", "avail": 0}, "geometry": {"type": "LineString", "coordinates": [[8.2682, 60.6104], [8.2696, 60.6101], [8.2767, 60.6088], [8.2809, 60.6089], [8.2852, 60.6089], [8.2909, 60.609], [8.2934, 60.609], [8.3035, 60.6069], [8.3064, 60.6063], [8.3082, 60.6059], [8.3129, 60.6039], [8.3167, 60.6023], [8.3201, 60.6009], [8.324, 60.5993], [8.3277, 60.5977], [8.3332, 60.5954], [8.334, 60.595], [8.3366, 60.594], [8.3399, 60.5926], [8.3425, 60.5915], [8.3437, 60.591], [8.3453, 60.5903], [8.3471, 60.5895], [8.3519, 60.5875], [8.3566, 60.5856], [8.3615, 60.5835], [8.366, 60.5816], [8.3681, 60.5812], [8.3709, 60.5806], [8.3767, 60.5794], [8.3831, 60.5782], [8.3891, 60.5769], [8.393, 60.5762], [8.393, 60.5762], [8.3958, 60.5756], [8.4008, 60.5746], [8.4055, 60.5737], [8.4057, 60.5737]]}}, {"type": "Feature", "properties": {"osm_type": "line", "voltage_kv": 420.0, "name": "Svartisen - Rana", "avail": 16, "avail_node": "Glomfjord - Glomfjord Industripark"}, "geometry": {"type": "LineString", "coordinates": [[13.9104, 66.7325], [13.9083, 66.7338], [13.8992, 66.7353], [13.8814, 66.7381], [13.874, 66.7365], [13.8682, 66.7352], [13.855, 66.7351], [13.8449, 66.7351], [13.8352, 66.7351], [13.8262, 66.735], [13.8168, 66.7359], [13.8055, 66.7369], [13.7993, 66.7374], [13.7879, 66.7384], [13.779, 66.7392], [13.7688, 66.7401], [13.765, 66.7402], [13.7536, 66.7405], [13.7403, 66.7409], [13.7323, 66.7406], [13.7288, 66.7403], [13.7151, 66.7394], [13.7067, 66.7385], [13.6925, 66.7371], [13.6876, 66.7366], [13.681, 66.7359], [13.6696, 66.7348], [13.6645, 66.7343], [13.6608, 66.7339], [13.65, 66.7328], [13.6331, 66.7305], [13.6263, 66.7295], [13.6186, 66.7285], [13.6098, 66.7273], [13.6041, 66.7235], [13.5982, 66.7197], [13.5954, 66.7179], [13.5941, 66.7163], [13.5912, 66.7112], [13.5867, 66.7032], [13.5793, 66.6901], [13.5795, 66.6889], [13.5801, 66.6837], [13.5812, 66.6825], [13.5832, 66.6803], [13.5873, 66.6759], [13.5919, 66.674], [13.5989, 66.671], [13.6015, 66.6679], [13.6041, 66.665], [13.6067, 66.6619], [13.6097, 66.6583], [13.6116, 66.6562], [13.6175, 66.6493], [13.6175, 66.6481], [13.6173, 66.639], [13.6145, 66.6372], [13.6122, 66.6357], [13.6099, 66.6343], [13.6047, 66.631], [13.6019, 66.6292], [13.5981, 66.6267], [13.5932, 66.6236], [13.5904, 66.6218], [13.5825, 66.6163], [13.5746, 66.6109], [13.5741, 66.5994], [13.576, 66.5893], [13.577, 66.5876], [13.5782, 66.5858], [13.5796, 66.5837], [13.584, 66.5824], [13.5912, 66.5804], [13.598, 66.5785], [13.6021, 66.5774], [13.6063, 66.5762], [13.6139, 66.5741], [13.6175, 66.5731], [13.623, 66.5716], [13.6281, 66.5691], [13.6299, 66.5673], [13.6332, 66.564], [13.6351, 66.562], [13.6378, 66.5597], [13.6406, 66.5574], [13.6435, 66.5549], [13.6469, 66.5521], [13.6537, 66.5464], [13.6568, 66.5451], [13.664, 66.542], [13.67, 66.5395], [13.6775, 66.536], [13.6823, 66.5339], [13.6847, 66.5328], [13.6858, 66.5307], [13.6878, 66.5273], [13.6898, 66.5238], [13.6917, 66.5206], [13.6925, 66.5193], [13.7048, 66.5134], [13.7099, 66.5106], [13.7144, 66.5082], [13.7196, 66.5054], [13.7365, 66.5036], [13.7471, 66.5025], [13.7575, 66.5003], [13.7657, 66.4985], [13.7707, 66.497], [13.7778, 66.4949], [13.7862, 66.4919], [13.8, 66.487], [13.806, 66.4855], [13.8121, 66.484], [13.8192, 66.4823], [13.8238, 66.4811], [13.8295, 66.4806], [13.8352, 66.48], [13.8389, 66.4796], [13.8485, 66.4788], [13.8616, 66.4777], [13.8698, 66.477], [13.8764, 66.4765], [13.8864, 66.4756], [13.9041, 66.4741], [13.9105, 66.4713], [13.9148, 66.4695], [13.9193, 66.4675], [13.9241, 66.4654], [13.9292, 66.4632], [13.9341, 66.4611], [13.9404, 66.4583], [13.9456, 66.4561], [13.9496, 66.4544], [13.9547, 66.4522], [13.9612, 66.4506], [13.9705, 66.4483], [13.9802, 66.446], [13.9893, 66.4437], [13.9995, 66.4412], [14.008, 66.438], [14.0158, 66.435], [14.0239, 66.4319], [14.0288, 66.43], [14.0345, 66.4284], [14.0393, 66.4271], [14.0457, 66.4257], [14.0524, 66.4243], [14.0591, 66.4228], [14.0701, 66.4205], [14.0706, 66.4204], [14.0767, 66.4191], [14.0806, 66.4183], [14.0841, 66.4166], [14.0865, 66.4152], [14.093, 66.4117], [14.0938, 66.4113], [14.0979, 66.4091], [14.1024, 66.4067], [14.1123, 66.4013], [14.1176, 66.3984], [14.121, 66.3966], [14.126, 66.3939], [14.1303, 66.3915], [14.1341, 66.3897], [14.1416, 66.3878], [14.147, 66.3862], [14.1508, 66.3852], [14.1565, 66.384], [14.1638, 66.3762], [14.1711, 66.3684], [14.1771, 66.3661], [14.1808, 66.3646], [14.1845, 66.3642], [14.1914, 66.3635], [14.1977, 66.3628], [14.205, 66.362], [14.2131, 66.3611], [14.2197, 66.3604], [14.2231, 66.3592], [14.2279, 66.3575], [14.2316, 66.3561], [14.2364, 66.3544], [14.24, 66.3513], [14.2419, 66.3496], [14.2437, 66.3473], [14.2462, 66.3441], [14.2493, 66.34], [14.2504, 66.3387], [14.2509, 66.338], [14.2526, 66.3358], [14.2548, 66.333], [14.2543, 66.3315], [14.2532, 66.3284], [14.2523, 66.3258], [14.2512, 66.3227], [14.25, 66.3192], [14.2512, 66.3179], [14.2523, 66.3167], [14.2559, 66.313], [14.2575, 66.3115], [14.2584, 66.3107], [14.2631, 66.3064], [14.2635, 66.3061]]}}, {"type": "Feature", "properties": {"osm_type": "line", "voltage_kv": 420.0, "name": "Ogndal - Verdal", "avail": 9, "avail_node": "Steinkjer"}, "geometry": {"type": "LineString", "coordinates": [[11.6219, 64.025], [11.6238, 64.022], [11.6236, 64.0193], [11.6235, 64.0183], [11.6234, 64.0149], [11.6232, 64.0123], [11.6194, 64.0089], [11.6156, 64.0054], [11.6122, 64.0003], [11.611, 63.9985], [11.6094, 63.9961], [11.6079, 63.9938], [11.6063, 63.9914], [11.6052, 63.9897], [11.6043, 63.9885], [11.6037, 63.9875], [11.6018, 63.9859], [11.5975, 63.9822], [11.5942, 63.9793], [11.5906, 63.9763], [11.5881, 63.9741], [11.5837, 63.9703], [11.5821, 63.9669], [11.5813, 63.9653], [11.5799, 63.9624], [11.5781, 63.9589], [11.5765, 63.9555], [11.5749, 63.9523], [11.5731, 63.9485], [11.5716, 63.9455], [11.5704, 63.9431], [11.5691, 63.9404], [11.5671, 63.9364], [11.5643, 63.9339], [11.5611, 63.9311], [11.5576, 63.928], [11.5572, 63.9277], [11.5541, 63.9253], [11.5497, 63.9219], [11.5462, 63.9192], [11.5418, 63.9158], [11.5389, 63.9136], [11.5365, 63.9118], [11.5371, 63.9101], [11.5377, 63.9083], [11.5387, 63.9053], [11.5398, 63.9018], [11.5421, 63.8989], [11.5456, 63.8944], [11.5476, 63.8918], [11.5492, 63.8878], [11.5499, 63.886], [11.5516, 63.8816], [11.5536, 63.8763], [11.5545, 63.8741], [11.5557, 63.8711], [11.5568, 63.8683], [11.5581, 63.8648], [11.5593, 63.8619], [11.5583, 63.8603], [11.5571, 63.858], [11.556, 63.8561], [11.5545, 63.8533], [11.553, 63.8507], [11.551, 63.847], [11.5496, 63.8445], [11.5479, 63.8413], [11.5457, 63.8386], [11.5432, 63.8353], [11.5409, 63.8323], [11.5375, 63.828], [11.5364, 63.8262], [11.5349, 63.8236], [11.5328, 63.82], [11.5322, 63.8191], [11.5315, 63.8178], [11.5296, 63.8145], [11.5286, 63.812], [11.5273, 63.8082], [11.5272, 63.808], [11.526, 63.8049], [11.5246, 63.8011], [11.524, 63.7992], [11.5236, 63.7981], [11.5235, 63.7979], [11.5223, 63.7947], [11.5216, 63.7927], [11.5209, 63.7908], [11.5197, 63.7875], [11.5187, 63.7846], [11.5176, 63.7818], [11.5172, 63.7806], [11.5161, 63.7776], [11.515, 63.7744], [11.5141, 63.7721], [11.514, 63.7716], [11.5129, 63.768], [11.5116, 63.7638], [11.5115, 63.7636], [11.511, 63.7619], [11.5096, 63.7572], [11.5059, 63.7559]]}}, {"type": "Feature", "properties": {"osm_type": "line", "voltage_kv": 132.0, "name": "Kvandal - Kvitnes", "avail": 22, "avail_node": "Bolt\u00e5s"}, "geometry": {"type": "LineString", "coordinates": [[17.6033, 68.576], [17.603, 68.5759], [17.5961, 68.5747], [17.5932, 68.5743], [17.5906, 68.5738], [17.5856, 68.5731], [17.5811, 68.5724], [17.5725, 68.5715], [17.5645, 68.5687], [17.5585, 68.5666], [17.5526, 68.5646], [17.5481, 68.5631], [17.5389, 68.5613], [17.5264, 68.559], [17.5202, 68.5572], [17.5139, 68.5554], [17.5044, 68.5527], [17.4997, 68.5513], [17.4955, 68.5502], [17.493, 68.5498], [17.4816, 68.5478], [17.4753, 68.5468], [17.4707, 68.546], [17.4647, 68.5458], [17.4571, 68.5455], [17.4465, 68.5451], [17.4396, 68.5448], [17.4307, 68.5445], [17.4227, 68.5442], [17.4117, 68.5435], [17.4011, 68.5429], [17.3914, 68.5424], [17.3827, 68.5419], [17.3754, 68.5414], [17.3662, 68.5409], [17.359, 68.5405], [17.3494, 68.5399], [17.3407, 68.5394], [17.3324, 68.5396], [17.321, 68.5399], [17.3138, 68.54], [17.3046, 68.5402], [17.297, 68.5404], [17.2893, 68.5406], [17.2783, 68.5408], [17.2704, 68.541], [17.2582, 68.5413], [17.2497, 68.5414], [17.2441, 68.5411], [17.2435, 68.541], [17.2374, 68.5406], [17.2292, 68.54], [17.2212, 68.5394], [17.2135, 68.5389], [17.2049, 68.5382], [17.1955, 68.5376], [17.188, 68.537], [17.177, 68.5362], [17.1717, 68.5359], [17.1635, 68.5353], [17.1572, 68.5348], [17.1486, 68.5342], [17.1439, 68.5338], [17.1337, 68.5337], [17.1265, 68.5337], [17.1187, 68.5336], [17.112, 68.5336], [17.1034, 68.5335], [17.1013, 68.5338], [17.0924, 68.5351], [17.0867, 68.5359], [17.0753, 68.5376], [17.067, 68.5388], [17.0606, 68.5392], [17.05, 68.5403], [17.0434, 68.54], [17.0389, 68.5398], [17.0335, 68.539], [17.0286, 68.5383], [17.0231, 68.5375], [17.0188, 68.537], [17.009, 68.5358], [17.0046, 68.5353], [16.9997, 68.5329], [16.9963, 68.5312], [16.9901, 68.5282], [16.982, 68.5262], [16.9738, 68.5242], [16.9678, 68.5227], [16.9618, 68.5213], [16.9553, 68.5201], [16.9491, 68.5189], [16.945, 68.5181], [16.9414, 68.5176], [16.9286, 68.516], [16.9198, 68.5149], [16.9121, 68.5162], [16.9062, 68.5171], [16.901, 68.518], [16.8961, 68.5188], [16.8932, 68.5204], [16.8892, 68.5227], [16.8853, 68.525], [16.8806, 68.5277], [16.8749, 68.5309], [16.8687, 68.5345], [16.8634, 68.5375], [16.8599, 68.5395], [16.8557, 68.542], [16.8521, 68.5441], [16.847, 68.5471], [16.8439, 68.5489], [16.8394, 68.5516], [16.8363, 68.5534], [16.8321, 68.5558], [16.8289, 68.5577], [16.8274, 68.5587], [16.8258, 68.56], [16.8228, 68.5623], [16.8199, 68.5645], [16.8148, 68.5684], [16.8122, 68.5703], [16.8085, 68.5712], [16.8017, 68.5727], [16.7976, 68.5737], [16.7938, 68.5745], [16.7853, 68.5765], [16.7727, 68.5793], [16.7688, 68.5802], [16.7609, 68.5834], [16.7528, 68.5867], [16.7449, 68.5899], [16.7374, 68.5929], [16.7325, 68.5949], [16.7257, 68.5977], [16.7207, 68.5999], [16.7153, 68.6028], [16.7093, 68.606], [16.7067, 68.6074], [16.7017, 68.61], [16.6922, 68.6118], [16.683, 68.6136], [16.6761, 68.6149], [16.6707, 68.616], [16.6639, 68.6173], [16.6547, 68.619], [16.6468, 68.6206], [16.6406, 68.6217], [16.6322, 68.6234], [16.6262, 68.6245], [16.618, 68.6261], [16.6157, 68.6265], [16.6069, 68.628], [16.6068, 68.628], [16.6067, 68.628], [16.606, 68.6281]]}}, {"type": "Feature", "properties": {"osm_type": "line", "voltage_kv": 420.0, "name": "Kl\u00e6bu - Surna", "avail": 24, "avail_node": "Vestbyen"}, "geometry": {"type": "LineString", "coordinates": [[10.4113, 63.3278], [10.4113, 63.3278], [10.4106, 63.3279], [10.4101, 63.328], [10.4042, 63.3287], [10.3957, 63.3297], [10.3908, 63.329], [10.3839, 63.328], [10.3765, 63.327], [10.3691, 63.3259], [10.3612, 63.3242], [10.3531, 63.3226], [10.3479, 63.3215], [10.3414, 63.3201], [10.3339, 63.3185], [10.3255, 63.3157], [10.3184, 63.3134], [10.3095, 63.3104], [10.3089, 63.3103], [10.3089, 63.3103], [10.3005, 63.3091], [10.2926, 63.3079], [10.285, 63.3068], [10.2734, 63.3051], [10.2726, 63.305], [10.2663, 63.3041], [10.2609, 63.3033], [10.248, 63.3014], [10.2432, 63.3016], [10.2373, 63.3019], [10.2297, 63.3023], [10.2219, 63.3027], [10.2147, 63.3031], [10.2081, 63.3024], [10.199, 63.3012], [10.1901, 63.3001], [10.18, 63.2989], [10.1763, 63.2994], [10.1722, 63.3], [10.165, 63.3011], [10.1621, 63.3007], [10.1549, 63.2996], [10.1474, 63.2985], [10.1418, 63.2963], [10.1365, 63.2942], [10.1293, 63.2929], [10.1208, 63.2914], [10.1107, 63.2895], [10.1044, 63.2884], [10.0978, 63.2872], [10.0964, 63.2869], [10.0919, 63.2861], [10.0851, 63.2849], [10.0796, 63.285], [10.0766, 63.285], [10.0667, 63.2852], [10.0568, 63.2854], [10.0514, 63.2855], [10.0499, 63.2855], [10.0486, 63.2855], [10.0484, 63.2855], [10.047, 63.2855], [10.0455, 63.2856], [10.0353, 63.2842], [10.0291, 63.2822], [10.0209, 63.2796], [10.0151, 63.2777], [10.0119, 63.2768], [10.0056, 63.275], [9.9997, 63.2732], [9.9983, 63.2728], [9.9939, 63.2716], [9.9901, 63.2704], [9.985, 63.269], [9.9814, 63.2683], [9.973, 63.2667], [9.9663, 63.2654], [9.9631, 63.2648], [9.9565, 63.2637], [9.9481, 63.2622], [9.938, 63.261], [9.9277, 63.2597], [9.9171, 63.2583], [9.9074, 63.2571], [9.8984, 63.256], [9.891, 63.255], [9.8847, 63.2542], [9.878, 63.2534], [9.8717, 63.2526], [9.8621, 63.2514], [9.8577, 63.2508], [9.846, 63.2493], [9.8408, 63.249], [9.8351, 63.2486], [9.8269, 63.248], [9.8193, 63.2475], [9.8135, 63.2471], [9.8092, 63.2468]]}}, {"type": "Feature", "properties": {"osm_type": "line", "voltage_kv": 420.0, "name": "Kl\u00e6bu - Surna", "avail": 17, "avail_node": "ORKDAL"}, "geometry": {"type": "LineString", "coordinates": [[9.7965, 63.2459], [9.7946, 63.2454], [9.7897, 63.2453], [9.7774, 63.2451], [9.7657, 63.2448], [9.7605, 63.2447], [9.7585, 63.2447], [9.7565, 63.2423], [9.7549, 63.2404], [9.7521, 63.2369], [9.7459, 63.2342], [9.7426, 63.2327], [9.7398, 63.2315], [9.734, 63.2289], [9.7242, 63.2245], [9.7205, 63.2228], [9.7146, 63.2202], [9.7093, 63.2178], [9.6996, 63.2151], [9.6917, 63.213], [9.6862, 63.2115], [9.6805, 63.2099], [9.6762, 63.2087], [9.6683, 63.2066], [9.6631, 63.2052], [9.6599, 63.2043], [9.657, 63.2023], [9.6544, 63.2005], [9.6525, 63.1992], [9.651, 63.1982], [9.6498, 63.1974], [9.645, 63.194], [9.6405, 63.191], [9.6342, 63.1866], [9.6287, 63.1828], [9.6232, 63.1791], [9.6195, 63.1765], [9.6166, 63.1745], [9.6126, 63.1718], [9.6091, 63.1693], [9.606, 63.1672], [9.6029, 63.1651], [9.5968, 63.1608], [9.5956, 63.16], [9.5888, 63.1553], [9.5852, 63.1528], [9.5788, 63.1484], [9.576, 63.1465], [9.5684, 63.1412], [9.5665, 63.1399], [9.5627, 63.1374], [9.5577, 63.1359], [9.5541, 63.1348], [9.5448, 63.132], [9.5378, 63.1298], [9.5327, 63.1283], [9.5286, 63.127], [9.5239, 63.1256], [9.5183, 63.1239], [9.512, 63.122], [9.5083, 63.1208], [9.5, 63.1183], [9.4966, 63.1173], [9.4914, 63.1157], [9.485, 63.1136], [9.4775, 63.1112], [9.4692, 63.1085], [9.4655, 63.1073], [9.4614, 63.1061], [9.4582, 63.1051], [9.444, 63.1014], [9.443, 63.1011], [9.437, 63.0996], [9.4323, 63.0984], [9.4319, 63.0983], [9.425, 63.0965], [9.4195, 63.0951], [9.4126, 63.0933], [9.4018, 63.0905], [9.3983, 63.0896], [9.3924, 63.0881], [9.386, 63.0865], [9.3791, 63.0847], [9.3732, 63.0835], [9.3671, 63.0822], [9.3602, 63.0808], [9.3538, 63.0794], [9.3448, 63.0775], [9.3361, 63.0757], [9.3276, 63.0739], [9.3218, 63.0727], [9.3184, 63.072], [9.3091, 63.069], [9.3072, 63.0684], [9.3025, 63.0669], [9.2965, 63.065], [9.2884, 63.0625], [9.2844, 63.0612], [9.2763, 63.0587], [9.2663, 63.0555], [9.2635, 63.0546], [9.257, 63.0528], [9.2498, 63.0508], [9.2427, 63.0488], [9.2403, 63.0481], [9.2373, 63.0473], [9.2358, 63.0468], [9.2305, 63.0453], [9.2209, 63.0427], [9.2159, 63.0412], [9.211, 63.0399], [9.1989, 63.0364], [9.1947, 63.0352], [9.1889, 63.0336], [9.1818, 63.0316], [9.177, 63.0302], [9.1713, 63.0286], [9.1641, 63.0265], [9.1599, 63.0253], [9.1533, 63.0235], [9.147, 63.0217], [9.1406, 63.0198], [9.1357, 63.0184], [9.1296, 63.0169], [9.1203, 63.0145], [9.1093, 63.0123], [9.1034, 63.0112], [9.0969, 63.0099], [9.0912, 63.009], [9.0878, 63.0085], [9.0819, 63.0079], [9.0715, 63.0068], [9.0639, 63.006], [9.0584, 63.005], [9.0527, 63.0039], [9.0494, 63.0033], [9.0426, 63.0022], [9.0362, 63.0011], [9.0305, 63.0002], [9.0229, 62.9989], [9.0219, 62.9988], [9.0217, 62.9988], [9.0179, 62.9981], [9.0155, 62.9973]]}}, {"type": "Feature", "properties": {"osm_type": "line", "voltage_kv": 132.0, "name": "Viklandet - Brandhol", "avail": 2, "avail_node": "Ulvund"}, "geometry": {"type": "LineString", "coordinates": [[8.4916, 62.6892], [8.4882, 62.6894], [8.4806, 62.6898], [8.476, 62.69], [8.4679, 62.6905], [8.4636, 62.6907], [8.4598, 62.6909], [8.4558, 62.6913], [8.4526, 62.6916], [8.4493, 62.6919], [8.4456, 62.6922], [8.4388, 62.6929], [8.4366, 62.6931], [8.433, 62.6935], [8.4283, 62.6939], [8.4195, 62.6987], [8.4187, 62.7009], [8.4212, 62.707], [8.4215, 62.7076], [8.4195, 62.7102], [8.4178, 62.7126], [8.4169, 62.7138], [8.4165, 62.7156], [8.4161, 62.7179], [8.4152, 62.7201], [8.4142, 62.7228], [8.4132, 62.7254], [8.4118, 62.729], [8.4108, 62.7316], [8.4098, 62.734], [8.4088, 62.7353], [8.4071, 62.7374], [8.404, 62.7418], [8.4023, 62.7437], [8.401, 62.7445], [8.3991, 62.7453], [8.3927, 62.7478], [8.3887, 62.7494], [8.3855, 62.7505], [8.3793, 62.7516], [8.373, 62.7527], [8.3669, 62.7538], [8.3615, 62.7553], [8.3565, 62.7566], [8.3531, 62.7575], [8.351, 62.7581], [8.3442, 62.7605], [8.3418, 62.7611], [8.3388, 62.762], [8.3293, 62.7646], [8.3242, 62.7662], [8.3202, 62.7704], [8.3185, 62.7722], [8.3137, 62.7744], [8.3123, 62.7751], [8.3112, 62.7759], [8.31, 62.7783], [8.3082, 62.7803], [8.3069, 62.7816], [8.3047, 62.7817], [8.2946, 62.7821], [8.2905, 62.7814], [8.2858, 62.7784], [8.2796, 62.7777], [8.2748, 62.7779], [8.2681, 62.7782], [8.2627, 62.7784], [8.2546, 62.7803], [8.2494, 62.7815], [8.2449, 62.7825], [8.2393, 62.7838], [8.2357, 62.7846], [8.2318, 62.7855], [8.228, 62.7864], [8.2246, 62.7872], [8.2177, 62.7886], [8.2117, 62.7898], [8.2051, 62.7911], [8.2016, 62.7918], [8.1927, 62.7936], [8.1872, 62.7947], [8.1799, 62.7946], [8.1756, 62.7946], [8.1691, 62.7945], [8.1637, 62.7944], [8.1577, 62.7943], [8.1529, 62.7942]]}}, {"type": "Feature", "properties": {"osm_type": "line", "voltage_kv": 132.0, "name": "RE_132HL07_2", "avail": 8, "avail_node": "Nordheim"}, "geometry": {"type": "LineString", "coordinates": [[8.2, 63.2236], [8.1978, 63.2265], [8.1966, 63.2278], [8.1936, 63.231], [8.1899, 63.2349], [8.1869, 63.2382], [8.1869, 63.2382], [8.1869, 63.2382], [8.1863, 63.2387], [8.1843, 63.2409], [8.1799, 63.2435], [8.1708, 63.2489], [8.1708, 63.2489], [8.1706, 63.249]]}}, {"type": "Feature", "properties": {"osm_type": "line", "voltage_kv": 132.0, "name": "Stokmarknes - Sortland", "avail": 48, "avail_node": "Sortland"}, "geometry": {"type": "LineString", "coordinates": [[15.043, 68.5883], [15.0432, 68.5885], [15.0442, 68.5898], [15.0452, 68.591], [15.0463, 68.5924], [15.0474, 68.5937], [15.0486, 68.5952], [15.0487, 68.5953], [15.0497, 68.5965], [15.0508, 68.5979], [15.053, 68.5991], [15.0555, 68.6005], [15.0578, 68.6017], [15.0596, 68.6026], [15.061, 68.6034], [15.0637, 68.6048], [15.0659, 68.606], [15.0685, 68.6066], [15.0713, 68.6072], [15.0741, 68.6078], [15.0775, 68.6085], [15.0801, 68.6091], [15.0827, 68.6096], [15.0858, 68.6103], [15.0887, 68.6109], [15.0915, 68.6115], [15.0944, 68.6122], [15.0977, 68.6129], [15.1004, 68.6134], [15.1031, 68.614], [15.1063, 68.6147], [15.1088, 68.6153], [15.1116, 68.6159], [15.1141, 68.6164], [15.1166, 68.6169], [15.1191, 68.6175], [15.1217, 68.618], [15.1268, 68.6191], [15.1281, 68.6194], [15.1293, 68.6197], [15.1345, 68.6208], [15.1356, 68.621], [15.1418, 68.6223], [15.145, 68.623], [15.1488, 68.6238], [15.1522, 68.6246], [15.1546, 68.6251], [15.1584, 68.6259], [15.1607, 68.6264], [15.1639, 68.6271], [15.1688, 68.6281], [15.1697, 68.6283], [15.1758, 68.6297], [15.1783, 68.6302], [15.1819, 68.631], [15.1852, 68.6317], [15.1878, 68.6323], [15.1908, 68.633], [15.1948, 68.6338], [15.199, 68.6348], [15.2033, 68.6357], [15.206, 68.6363], [15.2115, 68.6375], [15.2153, 68.6383], [15.2166, 68.6386], [15.219, 68.6391], [15.2211, 68.6396], [15.2234, 68.6401], [15.2238, 68.6409], [15.2245, 68.6423], [15.2248, 68.6428], [15.2256, 68.6445], [15.2259, 68.6451], [15.2264, 68.6462], [15.2283, 68.6498], [15.2289, 68.651], [15.2294, 68.652], [15.2305, 68.6543], [15.2309, 68.6552], [15.2317, 68.6566], [15.2325, 68.6582], [15.2328, 68.6588], [15.2334, 68.6597], [15.2338, 68.6604], [15.2358, 68.6637], [15.2356, 68.6647], [15.2352, 68.6658], [15.2347, 68.6678], [15.2344, 68.6688], [15.2339, 68.6707], [15.2338, 68.6711], [15.2334, 68.6724], [15.2332, 68.6732], [15.2332, 68.6739], [15.2333, 68.6746], [15.2333, 68.6756], [15.2334, 68.6773], [15.2335, 68.6791], [15.2336, 68.6804], [15.2337, 68.6814], [15.2338, 68.6824], [15.2338, 68.6838], [15.2339, 68.6848], [15.2341, 68.687], [15.2341, 68.6879], [15.2358, 68.6883], [15.2378, 68.6889], [15.2404, 68.6896], [15.2434, 68.6904], [15.2461, 68.6911], [15.2493, 68.692], [15.2517, 68.6926], [15.2539, 68.6932], [15.2569, 68.694], [15.2581, 68.6943], [15.26, 68.6948], [15.2642, 68.6959], [15.2667, 68.6966], [15.2708, 68.6977], [15.2735, 68.6984], [15.2752, 68.6989], [15.279, 68.6999], [15.2826, 68.7004], [15.2862, 68.701], [15.2894, 68.7014], [15.2923, 68.7019], [15.2968, 68.7025], [15.3004, 68.7031], [15.3032, 68.7035], [15.3076, 68.7036], [15.3119, 68.7037], [15.3147, 68.7037], [15.3193, 68.7038], [15.323, 68.7039], [15.3265, 68.704], [15.3299, 68.7041], [15.3332, 68.7042], [15.3384, 68.7043], [15.3406, 68.7043], [15.3425, 68.7046], [15.347, 68.7053], [15.3507, 68.7058], [15.3535, 68.7062], [15.3591, 68.7071], [15.3606, 68.7073], [15.3635, 68.7077], [15.3669, 68.7082], [15.3689, 68.7085], [15.374, 68.7093], [15.3755, 68.7095], [15.3771, 68.7098], [15.3785, 68.71]]}}, {"type": "Feature", "properties": {"osm_type": "line", "voltage_kv": 300.0, "name": "Nyst\u00f8yl - Kjela", "avail": 0}, "geometry": {"type": "LineString", "coordinates": [[7.4484, 59.7333], [7.4467, 59.7344], [7.4466, 59.7345]]}}, {"type": "Feature", "properties": {"osm_type": "line", "voltage_kv": 145.0, "name": "132 SKEI-SUNDE", "avail": 27, "avail_node": "Skei"}, "geometry": {"type": "LineString", "coordinates": [[6.4507, 61.5475], [6.4518, 61.5484], [6.4527, 61.5492], [6.4531, 61.5494], [6.4646, 61.5542], [6.4678, 61.5562], [6.47, 61.5576], [6.4723, 61.5591], [6.4743, 61.5603], [6.4766, 61.5615], [6.4864, 61.5635], [6.4887, 61.5669], [6.4919, 61.5709], [6.4926, 61.5717], [6.4927, 61.5718], [6.4908, 61.5732]]}}, {"type": "Feature", "properties": {"osm_type": "line", "voltage_kv": 420.0, "name": "Aurland 3 - Hol 1", "avail": 0}, "geometry": {"type": "LineString", "coordinates": [[7.5653, 60.7856], [7.5648, 60.7834], [7.5685, 60.7791], [7.5715, 60.7756], [7.5739, 60.7728], [7.5758, 60.7694], [7.5775, 60.7665], [7.579, 60.764], [7.5773, 60.7606], [7.576, 60.7579], [7.5743, 60.7542], [7.5729, 60.7513], [7.5718, 60.7487], [7.5733, 60.7463], [7.5754, 60.743], [7.5772, 60.7402], [7.5785, 60.7383], [7.5807, 60.7348], [7.5832, 60.731], [7.5853, 60.7277], [7.5867, 60.7256], [7.5887, 60.7223], [7.5908, 60.7191], [7.5935, 60.7149], [7.5953, 60.7122], [7.5974, 60.7089], [7.5995, 60.7056], [7.6023, 60.7029], [7.6069, 60.7008], [7.6106, 60.699], [7.6152, 60.6969], [7.6185, 60.6968], [7.624, 60.6966], [7.6312, 60.698], [7.6362, 60.7002], [7.6396, 60.7017], [7.6506, 60.7032], [7.6632, 60.7048], [7.6701, 60.7057], [7.6709, 60.7058], [7.6769, 60.7075], [7.6816, 60.7089], [7.6899, 60.7113], [7.6945, 60.7127], [7.6982, 60.7137], [7.7014, 60.7143], [7.7055, 60.715], [7.7115, 60.7171], [7.7186, 60.7196], [7.7249, 60.7219], [7.7289, 60.7233], [7.7328, 60.7247], [7.7371, 60.725], [7.7423, 60.7255], [7.7503, 60.7261], [7.7514, 60.7262], [7.7586, 60.7268], [7.7665, 60.7275], [7.7719, 60.7279], [7.7785, 60.7285], [7.7846, 60.7275], [7.79, 60.7267], [7.7958, 60.7258], [7.8004, 60.7251], [7.8079, 60.724], [7.8149, 60.7229], [7.8221, 60.7218], [7.829, 60.7208], [7.8353, 60.7198], [7.8405, 60.7182], [7.8447, 60.7169], [7.8519, 60.7147], [7.8573, 60.7131], [7.8621, 60.7116], [7.867, 60.7101], [7.8731, 60.7078], [7.879, 60.7055], [7.8842, 60.7035], [7.889, 60.7017], [7.8941, 60.6997], [7.9003, 60.6973], [7.9055, 60.6967], [7.9118, 60.696], [7.9174, 60.6953], [7.9225, 60.6937], [7.9258, 60.6927], [7.9338, 60.6929], [7.9416, 60.6932], [7.9478, 60.6933], [7.9536, 60.6935], [7.9603, 60.6937], [7.9655, 60.6925], [7.9706, 60.6913], [7.9783, 60.6896], [7.9827, 60.6886], [7.9882, 60.6873], [7.9946, 60.6858], [8.0019, 60.6842], [8.0061, 60.6832], [8.0096, 60.6824], [8.0136, 60.6815], [8.0173, 60.6795], [8.0216, 60.6772], [8.0266, 60.6745], [8.0308, 60.6722], [8.0353, 60.6698], [8.0383, 60.6682], [8.0433, 60.6669], [8.0469, 60.666], [8.0512, 60.6649], [8.0601, 60.6627], [8.0648, 60.6615], [8.0714, 60.6582], [8.0753, 60.6563], [8.0809, 60.6535], [8.0862, 60.6509], [8.09, 60.649], [8.0947, 60.6467], [8.0989, 60.6446], [8.1043, 60.6419], [8.1087, 60.6397], [8.1156, 60.6385], [8.1221, 60.6387], [8.1262, 60.6388], [8.1295, 60.6389], [8.1366, 60.6392], [8.1411, 60.6393], [8.1469, 60.6395], [8.1526, 60.639], [8.1617, 60.6382], [8.1684, 60.6377], [8.175, 60.6371], [8.1767, 60.6361], [8.1792, 60.6345], [8.1813, 60.6286]]}}, {"type": "Feature", "properties": {"osm_type": "line", "voltage_kv": 132.0, "name": "Kvandal - Bolt\u00e5s", "avail": 11, "avail_node": "Kvandal"}, "geometry": {"type": "LineString", "coordinates": [[17.6036, 68.5758], [17.6033, 68.5757], [17.5961, 68.5745], [17.5932, 68.574], [17.5909, 68.5737], [17.5853, 68.5729], [17.5811, 68.5722], [17.5728, 68.5713], [17.5643, 68.5683], [17.5584, 68.5663], [17.553, 68.5644], [17.5484, 68.5628]]}}, {"type": "Feature", "properties": {"osm_type": "line", "voltage_kv": 132.0, "name": "Kvandal - Bolt\u00e5s", "avail": 11, "avail_node": "Kvandal"}, "geometry": {"type": "LineString", "coordinates": [[17.5484, 68.5628], [17.5392, 68.5611], [17.5263, 68.5586], [17.52, 68.5568], [17.5152, 68.5554], [17.5047, 68.5524], [17.4993, 68.5509], [17.4958, 68.55], [17.4929, 68.5495], [17.4807, 68.5474], [17.476, 68.5466], [17.4711, 68.5458], [17.4654, 68.5456], [17.457, 68.5452], [17.446, 68.5448], [17.4399, 68.5446], [17.4307, 68.5442], [17.4227, 68.5439], [17.4106, 68.5432], [17.4005, 68.5426], [17.3909, 68.5421], [17.3827, 68.5416], [17.3753, 68.5412], [17.3662, 68.5406], [17.3606, 68.5403], [17.3499, 68.5397], [17.3407, 68.5392]]}}, {"type": "Feature", "properties": {"osm_type": "line", "voltage_kv": 132.0, "name": "Kvandal - Bolt\u00e5s", "avail": 22, "avail_node": "Bolt\u00e5s"}, "geometry": {"type": "LineString", "coordinates": [[17.3407, 68.5392], [17.333, 68.5393], [17.3206, 68.5396], [17.3134, 68.5398], [17.3043, 68.54], [17.2965, 68.5402], [17.2888, 68.5403], [17.2785, 68.5406], [17.2706, 68.5408], [17.2577, 68.541], [17.25, 68.5412], [17.2448, 68.5408], [17.2428, 68.5407], [17.2373, 68.5403], [17.2298, 68.5398], [17.221, 68.5391], [17.2134, 68.5386], [17.2047, 68.538], [17.195, 68.5373], [17.1874, 68.5367], [17.1753, 68.5359], [17.1707, 68.5355], [17.1631, 68.535], [17.1572, 68.5346], [17.1499, 68.534], [17.1438, 68.5336], [17.1334, 68.5335], [17.1261, 68.5334], [17.119, 68.5334], [17.1119, 68.5333], [17.1032, 68.5332], [17.1008, 68.5336], [17.0931, 68.5347], [17.0854, 68.5358], [17.0738, 68.5375], [17.0668, 68.5385], [17.0597, 68.539], [17.05, 68.54], [17.0439, 68.5397], [17.0391, 68.5395], [17.0339, 68.5388], [17.0286, 68.538], [17.0236, 68.5373], [17.0192, 68.5368], [17.0181, 68.5367], [17.0094, 68.5357], [17.0049, 68.5351], [17.0003, 68.5329], [16.9967, 68.5311], [16.9907, 68.5281], [16.9817, 68.5259], [16.9744, 68.5241], [16.9669, 68.5222], [16.9616, 68.521], [16.955, 68.5198], [16.9488, 68.5186], [16.9439, 68.5177], [16.9297, 68.5159], [16.9198, 68.5147], [16.9143, 68.5144], [16.9081, 68.514], [16.903, 68.5138], [16.8993, 68.5136], [16.8939, 68.5133], [16.8889, 68.513], [16.8803, 68.5125], [16.8711, 68.512], [16.8662, 68.5117], [16.8632, 68.5116], [16.8555, 68.5112], [16.852, 68.511], [16.8504, 68.5109], [16.8429, 68.5105], [16.8394, 68.5103], [16.832, 68.5099], [16.8295, 68.5097], [16.8186, 68.5091], [16.8143, 68.5089], [16.8111, 68.5087], [16.8046, 68.5083], [16.7959, 68.5079], [16.7901, 68.5075], [16.7836, 68.5072], [16.7794, 68.5069], [16.7773, 68.5068], [16.7698, 68.5093], [16.7661, 68.5105], [16.7631, 68.5115], [16.7614, 68.5121], [16.7553, 68.5141], [16.7547, 68.5143], [16.7546, 68.5143], [16.7522, 68.5151], [16.7505, 68.5157], [16.7466, 68.5169], [16.7442, 68.5177], [16.7369, 68.5201], [16.7288, 68.5228], [16.724, 68.5244], [16.7195, 68.5259], [16.7165, 68.5269], [16.7115, 68.5285], [16.7082, 68.5296], [16.7052, 68.5299], [16.7012, 68.5304], [16.7004, 68.5304], [16.6945, 68.5311], [16.689, 68.5317], [16.6813, 68.5325], [16.6772, 68.533], [16.6742, 68.5325], [16.6738, 68.5325], [16.6715, 68.5321]]}}, {"type": "Feature", "properties": {"osm_type": "line", "voltage_kv": 300.0, "name": "Kvinesdal - Kleven", "avail": 28, "avail_node": "AUSTERDALEN"}, "geometry": {"type": "LineString", "coordinates": [[6.8737, 58.2816], [6.8809, 58.2813], [6.8827, 58.281], [6.8856, 58.2805]]}}, {"type": "Feature", "properties": {"osm_type": "line", "voltage_kv": 300.0, "name": "Kvinesdal - Kleven", "avail": 1, "avail_node": "\u00d8IE"}, "geometry": {"type": "LineString", "coordinates": [[6.851, 58.2776], [6.8544, 58.2787], [6.8568, 58.2791], [6.8622, 58.2802], [6.8645, 58.2806]]}}, {"type": "Feature", "properties": {"osm_type": "line", "voltage_kv": 132.0, "name": "LEIVDAL - VESTRE \u00c5SK\u00c5RA", "avail": 12, "avail_node": "\u00c5lfoten"}, "geometry": {"type": "LineString", "coordinates": [[5.6676, 61.8121], [5.6721, 61.8136], [5.6751, 61.8195], [5.6752, 61.8199], [5.6754, 61.8202], [5.662, 61.8272], [5.6582, 61.8292], [5.6545, 61.8311], [5.6476, 61.8347], [5.6472, 61.8349], [5.6575, 61.8373], [5.6913, 61.845], [5.7408, 61.8516], [5.7696, 61.853], [5.7793, 61.8524]]}}, {"type": "Feature", "properties": {"osm_type": "line", "voltage_kv": 132.0, "name": "Porsgrunn - Muffehus(Her\u00f8y)", "avail": 45, "avail_node": "Roligheten"}, "geometry": {"type": "LineString", "coordinates": [[9.6673, 59.1159], [9.666, 59.116], [9.6601, 59.1161], [9.6547, 59.1163], [9.6529, 59.1164], [9.6488, 59.1165], [9.6467, 59.1165]]}}, {"type": "Feature", "properties": {"osm_type": "line", "voltage_kv": 300.0, "name": "Trofors - Namsskogan", "avail": 0}, "geometry": {"type": "LineString", "coordinates": [[13.4282, 65.5317], [13.4322, 65.5281], [13.4342, 65.5227], [13.4358, 65.5186], [13.4371, 65.515], [13.4374, 65.5112], [13.4378, 65.5066], [13.4381, 65.5023], [13.4383, 65.4996], [13.4385, 65.4968], [13.4388, 65.4931], [13.4391, 65.4898], [13.4393, 65.4868], [13.4395, 65.4836], [13.4399, 65.4793], [13.4401, 65.4758], [13.4403, 65.4728], [13.4406, 65.4695], [13.4408, 65.4667], [13.4412, 65.4617], [13.4414, 65.459], [13.4415, 65.4572], [13.4418, 65.4542], [13.4419, 65.4517], [13.4423, 65.4474], [13.4424, 65.4454], [13.4396, 65.4424], [13.4376, 65.4402], [13.4356, 65.4379], [13.4331, 65.4351], [13.4276, 65.4292], [13.4262, 65.4277], [13.4256, 65.4269], [13.4213, 65.4222], [13.4185, 65.4192], [13.4159, 65.4163], [13.4134, 65.4136], [13.411, 65.4109], [13.4083, 65.408], [13.4058, 65.4052], [13.4032, 65.4024], [13.4003, 65.3992], [13.3984, 65.397], [13.3958, 65.3942], [13.3937, 65.3919], [13.3912, 65.3891], [13.3884, 65.3861], [13.3848, 65.3821], [13.3825, 65.3795], [13.3831, 65.378], [13.384, 65.3756], [13.3846, 65.374], [13.3855, 65.3716], [13.3859, 65.3706], [13.3873, 65.3669], [13.3887, 65.3632], [13.3902, 65.3593], [13.3915, 65.3564], [13.3937, 65.3518], [13.3962, 65.3464], [13.3979, 65.343], [13.3949, 65.3393], [13.3927, 65.3366], [13.3903, 65.3336], [13.3884, 65.3312], [13.3867, 65.3292], [13.3864, 65.3288], [13.3841, 65.326], [13.3818, 65.3232], [13.3792, 65.3199], [13.3766, 65.3167], [13.3745, 65.3141], [13.3718, 65.3107], [13.3691, 65.3075], [13.3682, 65.306], [13.366, 65.302], [13.3647, 65.299], [13.3624, 65.2941], [13.3599, 65.2885], [13.3593, 65.2868], [13.3589, 65.2834], [13.3586, 65.2807], [13.3583, 65.2775], [13.358, 65.2745], [13.3578, 65.2727], [13.3573, 65.2683], [13.3569, 65.265], [13.3566, 65.2615], [13.3563, 65.2589], [13.3593, 65.2548], [13.3606, 65.253], [13.3622, 65.2509], [13.3641, 65.2483], [13.3653, 65.2467], [13.3671, 65.2442], [13.3693, 65.2413], [13.3715, 65.2383], [13.3728, 65.2366], [13.3755, 65.2329], [13.3791, 65.2281], [13.3803, 65.2264], [13.3815, 65.2241], [13.3832, 65.2209], [13.3838, 65.2197], [13.3846, 65.2182], [13.3869, 65.2138], [13.3886, 65.2106], [13.3894, 65.2091], [13.3899, 65.2082], [13.3892, 65.206], [13.3883, 65.2029], [13.3871, 65.1992], [13.386, 65.1957], [13.3851, 65.1925], [13.3843, 65.19], [13.3835, 65.1874], [13.3855, 65.1834], [13.3869, 65.1804], [13.3887, 65.1767], [13.3905, 65.173], [13.3907, 65.1725], [13.3921, 65.1698], [13.3939, 65.1659], [13.3952, 65.1633], [13.3964, 65.1607], [13.3974, 65.1573], [13.3983, 65.1533], [13.3987, 65.1498], [13.3991, 65.1461], [13.3992, 65.1453], [13.3993, 65.1402], [13.3993, 65.1354], [13.3993, 65.1312], [13.3963, 65.1274], [13.3934, 65.1238], [13.391, 65.1206], [13.3883, 65.1172], [13.3856, 65.1138], [13.3827, 65.1101], [13.3804, 65.1072], [13.3793, 65.1034], [13.3782, 65.0997], [13.3767, 65.0943], [13.3753, 65.0896], [13.3742, 65.0858], [13.3731, 65.0832], [13.3719, 65.0806], [13.3707, 65.0782], [13.3689, 65.0743], [13.3676, 65.0717], [13.365, 65.0663], [13.3641, 65.0643], [13.3627, 65.0614], [13.3609, 65.0577], [13.3596, 65.055], [13.3581, 65.0519], [13.3564, 65.0483], [13.3552, 65.0457], [13.354, 65.0433], [13.353, 65.0417], [13.3504, 65.0375], [13.3476, 65.0329], [13.3451, 65.0288], [13.3437, 65.0265], [13.3417, 65.0233], [13.3401, 65.0206], [13.3381, 65.0175], [13.3342, 65.0171], [13.3249, 65.016], [13.3196, 65.0154], [13.3131, 65.0147], [13.3089, 65.0142], [13.3019, 65.0133], [13.2957, 65.0118], [13.2889, 65.0102], [13.2825, 65.0086], [13.2727, 65.0062], [13.265, 65.0044], [13.2589, 65.0029], [13.25, 65.0007], [13.2464, 64.9986], [13.2459, 64.9983], [13.2435, 64.9968], [13.2383, 64.9938], [13.2342, 64.9914], [13.2303, 64.9891]]}}, {"type": "Feature", "properties": {"osm_type": "line", "voltage_kv": 420.0, "name": "Moskog - H\u00f8yanger", "avail": 5, "avail_node": "Stakaldefoss transformatorstasjon"}, "geometry": {"type": "LineString", "coordinates": [[6.0195, 61.4433], [6.0196, 61.4428], [6.0199, 61.4421], [6.0206, 61.4398], [6.0193, 61.4364], [6.0182, 61.434], [6.0168, 61.4312], [6.0141, 61.4259], [6.0136, 61.4251], [6.0113, 61.4236], [6.008, 61.4215], [6.0038, 61.4188], [5.9986, 61.4155], [5.9956, 61.4136], [5.9919, 61.4112], [5.9893, 61.4086], [5.9849, 61.4042], [5.979, 61.3984], [5.9771, 61.3965], [5.9782, 61.3915], [5.9787, 61.3889], [5.9797, 61.3843], [5.9803, 61.3813], [5.9809, 61.3782], [5.9819, 61.3734], [5.9824, 61.3708], [5.9833, 61.3671], [5.9841, 61.3636], [5.9849, 61.3607], [5.9854, 61.3586], [5.9859, 61.3564], [5.9874, 61.3524], [5.99, 61.3455], [5.9911, 61.3427], [5.9913, 61.3394], [5.9917, 61.3332], [5.9919, 61.3317], [5.9923, 61.325], [5.9921, 61.3172], [5.9921, 61.3166], [5.995, 61.3148], [6.0008, 61.311], [6.0038, 61.309], [6.0068, 61.3071], [6.0079, 61.3064], [6.0094, 61.3054], [6.0185, 61.304], [6.0204, 61.3037], [6.0327, 61.3017], [6.0371, 61.301], [6.0442, 61.2999], [6.0546, 61.2968], [6.0595, 61.2953], [6.0642, 61.2937], [6.0688, 61.2921], [6.0794, 61.2885], [6.0874, 61.2865], [6.0925, 61.2852], [6.0993, 61.2834], [6.1052, 61.2819], [6.1128, 61.2804], [6.1249, 61.2779], [6.1376, 61.2739], [6.1435, 61.2721], [6.1447, 61.2694], [6.1462, 61.2661], [6.1476, 61.2632], [6.1501, 61.2579], [6.1514, 61.2552], [6.1514, 61.2552], [6.1517, 61.2546], [6.1528, 61.2522], [6.1537, 61.2505], [6.1527, 61.2471]]}}, {"type": "Feature", "properties": {"osm_type": "line", "voltage_kv": 132.0, "name": "V\u00e5g\u00e5mo - Osbu", "avail": 3, "avail_node": "Nedre Tessa"}, "geometry": {"type": "LineString", "coordinates": [[9.0803, 61.8841], [9.0803, 61.8845], [9.0802, 61.8847], [9.0801, 61.8857], [9.0767, 61.8868], [9.0747, 61.8874], [9.0696, 61.8891], [9.061, 61.8919], [9.0527, 61.8946], [9.046, 61.8967], [9.0405, 61.8985], [9.0329, 61.9009], [9.0274, 61.9027], [9.0244, 61.9037], [9.0241, 61.9037], [9.0229, 61.9041], [9.0209, 61.907], [9.0192, 61.9095], [9.0175, 61.9119], [9.0146, 61.9162], [9.0117, 61.9205], [9.0085, 61.925], [9.0054, 61.9295], [9.0031, 61.9328], [9.0021, 61.9373], [9.001, 61.942], [9.0, 61.9468], [8.9989, 61.9519], [8.9981, 61.9557], [8.9975, 61.9588], [8.9968, 61.9619], [8.9963, 61.9642], [8.9953, 61.9691], [8.9935, 61.9714], [8.9909, 61.9747], [8.9874, 61.9791], [8.9845, 61.9828], [8.9814, 61.9866], [8.9788, 61.9899], [8.9761, 61.9933], [8.9731, 61.9971], [8.9704, 62.0004], [8.9686, 62.0027], [8.9665, 62.0053], [8.9639, 62.0097], [8.9623, 62.0122], [8.9605, 62.0152], [8.9578, 62.0197], [8.9554, 62.0236], [8.9567, 62.0256], [8.9578, 62.0272], [8.9599, 62.0304], [8.9621, 62.0337], [8.9638, 62.0361], [8.9665, 62.0401], [8.9664, 62.0438], [8.9663, 62.048], [8.9663, 62.0513], [8.9662, 62.0552], [8.9662, 62.0579], [8.9661, 62.0603], [8.9661, 62.0633], [8.966, 62.0652], [8.9659, 62.0697], [8.9659, 62.072], [8.9659, 62.0745], [8.9658, 62.0773], [8.9658, 62.0798], [8.9657, 62.0821], [8.9657, 62.0849], [8.9656, 62.0901], [8.9656, 62.0929], [8.9655, 62.0962], [8.9655, 62.0977], [8.9654, 62.1022], [8.9654, 62.1027], [8.9654, 62.1028], [8.9654, 62.1062], [8.9653, 62.1102], [8.9653, 62.1106], [8.9653, 62.1123], [8.9653, 62.115], [8.9652, 62.1177], [8.9651, 62.1223], [8.9651, 62.1252], [8.965, 62.1285], [8.9649, 62.1307], [8.9616, 62.1338], [8.9595, 62.1356], [8.9544, 62.1395], [8.9511, 62.1421], [8.9477, 62.1448], [8.9433, 62.1482], [8.9386, 62.1519], [8.9342, 62.1553], [8.9323, 62.1585], [8.9294, 62.1635], [8.928, 62.1659], [8.9262, 62.1688], [8.9247, 62.1713], [8.9227, 62.1747], [8.9209, 62.1779], [8.9194, 62.1804], [8.916, 62.1837], [8.9137, 62.1858], [8.9105, 62.1885], [8.906, 62.1919], [8.9004, 62.1954], [8.896, 62.1982], [8.8896, 62.2022], [8.8848, 62.2051], [8.8805, 62.208], [8.8763, 62.2109], [8.871, 62.2145], [8.8669, 62.2173], [8.8607, 62.2214], [8.8555, 62.2248], [8.8514, 62.2274], [8.8472, 62.2299], [8.8416, 62.2333], [8.837, 62.2361], [8.8314, 62.2395], [8.8274, 62.2418], [8.8224, 62.2444], [8.82, 62.2457], [8.8182, 62.2467], [8.812, 62.2491], [8.8046, 62.252], [8.7982, 62.2545], [8.7917, 62.2569], [8.7845, 62.2597], [8.7781, 62.2622], [8.77, 62.2654], [8.7642, 62.2677], [8.758, 62.2701], [8.7544, 62.2729], [8.7503, 62.2762], [8.7454, 62.28], [8.7405, 62.2839], [8.7358, 62.2876], [8.7313, 62.2912], [8.7286, 62.2933], [8.7268, 62.2947], [8.7256, 62.298], [8.7242, 62.3021], [8.7229, 62.3059], [8.7215, 62.3104], [8.7204, 62.3137], [8.719, 62.3179], [8.7177, 62.3218], [8.7167, 62.3248], [8.7157, 62.3279], [8.7125, 62.3299], [8.7065, 62.3337], [8.7015, 62.3368], [8.6952, 62.3408], [8.6895, 62.3444], [8.6839, 62.3475], [8.6783, 62.3506], [8.6727, 62.3538], [8.6663, 62.3573], [8.6607, 62.3605], [8.656, 62.3631], [8.6507, 62.3661], [8.6459, 62.3687], [8.6409, 62.3715], [8.6369, 62.3738], [8.6342, 62.3772], [8.6316, 62.3806], [8.6296, 62.3835], [8.6261, 62.3886], [8.6233, 62.3927], [8.621, 62.3961], [8.6188, 62.3992], [8.6164, 62.4028]]}}, {"type": "Feature", "properties": {"osm_type": "line", "voltage_kv": 132.0, "name": "132 ANGEDALEN-MOSKOG", "avail": 5, "avail_node": "Stakaldefoss transformatorstasjon"}, "geometry": {"type": "LineString", "coordinates": [[5.9307, 61.4692], [5.9438, 61.4651], [5.9548, 61.4618], [5.9548, 61.4618], [5.9703, 61.4572], [5.9741, 61.4552], [5.976, 61.4543], [6.0059, 61.447], [6.0075, 61.4467], [6.0091, 61.4464]]}}, {"type": "Feature", "properties": {"osm_type": "line", "voltage_kv": 132.0, "name": "RE_132HL03", "avail": 8, "avail_node": "Nordheim"}, "geometry": {"type": "LineString", "coordinates": [[8.2165, 63.2235], [8.2184, 63.2235], [8.2185, 63.2235], [8.2211, 63.2234], [8.2272, 63.2233], [8.2282, 63.2233], [8.2287, 63.2232], [8.2298, 63.2232], [8.2319, 63.2232], [8.2319, 63.2232], [8.2325, 63.2231]]}}, {"type": "Feature", "properties": {"osm_type": "line", "voltage_kv": 132.0, "name": "T_Hergot (Kvandal) - Sildvik", "avail": 0}, "geometry": {"type": "LineString", "coordinates": [[17.711, 68.4592], [17.7126, 68.456], [17.7137, 68.454], [17.7145, 68.4526], [17.7139, 68.4515], [17.7132, 68.4504], [17.7114, 68.4495], [17.7088, 68.4482], [17.7036, 68.4457], [17.7104, 68.4392], [17.7154, 68.4341], [17.7139, 68.4322], [17.7122, 68.43], [17.7145, 68.4296], [17.7177, 68.4291], [17.7277, 68.4277], [17.733, 68.4269]]}}, {"type": "Feature", "properties": {"osm_type": "line", "voltage_kv": 132.0, "name": "T_Hergot (Kvandal) - Sildvik", "avail": 0}, "geometry": {"type": "LineString", "coordinates": [[17.7365, 68.4264], [17.741, 68.4258], [17.745, 68.4251], [17.7509, 68.4241], [17.7548, 68.423], [17.7622, 68.4211], [17.7677, 68.4195], [17.7739, 68.4174], [17.7784, 68.4159], [17.784, 68.4138], [17.7909, 68.4113]]}}, {"type": "Feature", "properties": {"osm_type": "line", "voltage_kv": 420.0, "name": "Kristiansand - Arendal", "avail": 0}, "geometry": {"type": "LineString", "coordinates": [[8.7183, 58.5851], [8.7188, 58.5852], [8.719, 58.5853], [8.7213, 58.5859], [8.724, 58.5868]]}}, {"type": "Feature", "properties": {"osm_type": "line", "voltage_kv": 420.0, "name": "Kristiansand - Arendal", "avail": 8, "avail_node": "KULIA"}, "geometry": {"type": "LineString", "coordinates": [[7.903, 58.2616], [7.9031, 58.2616], [7.9029, 58.2628], [7.9026, 58.2645], [7.9024, 58.2658], [7.9022, 58.2683], [7.9053, 58.2708], [7.9082, 58.2722], [7.9131, 58.2746], [7.9165, 58.2763], [7.9211, 58.2785], [7.9257, 58.2807], [7.9307, 58.2831], [7.9367, 58.2859], [7.9399, 58.2874], [7.9473, 58.2931], [7.9496, 58.2949], [7.9531, 58.2975], [7.9554, 58.2993], [7.9575, 58.3009], [7.9614, 58.3038], [7.9634, 58.3054], [7.9686, 58.3094], [7.969, 58.3097], [7.9703, 58.3107], [7.9749, 58.3142], [7.9763, 58.3152], [7.979, 58.3173], [7.9863, 58.3188], [7.9901, 58.3196], [7.9957, 58.3207], [7.9992, 58.3213], [8.0058, 58.3224], [8.0102, 58.3232], [8.0129, 58.3237], [8.0137, 58.3238], [8.0176, 58.3245], [8.0204, 58.325], [8.0242, 58.3257], [8.031, 58.327], [8.0357, 58.328], [8.0404, 58.3289], [8.0467, 58.3302], [8.0545, 58.3317], [8.0618, 58.3331], [8.066, 58.3339], [8.0722, 58.3349], [8.0757, 58.3355], [8.0811, 58.3364], [8.0857, 58.3371], [8.0886, 58.3376], [8.0913, 58.3385], [8.096, 58.3401], [8.0997, 58.3413], [8.1018, 58.342], [8.1055, 58.3448], [8.1093, 58.3477], [8.1123, 58.3499], [8.1152, 58.3521], [8.1177, 58.354], [8.1183, 58.3544], [8.1201, 58.3558], [8.1241, 58.3588], [8.1268, 58.3609], [8.1297, 58.3631], [8.1323, 58.365], [8.1348, 58.3669], [8.1382, 58.3695], [8.1405, 58.3712], [8.1431, 58.3731], [8.1468, 58.376], [8.1496, 58.3781], [8.1523, 58.3801], [8.1558, 58.3827], [8.1601, 58.386], [8.1639, 58.3889], [8.1665, 58.3908], [8.1683, 58.3922], [8.1714, 58.3945], [8.1747, 58.397], [8.1773, 58.399], [8.1805, 58.4013], [8.1817, 58.4023], [8.1841, 58.4041], [8.19, 58.4055], [8.1919, 58.4059], [8.1962, 58.4069], [8.2005, 58.4079], [8.2068, 58.4093], [8.2097, 58.41], [8.214, 58.4109], [8.217, 58.4116], [8.2201, 58.4124], [8.2243, 58.4133], [8.2269, 58.4139], [8.2313, 58.4149], [8.2351, 58.4158], [8.2394, 58.4168], [8.2437, 58.4178], [8.2494, 58.419], [8.2544, 58.4202], [8.2602, 58.4219], [8.2612, 58.4222], [8.2624, 58.4226], [8.2663, 58.4237], [8.2699, 58.4248], [8.2721, 58.4254], [8.2845, 58.4293], [8.2888, 58.4295], [8.2902, 58.4296], [8.2951, 58.4297], [8.3031, 58.4299], [8.3036, 58.4299], [8.3095, 58.43], [8.3156, 58.4306], [8.3174, 58.4307], [8.3202, 58.431], [8.3254, 58.4315], [8.3284, 58.4317], [8.3329, 58.4321], [8.3375, 58.4325], [8.3408, 58.4328], [8.3465, 58.4336], [8.3516, 58.4343], [8.3578, 58.4352], [8.361, 58.4371], [8.3659, 58.44], [8.3694, 58.4422], [8.3741, 58.445], [8.3763, 58.4463], [8.3782, 58.4475], [8.3805, 58.4489], [8.3841, 58.4511], [8.3859, 58.4522], [8.3882, 58.4536], [8.391, 58.4553], [8.3936, 58.4569], [8.3965, 58.4586], [8.3997, 58.4606], [8.4015, 58.4617], [8.4032, 58.4627], [8.4082, 58.4658], [8.4126, 58.4684], [8.4144, 58.4695], [8.4164, 58.4707], [8.4182, 58.4718], [8.4203, 58.4731], [8.4298, 58.4793], [8.4322, 58.4809], [8.4347, 58.4826], [8.439, 58.4855], [8.4475, 58.4879], [8.452, 58.4893], [8.454, 58.4899], [8.4565, 58.4906], [8.4622, 58.4923], [8.467, 58.4936], [8.4692, 58.4943], [8.4732, 58.4954], [8.4817, 58.4976], [8.4849, 58.4983], [8.4886, 58.499], [8.4915, 58.4996], [8.495, 58.5003], [8.5019, 58.5017], [8.504, 58.5021], [8.5094, 58.5032], [8.515, 58.5043], [8.5173, 58.5048], [8.5245, 58.5062], [8.5281, 58.5069], [8.5325, 58.5079], [8.536, 58.5087], [8.5386, 58.5093], [8.5437, 58.5105], [8.5461, 58.511], [8.5475, 58.5113], [8.5582, 58.5138], [8.5628, 58.5148], [8.5694, 58.5164], [8.5723, 58.517], [8.5772, 58.5179], [8.5866, 58.5197], [8.5884, 58.52], [8.5934, 58.521], [8.6023, 58.5226], [8.6049, 58.5231], [8.6108, 58.5249], [8.6135, 58.5257], [8.6155, 58.5264], [8.6206, 58.5282], [8.6232, 58.5291], [8.6279, 58.5307], [8.6299, 58.5313], [8.6369, 58.5332], [8.6381, 58.5336], [8.6387, 58.5338], [8.6408, 58.5343], [8.6411, 58.5344], [8.6446, 58.5354], [8.6466, 58.5375], [8.6473, 58.5382], [8.6484, 58.5394], [8.652, 58.5432], [8.6535, 58.5448], [8.6549, 58.5463], [8.6569, 58.5484], [8.6594, 58.5511], [8.6625, 58.5543], [8.665, 58.557], [8.6681, 58.5587], [8.6718, 58.5607], [8.6768, 58.5635], [8.6801, 58.5653], [8.6838, 58.5673], [8.6896, 58.5709], [8.6923, 58.5725], [8.6983, 58.5762], [8.7012, 58.5779], [8.7018, 58.5782], [8.7052, 58.5802], [8.7084, 58.5818], [8.7086, 58.5819], [8.7145, 58.5846], [8.715, 58.5846], [8.7183, 58.5851]]}}, {"type": "Feature", "properties": {"osm_type": "line", "name": "Jord Evanger - Dale 2", "avail": 0}, "geometry": {"type": "LineString", "coordinates": [[5.8567, 60.6187], [5.8554, 60.6185], [5.8538, 60.6183]]}}, {"type": "Feature", "properties": {"osm_type": "line", "voltage_kv": 300.0, "name": "R\u00f8yk\u00e5s - Ulven", "avail": 63, "avail_node": "Gr\u00f8nland"}, "geometry": {"type": "LineString", "coordinates": [[10.8622, 59.9274], [10.862, 59.9274], [10.8587, 59.9265], [10.8547, 59.9253], [10.8504, 59.9242], [10.8501, 59.9241], [10.8499, 59.924], [10.8444, 59.9224], [10.8391, 59.9232], [10.8322, 59.9242], [10.8306, 59.9244], [10.8254, 59.9239], [10.8212, 59.9235], [10.817, 59.923], [10.8166, 59.923]]}}, {"type": "Feature", "properties": {"osm_type": "line", "voltage_kv": 300.0, "name": "R\u00f8yk\u00e5s - Ulven", "avail": 63, "avail_node": "Gr\u00f8nland"}, "geometry": {"type": "LineString", "coordinates": [[10.9285, 59.929], [10.927, 59.929], [10.9232, 59.9289], [10.919, 59.9287], [10.9112, 59.9285], [10.9068, 59.9284], [10.8981, 59.9281], [10.891, 59.9279], [10.8853, 59.9278], [10.8781, 59.9277], [10.8735, 59.9276], [10.8677, 59.9276], [10.8651, 59.9275]]}}, {"type": "Feature", "properties": {"osm_type": "line", "name": "Jord Evanger - Dale 2", "avail": 0}, "geometry": {"type": "LineString", "coordinates": [[5.8338, 60.6166], [5.833, 60.6164], [5.8317, 60.6162], [5.8301, 60.6161], [5.8295, 60.6159]]}}, {"type": "Feature", "properties": {"osm_type": "line", "voltage_kv": 132.0, "name": "RE_132HL04_1", "avail": 2, "avail_node": "Gylthalsen"}, "geometry": {"type": "LineString", "coordinates": [[8.5364, 63.2583], [8.5394, 63.2591], [8.5418, 63.2598], [8.5438, 63.2605], [8.5458, 63.2613], [8.5492, 63.2625], [8.5492, 63.2625], [8.5519, 63.2635], [8.5531, 63.2639]]}}, {"type": "Feature", "properties": {"osm_type": "line", "voltage_kv": 420.0, "name": "Ertsmyra - Kvinesdal L2", "avail": 28, "avail_node": "AUSTERDALEN"}, "geometry": {"type": "LineString", "coordinates": [[6.7521, 58.6688], [6.752, 58.667], [6.7519, 58.6649], [6.7518, 58.6617], [6.7508, 58.6606], [6.7498, 58.6593], [6.7478, 58.6571], [6.7468, 58.656], [6.7464, 58.6555], [6.7451, 58.6539], [6.743, 58.6516], [6.7408, 58.649], [6.7387, 58.6467], [6.7369, 58.6446], [6.7335, 58.6406], [6.7318, 58.6383], [6.7325, 58.636], [6.733, 58.6347], [6.7342, 58.6323], [6.7353, 58.6301], [6.7363, 58.6283], [6.7369, 58.6272], [6.7376, 58.6261], [6.7394, 58.6234], [6.7411, 58.6208], [6.7429, 58.6181], [6.744, 58.6165], [6.7449, 58.6153], [6.7524, 58.6074], [6.755, 58.6046], [6.7565, 58.5997], [6.7575, 58.5965], [6.7585, 58.5935], [6.7588, 58.5924], [6.7602, 58.5881], [6.7608, 58.5863], [6.7615, 58.5839], [6.7623, 58.5814], [6.7631, 58.5787], [6.7636, 58.5767], [6.7644, 58.5726], [6.7651, 58.5694], [6.7654, 58.5677], [6.7662, 58.5638], [6.7666, 58.5622], [6.7686, 58.557], [6.7697, 58.5543], [6.7712, 58.5504], [6.7722, 58.5478], [6.7739, 58.5435], [6.7749, 58.5411], [6.7763, 58.5375], [6.7768, 58.5361], [6.7779, 58.5335], [6.7785, 58.532], [6.7792, 58.5301], [6.7814, 58.5245], [6.7824, 58.522], [6.7834, 58.5201], [6.7846, 58.518], [6.7867, 58.5148], [6.7895, 58.5109], [6.7913, 58.5076], [6.7929, 58.5045], [6.7959, 58.4998], [6.7982, 58.4962], [6.801, 58.493], [6.8041, 58.4894], [6.807, 58.4862], [6.8103, 58.4824], [6.8121, 58.4804], [6.8132, 58.4792], [6.8174, 58.475], [6.8183, 58.4741], [6.8219, 58.4708], [6.8244, 58.4684], [6.8252, 58.4676], [6.8263, 58.4665], [6.8302, 58.4629], [6.8343, 58.459], [6.8373, 58.4562], [6.8416, 58.4521], [6.8463, 58.4478], [6.8509, 58.4405], [6.8522, 58.4385], [6.8533, 58.4366], [6.8548, 58.4343], [6.8567, 58.4308], [6.8603, 58.4241], [6.8618, 58.4214], [6.8632, 58.4188], [6.8639, 58.417], [6.8647, 58.4147], [6.8656, 58.4122], [6.8664, 58.4102], [6.8682, 58.4054], [6.87, 58.4004], [6.8706, 58.3988], [6.8728, 58.3928], [6.8736, 58.3906], [6.8747, 58.3874], [6.8759, 58.383], [6.8764, 58.3811], [6.8772, 58.3779], [6.8778, 58.3753], [6.8793, 58.3697], [6.8807, 58.3639], [6.8812, 58.3617], [6.8819, 58.359], [6.883, 58.3544], [6.8841, 58.3504], [6.882, 58.3453], [6.8807, 58.3419], [6.8792, 58.3382], [6.8778, 58.3348], [6.8768, 58.3323], [6.8756, 58.3295], [6.8749, 58.3279], [6.8736, 58.3242], [6.8726, 58.3215], [6.8721, 58.3202], [6.8712, 58.3166], [6.8706, 58.3143], [6.8694, 58.3099], [6.8685, 58.3071], [6.8674, 58.3038], [6.8655, 58.2982], [6.8635, 58.2925], [6.8684, 58.2902], [6.8722, 58.2883], [6.8724, 58.2861], [6.872, 58.2849]]}}, {"type": "Feature", "properties": {"osm_type": "line", "voltage_kv": 420.0, "name": "Ertsmyra - Kvinesdal L2", "avail": 1, "avail_node": "\u00d8IE"}, "geometry": {"type": "LineString", "coordinates": [[6.8658, 58.2801], [6.8635, 58.2797], [6.8587, 58.2789], [6.8547, 58.2783], [6.8513, 58.2769]]}}, {"type": "Feature", "properties": {"osm_type": "line", "voltage_kv": 300.0, "name": "Songa - Vemorktoppen", "avail": 25, "avail_node": "Rjukan N\u00e6ringspark"}, "geometry": {"type": "LineString", "coordinates": [[7.7285, 59.7765], [7.7288, 59.7767], [7.7289, 59.7767], [7.7304, 59.7778], [7.7349, 59.7807], [7.7368, 59.7819], [7.7429, 59.7854], [7.746, 59.7871], [7.7489, 59.7886], [7.7513, 59.7898], [7.7542, 59.7909], [7.7576, 59.792], [7.7632, 59.7919], [7.7664, 59.7918], [7.7733, 59.792], [7.7761, 59.7931], [7.7784, 59.794], [7.7807, 59.7949], [7.7852, 59.7955], [7.7886, 59.7958], [7.7962, 59.7963], [7.7985, 59.7965], [7.801, 59.7967], [7.8047, 59.7971], [7.8098, 59.7961], [7.8126, 59.7956], [7.8157, 59.795], [7.8173, 59.7946], [7.819, 59.7947], [7.8238, 59.795], [7.8269, 59.7946], [7.8352, 59.7932], [7.8386, 59.7924], [7.841, 59.7919], [7.8471, 59.7906], [7.8516, 59.7896], [7.8538, 59.789], [7.8552, 59.7886], [7.8614, 59.7872], [7.8664, 59.7859], [7.8687, 59.7855], [7.8748, 59.7841], [7.8849, 59.7826], [7.8912, 59.7815], [7.8942, 59.781], [7.8972, 59.7806], [7.9022, 59.78], [7.9054, 59.7797], [7.9078, 59.7794], [7.913, 59.7785], [7.9188, 59.7775], [7.926, 59.7777], [7.9293, 59.7777], [7.9348, 59.7785], [7.9436, 59.7796], [7.953, 59.7786], [7.9596, 59.7779], [7.9681, 59.778], [7.9723, 59.7781], [7.9764, 59.7782], [7.9824, 59.7786], [7.988, 59.7789], [7.996, 59.7794], [8.0044, 59.7799], [8.0122, 59.7803], [8.0178, 59.7807], [8.0239, 59.781], [8.029, 59.7813], [8.0313, 59.7815], [8.037, 59.7818], [8.0457, 59.7823], [8.0527, 59.7827], [8.0594, 59.7831], [8.0684, 59.7837], [8.0752, 59.7841], [8.0819, 59.7845], [8.086, 59.7848], [8.0942, 59.7854], [8.1025, 59.7861], [8.1099, 59.7866], [8.1149, 59.787], [8.1193, 59.7879], [8.1253, 59.7891], [8.1363, 59.7914], [8.1397, 59.7921], [8.1407, 59.7923], [8.1462, 59.792], [8.1474, 59.7919], [8.1538, 59.7916], [8.1618, 59.7913], [8.1733, 59.7907], [8.1804, 59.7904], [8.1868, 59.7901], [8.1918, 59.7898], [8.1986, 59.7896], [8.2013, 59.7894], [8.2054, 59.7892], [8.2094, 59.7891], [8.2134, 59.7893], [8.2203, 59.7897], [8.2297, 59.7902], [8.2338, 59.7904], [8.24, 59.7907], [8.245, 59.7909], [8.2456, 59.791], [8.2491, 59.7912], [8.2533, 59.7914], [8.2587, 59.7918], [8.2645, 59.7921], [8.2717, 59.7925], [8.2756, 59.7927], [8.2815, 59.793], [8.285, 59.7932], [8.287, 59.7933], [8.2926, 59.7936], [8.2958, 59.7938], [8.3001, 59.7945], [8.3087, 59.796], [8.3153, 59.7972], [8.3183, 59.7977], [8.3255, 59.799], [8.332, 59.8001], [8.3391, 59.8014], [8.3424, 59.802], [8.3474, 59.8028], [8.3522, 59.8037], [8.3552, 59.8042], [8.3608, 59.8052], [8.3626, 59.8055], [8.3668, 59.8062], [8.3696, 59.8067], [8.3719, 59.8079], [8.3775, 59.8106], [8.3821, 59.8129], [8.3852, 59.8145], [8.3905, 59.8168], [8.3967, 59.8196], [8.3994, 59.8208], [8.4064, 59.8238], [8.4084, 59.8247], [8.41, 59.8255], [8.4192, 59.8283], [8.4246, 59.83], [8.4302, 59.8318], [8.4337, 59.8329], [8.4374, 59.8353], [8.4424, 59.8384], [8.4479, 59.84], [8.4512, 59.8412], [8.4561, 59.8434], [8.4608, 59.8454], [8.4643, 59.847], [8.4706, 59.8497], [8.4765, 59.8526], [8.482, 59.8552], [8.4846, 59.8564], [8.4866, 59.8575], [8.4895, 59.8591], [8.4944, 59.8623], [8.4944, 59.8627]]}}, {"type": "Feature", "properties": {"osm_type": "line", "voltage_kv": 300.0, "name": "T_Flatin - R\u00f8d", "avail": 50, "avail_node": "Notodden og Heddal"}, "geometry": {"type": "LineString", "coordinates": [[8.6346, 59.5026], [8.6385, 59.504], [8.6393, 59.5042], [8.6397, 59.5043], [8.6406, 59.5044], [8.6495, 59.5054], [8.6549, 59.506], [8.6608, 59.5067], [8.6665, 59.5074], [8.6782, 59.5087], [8.6849, 59.5095], [8.6891, 59.5109], [8.6941, 59.5126], [8.7008, 59.5148], [8.7073, 59.5169], [8.7127, 59.5187], [8.7162, 59.5199], [8.7234, 59.5223], [8.7271, 59.5235], [8.7311, 59.5248], [8.7379, 59.5271], [8.744, 59.5291], [8.7496, 59.531], [8.7575, 59.5335], [8.7636, 59.5356], [8.7689, 59.5373], [8.7736, 59.5382], [8.7792, 59.5392], [8.7865, 59.5405], [8.7931, 59.5417], [8.8, 59.543], [8.807, 59.5443], [8.8135, 59.5455], [8.8196, 59.5474], [8.8239, 59.5487], [8.8298, 59.5506], [8.8373, 59.5529], [8.8425, 59.5545], [8.8481, 59.5563], [8.855, 59.5584], [8.8612, 59.5604], [8.8662, 59.5619], [8.8707, 59.5633], [8.8761, 59.5629], [8.8822, 59.5623], [8.8892, 59.5615], [8.8962, 59.5608], [8.9037, 59.56], [8.9115, 59.5593], [8.922, 59.5582], [8.9272, 59.5577], [8.9349, 59.5569], [8.9456, 59.5558], [8.9521, 59.5551], [8.9612, 59.5542], [8.9665, 59.5537], [8.9741, 59.5531], [8.9817, 59.5526], [8.9927, 59.5519], [8.9999, 59.5515], [9.0055, 59.5511], [9.0123, 59.5506], [9.0209, 59.5501], [9.026, 59.5497], [9.0365, 59.549], [9.0468, 59.5482], [9.054, 59.5477], [9.0605, 59.5473], [9.0639, 59.5471], [9.0678, 59.5468], [9.0696, 59.5467], [9.078, 59.5464], [9.0786, 59.5463], [9.0787, 59.5463], [9.0795, 59.5463], [9.0843, 59.5448], [9.092, 59.5424], [9.0939, 59.5419], [9.0949, 59.5398], [9.0962, 59.5366], [9.1011, 59.5328], [9.107, 59.528], [9.1101, 59.5255], [9.1135, 59.5228], [9.1137, 59.5226], [9.119, 59.5184], [9.1194, 59.5181], [9.1206, 59.5171], [9.1238, 59.5146], [9.1297, 59.5099], [9.1306, 59.5092], [9.1309, 59.5089], [9.1319, 59.5082], [9.1324, 59.5077], [9.1338, 59.5066], [9.1379, 59.503], [9.138, 59.5029], [9.1407, 59.5005], [9.1441, 59.4975], [9.1444, 59.4974], [9.154, 59.4934], [9.1563, 59.4924], [9.162, 59.4902], [9.1645, 59.4891], [9.1737, 59.4874], [9.1816, 59.4859], [9.1886, 59.4838], [9.1948, 59.4821], [9.1996, 59.4806], [9.2028, 59.4797], [9.2052, 59.4773], [9.2076, 59.4748], [9.21, 59.4723], [9.2121, 59.4701], [9.215, 59.4671], [9.2175, 59.4646], [9.2204, 59.4616], [9.2232, 59.4599], [9.2281, 59.4569], [9.231, 59.4552], [9.2352, 59.4526], [9.2392, 59.4491], [9.2444, 59.4445], [9.2483, 59.4425], [9.2552, 59.4391], [9.2615, 59.436], [9.2664, 59.4336], [9.2708, 59.4314], [9.276, 59.4289], [9.2791, 59.4273], [9.2846, 59.4246], [9.2905, 59.4211], [9.2909, 59.4209], [9.2913, 59.4207], [9.2952, 59.4184], [9.2995, 59.4159], [9.3016, 59.4146], [9.3058, 59.4122], [9.3078, 59.411], [9.3085, 59.4106], [9.3085, 59.4106], [9.3103, 59.4095], [9.3126, 59.4082], [9.3138, 59.4075], [9.3174, 59.4054], [9.3196, 59.4041], [9.3225, 59.4024], [9.3243, 59.4014], [9.3265, 59.4006], [9.3302, 59.3991], [9.3331, 59.398], [9.3387, 59.3959], [9.3444, 59.3938], [9.346, 59.3935], [9.3463, 59.3935], [9.3514, 59.3927], [9.3545, 59.3922], [9.3672, 59.389], [9.3691, 59.3885], [9.3733, 59.3874], [9.3776, 59.3863], [9.3849, 59.3844], [9.3911, 59.3828], [9.3951, 59.3817], [9.4033, 59.3796], [9.4074, 59.3785], [9.4172, 59.376], [9.4198, 59.3746], [9.4237, 59.3724], [9.4297, 59.3691], [9.4375, 59.3648], [9.4426, 59.362], [9.4476, 59.3592], [9.453, 59.3563], [9.4566, 59.3543], [9.4616, 59.3516], [9.4644, 59.3501], [9.4678, 59.3475], [9.4718, 59.3445], [9.4762, 59.3412], [9.4792, 59.3389], [9.4834, 59.3358], [9.4865, 59.3335], [9.4906, 59.3305], [9.4942, 59.3278], [9.4981, 59.3249], [9.502, 59.322], [9.506, 59.3191], [9.5098, 59.3162], [9.514, 59.3131], [9.5188, 59.3095], [9.5231, 59.3062], [9.5235, 59.3058], [9.5267, 59.3034], [9.5293, 59.3013], [9.5308, 59.3001], [9.5338, 59.2973], [9.5385, 59.293], [9.5421, 59.2897], [9.5438, 59.2882], [9.5438, 59.2882], [9.5467, 59.2855], [9.5474, 59.2812], [9.5479, 59.2782], [9.5479, 59.278], [9.547, 59.2754]]}}, {"type": "Feature", "properties": {"osm_type": "line", "voltage_kv": 132.0, "name": "RE_132HL05_4", "avail": 0}, "geometry": {"type": "LineString", "coordinates": [[8.7014, 63.4122], [8.7015, 63.4122], [8.7037, 63.4109], [8.7044, 63.4105], [8.7044, 63.409], [8.7044, 63.4083], [8.7044, 63.4061], [8.7044, 63.4048], [8.7044, 63.4031], [8.7044, 63.4013], [8.7044, 63.4001], [8.7044, 63.3999], [8.7043, 63.3995], [8.7046, 63.3992], [8.7054, 63.3984], [8.7064, 63.3974], [8.7086, 63.3951], [8.709, 63.3946], [8.7082, 63.3932], [8.7074, 63.3917], [8.7063, 63.3894], [8.7051, 63.3873], [8.7041, 63.3853], [8.7035, 63.3841], [8.7029, 63.3829], [8.7022, 63.3816], [8.7024, 63.3805], [8.7026, 63.3795], [8.7028, 63.3784], [8.7028, 63.3783], [8.703, 63.3775], [8.7033, 63.3753], [8.7038, 63.3729], [8.704, 63.3717], [8.7043, 63.3701], [8.7045, 63.3686], [8.7045, 63.3668], [8.7022, 63.3652], [8.7002, 63.3638]]}}, {"type": "Feature", "properties": {"osm_type": "line", "voltage_kv": 300.0, "name": "Ulven - T_Roa (F\u00e5berg)", "avail": 63, "avail_node": "Gr\u00f8nland"}, "geometry": {"type": "LineString", "coordinates": [[10.8853, 59.947], [10.8875, 59.9483], [10.8934, 59.9503], [10.8959, 59.9511], [10.9009, 59.9528], [10.9026, 59.9538], [10.9045, 59.9549], [10.9062, 59.9572], [10.9083, 59.9603], [10.9086, 59.9607], [10.9086, 59.9608], [10.9104, 59.9634], [10.9106, 59.9636], [10.9107, 59.9637], [10.9121, 59.9658], [10.9119, 59.9673], [10.9116, 59.97], [10.9113, 59.9705], [10.911, 59.9709], [10.91, 59.9725], [10.9093, 59.9736], [10.9079, 59.9758], [10.9067, 59.9776], [10.9057, 59.9795], [10.9043, 59.9822], [10.9033, 59.9841], [10.9019, 59.9869], [10.9011, 59.9883], [10.901, 59.9885], [10.9009, 59.9887], [10.8995, 59.9914], [10.8978, 59.9947], [10.8968, 59.9966], [10.896, 59.998], [10.8954, 60.0006], [10.8946, 60.0044], [10.894, 60.0068], [10.8934, 60.0094], [10.8911, 60.0114], [10.8882, 60.0141], [10.8868, 60.0154], [10.8835, 60.0184], [10.8814, 60.0203], [10.8794, 60.0221], [10.8774, 60.024], [10.8749, 60.0262], [10.8729, 60.028], [10.8728, 60.0281], [10.8708, 60.0299], [10.8673, 60.0332], [10.8654, 60.0349], [10.8619, 60.0381], [10.8593, 60.0404], [10.8567, 60.0428], [10.8542, 60.0451], [10.8516, 60.0474], [10.8493, 60.0495], [10.8489, 60.0518], [10.8487, 60.0534], [10.8485, 60.0552], [10.8482, 60.0569], [10.8479, 60.0594], [10.8478, 60.0596], [10.8476, 60.0615], [10.8458, 60.0633], [10.8445, 60.0647], [10.842, 60.0674], [10.8412, 60.0682], [10.8392, 60.0703], [10.8374, 60.0722], [10.8341, 60.0757], [10.8309, 60.0791], [10.8285, 60.0817], [10.8264, 60.0838], [10.8249, 60.0854], [10.8228, 60.0876], [10.8207, 60.0898], [10.8188, 60.0919], [10.8166, 60.0943], [10.8143, 60.0966], [10.8127, 60.0984], [10.8107, 60.1004], [10.8091, 60.1022], [10.8069, 60.1045], [10.8049, 60.1066], [10.8026, 60.1091], [10.8004, 60.1113], [10.7976, 60.1143], [10.7955, 60.1166], [10.7937, 60.1185], [10.7914, 60.121], [10.7894, 60.1231], [10.7876, 60.125], [10.785, 60.1277], [10.7832, 60.1296], [10.7813, 60.1317], [10.7791, 60.1339], [10.7791, 60.134], [10.7787, 60.1368], [10.7783, 60.1399], [10.7779, 60.1423], [10.7776, 60.1451], [10.7775, 60.1452], [10.7772, 60.1481], [10.7769, 60.15], [10.7765, 60.1529], [10.7761, 60.1556], [10.7757, 60.1587], [10.7754, 60.1609], [10.7749, 60.1646], [10.7746, 60.1672], [10.7743, 60.1711], [10.7742, 60.1731], [10.774, 60.1769], [10.7738, 60.1797], [10.7736, 60.1818], [10.7735, 60.1844], [10.7734, 60.1863], [10.7732, 60.189], [10.7731, 60.1908], [10.7729, 60.1938], [10.7728, 60.1955], [10.7719, 60.1976], [10.7706, 60.2006], [10.7698, 60.2027], [10.7681, 60.2046], [10.7655, 60.2075], [10.7632, 60.2102], [10.7616, 60.212], [10.7599, 60.2139], [10.758, 60.216], [10.7561, 60.2182], [10.7541, 60.2204], [10.7524, 60.2225], [10.7498, 60.2253], [10.7479, 60.2275], [10.746, 60.2297], [10.7436, 60.2324], [10.7418, 60.2344], [10.7403, 60.2361], [10.739, 60.2376], [10.7376, 60.2392], [10.7364, 60.2406], [10.7336, 60.2437], [10.7318, 60.2458], [10.7298, 60.2481], [10.7281, 60.25], [10.7256, 60.2516], [10.7234, 60.2528], [10.7193, 60.255], [10.7176, 60.2559], [10.7146, 60.2575], [10.7113, 60.2593], [10.7085, 60.2608], [10.7061, 60.262], [10.7035, 60.2634], [10.6996, 60.2655], [10.695, 60.2679], [10.6918, 60.2696], [10.689, 60.2711], [10.6867, 60.2724], [10.6838, 60.2739], [10.6811, 60.2753], [10.6782, 60.2769], [10.676, 60.278], [10.6698, 60.2813], [10.6679, 60.2826], [10.666, 60.2838], [10.6633, 60.2855], [10.6612, 60.2869], [10.659, 60.2883], [10.6568, 60.2897], [10.6563, 60.29], [10.6531, 60.292], [10.6506, 60.2936], [10.6476, 60.2955], [10.6467, 60.2972], [10.6448, 60.3009], [10.6436, 60.3032], [10.6426, 60.305], [10.6418, 60.3066], [10.6417, 60.3068], [10.6406, 60.3088]]}}, {"type": "Feature", "properties": {"osm_type": "line", "voltage_kv": 300.0, "name": "Ulven - T_Roa (F\u00e5berg)", "avail": 63, "avail_node": "Gr\u00f8nland"}, "geometry": {"type": "LineString", "coordinates": [[10.8163, 59.9232], [10.8195, 59.9236], [10.8242, 59.9241], [10.8287, 59.9245], [10.8302, 59.9248], [10.8317, 59.9251], [10.8318, 59.9252], [10.8319, 59.9252], [10.8357, 59.9269], [10.84, 59.9288], [10.8443, 59.9305], [10.8444, 59.9305], [10.8478, 59.932], [10.8511, 59.9335], [10.8554, 59.9354], [10.8555, 59.9355], [10.8597, 59.9373], [10.8655, 59.938], [10.8701, 59.9386], [10.8732, 59.9397], [10.8774, 59.9423], [10.8785, 59.9429]]}}, {"type": "Feature", "properties": {"osm_type": "line", "voltage_kv": 132.0, "name": "Balsfjord - Mestervik, L2", "avail": 0}, "geometry": {"type": "LineString", "coordinates": [[19.2074, 69.1931], [19.2073, 69.1944], [19.207, 69.1974], [19.2011, 69.1997], [19.1964, 69.2015], [19.1926, 69.203], [19.1878, 69.2047], [19.1811, 69.2071], [19.177, 69.2085], [19.1741, 69.2096], [19.1689, 69.2115], [19.1637, 69.2133], [19.1607, 69.216], [19.1586, 69.218], [19.1578, 69.2197], [19.1565, 69.2224], [19.1557, 69.2241], [19.1545, 69.2265], [19.1534, 69.2288], [19.148, 69.231], [19.1447, 69.2323], [19.1396, 69.2344], [19.1364, 69.2357], [19.1296, 69.2385], [19.1253, 69.2396], [19.1207, 69.2408], [19.1153, 69.2423], [19.1109, 69.2434], [19.1058, 69.2448], [19.0999, 69.2463], [19.0949, 69.2476], [19.0903, 69.2488], [19.0853, 69.2502], [19.0789, 69.2519], [19.0783, 69.2522], [19.0726, 69.2549], [19.066, 69.2581], [19.0613, 69.2604], [19.056, 69.263], [19.0518, 69.2651], [19.0521, 69.2687], [19.0523, 69.2705], [19.0526, 69.2733], [19.0528, 69.2754], [19.053, 69.2769], [19.0533, 69.2797], [19.0533, 69.2804], [19.0536, 69.2833], [19.0539, 69.286], [19.0543, 69.2896], [19.0545, 69.2916], [19.0545, 69.2919], [19.0547, 69.2939], [19.055, 69.2968], [19.0526, 69.2996], [19.0499, 69.3012], [19.0459, 69.3036], [19.043, 69.3054], [19.0378, 69.3085], [19.035, 69.3102], [19.0314, 69.3123], [19.0293, 69.3136], [19.0254, 69.3159], [19.0219, 69.318], [19.0144, 69.3197], [19.0099, 69.3207], [19.0023, 69.3224], [18.9944, 69.3242], [18.9888, 69.3254], [18.9831, 69.3264], [18.9738, 69.328], [18.9647, 69.3296], [18.9587, 69.3306], [18.9484, 69.3323], [18.9414, 69.333], [18.9365, 69.3334], [18.9289, 69.3341], [18.9269, 69.3343], [18.9204, 69.3349], [18.9133, 69.3355], [18.9079, 69.336], [18.902, 69.3366], [18.897, 69.337], [18.8921, 69.3375]]}}, {"type": "Feature", "properties": {"osm_type": "line", "voltage_kv": 132.0, "name": "Sildvik - Tornehamn", "avail": 0}, "geometry": {"type": "LineString", "coordinates": [[17.8045, 68.4084], [17.8053, 68.4083], [17.8121, 68.4076], [17.8215, 68.4068], [17.828, 68.4064], [17.8354, 68.4083], [17.8439, 68.4105], [17.8485, 68.4116], [17.8536, 68.4122], [17.8628, 68.4131], [17.8689, 68.4136], [17.8754, 68.414], [17.8796, 68.4143], [17.8843, 68.4141], [17.898, 68.4136], [17.9081, 68.4131], [17.9114, 68.4128], [17.9188, 68.412], [17.9339, 68.4104], [17.9476, 68.4111], [17.952, 68.4124], [17.9583, 68.4142], [17.9617, 68.4152], [17.9683, 68.4172], [17.9719, 68.4182], [17.9794, 68.4204], [17.9835, 68.4217], [17.9939, 68.4247], [18.0023, 68.4256], [18.0039, 68.4258], [18.0097, 68.4264], [18.018, 68.4272], [18.0279, 68.4282], [18.0363, 68.4286], [18.0479, 68.4291], [18.0577, 68.4293], [18.0651, 68.4296], [18.0724, 68.4299], [18.0784, 68.4301], [18.0855, 68.4304], [18.0917, 68.4306], [18.0986, 68.431], [18.106, 68.4314]]}}, {"type": "Feature", "properties": {"osm_type": "line", "voltage_kv": 132.0, "name": "Kvitfossen - Melbu", "avail": 11, "avail_node": "Kvitfossen"}, "geometry": {"type": "LineString", "coordinates": [[14.6587, 68.3273], [14.6598, 68.3272], [14.662, 68.3272], [14.6638, 68.3271], [14.6663, 68.327], [14.6682, 68.327], [14.6714, 68.3269], [14.6754, 68.3267], [14.6775, 68.3272], [14.6806, 68.3278], [14.6842, 68.3286], [14.6854, 68.3287], [14.6867, 68.3289], [14.6894, 68.3292], [14.6928, 68.3297], [14.6954, 68.3301], [14.6982, 68.3305], [14.7018, 68.331], [14.7027, 68.3313], [14.7042, 68.3317], [14.7061, 68.3326], [14.7068, 68.3332], [14.7072, 68.334], [14.7075, 68.3349], [14.708, 68.3361], [14.7086, 68.3375], [14.7091, 68.3387], [14.7095, 68.3396], [14.71, 68.3408], [14.7106, 68.3418], [14.7113, 68.3429], [14.7119, 68.3439], [14.7133, 68.346], [14.7139, 68.3469], [14.7145, 68.3478], [14.715, 68.3485], [14.7138, 68.3493], [14.7124, 68.3502], [14.7107, 68.3512], [14.7082, 68.3527], [14.7069, 68.3536], [14.7059, 68.3542], [14.7069, 68.3557], [14.708, 68.3573], [14.7074, 68.3581], [14.7061, 68.3601], [14.7072, 68.3612], [14.709, 68.363], [14.708, 68.3646], [14.7076, 68.3653], [14.7067, 68.3675], [14.7069, 68.369], [14.7069, 68.3697], [14.7071, 68.3715], [14.7071, 68.3721], [14.7072, 68.3732], [14.7073, 68.3746], [14.7087, 68.3755], [14.71, 68.3765], [14.7112, 68.3774], [14.7126, 68.3784], [14.7137, 68.3795], [14.7146, 68.3803], [14.7158, 68.3815], [14.7166, 68.3823], [14.7177, 68.3833], [14.7191, 68.3847], [14.7202, 68.3858], [14.7224, 68.3879], [14.7234, 68.3889], [14.7238, 68.3904], [14.7224, 68.3914], [14.7209, 68.3926], [14.7193, 68.3937], [14.7168, 68.3955], [14.7155, 68.3965], [14.7139, 68.3976], [14.7128, 68.3984], [14.7114, 68.3994], [14.7104, 68.4002], [14.7101, 68.4011], [14.7097, 68.4028], [14.7095, 68.4039], [14.7092, 68.4052], [14.7091, 68.4062], [14.7089, 68.4084], [14.7087, 68.4105], [14.7086, 68.4115], [14.7085, 68.4124], [14.7084, 68.4135], [14.7083, 68.4149], [14.7081, 68.4164], [14.708, 68.4181], [14.7079, 68.4192], [14.7082, 68.4203], [14.7085, 68.4217], [14.7087, 68.4228], [14.7099, 68.4242], [14.711, 68.4255], [14.7117, 68.4263], [14.7135, 68.4271], [14.7171, 68.4276], [14.7205, 68.4281], [14.7232, 68.4284], [14.7259, 68.4288], [14.7294, 68.4293], [14.7326, 68.4297], [14.7369, 68.4303], [14.7403, 68.4307], [14.7442, 68.4313], [14.7465, 68.4316], [14.749, 68.4316], [14.7524, 68.4316], [14.7556, 68.4316], [14.7608, 68.4316], [14.7629, 68.4316], [14.7662, 68.4317], [14.7697, 68.4317], [14.7741, 68.432]]}}, {"type": "Feature", "properties": {"osm_type": "line", "voltage_kv": 300.0, "name": "Husnes - B\u00f8rtveit ", "avail": 14, "avail_node": "Husnes"}, "geometry": {"type": "LineString", "coordinates": [[5.6632, 59.9084], [5.6591, 59.9111], [5.654, 59.912], [5.6528, 59.9122], [5.6416, 59.9143], [5.6395, 59.9143], [5.6351, 59.9143], [5.6281, 59.9142], [5.6251, 59.9142], [5.6225, 59.9142], [5.6158, 59.9141], [5.6131, 59.9141], [5.6128, 59.9141], [5.6059, 59.914], [5.5993, 59.914], [5.5924, 59.9139], [5.5897, 59.9139], [5.5895, 59.9139], [5.58, 59.9138], [5.5761, 59.912], [5.573, 59.9106], [5.5704, 59.9094], [5.5667, 59.9077], [5.5623, 59.9056], [5.5574, 59.9041], [5.5515, 59.9023], [5.5488, 59.9014], [5.5465, 59.9009], [5.5377, 59.897], [5.5287, 59.8931], [5.517, 59.888], [5.5142, 59.8868]]}}, {"type": "Feature", "properties": {"osm_type": "line", "voltage_kv": 300.0, "name": "Husnes - B\u00f8rtveit ", "avail": 14, "avail_node": "Husnes"}, "geometry": {"type": "LineString", "coordinates": [[5.7639, 59.8655], [5.7641, 59.8669], [5.764, 59.8695], [5.7629, 59.8702], [5.7618, 59.8711], [5.7587, 59.8733], [5.7517, 59.8745], [5.7436, 59.8758]]}}, {"type": "Feature", "properties": {"osm_type": "line", "voltage_kv": 300.0, "name": "T_Roa (Ulven) - T_Vardal (F\u00e5berg)", "avail": 11, "avail_node": "Mj\u00f8sstranda"}, "geometry": {"type": "LineString", "coordinates": [[10.5656, 60.7791], [10.565, 60.7803], [10.565, 60.7818], [10.565, 60.7836], [10.5651, 60.7851], [10.5651, 60.7864], [10.5651, 60.7885], [10.5652, 60.791], [10.5652, 60.7939], [10.5653, 60.7974], [10.5653, 60.7988], [10.5653, 60.7991], [10.5653, 60.7991]]}}, {"type": "Feature", "properties": {"osm_type": "line", "voltage_kv": 300.0, "name": "T_Roa (Ulven) - T_Vardal (F\u00e5berg)", "avail": 11, "avail_node": "Mj\u00f8sstranda"}, "geometry": {"type": "LineString", "coordinates": [[10.6054, 60.7095], [10.6047, 60.7101], [10.6029, 60.7113], [10.6018, 60.7131], [10.6004, 60.7155], [10.5989, 60.7179], [10.5978, 60.7199], [10.5964, 60.7222], [10.5952, 60.7241], [10.5939, 60.7264], [10.5926, 60.7285], [10.5915, 60.7304], [10.5904, 60.7322], [10.5889, 60.7348], [10.5877, 60.7367], [10.5864, 60.739], [10.5854, 60.7407], [10.5841, 60.7429], [10.5828, 60.745], [10.5816, 60.747], [10.5802, 60.7494], [10.579, 60.7512], [10.5773, 60.755], [10.5767, 60.7561], [10.5749, 60.7598], [10.5742, 60.7612], [10.5731, 60.7635], [10.5724, 60.7651], [10.571, 60.768], [10.5699, 60.7701], [10.5689, 60.7722], [10.5681, 60.774], [10.5664, 60.7774], [10.5663, 60.7777], [10.5656, 60.7791]]}}, {"type": "Feature", "properties": {"osm_type": "line", "voltage_kv": 300.0, "name": "T_Roa (Ulven) - T_Vardal (F\u00e5berg)", "avail": 11, "avail_node": "Mj\u00f8sstranda"}, "geometry": {"type": "LineString", "coordinates": [[10.6689, 60.5256], [10.6695, 60.5269], [10.6695, 60.5284], [10.6696, 60.5304], [10.6697, 60.5325], [10.6698, 60.5349], [10.6699, 60.537], [10.67, 60.5391], [10.67, 60.5412], [10.6701, 60.5433], [10.6702, 60.5454], [10.6703, 60.5479], [10.6704, 60.5502], [10.6705, 60.5525], [10.6706, 60.5546], [10.6707, 60.5568], [10.6707, 60.5591], [10.6702, 60.5611], [10.6701, 60.5615], [10.6695, 60.5638], [10.6689, 60.566], [10.6683, 60.5682], [10.6677, 60.5704], [10.6671, 60.5726], [10.6665, 60.5748], [10.6658, 60.5773], [10.6651, 60.5798], [10.6645, 60.5822], [10.664, 60.584], [10.6635, 60.5858], [10.6629, 60.5878], [10.6624, 60.5898], [10.6618, 60.592], [10.6611, 60.5943], [10.6605, 60.5968], [10.6598, 60.5991], [10.6592, 60.6015], [10.6588, 60.6031], [10.6587, 60.6033], [10.6581, 60.6056], [10.6575, 60.6077], [10.6569, 60.61], [10.6563, 60.6123], [10.6556, 60.6147], [10.655, 60.6169], [10.6544, 60.6191], [10.6539, 60.6209], [10.6534, 60.6228], [10.6528, 60.6252], [10.6521, 60.6275], [10.6515, 60.6297], [10.6509, 60.6319], [10.6504, 60.6341], [10.6498, 60.6362], [10.6492, 60.6383], [10.6487, 60.6403], [10.6481, 60.6423], [10.6475, 60.6445], [10.647, 60.6466], [10.6461, 60.6497], [10.646, 60.6503], [10.6457, 60.6513], [10.6456, 60.6516], [10.645, 60.6539], [10.6445, 60.6558], [10.6444, 60.656], [10.644, 60.6578], [10.6435, 60.6588], [10.6421, 60.6617], [10.6412, 60.6636], [10.6404, 60.6653], [10.6395, 60.6671], [10.6383, 60.6694], [10.6374, 60.6714], [10.6364, 60.6735], [10.6354, 60.6755], [10.6344, 60.6777], [10.6332, 60.68], [10.6325, 60.6816], [10.6316, 60.6834], [10.6307, 60.6853], [10.6295, 60.6877], [10.6284, 60.69], [10.6275, 60.6918], [10.6266, 60.6937], [10.6265, 60.6939], [10.6258, 60.6953], [10.624, 60.6966], [10.6222, 60.6979], [10.6195, 60.6997], [10.6174, 60.7012], [10.6162, 60.702], [10.6151, 60.7028], [10.6126, 60.7045], [10.6101, 60.7062], [10.608, 60.7077], [10.6072, 60.7083]]}}, {"type": "Feature", "properties": {"osm_type": "line", "voltage_kv": 300.0, "name": "T_Roa (Ulven) - T_Vardal (F\u00e5berg)", "avail": 17, "avail_node": "Jaren"}, "geometry": {"type": "LineString", "coordinates": [[10.6377, 60.3145], [10.6372, 60.3154], [10.6369, 60.3158], [10.6361, 60.3174], [10.635, 60.3196], [10.6336, 60.3223], [10.6322, 60.3249], [10.631, 60.3272], [10.6299, 60.3293], [10.6288, 60.3313], [10.6273, 60.3342], [10.6259, 60.337], [10.6242, 60.34], [10.6233, 60.3415], [10.6221, 60.3432], [10.6208, 60.3451], [10.6195, 60.347], [10.6186, 60.3483], [10.6175, 60.3499], [10.6165, 60.3515], [10.6157, 60.3527], [10.6147, 60.3541], [10.6138, 60.3565], [10.613, 60.3586], [10.6124, 60.3602], [10.6117, 60.3619], [10.6109, 60.364], [10.6102, 60.3661], [10.6094, 60.368], [10.6088, 60.3698], [10.608, 60.3718], [10.6072, 60.3741], [10.6062, 60.3766], [10.6051, 60.3794], [10.6035, 60.3825], [10.6034, 60.385], [10.6046, 60.3871], [10.6053, 60.3886], [10.6064, 60.3907], [10.6072, 60.3922], [10.6081, 60.3939], [10.6087, 60.395], [10.6092, 60.3961], [10.6101, 60.3981], [10.611, 60.4002], [10.6119, 60.4022], [10.612, 60.4024], [10.6129, 60.4045], [10.6141, 60.4071], [10.6151, 60.4094], [10.6161, 60.4116], [10.6167, 60.4129], [10.6174, 60.4146], [10.6181, 60.4161], [10.619, 60.4182], [10.6202, 60.4208], [10.621, 60.4226], [10.6222, 60.4253], [10.6233, 60.4276], [10.6245, 60.4303], [10.6254, 60.4322], [10.6263, 60.4341], [10.6271, 60.436], [10.6283, 60.4386], [10.6291, 60.4405], [10.6299, 60.4421], [10.6305, 60.4433], [10.6317, 60.4459], [10.6328, 60.4484], [10.6337, 60.4504], [10.6339, 60.4507], [10.635, 60.453], [10.6357, 60.4546], [10.6357, 60.4547], [10.6368, 60.457], [10.6379, 60.4594], [10.639, 60.4616], [10.6402, 60.4642], [10.6411, 60.4661], [10.642, 60.4682], [10.643, 60.4703], [10.6441, 60.4726], [10.6451, 60.4748], [10.6463, 60.4773], [10.6473, 60.4795], [10.6481, 60.4813], [10.6498, 60.4848], [10.6514, 60.4883], [10.652, 60.4897], [10.6529, 60.4914], [10.6534, 60.4926], [10.6546, 60.4952], [10.6557, 60.4974], [10.6565, 60.4992], [10.6579, 60.5021], [10.6589, 60.5043], [10.6601, 60.5068], [10.6612, 60.5092], [10.6619, 60.5106], [10.662, 60.511], [10.6634, 60.5139], [10.6642, 60.5156], [10.6651, 60.5175], [10.6659, 60.5193], [10.667, 60.5215], [10.6682, 60.5241], [10.6689, 60.5256]]}}, {"type": "Feature", "properties": {"osm_type": "line", "voltage_kv": 300.0, "name": "Fagrafjell - Stokkeland 1", "avail": 68, "avail_node": "H\u00e5land trafostasjon"}, "geometry": {"type": "LineString", "coordinates": [[5.7609, 58.7917], [5.7606, 58.7937], [5.7604, 58.7951], [5.759, 58.7999], [5.7586, 58.8011], [5.7585, 58.8013], [5.7585, 58.8014], [5.758, 58.803], [5.7568, 58.807], [5.7564, 58.8074], [5.7536, 58.81], [5.7493, 58.8112], [5.7449, 58.8125], [5.7392, 58.8141]]}}, {"type": "Feature", "properties": {"osm_type": "line", "voltage_kv": 300.0, "name": "Bamble - Porsgrunn", "avail": 45, "avail_node": "Roligheten"}, "geometry": {"type": "LineString", "coordinates": [[9.678, 59.1108], [9.6779, 59.1122], [9.6779, 59.1127], [9.6768, 59.1134]]}}, {"type": "Feature", "properties": {"osm_type": "line", "voltage_kv": 300.0, "name": "Bamble - Porsgrunn", "avail": 45, "avail_node": "Roligheten"}, "geometry": {"type": "LineString", "coordinates": [[9.5965, 59.0433], [9.5996, 59.0446], [9.6041, 59.0466], [9.606, 59.0477], [9.6093, 59.0496], [9.6131, 59.0518], [9.6151, 59.0529], [9.6203, 59.0559], [9.6226, 59.0576], [9.6239, 59.0586], [9.6247, 59.0591], [9.6265, 59.0602], [9.6281, 59.0612], [9.6356, 59.0652], [9.6507, 59.0731], [9.6515, 59.0735], [9.6571, 59.0738], [9.663, 59.074], [9.6635, 59.074], [9.6678, 59.0741], [9.6699, 59.0741], [9.6797, 59.0757], [9.6797, 59.0764], [9.6796, 59.0788], [9.6795, 59.0809], [9.6794, 59.0826], [9.6792, 59.0855], [9.6791, 59.0886], [9.6789, 59.0922], [9.6788, 59.0938], [9.6787, 59.0953], [9.6786, 59.0983], [9.6784, 59.1013], [9.6784, 59.1028], [9.6783, 59.105], [9.6781, 59.1073], [9.6781, 59.1088], [9.678, 59.1094]]}}, {"type": "Feature", "properties": {"osm_type": "line", "voltage_kv": 300.0, "name": "Stokkeland - B\u00e6rheim L1", "avail": 68, "avail_node": "H\u00e5land trafostasjon"}, "geometry": {"type": "LineString", "coordinates": [[5.7287, 58.8152], [5.7266, 58.815], [5.725, 58.8148], [5.7221, 58.8144], [5.7193, 58.8131], [5.7142, 58.8108], [5.7069, 58.8107], [5.7068, 58.8107], [5.7067, 58.8107], [5.6999, 58.8106], [5.696, 58.8133], [5.6939, 58.8147], [5.6927, 58.8156], [5.6896, 58.8177], [5.6894, 58.822], [5.69, 58.8245], [5.6911, 58.8289], [5.6921, 58.8332], [5.692, 58.8347], [5.692, 58.8364], [5.692, 58.8364], [5.6919, 58.8385], [5.6919, 58.8393], [5.6918, 58.8436], [5.6913, 58.8454], [5.6913, 58.8454], [5.691, 58.8466], [5.6898, 58.8508], [5.6888, 58.8541], [5.6877, 58.8582], [5.6863, 58.8631], [5.6874, 58.8671], [5.6883, 58.8699], [5.6896, 58.8733], [5.691, 58.877], [5.691, 58.8771], [5.6922, 58.8787], [5.6927, 58.8795], [5.6931, 58.8801]]}}, {"type": "Feature", "properties": {"osm_type": "line", "voltage_kv": 420.0, "name": "H\u00f8yanger - Sogndal", "avail": 0}, "geometry": {"type": "LineString", "coordinates": [[6.1577, 61.2446], [6.1684, 61.2455], [6.1746, 61.2453], [6.1768, 61.2445], [6.1791, 61.2435], [6.1881, 61.2392], [6.1938, 61.2364], [6.1992, 61.2347], [6.2025, 61.2336], [6.2072, 61.232], [6.2139, 61.2309], [6.2245, 61.2291], [6.2329, 61.2277], [6.2404, 61.2265], [6.2519, 61.2246], [6.2557, 61.2239], [6.2609, 61.2232], [6.2687, 61.2221], [6.2753, 61.2211], [6.2839, 61.2199], [6.2868, 61.2199], [6.2934, 61.2199], [6.3019, 61.2199], [6.3141, 61.2175], [6.3224, 61.2145], [6.3308, 61.2157], [6.3376, 61.2154], [6.3444, 61.2147], [6.3479, 61.2144], [6.3613, 61.2152], [6.3642, 61.2154], [6.3689, 61.2157], [6.3767, 61.2138], [6.3821, 61.2109], [6.3854, 61.2091], [6.3908, 61.2062], [6.3941, 61.2043], [6.4071, 61.2046], [6.4137, 61.2046], [6.4203, 61.2048], [6.4225, 61.2049], [6.4299, 61.2074], [6.4342, 61.2088], [6.4422, 61.2096], [6.4496, 61.2103], [6.4552, 61.2108], [6.4624, 61.2115], [6.4663, 61.2119], [6.4786, 61.211], [6.4833, 61.2107], [6.4998, 61.2095], [6.5023, 61.2093], [6.5055, 61.2091], [6.512, 61.2085], [6.5146, 61.2088], [6.5187, 61.2115], [6.5243, 61.2152], [6.534, 61.2215], [6.536, 61.2218], [6.5399, 61.2216], [6.5455, 61.2214], [6.5488, 61.2213], [6.5512, 61.2212], [6.5794, 61.2208], [6.6, 61.2205], [6.6076, 61.2204], [6.6135, 61.2195], [6.6153, 61.2193], [6.6214, 61.2187], [6.6294, 61.2179], [6.6361, 61.2174], [6.6389, 61.2171], [6.6426, 61.2168], [6.6461, 61.2165], [6.6611, 61.2139], [6.6665, 61.213], [6.6702, 61.2123], [6.6752, 61.2115], [6.6927, 61.2089], [6.6982, 61.2078], [6.708, 61.2058], [6.7097, 61.2055], [6.7121, 61.205], [6.7211, 61.2039], [6.7234, 61.2036], [6.7278, 61.2032], [6.7301, 61.2031], [6.7487, 61.2016], [6.7531, 61.2013], [6.7557, 61.2011], [6.7591, 61.2011], [6.7643, 61.2012], [6.7687, 61.2012], [6.7789, 61.2014], [6.7851, 61.2014], [6.7968, 61.2016], [6.8069, 61.2017], [6.8142, 61.2016], [6.8216, 61.2016], [6.8258, 61.2016], [6.8316, 61.2015], [6.8377, 61.2016], [6.839, 61.2016], [6.8437, 61.2017], [6.8617, 61.2019], [6.8661, 61.2027], [6.8744, 61.2041], [6.8799, 61.2051], [6.8813, 61.2053], [6.8887, 61.2066], [6.8934, 61.2075], [6.9031, 61.2091], [6.9081, 61.21], [6.9113, 61.2105], [6.9169, 61.2115], [6.9219, 61.2123], [6.9252, 61.2129], [6.9299, 61.2137], [6.9373, 61.215], [6.9414, 61.2157], [6.9489, 61.217], [6.954, 61.2179], [6.9607, 61.219], [6.9677, 61.2202], [6.9718, 61.2209], [6.9771, 61.2218], [6.9798, 61.2215], [6.9892, 61.2205], [6.9941, 61.2199], [6.9984, 61.2197], [7.0027, 61.2196], [7.0094, 61.2193], [7.013, 61.2191], [7.0159, 61.219]]}}, {"type": "Feature", "properties": {"osm_type": "line", "voltage_kv": 300.0, "name": "\u00c5sen - R\u00f8ldal", "avail": 34, "avail_node": "Sengjanes"}, "geometry": {"type": "LineString", "coordinates": [[6.6284, 60.1264], [6.622, 60.1195], [6.6247, 60.1164], [6.6272, 60.1139], [6.6285, 60.1126], [6.6289, 60.1102], [6.6299, 60.1076], [6.6312, 60.1054], [6.6346, 60.1016], [6.6374, 60.0991], [6.6395, 60.0972], [6.6424, 60.0945], [6.6457, 60.0915], [6.6504, 60.0879], [6.653, 60.0865], [6.6586, 60.0834], [6.6616, 60.0816], [6.6651, 60.0796], [6.6668, 60.077], [6.668, 60.0754], [6.6705, 60.0718], [6.6723, 60.0692], [6.6733, 60.0678], [6.6748, 60.0657], [6.6746, 60.0637], [6.6743, 60.0616], [6.6719, 60.0595], [6.67, 60.0579], [6.6683, 60.0569], [6.6664, 60.0558], [6.6645, 60.0547], [6.6621, 60.0532], [6.6564, 60.0504], [6.6488, 60.0465], [6.6407, 60.0441], [6.6354, 60.0425], [6.6282, 60.0404], [6.623, 60.0389], [6.6191, 60.0378], [6.6156, 60.0368], [6.6089, 60.0348], [6.6037, 60.0333], [6.5978, 60.0315], [6.5921, 60.0299], [6.5865, 60.0282], [6.585, 60.026], [6.5822, 60.0219], [6.5798, 60.0184], [6.5806, 60.0153], [6.5813, 60.0123], [6.5825, 60.0078], [6.5829, 60.0062], [6.5836, 60.0031], [6.5843, 60.0004], [6.585, 59.9979], [6.5858, 59.9918], [6.5861, 59.9892], [6.5862, 59.9866], [6.5864, 59.9821], [6.5866, 59.9786], [6.5867, 59.9739], [6.5866, 59.9719], [6.5862, 59.9675], [6.5858, 59.9626], [6.5856, 59.9601], [6.5854, 59.9572], [6.5853, 59.9559], [6.5753, 59.951], [6.5716, 59.9483], [6.5695, 59.9468], [6.5641, 59.9428], [6.5648, 59.9413], [6.5661, 59.9388], [6.5677, 59.9358], [6.5704, 59.9308], [6.5709, 59.9298], [6.5721, 59.9274], [6.5736, 59.9264], [6.5777, 59.9237], [6.5811, 59.9215], [6.5827, 59.9204], [6.5873, 59.9171], [6.5901, 59.9136], [6.5953, 59.9098], [6.5999, 59.9064], [6.6032, 59.904], [6.61, 59.8989], [6.6135, 59.8963], [6.6172, 59.8937], [6.6193, 59.8921], [6.6221, 59.8903], [6.6249, 59.8886], [6.6282, 59.8873], [6.6326, 59.8856], [6.6379, 59.8836], [6.6417, 59.8822], [6.6493, 59.8793], [6.6529, 59.8779], [6.656, 59.8767], [6.6617, 59.8745], [6.6656, 59.873], [6.6698, 59.8714], [6.6731, 59.8702], [6.6796, 59.8677], [6.6825, 59.8665], [6.6874, 59.8646], [6.689, 59.8636], [6.6914, 59.8622], [6.6938, 59.8608], [6.7014, 59.8565], [6.7045, 59.8548], [6.7068, 59.8535], [6.7097, 59.8519], [6.7121, 59.8505], [6.7162, 59.8485], [6.7179, 59.8473], [6.7211, 59.8445], [6.7228, 59.8431], [6.7244, 59.8417], [6.7274, 59.8391], [6.7295, 59.8373], [6.7322, 59.8349], [6.7348, 59.833], [6.7381, 59.8305], [6.7404, 59.8288], [6.7432, 59.8268], [6.7459, 59.8247], [6.7501, 59.8224], [6.7552, 59.8196], [6.7588, 59.8176], [6.7623, 59.8159], [6.7658, 59.8153], [6.7706, 59.8155], [6.774, 59.8157], [6.7782, 59.8178], [6.7826, 59.8199], [6.7878, 59.8222], [6.7899, 59.8228], [6.8003, 59.8254], [6.8028, 59.826], [6.8096, 59.8261], [6.8129, 59.8242], [6.8135, 59.8238]]}}, {"type": "Feature", "properties": {"osm_type": "line", "voltage_kv": 300.0, "name": "Verdal - Tunnsj\u00f8dal", "avail": 9, "avail_node": "Verdal"}, "geometry": {"type": "LineString", "coordinates": [[11.5066, 63.7558], [11.5099, 63.757], [11.5189, 63.7603], [11.528, 63.7636], [11.5407, 63.7682], [11.5439, 63.7694], [11.5478, 63.7708], [11.5492, 63.7713], [11.5495, 63.7714], [11.5573, 63.7743], [11.5654, 63.7773], [11.5725, 63.78], [11.578, 63.782], [11.5864, 63.7851], [11.5931, 63.7876], [11.5966, 63.7889], [11.6001, 63.7902], [11.609, 63.7934], [11.6096, 63.7937], [11.6195, 63.7974], [11.6204, 63.7977], [11.6273, 63.8002], [11.6306, 63.8015], [11.6369, 63.8038], [11.6497, 63.8085], [11.6551, 63.8104], [11.6601, 63.8123], [11.6614, 63.8129], [11.6624, 63.8135], [11.6653, 63.815], [11.6657, 63.8152], [11.6722, 63.8185], [11.6757, 63.8203], [11.6764, 63.8207], [11.6814, 63.8233], [11.6864, 63.8259], [11.6931, 63.8293], [11.7019, 63.8332], [11.7105, 63.8369], [11.7165, 63.8394], [11.7229, 63.8422], [11.7294, 63.845], [11.7364, 63.848], [11.7427, 63.8508], [11.7483, 63.8537], [11.7551, 63.8571], [11.7613, 63.8604], [11.7681, 63.8662], [11.7696, 63.8674], [11.7769, 63.8736], [11.779, 63.8753], [11.7829, 63.8786], [11.7876, 63.8826], [11.7914, 63.8858], [11.7963, 63.89], [11.7996, 63.8927], [11.8063, 63.8984], [11.8121, 63.9033], [11.8184, 63.9086], [11.821, 63.9108], [11.8237, 63.913], [11.8278, 63.9162], [11.8341, 63.9212], [11.8389, 63.925], [11.8423, 63.9276], [11.846, 63.93], [11.8517, 63.9336], [11.8571, 63.937], [11.864, 63.9414], [11.8665, 63.943], [11.8718, 63.946], [11.8764, 63.9486], [11.8828, 63.9522], [11.8886, 63.9555], [11.8941, 63.9586], [11.9021, 63.963], [11.9076, 63.9661], [11.9135, 63.9682], [11.9232, 63.9716], [11.9307, 63.9742], [11.9394, 63.9773], [11.9397, 63.9773], [11.945, 63.9795], [11.9534, 63.9828], [11.9582, 63.9846], [11.9661, 63.9877], [11.9759, 63.9915], [11.9852, 63.9951], [11.9912, 63.9975], [11.9988, 64.0004], [12.0046, 64.0027], [12.0101, 64.0048], [12.0212, 64.0091], [12.0301, 64.0126], [12.0381, 64.0157], [12.0436, 64.0178], [12.0519, 64.021], [12.0599, 64.0241], [12.0652, 64.0262], [12.0757, 64.0302], [12.0812, 64.0323], [12.0906, 64.036], [12.096, 64.0381], [12.1018, 64.0403], [12.1101, 64.0436], [12.1139, 64.045], [12.1188, 64.0462], [12.1259, 64.0478], [12.1319, 64.0491], [12.139, 64.0508], [12.1512, 64.0536], [12.1581, 64.0551], [12.1663, 64.057], [12.1732, 64.0581], [12.1802, 64.0592], [12.1893, 64.0606], [12.1946, 64.0614], [12.1982, 64.0628], [12.2083, 64.0665], [12.215, 64.0691], [12.2238, 64.0724], [12.2304, 64.0749], [12.2373, 64.0775], [12.2447, 64.0803], [12.2518, 64.0833], [12.2572, 64.0856], [12.2647, 64.0888], [12.2733, 64.0924], [12.2797, 64.0951], [12.2863, 64.0979], [12.2928, 64.1007], [12.2987, 64.1032], [12.3029, 64.1056], [12.3103, 64.1099], [12.3174, 64.1139], [12.3223, 64.1168], [12.3304, 64.122], [12.3355, 64.1252], [12.3395, 64.1278], [12.3438, 64.1306], [12.3485, 64.1336], [12.3526, 64.1362], [12.3583, 64.1399], [12.3624, 64.1425], [12.3673, 64.1456], [12.37, 64.1474], [12.3732, 64.1512], [12.3763, 64.1549], [12.3778, 64.157], [12.3808, 64.161], [12.3842, 64.1656], [12.3861, 64.1682], [12.3872, 64.1698], [12.3896, 64.173], [12.3898, 64.1732], [12.3917, 64.1759], [12.3936, 64.1785], [12.3934, 64.1833], [12.3933, 64.1868], [12.393, 64.1929], [12.3928, 64.197], [12.3927, 64.1995], [12.3926, 64.2032], [12.3925, 64.2084], [12.3923, 64.2123], [12.3922, 64.2157], [12.3941, 64.2183], [12.3958, 64.2207], [12.3994, 64.2256], [12.3994, 64.2256], [12.4025, 64.2293], [12.4032, 64.2303], [12.4034, 64.2304], [12.4062, 64.234], [12.4087, 64.237], [12.4115, 64.2406], [12.4146, 64.2454], [12.416, 64.2476], [12.4171, 64.2494], [12.4189, 64.2523], [12.419, 64.2556], [12.4192, 64.2592], [12.4193, 64.266], [12.4197, 64.2716], [12.4197, 64.2744], [12.4197, 64.275], [12.4198, 64.2774], [12.4198, 64.2797], [12.4198, 64.2797], [12.4198, 64.2824], [12.4199, 64.2881], [12.4199, 64.2911], [12.4199, 64.2946], [12.4199, 64.2973], [12.4199, 64.3034], [12.4199, 64.3052], [12.42, 64.3115], [12.42, 64.3153], [12.42, 64.3208], [12.42, 64.3242], [12.42, 64.3262], [12.42, 64.3301], [12.42, 64.3331], [12.4201, 64.3385], [12.4201, 64.3411], [12.4201, 64.345], [12.4199, 64.3487], [12.4197, 64.3526], [12.4202, 64.356], [12.4245, 64.3592], [12.4312, 64.3634], [12.438, 64.3676], [12.4459, 64.372], [12.4554, 64.3772], [12.4604, 64.3802], [12.4624, 64.3815], [12.467, 64.3845], [12.4739, 64.389], [12.4781, 64.3917], [12.483, 64.3949], [12.4871, 64.398], [12.4904, 64.4004], [12.4953, 64.4042], [12.5, 64.4077], [12.5058, 64.4121], [12.514, 64.4183], [12.5182, 64.4215], [12.5239, 64.4259], [12.5284, 64.4293], [12.5321, 64.4326], [12.538, 64.4378], [12.541, 64.4409], [12.5436, 64.4435], [12.5451, 64.4452], [12.5468, 64.4469], [12.5529, 64.4532], [12.5548, 64.4552], [12.5584, 64.459], [12.5624, 64.4631], [12.5656, 64.4664], [12.5687, 64.4697], [12.5731, 64.4742], [12.5759, 64.4771], [12.5779, 64.4792], [12.5825, 64.484], [12.5859, 64.4875], [12.5913, 64.4909], [12.5974, 64.4949], [12.6017, 64.4976], [12.6075, 64.5012], [12.6135, 64.505], [12.6166, 64.507], [12.622, 64.5099], [12.6276, 64.5129], [12.6345, 64.5166], [12.6421, 64.52], [12.6497, 64.5234], [12.657, 64.5266], [12.6626, 64.5295], [12.668, 64.5322], [12.6734, 64.5352], [12.677, 64.5375], [12.6828, 64.5411], [12.6878, 64.5443], [12.6917, 64.5466], [12.6968, 64.5498], [12.701, 64.5542], [12.7032, 64.5565], [12.7057, 64.5591], [12.7141, 64.5619], [12.7234, 64.565], [12.7321, 64.5678], [12.7396, 64.5703], [12.7502, 64.5738], [12.7554, 64.5755], [12.7633, 64.5784], [12.7715, 64.5815], [12.7779, 64.5839], [12.7861, 64.5873], [12.7916, 64.59], [12.792, 64.5921], [12.7926, 64.5954], [12.793, 64.5979], [12.7937, 64.6013], [12.7943, 64.6046], [12.7949, 64.608], [12.7958, 64.6126], [12.7965, 64.6147], [12.7978, 64.6182], [12.7988, 64.6208], [12.8004, 64.6251], [12.8035, 64.6277], [12.8069, 64.6306], [12.8114, 64.6344], [12.8158, 64.6381], [12.8193, 64.6411], [12.8236, 64.6447], [12.8275, 64.6479], [12.8316, 64.6513], [12.8353, 64.6544], [12.8393, 64.6578], [12.8434, 64.6612], [12.8436, 64.6656], [12.8439, 64.6715], [12.8442, 64.6756], [12.8442, 64.6788], [12.844, 64.6802], [12.8434, 64.6832], [12.8427, 64.6872], [12.8423, 64.6893], [12.8423, 64.6895], [12.8418, 64.6921], [12.8414, 64.6939], [12.8412, 64.6949], [12.8408, 64.6972], [12.8404, 64.6995], [12.8399, 64.7018]]}}, {"type": "Feature", "properties": {"osm_type": "line", "voltage_kv": 300.0, "name": "Sauda - K\u00e5rst\u00f8", "avail": 9, "avail_node": "V\u00e5g"}, "geometry": {"type": "LineString", "coordinates": [[6.4042, 59.6686], [6.3996, 59.6689], [6.3996, 59.6689], [6.3973, 59.669], [6.3965, 59.669], [6.3904, 59.6694], [6.3823, 59.6675], [6.3806, 59.6671], [6.3746, 59.666], [6.3673, 59.6648], [6.3643, 59.6644], [6.3517, 59.6632], [6.3455, 59.6621], [6.3409, 59.6612], [6.3345, 59.6601], [6.3222, 59.6573], [6.3178, 59.6562], [6.314, 59.6552], [6.313, 59.6549], [6.3096, 59.654], [6.3055, 59.6529], [6.3009, 59.6515], [6.2967, 59.65], [6.2903, 59.6477], [6.2805, 59.6441], [6.2744, 59.6419], [6.2676, 59.6395], [6.2651, 59.6386], [6.2624, 59.6376], [6.2572, 59.6358], [6.2526, 59.6341], [6.246, 59.6317], [6.2376, 59.6287], [6.2305, 59.6261], [6.2272, 59.6249], [6.2221, 59.623], [6.2144, 59.6206], [6.2079, 59.6187], [6.2046, 59.6176], [6.2025, 59.6178], [6.1948, 59.6182], [6.1906, 59.6185], [6.1871, 59.6187], [6.1828, 59.6181], [6.18, 59.6177], [6.1758, 59.6172], [6.1702, 59.6152], [6.1654, 59.6135], [6.1616, 59.6122], [6.1582, 59.6105], [6.1533, 59.6081], [6.1493, 59.6062], [6.1458, 59.6044], [6.1435, 59.6033], [6.1399, 59.6016], [6.1366, 59.5999], [6.1295, 59.5965], [6.126, 59.5947], [6.1212, 59.5924], [6.116, 59.5898], [6.1135, 59.5886], [6.1093, 59.5866], [6.1061, 59.585], [6.1023, 59.5832], [6.0959, 59.5802], [6.0917, 59.5782], [6.0878, 59.5763], [6.0814, 59.5759], [6.0736, 59.5754], [6.0702, 59.5752], [6.0624, 59.5748], [6.0567, 59.5744], [6.0537, 59.5742], [6.0424, 59.5717], [6.038, 59.5707], [6.032, 59.5694], [6.0283, 59.5685], [6.021, 59.5669], [6.0158, 59.5657], [6.0123, 59.5648], [6.0053, 59.5626], [5.9968, 59.56], [5.9885, 59.5574], [5.9815, 59.5553], [5.9737, 59.5529], [5.9694, 59.5516], [5.9606, 59.5489], [5.954, 59.5481], [5.949, 59.5474], [5.9428, 59.5468], [5.9354, 59.546], [5.9287, 59.546], [5.916, 59.5459], [5.9087, 59.5458], [5.8995, 59.5458], [5.8931, 59.546], [5.8926, 59.5461], [5.8871, 59.5471], [5.8866, 59.5472], [5.8856, 59.5473], [5.8787, 59.5486], [5.876, 59.549], [5.8718, 59.5498], [5.8648, 59.551], [5.8609, 59.5517], [5.856, 59.5526], [5.852, 59.552], [5.8514, 59.5517], [5.8467, 59.5488], [5.837, 59.543], [5.8317, 59.5398], [5.8268, 59.5369], [5.824, 59.5352], [5.8205, 59.5327], [5.8146, 59.5287], [5.8111, 59.5263], [5.8077, 59.5239], [5.8018, 59.5198], [5.799, 59.5179], [5.7981, 59.5173], [5.798, 59.5172], [5.7938, 59.5144], [5.7906, 59.5122], [5.7892, 59.5112], [5.787, 59.5088], [5.784, 59.5062], [5.7786, 59.5014], [5.7755, 59.4987], [5.7748, 59.4981], [5.7725, 59.496], [5.77, 59.4938], [5.76, 59.4881], [5.7522, 59.4859], [5.7489, 59.485], [5.7436, 59.4837], [5.7376, 59.4823], [5.7301, 59.4807], [5.7293, 59.4805], [5.7254, 59.4795], [5.7203, 59.4781], [5.7161, 59.477], [5.7082, 59.475], [5.7029, 59.4724], [5.6935, 59.4679], [5.6834, 59.4631], [5.6738, 59.4585], [5.6711, 59.4572], [5.667, 59.4553], [5.663, 59.4533], [5.6595, 59.4514], [5.6562, 59.4496], [5.6487, 59.4454], [5.6432, 59.4424], [5.6378, 59.4395], [5.6301, 59.4352], [5.6283, 59.4342], [5.6281, 59.4341], [5.6271, 59.4336], [5.6248, 59.4323], [5.6232, 59.4315], [5.6222, 59.431], [5.6193, 59.4295], [5.6182, 59.429], [5.6152, 59.4275], [5.6148, 59.4273], [5.6144, 59.427], [5.61, 59.4248], [5.6055, 59.4224], [5.603, 59.4211], [5.6012, 59.4202], [5.5967, 59.4182], [5.59, 59.4152], [5.5841, 59.4126], [5.5776, 59.4098], [5.573, 59.4077], [5.5681, 59.4052], [5.5635, 59.4029], [5.5581, 59.4001], [5.5534, 59.3977], [5.5475, 59.3947], [5.5415, 59.3916], [5.5345, 59.3881], [5.5297, 59.3856], [5.5249, 59.3831], [5.52, 59.3806], [5.5147, 59.3779], [5.509, 59.375], [5.5028, 59.372], [5.4979, 59.3701], [5.4949, 59.3691], [5.4937, 59.3675], [5.4949, 59.3658], [5.495, 59.3657], [5.4967, 59.3633], [5.4982, 59.3611], [5.5002, 59.3584], [5.5016, 59.3564], [5.5014, 59.3538], [5.5011, 59.3506], [5.5008, 59.3477], [5.5046, 59.3443], [5.5072, 59.342], [5.511, 59.3385], [5.5141, 59.3358], [5.5146, 59.3338], [5.5151, 59.3317], [5.5105, 59.3276], [5.5074, 59.3249], [5.5045, 59.3223], [5.5019, 59.32], [5.5001, 59.3175], [5.4998, 59.3172], [5.4978, 59.3144], [5.4997, 59.3099], [5.5004, 59.3079], [5.5021, 59.3038], [5.5033, 59.3009], [5.5048, 59.2974], [5.5061, 59.2941], [5.5075, 59.2907], [5.5072, 59.2882], [5.5067, 59.2847], [5.5064, 59.2822], [5.5062, 59.2811]]}}, {"type": "Feature", "properties": {"osm_type": "line", "voltage_kv": 132.0, "name": "Alta - Kv\u00e6nangen, L2", "avail": 0}, "geometry": {"type": "LineString", "coordinates": [[23.3743, 69.9488], [23.3757, 69.9473], [23.3769, 69.9459], [23.3786, 69.9441], [23.3803, 69.9421], [23.3821, 69.9405], [23.3835, 69.9392], [23.3852, 69.9377], [23.3869, 69.9361], [23.3827, 69.9338], [23.3779, 69.9312], [23.3751, 69.9298], [23.3715, 69.9278], [23.3675, 69.9257], [23.362, 69.9227], [23.3585, 69.9208], [23.3546, 69.9187], [23.3441, 69.9169], [23.3362, 69.9156], [23.3279, 69.9141], [23.3195, 69.9127], [23.3122, 69.9114], [23.3064, 69.9108], [23.3023, 69.9104], [23.2758, 69.9077], [23.2656, 69.9066], [23.2579, 69.9064], [23.2513, 69.9063], [23.2499, 69.9063], [23.2413, 69.9061], [23.241, 69.9061], [23.2311, 69.9059], [23.225, 69.9057], [23.2238, 69.9059]]}}, {"type": "Feature", "properties": {"osm_type": "line", "voltage_kv": 132.0, "name": "RE_132HL01_4", "avail": 9, "avail_node": "Kristiansund"}, "geometry": {"type": "LineString", "coordinates": [[7.9415, 62.998], [7.9416, 62.998], [7.9419, 62.9989], [7.9425, 63.0004], [7.9425, 63.0004], [7.9422, 63.0007], [7.9417, 63.0012], [7.9402, 63.0025], [7.94, 63.0027], [7.9398, 63.0029], [7.9398, 63.0029], [7.9398, 63.0029], [7.9389, 63.0037], [7.9388, 63.0038], [7.9383, 63.0043], [7.9383, 63.0043], [7.9383, 63.0053], [7.9383, 63.0063], [7.9382, 63.0073], [7.9382, 63.0078], [7.9382, 63.0082], [7.9378, 63.009], [7.9378, 63.009], [7.9377, 63.0094], [7.9374, 63.0099], [7.9374, 63.0099], [7.9369, 63.0102], [7.9362, 63.0106], [7.9362, 63.0106], [7.9345, 63.0115], [7.9344, 63.0115], [7.9332, 63.0122], [7.93, 63.0139], [7.9298, 63.014], [7.929, 63.0145], [7.929, 63.0145], [7.9282, 63.0149], [7.9255, 63.0164]]}}, {"type": "Feature", "properties": {"osm_type": "line", "voltage_kv": 132.0, "name": "Skogfoss - T_Melkefoss (Bj\u00f8rnevatn)", "avail": 5, "avail_node": "Melkefoss"}, "geometry": {"type": "LineString", "coordinates": [[29.6902, 69.3767], [29.6892, 69.3771], [29.6892, 69.3771], [29.6865, 69.3782], [29.6859, 69.3784], [29.6845, 69.379], [29.6837, 69.3793], [29.6833, 69.3795], [29.6816, 69.3802], [29.6807, 69.3813], [29.6797, 69.3827], [29.6789, 69.3837], [29.6779, 69.385], [29.6769, 69.3863], [29.6769, 69.3863], [29.6786, 69.387], [29.6812, 69.388], [29.6841, 69.3892], [29.6867, 69.3903], [29.6892, 69.3913], [29.692, 69.3924], [29.6948, 69.3936], [29.6975, 69.3947], [29.7003, 69.3958], [29.7033, 69.397], [29.706, 69.3981], [29.7095, 69.3995], [29.7127, 69.4008], [29.7154, 69.402], [29.7179, 69.403], [29.72, 69.4038], [29.7217, 69.4045], [29.7243, 69.4056], [29.7269, 69.4066], [29.7301, 69.4079], [29.7333, 69.4092], [29.7365, 69.4105], [29.7376, 69.411]]}}, {"type": "Feature", "properties": {"osm_type": "line", "voltage_kv": 300.0, "name": "Vik - Bl\u00e5falli", "avail": 5, "avail_node": "Opstveit"}, "geometry": {"type": "LineString", "coordinates": [[5.9867, 59.8461], [5.9881, 59.8481], [5.9932, 59.8523], [5.9993, 59.8547], [6.0015, 59.8556], [6.0037, 59.8575], [6.0063, 59.8598], [6.0074, 59.8607]]}}, {"type": "Feature", "properties": {"osm_type": "line", "voltage_kv": 300.0, "name": "Balbergskaret - F\u00e5berg", "avail": 7, "avail_node": "Mesna"}, "geometry": {"type": "LineString", "coordinates": [[10.4502, 61.1601], [10.4518, 61.1569], [10.4542, 61.1519], [10.4516, 61.1488], [10.4487, 61.1452], [10.4454, 61.1437], [10.4414, 61.1422], [10.4387, 61.1415], [10.4359, 61.1408], [10.4336, 61.1404], [10.4312, 61.1401], [10.4279, 61.1396], [10.4274, 61.1395]]}}, {"type": "Feature", "properties": {"osm_type": "line", "name": "Jord Samnanger - Fana", "avail": 10, "avail_node": "Eikelandsosen - Holsund"}, "geometry": {"type": "LineString", "coordinates": [[5.6436, 60.3547], [5.6432, 60.3548], [5.6412, 60.3549], [5.6408, 60.355]]}}, {"type": "Feature", "properties": {"osm_type": "line", "voltage_kv": 420.0, "name": "Sauda - Hylen", "avail": 1, "avail_node": "Saurdal"}, "geometry": {"type": "LineString", "coordinates": [[6.4154, 59.6675], [6.4165, 59.6668], [6.4178, 59.6659], [6.4183, 59.6656], [6.4211, 59.6636], [6.4226, 59.6624], [6.425, 59.6603], [6.4295, 59.6566], [6.431, 59.6554], [6.4333, 59.6535], [6.4372, 59.6497], [6.4365, 59.6478], [6.4357, 59.645], [6.4349, 59.6425], [6.4346, 59.6415], [6.4343, 59.6406], [6.4333, 59.6372], [6.4339, 59.6327], [6.4349, 59.6296], [6.4381, 59.6261], [6.4407, 59.6231], [6.4421, 59.6216], [6.4444, 59.6191], [6.4481, 59.615], [6.4492, 59.6138], [6.4511, 59.6118], [6.4527, 59.6099], [6.4554, 59.6075], [6.4581, 59.6051], [6.4603, 59.6031], [6.4617, 59.6019], [6.463, 59.6007], [6.4642, 59.5994], [6.4658, 59.5977], [6.4672, 59.5961], [6.4687, 59.5945], [6.4709, 59.5922], [6.4721, 59.5908], [6.4758, 59.5867], [6.4793, 59.5842], [6.4823, 59.5821], [6.4869, 59.5787], [6.4912, 59.5763], [6.4955, 59.5763], [6.5022, 59.5764], [6.5062, 59.5764], [6.5097, 59.5765], [6.5186, 59.5767], [6.5256, 59.577], [6.5357, 59.5775], [6.5388, 59.5776], [6.5452, 59.5779], [6.5517, 59.5782], [6.5578, 59.5785], [6.5607, 59.5787], [6.5677, 59.5781], [6.5701, 59.5768], [6.5737, 59.5747], [6.5765, 59.5728], [6.579, 59.5711], [6.5821, 59.5693], [6.5863, 59.5689], [6.5891, 59.5681], [6.5942, 59.5666], [6.5974, 59.5657], [6.6001, 59.5636], [6.6006, 59.5628]]}}, {"type": "Feature", "properties": {"osm_type": "line", "voltage_kv": 300.0, "name": "Stokkeland - B\u00e6rheim L2", "avail": 68, "avail_node": "H\u00e5land trafostasjon"}, "geometry": {"type": "LineString", "coordinates": [[5.7287, 58.8152], [5.7266, 58.815], [5.725, 58.8148], [5.7221, 58.8144], [5.7193, 58.8131], [5.7142, 58.8108], [5.7069, 58.8107], [5.7068, 58.8107], [5.7067, 58.8107], [5.6999, 58.8106], [5.696, 58.8133], [5.6939, 58.8147], [5.6927, 58.8156], [5.6896, 58.8177], [5.6894, 58.822], [5.69, 58.8245], [5.6911, 58.8289], [5.6921, 58.8332], [5.692, 58.8347], [5.692, 58.8364], [5.692, 58.8364], [5.6919, 58.8385], [5.6919, 58.8393], [5.6918, 58.8436], [5.6913, 58.8454], [5.6913, 58.8454], [5.691, 58.8466], [5.6898, 58.8508], [5.6888, 58.8541], [5.6877, 58.8582], [5.6863, 58.8631], [5.6874, 58.8671], [5.6883, 58.8699], [5.6896, 58.8733], [5.691, 58.877], [5.691, 58.8771], [5.6922, 58.8787], [5.6927, 58.8795], [5.6931, 58.8801]]}}, {"type": "Feature", "properties": {"osm_type": "line", "voltage_kv": 420.0, "name": "Frogner - Follo", "avail": 63, "avail_node": "Gr\u00f8nland"}, "geometry": {"type": "LineString", "coordinates": [[11.1289, 60.0045], [11.1265, 60.0044], [11.1214, 60.0044], [11.1151, 60.0044], [11.1107, 60.0043], [11.108, 60.0043], [11.1049, 60.0057], [11.1016, 60.0066], [11.0951, 60.0084], [11.0945, 60.0085], [11.0904, 60.0078], [11.0857, 60.0068], [11.0826, 60.0062], [11.076, 60.0049], [11.0726, 60.0042], [11.0702, 60.0027], [11.0688, 60.0018], [11.0682, 60.0014], [11.0681, 60.0014], [11.0667, 60.0005], [11.0634, 59.9984], [11.0595, 59.9958], [11.0556, 59.9932], [11.0525, 59.9925], [11.0492, 59.9918], [11.0444, 59.991], [11.0399, 59.9902], [11.0351, 59.9894], [11.0295, 59.9885], [11.0254, 59.9868], [11.0223, 59.9855], [11.0195, 59.9861], [11.0159, 59.987], [11.0104, 59.9867], [11.0044, 59.9865], [11.0011, 59.9854], [10.9997, 59.985], [10.9955, 59.9836], [10.994, 59.9826], [10.994, 59.9826], [10.9923, 59.9816], [10.9904, 59.9804], [10.9872, 59.9784], [10.9865, 59.9767], [10.9865, 59.9765], [10.9852, 59.9734], [10.9843, 59.971], [10.9841, 59.9706], [10.9836, 59.9692], [10.9803, 59.9671], [10.977, 59.9648], [10.9731, 59.9623], [10.9712, 59.961], [10.9665, 59.9592], [10.9633, 59.9578], [10.9586, 59.9557], [10.9513, 59.95], [10.9508, 59.9498], [10.9461, 59.9485], [10.9427, 59.9476], [10.9405, 59.9466], [10.9396, 59.9446], [10.9383, 59.9417], [10.9372, 59.9399], [10.9332, 59.9379], [10.9323, 59.937], [10.9317, 59.9365], [10.9314, 59.9361], [10.9291, 59.9347], [10.9274, 59.933], [10.9273, 59.9329], [10.9271, 59.9328], [10.9245, 59.9306], [10.9234, 59.9292], [10.9234, 59.9291], [10.9234, 59.9291], [10.9233, 59.9291], [10.9232, 59.9289], [10.923, 59.9287], [10.9217, 59.9245], [10.9213, 59.923], [10.9206, 59.921], [10.9205, 59.9188], [10.9194, 59.9165], [10.9215, 59.9149], [10.924, 59.913], [10.9266, 59.9104], [10.9319, 59.9091], [10.9344, 59.9082], [10.9356, 59.9043], [10.9365, 59.9012], [10.9376, 59.8979], [10.9385, 59.8924], [10.9389, 59.8899], [10.9398, 59.8839], [10.9404, 59.8808], [10.9413, 59.8767], [10.9419, 59.874], [10.9424, 59.8718], [10.9429, 59.8694], [10.9434, 59.867], [10.9444, 59.8628], [10.9448, 59.8609], [10.9454, 59.8556], [10.9457, 59.8532], [10.946, 59.8511], [10.943, 59.85], [10.9373, 59.8487], [10.9356, 59.8476], [10.9313, 59.8444], [10.9269, 59.8411], [10.9232, 59.8396], [10.9191, 59.838], [10.9139, 59.8378], [10.9072, 59.8375], [10.9022, 59.8372], [10.896, 59.8369], [10.8893, 59.835], [10.8846, 59.8336], [10.8775, 59.8335], [10.8748, 59.8337], [10.874, 59.8337], [10.8734, 59.8338], [10.8728, 59.8338], [10.869, 59.834], [10.8678, 59.8341], [10.8648, 59.8343], [10.8638, 59.8344], [10.8616, 59.8359], [10.859, 59.8371], [10.8541, 59.8366], [10.8492, 59.8372], [10.8454, 59.8384], [10.8437, 59.8382], [10.8437, 59.8381], [10.8405, 59.8376], [10.8385, 59.8364], [10.8398, 59.8337], [10.841, 59.8316], [10.8419, 59.8301], [10.8429, 59.8283], [10.8438, 59.8258], [10.8457, 59.8239], [10.8468, 59.8215], [10.8474, 59.8192], [10.8467, 59.8166], [10.8444, 59.8149], [10.8433, 59.8124], [10.8414, 59.8101], [10.8423, 59.8075], [10.8429, 59.8057], [10.8436, 59.8033], [10.8436, 59.801], [10.8436, 59.7981], [10.8435, 59.7957], [10.8415, 59.7916], [10.84, 59.7885], [10.84, 59.7858], [10.8399, 59.7821], [10.8399, 59.78], [10.8379, 59.7763], [10.8359, 59.7733], [10.833, 59.771], [10.8301, 59.7684], [10.8274, 59.7665], [10.8274, 59.7665], [10.8248, 59.7644], [10.8224, 59.7629], [10.8162, 59.7617], [10.8114, 59.761], [10.8092, 59.7607], [10.8037, 59.7598], [10.8037, 59.7596], [10.8037, 59.7596], [10.8029, 59.7567], [10.8023, 59.7539], [10.8018, 59.7512], [10.7997, 59.7472], [10.7991, 59.7468], [10.7989, 59.7467], [10.7988, 59.7466], [10.7987, 59.7465], [10.7984, 59.7464], [10.7977, 59.7459], [10.7962, 59.743], [10.7953, 59.7412], [10.7947, 59.7401], [10.7944, 59.7394], [10.7933, 59.7371], [10.7922, 59.7348], [10.7912, 59.7329], [10.7894, 59.7305], [10.7876, 59.7301]]}}, {"type": "Feature", "properties": {"osm_type": "line", "voltage_kv": 132.0, "name": "Kvitnes - Kilbotn", "avail": 22, "avail_node": "Bolt\u00e5s"}, "geometry": {"type": "LineString", "coordinates": [[16.5914, 68.631], [16.5902, 68.6314], [16.5792, 68.634], [16.569, 68.6365], [16.5685, 68.6369], [16.5665, 68.6384], [16.5651, 68.6394], [16.5618, 68.6418], [16.5564, 68.6458], [16.5535, 68.6479], [16.5515, 68.6502], [16.5499, 68.6519], [16.5468, 68.6554], [16.5456, 68.6567], [16.5416, 68.6591], [16.539, 68.6607], [16.5338, 68.6638], [16.5308, 68.6656], [16.5255, 68.6688], [16.5203, 68.6719], [16.5195, 68.6747], [16.5186, 68.6787], [16.5186, 68.6795], [16.5185, 68.6798], [16.5185, 68.68], [16.5184, 68.6824], [16.5183, 68.6854], [16.5182, 68.6877], [16.5182, 68.688], [16.5181, 68.6907], [16.5179, 68.6933], [16.5179, 68.695], [16.5165, 68.698], [16.5149, 68.7015], [16.5139, 68.7037], [16.5121, 68.7075], [16.5109, 68.71], [16.5098, 68.7123]]}}, {"type": "Feature", "properties": {"osm_type": "line", "voltage_kv": 132.0, "name": "Straumsmo - T_Langskr\u00e5bakken (Bardufoss, L2)", "avail": 1, "avail_node": "Bardu"}, "geometry": {"type": "LineString", "coordinates": [[18.6517, 68.7407], [18.651, 68.7406], [18.6482, 68.7399], [18.6425, 68.7397], [18.6356, 68.7405], [18.6318, 68.741], [18.6296, 68.7413], [18.6275, 68.7415], [18.6221, 68.7432], [18.6176, 68.7448], [18.6138, 68.7461], [18.6062, 68.7488], [18.6018, 68.7504], [18.5972, 68.7523], [18.5956, 68.7538], [18.5932, 68.7559], [18.5896, 68.7591], [18.5851, 68.7623], [18.5849, 68.7624], [18.5795, 68.7663], [18.5756, 68.7692], [18.5699, 68.7733], [18.5679, 68.7747], [18.5656, 68.7763], [18.5656, 68.7763], [18.5646, 68.7782], [18.5628, 68.7816], [18.5613, 68.7843], [18.5606, 68.7863], [18.5597, 68.7891], [18.5588, 68.7919], [18.5578, 68.7951], [18.5565, 68.7961], [18.5517, 68.8002], [18.5493, 68.8021], [18.5455, 68.8053], [18.5451, 68.8056], [18.5414, 68.8086], [18.5368, 68.8104], [18.5362, 68.8106], [18.5305, 68.8128], [18.5237, 68.8154], [18.5168, 68.818], [18.5095, 68.8208], [18.5047, 68.8226], [18.5029, 68.8233], [18.5027, 68.8234], [18.4979, 68.8252], [18.4967, 68.826], [18.4936, 68.828], [18.4894, 68.8309], [18.4869, 68.8325], [18.4835, 68.8347], [18.4791, 68.8377], [18.4756, 68.84], [18.4712, 68.8429], [18.4648, 68.8472], [18.4615, 68.8493], [18.4601, 68.8502], [18.4596, 68.8506], [18.4553, 68.8544], [18.4513, 68.8579], [18.4491, 68.8599], [18.4483, 68.8607], [18.4463, 68.8626], [18.4446, 68.8643], [18.4393, 68.8695], [18.4385, 68.8703], [18.4366, 68.8722], [18.4342, 68.8746], [18.432, 68.8767], [18.431, 68.8778], [18.4284, 68.8802], [18.4272, 68.8815]]}}, {"type": "Feature", "properties": {"osm_type": "line", "voltage_kv": 420.0, "name": "Kristiansand - Brokke", "avail": 12, "avail_node": "VEGUSDAL"}, "geometry": {"type": "LineString", "coordinates": [[7.9024, 58.262], [7.9022, 58.2628], [7.902, 58.2645], [7.9018, 58.2657], [7.9014, 58.2685], [7.9047, 58.2711], [7.9079, 58.2725], [7.9127, 58.2748], [7.9162, 58.2765], [7.9209, 58.2788], [7.9255, 58.2811], [7.9303, 58.2833], [7.9363, 58.2861], [7.9394, 58.2876], [7.9472, 58.2936], [7.9493, 58.2952], [7.953, 58.298], [7.955, 58.2995], [7.9571, 58.3011], [7.9609, 58.304], [7.9629, 58.3055], [7.9686, 58.3099], [7.969, 58.3102], [7.9699, 58.3109], [7.9751, 58.3149], [7.9786, 58.3175], [7.9862, 58.3191], [7.9899, 58.3199], [7.9955, 58.3209], [7.9991, 58.3216], [8.0053, 58.3227], [8.0095, 58.3234], [8.0135, 58.3241], [8.0143, 58.3242], [8.0177, 58.3248], [8.0203, 58.3253], [8.024, 58.326], [8.0308, 58.3273], [8.0355, 58.3282], [8.0402, 58.3292], [8.0465, 58.3304], [8.0543, 58.332], [8.0616, 58.3334], [8.0664, 58.3342], [8.072, 58.3352], [8.0756, 58.3358], [8.0805, 58.3366], [8.0858, 58.3375], [8.0884, 58.3379], [8.091, 58.3388], [8.0961, 58.3405], [8.1013, 58.3422], [8.105, 58.3449], [8.1088, 58.3478], [8.1118, 58.3501], [8.1144, 58.352], [8.1172, 58.3542], [8.1178, 58.3546], [8.1199, 58.3562], [8.1227, 58.3583], [8.1264, 58.3611], [8.1292, 58.3632], [8.1319, 58.3652], [8.1343, 58.3671], [8.1377, 58.3696], [8.1401, 58.3714], [8.1428, 58.3734], [8.1463, 58.3761], [8.1495, 58.3785], [8.1521, 58.3805], [8.1555, 58.383], [8.1596, 58.3862], [8.1642, 58.3899], [8.1679, 58.3924], [8.1709, 58.3947], [8.1743, 58.3972], [8.1767, 58.399], [8.1777, 58.4006], [8.1793, 58.4031], [8.1806, 58.4051], [8.1822, 58.4077], [8.1836, 58.4097], [8.1836, 58.4114], [8.1836, 58.4144], [8.1836, 58.4181], [8.1836, 58.4208], [8.1836, 58.4264], [8.1836, 58.4289], [8.1836, 58.4349], [8.1836, 58.4377], [8.1837, 58.4405], [8.1837, 58.4426], [8.1837, 58.4452], [8.1837, 58.4481], [8.1837, 58.4514], [8.1837, 58.4556], [8.1837, 58.4579], [8.1837, 58.4605], [8.1837, 58.4639], [8.1824, 58.4685], [8.1819, 58.4706], [8.1815, 58.4738], [8.1811, 58.477], [8.1808, 58.48], [8.1801, 58.486], [8.1796, 58.4901], [8.1799, 58.4943], [8.1801, 58.4969], [8.1803, 58.4992], [8.1804, 58.5014], [8.1806, 58.5038], [8.1808, 58.5066], [8.1813, 58.5091], [8.1823, 58.5134], [8.1831, 58.5169], [8.1838, 58.5198], [8.1835, 58.5226], [8.1831, 58.5267], [8.1828, 58.5297], [8.1826, 58.5322], [8.1823, 58.5352], [8.1819, 58.5391], [8.1818, 58.5398], [8.1816, 58.5423], [8.1812, 58.5461], [8.1811, 58.5467], [8.1809, 58.5489], [8.1806, 58.5525], [8.1803, 58.5553], [8.177, 58.5587], [8.1742, 58.5616], [8.1715, 58.5643], [8.1683, 58.5676], [8.1665, 58.5693], [8.1646, 58.5713], [8.1621, 58.5738], [8.1593, 58.5767], [8.1582, 58.5778], [8.1577, 58.5783], [8.1549, 58.5811], [8.1534, 58.5827], [8.1519, 58.5842], [8.1506, 58.5855], [8.1483, 58.5879], [8.1472, 58.5894], [8.1453, 58.5921], [8.1433, 58.595], [8.1413, 58.5979], [8.1393, 58.6008], [8.138, 58.6026], [8.1362, 58.6052], [8.135, 58.6069], [8.1327, 58.6093], [8.1295, 58.6128], [8.1281, 58.6142], [8.1279, 58.6144], [8.1281, 58.6166], [8.1283, 58.6174], [8.1286, 58.6188], [8.1291, 58.6224], [8.1295, 58.6258], [8.1299, 58.6291], [8.1304, 58.6328], [8.1281, 58.6353], [8.1249, 58.6389], [8.1221, 58.6419], [8.117, 58.644], [8.1096, 58.6468], [8.1077, 58.6501], [8.106, 58.6529], [8.1048, 58.655], [8.1026, 58.6588], [8.1017, 58.6604], [8.0995, 58.6642], [8.0974, 58.6675], [8.0959, 58.67], [8.0938, 58.6737], [8.0927, 58.6755], [8.0917, 58.678], [8.0899, 58.6821], [8.0884, 58.6856], [8.0872, 58.6884], [8.0858, 58.6916], [8.0851, 58.6935], [8.0843, 58.6953], [8.0844, 58.697], [8.0846, 58.6999], [8.0847, 58.7026], [8.0849, 58.7057], [8.0851, 58.7088], [8.0853, 58.712], [8.0855, 58.7145], [8.0855, 58.7162], [8.0857, 58.7187], [8.0858, 58.7206], [8.086, 58.724], [8.0862, 58.7279], [8.0866, 58.7299], [8.0875, 58.7347], [8.0881, 58.7383], [8.0889, 58.7426], [8.0896, 58.7465], [8.0902, 58.7501], [8.0906, 58.7522], [8.0909, 58.7539], [8.0917, 58.7572], [8.089, 58.7608], [8.0875, 58.7633], [8.0855, 58.7666], [8.0845, 58.7682], [8.0824, 58.7718], [8.0804, 58.7752], [8.0789, 58.7778], [8.0776, 58.7801], [8.0758, 58.783], [8.0739, 58.7863], [8.0718, 58.79], [8.068, 58.7942], [8.0661, 58.7964], [8.0625, 58.7991], [8.0597, 58.8012], [8.0561, 58.8039], [8.0536, 58.8057], [8.0495, 58.8088], [8.0473, 58.8104], [8.042, 58.8143], [8.0389, 58.8167], [8.0364, 58.8185], [8.0327, 58.8211], [8.0323, 58.8213], [8.0299, 58.823], [8.0267, 58.8251], [8.0241, 58.8269], [8.0217, 58.8286], [8.0189, 58.8304], [8.0161, 58.8324], [8.0133, 58.8344], [8.0102, 58.8365], [8.0069, 58.8387], [8.0052, 58.8399], [8.0049, 58.8401], [8.0024, 58.8418], [7.9995, 58.8435], [7.9968, 58.8452], [7.9941, 58.8467], [7.9908, 58.8486], [7.9872, 58.8504], [7.9842, 58.852], [7.9799, 58.8542], [7.977, 58.8557], [7.9729, 58.8579], [7.97, 58.8594], [7.9648, 58.8621], [7.9618, 58.8636], [7.9569, 58.8662], [7.9542, 58.8676], [7.9506, 58.8695], [7.9463, 58.8717], [7.9438, 58.873], [7.9402, 58.8749], [7.937, 58.8765], [7.9312, 58.879], [7.9274, 58.8803], [7.922, 58.882], [7.9166, 58.8837], [7.9117, 58.8853], [7.9063, 58.8872], [7.9005, 58.8893], [7.8958, 58.891], [7.8921, 58.8923], [7.8906, 58.8924], [7.8832, 58.8931], [7.8786, 58.8935], [7.8747, 58.8938], [7.8672, 58.8945], [7.8595, 58.8969], [7.8528, 58.8989], [7.8467, 58.9008], [7.8457, 58.9021], [7.8448, 58.9033], [7.8424, 58.9065], [7.8373, 58.908], [7.832, 58.9096], [7.8282, 58.9108], [7.8246, 58.9121], [7.8188, 58.9142], [7.8166, 58.9149], [7.8132, 58.9161], [7.8095, 58.9174], [7.805, 58.9191], [7.805, 58.922], [7.805, 58.9251], [7.805, 58.9268], [7.8049, 58.9296], [7.8049, 58.9335], [7.804, 58.9351], [7.8032, 58.9368], [7.8016, 58.9383], [7.7989, 58.9411], [7.7963, 58.9437], [7.7934, 58.9467], [7.7894, 58.9507], [7.7862, 58.9539], [7.7842, 58.9559], [7.7831, 58.9562], [7.7758, 58.9584], [7.772, 58.9604], [7.7686, 58.9622], [7.7657, 58.9637], [7.7602, 58.9665], [7.7575, 58.9674], [7.7538, 58.9686], [7.748, 58.9705], [7.7439, 58.9719], [7.7414, 58.9727], [7.7376, 58.9741], [7.7343, 58.9754], [7.7295, 58.9771], [7.723, 58.98], [7.7185, 58.982], [7.7154, 58.9834], [7.7125, 58.9847], [7.7054, 58.9878], [7.7021, 58.9893], [7.6986, 58.9908], [7.6942, 58.9928], [7.6933, 58.9932], [7.6931, 58.9933], [7.6928, 58.9934], [7.6906, 58.9944], [7.6879, 58.996], [7.6845, 58.9988], [7.6821, 59.0006], [7.6807, 59.0018], [7.6788, 59.0033], [7.6753, 59.0061], [7.6723, 59.0085], [7.6687, 59.0114], [7.6659, 59.0137], [7.663, 59.016], [7.6606, 59.0179], [7.6582, 59.0214], [7.6567, 59.0236], [7.6555, 59.0253], [7.654, 59.0275], [7.6517, 59.0309], [7.65, 59.0333], [7.6483, 59.0358], [7.6465, 59.0383], [7.6454, 59.04], [7.6435, 59.0427], [7.6422, 59.0437], [7.6394, 59.0458], [7.6353, 59.0489], [7.6327, 59.0508], [7.6296, 59.0532], [7.6279, 59.0544], [7.6244, 59.058], [7.6221, 59.0604], [7.6189, 59.0636], [7.6159, 59.0667], [7.6134, 59.0693], [7.612, 59.0707], [7.6105, 59.0722], [7.6078, 59.075], [7.6058, 59.0771], [7.6021, 59.0806], [7.6001, 59.0825], [7.5955, 59.0866], [7.5935, 59.0884], [7.5906, 59.0909], [7.5897, 59.0932], [7.5887, 59.0959], [7.5863, 59.0996], [7.5843, 59.1028], [7.5824, 59.1058], [7.5801, 59.1094], [7.5779, 59.1128], [7.575, 59.1162], [7.5668, 59.1175], [7.5589, 59.1178], [7.5545, 59.1179], [7.5496, 59.1185], [7.5408, 59.1196], [7.537, 59.1201], [7.5325, 59.1207], [7.5275, 59.1213], [7.5241, 59.1217], [7.517, 59.1226], [7.5161, 59.1227]]}}, {"type": "Feature", "properties": {"osm_type": "line", "voltage_kv": 420.0, "name": "Hylen - Saurdal", "avail": 1, "avail_node": "Saurdal"}, "geometry": {"type": "LineString", "coordinates": [[6.6003, 59.5574], [6.5984, 59.555], [6.5977, 59.5538], [6.597, 59.5523], [6.5957, 59.5497], [6.5943, 59.5473], [6.5912, 59.542], [6.5907, 59.5411], [6.5897, 59.5388], [6.5891, 59.5375], [6.5887, 59.5365], [6.5872, 59.5354], [6.584, 59.533], [6.5778, 59.5283], [6.5737, 59.5245], [6.5728, 59.5221], [6.5715, 59.5186], [6.5711, 59.5174], [6.5702, 59.5149], [6.5693, 59.5125], [6.5683, 59.5098], [6.5689, 59.507], [6.5676, 59.5027], [6.567, 59.5008], [6.5667, 59.4999], [6.5659, 59.4971], [6.5651, 59.4934], [6.5642, 59.4912], [6.5622, 59.4869], [6.5606, 59.4827], [6.5584, 59.4761], [6.5576, 59.4754], [6.5579, 59.4742], [6.5594, 59.4742], [6.5619, 59.474], [6.5713, 59.4736], [6.5765, 59.474], [6.5859, 59.4748], [6.5926, 59.4753], [6.5966, 59.4757], [6.6025, 59.4761], [6.6062, 59.4764], [6.6102, 59.4768], [6.6138, 59.4771], [6.6186, 59.4775], [6.6264, 59.4786], [6.6316, 59.4794], [6.635, 59.4799], [6.64, 59.4806], [6.645, 59.4813], [6.6498, 59.4821], [6.6545, 59.4821], [6.6571, 59.482], [6.6582, 59.482], [6.6666, 59.4843]]}}, {"type": "Feature", "properties": {"osm_type": "line", "voltage_kv": 132.0, "name": "RE_132HL04_2", "avail": 0}, "geometry": {"type": "LineString", "coordinates": [[8.7232, 63.195], [8.7219, 63.1841]]}}, {"type": "Feature", "properties": {"osm_type": "line", "voltage_kv": 132.0, "name": "M 132 MOSKOG - H\u00d8YANGER (MIDLERTIDIG)", "avail": 0}, "geometry": {"type": "LineString", "coordinates": [[6.1739, 61.267], [6.1734, 61.2667], [6.1514, 61.2552], [6.1475, 61.2531], [6.1251, 61.2494], [6.1229, 61.2491], [6.1191, 61.2487], [6.0904, 61.2452], [6.088, 61.2434], [6.0879, 61.2433], [6.0724, 61.2318], [6.0693, 61.2295], [6.0678, 61.2284], [6.0678, 61.2283], [6.0676, 61.2282], [6.0663, 61.2257], [6.0662, 61.2255], [6.0654, 61.2239], [6.0663, 61.2221], [6.0663, 61.2221], [6.0663, 61.2221], [6.0663, 61.2221], [6.068, 61.2214]]}}, {"type": "Feature", "properties": {"osm_type": "line", "voltage_kv": 132.0, "name": "M 132 MOSKOG - H\u00d8YANGER (MIDLERTIDIG)", "avail": 0}, "geometry": {"type": "LineString", "coordinates": [[6.0666, 61.2201], [6.0642, 61.2191], [6.0639, 61.2188], [6.0646, 61.218]]}}, {"type": "Feature", "properties": {"osm_type": "line", "name": "\u00d8", "avail": 10, "avail_node": "\u00d8VRE LEIRFOSS"}, "geometry": {"type": "LineString", "coordinates": [[10.4198, 63.281], [10.4199, 63.2784], [10.4193, 63.2807], [10.4196, 63.2827], [10.4199, 63.2842]]}}, {"type": "Feature", "properties": {"osm_type": "line", "voltage_kv": 145.0, "name": "132 LUNDEN-LEIVDAL", "avail": 0}, "geometry": {"type": "LineString", "coordinates": [[6.0043, 61.9095], [6.0067, 61.9132], [6.0164, 61.916], [6.0183, 61.9165], [6.0206, 61.9172], [6.0316, 61.918], [6.0325, 61.918], [6.0385, 61.9194], [6.0588, 61.9199], [6.0697, 61.9207], [6.078, 61.9229], [6.0803, 61.9236], [6.0913, 61.9266], [6.0986, 61.9285], [6.1155, 61.9312], [6.1218, 61.9331], [6.1222, 61.9332], [6.1237, 61.9333]]}}, {"type": "Feature", "properties": {"osm_type": "line", "voltage_kv": 145.0, "name": "132 LUNDEN-LEIVDAL", "avail": 0}, "geometry": {"type": "LineString", "coordinates": [[5.8035, 61.8419], [5.8068, 61.8416], [5.8105, 61.8418], [5.8138, 61.842], [5.8208, 61.8431], [5.822, 61.8434], [5.8236, 61.8439], [5.8257, 61.8444], [5.8281, 61.845], [5.8345, 61.8465], [5.8356, 61.8467], [5.8385, 61.8475], [5.8456, 61.8494], [5.8478, 61.85], [5.8501, 61.8505], [5.853, 61.8509], [5.8531, 61.8509], [5.8532, 61.8509], [5.8563, 61.8513], [5.8565, 61.8513], [5.8566, 61.8514], [5.8565, 61.8513], [5.8565, 61.8513], [5.8565, 61.8513], [5.8565, 61.8513], [5.8564, 61.8513], [5.8564, 61.8514], [5.8461, 61.8597], [5.8363, 61.8677], [5.8363, 61.8677], [5.8364, 61.8673], [5.8363, 61.8677], [5.8363, 61.8677], [5.8362, 61.8679], [5.8424, 61.8694], [5.8444, 61.8701], [5.8487, 61.8725], [5.8556, 61.875], [5.8594, 61.8756], [5.8635, 61.8756], [5.8672, 61.8753], [5.8739, 61.8762], [5.8783, 61.8768], [5.8802, 61.8775], [5.8941, 61.8837], [5.8978, 61.8854], [5.9077, 61.8898], [5.9079, 61.8899], [5.9084, 61.8901], [5.9085, 61.8901], [5.9086, 61.8902], [5.9087, 61.8902], [5.9093, 61.8905], [5.9115, 61.8914], [5.9407, 61.8954], [5.9415, 61.8955], [5.9611, 61.8982], [5.9756, 61.8982], [5.9868, 61.8992], [5.9949, 61.8996], [6.0033, 61.9022], [6.0036, 61.9033], [6.0043, 61.9063], [6.0044, 61.9063], [6.0046, 61.9078], [6.0045, 61.9079]]}}, {"type": "Feature", "properties": {"osm_type": "line", "voltage_kv": 145.0, "name": "132 LUNDEN-LEIVDAL", "avail": 0}, "geometry": {"type": "LineString", "coordinates": [[5.7967, 61.8429], [5.7995, 61.8425], [5.7999, 61.8424]]}}, {"type": "Feature", "properties": {"osm_type": "line", "voltage_kv": 420.0, "name": "Dagali - Ringerike", "avail": 4, "avail_node": "Nore I"}, "geometry": {"type": "LineString", "coordinates": [[8.583, 60.4372], [8.5868, 60.4371], [8.591, 60.4363], [8.5961, 60.4354], [8.5999, 60.4347], [8.6046, 60.4338], [8.6107, 60.4326], [8.615, 60.4323], [8.6188, 60.4322], [8.624, 60.4319], [8.6304, 60.4315], [8.6363, 60.4312], [8.6426, 60.4309], [8.6494, 60.4305], [8.6553, 60.4292], [8.661, 60.428], [8.6674, 60.4266], [8.6724, 60.4255], [8.6761, 60.4247], [8.68, 60.4238], [8.6849, 60.4228], [8.6885, 60.422], [8.6936, 60.4209], [8.6977, 60.4192], [8.7009, 60.4178], [8.7043, 60.4164], [8.7077, 60.415], [8.7114, 60.4135], [8.7157, 60.4117], [8.7215, 60.4093], [8.7256, 60.4076], [8.7304, 60.4056], [8.7353, 60.4036], [8.7415, 60.401], [8.7457, 60.3993], [8.75, 60.3975], [8.7545, 60.3956], [8.7579, 60.3942], [8.7619, 60.3926], [8.7641, 60.3917], [8.7662, 60.3896], [8.7688, 60.3871], [8.7712, 60.3849], [8.7741, 60.3821], [8.7769, 60.3795], [8.7785, 60.3779], [8.7826, 60.3758], [8.7869, 60.3736], [8.7905, 60.3717], [8.7941, 60.3698], [8.7971, 60.3683], [8.8001, 60.3667], [8.8026, 60.3654], [8.8052, 60.3641], [8.8081, 60.3626], [8.811, 60.3611], [8.8138, 60.3597], [8.8164, 60.3583], [8.8191, 60.3569], [8.8218, 60.3554], [8.8241, 60.3542], [8.8274, 60.3523], [8.8305, 60.3506], [8.8333, 60.349], [8.8364, 60.3472], [8.8397, 60.3452], [8.8427, 60.3434], [8.8469, 60.3409], [8.8505, 60.3387], [8.8544, 60.3364], [8.8582, 60.3341], [8.863, 60.3313], [8.8676, 60.3285], [8.871, 60.3265], [8.8715, 60.3242], [8.8721, 60.3208], [8.8726, 60.3179], [8.8732, 60.3149], [8.8735, 60.3133], [8.8752, 60.3114], [8.8771, 60.3093], [8.8792, 60.3071], [8.881, 60.3054], [8.8849, 60.3034], [8.8877, 60.3021], [8.8911, 60.3006], [8.8937, 60.2995], [8.8999, 60.297], [8.9074, 60.2932], [8.9117, 60.291], [8.9169, 60.2892], [8.9221, 60.2875], [8.9284, 60.2853], [8.9335, 60.2835], [8.9365, 60.2825], [8.944, 60.2801], [8.9536, 60.277], [8.9553, 60.2755], [8.9596, 60.2718], [8.9606, 60.2696]]}}, {"type": "Feature", "properties": {"osm_type": "line", "voltage_kv": 420.0, "name": "Dagali - Ringerike", "avail": 7, "avail_node": "Sandum"}, "geometry": {"type": "LineString", "coordinates": [[8.9644, 60.2641], [8.9646, 60.2638], [8.9663, 60.2627], [8.9705, 60.2607], [8.9755, 60.2595], [8.9807, 60.2581], [8.9862, 60.2567], [8.9938, 60.2541], [8.997, 60.2534], [9.0025, 60.2522], [9.007, 60.2514], [9.0119, 60.2506], [9.0212, 60.2483], [9.0295, 60.2463], [9.0327, 60.2455], [9.0395, 60.2452], [9.045, 60.245], [9.0484, 60.2449], [9.0516, 60.2447], [9.0518, 60.2447], [9.0518, 60.2447], [9.0577, 60.2445], [9.0652, 60.2444], [9.072, 60.2442], [9.0792, 60.2441], [9.0863, 60.244], [9.089, 60.2439], [9.0966, 60.2438], [9.1002, 60.2437], [9.1062, 60.2436], [9.11, 60.2435], [9.1154, 60.2434], [9.1234, 60.2432], [9.1268, 60.2431], [9.1376, 60.2429], [9.1438, 60.2422], [9.1473, 60.2418], [9.1515, 60.2413], [9.1573, 60.2406], [9.1614, 60.2401], [9.1661, 60.2396], [9.172, 60.2389], [9.1793, 60.238], [9.1826, 60.238], [9.1881, 60.2381], [9.1926, 60.2381], [9.1999, 60.2382], [9.2052, 60.2382], [9.2097, 60.2383], [9.2169, 60.2384], [9.2228, 60.2384], [9.2271, 60.2384], [9.228, 60.2384], [9.2303, 60.2384], [9.2369, 60.2385], [9.2432, 60.2385], [9.2465, 60.2385], [9.2532, 60.2385], [9.2579, 60.2385], [9.2623, 60.2385], [9.2671, 60.2385], [9.2716, 60.2387], [9.2755, 60.2389], [9.2798, 60.2391], [9.2868, 60.2394], [9.2932, 60.2397], [9.3006, 60.24], [9.3046, 60.2402], [9.312, 60.2405], [9.3188, 60.2398], [9.325, 60.2391], [9.3266, 60.2389], [9.3297, 60.2386], [9.3356, 60.238], [9.3438, 60.2371], [9.3514, 60.2362], [9.3592, 60.2354], [9.3608, 60.2352], [9.3645, 60.2348], [9.3674, 60.2345], [9.3753, 60.2336], [9.3827, 60.2328], [9.3873, 60.2323], [9.3903, 60.232], [9.3951, 60.2315], [9.4025, 60.2307], [9.4069, 60.2302], [9.4124, 60.2297], [9.4177, 60.2292], [9.4237, 60.2287], [9.4269, 60.2284], [9.4361, 60.2276], [9.4433, 60.227], [9.4468, 60.2267], [9.452, 60.2262], [9.4601, 60.2252], [9.4649, 60.2246], [9.4721, 60.2237], [9.4763, 60.2231], [9.481, 60.2225], [9.4898, 60.2214], [9.4943, 60.2208], [9.4989, 60.2204], [9.5038, 60.22], [9.51, 60.2195], [9.516, 60.2189], [9.5221, 60.2184], [9.524, 60.2182], [9.5322, 60.2175], [9.5367, 60.2171], [9.5373, 60.2171], [9.544, 60.2171], [9.5511, 60.217], [9.5562, 60.2169], [9.5612, 60.2166], [9.5666, 60.2162], [9.5673, 60.2161], [9.5712, 60.2157], [9.5756, 60.2152], [9.5795, 60.2148], [9.5837, 60.2158], [9.5917, 60.2177], [9.599, 60.2194], [9.6072, 60.2205], [9.6095, 60.2208], [9.6275, 60.2232], [9.6339, 60.2237], [9.6342, 60.2237], [9.639, 60.2233], [9.6446, 60.2227], [9.6536, 60.2219], [9.6589, 60.2214], [9.6653, 60.2207], [9.6693, 60.2203], [9.6756, 60.2197], [9.679, 60.2194], [9.686, 60.2187], [9.6944, 60.2179], [9.7026, 60.217], [9.706, 60.2167], [9.7134, 60.216], [9.7237, 60.2149], [9.7248, 60.2148], [9.7291, 60.2145], [9.7353, 60.214], [9.7412, 60.2135], [9.7449, 60.2133], [9.7529, 60.2126], [9.7576, 60.2123], [9.7661, 60.2116], [9.7704, 60.2113], [9.7756, 60.2109], [9.782, 60.2104], [9.7886, 60.2098], [9.7966, 60.2092], [9.8029, 60.2087], [9.8081, 60.2083], [9.8143, 60.2084], [9.8206, 60.2085], [9.829, 60.2086], [9.837, 60.2088], [9.8404, 60.2088], [9.8489, 60.2089], [9.8582, 60.2091], [9.8615, 60.2091], [9.8696, 60.2093], [9.8736, 60.2093], [9.8828, 60.2095], [9.888, 60.2096], [9.8925, 60.2096], [9.9009, 60.2098], [9.906, 60.2098], [9.9118, 60.2099], [9.9173, 60.21], [9.9241, 60.2101], [9.9283, 60.2102], [9.934, 60.2103], [9.9404, 60.2095], [9.9456, 60.2089], [9.9529, 60.2079], [9.9595, 60.2071], [9.9638, 60.2066], [9.9707, 60.2057], [9.9766, 60.2055], [9.9832, 60.2054], [9.9897, 60.2051], [9.9958, 60.2048], [10.0031, 60.2044], [10.0114, 60.2041], [10.0186, 60.2041], [10.025, 60.2041], [10.0323, 60.2041], [10.0387, 60.2041], [10.0438, 60.2041], [10.0491, 60.2037], [10.0549, 60.2032], [10.0604, 60.2028], [10.0656, 60.2024], [10.0724, 60.2018], [10.0766, 60.2015], [10.0816, 60.201], [10.0887, 60.2004], [10.0949, 60.1998], [10.1005, 60.1997], [10.1068, 60.1995], [10.1162, 60.199], [10.1218, 60.1984], [10.1256, 60.1975], [10.1268, 60.1971], [10.1324, 60.1957], [10.1393, 60.1939], [10.1458, 60.1922], [10.1529, 60.1903], [10.1561, 60.1882], [10.1609, 60.185], [10.1641, 60.1828], [10.1672, 60.1807], [10.1704, 60.1798], [10.1752, 60.1783], [10.1799, 60.1769], [10.1858, 60.175], [10.1917, 60.1731], [10.193, 60.1727], [10.1965, 60.1715], [10.1999, 60.1701]]}}, {"type": "Feature", "properties": {"osm_type": "line", "voltage_kv": 300.0, "name": "Dale 2 T1 - Dale luftledning", "avail": 0}, "geometry": {"type": "LineString", "coordinates": [[5.8172, 60.5805], [5.8194, 60.5804]]}}, {"type": "Feature", "properties": {"osm_type": "line", "voltage_kv": 132.0, "name": "Kilbotn - T_Gr\u00e5heia (Hinn\u00f8y)", "avail": 13, "avail_node": "Medkila"}, "geometry": {"type": "LineString", "coordinates": [[16.5015, 68.716], [16.493, 68.7169], [16.4843, 68.7178], [16.4758, 68.7187], [16.4668, 68.7197], [16.4552, 68.7209], [16.4514, 68.7213], [16.4417, 68.7221], [16.4327, 68.7228], [16.4279, 68.7229], [16.4185, 68.7232], [16.4082, 68.7221], [16.4001, 68.7213], [16.3951, 68.7208], [16.384, 68.7196], [16.3794, 68.7192]]}}, {"type": "Feature", "properties": {"osm_type": "line", "voltage_kv": 300.0, "name": "Eidum - Verdal", "avail": 9, "avail_node": "Verdal"}, "geometry": {"type": "LineString", "coordinates": [[11.0093, 63.4495], [11.0114, 63.4518], [11.0131, 63.4537], [11.0197, 63.4559], [11.0209, 63.4562], [11.0275, 63.4584], [11.0352, 63.4608], [11.0405, 63.4625], [11.0442, 63.4646], [11.0477, 63.4666], [11.0501, 63.4679], [11.0505, 63.4682], [11.0516, 63.4688], [11.0556, 63.4708], [11.0631, 63.4745], [11.0685, 63.4772], [11.0728, 63.4794], [11.0807, 63.4833], [11.0859, 63.4859], [11.0899, 63.4879], [11.0958, 63.4914], [11.1012, 63.4945], [11.1056, 63.4971], [11.1102, 63.4998], [11.1133, 63.5015], [11.1186, 63.5032], [11.1187, 63.5032], [11.1189, 63.5033], [11.1199, 63.5036], [11.1253, 63.5053], [11.129, 63.5074], [11.1337, 63.51], [11.1383, 63.5126], [11.1445, 63.516], [11.151, 63.5196], [11.1522, 63.5204], [11.1526, 63.5206], [11.1569, 63.5232], [11.1593, 63.5247], [11.1683, 63.5302], [11.1772, 63.5356], [11.183, 63.5391], [11.1879, 63.5421], [11.1929, 63.5452], [11.1958, 63.5469], [11.2002, 63.5496], [11.2057, 63.5529], [11.2132, 63.5575], [11.2167, 63.5596], [11.2243, 63.5643], [11.2297, 63.5675], [11.2357, 63.5712], [11.2403, 63.574], [11.2448, 63.5768], [11.2492, 63.5794], [11.2549, 63.5829], [11.2597, 63.5859], [11.2668, 63.5904], [11.2711, 63.5932], [11.2748, 63.5956], [11.2819, 63.6002], [11.2866, 63.6033], [11.2909, 63.6042], [11.3033, 63.607], [11.3108, 63.6087], [11.3156, 63.6098], [11.3204, 63.6109], [11.3273, 63.6124], [11.3436, 63.6162], [11.3491, 63.6174], [11.3504, 63.6177], [11.3543, 63.6186], [11.3641, 63.6208], [11.3676, 63.6233], [11.3725, 63.6268], [11.377, 63.6302], [11.3829, 63.6344], [11.388, 63.6381], [11.3926, 63.6414], [11.397, 63.6446], [11.4007, 63.6473], [11.4051, 63.6505], [11.4084, 63.6528], [11.4134, 63.6564], [11.417, 63.659], [11.4226, 63.6631], [11.428, 63.6669], [11.434, 63.6712], [11.4394, 63.6751], [11.4438, 63.6783], [11.4482, 63.6814], [11.4534, 63.6855], [11.4594, 63.6902], [11.4606, 63.6912], [11.4621, 63.6923], [11.4624, 63.6925], [11.4641, 63.6939], [11.4657, 63.6951], [11.4682, 63.6983], [11.471, 63.7017], [11.4737, 63.705], [11.4771, 63.7091], [11.4798, 63.7124], [11.4826, 63.7158], [11.4851, 63.7188], [11.4871, 63.7213], [11.4894, 63.7241], [11.4908, 63.7258], [11.491, 63.726], [11.4929, 63.7283], [11.4955, 63.7315], [11.498, 63.7346], [11.4987, 63.7378], [11.4994, 63.7407], [11.5001, 63.744], [11.501, 63.7483], [11.5011, 63.7489], [11.5012, 63.7493], [11.5014, 63.7505]]}}, {"type": "Feature", "properties": {"osm_type": "line", "name": "\u00d8vningsfelt Kl\u00e6bu", "avail": 10, "avail_node": "\u00d8VRE LEIRFOSS"}, "geometry": {"type": "LineString", "coordinates": [[10.4198, 63.281], [10.4199, 63.2784], [10.4193, 63.2807], [10.4196, 63.2827], [10.4199, 63.2842]]}}, {"type": "Feature", "properties": {"osm_type": "line", "voltage_kv": 132.0, "name": "Sildvik - Narvik", "avail": 0}, "geometry": {"type": "LineString", "coordinates": [[17.7332, 68.4267], [17.7279, 68.4274], [17.7178, 68.4289], [17.7143, 68.4294], [17.7131, 68.4296], [17.712, 68.4295], [17.7109, 68.4294], [17.7058, 68.4301], [17.6954, 68.4309], [17.6875, 68.4316], [17.681, 68.432], [17.6762, 68.4322], [17.6681, 68.4325], [17.6626, 68.432], [17.6573, 68.4324], [17.651, 68.4342], [17.647, 68.4353], [17.6414, 68.4369], [17.6383, 68.4372], [17.6288, 68.4382], [17.6222, 68.4388], [17.608, 68.4402], [17.6002, 68.441], [17.5907, 68.442], [17.5752, 68.4436], [17.5695, 68.4441], [17.5592, 68.4452], [17.5527, 68.4459], [17.5463, 68.4456], [17.5349, 68.4451], [17.5278, 68.4449], [17.5162, 68.4444], [17.5078, 68.4441], [17.5028, 68.4439], [17.4933, 68.4435], [17.4841, 68.4437], [17.4778, 68.4439], [17.4725, 68.444], [17.4709, 68.4441]]}}, {"type": "Feature", "properties": {"osm_type": "line", "voltage_kv": 132.0, "name": "Sildvik - Narvik", "avail": 0}, "geometry": {"type": "LineString", "coordinates": [[17.7906, 68.4111], [17.7836, 68.4137], [17.7777, 68.4158], [17.7734, 68.4173], [17.7682, 68.419], [17.7618, 68.4209], [17.7541, 68.423], [17.7507, 68.4239], [17.7462, 68.4247], [17.7421, 68.4254], [17.7369, 68.4261]]}}, {"type": "Feature", "properties": {"osm_type": "line", "voltage_kv": 420.0, "name": "Ofoten - Kobbvatnet", "avail": 0}, "geometry": {"type": "LineString", "coordinates": [[17.5616, 68.1561], [17.5621, 68.1554], [17.564, 68.1528], [17.5652, 68.1512], [17.5632, 68.1498], [17.5619, 68.1487], [17.5604, 68.1476], [17.5589, 68.1464], [17.5548, 68.1456], [17.5512, 68.1448], [17.5455, 68.1435], [17.5305, 68.1401], [17.5239, 68.1386], [17.5176, 68.1371], [17.5099, 68.1354], [17.5059, 68.1344], [17.5001, 68.1331], [17.4964, 68.1329], [17.4914, 68.1326], [17.4901, 68.1326], [17.4842, 68.1322], [17.475, 68.1318], [17.4673, 68.1313], [17.459, 68.1309], [17.4538, 68.1306], [17.4509, 68.1305], [17.4434, 68.1301], [17.4383, 68.1298], [17.4315, 68.1301], [17.4244, 68.1304], [17.4165, 68.1307], [17.407, 68.1311], [17.3998, 68.1316], [17.3952, 68.132], [17.3889, 68.1313], [17.385, 68.1309], [17.3809, 68.1305], [17.3669, 68.1294], [17.3565, 68.1319], [17.3497, 68.1335], [17.3438, 68.1348], [17.3384, 68.1361], [17.3329, 68.1374], [17.3272, 68.1385], [17.3228, 68.1393], [17.2935, 68.1366], [17.2914, 68.137], [17.2866, 68.1368], [17.2774, 68.1366], [17.271, 68.1365], [17.266, 68.1364], [17.2622, 68.1353], [17.257, 68.1338], [17.2511, 68.132], [17.2471, 68.1309], [17.2433, 68.1298], [17.2387, 68.1284], [17.2336, 68.1269], [17.226, 68.1247], [17.2231, 68.1233], [17.2232, 68.1213], [17.2232, 68.1173], [17.2233, 68.1137], [17.2168, 68.1114], [17.2124, 68.1098], [17.2055, 68.1073], [17.2044, 68.1069], [17.1974, 68.1043], [17.1944, 68.1032], [17.1892, 68.1013], [17.1792, 68.0977], [17.1753, 68.0963], [17.1718, 68.0964], [17.1647, 68.0966], [17.1589, 68.0968], [17.151, 68.097], [17.1443, 68.0972], [17.1335, 68.0976], [17.1243, 68.0977], [17.116, 68.0973], [17.1058, 68.0967], [17.0979, 68.0973], [17.0901, 68.0979], [17.0842, 68.0984], [17.0762, 68.099], [17.0704, 68.0995], [17.0604, 68.1003], [17.0534, 68.1008], [17.0479, 68.1013], [17.0388, 68.101], [17.033, 68.1009], [17.0289, 68.1005], [17.0217, 68.0999], [17.0093, 68.0988], [17.0037, 68.0983], [16.9967, 68.0976], [16.9885, 68.0978], [16.982, 68.0979], [16.9741, 68.0981], [16.9678, 68.0983], [16.9543, 68.0984], [16.9462, 68.0992], [16.9414, 68.0997], [16.9377, 68.1001], [16.9278, 68.1011], [16.9239, 68.1013], [16.917, 68.1016], [16.9135, 68.1017], [16.9054, 68.1019], [16.9001, 68.1011], [16.8944, 68.1002], [16.8857, 68.098], [16.8792, 68.0963], [16.8714, 68.0943], [16.8678, 68.0933], [16.8633, 68.0922], [16.8566, 68.0906], [16.8491, 68.0884], [16.8453, 68.0873], [16.8414, 68.0862], [16.8381, 68.0856], [16.8326, 68.0845], [16.828, 68.0837], [16.822, 68.0826], [16.8162, 68.0816], [16.8094, 68.0804], [16.8044, 68.0795], [16.7991, 68.0786], [16.7946, 68.0778], [16.7897, 68.077], [16.7848, 68.0761], [16.7794, 68.0752], [16.7742, 68.0743], [16.77, 68.0736], [16.765, 68.0727], [16.7602, 68.072], [16.7542, 68.0714], [16.7483, 68.0711], [16.7444, 68.0709], [16.7376, 68.0705], [16.7331, 68.0702], [16.7288, 68.07], [16.7184, 68.0672], [16.7114, 68.0653], [16.699, 68.0619], [16.6866, 68.0586], [16.6774, 68.0555], [16.677, 68.0532], [16.6765, 68.05], [16.6758, 68.0459], [16.6753, 68.0428], [16.6737, 68.0407], [16.6711, 68.0383], [16.6683, 68.0357], [16.6658, 68.0332], [16.6627, 68.0302], [16.6605, 68.0279], [16.6581, 68.0255], [16.6555, 68.0229], [16.6529, 68.0203], [16.6502, 68.0175], [16.6453, 68.0127], [16.6385, 68.0115], [16.6333, 68.0107], [16.6281, 68.0098], [16.6228, 68.0084], [16.6139, 68.006], [16.6081, 68.0036], [16.6032, 68.0015], [16.5981, 67.9994], [16.5936, 67.9975], [16.5885, 67.9954], [16.5813, 67.9941], [16.5776, 67.9935], [16.5725, 67.9929], [16.5577, 67.9915], [16.5503, 67.9909], [16.543, 67.9902], [16.5328, 67.9892], [16.5267, 67.9887], [16.5173, 67.9875], [16.51, 67.9867], [16.5061, 67.9862], [16.4917, 67.9845], [16.4814, 67.9845], [16.4601, 67.9835], [16.4389, 67.9825], [16.4358, 67.9817], [16.4281, 67.98], [16.4195, 67.978], [16.4167, 67.9774], [16.4113, 67.9755], [16.4053, 67.9732], [16.4008, 67.9718], [16.3915, 67.9688], [16.3817, 67.9656], [16.3701, 67.9619], [16.3586, 67.9582], [16.3568, 67.9566], [16.3559, 67.9557], [16.3548, 67.9538], [16.3531, 67.9511], [16.351, 67.9477], [16.3497, 67.9457], [16.3473, 67.9436], [16.3448, 67.9416], [16.3412, 67.9385], [16.3389, 67.9366], [16.3359, 67.9341], [16.3352, 67.9323], [16.3341, 67.9291], [16.3333, 67.9269], [16.3326, 67.9247], [16.3317, 67.9222], [16.3321, 67.9203], [16.3323, 67.9188], [16.3311, 67.9157], [16.3299, 67.9139], [16.3286, 67.9121], [16.3263, 67.9086], [16.3238, 67.9049], [16.3229, 67.9032], [16.3223, 67.9005], [16.3214, 67.8968], [16.3209, 67.8944], [16.3127, 67.889], [16.3046, 67.8835], [16.2964, 67.8781], [16.2883, 67.8726], [16.2856, 67.8719], [16.2805, 67.8706], [16.2762, 67.8695], [16.2717, 67.8684], [16.2611, 67.8666], [16.2545, 67.8656], [16.2489, 67.863], [16.2435, 67.8605], [16.238, 67.858], [16.2319, 67.8553], [16.2296, 67.8527], [16.228, 67.8508], [16.2256, 67.8479], [16.2231, 67.8449], [16.2206, 67.8418], [16.2188, 67.8394], [16.217, 67.8373], [16.215, 67.8356], [16.2111, 67.8338], [16.2071, 67.8319], [16.2041, 67.8305], [16.2009, 67.8291], [16.1973, 67.8277], [16.1949, 67.8271], [16.1806, 67.8234], [16.1727, 67.8219], [16.1662, 67.8208], [16.1586, 67.8193], [16.1526, 67.8182], [16.143, 67.8165], [16.14, 67.8124], [16.1391, 67.8082], [16.1383, 67.8041], [16.1378, 67.8014], [16.137, 67.797], [16.1364, 67.7934], [16.1367, 67.79], [16.137, 67.7873], [16.134, 67.7854], [16.1302, 67.7828], [16.1269, 67.7806], [16.1229, 67.7778], [16.1193, 67.7754], [16.1153, 67.7727], [16.1116, 67.7703], [16.1086, 67.7682], [16.1053, 67.766], [16.1034, 67.7628], [16.1018, 67.76], [16.1, 67.757], [16.0986, 67.7546], [16.0972, 67.7522], [16.0949, 67.7482], [16.093, 67.745], [16.0917, 67.7428], [16.0903, 67.7403], [16.0888, 67.7378], [16.0863, 67.7356], [16.0828, 67.7325], [16.0766, 67.7296], [16.0719, 67.7275], [16.0673, 67.7253], [16.0632, 67.7235], [16.0592, 67.7216], [16.0542, 67.7193], [16.0496, 67.7172], [16.0454, 67.7153], [16.042, 67.7137], [16.034, 67.7101], [16.0344, 67.7086], [16.0355, 67.7037], [16.0412, 67.6998], [16.0427, 67.6987], [16.0448, 67.6973], [16.0511, 67.6929], [16.0588, 67.6876], [16.0569, 67.6861], [16.0541, 67.6843], [16.0486, 67.6806], [16.0441, 67.6776], [16.0376, 67.6768], [16.027, 67.6756], [16.016, 67.6743], [16.0097, 67.6735], [16.0009, 67.6725], [15.9928, 67.6715], [15.9885, 67.6684], [15.9891, 67.6649], [15.9896, 67.6621], [15.9896, 67.6618], [15.9903, 67.6582], [15.9908, 67.6549], [15.9914, 67.6512], [15.9921, 67.6475], [15.9924, 67.6452], [15.993, 67.6418], [15.9908, 67.6398]]}}, {"type": "Feature", "properties": {"osm_type": "line", "voltage_kv": 145.0, "name": "132 GROV-ANGEDALEN", "avail": 13, "avail_node": "Sagefossen"}, "geometry": {"type": "LineString", "coordinates": [[5.3286, 61.6169], [5.3348, 61.6176], [5.3348, 61.6176], [5.3415, 61.6166], [5.3525, 61.6149], [5.3767, 61.6141], [5.4448, 61.5975], [5.4616, 61.5936], [5.4933, 61.5862], [5.4977, 61.5848], [5.4977, 61.5848], [5.4977, 61.5848], [5.5043, 61.5827], [5.5283, 61.5748], [5.5365, 61.5721], [5.5368, 61.572], [5.5376, 61.5718], [5.5466, 61.5689], [5.5466, 61.5689], [5.5476, 61.5686], [5.5626, 61.5638], [5.5626, 61.5638], [5.5626, 61.5638], [5.5865, 61.5564], [5.5917, 61.5549], [5.6208, 61.5466], [5.6349, 61.5425]]}}, {"type": "Feature", "properties": {"osm_type": "line", "voltage_kv": 420.0, "name": "Tegneby - Hasle", "avail": 36, "avail_node": "Tofte "}, "geometry": {"type": "LineString", "coordinates": [[10.7473, 59.5174], [10.7482, 59.517], [10.7498, 59.516], [10.7542, 59.5143], [10.7581, 59.5128], [10.7615, 59.5115], [10.7652, 59.51], [10.7687, 59.5087], [10.7726, 59.5071], [10.7769, 59.5055], [10.7799, 59.5043], [10.7842, 59.5026], [10.7875, 59.5014], [10.7916, 59.4998], [10.7948, 59.4985], [10.7986, 59.4971], [10.8023, 59.4956], [10.8054, 59.4944], [10.8111, 59.4922], [10.8142, 59.491], [10.8161, 59.4902], [10.8198, 59.4888], [10.8253, 59.4867], [10.8283, 59.4855], [10.8317, 59.4842], [10.8343, 59.4832], [10.8384, 59.4816], [10.8428, 59.4799], [10.8455, 59.4788], [10.8456, 59.4787], [10.849, 59.4775], [10.852, 59.4763], [10.8558, 59.4748], [10.8601, 59.4731], [10.8616, 59.4726], [10.8622, 59.4723], [10.864, 59.4716], [10.865, 59.4712], [10.868, 59.47], [10.8721, 59.4684], [10.8766, 59.4667], [10.88, 59.4654], [10.8849, 59.4635], [10.8884, 59.4622], [10.8924, 59.4607], [10.8954, 59.4587], [10.8979, 59.457], [10.9006, 59.4552], [10.9041, 59.4529], [10.9066, 59.4513], [10.9093, 59.4495], [10.9126, 59.4472], [10.9157, 59.4451], [10.9184, 59.4434], [10.9209, 59.4416], [10.925, 59.4389], [10.9277, 59.4371], [10.9301, 59.4355], [10.9304, 59.4353], [10.9335, 59.4332], [10.9381, 59.4302], [10.9408, 59.4284], [10.9461, 59.4248], [10.9487, 59.4231], [10.9509, 59.4216], [10.9541, 59.4194], [10.9575, 59.4172], [10.9589, 59.4162], [10.9642, 59.4127], [10.9676, 59.4104], [10.9704, 59.4085], [10.9744, 59.4058], [10.9766, 59.4044], [10.9792, 59.4026], [10.9812, 59.4013], [10.9841, 59.3994], [10.9873, 59.3972], [10.991, 59.3947], [10.9937, 59.3929], [10.997, 59.3906], [10.9999, 59.3887], [11.003, 59.3866], [11.0053, 59.3851], [11.008, 59.3833], [11.012, 59.3806], [11.0149, 59.3786], [11.0171, 59.3772], [11.0213, 59.3744], [11.0227, 59.3734], [11.0261, 59.3711], [11.0296, 59.3694], [11.0329, 59.3678], [11.0376, 59.3655], [11.0412, 59.3637], [11.0455, 59.3615], [11.0482, 59.3602], [11.051, 59.3588], [11.0543, 59.3571], [11.0571, 59.3558], [11.0593, 59.3546], [11.0599, 59.3542], [11.0633, 59.3523], [11.0641, 59.3518], [11.0671, 59.3506], [11.0677, 59.3504], [11.0693, 59.3497], [11.0728, 59.348], [11.0754, 59.3467], [11.0785, 59.3452], [11.0815, 59.3437], [11.0854, 59.3418], [11.0891, 59.3399], [11.0918, 59.3386], [11.0929, 59.3381], [11.097, 59.336], [11.0977, 59.3357], [11.1007, 59.3342], [11.104, 59.3325], [11.1041, 59.3325], [11.1045, 59.3323], [11.1085, 59.331], [11.1127, 59.3296], [11.1144, 59.3291], [11.1182, 59.3279], [11.1225, 59.3265], [11.1276, 59.3248], [11.1319, 59.3234], [11.1387, 59.3212], [11.1434, 59.3197], [11.1477, 59.3183], [11.1519, 59.3166]]}}, {"type": "Feature", "properties": {"osm_type": "line", "voltage_kv": 132.0, "name": "Skjomen - Ofoten", "avail": 0}, "geometry": {"type": "LineString", "coordinates": [[17.3681, 68.204], [17.3733, 68.2041], [17.3809, 68.2042], [17.3846, 68.2042], [17.3858, 68.2043], [17.3896, 68.2043], [17.3938, 68.2029], [17.4022, 68.2001], [17.4087, 68.1979], [17.4141, 68.1961], [17.4189, 68.1943], [17.423, 68.1927], [17.4245, 68.1914], [17.4282, 68.188], [17.4348, 68.182], [17.4371, 68.1801], [17.4414, 68.1765], [17.4449, 68.1736], [17.447, 68.1717], [17.4509, 68.1697], [17.4571, 68.1665], [17.4636, 68.1632], [17.4694, 68.1629], [17.4765, 68.1625], [17.4837, 68.1621], [17.4891, 68.1618], [17.4958, 68.1614], [17.5015, 68.161], [17.5072, 68.1607], [17.5135, 68.1604], [17.5182, 68.1601], [17.5277, 68.1595], [17.5392, 68.1588], [17.5436, 68.1585], [17.5512, 68.1583]]}}, {"type": "Feature", "properties": {"osm_type": "line", "voltage_kv": 132.0, "name": "\u00c5SKORA-SVELGEN DEL 2", "avail": 12, "avail_node": "\u00c5lfoten"}, "geometry": {"type": "LineString", "coordinates": [[5.3045, 61.7719], [5.3133, 61.7739], [5.3136, 61.774], [5.3136, 61.774], [5.3204, 61.7757], [5.3282, 61.7776], [5.3452, 61.7857], [5.3528, 61.7893], [5.3573, 61.7914], [5.3574, 61.7915], [5.3579, 61.7918], [5.3593, 61.7927], [5.3714, 61.8006], [5.3719, 61.8009], [5.3726, 61.8011], [5.3815, 61.8038], [5.3893, 61.8062], [5.3978, 61.8105], [5.4024, 61.8129], [5.4091, 61.8163], [5.415, 61.8194], [5.4162, 61.82], [5.4172, 61.8205], [5.4645, 61.8287], [5.498, 61.8291], [5.5021, 61.8291], [5.5148, 61.8297], [5.5158, 61.8297], [5.5289, 61.8304], [5.545, 61.8311]]}}, {"type": "Feature", "properties": {"osm_type": "line", "voltage_kv": 132.0, "name": "\u00c5SKORA-SVELGEN DEL 2", "avail": 12, "avail_node": "\u00c5lfoten"}, "geometry": {"type": "LineString", "coordinates": [[5.5516, 61.8314], [5.5564, 61.8317], [5.5585, 61.8317], [5.5593, 61.8317], [5.5635, 61.8317]]}}, {"type": "Feature", "properties": {"osm_type": "line", "voltage_kv": 420.0, "name": "Ofoten - Ritsem", "avail": 0}, "geometry": {"type": "LineString", "coordinates": [[17.5623, 68.1562], [17.5628, 68.1555], [17.5646, 68.1531], [17.566, 68.1512], [17.5639, 68.1496], [17.561, 68.1474], [17.5594, 68.1462], [17.5594, 68.1462], [17.555, 68.1452], [17.5517, 68.1445], [17.5457, 68.1431], [17.5309, 68.1398], [17.5247, 68.1383], [17.5181, 68.1368], [17.5104, 68.1351], [17.5064, 68.1342], [17.5009, 68.1329], [17.4989, 68.1324], [17.4973, 68.1321], [17.4967, 68.1301], [17.496, 68.1275], [17.4954, 68.1253], [17.4948, 68.1232], [17.4941, 68.1209], [17.4936, 68.119], [17.4927, 68.116], [17.492, 68.1136], [17.4915, 68.1117], [17.4906, 68.1086], [17.4898, 68.1059], [17.4891, 68.1035], [17.4887, 68.1018], [17.4858, 68.1], [17.4813, 68.0973], [17.4766, 68.0945], [17.4729, 68.0922], [17.4704, 68.0907], [17.4675, 68.089], [17.4646, 68.0872], [17.4646, 68.0848], [17.4645, 68.0817]]}}, {"type": "Feature", "properties": {"osm_type": "line", "voltage_kv": 132.0, "name": "Grytten - Istad", "avail": 21, "avail_node": "Grytten"}, "geometry": {"type": "LineString", "coordinates": [[7.7644, 62.521], [7.7657, 62.5209], [7.7704, 62.5195], [7.7758, 62.5179], [7.7857, 62.5156], [7.7893, 62.5159], [7.791, 62.516], [7.7928, 62.5162], [7.7946, 62.5163], [7.7987, 62.5167], [7.8023, 62.5169], [7.8058, 62.5185], [7.8089, 62.5199], [7.8129, 62.5217], [7.8158, 62.523], [7.8194, 62.5247], [7.8234, 62.5265], [7.8237, 62.5267], [7.8267, 62.5287], [7.8295, 62.531], [7.8318, 62.5328], [7.8338, 62.5345], [7.8365, 62.5366], [7.8388, 62.5385], [7.8406, 62.5399], [7.8414, 62.5416], [7.8426, 62.544], [7.8438, 62.5465], [7.8448, 62.5486], [7.8465, 62.552], [7.8476, 62.5543], [7.849, 62.5572], [7.8501, 62.5585], [7.8521, 62.561], [7.8534, 62.5625], [7.854, 62.5633], [7.8547, 62.5641], [7.8582, 62.5683], [7.8595, 62.5698], [7.8607, 62.5713], [7.8607, 62.5715], [7.858, 62.5729], [7.8543, 62.5748], [7.8494, 62.5772], [7.8485, 62.5777], [7.8467, 62.5786], [7.8458, 62.5791], [7.8437, 62.5801], [7.8406, 62.5815], [7.8375, 62.5827], [7.837, 62.5829], [7.8334, 62.5842], [7.8298, 62.5856], [7.8241, 62.5858], [7.8178, 62.5859], [7.8127, 62.586], [7.8073, 62.5862], [7.8005, 62.5863], [7.7953, 62.5864], [7.7887, 62.5866], [7.7833, 62.5867], [7.7778, 62.5868], [7.772, 62.587], [7.7662, 62.5871], [7.7603, 62.5872], [7.7544, 62.5873], [7.7484, 62.5875], [7.744, 62.5937], [7.7437, 62.5948], [7.7429, 62.5972], [7.7424, 62.5989], [7.742, 62.6004], [7.7407, 62.6026], [7.739, 62.6052], [7.7376, 62.6072], [7.7359, 62.6095], [7.7345, 62.6118], [7.7328, 62.6143], [7.7327, 62.6202], [7.7328, 62.6239], [7.7328, 62.6258], [7.7328, 62.6276], [7.7329, 62.6322], [7.7329, 62.6352], [7.7299, 62.6376], [7.7271, 62.6394], [7.7184, 62.6451], [7.7144, 62.6487], [7.7117, 62.6511], [7.7078, 62.6544], [7.704, 62.6578], [7.7009, 62.6605], [7.698, 62.6631], [7.6951, 62.6656], [7.692, 62.6683], [7.6905, 62.6696], [7.6874, 62.6723], [7.6851, 62.6744], [7.6834, 62.6759], [7.6811, 62.6777], [7.6788, 62.6785], [7.6763, 62.6793], [7.6712, 62.681], [7.6643, 62.6833], [7.6595, 62.6849], [7.6532, 62.687], [7.6519, 62.6872], [7.6506, 62.6877], [7.6508, 62.6947], [7.6515, 62.7231], [7.6565, 62.7272], [7.6579, 62.7278], [7.6616, 62.7315], [7.6645, 62.7344], [7.6663, 62.7362], [7.6689, 62.7388], [7.6714, 62.7413], [7.671, 62.7437], [7.6704, 62.747], [7.6697, 62.7507], [7.669, 62.754], [7.6685, 62.757], [7.6679, 62.7602], [7.6674, 62.7628], [7.6669, 62.7656], [7.6663, 62.7686], [7.6655, 62.7727], [7.6651, 62.7751], [7.6648, 62.7767], [7.6645, 62.778], [7.6637, 62.7825], [7.6631, 62.7856], [7.6669, 62.7871], [7.6711, 62.7887], [7.6763, 62.7908], [7.6782, 62.7919], [7.6794, 62.7925], [7.684, 62.7952], [7.6875, 62.7972], [7.6897, 62.7985], [7.6936, 62.8007], [7.6981, 62.8033], [7.6989, 62.8037], [7.701, 62.8049], [7.7015, 62.8059]]}}, {"type": "Feature", "properties": {"osm_type": "line", "voltage_kv": 300.0, "name": "Vang - Minnesund", "avail": 8, "avail_node": "Hammerstad"}, "geometry": {"type": "LineString", "coordinates": [[11.2703, 60.8332], [11.2713, 60.8325], [11.272, 60.832], [11.2746, 60.8303], [11.2778, 60.8281], [11.2807, 60.8261], [11.2826, 60.8247], [11.2829, 60.8245], [11.2835, 60.8216], [11.2842, 60.8185], [11.2838, 60.8157], [11.2841, 60.8126], [11.2843, 60.8103], [11.2864, 60.8089], [11.2889, 60.8073], [11.2898, 60.8061], [11.2907, 60.8047], [11.2911, 60.8042], [11.2925, 60.8023], [11.2943, 60.7996], [11.296, 60.7972], [11.2983, 60.7941], [11.301, 60.7911], [11.302, 60.7889], [11.3021, 60.7887], [11.3036, 60.7854], [11.306, 60.7826], [11.3094, 60.7793], [11.3125, 60.7764], [11.3161, 60.7729], [11.3196, 60.7696], [11.3217, 60.7676], [11.3244, 60.765], [11.3276, 60.762], [11.3315, 60.7597], [11.3363, 60.757], [11.3412, 60.7543], [11.3439, 60.7515], [11.3469, 60.7484], [11.35, 60.7452], [11.3527, 60.7424], [11.3553, 60.7398], [11.3568, 60.7382], [11.3574, 60.7377], [11.3599, 60.735], [11.3631, 60.7318], [11.3635, 60.7314], [11.365, 60.7299], [11.365, 60.7299], [11.365, 60.7299], [11.3657, 60.7292], [11.3686, 60.7277], [11.3688, 60.7276], [11.373, 60.726], [11.3788, 60.7237], [11.3848, 60.7213], [11.3897, 60.7185], [11.3929, 60.7166], [11.3957, 60.715], [11.4013, 60.7117], [11.4022, 60.7102], [11.4027, 60.7095], [11.4045, 60.7065], [11.4065, 60.7032], [11.4084, 60.7002], [11.4104, 60.6969], [11.4105, 60.6941], [11.4106, 60.6915], [11.4107, 60.6884], [11.4108, 60.6849], [11.411, 60.6814], [11.4111, 60.678], [11.4111, 60.6756], [11.4112, 60.6727], [11.4112, 60.6697], [11.4113, 60.6658], [11.4114, 60.6625], [11.4123, 60.6597], [11.4134, 60.6567], [11.4143, 60.6541], [11.4152, 60.6517], [11.4155, 60.6507], [11.4161, 60.6491], [11.417, 60.6464], [11.4179, 60.6441], [11.4185, 60.6424], [11.417, 60.641], [11.4134, 60.6374], [11.4117, 60.6357], [11.4091, 60.6332], [11.4065, 60.6307], [11.4038, 60.628], [11.4021, 60.6263], [11.4013, 60.6255], [11.3983, 60.6226], [11.3958, 60.62], [11.3929, 60.6172], [11.3896, 60.614], [11.3873, 60.6117], [11.3844, 60.6088], [11.382, 60.6065], [11.3793, 60.6038], [11.3774, 60.6011], [11.3756, 60.5985], [11.3725, 60.5942], [11.3703, 60.591], [11.3666, 60.5876], [11.3637, 60.5849], [11.3605, 60.5819], [11.3584, 60.5799], [11.3554, 60.5775], [11.3536, 60.5761], [11.3512, 60.5742], [11.3471, 60.5709], [11.343, 60.5677], [11.3377, 60.5634], [11.3361, 60.5621], [11.3341, 60.5605], [11.3301, 60.5574], [11.3276, 60.5558], [11.3201, 60.5511], [11.3178, 60.5486], [11.3156, 60.5463], [11.3142, 60.5437], [11.3128, 60.5411], [11.3109, 60.5375], [11.3085, 60.535], [11.3056, 60.5318], [11.303, 60.529], [11.2997, 60.5255], [11.2968, 60.5227], [11.294, 60.5201], [11.2935, 60.5175], [11.2929, 60.5139], [11.2922, 60.5101], [11.2917, 60.5073], [11.2912, 60.5042], [11.2907, 60.5011], [11.2906, 60.5008], [11.2901, 60.4977], [11.2895, 60.4944], [11.2886, 60.4892], [11.2881, 60.4862], [11.2872, 60.4835], [11.2865, 60.4814], [11.2856, 60.4783], [11.2838, 60.4726], [11.2841, 60.4702], [11.2845, 60.4678], [11.2848, 60.4657], [11.2852, 60.463], [11.2856, 60.4605], [11.2861, 60.4572], [11.2868, 60.4531], [11.2871, 60.4507], [11.2875, 60.4481], [11.288, 60.4447], [11.2886, 60.4411], [11.2888, 60.4394], [11.2893, 60.4363], [11.2871, 60.4334], [11.2842, 60.4294], [11.2821, 60.4266], [11.2803, 60.4243], [11.2766, 60.4194], [11.2755, 60.4178], [11.2731, 60.4145], [11.2714, 60.4124], [11.2694, 60.4097], [11.2689, 60.409], [11.2652, 60.4065], [11.2633, 60.4053], [11.2611, 60.4038], [11.2611, 60.4038], [11.261, 60.4037], [11.2579, 60.4017], [11.2577, 60.4015], [11.2576, 60.4014], [11.2566, 60.4007], [11.2533, 60.3981], [11.2511, 60.3963], [11.2402, 60.3911], [11.2399, 60.391], [11.2391, 60.3906], [11.2384, 60.3902], [11.2377, 60.3899]]}}, {"type": "Feature", "properties": {"osm_type": "line", "name": "Jord Samnanger - Fana", "avail": 10, "avail_node": "Eikelandsosen - Holsund"}, "geometry": {"type": "LineString", "coordinates": [[5.6658, 60.3538], [5.6642, 60.3537], [5.6622, 60.3538], [5.6608, 60.3539], [5.6601, 60.354], [5.6587, 60.354], [5.6575, 60.3541]]}}, {"type": "Feature", "properties": {"osm_type": "line", "voltage_kv": 420.0, "name": "Arendal - Bamble", "avail": 45, "avail_node": "Roligheten"}, "geometry": {"type": "LineString", "coordinates": [[8.7332, 58.59], [8.7334, 58.5901], [8.7357, 58.5913], [8.7396, 58.5931], [8.7422, 58.5944], [8.7467, 58.5966], [8.7515, 58.5988], [8.7549, 58.6004], [8.7598, 58.6026], [8.7651, 58.6045], [8.7703, 58.6062], [8.7706, 58.6063], [8.7736, 58.6073], [8.779, 58.6092], [8.7834, 58.6106], [8.7919, 58.6135], [8.7947, 58.6145], [8.7973, 58.6153], [8.7989, 58.6159], [8.8006, 58.6165], [8.8028, 58.6172], [8.8086, 58.6191], [8.8166, 58.6218], [8.8199, 58.6229], [8.822, 58.6236], [8.8276, 58.6255], [8.8315, 58.6268], [8.8356, 58.6282], [8.8391, 58.6296], [8.848, 58.6332], [8.8518, 58.635], [8.8572, 58.6376], [8.8596, 58.6387], [8.8604, 58.6391], [8.8623, 58.64], [8.869, 58.6431], [8.8728, 58.6449], [8.8771, 58.6469], [8.8801, 58.6483], [8.885, 58.6506], [8.889, 58.6525], [8.8936, 58.6556], [8.8972, 58.6579], [8.9014, 58.6608], [8.9053, 58.6633], [8.9115, 58.6674], [8.917, 58.671], [8.9189, 58.6723], [8.9238, 58.6755], [8.9287, 58.679], [8.9318, 58.6812], [8.935, 58.6832], [8.9387, 58.6856], [8.942, 58.6876], [8.9444, 58.6891], [8.9484, 58.6918], [8.952, 58.6941], [8.9564, 58.697], [8.9591, 58.6988], [8.9643, 58.7024], [8.9675, 58.7046], [8.9714, 58.7072], [8.9746, 58.7095], [8.9769, 58.7111], [8.978, 58.7119], [8.9805, 58.7137], [8.9832, 58.7166], [8.9869, 58.7206], [8.9884, 58.7221], [8.9921, 58.7258], [8.9976, 58.7312], [9.0001, 58.7338], [9.0023, 58.7359], [9.0043, 58.7379], [9.0073, 58.7411], [9.0104, 58.7444], [9.0123, 58.7464], [9.0127, 58.7468], [9.0152, 58.7495], [9.0173, 58.7517], [9.0184, 58.7528], [9.0231, 58.7567], [9.0313, 58.7596], [9.0397, 58.7625], [9.0438, 58.7639], [9.0489, 58.7657], [9.0533, 58.7689], [9.0545, 58.7697], [9.0588, 58.7729], [9.0636, 58.7764], [9.0649, 58.7773], [9.0688, 58.7802], [9.0718, 58.7823], [9.0736, 58.7836], [9.0768, 58.7855], [9.0798, 58.7872], [9.0813, 58.7881], [9.0868, 58.7913], [9.0894, 58.7927], [9.0903, 58.7933], [9.095, 58.7972], [9.097, 58.7983], [9.0988, 58.7994], [9.1031, 58.8016], [9.1063, 58.8036], [9.1076, 58.8044], [9.1099, 58.8058], [9.1116, 58.8069], [9.1143, 58.8085], [9.1152, 58.809], [9.1188, 58.8112], [9.1219, 58.813], [9.1244, 58.8149], [9.1287, 58.8184], [9.1315, 58.8207], [9.1348, 58.8235], [9.1382, 58.8263], [9.1404, 58.8282], [9.1437, 58.8309], [9.1474, 58.834], [9.151, 58.8369], [9.1547, 58.84], [9.1582, 58.8429], [9.1605, 58.8448], [9.1653, 58.8488], [9.1676, 58.8505], [9.1708, 58.8531], [9.1738, 58.8554], [9.1772, 58.8581], [9.1811, 58.8611], [9.1835, 58.8628], [9.1875, 58.8658], [9.1904, 58.8681], [9.1933, 58.8702], [9.1962, 58.8724], [9.1991, 58.8745], [9.2007, 58.8758], [9.2031, 58.8777], [9.2069, 58.8808], [9.2074, 58.8812], [9.2116, 58.8847], [9.2131, 58.886], [9.2149, 58.8875], [9.2188, 58.8907], [9.2218, 58.8932], [9.2238, 58.8949], [9.2263, 58.897], [9.2289, 58.8991], [9.232, 58.9017], [9.2361, 58.9051], [9.238, 58.9067], [9.241, 58.9092], [9.2435, 58.9113], [9.2455, 58.9129], [9.2476, 58.9147], [9.2485, 58.9154], [9.2521, 58.9185], [9.2543, 58.9203], [9.259, 58.9242], [9.2691, 58.9289], [9.2715, 58.93], [9.2747, 58.9315], [9.2785, 58.9333], [9.2833, 58.9356], [9.2896, 58.9386], [9.2933, 58.9404], [9.2957, 58.9416], [9.2997, 58.9435], [9.2997, 58.9435], [9.3, 58.9436], [9.3035, 58.9453], [9.3064, 58.9467], [9.3096, 58.9484], [9.313, 58.9502], [9.3157, 58.9517], [9.3196, 58.9538], [9.3208, 58.9544], [9.3261, 58.9572], [9.3276, 58.958], [9.3283, 58.9584], [9.3306, 58.9597], [9.335, 58.962], [9.3418, 58.9656], [9.3433, 58.9665], [9.3474, 58.9686], [9.35, 58.97], [9.3524, 58.9713], [9.3597, 58.9741], [9.3619, 58.9749], [9.3629, 58.9752], [9.3669, 58.9766], [9.37, 58.9777], [9.3731, 58.9787], [9.3794, 58.9807], [9.3813, 58.9813], [9.3919, 58.9844], [9.3955, 58.9852], [9.4021, 58.9867], [9.4045, 58.9873], [9.4092, 58.9884], [9.4118, 58.9889], [9.4174, 58.9902], [9.4236, 58.9916], [9.4291, 58.9929], [9.4328, 58.9937], [9.4376, 58.9949], [9.4437, 58.9965], [9.4481, 58.9976], [9.4524, 58.9987], [9.46, 59.0006], [9.4633, 59.0014], [9.4681, 59.0027], [9.4747, 59.0043], [9.4797, 59.0056], [9.4814, 59.006], [9.4839, 59.0067], [9.4917, 59.0086], [9.4954, 59.0097], [9.5003, 59.0112], [9.5052, 59.0126], [9.5138, 59.0152], [9.5159, 59.0159], [9.5186, 59.0167], [9.5234, 59.0183], [9.5292, 59.0203], [9.5331, 59.0216], [9.5365, 59.0227], [9.5385, 59.0234], [9.5426, 59.0246], [9.5453, 59.0254], [9.5488, 59.0265], [9.554, 59.0282], [9.5596, 59.03], [9.563, 59.0311], [9.5671, 59.0324], [9.5703, 59.0334], [9.576, 59.0351], [9.5823, 59.0375], [9.5875, 59.0395], [9.5897, 59.0404]]}}, {"type": "Feature", "properties": {"osm_type": "line", "voltage_kv": 420.0, "name": "Kvandal - Bardufoss L2", "avail": 11, "avail_node": "Kvandal"}, "geometry": {"type": "LineString", "coordinates": [[17.6172, 68.5788], [17.62, 68.5798], [17.6258, 68.5816], [17.6289, 68.5842], [17.6347, 68.5889], [17.638, 68.5918], [17.6416, 68.595], [17.6444, 68.5974], [17.6484, 68.6007], [17.6524, 68.6041], [17.6552, 68.6064], [17.6583, 68.609], [17.6629, 68.6112], [17.6699, 68.6147], [17.674, 68.6167], [17.6797, 68.6196], [17.6872, 68.6232], [17.6926, 68.6259], [17.7009, 68.6299], [17.7008, 68.6313], [17.7005, 68.6343], [17.7002, 68.6375], [17.7012, 68.6395], [17.7023, 68.642], [17.7038, 68.6452], [17.712, 68.6489], [17.7174, 68.6513], [17.7377, 68.6516], [17.742, 68.6519], [17.7493, 68.6525], [17.7564, 68.653], [17.7649, 68.6536], [17.7703, 68.6557], [17.776, 68.6578], [17.7801, 68.6594], [17.7856, 68.6599], [17.7916, 68.6604], [17.8035, 68.6615], [17.8127, 68.6623], [17.8213, 68.6631], [17.829, 68.6638], [17.8386, 68.6647], [17.8478, 68.6655], [17.8586, 68.6665], [17.8671, 68.6672], [17.8747, 68.6679], [17.8843, 68.6692], [17.8917, 68.6703], [17.9022, 68.6717], [17.9119, 68.673], [17.9177, 68.6738], [17.9248, 68.6748], [17.9305, 68.6756], [17.9417, 68.6771], [17.9513, 68.6784], [17.9586, 68.6794], [17.9663, 68.6804], [17.9773, 68.6818], [17.9866, 68.683], [17.9953, 68.6841], [18.0038, 68.6851], [18.0115, 68.6861], [18.0199, 68.6872], [18.0305, 68.6885], [18.0396, 68.6897], [18.0448, 68.6903], [18.0522, 68.6929], [18.0581, 68.6944], [18.0689, 68.697], [18.0735, 68.6981], [18.0801, 68.7024], [18.0836, 68.7046], [18.0865, 68.7064], [18.0861, 68.7087], [18.0858, 68.7109], [18.0853, 68.7142], [18.0851, 68.7156], [18.0824, 68.7178], [18.0794, 68.7202], [18.0782, 68.7218], [18.0764, 68.7245], [18.0749, 68.7267], [18.0724, 68.7304], [18.0698, 68.7342], [18.0708, 68.7372], [18.072, 68.7396], [18.0731, 68.742], [18.0784, 68.7446], [18.0851, 68.748], [18.0889, 68.7499], [18.0943, 68.7525], [18.1029, 68.7568], [18.1079, 68.7593], [18.117, 68.7639], [18.1201, 68.7654], [18.121, 68.7672], [18.1224, 68.77], [18.1229, 68.7718], [18.1249, 68.7785], [18.1248, 68.7818], [18.1248, 68.786], [18.1247, 68.7894], [18.1248, 68.7922], [18.1248, 68.7949], [18.1247, 68.7979], [18.1247, 68.8034], [18.1247, 68.8066], [18.1247, 68.8097], [18.1254, 68.8136], [18.1262, 68.8176], [18.1263, 68.8196], [18.1264, 68.8217], [18.1265, 68.8228], [18.1274, 68.8281], [18.128, 68.8315], [18.1282, 68.8332], [18.1288, 68.8367], [18.1294, 68.8399], [18.1298, 68.8426], [18.1306, 68.8472], [18.1312, 68.8506], [18.1318, 68.8514], [18.1328, 68.8526], [18.1401, 68.8557], [18.1455, 68.8579], [18.1549, 68.8618], [18.1576, 68.8629], [18.164, 68.8656], [18.169, 68.8676], [18.1755, 68.8703], [18.184, 68.8739], [18.1879, 68.8755], [18.1948, 68.8784], [18.1946, 68.8817], [18.1945, 68.8851], [18.1943, 68.8877], [18.1942, 68.89], [18.1941, 68.892], [18.1939, 68.8968], [18.1962, 68.8978], [18.2062, 68.9019], [18.2131, 68.9047], [18.2196, 68.9075], [18.2262, 68.9104], [18.2309, 68.9125], [18.2371, 68.9152], [18.2443, 68.917], [18.2519, 68.9189], [18.2613, 68.9212], [18.2685, 68.9229], [18.2762, 68.9248], [18.2834, 68.9266], [18.2883, 68.9284], [18.2964, 68.9314], [18.3042, 68.9342], [18.3116, 68.9369], [18.3176, 68.9391], [18.3235, 68.9412], [18.3297, 68.9435], [18.336, 68.9458], [18.342, 68.948], [18.3501, 68.9509], [18.357, 68.9534], [18.3628, 68.9555], [18.3688, 68.9577], [18.3748, 68.9599], [18.3822, 68.9626], [18.39, 68.9649], [18.3982, 68.9675], [18.4051, 68.9694], [18.4117, 68.9712], [18.4178, 68.9729], [18.4237, 68.9746], [18.4278, 68.9763], [18.4329, 68.9786], [18.4384, 68.9809], [18.4447, 68.9837], [18.4508, 68.9863], [18.456, 68.9885], [18.4624, 68.9911], [18.4704, 68.9945], [18.4766, 68.9971], [18.4797, 68.9984], [18.4856, 69.0008], [18.4911, 69.0026], [18.4953, 69.004], [18.4975, 69.0068], [18.4988, 69.0082], [18.5003, 69.0097], [18.5019, 69.0114], [18.505, 69.0147], [18.5075, 69.0173], [18.5098, 69.0197], [18.5155, 69.0206], [18.5239, 69.0206], [18.5353, 69.0207], [18.5435, 69.0208], [18.55, 69.0208], [18.5534, 69.0216], [18.555, 69.022], [18.5625, 69.0238], [18.5686, 69.0253], [18.5748, 69.0269], [18.5786, 69.0288], [18.5853, 69.0321], [18.5866, 69.0327]]}}, {"type": "Feature", "properties": {"osm_type": "line", "voltage_kv": 420.0, "name": "Viklandet - Fr\u00e6na", "avail": 4, "avail_node": "Eidseter"}, "geometry": {"type": "LineString", "coordinates": [[8.1408, 62.7948], [8.1396, 62.795], [8.1371, 62.7995], [8.1339, 62.8016], [8.1316, 62.8032], [8.119, 62.8031], [8.1177, 62.8028], [8.1149, 62.8022], [8.1056, 62.8004], [8.0972, 62.7987], [8.0897, 62.7971], [8.0837, 62.7959], [8.0779, 62.7947], [8.0718, 62.7935], [8.0659, 62.7924], [8.0585, 62.7909], [8.0546, 62.7902], [8.0495, 62.7899], [8.0438, 62.7895], [8.0337, 62.789], [8.0246, 62.7884], [8.0163, 62.7879], [8.0134, 62.7878], [8.0057, 62.7873], [7.999, 62.7869], [7.9944, 62.7867], [7.9805, 62.7858], [7.9737, 62.7855], [7.9669, 62.785], [7.9607, 62.7839], [7.9549, 62.7829], [7.9486, 62.7817], [7.9434, 62.7808], [7.9378, 62.7798], [7.9306, 62.7785], [7.9221, 62.7782], [7.9157, 62.7779], [7.9124, 62.7778], [7.9077, 62.7776], [7.9014, 62.7773], [7.8966, 62.7771], [7.8959, 62.7771], [7.8849, 62.7764], [7.8813, 62.7761], [7.8806, 62.7761], [7.8634, 62.7794], [7.8563, 62.7807], [7.8495, 62.782], [7.8435, 62.7832], [7.8368, 62.7845], [7.8296, 62.7858], [7.8271, 62.7863], [7.8175, 62.7881], [7.8125, 62.7891], [7.8061, 62.7903], [7.7976, 62.7919], [7.7912, 62.7919], [7.7819, 62.7919], [7.7761, 62.7919], [7.7667, 62.7919], [7.7595, 62.7919], [7.7533, 62.7919], [7.7457, 62.7919], [7.7415, 62.7932], [7.7338, 62.7957], [7.7264, 62.7981], [7.7232, 62.7991], [7.7181, 62.8001], [7.7103, 62.8016], [7.7062, 62.8023], [7.7042, 62.8027], [7.6989, 62.8037], [7.698, 62.8039], [7.6961, 62.8047], [7.6922, 62.8064], [7.6893, 62.8076], [7.6842, 62.8098], [7.6817, 62.8108], [7.6696, 62.8111], [7.6598, 62.8105], [7.6522, 62.81], [7.6423, 62.8097], [7.6368, 62.8096], [7.6225, 62.8108], [7.6161, 62.8113], [7.6091, 62.8119], [7.6074, 62.812], [7.6074, 62.812], [7.6068, 62.8121], [7.6067, 62.8121], [7.6063, 62.8121], [7.6062, 62.8121], [7.6049, 62.8122], [7.5967, 62.8115], [7.5892, 62.8111], [7.5872, 62.811], [7.5806, 62.8106], [7.5758, 62.8103], [7.5686, 62.8099], [7.5624, 62.8095], [7.5574, 62.8092], [7.5502, 62.8088], [7.5356, 62.808], [7.5283, 62.8076], [7.5238, 62.8073], [7.5204, 62.8084], [7.5157, 62.8099], [7.5137, 62.8112], [7.5101, 62.8136], [7.5098, 62.8148], [7.5087, 62.819], [7.5074, 62.8199], [7.5029, 62.8232], [7.4968, 62.8276], [7.4929, 62.8305], [7.4867, 62.8316], [7.4798, 62.8328], [7.4729, 62.834], [7.4634, 62.8357], [7.4563, 62.837], [7.4504, 62.838], [7.4456, 62.8389], [7.4424, 62.8394], [7.4395, 62.8399], [7.4368, 62.8424], [7.4335, 62.8454], [7.4305, 62.8482], [7.4281, 62.8504], [7.4282, 62.8542], [7.4283, 62.8559], [7.4311, 62.8596], [7.4305, 62.8627], [7.4302, 62.8644], [7.4295, 62.8679], [7.4292, 62.8695], [7.427, 62.8705], [7.4241, 62.8719], [7.416, 62.8756], [7.4079, 62.876], [7.3994, 62.8764], [7.3931, 62.8767], [7.3845, 62.877], [7.3803, 62.8772], [7.3769, 62.8774], [7.3757, 62.8778], [7.3756, 62.8778], [7.3737, 62.8785], [7.3686, 62.8819], [7.3626, 62.8858], [7.359, 62.8882], [7.35, 62.894], [7.3484, 62.895], [7.3493, 62.8974], [7.3499, 62.8996], [7.3405, 62.9057], [7.3365, 62.9068], [7.3298, 62.9086], [7.3257, 62.9097], [7.3221, 62.9112], [7.3179, 62.9119], [7.3108, 62.9131], [7.3035, 62.9143], [7.2983, 62.9137], [7.2914, 62.9129], [7.2844, 62.9121], [7.2775, 62.9113], [7.2723, 62.9107], [7.2651, 62.9099], [7.2584, 62.9091], [7.2535, 62.9085], [7.2476, 62.9078], [7.2414, 62.9071], [7.2337, 62.9062], [7.2281, 62.9056], [7.224, 62.9051], [7.2206, 62.9047], [7.216, 62.9026], [7.2109, 62.9003], [7.2078, 62.8989], [7.2038, 62.8971], [7.197, 62.8953], [7.1893, 62.8933], [7.184, 62.8919], [7.1801, 62.8902], [7.1746, 62.8878], [7.1685, 62.8851], [7.1627, 62.8826], [7.1581, 62.8806], [7.1578, 62.8777], [7.1573, 62.8738], [7.157, 62.8716], [7.1566, 62.8707], [7.1565, 62.8706], [7.1565, 62.8706], [7.1562, 62.87], [7.1534, 62.8686], [7.1502, 62.867], [7.1427, 62.8632], [7.1383, 62.8626], [7.1332, 62.8619], [7.1252, 62.8609], [7.1177, 62.8599], [7.1173, 62.8599]]}}, {"type": "Feature", "properties": {"osm_type": "line", "voltage_kv": 420.0, "name": "Viklandet - Fr\u00e6na", "avail": 0}, "geometry": {"type": "LineString", "coordinates": [[8.4916, 62.6889], [8.4869, 62.689], [8.4795, 62.6893], [8.4734, 62.6895], [8.4679, 62.6897], [8.4634, 62.6902], [8.4599, 62.6905], [8.4567, 62.6908], [8.4533, 62.6911], [8.4493, 62.6916], [8.4462, 62.6919], [8.4392, 62.6926], [8.4328, 62.6932], [8.428, 62.6937], [8.419, 62.6985], [8.4123, 62.7026], [8.4065, 62.706], [8.4009, 62.7081], [8.3974, 62.7088], [8.3916, 62.709], [8.384, 62.7094], [8.3763, 62.7097], [8.3692, 62.71], [8.3628, 62.7103], [8.357, 62.7106], [8.352, 62.711], [8.3436, 62.7118], [8.3328, 62.7128], [8.3272, 62.7134], [8.3204, 62.714], [8.3167, 62.7144], [8.315, 62.7145], [8.3041, 62.7143], [8.2965, 62.7142], [8.2846, 62.7105], [8.2798, 62.7091], [8.2752, 62.7076], [8.27, 62.706], [8.2652, 62.7046], [8.2606, 62.7036], [8.2554, 62.7026], [8.2492, 62.7013], [8.2433, 62.7001], [8.2377, 62.6989], [8.2317, 62.6977], [8.2252, 62.6978], [8.2178, 62.698], [8.2094, 62.6982], [8.2002, 62.6985], [8.1945, 62.6986], [8.1865, 62.6988], [8.1796, 62.699], [8.1681, 62.6997], [8.1613, 62.7001], [8.1582, 62.7064], [8.1571, 62.7085], [8.1557, 62.7113], [8.1541, 62.7144], [8.1529, 62.7169], [8.1513, 62.72], [8.1511, 62.7215], [8.1506, 62.7253], [8.1503, 62.7278], [8.1501, 62.73], [8.1494, 62.7355], [8.1491, 62.7379], [8.1488, 62.741], [8.1486, 62.7426], [8.148, 62.7462], [8.1473, 62.7504], [8.1466, 62.7548], [8.1462, 62.7576], [8.1459, 62.7594], [8.1453, 62.7632], [8.1452, 62.7638], [8.1478, 62.7667], [8.1505, 62.7696], [8.1517, 62.771], [8.1529, 62.7723], [8.1522, 62.7746], [8.1516, 62.7767], [8.1509, 62.779], [8.15, 62.782], [8.1486, 62.7868], [8.1475, 62.7908]]}}, {"type": "Feature", "properties": {"osm_type": "line", "voltage_kv": 132.0, "name": "Grytten - T_Bj\u00f8rsteinen (Kjelbotn)", "avail": 21, "avail_node": "Grytten"}, "geometry": {"type": "LineString", "coordinates": [[7.7521, 62.5221], [7.7441, 62.5238], [7.7429, 62.5239], [7.738, 62.5241], [7.7335, 62.5244], [7.7295, 62.5243], [7.7263, 62.5242], [7.7156, 62.524], [7.7132, 62.5238], [7.7054, 62.5229], [7.7043, 62.5227], [7.6998, 62.522], [7.6935, 62.5211], [7.6885, 62.5196], [7.6842, 62.5183], [7.6791, 62.5168], [7.6741, 62.5153], [7.6702, 62.5123], [7.6662, 62.5092], [7.6642, 62.5078], [7.6625, 62.5064], [7.6587, 62.5034], [7.6575, 62.5025], [7.6445, 62.5007], [7.6422, 62.5003], [7.6371, 62.4999], [7.6334, 62.4996], [7.6296, 62.4994], [7.627, 62.4993], [7.6153, 62.4976], [7.605, 62.4945], [7.6031, 62.4939], [7.595, 62.4933], [7.5904, 62.4929], [7.5864, 62.4922], [7.5818, 62.4915], [7.5767, 62.4906], [7.5703, 62.4896]]}}, {"type": "Feature", "properties": {"osm_type": "line", "voltage_kv": 132.0, "name": "RE_132HL01_9", "avail": 9, "avail_node": "Kristiansund"}, "geometry": {"type": "LineString", "coordinates": [[7.8558, 63.0446], [7.8558, 63.0446], [7.8554, 63.0449], [7.8548, 63.0455], [7.8534, 63.0467], [7.8532, 63.0468], [7.8532, 63.0469], [7.8524, 63.0479], [7.851, 63.05], [7.8507, 63.0504], [7.8499, 63.0518], [7.8495, 63.0524], [7.8488, 63.0536], [7.8462, 63.0554], [7.8454, 63.0559], [7.8449, 63.0562], [7.8443, 63.0566], [7.8436, 63.0571], [7.8424, 63.0578], [7.8418, 63.0583], [7.8406, 63.0592], [7.8402, 63.0598], [7.84, 63.0601], [7.8385, 63.0622], [7.8382, 63.0627], [7.8377, 63.0634], [7.837, 63.0645], [7.837, 63.0645], [7.837, 63.0645], [7.8361, 63.0659], [7.8355, 63.0668], [7.8344, 63.0683], [7.833, 63.0703], [7.8324, 63.0713], [7.8318, 63.0721], [7.8312, 63.0735], [7.8304, 63.0755], [7.8298, 63.0767], [7.8296, 63.0774], [7.8296, 63.0774], [7.829, 63.0787], [7.8283, 63.0805], [7.8282, 63.0814], [7.8282, 63.0814], [7.8282, 63.0821], [7.828, 63.0839], [7.8279, 63.0856], [7.8278, 63.0879], [7.8277, 63.0894]]}}, {"type": "Feature", "properties": {"osm_type": "line", "voltage_kv": 132.0, "name": "Straumsmo - T_Langskr\u00e5bakken (Bardufoss, L1)", "avail": 1, "avail_node": "Bardu"}, "geometry": {"type": "LineString", "coordinates": [[18.6518, 68.7407], [18.6483, 68.7398], [18.6425, 68.7395], [18.6355, 68.7403], [18.6345, 68.7404], [18.6316, 68.7408], [18.6272, 68.7413], [18.622, 68.7429], [18.617, 68.7447], [18.6134, 68.746], [18.6058, 68.7486], [18.6013, 68.7503], [18.5968, 68.7522], [18.5951, 68.7537], [18.5926, 68.7559], [18.5888, 68.7592], [18.5846, 68.7622], [18.5844, 68.7624], [18.5787, 68.7665], [18.5747, 68.7694], [18.5693, 68.7732], [18.5651, 68.7762], [18.564, 68.7781], [18.5622, 68.7815], [18.5607, 68.7843], [18.5601, 68.7862], [18.5592, 68.7891], [18.5583, 68.7919], [18.5572, 68.7951], [18.5552, 68.7967], [18.5511, 68.8001], [18.5488, 68.8021], [18.545, 68.8052], [18.5446, 68.8055], [18.5409, 68.8085], [18.5363, 68.8103], [18.5358, 68.8105], [18.5301, 68.8126], [18.5232, 68.8153], [18.5164, 68.8179], [18.5096, 68.8205], [18.5041, 68.8225], [18.5027, 68.8231], [18.5019, 68.8234], [18.4997, 68.8242], [18.4974, 68.8251], [18.4974, 68.8251], [18.4966, 68.8257], [18.4931, 68.828], [18.4926, 68.8283], [18.4889, 68.8308], [18.483, 68.8346], [18.4785, 68.8377], [18.4751, 68.8399], [18.4751, 68.8399], [18.4707, 68.8428], [18.4674, 68.845], [18.4643, 68.8471], [18.4591, 68.8505], [18.4548, 68.8543], [18.4508, 68.8578], [18.4484, 68.8599], [18.4458, 68.8626], [18.4442, 68.8641], [18.4436, 68.8647], [18.4388, 68.8694], [18.4383, 68.87], [18.436, 68.8722], [18.4335, 68.8747], [18.4315, 68.8767], [18.4304, 68.8777], [18.4286, 68.8795], [18.4266, 68.8814]]}}, {"type": "Feature", "properties": {"osm_type": "line", "voltage_kv": 132.0, "name": "Kongsvinger - Eidskog", "avail": 7, "avail_node": "Kongsvinger"}, "geometry": {"type": "LineString", "coordinates": [[11.9817, 60.1925], [11.983, 60.1914], [11.9834, 60.1911], [11.9832, 60.1905], [11.9827, 60.189], [11.9821, 60.1872], [11.9817, 60.1858], [11.9807, 60.1854], [11.9783, 60.1842], [11.9758, 60.1829], [11.9736, 60.1819], [11.9712, 60.1807], [11.969, 60.1797], [11.9665, 60.1784], [11.9642, 60.1773], [11.962, 60.1762], [11.9601, 60.1753], [11.9598, 60.1735], [11.9594, 60.1718], [11.959, 60.1696], [11.9585, 60.1674], [11.9584, 60.1664], [11.9578, 60.1649], [11.9572, 60.1633], [11.9567, 60.1618], [11.956, 60.16], [11.9554, 60.1585], [11.9548, 60.1566], [11.9535, 60.1539], [11.9528, 60.1523], [11.9522, 60.1509], [11.9516, 60.1496], [11.951, 60.1485], [11.9505, 60.1474], [11.9499, 60.1461], [11.9522, 60.1449], [11.9537, 60.1441], [11.9561, 60.1428], [11.9584, 60.1416], [11.9607, 60.1404], [11.9632, 60.139], [11.9651, 60.1381], [11.9674, 60.1368], [11.9695, 60.1357], [11.9714, 60.1347], [11.9735, 60.1336], [11.9754, 60.1325], [11.9774, 60.1315], [11.9792, 60.1306], [11.9816, 60.1293], [11.9827, 60.1287], [11.9847, 60.1276], [11.9862, 60.1268], [11.9865, 60.1267], [11.9884, 60.1257], [11.9904, 60.1246], [11.9928, 60.1233], [11.9942, 60.1226], [11.9963, 60.1209], [11.998, 60.1196], [11.9999, 60.118], [12.001, 60.1171], [12.0024, 60.116], [12.0035, 60.1151], [12.0055, 60.1135], [12.0065, 60.1127], [12.0078, 60.1117], [12.0094, 60.1104], [12.0106, 60.1094], [12.0127, 60.1077], [12.0144, 60.1064], [12.0162, 60.1049], [12.0178, 60.1036], [12.019, 60.1026], [12.0205, 60.1015], [12.0215, 60.1007], [12.022, 60.0996], [12.0229, 60.0979], [12.0237, 60.0963], [12.0243, 60.0951], [12.0252, 60.0932], [12.0261, 60.0914], [12.0269, 60.0899], [12.0287, 60.0891], [12.0303, 60.0884], [12.0304, 60.0883], [12.0312, 60.088], [12.0319, 60.0869], [12.0327, 60.0858], [12.0337, 60.0844], [12.0346, 60.083], [12.0352, 60.0821], [12.0353, 60.082], [12.0363, 60.0805], [12.0375, 60.0788], [12.0385, 60.0773], [12.0397, 60.0756], [12.0406, 60.0743], [12.0416, 60.0728], [12.0424, 60.0717], [12.0435, 60.0701], [12.0446, 60.0682], [12.0455, 60.0666], [12.0464, 60.0652], [12.0471, 60.0639], [12.048, 60.0624], [12.0488, 60.0611], [12.0497, 60.0596], [12.0503, 60.0581], [12.0509, 60.0565], [12.0517, 60.0546], [12.0523, 60.053], [12.0526, 60.0521], [12.0544, 60.0514], [12.0561, 60.0508], [12.059, 60.0497], [12.0621, 60.0485], [12.0648, 60.0475], [12.0674, 60.0465], [12.07, 60.0455], [12.0726, 60.0445], [12.0751, 60.0435], [12.0778, 60.0425], [12.0805, 60.0414], [12.0827, 60.0406], [12.083, 60.0405], [12.085, 60.0397], [12.0868, 60.0391], [12.0885, 60.0384], [12.0886, 60.0384], [12.0901, 60.0378], [12.0939, 60.0364], [12.0964, 60.0354], [12.0982, 60.0347], [12.0997, 60.0341], [12.1005, 60.0328], [12.1006, 60.0327], [12.1014, 60.0315], [12.1022, 60.0301], [12.1033, 60.0285], [12.1042, 60.027], [12.1052, 60.0255], [12.1062, 60.024], [12.1071, 60.0224], [12.1082, 60.0208], [12.1084, 60.0193], [12.1087, 60.0178], [12.1091, 60.0163], [12.1093, 60.0149], [12.1096, 60.0134], [12.11, 60.0116], [12.1103, 60.0102], [12.112, 60.0094], [12.1138, 60.0087], [12.1161, 60.0077], [12.1183, 60.0068], [12.1199, 60.0061], [12.1215, 60.0054], [12.1218, 60.0046], [12.1223, 60.0032], [12.1228, 60.0018], [12.1238, 60.0003], [12.1245, 59.9992], [12.1255, 59.9978], [12.1264, 59.9963], [12.1275, 59.9947], [12.1285, 59.9932], [12.1295, 59.9917], [12.1295, 59.9916], [12.1299, 59.9915], [12.1313, 59.9908], [12.1342, 59.9894], [12.1359, 59.9886], [12.1377, 59.9877], [12.1407, 59.9873], [12.1425, 59.987], [12.1431, 59.9869], [12.1443, 59.9858], [12.1456, 59.9847], [12.1458, 59.9845], [12.147, 59.9834], [12.1484, 59.9821], [12.1498, 59.9808], [12.1514, 59.9794], [12.1528, 59.9782], [12.1536, 59.9774]]}}, {"type": "Feature", "properties": {"osm_type": "line", "voltage_kv": 132.0, "name": "Balsfjord - Mestervik, L1", "avail": 0}, "geometry": {"type": "LineString", "coordinates": [[19.2074, 69.1931], [19.2073, 69.1944], [19.207, 69.1974], [19.2011, 69.1997], [19.1964, 69.2015], [19.1926, 69.203], [19.1878, 69.2047], [19.1811, 69.2071], [19.177, 69.2085], [19.1741, 69.2096], [19.1689, 69.2115], [19.1637, 69.2133], [19.1607, 69.216], [19.1586, 69.218], [19.1578, 69.2197], [19.1565, 69.2224], [19.1557, 69.2241], [19.1545, 69.2265], [19.1534, 69.2288], [19.148, 69.231], [19.1447, 69.2323], [19.1396, 69.2344], [19.1364, 69.2357], [19.1296, 69.2385], [19.1253, 69.2396], [19.1207, 69.2408], [19.1153, 69.2423], [19.1109, 69.2434], [19.1058, 69.2448], [19.0999, 69.2463], [19.0949, 69.2476], [19.0903, 69.2488], [19.0853, 69.2502], [19.0789, 69.2519], [19.0783, 69.2522], [19.0726, 69.2549], [19.066, 69.2581], [19.0613, 69.2604], [19.056, 69.263], [19.0518, 69.2651], [19.0521, 69.2687], [19.0523, 69.2705], [19.0526, 69.2733], [19.0528, 69.2754], [19.053, 69.2769], [19.0533, 69.2797], [19.0533, 69.2804], [19.0536, 69.2833], [19.0539, 69.286], [19.0543, 69.2896], [19.0545, 69.2916], [19.0545, 69.2919], [19.0547, 69.2939], [19.055, 69.2968], [19.0526, 69.2996], [19.0499, 69.3012], [19.0459, 69.3036], [19.043, 69.3054], [19.0378, 69.3085], [19.035, 69.3102], [19.0314, 69.3123], [19.0293, 69.3136], [19.0254, 69.3159], [19.0219, 69.318], [19.0144, 69.3197], [19.0099, 69.3207], [19.0023, 69.3224], [18.9944, 69.3242], [18.9888, 69.3254], [18.9831, 69.3264], [18.9738, 69.328], [18.9647, 69.3296], [18.9587, 69.3306], [18.9484, 69.3323], [18.9414, 69.333], [18.9365, 69.3334], [18.9289, 69.3341], [18.9269, 69.3343], [18.9204, 69.3349], [18.9133, 69.3355], [18.9079, 69.336], [18.902, 69.3366], [18.897, 69.337], [18.8921, 69.3375]]}}, {"type": "Feature", "properties": {"osm_type": "line", "voltage_kv": 300.0, "name": "B\u00e6rheim - St\u00f8laheia L2", "avail": 52, "avail_node": "Forus trafostasjon"}, "geometry": {"type": "LineString", "coordinates": [[5.66, 58.944], [5.6575, 58.9462], [5.6545, 58.9477], [5.6507, 58.9497], [5.6464, 58.9531], [5.6446, 58.9555], [5.6463, 58.9576], [5.6482, 58.96], [5.6488, 58.9608]]}}, {"type": "Feature", "properties": {"osm_type": "line", "voltage_kv": 300.0, "name": "B\u00e6rheim - St\u00f8laheia L2", "avail": 52, "avail_node": "Forus trafostasjon"}, "geometry": {"type": "LineString", "coordinates": [[5.6951, 58.8859], [5.6952, 58.8873], [5.6955, 58.8912], [5.6958, 58.8948], [5.696, 58.8973], [5.6961, 58.9], [5.6963, 58.9027], [5.6964, 58.9046], [5.6943, 58.9069], [5.6948, 58.9085], [5.6954, 58.9105], [5.6931, 58.9136], [5.6913, 58.916], [5.6904, 58.9183], [5.6893, 58.9211], [5.6882, 58.9234], [5.6851, 58.9245], [5.6848, 58.9246]]}}, {"type": "Feature", "properties": {"osm_type": "line", "voltage_kv": 420.0, "name": "Tj\u00f8rhom - Ertsmyra ", "avail": 25, "avail_node": "ERTSMYRA"}, "geometry": {"type": "LineString", "coordinates": [[6.8205, 58.8783], [6.8238, 58.8775], [6.8249, 58.8757], [6.8255, 58.8748], [6.8265, 58.8706], [6.827, 58.8684], [6.8275, 58.8663], [6.8271, 58.8644], [6.8267, 58.8629], [6.8261, 58.8604], [6.8254, 58.8573], [6.8246, 58.8538], [6.8235, 58.849], [6.8226, 58.8454], [6.8222, 58.8437], [6.8217, 58.8414], [6.821, 58.8385], [6.8168, 58.8319], [6.816, 58.8307], [6.815, 58.829], [6.8145, 58.8263], [6.8137, 58.8222], [6.8134, 58.8202], [6.8131, 58.8185], [6.8151, 58.8137], [6.8167, 58.8098], [6.8176, 58.8077], [6.8188, 58.8048], [6.8193, 58.8015], [6.8199, 58.7975], [6.8203, 58.7946], [6.8206, 58.7927], [6.8251, 58.7873], [6.8278, 58.7841], [6.829, 58.7827], [6.8311, 58.7801], [6.8375, 58.7755], [6.8484, 58.7716], [6.8516, 58.7695], [6.8539, 58.768], [6.8536, 58.7676], [6.852, 58.7656], [6.8504, 58.7634], [6.8487, 58.7612], [6.8467, 58.7586], [6.8455, 58.7571], [6.8448, 58.7561], [6.8378, 58.753], [6.8331, 58.7506], [6.8291, 58.7481], [6.8256, 58.7459], [6.8215, 58.7433], [6.8172, 58.7404], [6.8144, 58.7385], [6.8124, 58.7372], [6.8075, 58.7339], [6.803, 58.7302], [6.8017, 58.7291], [6.7965, 58.7269], [6.79, 58.7241], [6.7867, 58.7228], [6.7822, 58.7209], [6.7789, 58.7195], [6.774, 58.7174], [6.7696, 58.7156], [6.7659, 58.714], [6.766, 58.7122], [6.7661, 58.7091], [6.7662, 58.7051], [6.7685, 58.7], [6.7701, 58.698], [6.7757, 58.6907], [6.7761, 58.6901], [6.7778, 58.6879], [6.7801, 58.685], [6.7767, 58.6831], [6.7751, 58.6823], [6.7697, 58.6815], [6.767, 58.6811], [6.7622, 58.6805], [6.7558, 58.6783], [6.7526, 58.6748], [6.7525, 58.6738]]}}, {"type": "Feature", "properties": {"osm_type": "line", "voltage_kv": 420.0, "name": "Sima - Aurland 1", "avail": 0}, "geometry": {"type": "LineString", "coordinates": [[7.1423, 60.5015], [7.1397, 60.5037], [7.1383, 60.5049], [7.1371, 60.5074], [7.1364, 60.509], [7.135, 60.5118], [7.133, 60.5162], [7.135, 60.5181], [7.1376, 60.5207], [7.1389, 60.5226], [7.1401, 60.5281], [7.1396, 60.5322], [7.1391, 60.5363], [7.1389, 60.5382], [7.1383, 60.5394], [7.1369, 60.5421], [7.134, 60.5444], [7.1285, 60.5486], [7.1209, 60.5543], [7.1184, 60.5581], [7.1131, 60.5633], [7.1145, 60.5691], [7.1149, 60.5706], [7.1153, 60.5726], [7.1154, 60.5767], [7.1168, 60.5822], [7.1204, 60.5864], [7.124, 60.5885], [7.1251, 60.5891], [7.1259, 60.5895], [7.1315, 60.5923], [7.1354, 60.5943], [7.1405, 60.5965], [7.1428, 60.6005], [7.1482, 60.6029], [7.1545, 60.6045], [7.1568, 60.6051], [7.1625, 60.607], [7.1677, 60.6087], [7.1773, 60.6114], [7.1857, 60.614], [7.1898, 60.6146], [7.1963, 60.6155], [7.2024, 60.6163], [7.2061, 60.6169], [7.2096, 60.6172], [7.216, 60.6178], [7.2231, 60.618], [7.2291, 60.6181], [7.2338, 60.6182], [7.2381, 60.6184], [7.2429, 60.6185], [7.2471, 60.6186], [7.2522, 60.6187], [7.2562, 60.6188], [7.2607, 60.619], [7.2653, 60.6186], [7.2696, 60.6183], [7.2741, 60.6179], [7.278, 60.6176], [7.2815, 60.6173], [7.2847, 60.6171], [7.2888, 60.6167], [7.2933, 60.6164], [7.2956, 60.6164], [7.2996, 60.6164], [7.303, 60.6164], [7.3072, 60.6164], [7.3122, 60.6165], [7.3163, 60.6176], [7.3195, 60.6186], [7.3245, 60.6201], [7.3247, 60.6225], [7.3248, 60.6243], [7.325, 60.6271], [7.325, 60.629], [7.325, 60.6318], [7.325, 60.6341], [7.3233, 60.6375], [7.3207, 60.6395], [7.3177, 60.6418], [7.3149, 60.6434], [7.3077, 60.6459], [7.3038, 60.6473], [7.2965, 60.649], [7.2915, 60.6499], [7.2847, 60.6513], [7.2779, 60.6526], [7.2724, 60.6537], [7.2668, 60.6549], [7.2624, 60.6558], [7.2585, 60.6571], [7.2546, 60.6584], [7.2509, 60.6597], [7.2458, 60.6606], [7.2409, 60.6615], [7.2361, 60.6638], [7.2314, 60.6661], [7.2289, 60.6674], [7.2214, 60.671], [7.2155, 60.6739], [7.2118, 60.6778], [7.2088, 60.681], [7.2067, 60.6833], [7.2053, 60.6847], [7.2036, 60.6891], [7.2014, 60.6948], [7.1994, 60.7001], [7.1994, 60.7066], [7.2018, 60.7109], [7.2034, 60.7152], [7.2072, 60.7182], [7.2081, 60.719], [7.2101, 60.7256], [7.211, 60.7287], [7.2107, 60.7308], [7.2088, 60.7337], [7.2056, 60.7384], [7.2031, 60.7425], [7.2043, 60.7449], [7.2062, 60.7468], [7.2098, 60.7504], [7.2119, 60.7536], [7.2136, 60.7562], [7.2204, 60.7591], [7.2235, 60.76], [7.2293, 60.7634], [7.2332, 60.7657], [7.2365, 60.7676], [7.2385, 60.7695], [7.2404, 60.7713], [7.2428, 60.7736], [7.246, 60.7766], [7.2502, 60.7806], [7.2523, 60.7826], [7.2545, 60.7848], [7.2553, 60.7857], [7.2567, 60.7875], [7.2589, 60.7903], [7.2603, 60.7921], [7.263, 60.7955], [7.267, 60.8007], [7.2683, 60.8024], [7.2696, 60.8041], [7.2705, 60.8064], [7.2711, 60.8083], [7.272, 60.8101], [7.2732, 60.8109], [7.2758, 60.8128], [7.2778, 60.8142], [7.2807, 60.8163], [7.2838, 60.8184], [7.2866, 60.8205], [7.289, 60.8222], [7.2911, 60.8237], [7.2931, 60.8251], [7.2954, 60.8267], [7.2975, 60.8282], [7.2999, 60.8295], [7.3024, 60.8308], [7.3056, 60.8325], [7.3084, 60.8339], [7.3112, 60.8358], [7.3136, 60.8373], [7.3163, 60.8391], [7.3165, 60.8435], [7.3166, 60.8451], [7.3153, 60.8477], [7.3146, 60.8486], [7.3132, 60.8507], [7.31, 60.8542], [7.307, 60.8568], [7.3036, 60.8599]]}}, {"type": "Feature", "properties": {"osm_type": "line", "voltage_kv": 300.0, "name": "Harpefoss - Nedre Vinstra", "avail": 5, "avail_node": "S\u00f8r-Fron"}, "geometry": {"type": "LineString", "coordinates": [[9.8362, 61.5825], [9.8354, 61.5826], [9.8266, 61.5828], [9.8194, 61.5826], [9.8141, 61.5811], [9.8095, 61.5798]]}}, {"type": "Feature", "properties": {"osm_type": "line", "voltage_kv": 132.0, "name": "T_Gandvik (Kirkenes) - Varangerbotn", "avail": 2, "avail_node": "Gandvik"}, "geometry": {"type": "LineString", "coordinates": [[29.1083, 70.0099], [29.1042, 70.011], [29.1012, 70.0121], [29.0993, 70.0128], [29.0978, 70.0133], [29.0959, 70.015], [29.0941, 70.0166], [29.0896, 70.0182], [29.0861, 70.0195], [29.0847, 70.02], [29.0819, 70.021], [29.0795, 70.0219], [29.0776, 70.0236], [29.0765, 70.0247], [29.0748, 70.0263], [29.073, 70.028], [29.072, 70.029], [29.0706, 70.0303], [29.0687, 70.0321], [29.0669, 70.0337], [29.0651, 70.0355], [29.0624, 70.0364], [29.0579, 70.038], [29.056, 70.0387], [29.0513, 70.04], [29.0474, 70.041], [29.0446, 70.0418], [29.0419, 70.0425], [29.0395, 70.0432], [29.0349, 70.0445], [29.033, 70.045], [29.0299, 70.0452], [29.0262, 70.0454], [29.0221, 70.0456], [29.0199, 70.0457], [29.0186, 70.0458], [29.0141, 70.0461], [29.0087, 70.0464], [29.0064, 70.0465], [29.0033, 70.0471], [29.0003, 70.0478], [28.9967, 70.0485], [28.9927, 70.0493], [28.9905, 70.0498], [28.9888, 70.0501], [28.9854, 70.0508], [28.9818, 70.0514], [28.9794, 70.0518], [28.9741, 70.0526], [28.9692, 70.0533], [28.9663, 70.0537], [28.9627, 70.0543], [28.959, 70.0547], [28.9548, 70.0551], [28.9512, 70.0555], [28.9473, 70.056], [28.9437, 70.0563], [28.9405, 70.0567], [28.9371, 70.0571], [28.9351, 70.0573], [28.9339, 70.0574], [28.9312, 70.0577], [28.9289, 70.058], [28.9236, 70.0585], [28.9216, 70.0587], [28.9159, 70.0591], [28.9103, 70.0595], [28.9084, 70.0597], [28.9028, 70.0601], [28.9001, 70.0603], [28.8945, 70.0594], [28.8925, 70.0591], [28.8903, 70.0594], [28.8865, 70.0598], [28.8844, 70.0601], [28.882, 70.0603], [28.8785, 70.0607], [28.8741, 70.0612], [28.872, 70.0614], [28.8661, 70.0621], [28.8608, 70.0627], [28.8574, 70.0631], [28.8553, 70.0633], [28.8517, 70.0637], [28.8485, 70.0641], [28.8464, 70.0643], [28.8431, 70.0647], [28.8392, 70.0651], [28.8357, 70.0655], [28.8321, 70.0659], [28.8286, 70.0662], [28.8237, 70.0667], [28.8198, 70.067], [28.8175, 70.0672], [28.8143, 70.0675], [28.8108, 70.0678], [28.8063, 70.0683], [28.8041, 70.0687], [28.8008, 70.0695], [28.797, 70.0703], [28.7926, 70.0703], [28.788, 70.0702], [28.7845, 70.0702], [28.7802, 70.0702], [28.7741, 70.0702], [28.7701, 70.0702], [28.7641, 70.0702], [28.7603, 70.0705], [28.7568, 70.0709], [28.7544, 70.0712], [28.7499, 70.0716], [28.7458, 70.0721], [28.7418, 70.0725], [28.7379, 70.0729], [28.7345, 70.0732], [28.7314, 70.0735], [28.7284, 70.0739], [28.7254, 70.0742], [28.7213, 70.0746], [28.7164, 70.0751], [28.7117, 70.0756], [28.7071, 70.0761], [28.7044, 70.0765], [28.7022, 70.0769], [28.7004, 70.0773], [28.6962, 70.078], [28.6919, 70.0788], [28.6889, 70.0793], [28.687, 70.0797], [28.6858, 70.0799], [28.6824, 70.0805], [28.6779, 70.0813], [28.6738, 70.082], [28.6706, 70.0826], [28.6668, 70.0836], [28.6635, 70.0845], [28.6602, 70.0854], [28.6574, 70.0861], [28.6527, 70.0873], [28.6487, 70.0884], [28.646, 70.0895], [28.6428, 70.0907], [28.6396, 70.0919], [28.6372, 70.0929], [28.6348, 70.0938], [28.6313, 70.0951], [28.6291, 70.096], [28.6261, 70.0972], [28.6244, 70.0978], [28.6233, 70.0983], [28.6205, 70.0988], [28.6158, 70.0996], [28.6113, 70.1005], [28.6086, 70.101], [28.6061, 70.1014], [28.6024, 70.1021], [28.598, 70.1029], [28.5959, 70.1033], [28.5924, 70.1039], [28.5885, 70.1047], [28.5844, 70.1054], [28.5814, 70.106], [28.5812, 70.106], [28.5777, 70.1067], [28.5744, 70.1073], [28.5711, 70.1079], [28.5679, 70.1085], [28.5667, 70.1089], [28.5656, 70.1094], [28.5633, 70.1102], [28.5623, 70.1112], [28.5606, 70.1127], [28.5592, 70.114], [28.5579, 70.1152], [28.556, 70.117], [28.555, 70.1179], [28.554, 70.1188], [28.5525, 70.1202], [28.5507, 70.1218], [28.5489, 70.1235], [28.5476, 70.1247], [28.5467, 70.1255], [28.5467, 70.1266], [28.5468, 70.1278], [28.5468, 70.1282], [28.5468, 70.13], [28.5469, 70.1306], [28.5469, 70.1317], [28.5469, 70.1326], [28.547, 70.1337], [28.547, 70.1348], [28.547, 70.136], [28.5471, 70.1373], [28.5471, 70.1389], [28.5472, 70.1405], [28.5472, 70.142], [28.5473, 70.1434], [28.5473, 70.1447], [28.5473, 70.1458], [28.5474, 70.1477], [28.5474, 70.149], [28.5475, 70.1507], [28.5475, 70.1525], [28.5476, 70.1543], [28.5476, 70.156], [28.5477, 70.1572], [28.5471, 70.1588], [28.5466, 70.1602], [28.546, 70.1616], [28.5455, 70.163], [28.545, 70.1644], [28.5445, 70.1658], [28.544, 70.1672], [28.5435, 70.1683], [28.5434, 70.1686]]}}, {"type": "Feature", "properties": {"osm_type": "line", "voltage_kv": 300.0, "name": "Hof - Tveiten", "avail": 23, "avail_node": "R\u00f8re\u00e5sen"}, "geometry": {"type": "LineString", "coordinates": [[10.1093, 59.5739], [10.1104, 59.5732], [10.1141, 59.5698], [10.1183, 59.566], [10.1212, 59.5631], [10.1239, 59.5602], [10.1272, 59.5567], [10.1296, 59.5542], [10.1332, 59.5511], [10.1378, 59.5471], [10.1402, 59.545], [10.1439, 59.5419], [10.1473, 59.5389], [10.1498, 59.5368], [10.1542, 59.5331], [10.1592, 59.5288], [10.1617, 59.5267], [10.1645, 59.5245], [10.1692, 59.5207], [10.1729, 59.5178], [10.177, 59.5145], [10.1808, 59.5115], [10.184, 59.509], [10.1851, 59.5081], [10.1855, 59.5077], [10.1882, 59.5058], [10.1914, 59.5036], [10.1959, 59.5003], [10.196, 59.5002], [10.1996, 59.4977], [10.2021, 59.4959], [10.204, 59.4945], [10.2067, 59.4916], [10.2096, 59.4885], [10.2132, 59.4847], [10.2164, 59.4813], [10.2184, 59.4792], [10.221, 59.4764], [10.224, 59.4732], [10.2281, 59.4688], [10.2308, 59.4659], [10.2334, 59.4632], [10.2374, 59.4589], [10.2405, 59.4556], [10.2422, 59.4533], [10.2424, 59.4531], [10.2455, 59.449], [10.2474, 59.446], [10.2489, 59.4436], [10.2507, 59.4408], [10.2536, 59.4363], [10.2562, 59.4323], [10.2564, 59.4321], [10.2591, 59.4283], [10.2609, 59.4259], [10.2637, 59.422], [10.2671, 59.4174], [10.2692, 59.4146], [10.2705, 59.4128], [10.2736, 59.4106], [10.2772, 59.408], [10.2811, 59.4051], [10.2836, 59.4034], [10.2884, 59.4], [10.2919, 59.3971], [10.2954, 59.3943], [10.2991, 59.3912], [10.2994, 59.391], [10.3042, 59.3876], [10.3087, 59.3844], [10.3113, 59.3826], [10.3161, 59.3792], [10.322, 59.375], [10.3256, 59.3724], [10.3309, 59.3687], [10.3333, 59.3666], [10.3371, 59.3634], [10.3402, 59.3608], [10.3439, 59.3576], [10.3466, 59.3553], [10.3479, 59.3532], [10.3504, 59.3493], [10.3523, 59.3465], [10.3543, 59.3437], [10.3567, 59.3402], [10.3591, 59.3369], [10.3611, 59.3341], [10.3645, 59.3315], [10.3665, 59.3302], [10.37, 59.33], [10.3702, 59.33], [10.3755, 59.3297]]}}, {"type": "Feature", "properties": {"osm_type": "line", "voltage_kv": 132.0, "name": "RE_132HL02_2", "avail": 9, "avail_node": "Kristiansund"}, "geometry": {"type": "LineString", "coordinates": [[7.9212, 63.1647], [7.9294, 63.1669]]}}, {"type": "Feature", "properties": {"osm_type": "line", "voltage_kv": 132.0, "name": "Aura - ASU", "avail": 0}, "geometry": {"type": "LineString", "coordinates": [[8.5292, 62.6655], [8.5302, 62.6664], [8.5319, 62.6681], [8.5352, 62.6689], [8.5398, 62.6702], [8.5438, 62.6714], [8.5478, 62.6727], [8.551, 62.6737]]}}, {"type": "Feature", "properties": {"osm_type": "line", "voltage_kv": 132.0, "name": "RE_132HL02_1", "avail": 9, "avail_node": "Kristiansund"}, "geometry": {"type": "LineString", "coordinates": [[7.814, 63.1066], [7.8143, 63.1066], [7.8149, 63.1066], [7.8151, 63.1066], [7.8154, 63.1066], [7.8161, 63.1066], [7.817, 63.1067], [7.8189, 63.1069], [7.8201, 63.107], [7.8202, 63.107], [7.8204, 63.107], [7.8226, 63.1072], [7.8248, 63.1075], [7.8262, 63.1076], [7.83, 63.1081], [7.8332, 63.1086], [7.8369, 63.1091], [7.8398, 63.1095], [7.8422, 63.1099], [7.8441, 63.1101], [7.8445, 63.1102], [7.845, 63.1103], [7.8479, 63.1107], [7.8503, 63.111], [7.8503, 63.111], [7.8505, 63.1111], [7.8505, 63.1111], [7.8505, 63.1111], [7.8518, 63.1114], [7.8538, 63.112], [7.8547, 63.1122], [7.856, 63.1124], [7.856, 63.1124], [7.8562, 63.1124], [7.8592, 63.1129], [7.8612, 63.1132], [7.8641, 63.1136], [7.8664, 63.1136], [7.8676, 63.1135], [7.8676, 63.1135], [7.8678, 63.1136], [7.8689, 63.1138], [7.8702, 63.114], [7.8706, 63.1141]]}}, {"type": "Feature", "properties": {"osm_type": "line", "voltage_kv": 132.0, "name": "Melbu - Stokmarknes", "avail": 0}, "geometry": {"type": "LineString", "coordinates": [[14.8596, 68.511], [14.8607, 68.5111], [14.8615, 68.5117], [14.864, 68.5136], [14.8653, 68.5146], [14.8667, 68.5156], [14.8685, 68.517], [14.8698, 68.518], [14.8713, 68.5191], [14.8736, 68.5209], [14.8749, 68.5219], [14.8766, 68.5231], [14.878, 68.5242], [14.8794, 68.5253], [14.881, 68.5264], [14.8818, 68.5271], [14.8829, 68.5279], [14.8845, 68.5291], [14.8877, 68.5295], [14.8899, 68.5297], [14.8922, 68.53], [14.8951, 68.5303], [14.899, 68.5308], [14.9027, 68.5312], [14.9075, 68.5317], [14.9113, 68.5321], [14.9146, 68.5325], [14.9181, 68.5329], [14.9217, 68.5333], [14.9261, 68.5338], [14.9305, 68.5343], [14.9343, 68.5347], [14.9382, 68.5351], [14.9414, 68.5355], [14.9462, 68.536], [14.9485, 68.5363], [14.9504, 68.5365], [14.9529, 68.5375], [14.9554, 68.5386], [14.9565, 68.5391], [14.9587, 68.5401], [14.9605, 68.5409], [14.9626, 68.5418], [14.966, 68.5433], [14.9683, 68.5443], [14.9705, 68.5453], [14.9735, 68.5466], [14.9764, 68.5478], [14.9775, 68.5483], [14.9795, 68.5492], [14.9812, 68.5499], [14.9836, 68.5508]]}}, {"type": "Feature", "properties": {"osm_type": "line", "voltage_kv": 132.0, "name": "Brandhol - T_Fagersletta (Grytten)", "avail": 0}, "geometry": {"type": "LineString", "coordinates": [[8.1481, 62.7908], [8.1492, 62.7872], [8.1501, 62.7841], [8.1507, 62.7821], [8.1512, 62.7804], [8.1515, 62.7791], [8.152, 62.7774], [8.1523, 62.7764], [8.1529, 62.7744], [8.1535, 62.7722], [8.1525, 62.7711], [8.151, 62.7695], [8.1493, 62.7676], [8.1471, 62.7652], [8.1453, 62.7632], [8.1447, 62.7624], [8.1452, 62.7595], [8.1453, 62.7584], [8.1455, 62.7573], [8.1457, 62.7559], [8.1462, 62.7534], [8.1466, 62.7504], [8.1469, 62.7488], [8.1474, 62.7459], [8.1477, 62.7434], [8.1478, 62.7424], [8.148, 62.7408], [8.1482, 62.7394], [8.1484, 62.7376], [8.1485, 62.7362], [8.1488, 62.7344], [8.1491, 62.7319], [8.1493, 62.73], [8.1495, 62.7281], [8.1498, 62.7262], [8.1501, 62.7234], [8.1503, 62.7215], [8.1505, 62.7201], [8.1507, 62.7187], [8.1509, 62.7167], [8.1524, 62.714], [8.1539, 62.7113], [8.1546, 62.7102], [8.1559, 62.708], [8.1567, 62.7066], [8.1574, 62.7053], [8.1605, 62.7], [8.1602, 62.6984], [8.1595, 62.6955], [8.159, 62.6933], [8.1584, 62.6905], [8.1578, 62.6881], [8.1575, 62.6867], [8.1572, 62.685], [8.1569, 62.6837], [8.1546, 62.6822], [8.148, 62.6806], [8.142, 62.6792], [8.1371, 62.6781]]}}, {"type": "Feature", "properties": {"osm_type": "line", "voltage_kv": 420.0, "name": "Kvilldal - Rjukan", "avail": 2, "avail_node": "BREIVE"}, "geometry": {"type": "LineString", "coordinates": [[6.6554, 59.5316], [6.6686, 59.5355], [6.6691, 59.5357], [6.6819, 59.5395], [6.6843, 59.5419], [6.6864, 59.5447], [6.6879, 59.5468], [6.6899, 59.5494], [6.6919, 59.5522], [6.6931, 59.5538], [6.6948, 59.5561], [6.6975, 59.5581], [6.7006, 59.5601], [6.7054, 59.5611], [6.7106, 59.5623], [6.7152, 59.5632], [6.7199, 59.5643], [6.7232, 59.5649], [6.7299, 59.5662], [6.7329, 59.5668], [6.7414, 59.5685], [6.7454, 59.5693], [6.7488, 59.5699], [6.7515, 59.5705], [6.7583, 59.5719], [6.7639, 59.573], [6.7673, 59.5737], [6.7779, 59.5759], [6.7835, 59.5763], [6.7893, 59.5762], [6.7942, 59.5762], [6.8007, 59.5772], [6.8138, 59.5792], [6.8284, 59.5812], [6.8306, 59.5815], [6.8361, 59.5823], [6.8392, 59.5828], [6.8435, 59.5834], [6.8483, 59.5847], [6.8508, 59.5854], [6.8553, 59.5867], [6.8589, 59.5884], [6.8631, 59.5904], [6.8688, 59.5922], [6.8714, 59.5925], [6.8747, 59.5947], [6.8787, 59.5972], [6.8825, 59.5996], [6.885, 59.6012], [6.8888, 59.6036], [6.8925, 59.6065], [6.8942, 59.6077], [6.8961, 59.6092], [6.8986, 59.6111], [6.9006, 59.6127], [6.9033, 59.6145], [6.9055, 59.616], [6.9084, 59.6176], [6.9112, 59.6192], [6.916, 59.6222], [6.9192, 59.6243], [6.9233, 59.6269], [6.9257, 59.6284], [6.9292, 59.6299], [6.9364, 59.6331], [6.9413, 59.6357], [6.9436, 59.6369], [6.9488, 59.6396], [6.9556, 59.6433], [6.9639, 59.6478], [6.9665, 59.6488], [6.9702, 59.6498], [6.9755, 59.6513], [6.9804, 59.6522], [6.9848, 59.6531], [6.9891, 59.6539], [6.9959, 59.6546], [7.0049, 59.6551], [7.0092, 59.6558], [7.0122, 59.6561], [7.0156, 59.6566], [7.0301, 59.6589], [7.0327, 59.6593], [7.04, 59.6605], [7.0486, 59.6634], [7.0509, 59.6641], [7.0587, 59.6667], [7.0656, 59.669], [7.078, 59.67], [7.0839, 59.6703], [7.0946, 59.6708], [7.1002, 59.6712], [7.1072, 59.6717], [7.1108, 59.6719], [7.1145, 59.6724], [7.1186, 59.6729], [7.1229, 59.6734], [7.1276, 59.6739], [7.1331, 59.6746], [7.1385, 59.6754], [7.1417, 59.6759], [7.1493, 59.6755], [7.153, 59.6754], [7.1571, 59.6752], [7.1621, 59.6751], [7.1664, 59.6749], [7.171, 59.6748], [7.1747, 59.6739], [7.1813, 59.6733], [7.1889, 59.6734], [7.1958, 59.6741], [7.2048, 59.6769], [7.2091, 59.6782]]}}, {"type": "Feature", "properties": {"osm_type": "line", "voltage_kv": 300.0, "name": "Aurland I - Sogndal", "avail": 0}, "geometry": {"type": "LineString", "coordinates": [[7.3018, 60.8656], [7.3001, 60.8722], [7.3005, 60.8783], [7.3004, 60.8799], [7.2992, 60.8863], [7.2987, 60.8891], [7.2984, 60.891], [7.3007, 60.8949], [7.303, 60.8987], [7.3046, 60.9013], [7.3065, 60.9045], [7.3081, 60.9071], [7.312, 60.91], [7.3152, 60.9124], [7.3188, 60.915], [7.3225, 60.9177], [7.3253, 60.9198], [7.3287, 60.9223], [7.3316, 60.9245], [7.3353, 60.9272], [7.339, 60.9299], [7.3425, 60.9325], [7.3459, 60.935], [7.3496, 60.9377], [7.35, 60.9411], [7.3504, 60.9446], [7.3508, 60.948], [7.3504, 60.9507], [7.35, 60.9535], [7.3492, 60.9569], [7.3482, 60.9604], [7.3474, 60.9637], [7.3448, 60.9663], [7.3413, 60.9699], [7.3373, 60.9739], [7.3353, 60.9758], [7.3305, 60.9771], [7.3263, 60.9782], [7.3214, 60.9795], [7.3146, 60.9813], [7.3091, 60.9827], [7.3023, 60.9845], [7.2978, 60.9857], [7.2931, 60.9869], [7.2877, 60.9886], [7.2792, 60.9912], [7.277, 60.9917], [7.2708, 60.9929], [7.2648, 60.9942], [7.2587, 60.9955], [7.2546, 60.9969], [7.2486, 60.9989], [7.2429, 61.0008], [7.2383, 61.0024], [7.2323, 61.0044], [7.2285, 61.0056], [7.224, 61.0061], [7.2194, 61.0065], [7.2137, 61.007], [7.2075, 61.0076], [7.2008, 61.0082], [7.1946, 61.0094], [7.1888, 61.0106], [7.1819, 61.0119], [7.176, 61.0131], [7.1694, 61.0144], [7.1637, 61.0156], [7.1583, 61.0166], [7.1526, 61.0178], [7.1462, 61.019], [7.1427, 61.0197], [7.1389, 61.0217], [7.1348, 61.0237], [7.1311, 61.0256], [7.1282, 61.027], [7.1244, 61.0289], [7.1198, 61.0312], [7.116, 61.0331], [7.1097, 61.0362], [7.1051, 61.0386], [7.1009, 61.0407], [7.0975, 61.0424], [7.0956, 61.0449], [7.0937, 61.0476], [7.0922, 61.0497], [7.0912, 61.051], [7.0894, 61.0535], [7.0881, 61.0563], [7.087, 61.0587], [7.0854, 61.0622], [7.0842, 61.0648], [7.0827, 61.068], [7.0816, 61.0704], [7.0801, 61.0736], [7.0785, 61.0772], [7.0771, 61.0802], [7.0755, 61.0837], [7.0749, 61.0849], [7.0738, 61.0873], [7.0721, 61.0911], [7.07, 61.0956], [7.0689, 61.0979], [7.0677, 61.1005], [7.0663, 61.1037], [7.0659, 61.1045], [7.0655, 61.1057], [7.0616, 61.1158], [7.0577, 61.1258], [7.0538, 61.1359], [7.0499, 61.1459], [7.0498, 61.1469], [7.0514, 61.1502], [7.0531, 61.1536], [7.0573, 61.1568], [7.0601, 61.1589], [7.0628, 61.1609], [7.0624, 61.1629], [7.0621, 61.1643], [7.0616, 61.1664], [7.0611, 61.1687], [7.0606, 61.1712], [7.0601, 61.1734], [7.0573, 61.1752], [7.0546, 61.1769], [7.0509, 61.1792], [7.0458, 61.1805], [7.0441, 61.1812], [7.019, 61.1874], [7.0181, 61.188], [7.0182, 61.1887], [7.0184, 61.1893], [7.0187, 61.1923], [7.0193, 61.197], [7.0197, 61.2002], [7.0212, 61.2043], [7.0215, 61.2053], [7.0222, 61.2074], [7.0228, 61.21], [7.0236, 61.2149], [7.0237, 61.2157]]}}, {"type": "Feature", "properties": {"osm_type": "line", "voltage_kv": 132.0, "name": "Minnesund - Songkj\u00f8len", "avail": 8, "avail_node": "Hammerstad"}, "geometry": {"type": "LineString", "coordinates": [[11.2381, 60.3884], [11.239, 60.3883], [11.2408, 60.3881], [11.2436, 60.3877], [11.2507, 60.3845], [11.2535, 60.3832], [11.2559, 60.3822], [11.2564, 60.3819], [11.2594, 60.3806], [11.2616, 60.3796], [11.2637, 60.3786], [11.2658, 60.3777], [11.2685, 60.3765], [11.2706, 60.3755], [11.2717, 60.3749], [11.2727, 60.3745], [11.2733, 60.3742], [11.2763, 60.3728], [11.2783, 60.3719], [11.2796, 60.3713], [11.2804, 60.3709], [11.2823, 60.37], [11.2849, 60.3688], [11.2871, 60.3678], [11.2894, 60.3668], [11.2917, 60.3658], [11.2939, 60.3646], [11.2961, 60.3635], [11.2981, 60.3625], [11.3, 60.3615], [11.3027, 60.3601], [11.3052, 60.3588], [11.3071, 60.3578], [11.309, 60.3569], [11.3118, 60.3554], [11.3135, 60.3546], [11.3156, 60.3535], [11.3178, 60.3523], [11.3206, 60.3509], [11.3239, 60.3492], [11.3265, 60.3479], [11.3284, 60.3469], [11.3299, 60.3461], [11.3303, 60.3459], [11.3318, 60.3452], [11.334, 60.344], [11.3341, 60.344], [11.3366, 60.3427], [11.3386, 60.3417], [11.3407, 60.3406], [11.3426, 60.3396], [11.3441, 60.3388], [11.3457, 60.338], [11.3477, 60.337], [11.3501, 60.3357], [11.3517, 60.3349], [11.3543, 60.3336], [11.3561, 60.3327], [11.3584, 60.3315], [11.3609, 60.3302], [11.3622, 60.3295], [11.3647, 60.3283], [11.3671, 60.327], [11.3686, 60.3263], [11.3701, 60.3255], [11.3727, 60.3242], [11.375, 60.3229], [11.3775, 60.3216], [11.3798, 60.3205], [11.3824, 60.3192], [11.384, 60.3183], [11.3855, 60.3175], [11.3867, 60.3169], [11.389, 60.3157], [11.391, 60.3147], [11.3935, 60.3134], [11.396, 60.3121], [11.3983, 60.3109], [11.3999, 60.3101], [11.4013, 60.3094], [11.4024, 60.3088], [11.4055, 60.3072], [11.4067, 60.3066], [11.4082, 60.3058], [11.4102, 60.3048], [11.412, 60.3039], [11.4137, 60.303], [11.4164, 60.302], [11.4192, 60.3009], [11.4213, 60.3001], [11.4233, 60.2993], [11.426, 60.2982], [11.4282, 60.2974], [11.4303, 60.2966], [11.4317, 60.296], [11.4316, 60.2961], [11.4325, 60.2965], [11.4347, 60.2977], [11.4398, 60.3005], [11.4429, 60.3021], [11.4458, 60.3018], [11.453, 60.3011], [11.4604, 60.3003], [11.4639, 60.301], [11.4689, 60.3021], [11.4715, 60.3037], [11.4766, 60.307], [11.478, 60.3079], [11.4822, 60.3106], [11.4845, 60.3121], [11.4879, 60.3138], [11.4926, 60.3162], [11.4936, 60.3182], [11.4951, 60.3214], [11.496, 60.3235], [11.4973, 60.326], [11.4985, 60.3285], [11.4997, 60.3301], [11.5009, 60.3318], [11.502, 60.3332]]}}, {"type": "Feature", "properties": {"osm_type": "line", "voltage_kv": 300.0, "name": "Frogner - R\u00f8yk\u00e5s", "avail": 63, "avail_node": "Gr\u00f8nland"}, "geometry": {"type": "LineString", "coordinates": [[11.1287, 60.0047], [11.1265, 60.0047], [11.1215, 60.0047], [11.1151, 60.0046], [11.111, 60.0046], [11.11, 60.0046], [11.1052, 60.0059], [11.1019, 60.0068], [11.0958, 60.0085], [11.0951, 60.0084], [11.0906, 60.0075], [11.0853, 60.0065], [11.0828, 60.006], [11.0763, 60.0047], [11.0731, 60.004], [11.0706, 60.0025], [11.0693, 60.0017], [11.0686, 60.0012], [11.0686, 60.0012], [11.0671, 60.0003], [11.0638, 59.9982], [11.0597, 59.9955], [11.056, 59.993], [11.0526, 59.9922], [11.0501, 59.9917], [11.0446, 59.9907], [11.0401, 59.99], [11.0358, 59.9892], [11.0297, 59.9882], [11.0258, 59.9866], [11.0224, 59.9852], [11.0187, 59.986], [11.0158, 59.9867], [11.0101, 59.9864], [11.0045, 59.9862], [11.0008, 59.985], [11.0, 59.9847], [10.9959, 59.9834], [10.9945, 59.9825], [10.9945, 59.9825], [10.9928, 59.9814], [10.9908, 59.9802], [10.9877, 59.9783], [10.9871, 59.9767], [10.987, 59.9765], [10.9857, 59.9733], [10.9848, 59.971], [10.9846, 59.9705], [10.9841, 59.9691], [10.9808, 59.9669], [10.9777, 59.9648], [10.9736, 59.9621], [10.9716, 59.9608], [10.9669, 59.959], [10.9637, 59.9576], [10.9613, 59.9566], [10.9578, 59.9534], [10.9555, 59.9514], [10.9528, 59.9491], [10.9511, 59.9475], [10.9507, 59.9471], [10.9477, 59.9449], [10.9435, 59.9418], [10.9406, 59.9407], [10.9376, 59.9397], [10.9353, 59.9385], [10.9323, 59.937], [10.9317, 59.9367], [10.9317, 59.9365], [10.9319, 59.9336], [10.932, 59.933]]}}, {"type": "Feature", "properties": {"osm_type": "line", "voltage_kv": 132.0, "name": "\u00c5SKORA-SVELGEN DEL 1", "avail": 12, "avail_node": "\u00c5lfoten"}, "geometry": {"type": "LineString", "coordinates": [[5.5635, 61.8317], [5.5637, 61.8315], [5.5637, 61.8315], [5.5678, 61.8278], [5.5688, 61.8269], [5.5709, 61.8249], [5.5709, 61.8249], [5.5932, 61.8128], [5.6359, 61.8139], [5.6403, 61.8127], [5.6414, 61.8126], [5.6519, 61.812], [5.6555, 61.8122]]}}, {"type": "Feature", "properties": {"osm_type": "line", "voltage_kv": 300.0, "name": "R\u00f8d - Tveiten", "avail": 14, "avail_node": "Frogner"}, "geometry": {"type": "LineString", "coordinates": [[9.6623, 59.3071], [9.6698, 59.3075], [9.6731, 59.3077], [9.6805, 59.3081], [9.6879, 59.3085], [9.691, 59.3087], [9.6946, 59.309], [9.7048, 59.3097], [9.7093, 59.3101], [9.7147, 59.3106], [9.7211, 59.3112], [9.7294, 59.3126], [9.7346, 59.3135], [9.7465, 59.3156], [9.7536, 59.3168], [9.7574, 59.3175], [9.7645, 59.3187], [9.7706, 59.3194], [9.7814, 59.3206], [9.7861, 59.32], [9.7912, 59.3193], [9.7974, 59.3184], [9.8056, 59.3173], [9.8122, 59.3164], [9.8177, 59.3156], [9.8231, 59.3149], [9.833, 59.3135], [9.8351, 59.3132], [9.8387, 59.3133], [9.8458, 59.3137], [9.8514, 59.3139], [9.8533, 59.314], [9.8595, 59.3143], [9.862, 59.3144], [9.862, 59.3144]]}}, {"type": "Feature", "properties": {"osm_type": "line", "voltage_kv": 300.0, "name": "R\u00f8d - Tveiten", "avail": 23, "avail_node": "R\u00f8re\u00e5sen"}, "geometry": {"type": "LineString", "coordinates": [[9.863, 59.3144], [9.8639, 59.3144], [9.8694, 59.3147], [9.8776, 59.3152], [9.8783, 59.3153], [9.8804, 59.3154], [9.8815, 59.3155], [9.8867, 59.3158], [9.8977, 59.3166], [9.9034, 59.3169], [9.9078, 59.3172], [9.9124, 59.3175], [9.9158, 59.3178], [9.9197, 59.318], [9.9228, 59.3181], [9.9305, 59.3183], [9.9362, 59.3185], [9.9394, 59.3186], [9.9425, 59.3187], [9.9502, 59.3189], [9.9599, 59.3192], [9.9679, 59.3194], [9.9706, 59.3195], [9.9776, 59.3197], [9.9832, 59.3199], [9.9892, 59.32], [9.9949, 59.3202], [9.998, 59.3203], [10.0049, 59.3204], [10.01, 59.3205], [10.019, 59.3207], [10.0245, 59.3208], [10.033, 59.3208], [10.042, 59.3207], [10.0535, 59.3208], [10.0579, 59.321], [10.064, 59.3213], [10.069, 59.3216], [10.0735, 59.3218], [10.0815, 59.3222], [10.0887, 59.3225], [10.0936, 59.3228], [10.1031, 59.3232], [10.1064, 59.3234], [10.1086, 59.3235], [10.116, 59.3239], [10.1206, 59.3241], [10.1234, 59.3244], [10.1273, 59.3248], [10.1355, 59.3258], [10.1407, 59.3256], [10.1474, 59.3253], [10.1546, 59.3249], [10.156, 59.3249], [10.1627, 59.3246], [10.1699, 59.325], [10.1752, 59.3253], [10.1766, 59.3254], [10.1861, 59.326], [10.1923, 59.3264], [10.1973, 59.3267], [10.203, 59.327], [10.209, 59.3274], [10.2145, 59.3277], [10.2219, 59.3281], [10.2292, 59.3285], [10.2375, 59.329], [10.2397, 59.3291], [10.2455, 59.3293], [10.2495, 59.3295], [10.2622, 59.3301], [10.268, 59.3303], [10.2738, 59.3309], [10.2743, 59.3309], [10.2819, 59.3312], [10.2889, 59.3304], [10.2955, 59.3297], [10.2988, 59.3294], [10.3055, 59.3287], [10.3058, 59.3287], [10.313, 59.3278], [10.318, 59.328], [10.3246, 59.3283], [10.3257, 59.3283], [10.3316, 59.3286], [10.3386, 59.3288], [10.345, 59.3291], [10.351, 59.3293], [10.3577, 59.3296], [10.3668, 59.3299], [10.3696, 59.3298], [10.3698, 59.3298], [10.3755, 59.3295]]}}, {"type": "Feature", "properties": {"osm_type": "line", "voltage_kv": 300.0, "name": "R\u00f8d - Tveiten", "avail": 18, "avail_node": "Moflata"}, "geometry": {"type": "LineString", "coordinates": [[9.5485, 59.2748], [9.5502, 59.2767], [9.552, 59.2787], [9.5544, 59.2813], [9.5567, 59.2838], [9.5584, 59.2847], [9.5631, 59.2871], [9.5676, 59.2893], [9.5678, 59.2895], [9.5679, 59.2895], [9.5717, 59.2914], [9.5729, 59.292], [9.5806, 59.2961], [9.5846, 59.2968], [9.5897, 59.2977], [9.5923, 59.2981], [9.6043, 59.3002], [9.6079, 59.3009], [9.6123, 59.3016], [9.6148, 59.3021], [9.6269, 59.3042], [9.6312, 59.3049], [9.6429, 59.3067], [9.6436, 59.3067], [9.6485, 59.3068], [9.654, 59.3069], [9.6593, 59.307]]}}, {"type": "Feature", "properties": {"osm_type": "line", "voltage_kv": 300.0, "name": "Midtfjellet - B\u00f8rtveit", "avail": 2, "avail_node": "\u00c5rskog"}, "geometry": {"type": "LineString", "coordinates": [[5.4014, 59.9323], [5.4028, 59.9327], [5.4149, 59.9363], [5.4179, 59.9372], [5.4217, 59.9384], [5.4289, 59.9378], [5.4355, 59.9349], [5.4397, 59.933], [5.4441, 59.931], [5.4468, 59.9297], [5.4511, 59.9273], [5.4553, 59.9248], [5.4589, 59.9227], [5.4647, 59.9193], [5.4717, 59.9152], [5.4753, 59.9131], [5.4777, 59.9117], [5.4849, 59.9075], [5.4873, 59.9061], [5.4904, 59.9033], [5.4947, 59.8994], [5.4994, 59.8931], [5.5016, 59.8901], [5.5027, 59.8885], [5.5057, 59.887]]}}, {"type": "Feature", "properties": {"osm_type": "line", "voltage_kv": 420.0, "name": "Rjukan - Sylling", "avail": 31, "avail_node": "Bragernes "}, "geometry": {"type": "LineString", "coordinates": [[8.6834, 59.8817], [8.6867, 59.8808], [8.6921, 59.8797], [8.697, 59.8787], [8.7032, 59.8775], [8.7092, 59.8759], [8.7143, 59.8748], [8.7193, 59.874], [8.7289, 59.8723], [8.7381, 59.8712], [8.7453, 59.8703], [8.7537, 59.8695], [8.7603, 59.8678], [8.765, 59.8666], [8.7713, 59.865], [8.7785, 59.8631], [8.7815, 59.8623], [8.7855, 59.8612], [8.7899, 59.8607], [8.7937, 59.8602], [8.7947, 59.8595], [8.796, 59.8585], [8.8004, 59.8561], [8.804, 59.8542], [8.8066, 59.8527], [8.8116, 59.8499], [8.8128, 59.848], [8.8159, 59.8452], [8.8213, 59.8424], [8.8271, 59.8405], [8.8341, 59.8377], [8.8381, 59.8371], [8.8452, 59.836], [8.8543, 59.8346], [8.8598, 59.8337], [8.8685, 59.8323], [8.875, 59.8313], [8.8823, 59.8302], [8.8892, 59.8291], [8.8962, 59.828], [8.9014, 59.8272], [8.9078, 59.8262], [8.9146, 59.825], [8.9191, 59.8241], [8.9268, 59.8221], [8.9358, 59.8197], [8.9398, 59.8186], [8.9522, 59.8152], [8.9582, 59.8136], [8.9625, 59.8124], [8.9703, 59.81], [8.9742, 59.8088], [8.9812, 59.8067], [8.9843, 59.8037], [8.9874, 59.8008], [8.9897, 59.7986], [8.9922, 59.7962], [8.9946, 59.794], [8.9959, 59.7923], [9.0003, 59.7875], [9.002, 59.7854], [9.0043, 59.7854], [9.0231, 59.7851], [9.026, 59.7845], [9.0288, 59.7838], [9.0407, 59.7811], [9.0453, 59.7801], [9.0503, 59.7789], [9.0583, 59.7771], [9.0636, 59.7758], [9.0741, 59.7734], [9.0806, 59.7719], [9.0849, 59.7709], [9.0879, 59.7702], [9.0945, 59.7683], [9.1047, 59.7654], [9.1104, 59.7636], [9.1137, 59.7625], [9.1236, 59.7591], [9.1309, 59.7567], [9.1317, 59.7568], [9.1326, 59.7568], [9.1402, 59.7543], [9.1488, 59.7514], [9.1576, 59.7484], [9.1621, 59.7469], [9.1682, 59.7448], [9.1778, 59.7438], [9.184, 59.7432], [9.1952, 59.7421], [9.2086, 59.7412], [9.2105, 59.7411], [9.2186, 59.7406], [9.2289, 59.7403], [9.2306, 59.7403], [9.2364, 59.7401], [9.2441, 59.7399], [9.2527, 59.7397], [9.2603, 59.7395], [9.2682, 59.7393], [9.2742, 59.7389], [9.2823, 59.7384], [9.2886, 59.738], [9.2979, 59.7374], [9.3036, 59.7371], [9.3123, 59.7376], [9.3205, 59.738], [9.327, 59.7373], [9.3345, 59.7364], [9.34, 59.7358], [9.3483, 59.7349], [9.3562, 59.734], [9.3597, 59.7333], [9.3613, 59.733], [9.3625, 59.7327], [9.369, 59.7326], [9.3709, 59.7326], [9.377, 59.7325], [9.3807, 59.7325], [9.385, 59.7324], [9.3866, 59.7324], [9.3943, 59.7323], [9.3946, 59.7323], [9.395, 59.7323], [9.3974, 59.7323], [9.4032, 59.7324], [9.4089, 59.7325], [9.4154, 59.7325], [9.4231, 59.7326], [9.4322, 59.7328], [9.4383, 59.7328], [9.445, 59.7329], [9.4566, 59.7331], [9.4639, 59.7331], [9.4711, 59.7332], [9.4779, 59.7333], [9.486, 59.7334], [9.4932, 59.7335], [9.5006, 59.7335], [9.5062, 59.7337], [9.5143, 59.7339], [9.5234, 59.7342], [9.5322, 59.7344], [9.5409, 59.7346], [9.541, 59.7346], [9.5421, 59.7346], [9.5511, 59.7349], [9.5576, 59.7352], [9.5655, 59.7357], [9.579, 59.7365], [9.5886, 59.737], [9.5889, 59.737], [9.5993, 59.7375], [9.5996, 59.7376], [9.6056, 59.7379], [9.6141, 59.7383], [9.6233, 59.7388], [9.6285, 59.7391], [9.6368, 59.7395], [9.6416, 59.7397], [9.6491, 59.7401], [9.6541, 59.7402], [9.6597, 59.7403], [9.6784, 59.7381], [9.6843, 59.7373], [9.6895, 59.7367], [9.6947, 59.7361], [9.6951, 59.736], [9.7027, 59.7351], [9.7102, 59.7342], [9.7168, 59.7334], [9.7244, 59.7324], [9.7321, 59.7317], [9.7425, 59.7308], [9.7507, 59.73], [9.7599, 59.7292], [9.7688, 59.7283], [9.7754, 59.7278], [9.7849, 59.7272], [9.7911, 59.7269], [9.8002, 59.7264], [9.8102, 59.7265], [9.8167, 59.7277], [9.8167, 59.7277], [9.818, 59.728], [9.8185, 59.728], [9.8195, 59.7279], [9.8199, 59.7279], [9.8202, 59.7277], [9.8226, 59.7292], [9.8272, 59.7317], [9.8316, 59.7341], [9.8346, 59.7358], [9.8393, 59.7383], [9.843, 59.7404], [9.8474, 59.7429], [9.8509, 59.7449], [9.8546, 59.7469], [9.8572, 59.7492], [9.8596, 59.7513], [9.8622, 59.7537], [9.8643, 59.7555], [9.8648, 59.7559], [9.8658, 59.7586], [9.8669, 59.7617], [9.868, 59.7646], [9.869, 59.7674], [9.8704, 59.7697], [9.8713, 59.7713], [9.8726, 59.7733], [9.8747, 59.7746], [9.8752, 59.7749], [9.8797, 59.7774], [9.8798, 59.7775], [9.8798, 59.7775], [9.8818, 59.7786], [9.8821, 59.7788], [9.8846, 59.7803], [9.8879, 59.7822], [9.8907, 59.7845], [9.8937, 59.7869], [9.8956, 59.7884], [9.8996, 59.7919], [9.9014, 59.7935], [9.9018, 59.7936], [9.9055, 59.7948], [9.9106, 59.7964], [9.9112, 59.7965], [9.9113, 59.7966], [9.9114, 59.7966], [9.9114, 59.7966], [9.9114, 59.7966], [9.9148, 59.7976], [9.9215, 59.7991], [9.9251, 59.7999], [9.9287, 59.8007], [9.9337, 59.8018], [9.9387, 59.8029], [9.9442, 59.8042], [9.9498, 59.8054], [9.9551, 59.8066], [9.9623, 59.8082], [9.9679, 59.809], [9.9728, 59.8098], [9.9751, 59.8101], [9.9817, 59.8111], [9.9887, 59.8121], [9.9944, 59.813], [10.0006, 59.8138], [10.0048, 59.8145], [10.0107, 59.8153], [10.0161, 59.8165], [10.0214, 59.8177], [10.0247, 59.8184], [10.0297, 59.8195], [10.0353, 59.8208], [10.04, 59.8218], [10.0464, 59.8234], [10.0517, 59.8247], [10.0569, 59.8259], [10.0637, 59.8274], [10.0669, 59.8287], [10.0708, 59.8303], [10.075, 59.832], [10.0771, 59.8329], [10.0804, 59.8342], [10.0845, 59.8359], [10.0888, 59.8376], [10.0943, 59.8399], [10.102, 59.843], [10.1064, 59.8446], [10.1128, 59.8471], [10.1152, 59.848], [10.1175, 59.8489], [10.123, 59.851], [10.1261, 59.8521], [10.1317, 59.8543], [10.1352, 59.8556], [10.144, 59.8568], [10.1509, 59.8577], [10.1541, 59.8582], [10.1593, 59.8589], [10.1679, 59.8601], [10.1719, 59.8605], [10.1749, 59.8608], [10.1788, 59.8611], [10.1818, 59.8614], [10.1865, 59.8618], [10.1924, 59.8623], [10.1998, 59.8637], [10.2058, 59.8648], [10.2105, 59.8655]]}}, {"type": "Feature", "properties": {"osm_type": "line", "voltage_kv": 300.0, "name": "Usta - Hemsil 2", "avail": 0}, "geometry": {"type": "LineString", "coordinates": [[8.4173, 60.5739], [8.4208, 60.5739], [8.4268, 60.5738], [8.4329, 60.5737], [8.4392, 60.5737], [8.4436, 60.5736], [8.449, 60.5736], [8.4535, 60.5749], [8.4587, 60.5764], [8.4627, 60.5776], [8.4668, 60.5788], [8.4707, 60.5799], [8.4755, 60.5813], [8.4791, 60.5824], [8.482, 60.5832], [8.4855, 60.5842], [8.4878, 60.5853], [8.4903, 60.5865], [8.4933, 60.5879], [8.4965, 60.5895], [8.4993, 60.5908], [8.5024, 60.5923], [8.5054, 60.5937], [8.5084, 60.5952], [8.5116, 60.5967], [8.5155, 60.5985], [8.5185, 60.5999], [8.5222, 60.6017], [8.5259, 60.6035], [8.5305, 60.6049], [8.5345, 60.6061], [8.5396, 60.6076], [8.5441, 60.6089], [8.5483, 60.6102], [8.5529, 60.6116], [8.5574, 60.6129], [8.561, 60.614], [8.565, 60.6152], [8.5695, 60.6166], [8.5737, 60.6178], [8.5777, 60.619], [8.582, 60.6203], [8.5862, 60.6214], [8.5899, 60.6223], [8.5922, 60.6229], [8.5969, 60.6229], [8.6007, 60.623], [8.6053, 60.623], [8.61, 60.623], [8.614, 60.6231], [8.6189, 60.623], [8.6234, 60.623], [8.6256, 60.623], [8.6318, 60.623], [8.6365, 60.6229], [8.6411, 60.6229], [8.6452, 60.6229], [8.6496, 60.6228], [8.6541, 60.6228], [8.6583, 60.6228], [8.6624, 60.6228], [8.6665, 60.6227], [8.6707, 60.6227], [8.6755, 60.6227], [8.6799, 60.6227], [8.683, 60.6234], [8.6866, 60.6243], [8.6905, 60.6252], [8.6944, 60.6261], [8.6979, 60.627], [8.7005, 60.6276], [8.7041, 60.6285], [8.7076, 60.6293], [8.7115, 60.6302], [8.7164, 60.6314], [8.7207, 60.6324], [8.7244, 60.6333], [8.728, 60.6342], [8.7336, 60.6355], [8.7377, 60.6365], [8.7418, 60.6375], [8.7465, 60.6389], [8.7497, 60.64], [8.7526, 60.641], [8.7565, 60.6424], [8.76, 60.6436], [8.7641, 60.6451], [8.7682, 60.6465], [8.772, 60.6478], [8.7754, 60.649], [8.7792, 60.6503], [8.7837, 60.6519], [8.7875, 60.6532], [8.7906, 60.6543], [8.7945, 60.6557], [8.7983, 60.657], [8.8029, 60.6586], [8.8066, 60.6599], [8.8106, 60.6613], [8.8157, 60.6631], [8.8212, 60.665], [8.8265, 60.6669], [8.8299, 60.6681], [8.8332, 60.6692], [8.8387, 60.6711], [8.8442, 60.6731], [8.8497, 60.675], [8.8587, 60.676], [8.8643, 60.6766], [8.8709, 60.6773], [8.8772, 60.678], [8.8833, 60.6787], [8.8913, 60.6795], [8.8952, 60.6803], [8.9003, 60.6813], [8.9053, 60.6823], [8.9097, 60.6832], [8.9139, 60.684], [8.9185, 60.6849], [8.9231, 60.6858], [8.9279, 60.6868], [8.9338, 60.688], [8.9405, 60.6893], [8.9475, 60.6907], [8.953, 60.6918], [8.9584, 60.6928], [8.9637, 60.6939], [8.9681, 60.6948], [8.9736, 60.6958], [8.9774, 60.6966], [8.98, 60.6971], [8.9799, 60.6972], [8.9799, 60.6975], [8.978, 60.7023], [8.978, 60.7023], [8.9777, 60.7031], [8.9761, 60.7036]]}}, {"type": "Feature", "properties": {"osm_type": "line", "voltage_kv": 420.0, "name": "Ertsmyra - Kvinesdal L1", "avail": 28, "avail_node": "AUSTERDALEN"}, "geometry": {"type": "LineString", "coordinates": [[6.7569, 58.6684], [6.7569, 58.6682], [6.7569, 58.666], [6.753, 58.6615], [6.7508, 58.6589], [6.7489, 58.6567], [6.7481, 58.6558], [6.7475, 58.6551], [6.7463, 58.6537], [6.7441, 58.6511], [6.7422, 58.6489], [6.7406, 58.647], [6.7374, 58.6433], [6.7348, 58.6403], [6.7344, 58.6383], [6.7337, 58.6352], [6.735, 58.6325], [6.737, 58.6286], [6.7383, 58.6266], [6.741, 58.6226], [6.7434, 58.6192], [6.7448, 58.6171], [6.7461, 58.6153], [6.753, 58.6078], [6.7556, 58.605], [6.7573, 58.5996], [6.7582, 58.5965], [6.7594, 58.5929], [6.7608, 58.5882], [6.7621, 58.5841], [6.763, 58.5815], [6.7638, 58.5788], [6.7642, 58.5769], [6.765, 58.573], [6.7657, 58.5695], [6.7661, 58.5678], [6.7671, 58.563], [6.7693, 58.5571], [6.7705, 58.5539], [6.772, 58.5501], [6.7732, 58.5473], [6.7749, 58.543], [6.776, 58.54], [6.7775, 58.5361], [6.7787, 58.5332], [6.7799, 58.5302], [6.7821, 58.5246], [6.783, 58.5222], [6.7851, 58.5197], [6.7863, 58.5182], [6.7904, 58.5133], [6.7916, 58.5099], [6.7925, 58.5076], [6.7936, 58.5046], [6.7969, 58.4993], [6.7987, 58.4964], [6.8021, 58.4926], [6.8045, 58.4899], [6.8079, 58.4861], [6.8113, 58.4822], [6.8138, 58.4794], [6.8177, 58.4755], [6.8194, 58.4739], [6.8217, 58.4716], [6.8253, 58.4683], [6.8258, 58.4677], [6.8267, 58.4669], [6.8302, 58.4636], [6.8346, 58.4594], [6.8375, 58.4567], [6.8417, 58.4527], [6.8484, 58.4476], [6.8512, 58.4417], [6.8522, 58.4396], [6.854, 58.4367], [6.8555, 58.4344], [6.8572, 58.4312], [6.8607, 58.4248], [6.8624, 58.4215], [6.8638, 58.4189], [6.8646, 58.4169], [6.8654, 58.4148], [6.8663, 58.4123], [6.867, 58.4104], [6.8687, 58.4058], [6.8702, 58.4018], [6.8708, 58.4003], [6.8714, 58.3986], [6.8735, 58.3928], [6.8743, 58.3905], [6.8755, 58.3875], [6.8763, 58.3843], [6.8771, 58.3809], [6.878, 58.3774], [6.8786, 58.375], [6.8799, 58.37], [6.8814, 58.364], [6.8819, 58.3618], [6.8825, 58.3596], [6.8835, 58.3553], [6.8843, 58.3523], [6.8848, 58.3503], [6.8825, 58.3447], [6.8812, 58.3415], [6.8797, 58.3377], [6.8787, 58.3352], [6.8776, 58.3324], [6.876, 58.3288], [6.8745, 58.3246], [6.8733, 58.3214], [6.8728, 58.3201], [6.8719, 58.3166], [6.8712, 58.3138], [6.8701, 58.3098], [6.8689, 58.3062], [6.868, 58.3037], [6.867, 58.3005], [6.8661, 58.2979], [6.8643, 58.2927], [6.8685, 58.2907], [6.8729, 58.2885], [6.8733, 58.2857], [6.8729, 58.2844]]}}, {"type": "Feature", "properties": {"osm_type": "line", "voltage_kv": 420.0, "name": "Ertsmyra - Kvinesdal L1", "avail": 1, "avail_node": "\u00d8IE"}, "geometry": {"type": "LineString", "coordinates": [[6.8667, 58.2799], [6.862, 58.2791], [6.8586, 58.2785], [6.8554, 58.278], [6.8532, 58.277]]}}, {"type": "Feature", "properties": {"osm_type": "line", "voltage_kv": 132.0, "name": "Vardal - Gj\u00f8vik L1", "avail": 11, "avail_node": "Mj\u00f8sstranda"}, "geometry": {"type": "LineString", "coordinates": [[10.565, 60.8049], [10.565, 60.8051]]}}, {"type": "Feature", "properties": {"osm_type": "line", "voltage_kv": 300.0, "name": "Leird\u00f8la - Fortun", "avail": 0}, "geometry": {"type": "LineString", "coordinates": [[7.2433, 61.4347], [7.2432, 61.434], [7.2432, 61.4321], [7.2432, 61.4305], [7.2432, 61.4288], [7.2433, 61.4259], [7.2433, 61.4243], [7.2433, 61.4226], [7.2446, 61.4217], [7.2479, 61.4194], [7.2503, 61.418], [7.2506, 61.4177], [7.2521, 61.4168], [7.2602, 61.4166], [7.2621, 61.4168], [7.265, 61.4171], [7.2733, 61.4179], [7.2758, 61.4181], [7.2829, 61.4188], [7.2884, 61.4194], [7.2922, 61.4189], [7.2979, 61.4182], [7.3028, 61.4177], [7.3078, 61.4171], [7.3172, 61.4159], [7.3245, 61.4166], [7.3314, 61.4172], [7.3367, 61.4176], [7.3433, 61.4182], [7.3488, 61.4187], [7.354, 61.4191], [7.3577, 61.4215], [7.3608, 61.4235], [7.364, 61.4255], [7.3681, 61.4282], [7.3713, 61.4302], [7.3757, 61.4316], [7.3797, 61.4329], [7.3839, 61.4343], [7.3887, 61.4358], [7.3946, 61.4378], [7.3987, 61.4391], [7.4032, 61.4411], [7.4092, 61.4438], [7.4148, 61.4463], [7.4203, 61.4489], [7.4248, 61.4509], [7.431, 61.4546], [7.4335, 61.456], [7.4356, 61.4573], [7.4391, 61.4594], [7.4419, 61.4628], [7.4443, 61.4659], [7.446, 61.468], [7.4481, 61.4707], [7.4507, 61.4729], [7.4563, 61.4777], [7.4574, 61.4792], [7.4592, 61.4817], [7.4611, 61.4843], [7.4633, 61.4873], [7.4656, 61.4904], [7.4673, 61.4926], [7.4689, 61.4948], [7.4713, 61.4981], [7.4733, 61.5009], [7.4755, 61.5039], [7.4774, 61.5065], [7.4795, 61.5093], [7.4811, 61.5116], [7.4822, 61.513], [7.4859, 61.5148], [7.4897, 61.5166], [7.4926, 61.518], [7.4962, 61.5197], [7.4996, 61.5213], [7.5048, 61.5221], [7.5097, 61.5228], [7.5152, 61.5236], [7.5199, 61.5243], [7.5265, 61.5253], [7.5331, 61.5263], [7.5385, 61.5271], [7.5433, 61.5278], [7.5523, 61.5291], [7.5615, 61.5304], [7.5662, 61.5311], [7.573, 61.5321], [7.5793, 61.533], [7.5829, 61.5336], [7.5984, 61.5308], [7.6032, 61.5299], [7.6138, 61.528], [7.6173, 61.5271], [7.6245, 61.5255], [7.6302, 61.5243], [7.6348, 61.5233], [7.6401, 61.5221], [7.6428, 61.5214], [7.6453, 61.5208], [7.6477, 61.5203], [7.6515, 61.5194], [7.655, 61.5186], [7.6616, 61.5171], [7.6711, 61.515], [7.6769, 61.5135], [7.6848, 61.5115], [7.6932, 61.5095], [7.6968, 61.5078], [7.6969, 61.5077]]}}, {"type": "Feature", "properties": {"osm_type": "line", "voltage_kv": 300.0, "name": "Marka - Trofors", "avail": 0}, "geometry": {"type": "LineString", "coordinates": [[13.2961, 65.8504], [13.3095, 65.8473], [13.312, 65.8455], [13.3164, 65.8423], [13.3208, 65.8391], [13.3227, 65.8378], [13.3288, 65.8335], [13.332, 65.8313], [13.3375, 65.8274], [13.3399, 65.8257], [13.3416, 65.8245], [13.349, 65.8192], [13.3507, 65.818], [13.3533, 65.8162], [13.3556, 65.815], [13.3584, 65.8137], [13.3592, 65.8133], [13.3666, 65.8096], [13.3722, 65.8069], [13.3787, 65.8037], [13.3838, 65.8013], [13.3937, 65.7965], [13.3966, 65.795], [13.3993, 65.7937], [13.4047, 65.7911], [13.4085, 65.7892], [13.4119, 65.7875], [13.4162, 65.7854], [13.4223, 65.7825], [13.428, 65.7796], [13.4313, 65.778], [13.4359, 65.7758], [13.4399, 65.7738], [13.443, 65.7722], [13.4458, 65.7706], [13.4467, 65.7676], [13.4473, 65.7656], [13.4477, 65.7637], [13.448, 65.7626], [13.4485, 65.7602], [13.4469, 65.7576], [13.4447, 65.7541], [13.4433, 65.7517], [13.441, 65.7481], [13.4392, 65.7452], [13.4377, 65.7427], [13.4361, 65.7401], [13.4348, 65.7379], [13.4333, 65.7356], [13.4318, 65.7331], [13.4297, 65.7297], [13.4284, 65.7275], [13.4281, 65.7251], [13.4278, 65.7222], [13.4274, 65.7183], [13.4271, 65.7155], [13.4271, 65.7124], [13.4271, 65.7099], [13.4271, 65.7049], [13.4271, 65.7008], [13.4271, 65.6971], [13.4271, 65.6942], [13.4271, 65.6914], [13.4271, 65.6887], [13.4271, 65.6844], [13.4271, 65.6826], [13.4271, 65.6779], [13.4271, 65.6743], [13.4271, 65.6711], [13.4271, 65.6685], [13.4271, 65.6655], [13.4271, 65.6611], [13.4271, 65.6586], [13.4271, 65.6549], [13.4271, 65.653], [13.4271, 65.6486], [13.4271, 65.6453], [13.427, 65.642], [13.427, 65.6381], [13.427, 65.6337], [13.427, 65.6311], [13.427, 65.6272], [13.427, 65.6247], [13.427, 65.62], [13.427, 65.6179], [13.427, 65.6167], [13.4269, 65.6113], [13.4269, 65.6062], [13.4269, 65.6024], [13.4269, 65.6002], [13.4269, 65.5968], [13.4269, 65.5953], [13.4257, 65.5917], [13.4241, 65.5873], [13.4232, 65.5848], [13.4217, 65.5806], [13.4205, 65.5754], [13.4198, 65.5723], [13.419, 65.5693], [13.4181, 65.5654], [13.4167, 65.5586], [13.4156, 65.5535], [13.4158, 65.5475], [13.4159, 65.5438], [13.4192, 65.5401], [13.4219, 65.5376], [13.423, 65.5365]]}}, {"type": "Feature", "properties": {"osm_type": "line", "voltage_kv": 132.0, "name": "RE_132HL01_2", "avail": 0}, "geometry": {"type": "LineString", "coordinates": [[8.0016, 62.8889], [8.0003, 62.89], [7.9985, 62.8916], [7.9964, 62.8933], [7.9946, 62.8948], [7.9932, 62.896], [7.9915, 62.8974], [7.9903, 62.8985], [7.989, 62.8995], [7.9875, 62.9008], [7.9866, 62.9015], [7.9855, 62.9025], [7.9837, 62.904], [7.9818, 62.9056], [7.981, 62.9063], [7.9799, 62.9072], [7.9798, 62.9076], [7.9797, 62.9094], [7.9795, 62.9111], [7.9794, 62.9123], [7.9793, 62.9136], [7.9792, 62.9146], [7.9791, 62.9157], [7.979, 62.9172], [7.9789, 62.918], [7.9788, 62.9192], [7.9787, 62.9205], [7.9786, 62.922], [7.9785, 62.9235], [7.9784, 62.9247], [7.9782, 62.926], [7.9782, 62.9271], [7.9781, 62.9282], [7.9779, 62.9293], [7.9775, 62.9303], [7.977, 62.9313], [7.9763, 62.9325], [7.9754, 62.9343], [7.9745, 62.9361], [7.975, 62.9377], [7.9753, 62.9386], [7.9757, 62.9395], [7.9761, 62.9408], [7.9764, 62.9418], [7.9766, 62.9425], [7.9771, 62.9438], [7.9774, 62.9448], [7.9777, 62.9458], [7.9781, 62.9468], [7.9784, 62.9477], [7.9785, 62.9482], [7.9791, 62.95], [7.9794, 62.9508], [7.9786, 62.9519], [7.9781, 62.9525], [7.9777, 62.9529], [7.9755, 62.9559], [7.9746, 62.957], [7.9738, 62.9581], [7.9731, 62.9589], [7.9728, 62.9593], [7.972, 62.9603], [7.9715, 62.9611], [7.9705, 62.9624], [7.9693, 62.9638], [7.9681, 62.9654], [7.9679, 62.9657], [7.9672, 62.9667], [7.9667, 62.9672], [7.9669, 62.9682], [7.9671, 62.9689], [7.9672, 62.9697]]}}, {"type": "Feature", "properties": {"osm_type": "line", "name": "Jord Dale 2 - Arna", "avail": 19, "avail_node": "Oster\u00f8y"}, "geometry": {"type": "LineString", "coordinates": [[5.542, 60.4226], [5.5421, 60.4223], [5.5421, 60.4223], [5.542, 60.4221], [5.542, 60.422], [5.5421, 60.4219], [5.5421, 60.4219], [5.542, 60.4217], [5.5419, 60.4216], [5.5418, 60.4212], [5.5417, 60.4208], [5.5416, 60.4205], [5.5415, 60.4202], [5.5415, 60.4202], [5.5413, 60.4198], [5.5413, 60.4197]]}}, {"type": "Feature", "properties": {"osm_type": "line", "voltage_kv": 300.0, "name": "Refsdal - Modalen", "avail": 0}, "geometry": {"type": "LineString", "coordinates": [[6.5675, 61.0181], [6.5674, 61.0181], [6.5646, 61.0155], [6.5547, 61.0081], [6.5509, 61.0052], [6.5457, 61.0021], [6.5431, 61.0005], [6.5368, 60.9983], [6.5313, 60.9968], [6.5263, 60.9948], [6.5261, 60.9947], [6.5257, 60.9946], [6.5222, 60.9932], [6.5184, 60.9917], [6.5147, 60.9909], [6.4993, 60.9875], [6.488, 60.9805], [6.4866, 60.9785], [6.4851, 60.9764], [6.4818, 60.9732], [6.4791, 60.9719], [6.4757, 60.9702], [6.4716, 60.9682], [6.4679, 60.9653], [6.465, 60.963], [6.4613, 60.9615], [6.4575, 60.9601], [6.4531, 60.9582], [6.4501, 60.9559], [6.4474, 60.9537], [6.4446, 60.9514], [6.4419, 60.9492], [6.4384, 60.9477], [6.4298, 60.9441], [6.4245, 60.9419], [6.4209, 60.9404], [6.4195, 60.9391], [6.418, 60.9377], [6.4162, 60.936], [6.4141, 60.934], [6.4088, 60.9295], [6.4054, 60.9277], [6.4014, 60.9262], [6.399, 60.9256], [6.3938, 60.9247], [6.3899, 60.924], [6.3869, 60.9234], [6.3837, 60.9228], [6.3784, 60.9218], [6.3748, 60.9211], [6.3694, 60.92], [6.3657, 60.9191], [6.3606, 60.9179], [6.3535, 60.915], [6.3501, 60.9136], [6.345, 60.9119], [6.3374, 60.9089], [6.3299, 60.9057], [6.3161, 60.9007], [6.3127, 60.8993], [6.3076, 60.8971], [6.3008, 60.8941], [6.297, 60.8927], [6.2897, 60.8898], [6.2853, 60.888], [6.2814, 60.8866], [6.2782, 60.8854], [6.275, 60.8844], [6.2684, 60.8824], [6.2629, 60.8812], [6.26, 60.8805], [6.2531, 60.8791], [6.2502, 60.8788], [6.2479, 60.8789], [6.2425, 60.8792], [6.2393, 60.8794], [6.2351, 60.8794], [6.2247, 60.8788], [6.2205, 60.8783], [6.2163, 60.8777], [6.2115, 60.8771], [6.2084, 60.8767], [6.2017, 60.8762], [6.196, 60.8762], [6.1932, 60.8767], [6.1869, 60.8787], [6.1773, 60.8821], [6.1717, 60.8841], [6.1606, 60.8889], [6.1576, 60.8903], [6.1548, 60.8923], [6.1505, 60.8951], [6.1474, 60.897], [6.1453, 60.8983], [6.143, 60.8997], [6.1399, 60.9009], [6.1344, 60.9012], [6.1315, 60.9014], [6.1243, 60.9012], [6.1173, 60.9017], [6.1093, 60.9014], [6.1061, 60.9005], [6.1014, 60.8985], [6.0981, 60.8967], [6.0964, 60.8956], [6.0914, 60.8929], [6.0895, 60.8919], [6.0859, 60.891], [6.0786, 60.8892], [6.0698, 60.8873], [6.0627, 60.8859], [6.0578, 60.8849], [6.0532, 60.8843], [6.0463, 60.8836], [6.0398, 60.8843], [6.0327, 60.885], [6.025, 60.8862], [6.0176, 60.8874]]}}, {"type": "Feature", "properties": {"osm_type": "line", "voltage_kv": 300.0, "name": "S 300 Nygard-Modalen", "avail": 0}, "geometry": {"type": "LineString", "coordinates": [[6.0631, 60.8921], [6.0648, 60.8911], [6.0648, 60.891], [6.0647, 60.8883], [6.0621, 60.8861], [6.0576, 60.8852], [6.0531, 60.8846], [6.0464, 60.8839], [6.0399, 60.8846], [6.0329, 60.8853], [6.0256, 60.8865], [6.0178, 60.8877], [6.0178, 60.8877]]}}, {"type": "Feature", "properties": {"osm_type": "line", "voltage_kv": 132.0, "name": "Lakselv - Alta kraftverk", "avail": 0}, "geometry": {"type": "LineString", "coordinates": [[24.9699, 70.0008], [24.9669, 69.9992], [24.9655, 69.9985], [24.962, 69.9975], [24.9595, 69.9967], [24.9546, 69.9953], [24.9511, 69.9943], [24.9494, 69.9938], [24.9489, 69.9936], [24.9445, 69.9923], [24.9438, 69.9921], [24.9416, 69.9909], [24.9391, 69.9894], [24.9367, 69.9881], [24.9351, 69.9872], [24.9333, 69.9862], [24.9328, 69.9847], [24.9323, 69.9832], [24.9317, 69.9816], [24.931, 69.9796], [24.9305, 69.9783], [24.93, 69.9768], [24.9292, 69.9745], [24.9289, 69.9737], [24.9287, 69.9729], [24.9281, 69.9714], [24.9276, 69.9698], [24.927, 69.9682], [24.9264, 69.9667], [24.9258, 69.965], [24.9252, 69.9633], [24.9247, 69.9616], [24.9242, 69.9603], [24.9235, 69.9582], [24.9227, 69.9559], [24.9222, 69.9545], [24.922, 69.9541], [24.9215, 69.9527], [24.9209, 69.951], [24.9203, 69.9491], [24.9199, 69.9479], [24.9193, 69.9463], [24.9188, 69.9449], [24.9183, 69.9435], [24.918, 69.9425], [24.9173, 69.9405], [24.9165, 69.9384], [24.9159, 69.9366], [24.9154, 69.9354], [24.9149, 69.9338], [24.914, 69.9315], [24.9134, 69.9296], [24.9131, 69.9289], [24.913, 69.9284], [24.9126, 69.9268], [24.9118, 69.9242], [24.9116, 69.9231], [24.911, 69.921], [24.9105, 69.9192], [24.91, 69.9174], [24.9095, 69.9156], [24.909, 69.9138], [24.9086, 69.9124], [24.9081, 69.9106], [24.9077, 69.9093], [24.9071, 69.9069], [24.9066, 69.9053], [24.906, 69.9031], [24.9055, 69.9013], [24.905, 69.8996], [24.9046, 69.8982], [24.9043, 69.8968], [24.9038, 69.8951], [24.9038, 69.895], [24.9033, 69.8933], [24.9027, 69.8912], [24.9021, 69.8891], [24.9015, 69.8869], [24.901, 69.8849], [24.9005, 69.8833], [24.9002, 69.8821], [24.9, 69.8801], [24.8998, 69.8782], [24.8996, 69.8765], [24.8994, 69.8744], [24.8993, 69.8728], [24.8991, 69.8706], [24.8989, 69.8685], [24.8987, 69.8668], [24.8985, 69.8649], [24.8983, 69.8631], [24.8982, 69.8614], [24.898, 69.8596], [24.8978, 69.8579], [24.8976, 69.8559], [24.8974, 69.8541], [24.8972, 69.8518], [24.897, 69.8501], [24.8968, 69.8482], [24.8967, 69.8462], [24.8964, 69.8437], [24.8962, 69.842], [24.8932, 69.841], [24.8907, 69.8401], [24.8854, 69.8382], [24.8813, 69.8367], [24.8779, 69.8355], [24.8756, 69.8347], [24.873, 69.8338], [24.8708, 69.833], [24.868, 69.832], [24.8649, 69.8309], [24.8618, 69.8298], [24.8577, 69.8284], [24.8546, 69.8273], [24.8517, 69.8262], [24.8486, 69.8251], [24.846, 69.8242], [24.8431, 69.8232], [24.8396, 69.8219], [24.836, 69.8206], [24.8328, 69.8195], [24.8291, 69.8182], [24.8253, 69.8168], [24.8215, 69.8162], [24.818, 69.8156], [24.8132, 69.8148], [24.8085, 69.8141], [24.8042, 69.8134], [24.8005, 69.8127], [24.7947, 69.8118], [24.7897, 69.811], [24.7854, 69.8103], [24.7801, 69.8094], [24.7746, 69.8085], [24.7696, 69.8076], [24.7648, 69.8069], [24.7601, 69.8067], [24.7553, 69.8064], [24.7489, 69.8062], [24.7442, 69.806], [24.7407, 69.8059], [24.7337, 69.8056], [24.7285, 69.8053], [24.7229, 69.8051], [24.7187, 69.8049], [24.7154, 69.8048], [24.7106, 69.8046], [24.7059, 69.8042], [24.7017, 69.8038], [24.697, 69.8033], [24.6912, 69.8028], [24.6842, 69.8022], [24.6794, 69.8017], [24.6748, 69.8013], [24.6676, 69.8006], [24.662, 69.8001], [24.6572, 69.7997], [24.6525, 69.7991], [24.6482, 69.7986], [24.6441, 69.7981], [24.6403, 69.7976], [24.6369, 69.7972], [24.6331, 69.7967], [24.6295, 69.7965], [24.6238, 69.7962], [24.6202, 69.796], [24.6162, 69.7957], [24.6119, 69.7955], [24.6057, 69.7951], [24.6019, 69.7949], [24.5966, 69.7946], [24.5912, 69.7943], [24.5875, 69.7941], [24.5833, 69.7938], [24.5791, 69.7936], [24.5748, 69.7933], [24.5698, 69.7931], [24.5665, 69.7929], [24.5618, 69.7926], [24.5571, 69.7923], [24.5528, 69.7921], [24.5485, 69.7918], [24.5439, 69.7916], [24.5394, 69.7913], [24.5337, 69.791], [24.5292, 69.7907], [24.5239, 69.7904], [24.5183, 69.7901], [24.5129, 69.7898], [24.5083, 69.7895], [24.5028, 69.7892], [24.4978, 69.7889], [24.4934, 69.7886], [24.4866, 69.7882], [24.4802, 69.7878], [24.4745, 69.7875], [24.4695, 69.7872], [24.4634, 69.7869], [24.4589, 69.7866], [24.4534, 69.7863], [24.4463, 69.7859], [24.4405, 69.7855], [24.435, 69.7852], [24.4283, 69.7848], [24.4233, 69.7845], [24.4179, 69.7842], [24.4115, 69.7838], [24.4059, 69.7835], [24.3994, 69.7831], [24.3935, 69.7827], [24.3877, 69.7824], [24.3823, 69.7821], [24.377, 69.7818], [24.3731, 69.7815], [24.3664, 69.7811], [24.3617, 69.7809], [24.3557, 69.7805], [24.3497, 69.7802], [24.3434, 69.7798], [24.3388, 69.7795], [24.3352, 69.7793], [24.3279, 69.7789], [24.3236, 69.7786], [24.3185, 69.7783], [24.3137, 69.778], [24.3068, 69.7776], [24.3029, 69.7774], [24.2978, 69.7771], [24.2928, 69.7768], [24.2859, 69.7764], [24.2835, 69.7762], [24.2793, 69.776], [24.2753, 69.7757], [24.2717, 69.7755], [24.2673, 69.7753], [24.2609, 69.7749], [24.2561, 69.7746], [24.2513, 69.7743], [24.2471, 69.774], [24.2432, 69.7738], [24.239, 69.7736], [24.237, 69.7732], [24.2328, 69.7726], [24.2288, 69.7719], [24.2234, 69.7711], [24.2182, 69.7702], [24.213, 69.7694], [24.2084, 69.7686], [24.203, 69.7678], [24.1999, 69.7673], [24.1936, 69.7663], [24.189, 69.7655], [24.1828, 69.7645], [24.179, 69.7639], [24.1743, 69.7631], [24.1705, 69.7625], [24.165, 69.7616], [24.161, 69.761], [24.1562, 69.7602], [24.1519, 69.7595], [24.1469, 69.7587], [24.1429, 69.7581], [24.1391, 69.7574], [24.1352, 69.7568], [24.1295, 69.7559], [24.1234, 69.7549], [24.1178, 69.754], [24.1115, 69.7534], [24.1067, 69.753], [24.1023, 69.7525], [24.0966, 69.752], [24.0917, 69.7515], [24.0869, 69.7511], [24.082, 69.7506], [24.0778, 69.7502], [24.072, 69.7497], [24.0679, 69.7493], [24.0631, 69.7488], [24.058, 69.7483], [24.0519, 69.748], [24.0455, 69.7476], [24.0403, 69.7473], [24.0345, 69.747], [24.0288, 69.7467], [24.0229, 69.7463], [24.0177, 69.746], [24.0122, 69.7457], [24.0081, 69.7455], [24.0041, 69.7453], [23.9978, 69.7449], [23.9927, 69.7446], [23.988, 69.7443], [23.9832, 69.7441], [23.978, 69.7438], [23.9722, 69.7434], [23.9673, 69.7432], [23.9617, 69.7428], [23.9578, 69.7422], [23.955, 69.7417], [23.9479, 69.7405], [23.9434, 69.7397], [23.9379, 69.7387], [23.9323, 69.7378], [23.9283, 69.7371], [23.926, 69.7367], [23.9201, 69.7357], [23.9169, 69.7351], [23.9127, 69.7344], [23.9068, 69.7334], [23.9034, 69.7328], [23.8999, 69.7322], [23.8934, 69.7311], [23.8884, 69.7302], [23.8821, 69.7291], [23.8769, 69.7282], [23.8726, 69.7275], [23.8686, 69.727], [23.8644, 69.7266], [23.86, 69.7261], [23.8568, 69.7257], [23.852, 69.7252], [23.8474, 69.7246], [23.8439, 69.7243], [23.8383, 69.7236], [23.8343, 69.7232], [23.8293, 69.7226], [23.8253, 69.7222], [23.8214, 69.7217], [23.8185, 69.7214], [23.8153, 69.721], [23.8127, 69.7207], [23.8101, 69.7205]]}}, {"type": "Feature", "properties": {"osm_type": "line", "voltage_kv": 420.0, "name": "Sima - Dagali", "avail": 0}, "geometry": {"type": "LineString", "coordinates": [[7.3501, 60.6268], [7.3547, 60.6279], [7.3592, 60.6285], [7.3659, 60.6277], [7.3715, 60.627], [7.3788, 60.6261], [7.3855, 60.6253], [7.393, 60.6244], [7.3959, 60.6239], [7.4019, 60.6226], [7.4069, 60.6215], [7.412, 60.6204], [7.4173, 60.6193], [7.4216, 60.6184], [7.4256, 60.6175], [7.4312, 60.6168], [7.4368, 60.6161], [7.442, 60.6154], [7.4477, 60.6147], [7.4541, 60.6118], [7.4576, 60.6103], [7.4621, 60.6098], [7.4679, 60.6093], [7.4724, 60.6088], [7.4761, 60.61], [7.4795, 60.6111], [7.4833, 60.6112], [7.4892, 60.6112], [7.4954, 60.6112], [7.5027, 60.6113], [7.5076, 60.6113], [7.5117, 60.611], [7.5155, 60.6107], [7.5195, 60.6104], [7.5234, 60.6101], [7.5275, 60.6097], [7.5302, 60.6083], [7.5322, 60.6059], [7.5339, 60.6038], [7.5359, 60.6013], [7.5375, 60.5992], [7.5396, 60.5964], [7.5411, 60.5945], [7.5418, 60.5936], [7.5462, 60.5923], [7.5507, 60.5909], [7.5536, 60.59], [7.5579, 60.5884], [7.5626, 60.5853], [7.5676, 60.582], [7.5723, 60.5789], [7.5732, 60.5774], [7.5747, 60.5747], [7.5758, 60.573], [7.5772, 60.5706], [7.5788, 60.5691], [7.5816, 60.5664], [7.5838, 60.5646], [7.5862, 60.5626], [7.59, 60.5595], [7.5947, 60.5556], [7.6014, 60.554], [7.6066, 60.5528], [7.6132, 60.5513], [7.62, 60.5518], [7.6244, 60.5522], [7.6303, 60.5526], [7.6348, 60.553], [7.6413, 60.5533], [7.6485, 60.553], [7.6531, 60.5529], [7.6576, 60.5527], [7.6615, 60.5517], [7.666, 60.5505], [7.6694, 60.5496], [7.6727, 60.5495], [7.6789, 60.5493], [7.6864, 60.5491], [7.6904, 60.549], [7.6907, 60.549], [7.6946, 60.5488], [7.6996, 60.5487], [7.7066, 60.5485], [7.7101, 60.5484], [7.7131, 60.5474], [7.7191, 60.5468], [7.7249, 60.5462], [7.7252, 60.5461], [7.7333, 60.5454], [7.7418, 60.5447], [7.7497, 60.5426], [7.7553, 60.54], [7.7588, 60.5384], [7.7609, 60.5347], [7.7623, 60.5324], [7.7623, 60.5312], [7.7623, 60.5291], [7.7623, 60.5283], [7.7622, 60.5247], [7.7621, 60.521], [7.7624, 60.5177], [7.767, 60.5167], [7.7713, 60.5158], [7.7746, 60.5152], [7.7785, 60.5146], [7.7843, 60.5137], [7.7932, 60.5124], [7.7979, 60.5117], [7.8021, 60.5111], [7.8062, 60.5091], [7.812, 60.5063], [7.8172, 60.5038], [7.8236, 60.5006], [7.8285, 60.4983], [7.8345, 60.4951], [7.8408, 60.4917], [7.8432, 60.4904], [7.8488, 60.4901], [7.8559, 60.4897], [7.8597, 60.4899], [7.8602, 60.4899], [7.8661, 60.4899], [7.873, 60.4899], [7.8815, 60.4898], [7.8877, 60.4897], [7.8929, 60.4897], [7.9, 60.4897], [7.9064, 60.4896], [7.9098, 60.4892], [7.9155, 60.4885], [7.9199, 60.4879], [7.9266, 60.4871], [7.9322, 60.4864], [7.9368, 60.4867], [7.9422, 60.4871], [7.9465, 60.4872], [7.9516, 60.4874], [7.9559, 60.4865], [7.9628, 60.485], [7.9682, 60.4838], [7.9732, 60.4827], [7.9794, 60.4814], [7.9826, 60.4792], [7.9901, 60.4778], [7.9952, 60.4768], [8.0007, 60.4757], [8.0077, 60.4744], [8.0108, 60.4738], [8.0163, 60.4739], [8.0234, 60.474], [8.0312, 60.4741], [8.037, 60.4742], [8.0448, 60.4744], [8.0497, 60.4744], [8.0547, 60.4745], [8.0581, 60.4749], [8.0631, 60.4754], [8.0735, 60.4765], [8.0797, 60.4772], [8.0897, 60.4783], [8.0954, 60.4789], [8.1018, 60.4796], [8.1065, 60.4801], [8.111, 60.4792], [8.1176, 60.478], [8.1253, 60.4766], [8.1314, 60.4754], [8.1355, 60.4747], [8.1406, 60.4725], [8.1448, 60.4706], [8.1503, 60.4682], [8.1548, 60.4662], [8.1592, 60.4643], [8.1632, 60.4621], [8.1673, 60.4598], [8.1708, 60.4579], [8.1754, 60.4574], [8.1802, 60.4569], [8.1879, 60.4561], [8.1919, 60.4556], [8.1964, 60.4552], [8.2078, 60.454], [8.2106, 60.4534], [8.2148, 60.4513], [8.2206, 60.4489], [8.2249, 60.447], [8.2295, 60.447], [8.2379, 60.447], [8.2449, 60.447], [8.2506, 60.4469], [8.2577, 60.4469], [8.2637, 60.4469], [8.2695, 60.4469], [8.2747, 60.4469], [8.2801, 60.4473], [8.287, 60.4478], [8.2931, 60.4482], [8.2998, 60.4487], [8.3057, 60.4492], [8.3118, 60.4496], [8.318, 60.4501], [8.3252, 60.4506], [8.3307, 60.4502], [8.338, 60.4496], [8.3441, 60.4491], [8.35, 60.4486], [8.3562, 60.4481], [8.3618, 60.4476], [8.3671, 60.4472], [8.3731, 60.4467], [8.3789, 60.4462], [8.3834, 60.4458], [8.3841, 60.4458], [8.3903, 60.4453], [8.3971, 60.4453], [8.404, 60.4454], [8.4109, 60.4455], [8.4169, 60.4456], [8.4226, 60.4456], [8.4279, 60.4457], [8.4328, 60.4446], [8.4379, 60.4435], [8.444, 60.4421], [8.4486, 60.4411], [8.4548, 60.4398], [8.4587, 60.4389], [8.4635, 60.4379], [8.4702, 60.4366], [8.476, 60.4344], [8.4809, 60.4334], [8.4854, 60.4324], [8.4915, 60.4311], [8.4982, 60.4297], [8.5023, 60.4301], [8.5096, 60.4305], [8.5153, 60.4308], [8.5193, 60.4311], [8.5224, 60.4314], [8.5293, 60.4319], [8.5369, 60.4325], [8.5424, 60.4335], [8.549, 60.4347], [8.5545, 60.4357], [8.5601, 60.4368], [8.5659, 60.4372], [8.5713, 60.4376]]}}, {"type": "Feature", "properties": {"osm_type": "line", "voltage_kv": 132.0, "name": "RE_132HL03_4", "avail": 2, "avail_node": "Gylthalsen"}, "geometry": {"type": "LineString", "coordinates": [[8.4867, 63.2495], [8.4875, 63.2498], [8.4885, 63.2502], [8.49, 63.2508], [8.4918, 63.2513], [8.4944, 63.2519], [8.4969, 63.2526], [8.4972, 63.2526], [8.4986, 63.253], [8.5025, 63.254], [8.5034, 63.2542], [8.5049, 63.2546], [8.506, 63.2549], [8.5071, 63.2548], [8.5104, 63.2545], [8.5139, 63.2542], [8.5151, 63.2541]]}}, {"type": "Feature", "properties": {"osm_type": "line", "voltage_kv": 300.0, "name": "STR.300T4 - STR.T.T4", "avail": 24, "avail_node": "Vestbyen"}, "geometry": {"type": "LineString", "coordinates": [[10.4484, 63.3946], [10.4452, 63.3944], [10.4436, 63.3937]]}}, {"type": "Feature", "properties": {"osm_type": "line", "voltage_kv": 420.0, "name": "Hol 1 - T_Hol 2 (Usta)", "avail": 0}, "geometry": {"type": "LineString", "coordinates": [[8.1852, 60.6231], [8.1862, 60.6221], [8.1892, 60.6191], [8.1943, 60.6167], [8.2026, 60.6155], [8.2087, 60.6146], [8.2137, 60.6138], [8.2193, 60.613], [8.2227, 60.6125], [8.2284, 60.6116], [8.2333, 60.6112], [8.2389, 60.6108], [8.2434, 60.6104], [8.2523, 60.6117], [8.2544, 60.612], [8.2569, 60.6121]]}}, {"type": "Feature", "properties": {"osm_type": "line", "voltage_kv": 420.0, "name": "Hol 1 - T_Hol 2 (Usta)", "avail": 0}, "geometry": {"type": "LineString", "coordinates": [[8.2684, 60.6106], [8.2699, 60.6103]]}}, {"type": "Feature", "properties": {"osm_type": "line", "voltage_kv": 300.0, "name": "T_Nuken (Sogndal) - Leird\u00f8la", "avail": 0}, "geometry": {"type": "LineString", "coordinates": [[7.1089, 61.2876], [7.1096, 61.2883], [7.1117, 61.2903], [7.1136, 61.2922], [7.1157, 61.2942], [7.1176, 61.2961], [7.1213, 61.2998], [7.1231, 61.3015], [7.1263, 61.3046], [7.1304, 61.3087], [7.1348, 61.3123], [7.1371, 61.3143], [7.1402, 61.3169], [7.1436, 61.3197], [7.1462, 61.3219], [7.1498, 61.3249], [7.1533, 61.3278], [7.1579, 61.3316], [7.1596, 61.333], [7.1631, 61.336], [7.1658, 61.3382], [7.1682, 61.3402], [7.1707, 61.3423], [7.1737, 61.3448], [7.1764, 61.347], [7.1793, 61.3495], [7.182, 61.3516], [7.1838, 61.3532], [7.1864, 61.3553], [7.19, 61.3583], [7.1922, 61.3602], [7.1967, 61.3639], [7.201, 61.3675], [7.2054, 61.3711], [7.209, 61.3742], [7.2118, 61.3764], [7.215, 61.3791], [7.2193, 61.3827], [7.2229, 61.3857], [7.2251, 61.3875], [7.2282, 61.3901], [7.23, 61.3915], [7.2335, 61.3944], [7.2362, 61.3967], [7.2389, 61.399], [7.2428, 61.4022], [7.2459, 61.4047], [7.2489, 61.4072], [7.2517, 61.4096], [7.2539, 61.4114], [7.2502, 61.416], [7.2484, 61.4182], [7.2476, 61.4193], [7.2443, 61.4216], [7.243, 61.4225], [7.2429, 61.4243], [7.2429, 61.4259], [7.2429, 61.4288], [7.2429, 61.4305], [7.2429, 61.4321], [7.2429, 61.434], [7.2427, 61.4349]]}}, {"type": "Feature", "properties": {"osm_type": "line", "voltage_kv": 300.0, "name": "Strinda - Kl\u00e6bu", "avail": 24, "avail_node": "Vestbyen"}, "geometry": {"type": "LineString", "coordinates": [[10.4485, 63.3948], [10.4505, 63.3948], [10.4562, 63.3943], [10.4584, 63.3941], [10.4607, 63.3928], [10.4612, 63.3921], [10.4654, 63.3867], [10.4674, 63.3842], [10.468, 63.3834], [10.4675, 63.3816], [10.4667, 63.3787], [10.4654, 63.3753], [10.4645, 63.3729], [10.4639, 63.3712], [10.4629, 63.3684], [10.4602, 63.3618], [10.4576, 63.3598], [10.4574, 63.3597], [10.4535, 63.3568], [10.451, 63.3549], [10.4491, 63.3532], [10.4473, 63.3516], [10.4463, 63.3503], [10.4446, 63.3481], [10.4435, 63.3467], [10.4417, 63.3443], [10.4411, 63.3435], [10.4378, 63.3388], [10.4368, 63.3373], [10.4331, 63.332], [10.4316, 63.3288], [10.4311, 63.3286], [10.4294, 63.3278], [10.4282, 63.3273], [10.4263, 63.3264], [10.4235, 63.3261]]}}, {"type": "Feature", "properties": {"osm_type": "line", "voltage_kv": 420.0, "name": "Aurland 2 - Aurland 3", "avail": 0}, "geometry": {"type": "LineString", "coordinates": [[7.367, 60.8085], [7.3702, 60.8069], [7.3752, 60.8044], [7.3835, 60.8002], [7.3931, 60.7976], [7.3968, 60.7955], [7.4007, 60.7933], [7.4047, 60.791], [7.4112, 60.7905], [7.4167, 60.7902], [7.421, 60.7899], [7.4303, 60.7909], [7.4376, 60.7916], [7.443, 60.7948], [7.4494, 60.7986], [7.4595, 60.7975], [7.4652, 60.7968], [7.4743, 60.7958], [7.479, 60.7953], [7.4851, 60.7946], [7.4914, 60.7939], [7.4981, 60.7938], [7.5022, 60.7938], [7.5081, 60.7937], [7.5137, 60.7937], [7.5179, 60.7931], [7.5231, 60.7924], [7.5305, 60.7914], [7.5361, 60.7908], [7.54, 60.7905], [7.5446, 60.79], [7.5504, 60.7894], [7.5563, 60.789], [7.5605, 60.7887]]}}, {"type": "Feature", "properties": {"osm_type": "line", "voltage_kv": 420.0, "name": "Kvilldal - Holen", "avail": 1, "avail_node": "Saurdal"}, "geometry": {"type": "LineString", "coordinates": [[6.6585, 59.5268], [6.6613, 59.5255], [6.662, 59.525], [6.6635, 59.5233], [6.6656, 59.5209], [6.6676, 59.5185], [6.6693, 59.5161], [6.6715, 59.5128], [6.6727, 59.5111], [6.6741, 59.5091], [6.6754, 59.5071], [6.6784, 59.5027], [6.6799, 59.5005], [6.6812, 59.4985], [6.6818, 59.4972], [6.6792, 59.4932], [6.6777, 59.4909], [6.6771, 59.49], [6.6766, 59.4878], [6.6763, 59.4866]]}}, {"type": "Feature", "properties": {"osm_type": "line", "voltage_kv": 420.0, "name": "Kvilldal - Holen", "avail": 3, "avail_node": "HOLEN"}, "geometry": {"type": "LineString", "coordinates": [[6.677, 59.4828], [6.6772, 59.4823], [6.6781, 59.4808], [6.6778, 59.4786], [6.6771, 59.4735], [6.6768, 59.4704], [6.6766, 59.4692], [6.6758, 59.4661], [6.6744, 59.4622], [6.6748, 59.4584], [6.6749, 59.4567], [6.6754, 59.4542], [6.6763, 59.4498], [6.6767, 59.4475], [6.6771, 59.4459], [6.6792, 59.4422], [6.6805, 59.44], [6.6821, 59.4374], [6.6861, 59.4352], [6.6914, 59.4323], [6.6988, 59.4302], [6.7059, 59.4292], [6.7092, 59.4285], [6.7129, 59.4274], [6.7189, 59.4256], [6.726, 59.4238], [6.7282, 59.4231], [6.7351, 59.4205], [6.7361, 59.4196], [6.7421, 59.4174], [6.7462, 59.4161], [6.7572, 59.4122], [6.7594, 59.4114], [6.7623, 59.4073], [6.7631, 59.406], [6.7639, 59.4049], [6.7694, 59.4027], [6.774, 59.401], [6.7765, 59.4], [6.7818, 59.398], [6.7853, 59.3964], [6.7892, 59.3947], [6.7921, 59.3937], [6.7954, 59.3926], [6.7985, 59.3918], [6.8028, 59.3906], [6.8066, 59.3898], [6.8104, 59.3891], [6.8138, 59.3884], [6.8204, 59.3864], [6.825, 59.3864], [6.8272, 59.3863], [6.8279, 59.3862], [6.8311, 59.3856], [6.8359, 59.3849], [6.8388, 59.3809], [6.8403, 59.3789], [6.8416, 59.3778], [6.8439, 59.3757], [6.845, 59.3747], [6.8465, 59.3733], [6.848, 59.3723], [6.8518, 59.3697], [6.853, 59.3687], [6.8562, 59.3659], [6.8582, 59.3642], [6.8595, 59.3632], [6.8624, 59.3608], [6.8636, 59.3598], [6.8653, 59.3584], [6.8689, 59.3552], [6.8701, 59.3542], [6.8732, 59.3514], [6.8749, 59.3499], [6.878, 59.3469], [6.8796, 59.3454], [6.8816, 59.3434], [6.8826, 59.3424], [6.8842, 59.3409], [6.886, 59.3391], [6.8872, 59.3379], [6.889, 59.3362], [6.8903, 59.335], [6.8918, 59.3335], [6.8931, 59.3322], [6.895, 59.3304], [6.897, 59.3284], [6.8982, 59.3272], [6.9009, 59.3249], [6.9038, 59.3227], [6.9057, 59.3213], [6.9066, 59.3199], [6.9075, 59.3183], [6.9088, 59.316], [6.9098, 59.3145], [6.9108, 59.3127], [6.9116, 59.3115], [6.9128, 59.3107], [6.9145, 59.3096], [6.9165, 59.3082], [6.9198, 59.3061], [6.9218, 59.3047], [6.9241, 59.3033], [6.9263, 59.3019], [6.9287, 59.3004], [6.9299, 59.2997], [6.9338, 59.2987], [6.9394, 59.2982], [6.9421, 59.298], [6.9447, 59.2978], [6.9474, 59.2975], [6.9496, 59.2975], [6.9539, 59.2976], [6.9613, 59.2976], [6.9654, 59.2978], [6.9711, 59.298], [6.9851, 59.2985], [6.9885, 59.2987], [6.9912, 59.2989], [7.0003, 59.2994], [7.0046, 59.2998], [7.0068, 59.3], [7.0103, 59.3004], [7.0153, 59.3009], [7.0191, 59.3013], [7.0241, 59.3007], [7.0293, 59.3001], [7.0333, 59.2996], [7.0395, 59.2989], [7.043, 59.2985], [7.0481, 59.2979], [7.0516, 59.2975], [7.056, 59.297], [7.0606, 59.2967], [7.0667, 59.2962], [7.0692, 59.296], [7.0712, 59.2964], [7.0752, 59.2971], [7.0787, 59.2977], [7.0851, 59.2988]]}}, {"type": "Feature", "properties": {"osm_type": "line", "voltage_kv": 300.0, "name": "Flesaker - Hof", "avail": 20, "avail_node": "Hanekleiva"}, "geometry": {"type": "LineString", "coordinates": [[9.8497, 59.719], [9.8502, 59.7189], [9.8504, 59.7189], [9.8504, 59.7189], [9.8504, 59.7189], [9.8581, 59.7186], [9.8611, 59.7185], [9.8612, 59.7185], [9.8616, 59.7185], [9.8617, 59.7185], [9.8652, 59.7184], [9.8657, 59.7183], [9.8701, 59.7164], [9.8752, 59.7143], [9.8777, 59.7131], [9.8816, 59.7112], [9.8869, 59.7084], [9.893, 59.7052], [9.9002, 59.7015], [9.9038, 59.6994], [9.911, 59.6952], [9.9197, 59.6909], [9.9247, 59.6885], [9.9278, 59.6869], [9.9355, 59.6839], [9.9462, 59.6803], [9.9506, 59.6789], [9.9547, 59.6774], [9.9603, 59.6754], [9.9681, 59.672], [9.9747, 59.6692], [9.9782, 59.6677], [9.9816, 59.6663], [9.9854, 59.6646], [9.9951, 59.6604], [10.0042, 59.6546], [10.0097, 59.651], [10.014, 59.6482], [10.0187, 59.6451], [10.0234, 59.6421], [10.0258, 59.6405], [10.0277, 59.6393], [10.0331, 59.6351], [10.0401, 59.6297], [10.0428, 59.6276], [10.0453, 59.6257], [10.0536, 59.62], [10.056, 59.6183], [10.0587, 59.6164], [10.0602, 59.6154], [10.0671, 59.6095], [10.0707, 59.6065], [10.0758, 59.6021], [10.0785, 59.5999], [10.0839, 59.5953], [10.0857, 59.5938], [10.0929, 59.5878], [10.0974, 59.584], [10.1025, 59.5797], [10.1034, 59.5788]]}}, {"type": "Feature", "properties": {"osm_type": "line", "voltage_kv": 132.0, "name": "T_Langskr\u00e5bekken (Straumsmo) - Bardufoss", "avail": 1, "avail_node": "Bardu"}, "geometry": {"type": "LineString", "coordinates": [[18.4246, 68.8872], [18.4246, 68.89], [18.4245, 68.8928], [18.4245, 68.8953], [18.4262, 68.898], [18.4278, 68.9005], [18.429, 68.9025], [18.4296, 68.9035], [18.4302, 68.9043], [18.4334, 68.9054], [18.4345, 68.9058], [18.4403, 68.9078], [18.445, 68.9095], [18.4485, 68.9109], [18.4516, 68.9122], [18.4559, 68.9141], [18.4599, 68.916], [18.4637, 68.9177], [18.4662, 68.9188], [18.4683, 68.9198], [18.4706, 68.9209], [18.4753, 68.923], [18.4767, 68.9237], [18.4816, 68.9259], [18.4865, 68.9281], [18.4882, 68.9312], [18.4899, 68.9345], [18.4913, 68.9372], [18.4929, 68.9403], [18.4943, 68.9428], [18.4954, 68.945], [18.4958, 68.9458], [18.4961, 68.9466], [18.4969, 68.9487], [18.498, 68.9517], [18.4993, 68.9549], [18.5005, 68.9582], [18.5014, 68.9604], [18.5014, 68.9605], [18.5015, 68.9607], [18.5021, 68.9622], [18.5059, 68.9647], [18.51, 68.9673], [18.5129, 68.9691], [18.5133, 68.9694], [18.5174, 68.972], [18.5205, 68.9739], [18.5213, 68.9744], [18.5262, 68.9775], [18.5294, 68.9795], [18.5329, 68.9817], [18.5344, 68.9843], [18.5353, 68.9859], [18.5356, 68.9864], [18.5379, 68.9904], [18.5403, 68.9944], [18.5425, 68.9982], [18.5426, 68.9984], [18.5436, 69.0], [18.5446, 69.0018], [18.5459, 69.004], [18.5465, 69.0049], [18.5472, 69.0061], [18.5485, 69.0082], [18.5526, 69.0111], [18.5561, 69.0133], [18.5587, 69.015], [18.5622, 69.0172], [18.5645, 69.0187], [18.5684, 69.0211], [18.5728, 69.0239], [18.5771, 69.0266], [18.5815, 69.0289], [18.5868, 69.0315]]}}, {"type": "Feature", "properties": {"osm_type": "line", "voltage_kv": 132.0, "name": "RE_132HL05_2", "avail": 2, "avail_node": "Gylthalsen"}, "geometry": {"type": "LineString", "coordinates": [[8.6017, 63.3189], [8.6057, 63.3139]]}}, {"type": "Feature", "properties": {"osm_type": "line", "voltage_kv": 132.0, "name": "T_Melkefoss (Skogfoss) - Bj\u00f8rnevatn", "avail": 22, "avail_node": "Kirkenes"}, "geometry": {"type": "LineString", "coordinates": [[29.7483, 69.4154], [29.7488, 69.4156], [29.7517, 69.4167], [29.7546, 69.4179], [29.7575, 69.4191], [29.7602, 69.4202], [29.763, 69.4213], [29.7665, 69.4227], [29.7695, 69.424], [29.7722, 69.4251], [29.775, 69.4262], [29.7775, 69.4272], [29.7798, 69.4281], [29.7823, 69.4292], [29.7852, 69.4303], [29.7881, 69.4315], [29.7909, 69.4326], [29.794, 69.4339], [29.7966, 69.4349], [29.7995, 69.4361], [29.8025, 69.4373], [29.8055, 69.4385], [29.8082, 69.4396], [29.8109, 69.4407], [29.8137, 69.4419], [29.8158, 69.4427], [29.8184, 69.4438], [29.8217, 69.4451], [29.8244, 69.4462], [29.8273, 69.4474], [29.8294, 69.4482], [29.8321, 69.4493], [29.8347, 69.4504], [29.8383, 69.4518], [29.8418, 69.4532], [29.8446, 69.4543], [29.8472, 69.4554], [29.8507, 69.4568], [29.8536, 69.458], [29.8561, 69.459], [29.8587, 69.4601], [29.8618, 69.4613], [29.8647, 69.4625], [29.868, 69.4638], [29.8705, 69.4648], [29.873, 69.4658], [29.8764, 69.4672], [29.8797, 69.4685], [29.883, 69.4698], [29.8861, 69.4711], [29.8892, 69.4723], [29.892, 69.4735], [29.8949, 69.4746], [29.8978, 69.4758], [29.9008, 69.477], [29.9044, 69.4785], [29.9077, 69.4798], [29.9105, 69.4809], [29.9133, 69.4821], [29.9159, 69.4831], [29.9187, 69.4842], [29.9217, 69.4855], [29.9248, 69.4867], [29.9277, 69.4879], [29.9307, 69.4891], [29.9334, 69.4902], [29.9365, 69.4914], [29.9397, 69.4927], [29.9427, 69.4939], [29.9453, 69.495], [29.9482, 69.4961], [29.9511, 69.4973], [29.9535, 69.4983], [29.9568, 69.4996], [29.9564, 69.501], [29.956, 69.5023], [29.9556, 69.504], [29.9551, 69.5057], [29.9547, 69.507], [29.9542, 69.5087], [29.9537, 69.5104], [29.9533, 69.5118], [29.9529, 69.5132], [29.9525, 69.5147], [29.9521, 69.5162], [29.9517, 69.5176], [29.9514, 69.5187], [29.951, 69.52], [29.9505, 69.5217], [29.9499, 69.5238], [29.9493, 69.5258], [29.9491, 69.5266], [29.9488, 69.5275], [29.9487, 69.5281], [29.9482, 69.5297], [29.9479, 69.5308], [29.9476, 69.532], [29.9473, 69.5331], [29.9469, 69.5344], [29.9465, 69.5358], [29.9461, 69.5372], [29.9458, 69.5381], [29.9457, 69.5388], [29.9453, 69.54], [29.9447, 69.5421], [29.9443, 69.5434], [29.944, 69.5445], [29.9439, 69.5451], [29.9434, 69.5467], [29.9431, 69.5479], [29.9426, 69.5495], [29.9422, 69.5509], [29.9418, 69.5524], [29.9412, 69.5543], [29.9408, 69.5559], [29.9404, 69.5571], [29.9399, 69.5589], [29.9395, 69.5602], [29.9391, 69.5616], [29.9386, 69.5634], [29.9383, 69.5647], [29.9378, 69.5663], [29.9373, 69.5678], [29.9368, 69.5698], [29.9364, 69.5713], [29.9361, 69.5722], [29.9359, 69.5729], [29.9353, 69.5748], [29.935, 69.576], [29.9347, 69.577], [29.9365, 69.5782], [29.938, 69.5792], [29.9398, 69.5804], [29.9416, 69.5816], [29.943, 69.5824], [29.9462, 69.5842], [29.9495, 69.5861], [29.9517, 69.5874], [29.9552, 69.5893], [29.9571, 69.5904], [29.9549, 69.5923], [29.9543, 69.5928], [29.9536, 69.5934], [29.9516, 69.5952], [29.9514, 69.5953], [29.9507, 69.5959], [29.9507, 69.5968], [29.9507, 69.5983], [29.9508, 69.599], [29.9508, 69.5996], [29.9505, 69.6009], [29.9502, 69.6028], [29.9498, 69.6047], [29.9495, 69.6061], [29.9493, 69.6074], [29.949, 69.6087], [29.9486, 69.6105], [29.9484, 69.6118], [29.9482, 69.6131], [29.9477, 69.615], [29.9472, 69.6169], [29.947, 69.6182], [29.9468, 69.6194], [29.9465, 69.6215], [29.9463, 69.6225], [29.946, 69.6242], [29.9458, 69.6257], [29.9456, 69.6271], [29.9454, 69.6282], [29.9451, 69.6301], [29.9449, 69.6315], [29.9446, 69.6319], [29.9439, 69.6327], [29.9427, 69.6344], [29.9414, 69.6361], [29.9406, 69.6372], [29.9398, 69.6383], [29.94, 69.6392], [29.9403, 69.6404], [29.9405, 69.6409], [29.9408, 69.6421], [29.9412, 69.6437], [29.9417, 69.6453], [29.9421, 69.6468], [29.9424, 69.6478], [29.9427, 69.649], [29.9431, 69.6503], [29.9435, 69.652], [29.9439, 69.6534], [29.9444, 69.6549], [29.9447, 69.6563], [29.9449, 69.6571], [29.9453, 69.6583], [29.9457, 69.66], [29.9458, 69.6604], [29.9464, 69.6623], [29.9467, 69.6634], [29.947, 69.6644], [29.9473, 69.6655], [29.9476, 69.6669], [29.9477, 69.6669], [29.9479, 69.6677], [29.948, 69.6682], [29.9483, 69.6693], [29.9488, 69.6713], [29.9493, 69.6731], [29.9496, 69.6741], [29.9496, 69.6741], [29.9496, 69.6741], [29.9498, 69.6749], [29.9499, 69.6753], [29.9504, 69.6768], [29.9508, 69.6783], [29.9516, 69.6788], [29.954, 69.6801], [29.9568, 69.6817], [29.958, 69.6824], [29.9584, 69.6826], [29.9585, 69.6825], [29.9608, 69.6819], [29.9637, 69.6811], [29.9663, 69.6805], [29.9694, 69.6797], [29.9748, 69.6783], [29.9795, 69.6771], [29.9819, 69.6765], [29.985, 69.6758], [29.9871, 69.6753], [29.9898, 69.6747], [29.9933, 69.6737], [29.9956, 69.6733], [29.9984, 69.6726], [30.003, 69.6716], [30.0046, 69.6707], [30.0044, 69.6696], [30.0044, 69.6695]]}}, {"type": "Feature", "properties": {"osm_type": "line", "voltage_kv": 420.0, "name": "Snilldal - Surna", "avail": 5, "avail_node": "SNILLFJORD"}, "geometry": {"type": "LineString", "coordinates": [[9.6063, 63.3967], [9.606, 63.3945], [9.6058, 63.3925], [9.6053, 63.3884], [9.6049, 63.3872], [9.6039, 63.3844], [9.6033, 63.3827], [9.6026, 63.3808], [9.6018, 63.3807], [9.597, 63.38], [9.5915, 63.3792], [9.5845, 63.3782], [9.579, 63.3774], [9.5665, 63.3756], [9.5635, 63.3751], [9.5602, 63.3746], [9.5532, 63.3736], [9.5462, 63.3726], [9.5379, 63.3714], [9.5327, 63.3707], [9.5297, 63.3702], [9.5191, 63.3687], [9.5112, 63.3675], [9.5004, 63.3659], [9.4952, 63.3652], [9.4867, 63.3639], [9.4793, 63.3629], [9.4738, 63.3621], [9.4665, 63.361], [9.4593, 63.3599], [9.4502, 63.3578], [9.4446, 63.3565], [9.4408, 63.3556], [9.4369, 63.3547], [9.4324, 63.3536], [9.418, 63.3517], [9.415, 63.3511], [9.4059, 63.3502], [9.3978, 63.3491], [9.3903, 63.348], [9.3878, 63.3476], [9.3778, 63.3462], [9.3695, 63.345], [9.3623, 63.344], [9.357, 63.3432], [9.3529, 63.3426], [9.3478, 63.3407], [9.3436, 63.339], [9.3369, 63.3364], [9.3301, 63.3338], [9.3266, 63.3324], [9.3216, 63.3305], [9.3154, 63.3281], [9.3112, 63.3264], [9.3051, 63.324], [9.2994, 63.3218], [9.2945, 63.3206], [9.2897, 63.3195], [9.2817, 63.3175], [9.2788, 63.3168], [9.2574, 63.3129], [9.2558, 63.3121], [9.253, 63.3106], [9.248, 63.3082], [9.2419, 63.3051], [9.2392, 63.3038], [9.2321, 63.3001], [9.2253, 63.2969], [9.2178, 63.2934], [9.2141, 63.2917], [9.2103, 63.2899], [9.2015, 63.2858], [9.1956, 63.283], [9.1891, 63.28], [9.1855, 63.2784], [9.1777, 63.2747], [9.1711, 63.2716], [9.1624, 63.2676], [9.1543, 63.2638], [9.1499, 63.2618], [9.1442, 63.2591], [9.1405, 63.2574], [9.135, 63.2548], [9.1331, 63.2539], [9.1291, 63.2516], [9.1256, 63.2496], [9.1219, 63.2475], [9.1171, 63.2448], [9.1088, 63.2401], [9.1029, 63.2368], [9.0975, 63.2337], [9.0943, 63.2318], [9.0884, 63.2295], [9.0854, 63.2284], [9.075, 63.2243], [9.0688, 63.2219], [9.0597, 63.2183], [9.0542, 63.2162], [9.0488, 63.2141], [9.0423, 63.2092], [9.0387, 63.2065], [9.0317, 63.2013], [9.0277, 63.1983], [9.0262, 63.1957], [9.0237, 63.1914], [9.0223, 63.189], [9.0215, 63.1878], [9.0188, 63.1831], [9.018, 63.1817], [9.0222, 63.1773], [9.0249, 63.1744], [9.0286, 63.1704], [9.0315, 63.1673], [9.0371, 63.1652], [9.042, 63.1634], [9.0471, 63.1615], [9.0507, 63.1601], [9.0554, 63.1583], [9.0567, 63.1574], [9.0607, 63.1544], [9.0637, 63.1521], [9.0657, 63.1506], [9.0685, 63.1485], [9.0734, 63.1448], [9.0756, 63.1431], [9.0781, 63.1397], [9.0809, 63.1358], [9.0822, 63.134], [9.0834, 63.1296], [9.0846, 63.1257], [9.0855, 63.1225], [9.0859, 63.1211], [9.0865, 63.1192], [9.0871, 63.1171], [9.0885, 63.1128], [9.0894, 63.1098], [9.0869, 63.1081], [9.0825, 63.1051], [9.0795, 63.1031], [9.0759, 63.1006], [9.0697, 63.0964], [9.0644, 63.0928], [9.0633, 63.092], [9.0626, 63.0915], [9.0627, 63.0892], [9.063, 63.0856], [9.0633, 63.0829], [9.0634, 63.0806], [9.0637, 63.0774], [9.064, 63.0736], [9.0642, 63.0705], [9.0645, 63.0673], [9.0647, 63.0646], [9.065, 63.0616], [9.0653, 63.0578], [9.0656, 63.0545], [9.0659, 63.0508], [9.0662, 63.0472], [9.0665, 63.0434], [9.0665, 63.0379], [9.0645, 63.037], [9.0606, 63.0352], [9.0554, 63.0328], [9.05, 63.0302], [9.0476, 63.0291], [9.0421, 63.0265], [9.0396, 63.0245], [9.0359, 63.0215], [9.0321, 63.0184], [9.0284, 63.0155], [9.0261, 63.0136], [9.0237, 63.0117], [9.0207, 63.0094]]}}, {"type": "Feature", "properties": {"osm_type": "line", "voltage_kv": 420.0, "name": "Snilldal - Surna", "avail": 0}, "geometry": {"type": "LineString", "coordinates": [[9.017, 63.004], [9.0169, 62.9982], [9.0152, 62.9977]]}}, {"type": "Feature", "properties": {"osm_type": "line", "voltage_kv": 300.0, "name": "Mauranger - Samnanger", "avail": 11, "avail_node": "Eidesfossen"}, "geometry": {"type": "LineString", "coordinates": [[6.3268, 60.1297], [6.3255, 60.1293], [6.3243, 60.1288], [6.3239, 60.1287], [6.323, 60.1283], [6.3137, 60.1257], [6.3102, 60.125], [6.3053, 60.124], [6.2952, 60.1219], [6.2929, 60.1214], [6.2859, 60.1195], [6.2842, 60.119], [6.2797, 60.1169], [6.278, 60.1159], [6.2723, 60.1128], [6.2572, 60.1144], [6.2567, 60.1147], [6.2552, 60.1174], [6.2549, 60.1179], [6.2547, 60.1184], [6.2515, 60.124], [6.2462, 60.1333], [6.2456, 60.1346], [6.2458, 60.1379], [6.2456, 60.1411], [6.2435, 60.1476], [6.2421, 60.1505], [6.2404, 60.1539], [6.2379, 60.1588], [6.24, 60.1624], [6.2418, 60.165], [6.2448, 60.1695], [6.2455, 60.1757], [6.2422, 60.1771], [6.2425, 60.1789], [6.243, 60.1821], [6.2416, 60.187], [6.2409, 60.1879], [6.2398, 60.1894], [6.2381, 60.1916], [6.2359, 60.1943], [6.2349, 60.1955], [6.2312, 60.2006], [6.2295, 60.2032], [6.2256, 60.2085], [6.2243, 60.21], [6.2211, 60.2142], [6.2193, 60.2166], [6.2193, 60.2199], [6.2192, 60.222], [6.2191, 60.2265], [6.219, 60.2277], [6.2173, 60.2356], [6.2167, 60.2381], [6.2165, 60.2396], [6.2166, 60.2417], [6.2165, 60.2442], [6.2183, 60.2492], [6.2188, 60.2505], [6.2177, 60.2518], [6.2069, 60.2548], [6.1951, 60.2581], [6.1725, 60.2644], [6.1701, 60.2649], [6.1643, 60.2655], [6.1566, 60.2663], [6.1529, 60.2666], [6.1433, 60.2676], [6.1428, 60.2677], [6.1397, 60.268], [6.135, 60.2685], [6.1291, 60.2691], [6.1288, 60.2691], [6.1194, 60.2702], [6.1149, 60.2707], [6.1054, 60.2719], [6.0966, 60.2729], [6.0947, 60.2731], [6.0878, 60.2739], [6.0842, 60.2745], [6.0807, 60.275], [6.0765, 60.2758], [6.0735, 60.2782], [6.072, 60.2795], [6.0688, 60.2822], [6.0641, 60.286], [6.0602, 60.2899], [6.0574, 60.2927], [6.0521, 60.297], [6.0483, 60.3001], [6.0455, 60.3023], [6.0438, 60.3037], [6.0412, 60.3057], [6.0394, 60.3071], [6.0353, 60.3104], [6.0329, 60.3124], [6.0305, 60.3142], [6.0266, 60.3174], [6.0239, 60.3195], [6.0196, 60.3229], [6.0161, 60.3258], [6.0123, 60.3288], [6.01, 60.3307], [6.0052, 60.3346], [6.0039, 60.3357], [6.0003, 60.3387], [5.9974, 60.3411], [5.9952, 60.3429], [5.9925, 60.3452], [5.9903, 60.347], [5.9864, 60.3502], [5.9816, 60.3542], [5.9792, 60.3563], [5.9685, 60.3598], [5.9624, 60.3623], [5.9558, 60.3649], [5.9498, 60.3674], [5.9472, 60.3684], [5.9366, 60.3708], [5.9314, 60.3716], [5.9309, 60.3717], [5.9284, 60.372], [5.9265, 60.3721], [5.9195, 60.3726], [5.9115, 60.373], [5.9088, 60.3732], [5.9037, 60.3736], [5.8973, 60.374], [5.888, 60.3746], [5.8776, 60.3761], [5.8722, 60.377], [5.868, 60.3776], [5.8628, 60.3785], [5.8588, 60.3799], [5.8572, 60.3804], [5.8536, 60.382], [5.8488, 60.3841], [5.8473, 60.3863], [5.8455, 60.3892], [5.8434, 60.3925], [5.8433, 60.3943], [5.8433, 60.3952]]}}, {"type": "Feature", "properties": {"osm_type": "line", "voltage_kv": 300.0, "name": "Bl\u00e5falli - Husnes, L2", "avail": 14, "avail_node": "Husnes"}, "geometry": {"type": "LineString", "coordinates": [[6.0066, 59.861], [6.0055, 59.8599], [6.0013, 59.8559], [5.9986, 59.8549], [5.9926, 59.8524], [5.9901, 59.8514], [5.9859, 59.8496], [5.9831, 59.8485], [5.9813, 59.8476], [5.9608, 59.8403], [5.9579, 59.8392], [5.9518, 59.8377], [5.9499, 59.8373], [5.9465, 59.8365], [5.9395, 59.835], [5.9276, 59.8332], [5.923, 59.8325], [5.9191, 59.8319], [5.9156, 59.8314], [5.9057, 59.8298], [5.8972, 59.8288], [5.8894, 59.828], [5.8841, 59.8277], [5.8703, 59.8274], [5.8563, 59.8287], [5.8523, 59.8291], [5.8459, 59.8297], [5.8412, 59.8302], [5.8377, 59.8306], [5.8334, 59.8312], [5.8301, 59.8317], [5.8231, 59.8355], [5.8201, 59.8371], [5.817, 59.8388], [5.8135, 59.8409], [5.8089, 59.8437], [5.8058, 59.8456], [5.8027, 59.8475], [5.8003, 59.849], [5.7979, 59.8505], [5.7952, 59.8519], [5.7925, 59.8533], [5.7886, 59.8554], [5.7841, 59.8578], [5.7784, 59.8592], [5.7729, 59.8605], [5.7706, 59.8611]]}}, {"type": "Feature", "properties": {"osm_type": "line", "voltage_kv": 300.0, "name": "Nesbyen - Sogn", "avail": 63, "avail_node": "Gr\u00f8nland"}, "geometry": {"type": "LineString", "coordinates": [[9.0758, 60.6059], [9.0762, 60.6059], [9.0762, 60.6059], [9.0763, 60.6059], [9.0806, 60.606], [9.0858, 60.607], [9.0893, 60.609], [9.0937, 60.6116], [9.098, 60.6141], [9.1007, 60.6155], [9.1045, 60.6174], [9.1076, 60.6188], [9.1098, 60.6197], [9.1138, 60.6214], [9.1178, 60.6231], [9.1187, 60.6235], [9.1192, 60.6238], [9.1227, 60.6219], [9.1275, 60.6194], [9.1312, 60.6173], [9.1344, 60.6155], [9.1376, 60.6137], [9.1418, 60.6112], [9.1458, 60.6089], [9.1502, 60.6064], [9.1506, 60.6058], [9.1518, 60.6039], [9.1541, 60.6004], [9.1561, 60.5972], [9.1578, 60.5946], [9.1598, 60.5915], [9.1621, 60.5878], [9.1641, 60.5847], [9.1658, 60.582], [9.1673, 60.5797], [9.1692, 60.5768], [9.1707, 60.5744], [9.1723, 60.5718], [9.1738, 60.5696], [9.1752, 60.5673], [9.1772, 60.5643], [9.1787, 60.5618], [9.1806, 60.5589], [9.1812, 60.5567], [9.182, 60.5538], [9.1828, 60.5509], [9.1836, 60.5484], [9.1842, 60.5459], [9.1849, 60.5437], [9.1856, 60.5412], [9.1866, 60.5376], [9.1873, 60.5352], [9.188, 60.5327], [9.189, 60.5293], [9.1893, 60.5269], [9.1897, 60.5239], [9.19, 60.5221], [9.1902, 60.5203], [9.1906, 60.5175], [9.191, 60.5143], [9.1914, 60.512], [9.1916, 60.5102], [9.1917, 60.5098], [9.1933, 60.5076], [9.1953, 60.505], [9.1972, 60.5026], [9.1987, 60.5007], [9.2006, 60.4982], [9.2021, 60.4963], [9.2066, 60.4946], [9.2103, 60.4932], [9.2149, 60.4923], [9.2232, 60.4906], [9.2266, 60.4888], [9.2325, 60.4856], [9.2368, 60.4833], [9.2391, 60.4821], [9.2419, 60.4806], [9.2492, 60.4783], [9.2557, 60.4763], [9.2572, 60.4758], [9.2603, 60.4721], [9.2632, 60.4685], [9.2655, 60.4657], [9.2672, 60.4635], [9.2737, 60.4595], [9.28, 60.4556], [9.2822, 60.4542], [9.2866, 60.4517], [9.2895, 60.45], [9.2908, 60.4493], [9.2983, 60.4476], [9.3029, 60.4465], [9.307, 60.446], [9.3114, 60.4454], [9.3118, 60.4453], [9.3191, 60.4438], [9.3248, 60.4427], [9.3277, 60.4421], [9.3319, 60.4407], [9.3347, 60.4397], [9.3384, 60.4385], [9.3402, 60.4379], [9.3479, 60.4368], [9.3572, 60.4355], [9.3649, 60.4344], [9.3673, 60.434], [9.3692, 60.4341], [9.3772, 60.4347], [9.3823, 60.4352], [9.3873, 60.4357], [9.3913, 60.4361], [9.4011, 60.4355], [9.407, 60.4352], [9.4136, 60.4348], [9.418, 60.4345], [9.4193, 60.4344], [9.4213, 60.4343], [9.4255, 60.434], [9.4286, 60.4339], [9.4372, 60.4326], [9.4414, 60.432], [9.4457, 60.4314], [9.4502, 60.4307], [9.456, 60.4273], [9.4612, 60.4243], [9.466, 60.4216], [9.4667, 60.4212], [9.4714, 60.4184], [9.4748, 60.4164], [9.4784, 60.4144], [9.4812, 60.4128], [9.4853, 60.4104], [9.4858, 60.4101], [9.4883, 60.4086], [9.4908, 60.4072], [9.4922, 60.4069], [9.4933, 60.4067], [9.4943, 60.4065], [9.4975, 60.406], [9.5063, 60.4044], [9.508, 60.404], [9.5114, 60.4034], [9.5153, 60.4027], [9.5183, 60.4022], [9.5281, 60.4019], [9.5389, 60.4017], [9.5418, 60.4016], [9.5526, 60.4014], [9.5562, 60.4008], [9.5635, 60.3996], [9.572, 60.3982], [9.5767, 60.3974], [9.5823, 60.3965], [9.5877, 60.3956], [9.591, 60.3951], [9.5942, 60.3945], [9.5975, 60.3934], [9.6022, 60.3917], [9.6064, 60.3903], [9.6073, 60.3899], [9.6106, 60.3888], [9.6169, 60.3866], [9.6214, 60.385], [9.6236, 60.3842], [9.6304, 60.3819], [9.6345, 60.3804], [9.6411, 60.3781], [9.6443, 60.3766], [9.6491, 60.3742], [9.6528, 60.3723], [9.657, 60.3703], [9.6614, 60.3681], [9.6647, 60.3664], [9.6673, 60.3652], [9.6715, 60.3631], [9.6749, 60.3614], [9.6784, 60.3597], [9.6817, 60.3581], [9.6851, 60.3564], [9.6891, 60.3544], [9.6931, 60.3524], [9.6968, 60.3506], [9.7, 60.349], [9.7025, 60.3477], [9.7056, 60.3462], [9.709, 60.3446], [9.7121, 60.343], [9.7154, 60.3414], [9.7187, 60.3381], [9.7219, 60.3348], [9.7237, 60.333], [9.7261, 60.3306], [9.7283, 60.3279], [9.7315, 60.3242], [9.7339, 60.3212], [9.7372, 60.3186], [9.7396, 60.3167], [9.7414, 60.3153], [9.7454, 60.3122], [9.7483, 60.3098], [9.7507, 60.3079], [9.7544, 60.3049], [9.7575, 60.3025], [9.761, 60.2997], [9.7639, 60.2974], [9.7664, 60.2954], [9.7722, 60.2934], [9.7782, 60.2912], [9.7817, 60.29], [9.7874, 60.288], [9.7926, 60.2861], [9.797, 60.285], [9.8027, 60.2835], [9.8065, 60.2826], [9.8108, 60.2815], [9.8157, 60.2803], [9.8225, 60.2785], [9.8281, 60.2771], [9.8339, 60.2756], [9.8398, 60.2741], [9.8443, 60.273], [9.8489, 60.2718], [9.8535, 60.2706], [9.8586, 60.269], [9.8641, 60.2672], [9.8713, 60.2649], [9.8746, 60.2638], [9.8784, 60.2626], [9.8837, 60.2609], [9.8872, 60.2597], [9.8921, 60.2581], [9.8979, 60.2562], [9.9009, 60.2553], [9.9042, 60.2542], [9.9082, 60.2529], [9.9131, 60.2513], [9.9176, 60.2498], [9.923, 60.2481], [9.9302, 60.2467], [9.9338, 60.2461], [9.9383, 60.2452], [9.9444, 60.2441], [9.9494, 60.2432], [9.9554, 60.242], [9.9562, 60.2419], [9.9602, 60.2411], [9.9658, 60.2401], [9.9701, 60.2393], [9.9741, 60.2386], [9.9797, 60.2375], [9.984, 60.2367], [9.9887, 60.2358], [9.9936, 60.2349], [9.9986, 60.234], [10.0035, 60.2331], [10.0095, 60.2326], [10.0176, 60.2319], [10.0221, 60.2315], [10.0299, 60.2309], [10.0339, 60.2305], [10.0379, 60.2302], [10.0452, 60.2296], [10.0519, 60.229], [10.0596, 60.2284], [10.0662, 60.2279], [10.0701, 60.2275], [10.0758, 60.2271], [10.0835, 60.2264], [10.0897, 60.2259], [10.0964, 60.2253], [10.1009, 60.225], [10.1052, 60.2246], [10.1132, 60.2239], [10.1138, 60.2239], [10.118, 60.2234], [10.1211, 60.223], [10.1247, 60.2226], [10.1289, 60.2215], [10.1332, 60.2205], [10.1384, 60.2192], [10.1419, 60.2183], [10.1462, 60.2172], [10.1502, 60.2163], [10.155, 60.215], [10.16, 60.2138], [10.163, 60.2131], [10.1701, 60.2113], [10.1739, 60.2104], [10.1787, 60.2092], [10.182, 60.2084], [10.1857, 60.2074], [10.1916, 60.206], [10.1959, 60.2049], [10.1999, 60.2039], [10.2036, 60.203], [10.2078, 60.202], [10.2109, 60.2012], [10.2132, 60.2006], [10.2178, 60.1995], [10.2193, 60.1991], [10.2208, 60.1988], [10.2264, 60.1974], [10.2265, 60.1974], [10.227, 60.1972], [10.2273, 60.1972], [10.2313, 60.1962], [10.2352, 60.1952], [10.2394, 60.1942], [10.2444, 60.1929], [10.2487, 60.1919], [10.2509, 60.1913], [10.2548, 60.1901], [10.2556, 60.1898], [10.2562, 60.1897], [10.2562, 60.1897], [10.258, 60.1891], [10.2646, 60.187], [10.2677, 60.1861], [10.2717, 60.1848], [10.2759, 60.1835], [10.2763, 60.1834], [10.2795, 60.1824], [10.2837, 60.1811], [10.2878, 60.1798], [10.2908, 60.1789], [10.2962, 60.1772], [10.3036, 60.1743], [10.3087, 60.1723], [10.3096, 60.172], [10.3096, 60.172], [10.3116, 60.1712], [10.3124, 60.1708], [10.3157, 60.1695], [10.3187, 60.1684], [10.3213, 60.1673], [10.3228, 60.1667], [10.3244, 60.1661], [10.3281, 60.1647], [10.3324, 60.163], [10.3361, 60.1615], [10.3402, 60.1599], [10.3432, 60.1587], [10.348, 60.1575], [10.3555, 60.1555], [10.36, 60.1543], [10.365, 60.153], [10.3696, 60.1518], [10.3714, 60.1513], [10.3729, 60.1509], [10.3761, 60.1501], [10.3812, 60.1487], [10.3866, 60.1473], [10.3923, 60.1458], [10.3967, 60.1446], [10.4004, 60.1437], [10.4038, 60.1428], [10.408, 60.1417], [10.411, 60.1409], [10.4138, 60.1402], [10.4171, 60.1393], [10.4219, 60.138], [10.4257, 60.1373], [10.4289, 60.1366], [10.4325, 60.1359], [10.4364, 60.1352], [10.4412, 60.1343], [10.4457, 60.1334], [10.4502, 60.1325], [10.4542, 60.1317], [10.4596, 60.1307], [10.4647, 60.1297], [10.4698, 60.1287], [10.4715, 60.1284], [10.4733, 60.1278], [10.4765, 60.1268], [10.4806, 60.1256], [10.4843, 60.1245], [10.4875, 60.1235], [10.4914, 60.1223], [10.4967, 60.1207], [10.5017, 60.1191], [10.5054, 60.118], [10.5094, 60.1168], [10.5132, 60.1156], [10.5167, 60.1145], [10.5201, 60.1135], [10.5239, 60.1123], [10.5279, 60.1111], [10.5316, 60.11], [10.5356, 60.1088], [10.5407, 60.1072], [10.5443, 60.1061], [10.5511, 60.1031], [10.5548, 60.1015], [10.5586, 60.0998], [10.5616, 60.0985], [10.5662, 60.0965], [10.5693, 60.0951], [10.5743, 60.0929], [10.5771, 60.0917], [10.5821, 60.0895], [10.5845, 60.0884], [10.5885, 60.0866], [10.5946, 60.084], [10.5974, 60.0827], [10.6002, 60.0815], [10.6062, 60.0789], [10.6103, 60.078], [10.6142, 60.0773], [10.6192, 60.0763], [10.6249, 60.0751], [10.6297, 60.0742], [10.638, 60.0743], [10.6412, 60.0738], [10.6437, 60.0735], [10.6456, 60.0724], [10.6494, 60.0703], [10.652, 60.0688], [10.6541, 60.0677], [10.6555, 60.0669], [10.6581, 60.0654], [10.661, 60.0638], [10.664, 60.0622], [10.668, 60.0599], [10.671, 60.0583], [10.6739, 60.0566], [10.6767, 60.0551], [10.6802, 60.0531], [10.6829, 60.0516], [10.6862, 60.0498], [10.6864, 60.0497], [10.6898, 60.0478], [10.6933, 60.0458], [10.6957, 60.0445], [10.6979, 60.0432], [10.6983, 60.0385], [10.6985, 60.0361], [10.6987, 60.0339], [10.699, 60.0312], [10.6992, 60.0287], [10.6994, 60.0262], [10.6996, 60.0238], [10.6998, 60.021], [10.7, 60.0188], [10.7003, 60.0162], [10.7005, 60.0137], [10.7006, 60.0121], [10.7007, 60.0104], [10.702, 60.0083], [10.7028, 60.0071], [10.7031, 60.0066], [10.7042, 60.0046], [10.7055, 60.0024], [10.7068, 60.0003], [10.7087, 59.9971], [10.71, 59.9948], [10.7112, 59.9929], [10.7123, 59.9909], [10.7134, 59.9891], [10.7149, 59.9866], [10.7162, 59.9845], [10.7174, 59.9824], [10.7183, 59.9808], [10.7201, 59.9778], [10.7213, 59.9758], [10.7216, 59.9736], [10.722, 59.9705], [10.7222, 59.9687], [10.7224, 59.9669], [10.7227, 59.9648], [10.7229, 59.9629], [10.7213, 59.9612], [10.7207, 59.9606]]}}, {"type": "Feature", "properties": {"osm_type": "line", "voltage_kv": 420.0, "name": "\u00d8rskog - Sykkylven", "avail": 22, "avail_node": "Sykkylven"}, "geometry": {"type": "LineString", "coordinates": [[6.86, 62.4718], [6.8575, 62.4713], [6.853, 62.4704], [6.8464, 62.4702], [6.842, 62.4701], [6.8392, 62.4703], [6.8313, 62.4706], [6.828, 62.47], [6.8238, 62.4692], [6.819, 62.4683], [6.8131, 62.4674], [6.8073, 62.4665], [6.8007, 62.4655], [6.7949, 62.4649], [6.7814, 62.4635], [6.7802, 62.4633], [6.7693, 62.4591], [6.7585, 62.4549], [6.7476, 62.4507], [6.7367, 62.4466], [6.7346, 62.4461], [6.7332, 62.4449], [6.734, 62.4409], [6.7347, 62.438], [6.7338, 62.4373], [6.7313, 62.4355], [6.7286, 62.4334], [6.7158, 62.4291], [6.707, 62.4279], [6.7065, 62.4278], [6.6985, 62.4267], [6.6942, 62.4261], [6.6922, 62.4238], [6.691, 62.4224], [6.689, 62.42], [6.6867, 62.4173], [6.6832, 62.4132], [6.6815, 62.4109], [6.6802, 62.4096], [6.6757, 62.4076], [6.6711, 62.4055], [6.6661, 62.4031], [6.6615, 62.3965], [6.6579, 62.3912], [6.656, 62.3884], [6.6545, 62.3863], [6.6529, 62.3841], [6.6495, 62.3823], [6.6465, 62.3807], [6.6418, 62.3783], [6.6404, 62.3776]]}}, {"type": "Feature", "properties": {"osm_type": "line", "voltage_kv": 300.0, "name": "Kvanndal (T Nyst\u00f8yl) - Songa ", "avail": 0}, "geometry": {"type": "LineString", "coordinates": [[7.4491, 59.7333], [7.4569, 59.7347], [7.4608, 59.7353], [7.4653, 59.7359], [7.4709, 59.7366], [7.4761, 59.7373], [7.4794, 59.7376], [7.4828, 59.7378], [7.4898, 59.7383], [7.4955, 59.7386], [7.5026, 59.7391], [7.5114, 59.7397], [7.5215, 59.7403], [7.5254, 59.7406], [7.529, 59.7408], [7.5316, 59.7414], [7.5343, 59.742], [7.5375, 59.7428], [7.5423, 59.7439], [7.5469, 59.7449], [7.5502, 59.7457], [7.5547, 59.7472], [7.558, 59.7482], [7.5622, 59.7494], [7.5668, 59.7501], [7.5797, 59.7519], [7.5853, 59.7521], [7.591, 59.7522], [7.5952, 59.7523], [7.5991, 59.7534], [7.6025, 59.7543], [7.6053, 59.7554], [7.6081, 59.7566], [7.6136, 59.7591], [7.6196, 59.7601], [7.6243, 59.7609], [7.6308, 59.7619], [7.6361, 59.7628], [7.639, 59.7632], [7.6416, 59.7635], [7.6468, 59.7642], [7.6525, 59.765], [7.6574, 59.7657], [7.6649, 59.767], [7.6683, 59.7676], [7.6736, 59.7686], [7.6815, 59.7698], [7.6851, 59.7703], [7.6912, 59.7706], [7.6965, 59.7708], [7.7, 59.7708], [7.7048, 59.7709], [7.7096, 59.7707], [7.7146, 59.7717], [7.7202, 59.7727]]}}, {"type": "Feature", "properties": {"osm_type": "line", "voltage_kv": 132.0, "name": "RE_132HL07_5", "avail": 148, "avail_node": "Sm\u00f8la"}, "geometry": {"type": "LineString", "coordinates": [[7.9446, 63.3723], [7.9412, 63.3589], [7.9413, 63.3589], [7.9455, 63.3583], [7.9516, 63.3575], [7.9565, 63.3568], [7.9617, 63.3561], [7.9651, 63.3556], [7.9696, 63.3549], [7.9732, 63.3544], [7.9786, 63.3537], [7.9826, 63.3531], [7.987, 63.3525], [7.9915, 63.3519], [7.9958, 63.3513], [7.9984, 63.3509], [8.003, 63.3503], [8.0052, 63.3499], [8.0076, 63.3497], [8.012, 63.3492], [8.016, 63.3488], [8.0202, 63.3484], [8.0243, 63.348], [8.0285, 63.3476], [8.0313, 63.3473], [8.0328, 63.3467], [8.0401, 63.3437], [8.0418, 63.343], [8.044, 63.3426], [8.0442, 63.3426], [8.0442, 63.3426], [8.0483, 63.3419], [8.0524, 63.3412], [8.0524, 63.341], [8.0529, 63.34], [8.0533, 63.339], [8.0504, 63.3353], [8.0472, 63.3312], [8.048, 63.3283]]}}, {"type": "Feature", "properties": {"osm_type": "line", "voltage_kv": 132.0, "name": "Brandhol - Istad", "avail": 4, "avail_node": "Eidseter"}, "geometry": {"type": "LineString", "coordinates": [[8.1405, 62.7931], [8.1401, 62.7931], [8.1345, 62.7924], [8.1298, 62.7919], [8.1239, 62.7912], [8.1174, 62.7904], [8.1101, 62.7896], [8.1028, 62.7889], [8.0999, 62.7885], [8.0961, 62.7881], [8.089, 62.7874], [8.0874, 62.7872], [8.0874, 62.7872], [8.0844, 62.7869], [8.0773, 62.7861], [8.0706, 62.7854], [8.0655, 62.7848], [8.0602, 62.7842], [8.0534, 62.7835], [8.0474, 62.7829], [8.0403, 62.7821], [8.0353, 62.7816], [8.0289, 62.7809], [8.0232, 62.7803], [8.0176, 62.7796], [8.0112, 62.779], [8.0055, 62.7783], [7.999, 62.7776], [7.9933, 62.777], [7.9886, 62.7765], [7.9807, 62.7757], [7.9744, 62.7751], [7.9672, 62.7745], [7.9554, 62.7735], [7.9504, 62.7726], [7.9423, 62.7722], [7.9368, 62.7719], [7.9303, 62.7716], [7.9237, 62.7712], [7.9157, 62.7708], [7.9099, 62.7705], [7.9058, 62.7703], [7.9019, 62.7707], [7.9005, 62.7724], [7.8982, 62.7753], [7.8966, 62.7771], [7.8953, 62.7787], [7.891, 62.7839], [7.8908, 62.784], [7.8858, 62.7855], [7.8776, 62.7881], [7.8745, 62.789], [7.8711, 62.7906], [7.8653, 62.7933], [7.862, 62.7948], [7.8581, 62.7965], [7.8489, 62.8006], [7.8436, 62.803], [7.8426, 62.8034], [7.8368, 62.806], [7.833, 62.8077], [7.8285, 62.8086], [7.8238, 62.8095], [7.8184, 62.8106], [7.8181, 62.8106], [7.8135, 62.8107], [7.8093, 62.8108], [7.8038, 62.8109], [7.7984, 62.811], [7.7978, 62.811], [7.7924, 62.8111], [7.7872, 62.8107], [7.781, 62.8103], [7.7756, 62.8099], [7.7741, 62.8098], [7.7682, 62.8094], [7.7617, 62.809], [7.7552, 62.8085], [7.7487, 62.8081], [7.7429, 62.8082], [7.7372, 62.8084], [7.7318, 62.8085], [7.7256, 62.8086], [7.72, 62.8088], [7.7151, 62.8089], [7.7144, 62.8089], [7.7098, 62.809], [7.7096, 62.8091]]}}, {"type": "Feature", "properties": {"osm_type": "line", "voltage_kv": 420.0, "name": "Namsos - Tunnsj\u00f8dal", "avail": 5, "avail_node": "H\u00f8ylandet"}, "geometry": {"type": "LineString", "coordinates": [[11.7784, 64.4809], [11.7795, 64.4823], [11.7823, 64.486], [11.7837, 64.489], [11.7851, 64.4922], [11.7868, 64.4951], [11.7891, 64.4988], [11.7988, 64.5005], [11.8001, 64.5008], [11.8089, 64.5023], [11.8165, 64.5036], [11.8225, 64.5047], [11.8287, 64.5058], [11.8361, 64.5071], [11.8401, 64.5078], [11.8433, 64.5084], [11.8543, 64.5106], [11.8628, 64.5123], [11.8665, 64.513], [11.8703, 64.514], [11.875, 64.5151], [11.8806, 64.5164], [11.8874, 64.518], [11.8932, 64.5194], [11.9015, 64.5213], [11.9095, 64.523], [11.9147, 64.5242], [11.9199, 64.5253], [11.9268, 64.5269], [11.9339, 64.5284], [11.9393, 64.5296], [11.9451, 64.5307], [11.948, 64.5313], [11.9507, 64.5325], [11.9551, 64.5343], [11.9614, 64.5369], [11.9646, 64.5383], [11.9732, 64.5415], [11.9793, 64.5438], [11.9824, 64.5449], [11.9889, 64.5474], [11.9939, 64.5493], [12.0013, 64.5521], [12.0035, 64.5529], [12.0097, 64.5547], [12.0137, 64.5558], [12.0166, 64.5567], [12.0215, 64.5566], [12.0256, 64.5565], [12.029, 64.5564], [12.0332, 64.5563], [12.0432, 64.5573], [12.0487, 64.5578], [12.0583, 64.5588], [12.065, 64.5594], [12.0731, 64.5601], [12.0815, 64.5607], [12.0904, 64.5614], [12.1006, 64.5623], [12.111, 64.5628], [12.1162, 64.563], [12.1229, 64.5633], [12.1294, 64.5638], [12.1351, 64.5642], [12.1533, 64.565], [12.1566, 64.5641], [12.1632, 64.5624], [12.1691, 64.5609], [12.1697, 64.5607], [12.1742, 64.5595], [12.1899, 64.559], [12.1909, 64.5589], [12.2, 64.5586], [12.2066, 64.5589], [12.2121, 64.5589], [12.2181, 64.559], [12.2272, 64.559], [12.2356, 64.5591], [12.242, 64.5591], [12.2465, 64.559], [12.255, 64.5587], [12.2592, 64.5587], [12.27, 64.5587], [12.2778, 64.5587], [12.2874, 64.5587], [12.2926, 64.5588], [12.2955, 64.5595], [12.3044, 64.5616], [12.3115, 64.5633], [12.3154, 64.5643], [12.3189, 64.5651], [12.3235, 64.5662], [12.3294, 64.5677], [12.3399, 64.5702], [12.3504, 64.5728], [12.3549, 64.5739], [12.3732, 64.5771], [12.3766, 64.5776], [12.3809, 64.5782], [12.3852, 64.5788], [12.3973, 64.5804], [12.4043, 64.5814], [12.4125, 64.5839], [12.4194, 64.5861], [12.4232, 64.5873], [12.4267, 64.5884], [12.435, 64.591], [12.4422, 64.5932], [12.4496, 64.5956], [12.4562, 64.5976], [12.4631, 64.6002], [12.4697, 64.6027], [12.4771, 64.6054], [12.4834, 64.6079], [12.4901, 64.6105], [12.4955, 64.6126], [12.499, 64.614], [12.5051, 64.6164], [12.5121, 64.6191], [12.5167, 64.6208], [12.5228, 64.623], [12.5286, 64.6252], [12.5339, 64.6272], [12.5398, 64.6296], [12.5447, 64.6316], [12.5486, 64.6321], [12.5511, 64.6324], [12.5608, 64.6337], [12.5705, 64.635], [12.5752, 64.6362], [12.5843, 64.6386], [12.5913, 64.6404], [12.5976, 64.642], [12.6098, 64.6452], [12.6155, 64.6461], [12.6218, 64.6472], [12.63, 64.6485], [12.6381, 64.6498], [12.6453, 64.651], [12.6537, 64.6524], [12.6544, 64.6525], [12.6551, 64.6526], [12.6567, 64.6529], [12.6633, 64.6543], [12.6724, 64.6563], [12.6799, 64.6579], [12.685, 64.6589], [12.6899, 64.66], [12.6957, 64.6612], [12.7035, 64.6629], [12.7128, 64.6648], [12.7194, 64.6662], [12.7246, 64.6673], [12.7334, 64.6692], [12.7411, 64.6709], [12.7472, 64.6723], [12.7526, 64.6736], [12.7605, 64.6755], [12.7642, 64.6764], [12.7695, 64.6776], [12.7742, 64.6787], [12.7813, 64.6803], [12.7934, 64.683], [12.8022, 64.685], [12.8092, 64.6865], [12.816, 64.688], [12.822, 64.6893], [12.8261, 64.6902], [12.8323, 64.6922], [12.8325, 64.6922], [12.8328, 64.6923], [12.8388, 64.6942], [12.8412, 64.6949], [12.8418, 64.6951], [12.8415, 64.6969], [12.8409, 64.6999], [12.8405, 64.7021]]}}, {"type": "Feature", "properties": {"osm_type": "line", "voltage_kv": 132.0, "name": "Kirkenes - T_Neiden (Varangerbotn)", "avail": 22, "avail_node": "Kirkenes"}, "geometry": {"type": "LineString", "coordinates": [[30.0269, 69.7212], [30.0258, 69.7209], [30.0249, 69.7204], [30.0231, 69.7196], [30.0213, 69.7186], [30.019, 69.7175], [30.0163, 69.7162], [30.0146, 69.7153], [30.0135, 69.7148], [30.0106, 69.7134], [30.0093, 69.7127], [30.005, 69.7106], [30.0039, 69.71], [30.0015, 69.7089], [29.9987, 69.7074], [29.9977, 69.707], [29.9956, 69.7059], [29.9932, 69.7047], [29.9903, 69.7033], [29.9882, 69.7022], [29.9847, 69.7005], [29.9829, 69.6996], [29.9807, 69.6985], [29.9769, 69.6966], [29.9758, 69.696], [29.9744, 69.6953], [29.9721, 69.6942], [29.9711, 69.6937], [29.9691, 69.6927], [29.968, 69.6922], [29.9673, 69.6905], [29.9666, 69.6889], [29.9663, 69.6882], [29.9661, 69.6876], [29.9633, 69.6861], [29.9614, 69.685], [29.959, 69.6837], [29.9576, 69.6829], [29.9556, 69.6818], [29.9537, 69.6807], [29.9516, 69.6796], [29.9495, 69.6784], [29.9456, 69.6776], [29.9416, 69.6768], [29.9363, 69.6758], [29.9347, 69.6755], [29.9315, 69.675], [29.9285, 69.6747], [29.9277, 69.6746], [29.9155, 69.675], [29.9139, 69.6751], [29.9098, 69.6747], [29.9057, 69.6743], [29.9038, 69.6741], [29.901, 69.6738], [29.8967, 69.6734], [29.8929, 69.673], [29.8899, 69.6727], [29.8872, 69.6725], [29.8836, 69.6721], [29.8776, 69.6714], [29.8753, 69.6711], [29.8723, 69.6707], [29.8696, 69.6704], [29.8655, 69.6699], [29.8652, 69.6698], [29.8619, 69.6694], [29.8587, 69.669], [29.8558, 69.6686], [29.8499, 69.6679], [29.8477, 69.6676], [29.8433, 69.6671], [29.8385, 69.6665], [29.8362, 69.6662], [29.8324, 69.6659], [29.8308, 69.6657], [29.8257, 69.6653], [29.8229, 69.665], [29.8179, 69.6646], [29.8158, 69.6644], [29.8128, 69.6641], [29.8102, 69.6639], [29.8057, 69.6635], [29.8024, 69.6632], [29.7974, 69.6628], [29.7945, 69.6625], [29.7899, 69.6621], [29.7865, 69.6618], [29.7839, 69.6616], [29.7798, 69.6615], [29.7767, 69.6614], [29.7719, 69.6612], [29.7692, 69.6611], [29.7657, 69.6611], [29.7609, 69.6609], [29.7589, 69.6609], [29.7557, 69.6608], [29.7518, 69.6607], [29.7481, 69.6606], [29.7447, 69.6605], [29.7411, 69.6604], [29.7391, 69.6603], [29.736, 69.6602], [29.732, 69.6601], [29.7292, 69.66], [29.727, 69.6599], [29.7247, 69.6597], [29.7222, 69.6595], [29.7194, 69.6592], [29.7133, 69.6586], [29.7096, 69.6583], [29.7057, 69.6579], [29.7038, 69.6578], [29.699, 69.6574], [29.6941, 69.6571], [29.6906, 69.6569], [29.6848, 69.6565], [29.6832, 69.6564], [29.6797, 69.6561], [29.6773, 69.656], [29.6732, 69.6557], [29.6697, 69.6555], [29.665, 69.6552], [29.6608, 69.6549], [29.6575, 69.6546], [29.653, 69.6543], [29.6496, 69.6541], [29.6446, 69.6538], [29.6406, 69.6535], [29.6382, 69.6533], [29.6323, 69.6529], [29.6295, 69.6527], [29.6259, 69.6525], [29.6238, 69.6524], [29.6189, 69.652], [29.6141, 69.6517], [29.6104, 69.6515], [29.6065, 69.6512], [29.6031, 69.651], [29.5995, 69.6507], [29.5944, 69.6504], [29.5905, 69.6501], [29.5894, 69.65], [29.5845, 69.6495], [29.5802, 69.649], [29.5788, 69.6488], [29.5744, 69.6483], [29.57, 69.6478], [29.5658, 69.6473], [29.5618, 69.6469], [29.558, 69.6464], [29.5559, 69.6462], [29.5514, 69.6457], [29.5483, 69.6453], [29.5453, 69.645], [29.5441, 69.6449], [29.5384, 69.6442], [29.5342, 69.6437], [29.5314, 69.6434], [29.5267, 69.6429], [29.5234, 69.6425], [29.5195, 69.642], [29.5163, 69.6417], [29.5136, 69.6414], [29.5092, 69.6408], [29.506, 69.6405], [29.5033, 69.6402], [29.4998, 69.6398], [29.4961, 69.6397], [29.4912, 69.6397], [29.4867, 69.6396], [29.4819, 69.6395], [29.4765, 69.6395], [29.4734, 69.6394], [29.4698, 69.6394], [29.4664, 69.6393], [29.4616, 69.6393], [29.4581, 69.6392], [29.4565, 69.6399], [29.4544, 69.6409], [29.4526, 69.6418], [29.4507, 69.6426], [29.4476, 69.6441], [29.4442, 69.6457], [29.4408, 69.6472], [29.4386, 69.6483], [29.4363, 69.6494], [29.4338, 69.6505], [29.4321, 69.6513], [29.4302, 69.6522], [29.4275, 69.6534], [29.4259, 69.6542], [29.4235, 69.6553], [29.422, 69.656], [29.4186, 69.6576], [29.4165, 69.6585], [29.4142, 69.6596], [29.4127, 69.6603], [29.4114, 69.6609], [29.4102, 69.662], [29.4087, 69.6632], [29.4069, 69.6647], [29.4049, 69.6664], [29.404, 69.6671], [29.4027, 69.6682], [29.4014, 69.6694], [29.4, 69.6706], [29.3983, 69.672], [29.3963, 69.6737], [29.3944, 69.6752], [29.3926, 69.6768], [29.391, 69.6775], [29.3885, 69.6785], [29.3873, 69.679], [29.3852, 69.6799], [29.3822, 69.6812], [29.3799, 69.6821], [29.3767, 69.6835], [29.3746, 69.6844], [29.3714, 69.6857], [29.3694, 69.6866], [29.3668, 69.6877], [29.3641, 69.6888], [29.3614, 69.6899], [29.3594, 69.6908], [29.357, 69.6918], [29.3546, 69.6928], [29.354, 69.6943], [29.3536, 69.6952], [29.3527, 69.6972], [29.3525, 69.6977], [29.3521, 69.6984], [29.3511, 69.7007]]}}, {"type": "Feature", "properties": {"osm_type": "line", "voltage_kv": 420.0, "name": "Kobbelv - Kobbvatnet", "avail": 0}, "geometry": {"type": "LineString", "coordinates": [[15.9909, 67.6229], [15.9912, 67.623], [15.9915, 67.623], [15.9916, 67.6231], [15.9922, 67.6242], [15.9932, 67.6258], [15.9952, 67.6293], [15.9946, 67.6326], [15.9942, 67.6351], [15.9934, 67.6354]]}}, {"type": "Feature", "properties": {"osm_type": "line", "voltage_kv": 300.0, "name": "Kl\u00e6bu - Orkdal", "avail": 17, "avail_node": "ORKDAL"}, "geometry": {"type": "LineString", "coordinates": [[10.4155, 63.3238], [10.4142, 63.3226], [10.4117, 63.3217], [10.4093, 63.3208], [10.402, 63.3184], [10.3948, 63.316], [10.3926, 63.3153], [10.3903, 63.3145], [10.3857, 63.3137], [10.373, 63.3118], [10.366, 63.3108], [10.3552, 63.3092], [10.3483, 63.3081], [10.348, 63.3081], [10.3442, 63.3075], [10.3401, 63.3069], [10.3381, 63.3066], [10.3343, 63.306], [10.3311, 63.3055], [10.3258, 63.3047], [10.3241, 63.3045], [10.3168, 63.3034], [10.3119, 63.3026], [10.3044, 63.3015], [10.2979, 63.3005], [10.2962, 63.3003], [10.2892, 63.2992], [10.2871, 63.2989], [10.2843, 63.2985], [10.2768, 63.2974], [10.269, 63.2962], [10.2661, 63.2957], [10.2654, 63.2956], [10.2625, 63.2952], [10.2604, 63.2949], [10.252, 63.2936], [10.2431, 63.2917], [10.2399, 63.291], [10.2383, 63.2908], [10.2357, 63.2904], [10.2279, 63.2893], [10.2221, 63.2885], [10.2146, 63.2874], [10.2109, 63.2869], [10.2034, 63.2858], [10.203, 63.2858], [10.1935, 63.2844], [10.192, 63.2842], [10.1912, 63.2841], [10.1881, 63.2838], [10.1832, 63.2833], [10.1803, 63.2828], [10.1793, 63.2827], [10.1725, 63.2816], [10.1661, 63.2803], [10.1565, 63.2781], [10.149, 63.2765], [10.1428, 63.2751], [10.134, 63.2732], [10.1247, 63.2711], [10.1193, 63.27], [10.1111, 63.2682], [10.105, 63.267], [10.1041, 63.2668], [10.1001, 63.2659], [10.0898, 63.2638], [10.0842, 63.2626], [10.0778, 63.2613], [10.0717, 63.26], [10.0644, 63.2588], [10.061, 63.2583], [10.0568, 63.2576], [10.0518, 63.2569], [10.0498, 63.2565], [10.0441, 63.2556], [10.044, 63.2556], [10.0433, 63.2555], [10.0343, 63.2547], [10.0333, 63.2546], [10.032, 63.2545], [10.0255, 63.2539], [10.0202, 63.2535], [10.0085, 63.2531], [10.0001, 63.2527], [9.9902, 63.2524], [9.983, 63.2521], [9.9796, 63.252], [9.9756, 63.2518], [9.9664, 63.2514], [9.9582, 63.2511], [9.9542, 63.251], [9.9457, 63.2512], [9.9364, 63.2514], [9.9355, 63.2514], [9.9275, 63.2516], [9.9227, 63.2517], [9.9141, 63.2519], [9.904, 63.2522], [9.8975, 63.2524], [9.8947, 63.2518], [9.8845, 63.2499], [9.8799, 63.249], [9.8765, 63.2486], [9.8689, 63.2477], [9.8642, 63.2471], [9.8616, 63.2474], [9.8544, 63.2482], [9.8463, 63.249], [9.8415, 63.2486], [9.8328, 63.2481], [9.826, 63.2477], [9.8185, 63.2471], [9.8155, 63.2468], [9.811, 63.2462], [9.8094, 63.246]]}}, {"type": "Feature", "properties": {"osm_type": "line", "voltage_kv": 145.0, "name": "132 304 \u00c5LFOTEN - SVELGEN", "avail": 12, "avail_node": "\u00c5lfoten"}, "geometry": {"type": "LineString", "coordinates": [[5.5427, 61.8286], [5.5399, 61.8289], [5.5298, 61.8302], [5.5289, 61.8303], [5.5281, 61.8303]]}}, {"type": "Feature", "properties": {"osm_type": "line", "voltage_kv": 132.0, "name": "RE_132HL01_7", "avail": 9, "avail_node": "Kristiansund"}, "geometry": {"type": "LineString", "coordinates": [[7.8274, 63.0951], [7.8274, 63.0957], [7.8273, 63.096], [7.8272, 63.0967], [7.827, 63.098], [7.8266, 63.0984], [7.8265, 63.0984], [7.8248, 63.1], [7.8227, 63.1019], [7.8209, 63.1032], [7.8207, 63.1033], [7.8183, 63.1047], [7.8151, 63.1066], [7.8151, 63.1066], [7.8141, 63.1073], [7.814, 63.1073]]}}, {"type": "Feature", "properties": {"osm_type": "line", "name": "Jordline Moskog - H\u00f8yanger", "avail": 0}, "geometry": {"type": "LineString", "coordinates": [[6.1249, 61.2779], [6.1247, 61.2777], [6.1315, 61.2755], [6.1371, 61.2738], [6.143, 61.2719], [6.1441, 61.2694], [6.1447, 61.2681], [6.1457, 61.2659], [6.1472, 61.2629], [6.1495, 61.2579], [6.1501, 61.2579]]}}, {"type": "Feature", "properties": {"osm_type": "line", "voltage_kv": 300.0, "name": "Marka - Nedre R\u00f8ss\u00e5ga", "avail": 0}, "geometry": {"type": "LineString", "coordinates": [[13.2926, 65.8548], [13.2947, 65.8565], [13.2971, 65.8585], [13.307, 65.8601], [13.3198, 65.8623], [13.326, 65.8633], [13.3374, 65.8652], [13.346, 65.8666], [13.3514, 65.8675], [13.3578, 65.8686], [13.364, 65.8696], [13.3726, 65.871], [13.3812, 65.8724], [13.3939, 65.8745], [13.3991, 65.8754], [13.4077, 65.8768], [13.414, 65.8778], [13.4224, 65.8792], [13.431, 65.8807], [13.4385, 65.8819], [13.4432, 65.8845], [13.4488, 65.8876], [13.4532, 65.89], [13.4534, 65.8901], [13.4564, 65.8917], [13.4543, 65.8941], [13.4511, 65.8977], [13.4484, 65.9008], [13.4483, 65.9014], [13.4478, 65.9049], [13.4475, 65.9078], [13.4472, 65.9102], [13.4468, 65.9128], [13.4466, 65.9151], [13.4466, 65.9185], [13.4465, 65.9242], [13.4465, 65.9263], [13.4465, 65.9291], [13.4465, 65.9337], [13.4465, 65.9375], [13.4465, 65.9404], [13.4465, 65.9439], [13.4465, 65.9474], [13.4465, 65.9511], [13.4465, 65.9541], [13.4465, 65.9571], [13.4464, 65.9603], [13.4464, 65.9636], [13.4465, 65.9671], [13.4464, 65.9701], [13.4464, 65.9729], [13.4464, 65.9743], [13.451, 65.977], [13.4551, 65.9795], [13.4589, 65.9817], [13.4619, 65.9835], [13.4643, 65.9849], [13.4677, 65.9869], [13.4747, 65.9888], [13.4805, 65.9904], [13.4882, 65.9925], [13.4912, 65.9934], [13.4936, 65.9949], [13.4976, 65.9975], [13.5013, 65.9999], [13.5044, 66.0019], [13.5086, 66.0045], [13.5129, 66.0072], [13.5183, 66.0087], [13.5221, 66.0098], [13.5319, 66.0112], [13.5368, 66.0117], [13.5419, 66.0122], [13.5451, 66.0125], [13.5505, 66.0115], [13.5582, 66.01], [13.5627, 66.0091], [13.5656, 66.0085], [13.5697, 66.0076], [13.5714, 66.0076], [13.5842, 66.0077], [13.5936, 66.01], [13.6015, 66.012], [13.6094, 66.0139], [13.6193, 66.0164], [13.6249, 66.0178], [13.6272, 66.0186], [13.6318, 66.0203], [13.6389, 66.023], [13.6409, 66.0237], [13.6511, 66.0276], [13.6564, 66.0295], [13.6609, 66.0312], [13.6678, 66.0338], [13.6736, 66.036], [13.6827, 66.0393], [13.6888, 66.0416], [13.6946, 66.0438], [13.6989, 66.0454], [13.7072, 66.0461], [13.7133, 66.0466], [13.7176, 66.047], [13.7222, 66.0473], [13.7293, 66.0479], [13.7378, 66.0485], [13.7484, 66.0492], [13.7571, 66.0496], [13.7623, 66.0499], [13.7705, 66.0503], [13.7764, 66.0507], [13.7765, 66.0507]]}}, {"type": "Feature", "properties": {"osm_type": "line", "voltage_kv": 132.0, "name": "Adamselv - Lakselv", "avail": 0}, "geometry": {"type": "LineString", "coordinates": [[26.6887, 70.408], [26.6853, 70.4072], [26.685, 70.407], [26.6828, 70.4051], [26.6811, 70.4037], [26.6795, 70.4023], [26.6783, 70.4012], [26.6767, 70.3987], [26.6752, 70.3963], [26.6733, 70.3932], [26.6728, 70.3923], [26.6724, 70.3916], [26.6706, 70.3888], [26.67, 70.3877], [26.6696, 70.3871], [26.6678, 70.3856], [26.6669, 70.3848], [26.6636, 70.382], [26.6624, 70.3806], [26.6617, 70.3799], [26.6583, 70.3761], [26.6571, 70.3747], [26.6553, 70.3727], [26.6538, 70.371], [26.6522, 70.3692], [26.6506, 70.3674], [26.649, 70.3656], [26.6474, 70.3638], [26.6471, 70.3634], [26.6471, 70.3634], [26.6465, 70.3628], [26.6449, 70.361], [26.6431, 70.3589], [26.6415, 70.3571], [26.64, 70.3554], [26.6383, 70.3535], [26.6369, 70.352], [26.6355, 70.3504], [26.6341, 70.3488], [26.6327, 70.3472], [26.6312, 70.3456], [26.6295, 70.3437], [26.6283, 70.3423], [26.6276, 70.3415], [26.625, 70.3409], [26.6231, 70.3404], [26.6193, 70.3395], [26.6151, 70.3385], [26.6122, 70.3377], [26.6105, 70.3373], [26.6048, 70.3359], [26.6012, 70.3351], [26.5982, 70.3343], [26.5944, 70.3334], [26.5916, 70.3327], [26.5839, 70.3308], [26.5816, 70.3303], [26.5795, 70.3298], [26.5757, 70.3288], [26.5698, 70.3274], [26.5656, 70.3264], [26.5605, 70.3251], [26.5576, 70.3244], [26.5536, 70.3234], [26.5484, 70.3222], [26.5435, 70.321], [26.5382, 70.3197], [26.535, 70.3189], [26.5312, 70.318], [26.5275, 70.3171], [26.5234, 70.3161], [26.5196, 70.3152], [26.5173, 70.3146], [26.514, 70.3138], [26.509, 70.3125], [26.5063, 70.3119], [26.5033, 70.3112], [26.4988, 70.31], [26.494, 70.3089], [26.4892, 70.3077], [26.4854, 70.3068], [26.4808, 70.3056], [26.4769, 70.3047], [26.4736, 70.3039], [26.4703, 70.3031], [26.4686, 70.3027], [26.4646, 70.3017], [26.4618, 70.301], [26.4585, 70.3002], [26.4558, 70.2995], [26.4533, 70.2989], [26.4498, 70.298], [26.4459, 70.2971], [26.4423, 70.2962], [26.4381, 70.2952], [26.4342, 70.2942], [26.4319, 70.2936], [26.4281, 70.2927], [26.4255, 70.2921], [26.4224, 70.2913], [26.4182, 70.2903], [26.4149, 70.2895], [26.4112, 70.2886], [26.4065, 70.2874], [26.4018, 70.2862], [26.3983, 70.2854], [26.3958, 70.2848], [26.3922, 70.2839], [26.388, 70.2829], [26.3854, 70.2822], [26.3814, 70.2813], [26.3767, 70.2801], [26.3733, 70.2792], [26.3699, 70.2784], [26.3668, 70.2777], [26.3631, 70.2767], [26.3587, 70.2763], [26.3531, 70.2757], [26.3484, 70.2752], [26.345, 70.2748], [26.34, 70.2743], [26.3374, 70.274], [26.3302, 70.2732], [26.3256, 70.2727], [26.3196, 70.2721], [26.3104, 70.2711], [26.3034, 70.2703], [26.2962, 70.2696], [26.2899, 70.2689], [26.2854, 70.2684], [26.2816, 70.268], [26.2784, 70.2677], [26.2719, 70.267], [26.2684, 70.2666], [26.2642, 70.2661], [26.2591, 70.2656], [26.254, 70.265], [26.2491, 70.2645], [26.2448, 70.264], [26.2401, 70.2635], [26.2351, 70.263], [26.2306, 70.2625], [26.2261, 70.262], [26.2215, 70.2615], [26.2167, 70.261], [26.2118, 70.2605], [26.2078, 70.2601], [26.2005, 70.2593], [26.1967, 70.2589], [26.1933, 70.2585], [26.19, 70.2584], [26.185, 70.2583], [26.1797, 70.2582], [26.1756, 70.2581], [26.171, 70.258], [26.1668, 70.2579], [26.1614, 70.2577], [26.156, 70.2576], [26.1503, 70.2575], [26.1453, 70.2574], [26.1411, 70.2573], [26.137, 70.2572], [26.1325, 70.2571], [26.125, 70.2569], [26.119, 70.2567], [26.1146, 70.2566], [26.1108, 70.2565], [26.1053, 70.2564], [26.1019, 70.2563], [26.0986, 70.2563], [26.0945, 70.2562], [26.0863, 70.256], [26.0808, 70.2558], [26.0758, 70.2557], [26.0703, 70.2556], [26.0667, 70.2555], [26.0615, 70.2554], [26.0553, 70.2552], [26.0513, 70.2551], [26.0469, 70.255], [26.0395, 70.2548], [26.0306, 70.2546], [26.0247, 70.2545], [26.0195, 70.2544], [26.0147, 70.2542], [26.0083, 70.2541], [25.9985, 70.2538], [25.993, 70.2537], [25.9876, 70.2536], [25.9839, 70.2535], [25.974, 70.2532], [25.9667, 70.2531], [25.9621, 70.2529], [25.9549, 70.2528], [25.9483, 70.2526], [25.9433, 70.2525], [25.9403, 70.2514], [25.9357, 70.2499], [25.9314, 70.2485], [25.9282, 70.2474], [25.925, 70.2463], [25.9208, 70.2449], [25.9171, 70.2437], [25.912, 70.242], [25.9082, 70.2407], [25.9048, 70.2389], [25.9021, 70.2374], [25.8992, 70.2358], [25.8965, 70.2343], [25.8943, 70.2331], [25.8919, 70.2318], [25.8893, 70.2304], [25.887, 70.2291], [25.8844, 70.2277], [25.8816, 70.2262], [25.8794, 70.225], [25.876, 70.2231], [25.8735, 70.2218], [25.8704, 70.2201], [25.8679, 70.2187], [25.862, 70.2175], [25.8575, 70.2165], [25.8536, 70.2157], [25.8504, 70.2151], [25.8457, 70.2141], [25.8412, 70.2131], [25.8389, 70.2127], [25.8343, 70.2117], [25.8303, 70.2109], [25.8275, 70.2103], [25.8241, 70.2096], [25.8206, 70.2088], [25.8172, 70.2081], [25.8137, 70.2074], [25.8091, 70.2064], [25.8037, 70.2058], [25.7996, 70.2053], [25.7952, 70.2048], [25.7892, 70.2041], [25.7842, 70.2035], [25.7807, 70.2031], [25.7744, 70.2024], [25.7707, 70.202], [25.7662, 70.2014], [25.7592, 70.2002], [25.756, 70.1996], [25.7512, 70.1987], [25.7471, 70.198], [25.7438, 70.1974], [25.739, 70.1966], [25.7326, 70.1954], [25.7295, 70.1948], [25.7258, 70.1942], [25.7214, 70.1934], [25.7167, 70.1926], [25.7142, 70.1921], [25.7075, 70.1909], [25.704, 70.1903], [25.697, 70.189], [25.6947, 70.1886], [25.6916, 70.188], [25.687, 70.1872], [25.6833, 70.1865], [25.6801, 70.1859], [25.6762, 70.1851], [25.6724, 70.1844], [25.6688, 70.1838], [25.6647, 70.183], [25.6618, 70.1825], [25.6559, 70.1814], [25.6512, 70.1805], [25.6452, 70.1794], [25.6427, 70.1786], [25.6401, 70.1779], [25.6378, 70.1772], [25.6334, 70.176], [25.6308, 70.1752], [25.6286, 70.1746], [25.6266, 70.174], [25.6228, 70.1729], [25.6206, 70.1723], [25.6165, 70.1711], [25.6144, 70.1705], [25.6092, 70.169], [25.6064, 70.1682], [25.6037, 70.1674], [25.601, 70.1666], [25.5987, 70.166], [25.5947, 70.1648], [25.5903, 70.1634], [25.5874, 70.1624], [25.5853, 70.1617], [25.5823, 70.1607], [25.5794, 70.1598], [25.5767, 70.1589], [25.5741, 70.158], [25.5697, 70.1566], [25.5658, 70.1553], [25.5623, 70.1541], [25.5562, 70.1521], [25.5531, 70.1511], [25.551, 70.1504], [25.5477, 70.1493], [25.5425, 70.1476], [25.5398, 70.1467], [25.5373, 70.1459], [25.535, 70.1451], [25.5316, 70.144], [25.5294, 70.1433], [25.5269, 70.1425], [25.5243, 70.1416], [25.5216, 70.1407], [25.5194, 70.14], [25.5168, 70.1392], [25.5141, 70.1387], [25.511, 70.1382], [25.5078, 70.1377], [25.5042, 70.1371], [25.5014, 70.1367], [25.4976, 70.1361], [25.4926, 70.1353], [25.4879, 70.1345], [25.4826, 70.1337], [25.4784, 70.133], [25.4743, 70.1324], [25.4705, 70.1317], [25.4667, 70.1311], [25.4645, 70.1302], [25.4622, 70.1293], [25.459, 70.1279], [25.4567, 70.127], [25.4532, 70.1255], [25.4501, 70.1242], [25.4479, 70.1233], [25.445, 70.1221], [25.4423, 70.121], [25.4399, 70.12], [25.4369, 70.119], [25.433, 70.1178], [25.4301, 70.1169], [25.4274, 70.116], [25.4197, 70.1151], [25.4176, 70.1148], [25.4145, 70.1144], [25.4084, 70.1136], [25.4039, 70.1131], [25.3861, 70.1108], [25.3749, 70.1094], [25.3714, 70.1089], [25.3674, 70.1084], [25.3638, 70.108], [25.3586, 70.1073], [25.3547, 70.1068], [25.3518, 70.1065], [25.3456, 70.1057], [25.3426, 70.1053], [25.3393, 70.1049], [25.3324, 70.104], [25.3277, 70.1034], [25.3244, 70.103], [25.3193, 70.1023], [25.3148, 70.1017], [25.3125, 70.1012], [25.3048, 70.0993], [25.3015, 70.0985], [25.2982, 70.0977], [25.2948, 70.0968], [25.2905, 70.0958], [25.2875, 70.0951], [25.2852, 70.0945], [25.2811, 70.0935], [25.2772, 70.0925], [25.2741, 70.0917], [25.2708, 70.0909], [25.2685, 70.0904], [25.2628, 70.089], [25.2584, 70.0879], [25.2551, 70.0871], [25.2514, 70.0862], [25.2484, 70.0854], [25.2426, 70.084], [25.2333, 70.0817], [25.2303, 70.081], [25.2264, 70.08], [25.2227, 70.0791], [25.2182, 70.0775], [25.2143, 70.0762], [25.2091, 70.0743], [25.2056, 70.0731], [25.203, 70.0722], [25.2003, 70.0713], [25.1969, 70.07], [25.1935, 70.0689], [25.1903, 70.0677], [25.187, 70.0666], [25.1831, 70.0652], [25.1802, 70.0642], [25.1771, 70.0631], [25.1734, 70.0618], [25.1706, 70.0608], [25.1671, 70.0596], [25.1636, 70.0584], [25.1588, 70.0567], [25.1559, 70.0557], [25.1502, 70.0537], [25.1485, 70.0531], [25.1428, 70.051], [25.1397, 70.05], [25.1374, 70.0491], [25.1343, 70.048], [25.1297, 70.0465], [25.127, 70.0456], [25.1233, 70.0443], [25.1188, 70.0429], [25.1138, 70.0412], [25.111, 70.0403], [25.109, 70.0396], [25.1054, 70.0384], [25.1029, 70.0375], [25.102, 70.0372], [25.1016, 70.0371], [25.0985, 70.0358], [25.0928, 70.0334], [25.0883, 70.0315], [25.0857, 70.0304], [25.0814, 70.0287], [25.0772, 70.0269], [25.0734, 70.0253], [25.0711, 70.0243], [25.067, 70.0226], [25.0612, 70.0202], [25.0541, 70.0181], [25.0516, 70.0173], [25.0481, 70.0163], [25.044, 70.015], [25.0408, 70.0141], [25.0354, 70.0125], [25.0326, 70.0116], [25.0277, 70.0102], [25.0242, 70.0091], [25.0172, 70.007], [25.0154, 70.0065], [25.0078, 70.0042], [25.0016, 70.0023], [24.9989, 70.002], [24.993, 70.0011], [24.9851, 70.0011], [24.9825, 70.001], [24.9802, 70.0014]]}}, {"type": "Feature", "properties": {"osm_type": "line", "voltage_kv": 250.0, "name": "Kristiansand - Kvarenes sk1,", "avail": 17, "avail_node": "LUND"}, "geometry": {"type": "LineString", "coordinates": [[7.9037, 58.2609], [7.9037, 58.2609], [7.9057, 58.2593], [7.9059, 58.2592], [7.9067, 58.2586], [7.9093, 58.2572], [7.9124, 58.2555], [7.913, 58.2535], [7.9139, 58.2501], [7.9143, 58.2485], [7.9149, 58.2449], [7.9156, 58.2429], [7.9174, 58.2384], [7.9187, 58.2359], [7.9196, 58.2338], [7.9202, 58.2318], [7.9277, 58.2304], [7.9302, 58.23], [7.9355, 58.2289], [7.9375, 58.2285], [7.9384, 58.2283], [7.9448, 58.2274], [7.9481, 58.2269], [7.9515, 58.2263], [7.9558, 58.2255], [7.962, 58.2244], [7.9654, 58.2238], [7.9708, 58.2227], [7.9783, 58.2217], [7.9859, 58.221], [7.9904, 58.2206], [7.994, 58.2203], [8.0026, 58.2195], [8.0037, 58.2194], [8.0066, 58.2191], [8.0133, 58.2194], [8.0196, 58.2198], [8.0206, 58.2198], [8.0253, 58.2211], [8.0329, 58.223], [8.0342, 58.2234], [8.0373, 58.2241], [8.0494, 58.2251], [8.0519, 58.2254], [8.0546, 58.2256], [8.0576, 58.2259], [8.0629, 58.2264], [8.0652, 58.2266], [8.0722, 58.2273], [8.0726, 58.2274], [8.0727, 58.2274], [8.0734, 58.2274], [8.0827, 58.2297], [8.0852, 58.2303], [8.0882, 58.2306], [8.0919, 58.231], [8.0964, 58.2315], [8.101, 58.232], [8.1056, 58.231], [8.1087, 58.2301], [8.1129, 58.229], [8.1145, 58.2285], [8.1147, 58.2285], [8.1173, 58.2277], [8.1175, 58.2277], [8.1231, 58.2263], [8.1242, 58.226], [8.1242, 58.226], [8.1277, 58.2251], [8.1284, 58.2218], [8.129, 58.2187], [8.1294, 58.2165], [8.1313, 58.2135], [8.1333, 58.2109], [8.1357, 58.2073], [8.1379, 58.204], [8.1395, 58.2019], [8.1416, 58.1993], [8.1446, 58.1956], [8.1462, 58.1941], [8.1499, 58.1913], [8.1517, 58.19], [8.1544, 58.188], [8.157, 58.186], [8.1571, 58.186], [8.1583, 58.184], [8.1596, 58.182], [8.1606, 58.1804], [8.162, 58.1783], [8.1608, 58.1757], [8.1587, 58.1712], [8.1579, 58.1689], [8.1573, 58.1673], [8.1572, 58.167], [8.1572, 58.1669], [8.1564, 58.1646], [8.1555, 58.1618], [8.1548, 58.1592], [8.1553, 58.155], [8.1555, 58.1532], [8.156, 58.1502], [8.1563, 58.148], [8.1568, 58.1449], [8.1572, 58.142], [8.1576, 58.1377], [8.1577, 58.137], [8.1579, 58.1345], [8.158, 58.1333], [8.1619, 58.1309], [8.1632, 58.1308]]}}, {"type": "Feature", "properties": {"osm_type": "line", "voltage_kv": 300.0, "name": "H\u00e5vik - K\u00e5rst\u00f8", "avail": 17, "avail_node": "Nordstokke"}, "geometry": {"type": "LineString", "coordinates": [[5.3211, 59.3166], [5.3349, 59.3155], [5.3424, 59.3152], [5.3466, 59.3159], [5.3505, 59.3161], [5.3564, 59.3164], [5.362, 59.3167], [5.3654, 59.3178], [5.367, 59.3183], [5.3706, 59.3196], [5.3706, 59.3196], [5.3706, 59.3196], [5.372, 59.32], [5.3764, 59.3215], [5.3771, 59.3217], [5.3792, 59.3224], [5.3893, 59.3258], [5.3952, 59.3277], [5.3997, 59.3299], [5.4064, 59.333], [5.4111, 59.3352], [5.4155, 59.3373], [5.4197, 59.3393], [5.4287, 59.3435], [5.4356, 59.3467], [5.4412, 59.3493], [5.4462, 59.3517], [5.45, 59.3535], [5.4516, 59.3542], [5.4561, 59.3563], [5.4601, 59.3582], [5.4643, 59.3602], [5.4711, 59.3619], [5.4784, 59.3636], [5.4793, 59.3639], [5.4831, 59.3651], [5.489, 59.3671], [5.4908, 59.3677], [5.4931, 59.3673], [5.494, 59.366], [5.4941, 59.3659], [5.4961, 59.3631], [5.4975, 59.3611], [5.4996, 59.3582], [5.5009, 59.3564], [5.5008, 59.3544], [5.5004, 59.3506], [5.5001, 59.3476], [5.504, 59.3442], [5.5066, 59.3418], [5.5104, 59.3384], [5.5134, 59.3357], [5.5139, 59.3339], [5.5144, 59.3318], [5.5099, 59.3278], [5.5068, 59.3251], [5.5039, 59.3225], [5.5013, 59.3202], [5.4996, 59.3179], [5.4992, 59.3173], [5.4971, 59.3145], [5.499, 59.3098], [5.4998, 59.3078], [5.5015, 59.3037], [5.5027, 59.3009], [5.5041, 59.2973], [5.5055, 59.294], [5.5069, 59.2907], [5.5065, 59.2882], [5.506, 59.2848], [5.5057, 59.2822], [5.5056, 59.2811]]}}, {"type": "Feature", "properties": {"osm_type": "line", "voltage_kv": 300.0, "name": "T_Vardal (Ulven) - F\u00e5berg", "avail": 7, "avail_node": "Mesna"}, "geometry": {"type": "LineString", "coordinates": [[10.5007, 60.9387], [10.4989, 60.9403], [10.4967, 60.9421], [10.4948, 60.9438], [10.4929, 60.9453], [10.4912, 60.9468], [10.489, 60.9486], [10.4866, 60.9506], [10.4838, 60.953], [10.4818, 60.9547], [10.4796, 60.9565], [10.4774, 60.9584], [10.4755, 60.96], [10.4736, 60.9616], [10.4714, 60.9634], [10.4695, 60.965], [10.466, 60.9679], [10.4633, 60.9702], [10.4612, 60.972], [10.461, 60.9721], [10.4594, 60.9735], [10.4573, 60.9752], [10.455, 60.9772], [10.4548, 60.9773], [10.4521, 60.9796], [10.45, 60.9814], [10.4481, 60.9829], [10.4461, 60.9846], [10.4429, 60.9873], [10.4409, 60.989], [10.4383, 60.9911], [10.4364, 60.9928], [10.4315, 60.9969], [10.4301, 60.998], [10.4279, 61.0003], [10.4257, 61.0024], [10.4236, 61.0045], [10.4216, 61.0065], [10.4196, 61.0085], [10.4175, 61.0105], [10.4154, 61.0127], [10.4132, 61.0148], [10.4128, 61.0167], [10.4123, 61.0186], [10.412, 61.0201], [10.4116, 61.0217], [10.4113, 61.0232], [10.4108, 61.0253], [10.4097, 61.0298], [10.4093, 61.0316], [10.4089, 61.0333], [10.4085, 61.0352], [10.4081, 61.0369], [10.4076, 61.0391], [10.4072, 61.0406], [10.4068, 61.0425], [10.4062, 61.0453], [10.4058, 61.0468], [10.4058, 61.0469], [10.4054, 61.0486], [10.4052, 61.0493], [10.4047, 61.0518], [10.4043, 61.0533], [10.4038, 61.0554], [10.4033, 61.0577], [10.4031, 61.0586], [10.4027, 61.0605], [10.4023, 61.0621], [10.4022, 61.0651], [10.4021, 61.067], [10.4021, 61.0688], [10.402, 61.0707], [10.4018, 61.0725], [10.4016, 61.0751], [10.4015, 61.0773], [10.4014, 61.0792], [10.4012, 61.0812], [10.401, 61.0836], [10.4009, 61.0861], [10.4007, 61.0882], [10.4006, 61.0898], [10.4005, 61.0916], [10.4003, 61.0944], [10.4001, 61.0964], [10.3999, 61.0988], [10.3998, 61.1007], [10.3997, 61.1022], [10.3995, 61.1043], [10.3997, 61.1048], [10.4002, 61.1061], [10.401, 61.1084], [10.4017, 61.1103], [10.4027, 61.1132], [10.4027, 61.1133], [10.4035, 61.1154], [10.4039, 61.1166], [10.4044, 61.1181], [10.4051, 61.1201], [10.4053, 61.1205], [10.4061, 61.1228], [10.4067, 61.1246], [10.4069, 61.1252], [10.4071, 61.1257], [10.4092, 61.1315], [10.4093, 61.132], [10.4125, 61.1335], [10.4178, 61.1362]]}}, {"type": "Feature", "properties": {"osm_type": "line", "voltage_kv": 300.0, "name": "T_Vardal (Ulven) - F\u00e5berg", "avail": 11, "avail_node": "Mj\u00f8sstranda"}, "geometry": {"type": "LineString", "coordinates": [[10.5612, 60.8238], [10.5602, 60.8256], [10.5599, 60.8264], [10.5592, 60.8276], [10.5581, 60.8298], [10.557, 60.832], [10.556, 60.8339], [10.5541, 60.8375], [10.5531, 60.8396], [10.5518, 60.842], [10.5505, 60.8445], [10.55, 60.8456], [10.5485, 60.8484], [10.5476, 60.8502], [10.5466, 60.8523], [10.5456, 60.8542], [10.5446, 60.8561], [10.5436, 60.858], [10.5424, 60.8602], [10.5415, 60.862], [10.5406, 60.8637], [10.5397, 60.8656], [10.5386, 60.8677], [10.5373, 60.8703], [10.5364, 60.8718], [10.5351, 60.8743], [10.5338, 60.8769], [10.5326, 60.8793], [10.5324, 60.8796], [10.5315, 60.8813], [10.5305, 60.8833], [10.5295, 60.8853], [10.5287, 60.8868], [10.5275, 60.8892], [10.5273, 60.8896], [10.5265, 60.8911], [10.5254, 60.8933], [10.5245, 60.8949], [10.5233, 60.8972], [10.522, 60.8999], [10.5207, 60.9023], [10.5199, 60.9038], [10.5183, 60.9071], [10.5173, 60.909], [10.5163, 60.9108], [10.5155, 60.9124], [10.5146, 60.9142], [10.5133, 60.9167], [10.5125, 60.9183], [10.5114, 60.9205], [10.5103, 60.9226], [10.5093, 60.9245], [10.5083, 60.9264], [10.5073, 60.9285], [10.5064, 60.9302], [10.5054, 60.932], [10.5045, 60.9337], [10.5039, 60.9349], [10.5029, 60.9369], [10.5007, 60.9387]]}}, {"type": "Feature", "properties": {"osm_type": "line", "voltage_kv": 300.0, "name": "T_Vardal (Ulven) - F\u00e5berg", "avail": 11, "avail_node": "Mj\u00f8sstranda"}, "geometry": {"type": "LineString", "coordinates": [[10.5655, 60.8109], [10.5655, 60.8126], [10.5655, 60.8137], [10.5648, 60.8156], [10.5646, 60.8158], [10.5639, 60.8177], [10.5631, 60.8195], [10.5622, 60.8218], [10.5612, 60.8238]]}}, {"type": "Feature", "properties": {"osm_type": "line", "voltage_kv": 300.0, "name": "T_Vardal (Ulven) - F\u00e5berg", "avail": 11, "avail_node": "Mj\u00f8sstranda"}, "geometry": {"type": "LineString", "coordinates": [[10.5654, 60.8049], [10.5654, 60.8051]]}}, {"type": "Feature", "properties": {"osm_type": "line", "voltage_kv": 132.0, "name": "Guolasj\u00e5kka - Skibotn", "avail": 13, "avail_node": "Skibotn"}, "geometry": {"type": "LineString", "coordinates": [[20.9249, 69.4585], [20.927, 69.4575], [20.927, 69.4559], [20.9259, 69.4556], [20.915, 69.4526], [20.9118, 69.4517], [20.908, 69.4511], [20.9051, 69.4506], [20.901, 69.4499], [20.8995, 69.4497], [20.8966, 69.4492], [20.8929, 69.4486], [20.8892, 69.448], [20.8874, 69.4477], [20.885, 69.4474], [20.881, 69.4464], [20.8782, 69.4458], [20.876, 69.4452], [20.872, 69.4443], [20.8685, 69.4435], [20.8649, 69.4427], [20.8617, 69.4419], [20.8582, 69.4411], [20.8561, 69.4406], [20.8529, 69.4399], [20.8514, 69.4395], [20.8491, 69.439], [20.8457, 69.4385], [20.843, 69.4382], [20.8398, 69.4377], [20.8367, 69.4373], [20.8338, 69.4369], [20.8306, 69.4365], [20.8236, 69.4358], [20.8163, 69.4351], [20.809, 69.4343], [20.7998, 69.4334], [20.7943, 69.4328], [20.7866, 69.4328], [20.7784, 69.4328], [20.7709, 69.4328], [20.7633, 69.4328], [20.7557, 69.4328], [20.7489, 69.4327], [20.7453, 69.4319], [20.7413, 69.4309], [20.7389, 69.4303], [20.7367, 69.4298], [20.7328, 69.4289], [20.7291, 69.428], [20.7267, 69.4274], [20.7246, 69.4269], [20.7214, 69.4261], [20.7198, 69.4261], [20.7131, 69.4259], [20.7095, 69.4258], [20.7051, 69.4257], [20.7021, 69.4256], [20.6991, 69.4255], [20.6958, 69.4254], [20.6941, 69.4254], [20.686, 69.4252], [20.6831, 69.4251], [20.6806, 69.425], [20.678, 69.425], [20.6719, 69.4248], [20.6684, 69.4247], [20.6653, 69.4246], [20.6579, 69.4245], [20.6555, 69.4244], [20.6484, 69.4242], [20.6468, 69.4242], [20.6433, 69.4241], [20.6401, 69.424], [20.6372, 69.4239], [20.6348, 69.4238], [20.63, 69.4237], [20.6272, 69.4236], [20.6255, 69.4236], [20.6213, 69.4236], [20.6181, 69.4235], [20.6168, 69.4235], [20.6135, 69.4235], [20.5979, 69.4207], [20.5852, 69.4184], [20.5837, 69.4179], [20.5817, 69.4171], [20.578, 69.4157], [20.574, 69.4142], [20.57, 69.4108], [20.5689, 69.4099], [20.5677, 69.4088], [20.5657, 69.4071], [20.5639, 69.4055], [20.5639, 69.4041], [20.5639, 69.4023], [20.5639, 69.4013], [20.5639, 69.3994], [20.5639, 69.3978], [20.5639, 69.3965], [20.5639, 69.3952], [20.5639, 69.3932], [20.564, 69.3914], [20.564, 69.3897], [20.564, 69.3883], [20.564, 69.3863], [20.564, 69.3846], [20.564, 69.3832], [20.564, 69.3823], [20.5532, 69.3757], [20.5517, 69.3741], [20.55, 69.3722], [20.5476, 69.3692], [20.5456, 69.3669], [20.5428, 69.3635], [20.5415, 69.3619], [20.5392, 69.3592], [20.5374, 69.3571], [20.5342, 69.3558], [20.5306, 69.3543], [20.5276, 69.353], [20.5246, 69.3518], [20.5228, 69.3511], [20.5207, 69.3502], [20.5206, 69.3489], [20.5202, 69.3437], [20.52, 69.3403], [20.5199, 69.3383], [20.5177, 69.337], [20.5156, 69.3358], [20.5144, 69.3351], [20.5121, 69.3338], [20.5108, 69.333], [20.5096, 69.3323], [20.5062, 69.3304], [20.5049, 69.3296], [20.5034, 69.3287], [20.5019, 69.3278], [20.4991, 69.3262], [20.4977, 69.3254], [20.4956, 69.3243], [20.4936, 69.3233], [20.4922, 69.3226], [20.487, 69.3199], [20.4845, 69.3187], [20.4813, 69.317], [20.4757, 69.3141], [20.4733, 69.3129], [20.4695, 69.311], [20.4675, 69.31], [20.4643, 69.3083], [20.4619, 69.3071], [20.4606, 69.3065], [20.4584, 69.3063], [20.4552, 69.3061], [20.4534, 69.306], [20.4504, 69.3058], [20.4464, 69.3055], [20.4432, 69.3053], [20.4372, 69.3049], [20.4329, 69.3047], [20.429, 69.3044], [20.4243, 69.3041], [20.4192, 69.3038], [20.4164, 69.3036], [20.4115, 69.3038], [20.4069, 69.304], [20.4035, 69.3041], [20.4001, 69.3042], [20.3958, 69.3044], [20.3913, 69.3045], [20.3876, 69.3047], [20.3838, 69.3048], [20.383, 69.3049], [20.3809, 69.3058], [20.378, 69.3072], [20.376, 69.3081], [20.3745, 69.3088], [20.369, 69.3113], [20.366, 69.3127], [20.3645, 69.3132]]}}, {"type": "Feature", "properties": {"osm_type": "line", "voltage_kv": 132.0, "name": "L0084 GRINDSDALEN-MEL", "avail": 0}, "geometry": {"type": "LineString", "coordinates": [[6.7531, 61.2163], [6.7495, 61.2165], [6.7468, 61.2168], [6.7447, 61.217], [6.742, 61.2172], [6.7388, 61.2175], [6.7349, 61.2176], [6.7326, 61.2178], [6.7279, 61.2179], [6.7236, 61.2183], [6.7225, 61.2184], [6.7174, 61.2188], [6.7119, 61.2194], [6.7097, 61.2197], [6.7054, 61.2202], [6.7016, 61.2199], [6.6976, 61.2197], [6.6972, 61.2197], [6.6965, 61.2197], [6.6933, 61.2195], [6.6897, 61.2193], [6.6862, 61.2191], [6.6813, 61.2188], [6.679, 61.2187], [6.675, 61.2184], [6.671, 61.2182], [6.6699, 61.2182], [6.6642, 61.2178], [6.6633, 61.2178], [6.6597, 61.2176], [6.6572, 61.2174], [6.6572, 61.2174], [6.6467, 61.2174], [6.6437, 61.2178], [6.6406, 61.2182], [6.6332, 61.2193], [6.6282, 61.2197], [6.6226, 61.2202], [6.6195, 61.2206], [6.6162, 61.2208], [6.6114, 61.2214], [6.6114, 61.2214]]}}, {"type": "Feature", "properties": {"osm_type": "line", "voltage_kv": 145.0, "name": "132 GROV-ANGEDALEN", "avail": 5, "avail_node": "Stakaldefoss transformatorstasjon"}, "geometry": {"type": "LineString", "coordinates": [[5.7841, 61.5067], [5.7851, 61.5063], [5.7895, 61.5046], [5.7959, 61.5025], [5.7961, 61.5025], [5.8101, 61.5023], [5.8101, 61.5023], [5.8101, 61.5023], [5.8342, 61.4965], [5.8495, 61.4929], [5.8781, 61.4852], [5.8849, 61.4834], [5.885, 61.4833], [5.8866, 61.4829], [5.9067, 61.4766], [5.9198, 61.4726], [5.9205, 61.4724]]}}, {"type": "Feature", "properties": {"osm_type": "line", "voltage_kv": 300.0, "name": "Lind\u00e5s - Kollsnes", "avail": 8, "avail_node": "Mongstad"}, "geometry": {"type": "LineString", "coordinates": [[5.0435, 60.7926], [5.0438, 60.7923], [5.0453, 60.7907], [5.0459, 60.7868], [5.0465, 60.7834], [5.0512, 60.7822], [5.0566, 60.7809], [5.0557, 60.7784], [5.0536, 60.7755], [5.052, 60.7731]]}}, {"type": "Feature", "properties": {"osm_type": "line", "voltage_kv": 300.0, "name": "Lind\u00e5s - Kollsnes", "avail": 24, "avail_node": "Kartveit"}, "geometry": {"type": "LineString", "coordinates": [[4.9971, 60.7232], [4.996, 60.7228], [4.99, 60.7212], [4.9847, 60.7204], [4.984, 60.7204], [4.9773, 60.72], [4.9688, 60.718], [4.9646, 60.717], [4.9638, 60.7147], [4.9628, 60.7117], [4.9614, 60.7077], [4.96, 60.7038], [4.9592, 60.7013], [4.9582, 60.6986], [4.9572, 60.6956], [4.956, 60.6922], [4.9548, 60.6889], [4.9537, 60.6855], [4.9533, 60.6844]]}}, {"type": "Feature", "properties": {"osm_type": "line", "voltage_kv": 300.0, "name": "Lind\u00e5s - Kollsnes", "avail": 20, "avail_node": "Blom\u00f8y"}, "geometry": {"type": "LineString", "coordinates": [[4.874, 60.5576], [4.8707, 60.5547], [4.8688, 60.5531], [4.8677, 60.5522], [4.8663, 60.5509]]}}, {"type": "Feature", "properties": {"osm_type": "line", "voltage_kv": 300.0, "name": "Lind\u00e5s - Kollsnes", "avail": 20, "avail_node": "Blom\u00f8y"}, "geometry": {"type": "LineString", "coordinates": [[4.8645, 60.55], [4.8608, 60.5507], [4.8549, 60.5518], [4.8521, 60.5516]]}}, {"type": "Feature", "properties": {"osm_type": "line", "voltage_kv": 300.0, "name": "Haugsv\u00e6r - Lind\u00e5s", "avail": 8, "avail_node": "Mongstad"}, "geometry": {"type": "LineString", "coordinates": [[5.524, 60.8917], [5.5226, 60.8928], [5.5218, 60.8933], [5.5141, 60.8938], [5.5114, 60.8946], [5.4955, 60.8962], [5.4796, 60.8978], [5.4782, 60.8977], [5.4732, 60.8965], [5.4675, 60.8952], [5.4633, 60.8943], [5.4585, 60.8947], [5.4497, 60.8955], [5.4405, 60.8961], [5.4342, 60.8922], [5.4275, 60.888], [5.4238, 60.8858], [5.4171, 60.886], [5.4079, 60.8862], [5.4055, 60.8863], [5.4003, 60.8865], [5.3943, 60.8866], [5.3851, 60.8869], [5.3771, 60.8871], [5.3639, 60.8835], [5.3555, 60.8813], [5.349, 60.8795], [5.3402, 60.8771], [5.3322, 60.8762], [5.3253, 60.8754], [5.3199, 60.8748], [5.3147, 60.8742], [5.3078, 60.874], [5.29, 60.8735], [5.284, 60.8735], [5.272, 60.8746], [5.268, 60.8771], [5.2659, 60.8784], [5.2601, 60.8783], [5.2537, 60.8781], [5.2402, 60.8778], [5.2365, 60.8777], [5.2348, 60.8777], [5.2337, 60.8777], [5.2281, 60.8776], [5.2213, 60.8771], [5.2208, 60.8771], [5.2052, 60.8778], [5.2017, 60.8779], [5.1966, 60.8781], [5.1896, 60.8784], [5.1869, 60.8781], [5.1851, 60.8776], [5.185, 60.8776], [5.1804, 60.8764], [5.1737, 60.8746], [5.1657, 60.8724], [5.1524, 60.8688], [5.1445, 60.8667], [5.1357, 60.8643], [5.1349, 60.8624], [5.1337, 60.8597], [5.1355, 60.8565], [5.1362, 60.853], [5.1379, 60.8496], [5.1389, 60.8468], [5.1379, 60.8436], [5.1378, 60.8432]]}}, {"type": "Feature", "properties": {"osm_type": "line", "voltage_kv": 300.0, "name": "Haugsv\u00e6r - Lind\u00e5s", "avail": 8, "avail_node": "Mongstad"}, "geometry": {"type": "LineString", "coordinates": [[5.0481, 60.802], [5.0476, 60.8019], [5.0431, 60.7984], [5.0431, 60.7983]]}}, {"type": "Feature", "properties": {"osm_type": "line", "voltage_kv": 420.0, "name": "Sylling -Tegneby", "avail": 31, "avail_node": "Bragernes "}, "geometry": {"type": "LineString", "coordinates": [[10.2183, 59.8652], [10.2188, 59.8649], [10.2209, 59.8645], [10.2214, 59.8644], [10.2278, 59.8632], [10.2316, 59.8624], [10.2339, 59.862], [10.2413, 59.8593], [10.2452, 59.8579], [10.2524, 59.8553], [10.2585, 59.8531], [10.2618, 59.8519], [10.2632, 59.8514], [10.2645, 59.851], [10.2676, 59.8499], [10.2742, 59.8475], [10.2795, 59.8456], [10.2804, 59.8447], [10.2825, 59.8429], [10.2847, 59.8409], [10.288, 59.838], [10.29, 59.8363], [10.293, 59.8337], [10.2956, 59.8316]]}}, {"type": "Feature", "properties": {"osm_type": "line", "voltage_kv": 420.0, "name": "Sylling -Tegneby", "avail": 31, "avail_node": "Bragernes "}, "geometry": {"type": "LineString", "coordinates": [[10.297, 59.8304], [10.2979, 59.8297], [10.3018, 59.8265], [10.3053, 59.8237], [10.308, 59.8214], [10.3119, 59.8181], [10.3122, 59.818], [10.3161, 59.8147], [10.3162, 59.8146], [10.3198, 59.8137], [10.3235, 59.8119], [10.3264, 59.8105], [10.3314, 59.808], [10.3356, 59.8059]]}}, {"type": "Feature", "properties": {"osm_type": "line", "voltage_kv": 420.0, "name": "Sylling -Tegneby", "avail": 31, "avail_node": "Bragernes "}, "geometry": {"type": "LineString", "coordinates": [[10.3373, 59.8051], [10.3412, 59.8031], [10.3446, 59.801], [10.35, 59.7977], [10.3542, 59.7952], [10.3574, 59.7932], [10.3621, 59.7904], [10.3673, 59.7872], [10.372, 59.7843], [10.3762, 59.7817], [10.3805, 59.7791], [10.3812, 59.7787]]}}, {"type": "Feature", "properties": {"osm_type": "line", "voltage_kv": 420.0, "name": "Sylling -Tegneby", "avail": 36, "avail_node": "Tofte "}, "geometry": {"type": "LineString", "coordinates": [[10.3834, 59.7773], [10.3852, 59.7762], [10.3873, 59.7749], [10.3921, 59.772], [10.3958, 59.7698], [10.3996, 59.7674], [10.4034, 59.7652], [10.4076, 59.7629], [10.4097, 59.7617], [10.4147, 59.7589], [10.415, 59.7587], [10.4163, 59.758], [10.4163, 59.758], [10.4181, 59.757], [10.4189, 59.7566], [10.4241, 59.7538], [10.4286, 59.7514], [10.432, 59.7496], [10.4339, 59.7475], [10.4366, 59.7447], [10.4375, 59.7438], [10.4393, 59.7418], [10.4422, 59.7387], [10.4458, 59.7347], [10.4467, 59.7336], [10.4486, 59.7316], [10.4505, 59.7294], [10.4514, 59.7285], [10.4548, 59.7247], [10.4551, 59.7243], [10.4554, 59.7239], [10.4577, 59.7215], [10.458, 59.7211], [10.4606, 59.7182], [10.463, 59.7153], [10.4647, 59.7134], [10.4676, 59.71], [10.4701, 59.7071], [10.4717, 59.7053], [10.475, 59.7015], [10.4776, 59.6984], [10.4797, 59.6959], [10.4831, 59.6919], [10.4868, 59.6896], [10.4907, 59.6872], [10.4939, 59.6853], [10.4975, 59.6831], [10.4997, 59.6817], [10.5028, 59.6799], [10.5048, 59.6787], [10.5111, 59.6749], [10.5163, 59.6718], [10.5193, 59.6697], [10.5237, 59.6661], [10.5296, 59.6614], [10.5324, 59.6592], [10.537, 59.6554], [10.5398, 59.6532], [10.542, 59.6514], [10.5443, 59.6495], [10.5472, 59.6472], [10.5506, 59.6444], [10.5534, 59.6422], [10.5592, 59.6385], [10.5621, 59.6366], [10.5643, 59.6353], [10.5686, 59.6326], [10.5695, 59.632], [10.5729, 59.63], [10.576, 59.6276], [10.5775, 59.6251], [10.5817, 59.6191], [10.5828, 59.6175], [10.5843, 59.6156], [10.5878, 59.6114], [10.59, 59.6085], [10.5904, 59.608], [10.5904, 59.608], [10.5917, 59.6064], [10.5946, 59.6028], [10.5966, 59.6003], [10.5978, 59.5987], [10.6041, 59.5961], [10.609, 59.5941], [10.6118, 59.5929]]}}, {"type": "Feature", "properties": {"osm_type": "line", "voltage_kv": 420.0, "name": "Sylling -Tegneby", "avail": 36, "avail_node": "Tofte "}, "geometry": {"type": "LineString", "coordinates": [[10.6536, 59.5744], [10.6544, 59.5737], [10.6568, 59.5717], [10.6588, 59.5701], [10.6617, 59.5677], [10.665, 59.565], [10.6673, 59.5631], [10.6692, 59.5616], [10.6695, 59.5614], [10.6716, 59.5597], [10.6734, 59.5582], [10.6764, 59.5558], [10.679, 59.5536], [10.6823, 59.5509], [10.6849, 59.5488], [10.6853, 59.5484], [10.6874, 59.5467], [10.6914, 59.5435], [10.6918, 59.5434], [10.6953, 59.5428], [10.6957, 59.5427], [10.6957, 59.5427], [10.6957, 59.5427], [10.6995, 59.5415], [10.7051, 59.5398], [10.7092, 59.5385], [10.7127, 59.5374], [10.7208, 59.535], [10.7253, 59.5324], [10.7286, 59.5305], [10.7305, 59.5292], [10.7362, 59.5252], [10.739, 59.5231], [10.7419, 59.5211], [10.7422, 59.5209], [10.7424, 59.5207], [10.7425, 59.5207], [10.7443, 59.5192], [10.7444, 59.5192], [10.7445, 59.5191], [10.7445, 59.5191], [10.7451, 59.5186], [10.7455, 59.5182], [10.7465, 59.5177], [10.747, 59.5175]]}}, {"type": "Feature", "properties": {"osm_type": "line", "voltage_kv": 132.0, "name": "Eidskog -Riksgrense Sverige (Charlottenberg)", "avail": 4, "avail_node": "Eidskog"}, "geometry": {"type": "LineString", "coordinates": [[12.1628, 59.9743], [12.1633, 59.9742], [12.1668, 59.974], [12.1669, 59.974], [12.1706, 59.9735], [12.1735, 59.9724], [12.1757, 59.9715], [12.1775, 59.9708], [12.1804, 59.9697], [12.1832, 59.9686], [12.186, 59.9676], [12.1887, 59.9666], [12.1913, 59.9656], [12.194, 59.9645], [12.1968, 59.9635], [12.1994, 59.9625], [12.202, 59.9615], [12.2025, 59.9613], [12.2032, 59.961], [12.205, 59.9601], [12.2057, 59.9598], [12.2069, 59.9592], [12.2085, 59.9576], [12.2098, 59.9562], [12.211, 59.955], [12.2123, 59.9536], [12.2139, 59.9521], [12.2151, 59.9508], [12.2165, 59.9494], [12.2158, 59.9485], [12.2157, 59.9484], [12.215, 59.9475], [12.2137, 59.946], [12.2123, 59.9442], [12.2111, 59.9427], [12.2098, 59.9412], [12.2084, 59.9394], [12.2071, 59.9378], [12.2061, 59.9365], [12.2082, 59.9351], [12.2104, 59.9337], [12.2128, 59.9321], [12.213, 59.932], [12.2141, 59.9313], [12.2156, 59.9304], [12.218, 59.9288], [12.2191, 59.9276], [12.2205, 59.926], [12.2205, 59.926], [12.2207, 59.9257], [12.2219, 59.9244], [12.2234, 59.9227]]}}, {"type": "Feature", "properties": {"osm_type": "line", "voltage_kv": 300.0, "name": "Hove - Sogndal", "avail": 0}, "geometry": {"type": "LineString", "coordinates": [[6.6012, 61.0689], [6.6066, 61.0683], [6.6127, 61.0677], [6.6142, 61.0677], [6.6138, 61.0702], [6.6135, 61.072], [6.6127, 61.0766], [6.6122, 61.0799], [6.6117, 61.0825], [6.6113, 61.0853], [6.6105, 61.0899], [6.6131, 61.0917], [6.6184, 61.0951], [6.6222, 61.0976], [6.6261, 61.1002], [6.6293, 61.1023], [6.6316, 61.1029], [6.6365, 61.1044], [6.6433, 61.1064], [6.6474, 61.1076], [6.6512, 61.1087], [6.6565, 61.1103], [6.6629, 61.1122], [6.6686, 61.1138], [6.6738, 61.1154], [6.6791, 61.1162], [6.6852, 61.1171], [6.6905, 61.1179], [6.695, 61.1186], [6.6998, 61.1194], [6.7033, 61.1199], [6.7071, 61.1205], [6.7131, 61.1218], [6.721, 61.1235], [6.7271, 61.1249], [6.7317, 61.1259], [6.7342, 61.1265], [6.7372, 61.1271], [6.7405, 61.1279], [6.7435, 61.128], [6.7469, 61.1282], [6.7488, 61.1283], [6.7527, 61.1286], [6.7533, 61.1286], [6.7533, 61.1286], [6.754, 61.1286], [6.754, 61.1286], [6.7599, 61.129], [6.7602, 61.129], [6.7675, 61.1294], [6.7735, 61.1297], [6.777, 61.1299], [6.7841, 61.1291], [6.7885, 61.1286], [6.7939, 61.128], [6.7975, 61.1275], [6.8021, 61.127], [6.8063, 61.127], [6.8106, 61.127], [6.8151, 61.127], [6.8189, 61.1269], [6.8238, 61.1279], [6.8285, 61.1288], [6.8328, 61.1297], [6.837, 61.1305], [6.843, 61.1317], [6.8565, 61.1343], [6.8607, 61.1351], [6.8816, 61.1365], [6.9025, 61.1378], [6.9235, 61.1392], [6.9444, 61.1405], [6.9483, 61.1399], [6.9521, 61.1397], [6.9591, 61.1393], [6.9648, 61.1389], [6.9732, 61.1384], [6.9797, 61.138], [6.9868, 61.1376], [6.9918, 61.1373], [7.0059, 61.1396], [7.01, 61.1402], [7.0164, 61.1413], [7.0219, 61.1422], [7.0297, 61.1434], [7.0364, 61.1445], [7.0412, 61.1453], [7.0429, 61.1466], [7.0442, 61.1475], [7.0469, 61.1496], [7.0492, 61.1513], [7.0526, 61.1538], [7.0567, 61.1569], [7.0596, 61.1591], [7.0621, 61.161], [7.0617, 61.1629], [7.0614, 61.1643], [7.061, 61.1664], [7.0604, 61.1688], [7.0599, 61.1712], [7.0595, 61.1733], [7.0568, 61.175], [7.0541, 61.1767], [7.0505, 61.179], [7.0455, 61.1802], [7.043, 61.1806], [7.0186, 61.187], [7.0174, 61.1878], [7.0178, 61.1892], [7.0182, 61.1924], [7.0188, 61.197], [7.0192, 61.2003], [7.0207, 61.2045], [7.0209, 61.2053], [7.0215, 61.207], [7.022, 61.2099], [7.0228, 61.2147], [7.0229, 61.2156]]}}, {"type": "Feature", "properties": {"osm_type": "line", "voltage_kv": 145.0, "name": "132 GROV-ANGEDALEN", "avail": 13, "avail_node": "Sagefossen"}, "geometry": {"type": "LineString", "coordinates": [[5.6349, 61.5425], [5.6429, 61.5403], [5.6429, 61.5403], [5.6792, 61.538], [5.6972, 61.5369], [5.738, 61.5253], [5.7395, 61.5247], [5.7404, 61.5244], [5.7534, 61.5191], [5.7841, 61.5067]]}}, {"type": "Feature", "properties": {"osm_type": "line", "voltage_kv": 420.0, "name": "Viklandet - \u00d8rskog", "avail": 0}, "geometry": {"type": "LineString", "coordinates": [[8.4916, 62.6885], [8.4865, 62.6887], [8.48, 62.689], [8.4728, 62.6893], [8.4677, 62.6894], [8.4633, 62.6899], [8.4598, 62.6902], [8.4568, 62.6905], [8.4532, 62.6908], [8.4487, 62.6913], [8.4453, 62.6917], [8.4389, 62.6923], [8.4327, 62.6929], [8.4277, 62.6934], [8.4185, 62.6983], [8.4114, 62.7025], [8.4072, 62.7049], [8.4052, 62.7061], [8.4012, 62.7075], [8.3972, 62.7084], [8.3915, 62.7087], [8.3838, 62.709], [8.3762, 62.7093], [8.3691, 62.7097], [8.3628, 62.7099], [8.3569, 62.7102], [8.3519, 62.7107], [8.3435, 62.7115], [8.333, 62.7124], [8.3271, 62.713], [8.3202, 62.7136], [8.3161, 62.714], [8.3145, 62.7141], [8.3041, 62.714], [8.2967, 62.7138], [8.285, 62.7102], [8.2802, 62.7088], [8.2756, 62.7073], [8.2704, 62.7057], [8.2656, 62.7043], [8.2609, 62.7033], [8.2557, 62.7022], [8.2496, 62.701], [8.2436, 62.6997], [8.238, 62.6986], [8.2318, 62.6973], [8.2251, 62.6975], [8.2177, 62.6977], [8.2094, 62.6979], [8.1997, 62.6981], [8.1945, 62.6982], [8.1854, 62.6985], [8.179, 62.6986], [8.1755, 62.6983], [8.1667, 62.6973], [8.1622, 62.696], [8.1601, 62.6954], [8.1596, 62.6933], [8.159, 62.6905], [8.1584, 62.688], [8.1581, 62.6868], [8.1578, 62.6852], [8.1575, 62.6836], [8.155, 62.6819], [8.1483, 62.6804], [8.1423, 62.679], [8.1373, 62.6778]]}}, {"type": "Feature", "properties": {"osm_type": "line", "voltage_kv": 420.0, "name": "Viklandet - \u00d8rskog", "avail": 21, "avail_node": "Grytten"}, "geometry": {"type": "LineString", "coordinates": [[8.1261, 62.6752], [8.1193, 62.6737], [8.1116, 62.6719], [8.1054, 62.6706], [8.1047, 62.6705], [8.1047, 62.6705], [8.1021, 62.6699], [8.0959, 62.6681], [8.0901, 62.6669], [8.087, 62.6668], [8.0826, 62.6666], [8.0741, 62.6662], [8.0696, 62.666], [8.0643, 62.6648], [8.0592, 62.6637], [8.0546, 62.6606], [8.0534, 62.6601], [8.052, 62.6594], [8.0457, 62.6565], [8.0435, 62.6556], [8.0407, 62.6543], [8.0395, 62.6532], [8.0356, 62.6494], [8.0334, 62.6473], [8.0307, 62.6447], [8.0279, 62.6419], [8.0242, 62.6383], [8.023, 62.6332], [8.0221, 62.6293], [8.0202, 62.6254], [8.0185, 62.6218], [8.0168, 62.6183], [8.0168, 62.6152], [8.0168, 62.6135], [8.013, 62.6083], [8.0106, 62.6054], [8.0076, 62.6041], [8.0041, 62.6026], [7.9998, 62.6007], [7.9971, 62.5996], [7.9941, 62.5984], [7.9902, 62.5953], [7.9887, 62.5948], [7.9759, 62.5906], [7.9717, 62.5888], [7.9636, 62.5853], [7.9565, 62.5852], [7.9521, 62.5853], [7.949, 62.5855], [7.9445, 62.5847], [7.9358, 62.5833], [7.927, 62.5822], [7.9204, 62.5813], [7.9147, 62.5805], [7.9087, 62.5797], [7.9015, 62.5787], [7.8933, 62.5776], [7.8868, 62.5767], [7.8792, 62.5757], [7.8721, 62.5748], [7.8715, 62.5747], [7.8691, 62.5744], [7.8658, 62.573], [7.8615, 62.571], [7.8604, 62.5697], [7.8593, 62.5684], [7.8557, 62.564], [7.8544, 62.5623], [7.8541, 62.5621], [7.8531, 62.5609], [7.8517, 62.5591], [7.85, 62.557], [7.8485, 62.5541], [7.8475, 62.5519], [7.8457, 62.5483], [7.8448, 62.5464], [7.8435, 62.5437], [7.8424, 62.5415], [7.8415, 62.5398], [7.8396, 62.5382], [7.8374, 62.5364], [7.8347, 62.5342], [7.8326, 62.5326], [7.83, 62.5305], [7.8281, 62.5289], [7.8255, 62.5271], [7.8245, 62.5269], [7.8237, 62.5267], [7.8208, 62.526], [7.8187, 62.525], [7.8148, 62.5229], [7.8125, 62.5219], [7.8085, 62.5201], [7.7987, 62.5167], [7.7944, 62.5151], [7.7933, 62.5146], [7.7927, 62.5143], [7.7908, 62.5145], [7.7856, 62.5148], [7.782, 62.515], [7.7743, 62.5173], [7.7651, 62.52], [7.764, 62.5202]]}}, {"type": "Feature", "properties": {"osm_type": "line", "voltage_kv": 420.0, "name": "Viklandet - \u00d8rskog", "avail": 13, "avail_node": "B\u00f8"}, "geometry": {"type": "LineString", "coordinates": [[7.558, 62.489], [7.557, 62.4891], [7.5454, 62.4904], [7.5366, 62.4913], [7.5313, 62.4919], [7.522, 62.4933], [7.5189, 62.4938], [7.5157, 62.4943], [7.5107, 62.4951], [7.5058, 62.4959], [7.501, 62.4967], [7.4953, 62.4976], [7.4896, 62.4986], [7.4838, 62.4983], [7.479, 62.498], [7.4729, 62.4977], [7.469, 62.4975], [7.4641, 62.4972], [7.4606, 62.4971], [7.4564, 62.4968], [7.4518, 62.4966], [7.4467, 62.4963], [7.4385, 62.4958], [7.4331, 62.4964], [7.419, 62.498], [7.4148, 62.4984], [7.4057, 62.4994], [7.4027, 62.4997], [7.3996, 62.5001], [7.3963, 62.5003], [7.3931, 62.5005], [7.3895, 62.5008], [7.3861, 62.501], [7.3828, 62.5013], [7.3794, 62.5015], [7.3755, 62.5018], [7.3722, 62.502], [7.3696, 62.5022], [7.3645, 62.5025], [7.36, 62.5028], [7.3537, 62.5033], [7.35, 62.5033], [7.3422, 62.5032], [7.3294, 62.503], [7.3193, 62.5028], [7.3134, 62.5028], [7.306, 62.5028], [7.2982, 62.5027], [7.2943, 62.5027], [7.2868, 62.5026], [7.2813, 62.5026], [7.278, 62.5026], [7.2723, 62.5025], [7.268, 62.5025], [7.2621, 62.5024], [7.2568, 62.5024], [7.2517, 62.5024], [7.2393, 62.5023], [7.2358, 62.5022], [7.2313, 62.5022], [7.2272, 62.5023], [7.2239, 62.5023], [7.2208, 62.5022], [7.2172, 62.5023], [7.2127, 62.5023], [7.2072, 62.5003], [7.1981, 62.4972], [7.1938, 62.4956], [7.1911, 62.4952], [7.1871, 62.4944], [7.18, 62.4931], [7.1749, 62.4922], [7.1704, 62.4914], [7.1617, 62.4892], [7.1606, 62.4889], [7.1372, 62.4831], [7.1326, 62.4819], [7.1284, 62.4809], [7.1246, 62.4813], [7.121, 62.4817], [7.1124, 62.4827], [7.0946, 62.4847], [7.0854, 62.4858], [7.0796, 62.4857], [7.0749, 62.4845], [7.0696, 62.4832], [7.0658, 62.4822], [7.0586, 62.4804], [7.0503, 62.4783], [7.0464, 62.4776], [7.0418, 62.4774], [7.0348, 62.4769], [7.0294, 62.4755], [7.0222, 62.4736], [7.0197, 62.4729], [7.0132, 62.4713], [7.0087, 62.4703], [7.0041, 62.4694], [6.9977, 62.468], [6.9899, 62.4672], [6.9839, 62.4666], [6.9758, 62.4658], [6.9673, 62.465], [6.9615, 62.4645], [6.9554, 62.464], [6.9481, 62.4639], [6.936, 62.4639], [6.9258, 62.4646], [6.92, 62.4651], [6.9113, 62.4658], [6.9086, 62.466], [6.9081, 62.4661], [6.9076, 62.4661], [6.9072, 62.4661], [6.9054, 62.4663], [6.8987, 62.4678], [6.8932, 62.469], [6.8851, 62.4708], [6.8777, 62.4721], [6.8745, 62.4727], [6.8718, 62.4729]]}}, {"type": "Feature", "properties": {"osm_type": "line", "voltage_kv": 420.0, "name": "Viklandet - \u00d8rskog", "avail": 21, "avail_node": "Grytten"}, "geometry": {"type": "LineString", "coordinates": [[7.7519, 62.5218], [7.7429, 62.5236], [7.7375, 62.5239], [7.7301, 62.524], [7.7265, 62.524], [7.7157, 62.5238], [7.7136, 62.5235], [7.7056, 62.5226], [7.7035, 62.5223], [7.7, 62.5218], [7.6938, 62.5209], [7.6888, 62.5194], [7.6847, 62.5181], [7.6795, 62.5166], [7.6745, 62.5151], [7.6707, 62.5122], [7.6667, 62.5091], [7.6624, 62.5057], [7.6579, 62.5022], [7.6457, 62.5004], [7.6426, 62.5001], [7.6371, 62.4996], [7.6338, 62.4993], [7.6278, 62.499], [7.6158, 62.4974], [7.6081, 62.4951], [7.6033, 62.4937], [7.5962, 62.4927], [7.5905, 62.4926], [7.5866, 62.492], [7.582, 62.4912], [7.5769, 62.4904], [7.5704, 62.4893]]}}, {"type": "Feature", "properties": {"osm_type": "line", "voltage_kv": 420.0, "name": "\u00d8rsta - \u00c5lfoten", "avail": 27, "avail_node": "Volda 11 og 22"}, "geometry": {"type": "LineString", "coordinates": [[6.2614, 62.1544], [6.2621, 62.1523], [6.2629, 62.1499], [6.264, 62.1462], [6.2647, 62.144], [6.2649, 62.1436], [6.2654, 62.1419], [6.2666, 62.1382], [6.263, 62.1367], [6.2576, 62.1349], [6.251, 62.133], [6.2466, 62.1315], [6.2436, 62.1297], [6.2419, 62.1282], [6.2418, 62.1261], [6.2417, 62.1238], [6.2417, 62.1214], [6.2329, 62.1157], [6.2286, 62.1144], [6.2207, 62.1127], [6.2154, 62.1116], [6.2105, 62.1105], [6.2055, 62.105], [6.2039, 62.1033], [6.2023, 62.1003], [6.2022, 62.0991], [6.2003, 62.0962], [6.1941, 62.0865], [6.1897, 62.0796], [6.1868, 62.075], [6.1861, 62.0739], [6.1866, 62.073], [6.1887, 62.0706], [6.1924, 62.068], [6.1979, 62.0642], [6.2029, 62.0616], [6.2076, 62.0583], [6.2114, 62.0556], [6.2123, 62.052], [6.2134, 62.0476], [6.2138, 62.046], [6.2115, 62.0435], [6.2074, 62.0393], [6.2024, 62.0357], [6.1952, 62.0329], [6.1907, 62.0311], [6.1869, 62.0296], [6.1829, 62.0263], [6.1781, 62.023], [6.1785, 62.0203], [6.1791, 62.0165], [6.1794, 62.0146], [6.18, 62.0109], [6.1794, 62.0093], [6.1782, 62.0057], [6.1773, 62.0028], [6.1757, 61.9983], [6.1736, 61.9917], [6.17, 61.9884], [6.166, 61.9845], [6.1638, 61.9825], [6.1616, 61.9804], [6.1589, 61.9779], [6.1545, 61.9736], [6.1527, 61.9719], [6.151, 61.9703], [6.1478, 61.9673], [6.1461, 61.9657], [6.1411, 61.9609], [6.1333, 61.9549], [6.131, 61.9531], [6.1269, 61.95], [6.1277, 61.9463], [6.1281, 61.9433], [6.1285, 61.9399], [6.1353, 61.9374], [6.1354, 61.9374], [6.1355, 61.9373], [6.1357, 61.9372], [6.1392, 61.9359], [6.1413, 61.9366], [6.1443, 61.9375], [6.1533, 61.9384], [6.1609, 61.9392], [6.1637, 61.9395], [6.1709, 61.9398], [6.1828, 61.9403], [6.1864, 61.9388], [6.1865, 61.9366], [6.1883, 61.9303], [6.1887, 61.929], [6.1883, 61.9267], [6.1896, 61.9252], [6.191, 61.9218], [6.1936, 61.9155], [6.1975, 61.9059], [6.1982, 61.9054], [6.2019, 61.9012], [6.2031, 61.8998], [6.2034, 61.8966], [6.1949, 61.8935], [6.19, 61.8917], [6.1764, 61.8921], [6.1735, 61.8922], [6.1689, 61.8924], [6.1655, 61.8923], [6.1531, 61.8921], [6.1452, 61.892], [6.1389, 61.8919], [6.1323, 61.8921], [6.1208, 61.895], [6.1199, 61.8952], [6.1169, 61.896], [6.1124, 61.8968], [6.1058, 61.898], [6.1018, 61.8981], [6.0977, 61.8983], [6.0879, 61.8986], [6.0819, 61.8988], [6.0721, 61.8992], [6.0641, 61.8988], [6.0575, 61.8985], [6.0448, 61.8979], [6.0415, 61.8977], [6.0334, 61.897], [6.0282, 61.8966], [6.0151, 61.8946], [6.0079, 61.8935], [5.9985, 61.8923], [5.9913, 61.8914], [5.9877, 61.8909], [5.974, 61.8892], [5.9712, 61.8891], [5.9649, 61.8889], [5.9582, 61.8887], [5.9523, 61.8885], [5.9449, 61.8882], [5.9401, 61.8886], [5.9344, 61.8891], [5.9265, 61.8898], [5.9205, 61.8904], [5.9145, 61.8909], [5.9098, 61.8901], [5.9077, 61.8898], [5.9076, 61.8898], [5.9011, 61.8887], [5.8949, 61.8877], [5.8885, 61.8867], [5.884, 61.8859], [5.881, 61.8854], [5.8737, 61.8841], [5.8688, 61.8833], [5.8595, 61.8817], [5.8542, 61.8808], [5.8488, 61.8782], [5.8421, 61.8749], [5.8329, 61.8705], [5.8313, 61.8678], [5.828, 61.8537], [5.8257, 61.8444], [5.8257, 61.8444], [5.8246, 61.8397], [5.8244, 61.8379], [5.8185, 61.8372], [5.8124, 61.8364], [5.8068, 61.8356], [5.7983, 61.8345], [5.7871, 61.833], [5.7815, 61.8323], [5.7741, 61.8313], [5.7602, 61.8308], [5.7545, 61.8306], [5.7485, 61.8303], [5.7406, 61.83], [5.7313, 61.8296], [5.722, 61.8293], [5.7169, 61.8274], [5.7125, 61.8259], [5.7059, 61.8235], [5.6988, 61.8209], [5.6922, 61.8194], [5.6884, 61.8186], [5.6807, 61.8187], [5.6757, 61.8193], [5.6751, 61.8195], [5.6749, 61.8196], [5.66, 61.8253], [5.6592, 61.8256], [5.6558, 61.8279], [5.6523, 61.8303], [5.6507, 61.8313], [5.648, 61.8332], [5.6452, 61.8351], [5.6421, 61.8372], [5.6381, 61.8373], [5.6317, 61.8374], [5.6212, 61.8376], [5.6128, 61.8377], [5.6078, 61.8378], [5.6007, 61.8379], [5.5915, 61.838], [5.5866, 61.8381], [5.5806, 61.8382], [5.5751, 61.8365], [5.5685, 61.8345], [5.5624, 61.8326], [5.562, 61.8325], [5.5593, 61.8317], [5.5587, 61.8315], [5.5583, 61.8314], [5.5578, 61.8312], [5.5543, 61.8301]]}}, {"type": "Feature", "properties": {"osm_type": "line", "voltage_kv": 420.0, "name": "Lyse - Tj\u00f8rhom ", "avail": 7, "avail_node": "TJ\u00d8RHOM"}, "geometry": {"type": "LineString", "coordinates": [[6.6683, 59.0585], [6.6667, 59.0538], [6.6642, 59.0519], [6.6605, 59.0503], [6.6583, 59.0493], [6.6572, 59.0483], [6.6552, 59.0464], [6.654, 59.0453], [6.6532, 59.0407], [6.6528, 59.039], [6.6547, 59.0353], [6.6525, 59.0301], [6.6527, 59.0283], [6.6529, 59.0268], [6.6531, 59.0252], [6.6533, 59.0231], [6.6531, 59.0218], [6.653, 59.0211], [6.6526, 59.0194], [6.6522, 59.0171], [6.6515, 59.0132], [6.651, 59.0102], [6.6505, 59.0077], [6.6551, 59.0054], [6.659, 59.0033], [6.6607, 59.0018], [6.6631, 58.9997], [6.6666, 58.9966], [6.6676, 58.9956], [6.6705, 58.993], [6.6736, 58.9903], [6.6763, 58.9885], [6.6817, 58.9856], [6.685, 58.9843], [6.6888, 58.9828], [6.691, 58.9819], [6.6963, 58.9812], [6.7033, 58.9803], [6.7095, 58.9794], [6.7147, 58.9764], [6.7171, 58.9751], [6.7217, 58.9724], [6.7254, 58.9703], [6.7286, 58.9684], [6.7345, 58.9651], [6.7366, 58.9639], [6.739, 58.9625], [6.7454, 58.9588], [6.7489, 58.9568], [6.7541, 58.9538], [6.7596, 58.9507], [6.7612, 58.9497], [6.7654, 58.9473], [6.7684, 58.9455], [6.7733, 58.9427], [6.7765, 58.9408], [6.7824, 58.9372], [6.7856, 58.9354], [6.7891, 58.932], [6.7905, 58.9304], [6.7953, 58.9247], [6.7975, 58.9205], [6.7987, 58.9182], [6.8005, 58.9146], [6.8018, 58.9121], [6.8027, 58.9104], [6.8045, 58.9069], [6.8049, 58.9061], [6.811, 58.9006], [6.8119, 58.8998], [6.8131, 58.8988], [6.8137, 58.8969], [6.8142, 58.893], [6.8148, 58.8905], [6.8156, 58.8875], [6.8164, 58.8844], [6.8167, 58.8824]]}}, {"type": "Feature", "properties": {"osm_type": "line", "voltage_kv": 132.0, "name": "Viklandet - ASU", "avail": 0}, "geometry": {"type": "LineString", "coordinates": [[8.5038, 62.6878], [8.5048, 62.6876], [8.5088, 62.6864], [8.5107, 62.6847], [8.5144, 62.6795], [8.5169, 62.676], [8.519, 62.673], [8.5213, 62.6697], [8.5222, 62.6685], [8.5224, 62.667]]}}, {"type": "Feature", "properties": {"osm_type": "line", "voltage_kv": 132.0, "name": "Viklandet - ASU", "avail": 0}, "geometry": {"type": "LineString", "coordinates": [[8.5289, 62.6658], [8.5297, 62.6665], [8.5317, 62.6682], [8.535, 62.6691], [8.5396, 62.6703], [8.5436, 62.6716], [8.5476, 62.6728], [8.5507, 62.6739]]}}, {"type": "Feature", "properties": {"osm_type": "line", "voltage_kv": 420.0, "name": "Nedre R\u00f8ss\u00e5ga - Tunnsj\u00f8dal", "avail": 0}, "geometry": {"type": "LineString", "coordinates": [[13.7815, 66.0484], [13.7804, 66.048], [13.7769, 66.0469], [13.7763, 66.0454], [13.7753, 66.0427], [13.774, 66.0391], [13.7728, 66.0359], [13.7719, 66.0334], [13.7713, 66.0317], [13.7707, 66.0282], [13.77, 66.0234], [13.7693, 66.0194], [13.7688, 66.0161], [13.7683, 66.013], [13.7677, 66.0089], [13.7671, 66.0049], [13.7666, 66.0017], [13.766, 65.9982], [13.7656, 65.9954], [13.7649, 65.9911], [13.7645, 65.9885], [13.7639, 65.985], [13.7633, 65.9811], [13.7628, 65.9778], [13.7623, 65.9747], [13.7621, 65.9736], [13.7619, 65.9726], [13.7618, 65.9714], [13.7635, 65.9674], [13.7635, 65.9596], [13.7634, 65.9575], [13.763, 65.9552], [13.7625, 65.9524], [13.762, 65.9498], [13.759, 65.946], [13.7566, 65.9429], [13.7524, 65.9376], [13.7498, 65.9342], [13.7467, 65.9303], [13.7449, 65.9271], [13.7429, 65.9238], [13.7408, 65.9202], [13.7385, 65.9163], [13.7355, 65.9113], [13.7328, 65.9067], [13.7311, 65.9037], [13.7294, 65.9007], [13.728, 65.8983], [13.7269, 65.8964], [13.7251, 65.8934], [13.7261, 65.8911], [13.7275, 65.8878], [13.729, 65.8845], [13.7304, 65.8812], [13.7322, 65.8773], [13.7337, 65.8739], [13.7341, 65.8721], [13.7351, 65.8685], [13.7363, 65.864], [13.7374, 65.8598], [13.738, 65.8574], [13.7379, 65.8539], [13.7377, 65.8497], [13.7372, 65.8461], [13.7343, 65.8435], [13.7309, 65.8404], [13.7218, 65.8371], [13.7134, 65.834], [13.7052, 65.8309], [13.6988, 65.8291], [13.6902, 65.8266], [13.6854, 65.8252], [13.6801, 65.8236], [13.6712, 65.822], [13.6605, 65.82], [13.6549, 65.819], [13.6468, 65.8176], [13.6379, 65.8165], [13.6325, 65.8158], [13.6224, 65.8146], [13.6165, 65.8139], [13.6131, 65.8122], [13.6058, 65.8085], [13.6004, 65.8045], [13.5953, 65.8008], [13.5909, 65.7981], [13.586, 65.7952], [13.5753, 65.7886], [13.5699, 65.7854], [13.5633, 65.7814], [13.5578, 65.7781], [13.5537, 65.7756], [13.5499, 65.7733], [13.5454, 65.7717], [13.5354, 65.7682], [13.5298, 65.7663], [13.5215, 65.7634], [13.5173, 65.762], [13.5089, 65.759], [13.5031, 65.757], [13.4974, 65.755], [13.4932, 65.7536], [13.4884, 65.7505], [13.4841, 65.7476], [13.4795, 65.7447], [13.4752, 65.7419], [13.4717, 65.7396], [13.4681, 65.7372], [13.4631, 65.7346], [13.4588, 65.7323], [13.4539, 65.7297], [13.4489, 65.7271], [13.4454, 65.7252], [13.4411, 65.723], [13.4386, 65.7217], [13.4345, 65.7192], [13.431, 65.7171], [13.4279, 65.7151], [13.4279, 65.7124], [13.4279, 65.7096], [13.4279, 65.7047], [13.4279, 65.7007], [13.4278, 65.6973], [13.4278, 65.6942], [13.4278, 65.6913], [13.4278, 65.6887], [13.4278, 65.6844], [13.4278, 65.6826], [13.4278, 65.6779], [13.4278, 65.6743], [13.4278, 65.6711], [13.4278, 65.6685], [13.4278, 65.6655], [13.4278, 65.6611], [13.4278, 65.6586], [13.4278, 65.655], [13.4278, 65.653], [13.4278, 65.6488], [13.4278, 65.6453], [13.4278, 65.642], [13.4277, 65.6381], [13.4277, 65.6335], [13.4277, 65.6311], [13.4277, 65.6275], [13.4277, 65.6247], [13.4277, 65.6199], [13.4277, 65.6192], [13.4277, 65.6169], [13.4277, 65.6117], [13.4276, 65.6062], [13.4276, 65.6024], [13.4276, 65.6002], [13.4276, 65.5968], [13.4276, 65.5955], [13.4264, 65.5918], [13.4248, 65.5873], [13.4239, 65.5847], [13.4224, 65.5805], [13.4212, 65.5754], [13.4205, 65.5723], [13.4197, 65.5693], [13.4189, 65.5659], [13.4192, 65.5615], [13.4174, 65.5586], [13.4164, 65.5535], [13.4165, 65.548], [13.4167, 65.5439], [13.4196, 65.5405], [13.4226, 65.5377], [13.4236, 65.5368]]}}, {"type": "Feature", "properties": {"osm_type": "line", "voltage_kv": 420.0, "name": "Nedre R\u00f8ss\u00e5ga - Tunnsj\u00f8dal", "avail": 0}, "geometry": {"type": "LineString", "coordinates": [[13.429, 65.5317], [13.4328, 65.5281], [13.4349, 65.5228], [13.4366, 65.5183], [13.4379, 65.5148], [13.4381, 65.5115], [13.4385, 65.5066], [13.4388, 65.5023], [13.439, 65.4995], [13.4392, 65.4968], [13.4395, 65.4931], [13.4398, 65.4898], [13.44, 65.4868], [13.4402, 65.4836], [13.4406, 65.4793], [13.4408, 65.4759], [13.4411, 65.4728], [13.4413, 65.4695], [13.4415, 65.4667], [13.4419, 65.4617], [13.4421, 65.459], [13.4422, 65.4572], [13.4425, 65.4544], [13.4427, 65.4517], [13.443, 65.4474], [13.4431, 65.4454], [13.4405, 65.4425], [13.4383, 65.4401], [13.4358, 65.4373], [13.4338, 65.4352], [13.4288, 65.4296], [13.4275, 65.4282], [13.4261, 65.4267], [13.4219, 65.4221], [13.419, 65.4189], [13.4165, 65.4162], [13.4141, 65.4135], [13.4117, 65.4108], [13.409, 65.4079], [13.4065, 65.4051], [13.4039, 65.4023], [13.401, 65.399], [13.399, 65.3969], [13.3964, 65.3941], [13.3944, 65.3918], [13.3919, 65.389], [13.3891, 65.3859], [13.3855, 65.382], [13.3832, 65.3795], [13.3838, 65.378], [13.3847, 65.3756], [13.3853, 65.374], [13.3861, 65.3719], [13.3866, 65.3707], [13.388, 65.3669], [13.3894, 65.3633], [13.3908, 65.3594], [13.3922, 65.3565], [13.3944, 65.3518], [13.3969, 65.3465], [13.3986, 65.343], [13.3957, 65.3394], [13.3934, 65.3365], [13.391, 65.3336], [13.3891, 65.3313], [13.3873, 65.3291], [13.387, 65.3287], [13.3847, 65.3259], [13.3825, 65.3231], [13.3798, 65.3198], [13.3773, 65.3166], [13.3752, 65.314], [13.3725, 65.3107], [13.3698, 65.3074], [13.3689, 65.3059], [13.3667, 65.3019], [13.3653, 65.2988], [13.3631, 65.294], [13.3606, 65.2886], [13.36, 65.2867], [13.3596, 65.2834], [13.3593, 65.2807], [13.359, 65.2775], [13.3587, 65.2745], [13.3585, 65.2727], [13.358, 65.2683], [13.3576, 65.2649], [13.3573, 65.2615], [13.357, 65.259], [13.36, 65.2549], [13.3613, 65.2531], [13.3631, 65.2507], [13.3648, 65.2484], [13.3659, 65.2469], [13.3678, 65.2444], [13.3701, 65.2412], [13.3722, 65.2384], [13.3734, 65.2367], [13.3762, 65.233], [13.3796, 65.2284], [13.381, 65.2264], [13.3822, 65.2241], [13.3839, 65.221], [13.3845, 65.2199], [13.3853, 65.2182], [13.3876, 65.2139], [13.3893, 65.2107], [13.3906, 65.2092], [13.3912, 65.2083], [13.39, 65.2062], [13.389, 65.2029], [13.3878, 65.1992], [13.3867, 65.1957], [13.3857, 65.1923], [13.385, 65.1899], [13.3842, 65.1875], [13.3862, 65.1834], [13.3875, 65.1807], [13.3894, 65.1768], [13.3913, 65.1728], [13.3914, 65.1727], [13.3928, 65.1698], [13.3946, 65.1659], [13.396, 65.163], [13.3971, 65.1608], [13.3981, 65.1574], [13.399, 65.1533], [13.3994, 65.1495], [13.3997, 65.1469], [13.3999, 65.1453], [13.4, 65.1402], [13.4, 65.1354], [13.4, 65.1312], [13.397, 65.1273], [13.3941, 65.1237], [13.3917, 65.1206], [13.3892, 65.1174], [13.3867, 65.1143], [13.3833, 65.11], [13.3811, 65.1071], [13.38, 65.1033], [13.3789, 65.0996], [13.3774, 65.0945], [13.376, 65.0895], [13.3749, 65.0858], [13.3738, 65.0832], [13.3726, 65.0806], [13.3714, 65.0782], [13.3696, 65.0743], [13.3683, 65.0716], [13.3657, 65.0662], [13.3648, 65.0642], [13.3633, 65.0613], [13.3616, 65.0577], [13.3603, 65.055], [13.3588, 65.0519], [13.3571, 65.0483], [13.3559, 65.0457], [13.3548, 65.0435], [13.3539, 65.0419], [13.3511, 65.0374], [13.3483, 65.0329], [13.3457, 65.0281], [13.3433, 65.0246], [13.3424, 65.0232], [13.3408, 65.0206], [13.3388, 65.0172], [13.3343, 65.0167], [13.3251, 65.0157], [13.3199, 65.0151], [13.3132, 65.0143], [13.3097, 65.0139], [13.3022, 65.013], [13.2976, 65.0119], [13.288, 65.0095], [13.283, 65.0083], [13.2732, 65.0059], [13.2654, 65.004], [13.2587, 65.0024], [13.2506, 65.0004], [13.2471, 64.9983], [13.2467, 64.9981], [13.2442, 64.9966], [13.239, 64.9936], [13.2348, 64.9912], [13.2309, 64.9889]]}}, {"type": "Feature", "properties": {"osm_type": "line", "voltage_kv": 420.0, "name": "Nedre R\u00f8ss\u00e5ga - Tunnsj\u00f8dal", "avail": 3, "avail_node": "Tunnsj\u00f8dal"}, "geometry": {"type": "LineString", "coordinates": [[13.2275, 64.9839], [13.2276, 64.9836], [13.2284, 64.9796], [13.229, 64.9762], [13.2294, 64.973], [13.2297, 64.9699], [13.2301, 64.966], [13.2305, 64.963], [13.2311, 64.9591], [13.2314, 64.957], [13.2318, 64.9544], [13.2324, 64.9511], [13.2328, 64.9485], [13.2322, 64.9451], [13.2317, 64.9423], [13.2312, 64.9391], [13.2307, 64.9357], [13.2303, 64.9328], [13.2297, 64.9289], [13.2292, 64.9251], [13.2288, 64.9224], [13.2284, 64.9191], [13.2279, 64.9161], [13.2276, 64.9138], [13.2267, 64.9133], [13.2258, 64.9127], [13.2219, 64.9104], [13.2173, 64.9074], [13.2127, 64.9045], [13.2085, 64.9018], [13.2029, 64.8983], [13.1995, 64.8961], [13.1962, 64.894], [13.1932, 64.8921], [13.1903, 64.8902], [13.1855, 64.8872], [13.181, 64.8844], [13.1803, 64.8839], [13.1754, 64.8808], [13.1713, 64.8782], [13.1668, 64.8754], [13.163, 64.8726], [13.1583, 64.8692], [13.1553, 64.8668], [13.1515, 64.8635], [13.1481, 64.8604], [13.1449, 64.8575], [13.1412, 64.8542], [13.1377, 64.8511], [13.1335, 64.8473], [13.1298, 64.844], [13.1263, 64.8408], [13.123, 64.8378], [13.1199, 64.835], [13.1151, 64.8307], [13.1116, 64.8276], [13.107, 64.8234], [13.1044, 64.821], [13.1012, 64.8183], [13.0969, 64.815], [13.0945, 64.8131], [13.0894, 64.8092], [13.0846, 64.8054], [13.0811, 64.8027], [13.0779, 64.8002], [13.0737, 64.797], [13.0689, 64.7933], [13.0653, 64.7904], [13.0619, 64.7877], [13.0589, 64.7855], [13.0538, 64.7816], [13.0494, 64.7787], [13.0447, 64.7756], [13.0418, 64.7738], [13.0349, 64.7714], [13.0285, 64.7694], [13.0209, 64.767], [13.0152, 64.7653], [13.008, 64.7631], [13.0019, 64.7613], [12.995, 64.7591], [12.9872, 64.7567], [12.9808, 64.7547], [12.9747, 64.7528], [12.9686, 64.7509], [12.9625, 64.749], [12.9576, 64.7475], [12.9529, 64.746], [12.9471, 64.7442], [12.941, 64.7423], [12.9338, 64.7401], [12.9287, 64.7382], [12.9228, 64.7359], [12.9173, 64.7339], [12.9096, 64.731], [12.9037, 64.7287], [12.8971, 64.7261], [12.8898, 64.7232], [12.8816, 64.72], [12.8757, 64.7178], [12.8703, 64.7159], [12.8667, 64.7147], [12.8611, 64.7127], [12.8544, 64.7104], [12.8507, 64.7091], [12.8474, 64.7079], [12.8396, 64.7059]]}}, {"type": "Feature", "properties": {"osm_type": "line", "voltage_kv": 420.0, "name": "Kvilldal - Holen", "avail": 3, "avail_node": "HOLEN"}, "geometry": {"type": "LineString", "coordinates": [[7.0851, 59.2988], [7.0895, 59.2995], [7.0946, 59.3004], [7.1006, 59.3014], [7.1036, 59.3019], [7.1139, 59.3037], [7.1175, 59.3043], [7.1243, 59.3055], [7.1276, 59.306], [7.1332, 59.307], [7.1356, 59.3068], [7.1398, 59.3066], [7.1468, 59.3061], [7.1514, 59.306], [7.1581, 59.3059], [7.1629, 59.3058], [7.1636, 59.3061], [7.1679, 59.3078], [7.1733, 59.3099], [7.1794, 59.3122], [7.1829, 59.3135], [7.1913, 59.3166], [7.1963, 59.3184], [7.2034, 59.3194], [7.2101, 59.3203], [7.2127, 59.3206], [7.2147, 59.3208], [7.2197, 59.3213], [7.2255, 59.3218], [7.23, 59.3236], [7.2348, 59.3255], [7.2396, 59.3279], [7.2406, 59.3303], [7.2432, 59.3369], [7.2459, 59.3439]]}}, {"type": "Feature", "properties": {"osm_type": "line", "voltage_kv": 132.0, "name": "Kvandal - T_Hergot (Sildvik)", "avail": 11, "avail_node": "Kvandal"}, "geometry": {"type": "LineString", "coordinates": [[17.6136, 68.5745], [17.6171, 68.5728], [17.619, 68.5704], [17.6201, 68.5689], [17.6208, 68.5677], [17.6223, 68.5653], [17.624, 68.5625], [17.6257, 68.5598], [17.6266, 68.5583], [17.627, 68.5578], [17.6277, 68.5569], [17.6307, 68.5528], [17.6362, 68.5476], [17.6397, 68.5449], [17.6484, 68.5383], [17.6444, 68.5413], [17.654, 68.534], [17.6509, 68.5364], [17.6584, 68.5307], [17.6604, 68.5291], [17.6625, 68.5274], [17.6684, 68.523], [17.6703, 68.5218], [17.676, 68.5183], [17.6769, 68.5167]]}}, {"type": "Feature", "properties": {"osm_type": "line", "voltage_kv": 132.0, "name": "Kvandal - T_Hergot (Sildvik)", "avail": 11, "avail_node": "Kvandal"}, "geometry": {"type": "LineString", "coordinates": [[17.6769, 68.5167], [17.6788, 68.5136], [17.6801, 68.5117], [17.6812, 68.5101], [17.6838, 68.5064], [17.6863, 68.5028], [17.6885, 68.4996], [17.6919, 68.4946], [17.6926, 68.4933], [17.6944, 68.49], [17.6962, 68.4866], [17.6977, 68.4838], [17.6983, 68.4828], [17.6996, 68.48], [17.7011, 68.4769], [17.7022, 68.4755], [17.7036, 68.4729], [17.705, 68.4703], [17.7067, 68.467], [17.7089, 68.463], [17.711, 68.4592]]}}, {"type": "Feature", "properties": {"osm_type": "line", "voltage_kv": 300.0, "name": "Furuset - Frogner", "avail": 63, "avail_node": "Gr\u00f8nland"}, "geometry": {"type": "LineString", "coordinates": [[10.8857, 59.9469], [10.8879, 59.9481], [10.8928, 59.9498], [10.8962, 59.951], [10.9011, 59.9526], [10.9029, 59.9536], [10.9048, 59.9547], [10.9066, 59.9572], [10.9085, 59.9599], [10.9087, 59.9602], [10.9088, 59.9603], [10.9108, 59.9633], [10.9113, 59.964], [10.9114, 59.9641], [10.9125, 59.9657], [10.9123, 59.9673], [10.9121, 59.9701], [10.9113, 59.9705], [10.9106, 59.9708], [10.9095, 59.9725], [10.908, 59.9748], [10.9062, 59.9775], [10.9052, 59.9794], [10.9038, 59.9822], [10.9028, 59.984], [10.9012, 59.987], [10.9006, 59.9883], [10.9011, 59.9883], [10.905, 59.9885], [10.9121, 59.9887], [10.918, 59.9889], [10.9238, 59.9891], [10.9282, 59.9893], [10.9349, 59.9895], [10.9408, 59.9898], [10.9472, 59.9925], [10.953, 59.995], [10.9561, 59.9963], [10.9566, 59.9965], [10.9609, 59.9983], [10.9626, 59.9991], [10.966, 60.0006], [10.9712, 60.0028], [10.9772, 60.0054], [10.9816, 60.0073], [10.9817, 60.0073], [10.986, 60.0092], [10.9865, 60.0094], [10.9902, 60.011], [10.9942, 60.0132], [10.9952, 60.0138], [10.9955, 60.0139], [10.9955, 60.014], [10.999, 60.0159], [11.0034, 60.0182], [11.0096, 60.0207], [11.0125, 60.0219], [11.0148, 60.0229], [11.0199, 60.0227], [11.0243, 60.0226], [11.0243, 60.0226], [11.0247, 60.0226], [11.0332, 60.0225], [11.0387, 60.0222], [11.0471, 60.0219], [11.0502, 60.0217], [11.0544, 60.0217], [11.0595, 60.0217], [11.0635, 60.0204], [11.0675, 60.019], [11.0688, 60.0186], [11.0733, 60.0168], [11.078, 60.0149], [11.0833, 60.0129], [11.0881, 60.0111], [11.0895, 60.0107], [11.0917, 60.01], [11.0924, 60.0098], [11.096, 60.0088], [11.1022, 60.0071], [11.1056, 60.0061], [11.1102, 60.0049], [11.1114, 60.0049], [11.1151, 60.0049], [11.1215, 60.005], [11.1265, 60.005], [11.1285, 60.005]]}}, {"type": "Feature", "properties": {"osm_type": "line", "voltage_kv": 132.0, "name": "Skibotn - Balsfjord", "avail": 13, "avail_node": "Skibotn"}, "geometry": {"type": "LineString", "coordinates": [[20.3641, 69.3131], [20.3655, 69.3126], [20.3686, 69.3112], [20.3741, 69.3087], [20.3757, 69.3079], [20.3781, 69.3068], [20.3805, 69.3057], [20.3833, 69.3044], [20.3876, 69.3027], [20.3898, 69.3017], [20.3924, 69.3005], [20.395, 69.2993], [20.3968, 69.2985], [20.3998, 69.2967], [20.4038, 69.2942], [20.4056, 69.2931], [20.4078, 69.2918], [20.4091, 69.291], [20.4108, 69.2899], [20.4132, 69.2884], [20.4155, 69.287], [20.4109, 69.2827], [20.4106, 69.2824], [20.4104, 69.2814], [20.4102, 69.2805], [20.4096, 69.2767], [20.4095, 69.2759], [20.4091, 69.2742], [20.409, 69.2732], [20.4088, 69.2722], [20.4086, 69.2709], [20.4083, 69.2692], [20.4081, 69.2678], [20.4079, 69.2663], [20.4077, 69.2652], [20.4074, 69.2639], [20.4073, 69.2629], [20.407, 69.2614], [20.4026, 69.256], [20.4021, 69.2555], [20.3997, 69.2526], [20.3953, 69.2516], [20.392, 69.2509], [20.3881, 69.25], [20.3844, 69.2492], [20.3809, 69.2485], [20.3771, 69.2476], [20.3752, 69.2472], [20.3718, 69.2468], [20.368, 69.2464], [20.3649, 69.2461], [20.361, 69.2457], [20.3579, 69.2453], [20.355, 69.245], [20.3512, 69.2446], [20.347, 69.2441], [20.3443, 69.2438], [20.3423, 69.2436], [20.3398, 69.2433], [20.3358, 69.2429], [20.33, 69.2425], [20.3242, 69.2422], [20.3186, 69.2418], [20.3097, 69.2413], [20.3012, 69.2407], [20.2924, 69.2403], [20.2864, 69.24], [20.2808, 69.2397], [20.2716, 69.2392], [20.2673, 69.2393], [20.2637, 69.2393], [20.2609, 69.2393], [20.2579, 69.2394], [20.2545, 69.2394], [20.2508, 69.2395], [20.2454, 69.2396], [20.2421, 69.2396], [20.2386, 69.2396], [20.2354, 69.2397], [20.2313, 69.2397], [20.2288, 69.2398], [20.2263, 69.2398], [20.2223, 69.2399], [20.2107, 69.24], [20.2072, 69.2396], [20.2033, 69.2392], [20.1994, 69.2388], [20.1957, 69.2384], [20.192, 69.238], [20.1883, 69.2376], [20.184, 69.2371], [20.1803, 69.2367], [20.1774, 69.2364], [20.1732, 69.2359], [20.1689, 69.2354], [20.165, 69.235], [20.1618, 69.2347], [20.1579, 69.2342], [20.1533, 69.2337], [20.15, 69.2334], [20.1455, 69.2329], [20.1422, 69.2325], [20.1387, 69.2321], [20.1358, 69.2318], [20.1312, 69.2318], [20.127, 69.2317], [20.1233, 69.2317], [20.1193, 69.2317], [20.1155, 69.2316], [20.1113, 69.2316], [20.1068, 69.2315], [20.1031, 69.2315], [20.0974, 69.2315], [20.0931, 69.2314], [20.0884, 69.2314], [20.084, 69.2313], [20.0805, 69.2313], [20.0755, 69.2322], [20.0719, 69.2328], [20.0672, 69.2336], [20.0641, 69.2342], [20.0604, 69.2348], [20.0554, 69.2357], [20.0514, 69.2364], [20.0472, 69.2372], [20.0429, 69.238], [20.0391, 69.2386], [20.0358, 69.2392], [20.0323, 69.2398], [20.0282, 69.2406], [20.0247, 69.2412], [20.0215, 69.2417], [20.018, 69.2423], [20.0145, 69.243], [20.0111, 69.2436], [20.0081, 69.2441], [20.0057, 69.2445], [20.0002, 69.2455], [19.9932, 69.2467], [19.9902, 69.2473], [19.9846, 69.2482], [19.9812, 69.2488], [19.9773, 69.2495], [19.9751, 69.2499], [19.9713, 69.2506], [19.9684, 69.2511], [19.9649, 69.2507], [19.9594, 69.2501], [19.9543, 69.2495], [19.9479, 69.2488], [19.9447, 69.2488], [19.9418, 69.2489], [19.9386, 69.2489], [19.9334, 69.249], [19.9286, 69.2491], [19.9224, 69.2492], [19.9172, 69.2501], [19.9137, 69.2507], [19.9098, 69.2514], [19.9027, 69.2527], [19.8991, 69.2533], [19.8954, 69.2539], [19.893, 69.2539], [19.89, 69.2538], [19.8863, 69.2527], [19.8828, 69.2517], [19.8803, 69.251], [19.8773, 69.2501], [19.8743, 69.2492], [19.8708, 69.2482], [19.8677, 69.2473], [19.8651, 69.2465], [19.8622, 69.2457], [19.8589, 69.2448], [19.8556, 69.2438], [19.8515, 69.2426], [19.8486, 69.2418], [19.8453, 69.2408], [19.8407, 69.2395], [19.837, 69.2384], [19.8335, 69.2374], [19.8301, 69.2364], [19.8286, 69.2354], [19.8268, 69.2342], [19.8234, 69.2326], [19.8232, 69.2325], [19.8207, 69.2313], [19.8181, 69.23], [19.8154, 69.2287], [19.8126, 69.2274], [19.8096, 69.2259], [19.809, 69.2257], [19.8058, 69.2241], [19.8036, 69.2231], [19.8009, 69.2218], [19.8008, 69.2217], [19.7981, 69.2204], [19.7958, 69.2193], [19.7928, 69.2178], [19.7903, 69.2166], [19.7879, 69.2155], [19.7853, 69.2142], [19.7825, 69.2129], [19.7796, 69.2114], [19.7793, 69.2113], [19.777, 69.2102], [19.7742, 69.2089], [19.7711, 69.2073], [19.768, 69.2059], [19.7673, 69.2055], [19.7664, 69.2051], [19.7639, 69.2039], [19.7612, 69.2026], [19.7582, 69.2011], [19.7555, 69.1998], [19.7524, 69.1983], [19.7491, 69.1967], [19.7471, 69.1958], [19.7464, 69.1954], [19.7443, 69.1948], [19.7406, 69.1936], [19.7371, 69.1925], [19.7368, 69.1924], [19.7333, 69.1914], [19.7296, 69.1902], [19.725, 69.1888], [19.7219, 69.1878], [19.7187, 69.1875], [19.7133, 69.1871], [19.7099, 69.1868], [19.7067, 69.1865], [19.7038, 69.1862], [19.7007, 69.186], [19.6982, 69.1864], [19.6933, 69.1872], [19.6909, 69.1876], [19.686, 69.1885], [19.6856, 69.1885], [19.6839, 69.1888], [19.6825, 69.1891], [19.6782, 69.1898], [19.6755, 69.1903], [19.6747, 69.1904], [19.6726, 69.1908], [19.6692, 69.1914], [19.666, 69.1919], [19.6616, 69.1927], [19.6599, 69.1934], [19.6575, 69.1944], [19.6551, 69.1954], [19.6512, 69.1971], [19.6496, 69.1978], [19.6478, 69.1985], [19.6473, 69.1987], [19.6468, 69.1989], [19.6454, 69.1995], [19.6427, 69.2007], [19.6403, 69.2017], [19.6375, 69.2029], [19.6349, 69.204], [19.6323, 69.2051], [19.6287, 69.2066], [19.6253, 69.208], [19.6218, 69.2095], [19.6206, 69.21], [19.6172, 69.2105], [19.6133, 69.2111], [19.6091, 69.2118], [19.6043, 69.2117], [19.5997, 69.2117], [19.595, 69.2117], [19.5945, 69.2117], [19.5889, 69.2116], [19.5843, 69.2116], [19.5794, 69.2116], [19.5748, 69.2115], [19.5703, 69.2114], [19.5652, 69.2112], [19.5601, 69.2111], [19.5555, 69.211], [19.5512, 69.2109], [19.5467, 69.2108], [19.544, 69.2109], [19.5394, 69.2111], [19.5354, 69.2112], [19.5315, 69.2114], [19.5273, 69.2117], [19.5236, 69.212], [19.5201, 69.2123], [19.5153, 69.2127], [19.5105, 69.2131], [19.506, 69.2134], [19.5029, 69.2137], [19.4987, 69.214], [19.4933, 69.2144], [19.4889, 69.2148], [19.4828, 69.2153], [19.4791, 69.2156], [19.4755, 69.2159], [19.4716, 69.2162], [19.4665, 69.2166], [19.4617, 69.217], [19.4578, 69.218], [19.4542, 69.2189], [19.4503, 69.22], [19.4466, 69.2209], [19.4431, 69.2218], [19.4396, 69.2228], [19.4367, 69.2235], [19.4342, 69.2241], [19.4299, 69.2247], [19.4253, 69.2252], [19.4207, 69.2257], [19.4166, 69.2262], [19.4117, 69.2268], [19.4072, 69.2273], [19.4024, 69.2279], [19.3979, 69.2284], [19.3936, 69.2289], [19.3904, 69.2293], [19.3862, 69.2297], [19.3836, 69.2291], [19.3815, 69.2287], [19.3781, 69.2279], [19.3778, 69.2278], [19.3747, 69.227], [19.3715, 69.2263], [19.368, 69.2255], [19.3639, 69.2246], [19.3622, 69.2242], [19.3585, 69.2233], [19.3566, 69.2228], [19.3542, 69.2223], [19.352, 69.2218], [19.3493, 69.2212], [19.3462, 69.2204], [19.3434, 69.2198], [19.3398, 69.2189], [19.3366, 69.2182], [19.331, 69.2169], [19.3269, 69.2159], [19.3226, 69.2156], [19.3181, 69.2153], [19.3138, 69.215], [19.3097, 69.2147], [19.3067, 69.2145], [19.3029, 69.2142], [19.2981, 69.2138], [19.294, 69.2135], [19.2914, 69.2133], [19.2877, 69.2131], [19.2834, 69.2128], [19.2791, 69.2124], [19.2746, 69.2121], [19.2705, 69.2118], [19.2681, 69.2116], [19.2648, 69.2114], [19.2619, 69.2112], [19.2585, 69.2109], [19.2562, 69.2094], [19.2536, 69.2076], [19.2527, 69.2063], [19.2511, 69.2042], [19.251, 69.204], [19.2507, 69.2037], [19.2459, 69.2023], [19.2424, 69.2012], [19.2384, 69.2001], [19.2379, 69.1999], [19.2359, 69.1993], [19.233, 69.1985], [19.2305, 69.1978], [19.2268, 69.1967], [19.2227, 69.1955], [19.2225, 69.1954], [19.2208, 69.1949], [19.2189, 69.1944], [19.2166, 69.1937], [19.2141, 69.1929], [19.2119, 69.1923], [19.2119, 69.1923], [19.2116, 69.1922], [19.2116, 69.1922]]}}, {"type": "Feature", "properties": {"osm_type": "line", "voltage_kv": 300.0, "name": "Vemorktoppen - Flesaker", "avail": 30, "avail_node": "Glabak "}, "geometry": {"type": "LineString", "coordinates": [[8.4993, 59.8658], [8.5065, 59.8664], [8.5151, 59.8667], [8.5215, 59.867], [8.5275, 59.8671], [8.5353, 59.8673], [8.5451, 59.8674], [8.553, 59.8675], [8.5626, 59.8677], [8.5687, 59.8676], [8.5752, 59.8675], [8.5844, 59.8674], [8.5914, 59.8673], [8.5928, 59.8673], [8.5986, 59.8674], [8.6055, 59.8674], [8.613, 59.8674], [8.6204, 59.8664], [8.6273, 59.8657], [8.6327, 59.8656], [8.6391, 59.8655], [8.6447, 59.8655], [8.6498, 59.8659], [8.6537, 59.8663], [8.6618, 59.867], [8.6652, 59.8674], [8.6709, 59.8681], [8.6761, 59.8689], [8.6852, 59.8702], [8.687, 59.8708], [8.6909, 59.8721], [8.6984, 59.8753], [8.7029, 59.8772], [8.7089, 59.8757], [8.7143, 59.8745], [8.7193, 59.8736], [8.7288, 59.8721], [8.7365, 59.8711], [8.7414, 59.8705], [8.7482, 59.8696], [8.7541, 59.8689], [8.7599, 59.8674], [8.7646, 59.8662], [8.7706, 59.8647], [8.7811, 59.8619], [8.7852, 59.8608], [8.7897, 59.8603], [8.7926, 59.8599], [8.7947, 59.8595], [8.7958, 59.8593], [8.801, 59.8564], [8.8062, 59.8536], [8.8113, 59.8508], [8.8167, 59.8478], [8.8181, 59.8458], [8.8195, 59.844], [8.8275, 59.8408], [8.8336, 59.8383], [8.8384, 59.8375], [8.8455, 59.8364], [8.8539, 59.8351], [8.8601, 59.8341], [8.8687, 59.8327], [8.8752, 59.8317], [8.8825, 59.8306], [8.8894, 59.8295], [8.8965, 59.8284], [8.9016, 59.8276], [8.9081, 59.8266], [8.9147, 59.8253], [8.9192, 59.8245], [8.927, 59.8223], [8.9361, 59.8199], [8.9401, 59.8188], [8.9525, 59.8155], [8.9584, 59.8139], [8.9627, 59.8126], [8.9706, 59.8103], [8.9753, 59.8088], [8.9817, 59.8069], [8.9849, 59.8039], [8.988, 59.8009], [8.9901, 59.7989], [8.9928, 59.7963], [8.9954, 59.7938], [8.9967, 59.7924], [9.0009, 59.7876], [9.0029, 59.7857], [9.0042, 59.7857], [9.023, 59.7855], [9.0257, 59.7849], [9.0285, 59.7842], [9.0407, 59.7815], [9.0455, 59.7803], [9.0509, 59.7791], [9.0585, 59.7774], [9.0639, 59.7761], [9.0744, 59.7737], [9.0809, 59.7722], [9.0853, 59.7711], [9.0882, 59.7704], [9.0948, 59.7686], [9.1047, 59.7658], [9.1107, 59.7638], [9.1146, 59.7625], [9.1242, 59.7593], [9.1311, 59.757], [9.1317, 59.7568], [9.1393, 59.7542], [9.1486, 59.7511], [9.1572, 59.7482], [9.1624, 59.7464], [9.168, 59.7445], [9.1777, 59.7435], [9.1839, 59.7429], [9.1951, 59.7418], [9.2085, 59.7409], [9.2091, 59.7409], [9.2186, 59.7403], [9.2289, 59.74], [9.2304, 59.74], [9.2364, 59.7398], [9.2443, 59.7396], [9.2527, 59.7394], [9.2602, 59.7392], [9.2686, 59.739], [9.2741, 59.7386], [9.2828, 59.7381], [9.2885, 59.7377], [9.2978, 59.7371], [9.3032, 59.7368], [9.3102, 59.7363], [9.3205, 59.7377], [9.3269, 59.737], [9.3349, 59.7361], [9.3398, 59.7355], [9.3482, 59.7346], [9.3557, 59.7338], [9.3597, 59.7333], [9.3615, 59.7331], [9.3626, 59.733], [9.3691, 59.7329], [9.3709, 59.7329], [9.377, 59.7328], [9.3802, 59.7327], [9.3851, 59.7327], [9.387, 59.7326], [9.3942, 59.7326], [9.3947, 59.7325], [9.395, 59.7326], [9.3963, 59.7326], [9.4031, 59.7327], [9.4089, 59.7327], [9.4152, 59.7328], [9.4231, 59.7329], [9.4321, 59.7331], [9.4383, 59.7331], [9.445, 59.7332], [9.4566, 59.7334], [9.4634, 59.7334], [9.4712, 59.7335], [9.4781, 59.7336], [9.486, 59.7337], [9.4929, 59.7338], [9.4999, 59.7338], [9.5062, 59.734], [9.5142, 59.7342], [9.5233, 59.7345], [9.5322, 59.7347], [9.5404, 59.7349], [9.5405, 59.7349], [9.5421, 59.7349], [9.5511, 59.7352], [9.5587, 59.7356], [9.5658, 59.736], [9.5789, 59.7368], [9.5886, 59.7373], [9.5889, 59.7373], [9.5993, 59.7378], [9.5995, 59.7379], [9.6055, 59.7382], [9.6141, 59.7386], [9.623, 59.7391], [9.6284, 59.7394], [9.6368, 59.7398], [9.6414, 59.74], [9.6484, 59.7404], [9.6539, 59.7405], [9.6598, 59.7406], [9.6703, 59.7394], [9.6783, 59.7384], [9.6845, 59.7376], [9.6894, 59.737], [9.6952, 59.7363], [9.6955, 59.7363], [9.7028, 59.7354], [9.7105, 59.7344], [9.7166, 59.7337], [9.7244, 59.7327], [9.7322, 59.732], [9.7426, 59.7311], [9.7508, 59.7303], [9.7607, 59.7294], [9.769, 59.7286], [9.7754, 59.7281], [9.785, 59.7275], [9.7911, 59.7272], [9.8001, 59.7267], [9.8073, 59.7282], [9.812, 59.7292], [9.812, 59.7293], [9.8125, 59.7294], [9.818, 59.728], [9.8185, 59.7278], [9.8191, 59.7277], [9.8203, 59.7274], [9.825, 59.7258], [9.8255, 59.7257], [9.831, 59.7239], [9.834, 59.7229], [9.8371, 59.722], [9.8392, 59.7213]]}}, {"type": "Feature", "properties": {"osm_type": "line", "voltage_kv": 132.0, "name": "Skjomen - Narvik", "avail": 0}, "geometry": {"type": "LineString", "coordinates": [[17.368, 68.2042], [17.3734, 68.2043], [17.3809, 68.2044], [17.3846, 68.2045], [17.385, 68.2045], [17.3897, 68.2045], [17.3974, 68.208], [17.4038, 68.211], [17.4073, 68.2126], [17.4108, 68.2142], [17.4133, 68.2154], [17.4163, 68.2168], [17.4183, 68.2177], [17.4211, 68.219], [17.4258, 68.2212], [17.4427, 68.2291], [17.4421, 68.2306], [17.4407, 68.2342], [17.4397, 68.237], [17.4384, 68.2402], [17.4373, 68.2434], [17.4368, 68.2446], [17.4365, 68.2455], [17.4353, 68.2485], [17.4335, 68.2534], [17.4326, 68.2556], [17.4316, 68.2581], [17.4306, 68.26], [17.4296, 68.262], [17.4274, 68.2634], [17.4236, 68.2658], [17.4202, 68.2679], [17.4163, 68.2703], [17.4106, 68.274], [17.4072, 68.2761], [17.3996, 68.2809], [17.3924, 68.2854], [17.3892, 68.2875], [17.385, 68.2901], [17.3782, 68.2944], [17.3749, 68.2965], [17.3732, 68.3001], [17.3711, 68.3045], [17.3702, 68.3065], [17.3695, 68.308], [17.376, 68.3098], [17.3804, 68.3111], [17.3838, 68.3121], [17.3869, 68.313], [17.3918, 68.3144], [17.3977, 68.316], [17.4012, 68.3169], [17.4066, 68.3184], [17.4104, 68.3194], [17.414, 68.3204], [17.4143, 68.3217], [17.4157, 68.3282], [17.4164, 68.3314], [17.4168, 68.3337], [17.4174, 68.3364], [17.418, 68.339], [17.4188, 68.3427], [17.4193, 68.3451], [17.4199, 68.3476], [17.4203, 68.3495], [17.4209, 68.3524], [17.4214, 68.3549], [17.4234, 68.3636], [17.4236, 68.3648], [17.4239, 68.3661], [17.4245, 68.3688], [17.4268, 68.3703], [17.4272, 68.3706], [17.4277, 68.3709], [17.4319, 68.3737], [17.4337, 68.375], [17.4381, 68.3779], [17.4416, 68.3803], [17.444, 68.3819], [17.4472, 68.384], [17.4494, 68.3853], [17.4526, 68.3872], [17.4558, 68.3892], [17.4565, 68.3896], [17.4671, 68.3994], [17.4709, 68.403], [17.4711, 68.4031], [17.4778, 68.4092], [17.4768, 68.4099], [17.4769, 68.4118], [17.4772, 68.4158], [17.4785, 68.4169], [17.4801, 68.4181], [17.4823, 68.4196], [17.4837, 68.4206], [17.4838, 68.4212], [17.4833, 68.4221], [17.4824, 68.4237], [17.4818, 68.425], [17.4809, 68.4265], [17.4801, 68.428], [17.4793, 68.4295], [17.478, 68.4318], [17.4767, 68.4342], [17.4753, 68.4369], [17.475, 68.4374], [17.4724, 68.4421], [17.4702, 68.443]]}}, {"type": "Feature", "properties": {"osm_type": "line", "voltage_kv": 132.0, "name": "Kv\u00e6nangen - Nordreisa, L2", "avail": 0}, "geometry": {"type": "LineString", "coordinates": [[22.0461, 69.7207], [22.0444, 69.7208], [22.0413, 69.7211], [22.0332, 69.7219], [22.0299, 69.7223], [22.0273, 69.7225], [22.0245, 69.7228], [22.0209, 69.7231], [22.0174, 69.7235], [22.0137, 69.7239], [22.0097, 69.7242], [22.0059, 69.7246], [22.0031, 69.7249], [21.9982, 69.7259], [21.9946, 69.7266], [21.9919, 69.7271], [21.9883, 69.7278], [21.9858, 69.7283], [21.9804, 69.7294], [21.9754, 69.7304], [21.9722, 69.731], [21.9668, 69.7321], [21.9636, 69.7327], [21.9593, 69.7336], [21.9576, 69.7345], [21.9557, 69.7357], [21.9548, 69.7362], [21.9506, 69.7388], [21.9489, 69.7398], [21.9474, 69.7407], [21.9458, 69.7417], [21.9444, 69.7425], [21.9427, 69.7435], [21.9396, 69.7454], [21.9374, 69.7467], [21.9364, 69.7473], [21.9327, 69.749], [21.9301, 69.7502], [21.9266, 69.7519], [21.9231, 69.7535], [21.9212, 69.7544], [21.918, 69.756], [21.9153, 69.7571], [21.9103, 69.7592], [21.9042, 69.7619], [21.9007, 69.7634], [21.8957, 69.7655], [21.8864, 69.7676], [21.8827, 69.7684], [21.8778, 69.7695], [21.8723, 69.7707], [21.869, 69.7715], [21.8574, 69.7718], [21.8545, 69.7719], [21.8469, 69.7721], [21.8384, 69.7723], [21.8327, 69.7724], [21.8264, 69.7725], [21.8223, 69.7726], [21.8184, 69.7727], [21.8152, 69.7728], [21.8112, 69.7729], [21.8068, 69.773], [21.7896, 69.7733], [21.7737, 69.7737], [21.77, 69.7731], [21.7662, 69.7725], [21.7622, 69.7718], [21.7566, 69.7708], [21.7503, 69.7698], [21.7472, 69.7693], [21.744, 69.7687], [21.7411, 69.7682], [21.7388, 69.7678], [21.7358, 69.7673], [21.7287, 69.7664], [21.7208, 69.7653], [21.7103, 69.7636], [21.7007, 69.762], [21.695, 69.761], [21.6854, 69.7594], [21.6795, 69.7556], [21.6765, 69.7537], [21.6718, 69.7507], [21.669, 69.7489], [21.6652, 69.7465], [21.6622, 69.7446], [21.6587, 69.7424], [21.6568, 69.7412], [21.6539, 69.7393], [21.6489, 69.7361], [21.6443, 69.7332], [21.6406, 69.7308], [21.6376, 69.7289], [21.6347, 69.7271], [21.6294, 69.7236], [21.6246, 69.7206], [21.622, 69.7189], [21.6181, 69.7164], [21.6156, 69.7148], [21.6122, 69.7126], [21.6059, 69.7108], [21.5993, 69.7089], [21.596, 69.7079], [21.5931, 69.7071], [21.5893, 69.706], [21.586, 69.705], [21.5822, 69.7039], [21.5779, 69.7026], [21.569, 69.7006], [21.5645, 69.6996], [21.5603, 69.6986], [21.556, 69.6967], [21.5533, 69.6955], [21.5485, 69.6941], [21.5455, 69.6932], [21.5426, 69.6924], [21.5392, 69.6914], [21.5356, 69.6903], [21.532, 69.6892], [21.5293, 69.6884], [21.526, 69.6875], [21.5228, 69.6866], [21.5202, 69.6858], [21.5174, 69.685], [21.5137, 69.6839], [21.5098, 69.6827], [21.5063, 69.6817], [21.5029, 69.6807], [21.5, 69.6799], [21.4964, 69.6788], [21.4926, 69.6777], [21.4897, 69.6769], [21.4868, 69.676], [21.4844, 69.6753], [21.482, 69.6746], [21.4762, 69.6742], [21.4703, 69.6738], [21.4659, 69.6735], [21.4602, 69.6731], [21.4557, 69.6727], [21.4482, 69.6722], [21.4416, 69.6717], [21.4351, 69.6713], [21.4301, 69.6709], [21.4224, 69.6704], [21.4177, 69.67], [21.4141, 69.6693], [21.4096, 69.6685], [21.4055, 69.6677], [21.3993, 69.6665], [21.3957, 69.6658], [21.3933, 69.6654], [21.3873, 69.6642], [21.3834, 69.6635], [21.3783, 69.6625], [21.3721, 69.6614], [21.3693, 69.6608], [21.3632, 69.6601], [21.3583, 69.6596], [21.3513, 69.6587], [21.348, 69.6584], [21.3433, 69.6578], [21.339, 69.6573], [21.3372, 69.657], [21.3331, 69.6562], [21.3208, 69.6503], [21.3207, 69.6471], [21.3206, 69.6456], [21.3205, 69.6435], [21.3203, 69.6419], [21.3201, 69.6406], [21.3196, 69.6385], [21.3192, 69.6369]]}}, {"type": "Feature", "properties": {"osm_type": "line", "voltage_kv": 132.0, "name": "Kv\u00e6nangen - Nordreisa, L2", "avail": 0}, "geometry": {"type": "LineString", "coordinates": [[21.3192, 69.6369], [21.3203, 69.6344]]}}, {"type": "Feature", "properties": {"osm_type": "line", "voltage_kv": 132.0, "name": "Kv\u00e6nangen - Nordreisa, L2", "avail": 0}, "geometry": {"type": "LineString", "coordinates": [[21.3156, 69.6315], [21.316, 69.631], [21.3163, 69.6295], [21.3167, 69.6275], [21.3172, 69.6261], [21.3172, 69.6249]]}}, {"type": "Feature", "properties": {"osm_type": "line", "voltage_kv": 300.0, "name": "R\u00f8yk\u00e5s - Tegneby", "avail": 63, "avail_node": "Gr\u00f8nland"}, "geometry": {"type": "LineString", "coordinates": [[10.9359, 59.9262], [10.9353, 59.9235], [10.9345, 59.9199], [10.9337, 59.9164], [10.9332, 59.9143], [10.9347, 59.9091], [10.9362, 59.9043], [10.9371, 59.9013], [10.9381, 59.8979], [10.939, 59.8924], [10.9395, 59.8899], [10.9404, 59.8845], [10.941, 59.8809], [10.9419, 59.8767], [10.9424, 59.8742], [10.9429, 59.8721], [10.9435, 59.8694], [10.944, 59.8671], [10.9449, 59.863], [10.9454, 59.8609], [10.946, 59.8557], [10.9463, 59.8532], [10.9468, 59.8487], [10.9472, 59.845], [10.9476, 59.8419], [10.948, 59.8388], [10.9484, 59.8355], [10.9487, 59.8324], [10.9492, 59.8284], [10.9495, 59.8262], [10.9501, 59.8218], [10.9507, 59.8166], [10.9511, 59.8142], [10.9515, 59.8113], [10.9521, 59.8079], [10.9529, 59.8043], [10.9544, 59.8002], [10.9557, 59.797], [10.9573, 59.7928], [10.9586, 59.7895], [10.9592, 59.7859], [10.9592, 59.7857], [10.9592, 59.7857], [10.9593, 59.7854], [10.9598, 59.782], [10.9604, 59.7785], [10.9611, 59.7745], [10.9601, 59.7701], [10.9593, 59.7666], [10.9586, 59.7629], [10.9585, 59.7625], [10.9583, 59.7619], [10.9554, 59.756], [10.9543, 59.7538], [10.9523, 59.75], [10.9509, 59.7473], [10.9455, 59.7426], [10.9429, 59.7404], [10.9415, 59.7392], [10.9409, 59.7387], [10.9385, 59.7366], [10.9361, 59.7345], [10.9361, 59.7345], [10.9356, 59.7341], [10.9308, 59.7299], [10.9276, 59.7271], [10.9244, 59.7243], [10.9208, 59.7211], [10.9194, 59.718], [10.9175, 59.7139], [10.9169, 59.7126], [10.916, 59.7106], [10.9151, 59.7087], [10.9147, 59.7079], [10.9133, 59.7043], [10.912, 59.7006], [10.9119, 59.7005], [10.9105, 59.6965], [10.9092, 59.692], [10.9091, 59.6915], [10.908, 59.6879], [10.9069, 59.6839], [10.9066, 59.6829], [10.906, 59.6805], [10.9054, 59.6787], [10.9051, 59.6782], [10.9041, 59.6768], [10.9026, 59.6748], [10.9015, 59.6724], [10.9014, 59.6723], [10.9013, 59.672], [10.9004, 59.6701], [10.8986, 59.6664], [10.8974, 59.6637], [10.8972, 59.6632], [10.8957, 59.6605], [10.8938, 59.6572], [10.8922, 59.6536], [10.8908, 59.6507], [10.889, 59.6467], [10.8874, 59.6431], [10.8858, 59.6405], [10.8855, 59.64], [10.8828, 59.6359], [10.8798, 59.6313], [10.8739, 59.6274], [10.8714, 59.6256], [10.8709, 59.6252], [10.8667, 59.6218], [10.8632, 59.6189], [10.8598, 59.6161], [10.8565, 59.6134], [10.8533, 59.6107], [10.8496, 59.6075], [10.8464, 59.6047], [10.8435, 59.6022], [10.84, 59.5992], [10.8398, 59.5989], [10.8379, 59.5959], [10.8366, 59.5939], [10.8365, 59.5938], [10.836, 59.5933], [10.8336, 59.5913], [10.8335, 59.5912], [10.8289, 59.5872], [10.8249, 59.5837], [10.8233, 59.5822], [10.822, 59.5808], [10.8199, 59.5787], [10.8177, 59.5764], [10.8171, 59.5758], [10.8139, 59.5726], [10.8112, 59.5698], [10.8108, 59.5693], [10.808, 59.5667], [10.8049, 59.5638], [10.8017, 59.5615], [10.7974, 59.5585], [10.7939, 59.5554], [10.7907, 59.5526], [10.7894, 59.5514], [10.7872, 59.5495], [10.7827, 59.5456], [10.7781, 59.5414], [10.775, 59.5387], [10.7743, 59.5381], [10.7708, 59.535], [10.7671, 59.5318], [10.764, 59.5291], [10.76, 59.5255], [10.7587, 59.5244], [10.7579, 59.5237], [10.7578, 59.5236], [10.7575, 59.5234], [10.7575, 59.5234], [10.7574, 59.5233], [10.7573, 59.5232], [10.7572, 59.5231], [10.7548, 59.521], [10.7498, 59.519], [10.7468, 59.5178], [10.7465, 59.5177], [10.7447, 59.517], [10.7446, 59.517]]}}, {"type": "Feature", "properties": {"osm_type": "line", "voltage_kv": 132.0, "name": " Kongsvinger Kraftverk - Kongsvinger", "avail": 7, "avail_node": "Kongsvinger"}, "geometry": {"type": "LineString", "coordinates": [[11.9055, 60.1977], [11.9066, 60.1978], [11.9093, 60.198], [11.9125, 60.1983], [11.9153, 60.1986], [11.9188, 60.1989], [11.9219, 60.1993], [11.9252, 60.1996], [11.9283, 60.1999], [11.9316, 60.2003], [11.9347, 60.2006], [11.9374, 60.2009], [11.9398, 60.2011], [11.9428, 60.2014], [11.9457, 60.2017], [11.9489, 60.2021], [11.9509, 60.2023], [11.9529, 60.2025], [11.9556, 60.2028], [11.9583, 60.2018], [11.9615, 60.2007], [11.9641, 60.1998], [11.9669, 60.1988], [11.9695, 60.198], [11.9718, 60.1971], [11.9737, 60.1965]]}}, {"type": "Feature", "properties": {"osm_type": "line", "voltage_kv": 300.0, "name": "Modalen - Evanger", "avail": 0}, "geometry": {"type": "LineString", "coordinates": [[6.0078, 60.8861], [6.0058, 60.8838], [6.004, 60.8817], [6.0001, 60.877], [6.0006, 60.874], [6.001, 60.8713], [6.0019, 60.8663], [6.0028, 60.8609], [6.0072, 60.8566], [6.01, 60.8539], [6.0151, 60.8489], [6.0223, 60.8421], [6.0237, 60.8397], [6.0251, 60.8373], [6.0262, 60.8356], [6.0274, 60.8338], [6.0291, 60.8311], [6.03, 60.8297], [6.0309, 60.8285], [6.0335, 60.8249], [6.0364, 60.821], [6.0386, 60.8181], [6.0418, 60.8137], [6.0454, 60.8089], [6.048, 60.8053], [6.0497, 60.803], [6.0535, 60.798], [6.0553, 60.7956], [6.057, 60.7934], [6.0603, 60.789], [6.0586, 60.7802], [6.0581, 60.7776], [6.0569, 60.7714], [6.0563, 60.7648], [6.0562, 60.7629], [6.0559, 60.7598], [6.0557, 60.7577], [6.0556, 60.7569], [6.0555, 60.7559], [6.0554, 60.7545], [6.0553, 60.7525], [6.0552, 60.7505], [6.055, 60.7466], [6.0549, 60.7433], [6.061, 60.7397], [6.0634, 60.7384], [6.0671, 60.7362], [6.0721, 60.7333], [6.0747, 60.7318], [6.0793, 60.7291], [6.0816, 60.7277], [6.0891, 60.7234], [6.0912, 60.7191], [6.0942, 60.7132], [6.0969, 60.7081], [6.0987, 60.7043], [6.1017, 60.6982], [6.1046, 60.6921], [6.1061, 60.6902], [6.1121, 60.6827], [6.1133, 60.6799], [6.1134, 60.6795], [6.1139, 60.6761], [6.114, 60.6705], [6.1138, 60.668], [6.1135, 60.6647], [6.1132, 60.6624], [6.1122, 60.6593]]}}, {"type": "Feature", "properties": {"osm_type": "line", "voltage_kv": 132.0, "name": "RE_132HL07_7", "avail": 148, "avail_node": "Sm\u00f8la"}, "geometry": {"type": "LineString", "coordinates": [[7.926, 63.404], [7.9332, 63.3963], [7.944, 63.3846]]}}, {"type": "Feature", "properties": {"osm_type": "line", "voltage_kv": 300.0, "name": "\u00c5sen - Oksla", "avail": 34, "avail_node": "Sengjanes"}, "geometry": {"type": "LineString", "coordinates": [[6.6246, 60.1293], [6.6222, 60.129], [6.6188, 60.1285], [6.6139, 60.1276], [6.6082, 60.1267], [6.6006, 60.125], [6.5968, 60.1244], [6.5937, 60.1239], [6.5936, 60.1239], [6.5916, 60.1236], [6.5879, 60.1226], [6.5849, 60.122], [6.58, 60.121], [6.5773, 60.1208], [6.5655, 60.1216], [6.5621, 60.1218], [6.5616, 60.1219]]}}, {"type": "Feature", "properties": {"osm_type": "line", "voltage_kv": 300.0, "name": "Bl\u00e5falli - Husnes, L1", "avail": 14, "avail_node": "Husnes"}, "geometry": {"type": "LineString", "coordinates": [[6.0061, 59.8611], [6.005, 59.8601], [6.0007, 59.856], [5.9983, 59.8551], [5.9923, 59.8526], [5.9898, 59.8516], [5.9861, 59.8501], [5.983, 59.8488], [5.9813, 59.8481], [5.9605, 59.8407], [5.9575, 59.8394], [5.9518, 59.838], [5.9498, 59.8376], [5.9462, 59.8367], [5.9396, 59.8353], [5.928, 59.8336], [5.9229, 59.8328], [5.9193, 59.8322], [5.9155, 59.8316], [5.9057, 59.8301], [5.8971, 59.829], [5.8893, 59.8282], [5.8837, 59.8279], [5.8704, 59.8277], [5.8567, 59.8289], [5.8524, 59.8293], [5.846, 59.8299], [5.8414, 59.8304], [5.8378, 59.8309], [5.8335, 59.8315], [5.8308, 59.8319], [5.8235, 59.8357], [5.8205, 59.8373], [5.8174, 59.8389], [5.8139, 59.8411], [5.8094, 59.8438], [5.8062, 59.8458], [5.8031, 59.8477], [5.8007, 59.8492], [5.7983, 59.8507], [5.7956, 59.8521], [5.7929, 59.8535], [5.789, 59.8555], [5.7844, 59.858], [5.7787, 59.8594], [5.7731, 59.8608], [5.7708, 59.8613]]}}, {"type": "Feature", "properties": {"osm_type": "line", "voltage_kv": 132.0, "name": "Lakselv - Skaidi", "avail": 0}, "geometry": {"type": "LineString", "coordinates": [[24.5501, 70.4318], [24.55, 70.4318]]}}, {"type": "Feature", "properties": {"osm_type": "line", "voltage_kv": 132.0, "name": "Lakselv - Skaidi", "avail": 0}, "geometry": {"type": "LineString", "coordinates": [[24.9669, 70.0017], [24.9661, 70.0017], [24.962, 70.0016], [24.9593, 70.0015], [24.9557, 70.0014], [24.9525, 70.0013], [24.9523, 70.0013], [24.9497, 70.0012], [24.9464, 70.0011], [24.9439, 70.0011], [24.9377, 70.0009], [24.9336, 70.0008], [24.931, 70.0007], [24.9288, 70.0006], [24.9269, 70.0006], [24.9243, 70.0012], [24.9216, 70.0018], [24.919, 70.0024], [24.9156, 70.0032], [24.9138, 70.0036], [24.9131, 70.0051], [24.9125, 70.0061], [24.9118, 70.0073], [24.9114, 70.0081], [24.9112, 70.0093], [24.9109, 70.011], [24.9106, 70.0129], [24.9105, 70.014], [24.9103, 70.015], [24.9102, 70.0159], [24.91, 70.0169], [24.9098, 70.0183], [24.9097, 70.0192], [24.9097, 70.0203], [24.9098, 70.0222], [24.9098, 70.0233], [24.9098, 70.0249], [24.9098, 70.0262], [24.9098, 70.0272], [24.9094, 70.0286], [24.9089, 70.0301], [24.9086, 70.0309], [24.9081, 70.0325], [24.9078, 70.0335], [24.9072, 70.0351], [24.9072, 70.0366], [24.9071, 70.0378], [24.907, 70.0392], [24.907, 70.0406], [24.9069, 70.042], [24.9069, 70.0432], [24.9068, 70.0444], [24.9068, 70.0456], [24.9073, 70.0463], [24.9077, 70.0467], [24.9086, 70.0479], [24.9079, 70.049], [24.9075, 70.0497], [24.9071, 70.0504], [24.9064, 70.0516], [24.9066, 70.0524], [24.9068, 70.0539], [24.9069, 70.0548], [24.907, 70.0555], [24.9072, 70.0566], [24.9073, 70.057], [24.9066, 70.0588], [24.9061, 70.0602], [24.9058, 70.061], [24.9059, 70.0611], [24.9061, 70.0615], [24.9075, 70.0634], [24.9084, 70.0648], [24.9084, 70.0649], [24.9081, 70.0667], [24.9076, 70.068], [24.9066, 70.07], [24.9061, 70.071], [24.9055, 70.0724], [24.905, 70.0733], [24.905, 70.0735], [24.9045, 70.0745], [24.9043, 70.0748], [24.9043, 70.0756], [24.9043, 70.0768], [24.9043, 70.0779], [24.9043, 70.079], [24.9042, 70.0797], [24.9042, 70.08], [24.9032, 70.0812], [24.9032, 70.0812], [24.9024, 70.0821], [24.9017, 70.0828], [24.9005, 70.0842], [24.8996, 70.0852], [24.8992, 70.0861], [24.8989, 70.087], [24.8988, 70.0872], [24.8982, 70.0884], [24.898, 70.089], [24.8973, 70.0905], [24.8968, 70.0918], [24.8966, 70.0922], [24.8961, 70.0932], [24.8958, 70.094], [24.8955, 70.0948], [24.8954, 70.0951], [24.895, 70.0961], [24.8947, 70.0969], [24.8941, 70.0983], [24.8937, 70.0994], [24.8931, 70.1008], [24.8926, 70.1021], [24.8923, 70.1029], [24.892, 70.1038], [24.8918, 70.1051], [24.8916, 70.106], [24.8915, 70.1071], [24.8913, 70.1083], [24.8911, 70.1095], [24.891, 70.1108], [24.8909, 70.1116], [24.8907, 70.1126], [24.8905, 70.1142], [24.8904, 70.115], [24.8902, 70.1164], [24.8901, 70.1173], [24.8903, 70.1184], [24.8905, 70.1195], [24.8908, 70.1208], [24.891, 70.1215], [24.8913, 70.1229], [24.8915, 70.124], [24.8918, 70.1253], [24.892, 70.1264], [24.8923, 70.1278], [24.8926, 70.1293], [24.8929, 70.1307], [24.8931, 70.1316], [24.8908, 70.1328], [24.8895, 70.1335], [24.8874, 70.1347], [24.8854, 70.1357], [24.8838, 70.1366], [24.8823, 70.1374], [24.8802, 70.1386], [24.8774, 70.1401], [24.875, 70.1414], [24.8728, 70.1425], [24.8713, 70.1434], [24.8696, 70.1443], [24.8679, 70.1452], [24.8664, 70.146], [24.8656, 70.1472], [24.8647, 70.1485], [24.8639, 70.1496], [24.863, 70.1509], [24.8622, 70.1521], [24.862, 70.1524], [24.8613, 70.1535], [24.8612, 70.1535], [24.8619, 70.1547], [24.8625, 70.1558], [24.8632, 70.157], [24.8638, 70.1581], [24.8645, 70.1593], [24.8652, 70.1604], [24.8658, 70.1615], [24.8664, 70.1627], [24.8671, 70.1639], [24.8677, 70.165], [24.8684, 70.1662], [24.8692, 70.1676], [24.87, 70.169], [24.8708, 70.1703], [24.8709, 70.1722], [24.871, 70.1736], [24.8711, 70.1753], [24.8718, 70.1766], [24.8723, 70.1776], [24.8727, 70.1784], [24.8735, 70.18], [24.874, 70.181], [24.8744, 70.1817], [24.875, 70.1828], [24.8756, 70.1839], [24.8762, 70.1851], [24.8765, 70.1858], [24.8769, 70.1865], [24.8776, 70.188], [24.8784, 70.1894], [24.8791, 70.1909], [24.88, 70.1925], [24.8805, 70.1936], [24.8808, 70.1941], [24.8811, 70.1949], [24.8815, 70.1963], [24.8821, 70.1979], [24.8826, 70.1993], [24.883, 70.2006], [24.8835, 70.202], [24.8837, 70.2026], [24.8841, 70.2037], [24.8845, 70.2048], [24.8848, 70.2057], [24.8851, 70.2066], [24.8854, 70.2075], [24.8858, 70.2085], [24.8861, 70.2096], [24.8864, 70.2104], [24.8868, 70.2117], [24.8871, 70.2124], [24.8864, 70.2136], [24.8857, 70.215], [24.8847, 70.2167], [24.884, 70.218], [24.884, 70.2181], [24.8836, 70.2188], [24.8832, 70.2195], [24.8831, 70.2196], [24.8823, 70.2212], [24.8818, 70.2221], [24.881, 70.2236], [24.8804, 70.2245], [24.8798, 70.2258], [24.8792, 70.2276], [24.8787, 70.2291], [24.8784, 70.23], [24.8782, 70.2308], [24.8777, 70.2326], [24.8775, 70.233], [24.8773, 70.2338], [24.8769, 70.2351], [24.8768, 70.2355], [24.8764, 70.2366], [24.8759, 70.2382], [24.8754, 70.2397], [24.8752, 70.2405], [24.8749, 70.2416], [24.8748, 70.2419], [24.8743, 70.2434], [24.874, 70.2442], [24.8735, 70.2461], [24.8733, 70.2467], [24.8731, 70.2473], [24.8718, 70.2485], [24.871, 70.2493], [24.8695, 70.2506], [24.8685, 70.2515], [24.8674, 70.2525], [24.8665, 70.2533], [24.8656, 70.2542], [24.8638, 70.2558], [24.8634, 70.2561], [24.8619, 70.2575], [24.8607, 70.2586], [24.8596, 70.2596], [24.8584, 70.2606], [24.8573, 70.2617], [24.8558, 70.2631], [24.855, 70.2638], [24.8538, 70.2649], [24.8528, 70.2658], [24.852, 70.2665], [24.8511, 70.2673], [24.8502, 70.2681], [24.8483, 70.2698], [24.847, 70.271], [24.8461, 70.2718], [24.8457, 70.2722], [24.8456, 70.2735], [24.8456, 70.2742], [24.8455, 70.2752], [24.8455, 70.2764], [24.8454, 70.2774], [24.8453, 70.2791], [24.8453, 70.2803], [24.8453, 70.2809], [24.8452, 70.2828], [24.8451, 70.2842], [24.8451, 70.2849], [24.845, 70.286], [24.8438, 70.287], [24.8421, 70.2884], [24.8404, 70.2896], [24.8397, 70.2902], [24.8388, 70.2909], [24.8376, 70.2919], [24.836, 70.2931], [24.8347, 70.2941], [24.8336, 70.295], [24.8316, 70.2966], [24.8296, 70.2982], [24.8282, 70.2993], [24.8268, 70.3004], [24.8258, 70.3012], [24.8252, 70.3016], [24.8237, 70.3023], [24.8215, 70.3033], [24.8195, 70.3042], [24.8173, 70.3051], [24.8145, 70.3064], [24.8122, 70.3074], [24.8111, 70.3079], [24.8096, 70.3086], [24.8071, 70.3097], [24.8048, 70.3107], [24.8031, 70.3115], [24.8012, 70.3123], [24.7992, 70.3132], [24.7963, 70.3145], [24.7938, 70.3156], [24.792, 70.3164], [24.7905, 70.3171], [24.7882, 70.3181], [24.786, 70.3191], [24.7836, 70.3202], [24.7819, 70.3209], [24.78, 70.3218], [24.7788, 70.3223], [24.7765, 70.3233], [24.7745, 70.3242], [24.772, 70.3253], [24.7714, 70.3256], [24.7707, 70.326], [24.7689, 70.3272], [24.7673, 70.3283], [24.7654, 70.3295], [24.7637, 70.3306], [24.7616, 70.3319], [24.7594, 70.3334], [24.7573, 70.3348], [24.7556, 70.3359], [24.7535, 70.3372], [24.752, 70.3383], [24.7499, 70.3396], [24.7484, 70.3405], [24.7466, 70.3417], [24.7453, 70.3426], [24.7438, 70.3436], [24.7421, 70.3447], [24.74, 70.346], [24.7386, 70.347], [24.7369, 70.3481], [24.7353, 70.3491], [24.7332, 70.3505], [24.7312, 70.3518], [24.7298, 70.3527], [24.7281, 70.3538], [24.7261, 70.3551], [24.7252, 70.3557], [24.7234, 70.3568], [24.7218, 70.3579], [24.7193, 70.3595], [24.7171, 70.361], [24.715, 70.3623], [24.7139, 70.363], [24.7119, 70.3643], [24.7098, 70.3657], [24.7077, 70.3671], [24.7058, 70.3683], [24.7047, 70.369], [24.7033, 70.37], [24.7017, 70.371], [24.7003, 70.3719], [24.6984, 70.3731], [24.6964, 70.3744], [24.6944, 70.3758], [24.6925, 70.377], [24.6914, 70.3777], [24.6899, 70.3787], [24.6878, 70.38], [24.6862, 70.3811], [24.684, 70.3825], [24.6822, 70.3837], [24.6802, 70.385], [24.6784, 70.3861], [24.6769, 70.3871], [24.6752, 70.3882], [24.673, 70.3896], [24.6718, 70.3904], [24.6704, 70.3914], [24.6685, 70.3926], [24.6668, 70.3937], [24.665, 70.3949], [24.6628, 70.3963], [24.6611, 70.3974], [24.6599, 70.3982], [24.6586, 70.3991], [24.657, 70.4], [24.6557, 70.4009], [24.6542, 70.4019], [24.6524, 70.4031], [24.6513, 70.4037], [24.6497, 70.4048], [24.6477, 70.4061], [24.6458, 70.4073], [24.644, 70.4085], [24.6421, 70.4097], [24.6407, 70.4107], [24.6389, 70.4118], [24.637, 70.4131], [24.6355, 70.414], [24.6339, 70.415], [24.6324, 70.416], [24.6306, 70.4172], [24.6289, 70.4183], [24.6269, 70.4196], [24.6253, 70.4206], [24.624, 70.4214], [24.6225, 70.4224], [24.6218, 70.4229], [24.6187, 70.4236], [24.616, 70.4243], [24.6135, 70.4249], [24.6104, 70.4257], [24.6081, 70.4263], [24.6057, 70.4269], [24.6032, 70.4275], [24.6006, 70.4281], [24.5984, 70.4287], [24.5951, 70.4289], [24.5915, 70.4291], [24.5881, 70.4293], [24.5842, 70.4296], [24.5815, 70.4298], [24.5783, 70.43], [24.5754, 70.4302], [24.5717, 70.4304], [24.5685, 70.4306], [24.5654, 70.4308], [24.5623, 70.431], [24.5592, 70.4312], [24.5565, 70.4314], [24.553, 70.4316], [24.5501, 70.4318]]}}, {"type": "Feature", "properties": {"osm_type": "line", "voltage_kv": 132.0, "name": "RE_132HL04_5", "avail": 0}, "geometry": {"type": "LineString", "coordinates": [[8.787, 63.1189], [8.7876, 63.1188], [8.7891, 63.1185], [8.7894, 63.1184], [8.7921, 63.1176], [8.7935, 63.1163], [8.7945, 63.1153], [8.795, 63.1149], [8.7957, 63.1142], [8.7967, 63.1132], [8.7983, 63.1118], [8.7998, 63.1104], [8.8011, 63.1091], [8.8022, 63.1081], [8.8031, 63.1073], [8.8038, 63.1065], [8.8053, 63.1052], [8.8047, 63.1034], [8.8042, 63.1016], [8.8039, 63.1009], [8.8035, 63.0995], [8.8032, 63.0986], [8.8026, 63.0966], [8.8024, 63.0956], [8.8027, 63.0954], [8.8042, 63.0944], [8.8062, 63.0931], [8.8076, 63.0922], [8.8085, 63.0916], [8.8098, 63.0908], [8.8125, 63.0891], [8.8141, 63.0881], [8.8154, 63.0873], [8.8171, 63.0862], [8.8184, 63.0853], [8.8192, 63.0848], [8.82, 63.0844], [8.8222, 63.0829], [8.8245, 63.0815], [8.825, 63.0812], [8.8258, 63.0807], [8.8269, 63.0799], [8.8292, 63.0784]]}}, {"type": "Feature", "properties": {"osm_type": "line", "voltage_kv": 132.0, "name": "Aura - Osbu", "avail": 0}, "geometry": {"type": "LineString", "coordinates": [[8.5243, 62.6612], [8.5245, 62.6606], [8.5253, 62.6556], [8.5274, 62.65], [8.5281, 62.6481], [8.5312, 62.6421], [8.531, 62.6402], [8.5313, 62.6369], [8.5315, 62.634], [8.5317, 62.6318], [8.5319, 62.6293], [8.532, 62.6266], [8.5306, 62.6246], [8.5285, 62.6208], [8.5275, 62.6152], [8.5274, 62.6135], [8.5273, 62.6119], [8.5261, 62.6096], [8.525, 62.6075], [8.5231, 62.6032], [8.5204, 62.5985], [8.5193, 62.5963], [8.5177, 62.594], [8.5141, 62.5907], [8.5115, 62.5886], [8.5081, 62.5849], [8.5054, 62.5813], [8.5044, 62.5798], [8.5016, 62.5757], [8.5004, 62.573], [8.4975, 62.5691], [8.496, 62.5669], [8.4926, 62.5626], [8.4913, 62.5608], [8.4889, 62.5575], [8.4874, 62.5536], [8.4871, 62.5527], [8.4856, 62.5487], [8.4847, 62.5465], [8.4838, 62.5445], [8.4813, 62.5396], [8.4792, 62.5356], [8.4779, 62.533], [8.4734, 62.5293], [8.4709, 62.5273], [8.4675, 62.5246], [8.4638, 62.521], [8.4606, 62.518], [8.4608, 62.515], [8.465, 62.5123], [8.4671, 62.5108]]}}, {"type": "Feature", "properties": {"osm_type": "line", "voltage_kv": 132.0, "name": "Bolt\u00e5s - Kanstadbotn", "avail": 22, "avail_node": "Bolt\u00e5s"}, "geometry": {"type": "LineString", "coordinates": [[16.6566, 68.5301], [16.6505, 68.5288], [16.6456, 68.5277], [16.6443, 68.5274], [16.6414, 68.5268], [16.6383, 68.5261], [16.6351, 68.5254], [16.6306, 68.5244], [16.6266, 68.5235], [16.6203, 68.5222], [16.6154, 68.5211], [16.6082, 68.5195], [16.6051, 68.5188], [16.5994, 68.5176], [16.5953, 68.5167], [16.5906, 68.5157], [16.5842, 68.5143], [16.5793, 68.5132], [16.5729, 68.5118], [16.5696, 68.5114], [16.5649, 68.5109], [16.5641, 68.5108], [16.559, 68.5102], [16.5508, 68.5092], [16.5446, 68.5085], [16.5404, 68.508], [16.5336, 68.5071], [16.5274, 68.5064], [16.5218, 68.5058], [16.5187, 68.5054], [16.5119, 68.5044], [16.5054, 68.5035], [16.502, 68.503], [16.5016, 68.503], [16.4944, 68.5037], [16.4896, 68.5041], [16.4789, 68.505], [16.4719, 68.5056], [16.4708, 68.5057], [16.4654, 68.5057], [16.4613, 68.5057], [16.4565, 68.5057], [16.4466, 68.5057], [16.4406, 68.5057], [16.4259, 68.5091], [16.4221, 68.51], [16.416, 68.5114], [16.4103, 68.5127], [16.4034, 68.5143], [16.3969, 68.5157], [16.3897, 68.5174], [16.3829, 68.5189], [16.3744, 68.5195], [16.3665, 68.5201], [16.3592, 68.5206], [16.3424, 68.5218], [16.3359, 68.5222], [16.3275, 68.5228], [16.3222, 68.5231], [16.3135, 68.5237], [16.3055, 68.5243], [16.2997, 68.5247], [16.2927, 68.5238], [16.283, 68.5225], [16.276, 68.5216], [16.2669, 68.5204], [16.2583, 68.5192], [16.2499, 68.5181], [16.2415, 68.517], [16.2378, 68.5167], [16.227, 68.516], [16.2209, 68.5155], [16.2083, 68.5147], [16.2045, 68.5144], [16.1993, 68.514], [16.1964, 68.5138], [16.1875, 68.5132]]}}, {"type": "Feature", "properties": {"osm_type": "line", "voltage_kv": 132.0, "name": "Bolt\u00e5s - Kanstadbotn", "avail": 0}, "geometry": {"type": "LineString", "coordinates": [[16.1177, 68.5169], [16.1119, 68.5172], [16.1057, 68.5176], [16.1031, 68.5179], [16.0971, 68.5187], [16.0919, 68.5193], [16.0821, 68.5205], [16.079, 68.5203], [16.0728, 68.5197], [16.0645, 68.519], [16.0598, 68.5186], [16.0558, 68.5189], [16.0506, 68.5193], [16.0464, 68.5196], [16.0403, 68.5201], [16.035, 68.5205], [16.0237, 68.5213], [16.0175, 68.5206], [16.0058, 68.5192], [15.9971, 68.5182], [15.9905, 68.5175], [15.9847, 68.5169], [15.9796, 68.5167], [15.9709, 68.5161], [15.9604, 68.5154], [15.9508, 68.5148], [15.9451, 68.5136], [15.9389, 68.5124], [15.9314, 68.5108], [15.9254, 68.5096], [15.9199, 68.5092], [15.9118, 68.5086], [15.9035, 68.508], [15.8994, 68.5077], [15.8925, 68.5072], [15.8909, 68.5071], [15.8891, 68.507]]}}, {"type": "Feature", "properties": {"osm_type": "line", "voltage_kv": 300.0, "name": "\u00c5na-Sira - Kjelland", "avail": 6, "avail_node": "S\u00d8YLAND"}, "geometry": {"type": "LineString", "coordinates": [[6.4535, 58.2979], [6.4534, 58.2991], [6.4521, 58.2998], [6.4448, 58.3038], [6.4386, 58.3064], [6.4335, 58.3084], [6.4286, 58.3104], [6.4219, 58.3131], [6.4109, 58.3157], [6.4052, 58.317], [6.3985, 58.3201], [6.3973, 58.3208], [6.3935, 58.3231], [6.3853, 58.3282], [6.3824, 58.3307], [6.3772, 58.3354], [6.3754, 58.337], [6.3724, 58.3396], [6.3678, 58.3425], [6.3649, 58.3443], [6.3598, 58.3474], [6.3539, 58.3508], [6.3472, 58.3558], [6.345, 58.3575], [6.342, 58.3598], [6.3372, 58.3631], [6.3363, 58.3638], [6.336, 58.364], [6.3359, 58.364], [6.3306, 58.3677], [6.3283, 58.3688], [6.3245, 58.3707], [6.3172, 58.3729], [6.3125, 58.3743], [6.3053, 58.3765], [6.3018, 58.3776], [6.3, 58.3781], [6.2964, 58.3791], [6.2905, 58.3808], [6.2852, 58.3824], [6.2797, 58.3846], [6.2753, 58.3865], [6.275, 58.3866], [6.2691, 58.3891], [6.2646, 58.3909], [6.2606, 58.3926], [6.2561, 58.394], [6.2462, 58.3971], [6.2427, 58.3982], [6.2393, 58.3996], [6.2348, 58.4015], [6.2297, 58.4037], [6.2239, 58.4062], [6.2185, 58.4084], [6.2131, 58.4107], [6.2034, 58.4148], [6.1979, 58.4172], [6.1923, 58.4195], [6.1864, 58.422], [6.1826, 58.4245], [6.177, 58.4282], [6.1746, 58.4298], [6.1699, 58.4329], [6.1576, 58.4361], [6.1555, 58.437], [6.1473, 58.4407], [6.1441, 58.4428], [6.1402, 58.4454], [6.1352, 58.4488], [6.1315, 58.4513], [6.127, 58.4544], [6.123, 58.457], [6.1209, 58.4585], [6.1122, 58.4616], [6.1097, 58.4625], [6.0995, 58.466], [6.0937, 58.4681], [6.0884, 58.4699], [6.0826, 58.4717], [6.0766, 58.4739], [6.0709, 58.4759], [6.066, 58.4776], [6.064, 58.4783], [6.0591, 58.48], [6.0581, 58.4804], [6.0545, 58.4817], [6.0539, 58.4819], [6.0524, 58.4833], [6.0492, 58.4864], [6.0467, 58.4888], [6.0432, 58.4914], [6.0405, 58.4935], [6.0402, 58.4936], [6.0384, 58.4946]]}}, {"type": "Feature", "properties": {"osm_type": "line", "voltage_kv": 300.0, "name": "Tonstad - Fagrafjell", "avail": 68, "avail_node": "H\u00e5land trafostasjon"}, "geometry": {"type": "LineString", "coordinates": [[5.7749, 58.789], [5.7707, 58.7891], [5.7677, 58.7891]]}}, {"type": "Feature", "properties": {"osm_type": "line", "voltage_kv": 300.0, "name": "Tonstad - Fagrafjell", "avail": 68, "avail_node": "H\u00e5land trafostasjon"}, "geometry": {"type": "LineString", "coordinates": [[6.7219, 58.6555], [6.7207, 58.6544], [6.7188, 58.6529], [6.6969, 58.6489], [6.6903, 58.6476], [6.69, 58.6476], [6.6896, 58.6475], [6.6824, 58.6462], [6.6762, 58.645], [6.6686, 58.6436], [6.661, 58.6422], [6.6537, 58.6409], [6.6485, 58.64], [6.6416, 58.6387], [6.6352, 58.6375], [6.6271, 58.6357], [6.6233, 58.6348], [6.6175, 58.6335], [6.6095, 58.6317], [6.6055, 58.6316], [6.5999, 58.6315], [6.5953, 58.6314], [6.5903, 58.6313], [6.5877, 58.6312], [6.5814, 58.6311], [6.5776, 58.631], [6.5704, 58.6309], [6.5602, 58.6326], [6.5537, 58.6337], [6.5483, 58.6346], [6.5427, 58.6347], [6.5389, 58.6349], [6.5334, 58.635], [6.5281, 58.635], [6.5219, 58.6349], [6.5189, 58.6349], [6.5143, 58.6359], [6.5125, 58.6362], [6.5084, 58.6371], [6.5039, 58.6381], [6.4976, 58.6394], [6.492, 58.6405], [6.488, 58.6414], [6.4825, 58.6426], [6.4757, 58.6445], [6.4701, 58.6462], [6.4668, 58.6471], [6.4603, 58.649], [6.4573, 58.6498], [6.4525, 58.651], [6.4479, 58.6521], [6.4437, 58.6532], [6.4364, 58.655], [6.4291, 58.657], [6.421, 58.6593], [6.4179, 58.6601], [6.4131, 58.6614], [6.4046, 58.6627], [6.3976, 58.6638], [6.394, 58.6644], [6.3916, 58.6651], [6.3848, 58.6673], [6.3782, 58.6694], [6.3777, 58.6695], [6.3731, 58.6712], [6.3729, 58.6713], [6.364, 58.6746], [6.3586, 58.6766], [6.3549, 58.678], [6.3499, 58.6798], [6.3462, 58.6812], [6.3407, 58.6832], [6.3359, 58.6836], [6.3319, 58.6839], [6.3275, 58.6843], [6.3239, 58.6846], [6.3206, 58.6839], [6.315, 58.6827], [6.3103, 58.6818], [6.3036, 58.6804], [6.3005, 58.6798], [6.2958, 58.6788], [6.2927, 58.6786], [6.2873, 58.6783], [6.2816, 58.6779], [6.2759, 58.6776], [6.2695, 58.6769], [6.2625, 58.6761], [6.2576, 58.6756], [6.2552, 58.6753], [6.2502, 58.6737], [6.2459, 58.6723], [6.2405, 58.6722], [6.2393, 58.6729], [6.2341, 58.6757], [6.2298, 58.6778], [6.2257, 58.6798], [6.2221, 58.6815], [6.2153, 58.6848], [6.211, 58.6869], [6.2052, 58.6897], [6.2023, 58.6911], [6.1961, 58.6921], [6.1955, 58.6922], [6.1913, 58.6929], [6.1909, 58.693], [6.1869, 58.6937], [6.1842, 58.6941], [6.1813, 58.6946], [6.1769, 58.6953], [6.1755, 58.6956], [6.1708, 58.6965], [6.166, 58.6974], [6.1609, 58.6983], [6.1525, 58.6992], [6.1479, 58.6997], [6.1418, 58.7007], [6.1343, 58.7019], [6.1293, 58.7027], [6.1233, 58.7025], [6.1106, 58.7021], [6.0984, 58.7043], [6.0902, 58.7057], [6.0814, 58.7064], [6.0723, 58.7071], [6.067, 58.7074], [6.061, 58.7079], [6.0533, 58.7092], [6.0481, 58.7101], [6.0411, 58.7112], [6.032, 58.7127], [6.0242, 58.7141], [6.02, 58.7148], [6.0175, 58.7153], [6.0074, 58.7173], [6.002, 58.7183], [5.9963, 58.7195], [5.9897, 58.7203], [5.9855, 58.7208], [5.9783, 58.7218], [5.9712, 58.7229], [5.9655, 58.7238], [5.9561, 58.7255], [5.9492, 58.7267], [5.9446, 58.7275], [5.9399, 58.7283], [5.933, 58.7295], [5.9252, 58.7334], [5.9195, 58.7362], [5.9156, 58.7381], [5.9099, 58.7409], [5.9042, 58.7422], [5.899, 58.7434], [5.8947, 58.7444], [5.8875, 58.7459], [5.8812, 58.7473], [5.8771, 58.7482], [5.8711, 58.7495], [5.8642, 58.751], [5.8596, 58.752], [5.8556, 58.7528], [5.8482, 58.7544], [5.8425, 58.7557], [5.8359, 58.7584], [5.8305, 58.7606], [5.8236, 58.7635], [5.8195, 58.7667], [5.8153, 58.77], [5.8106, 58.7737], [5.8044, 58.7758], [5.7982, 58.778], [5.793, 58.7805], [5.7854, 58.7841], [5.7834, 58.785], [5.7767, 58.7882], [5.7749, 58.789]]}}, {"type": "Feature", "properties": {"osm_type": "line", "voltage_kv": 300.0, "name": "Steinsland - Haugsv\u00e6r", "avail": 0}, "geometry": {"type": "LineString", "coordinates": [[5.9708, 60.9266], [5.9707, 60.9266], [5.9552, 60.9265], [5.9528, 60.9256], [5.9497, 60.9244], [5.9458, 60.923], [5.9405, 60.9222], [5.9343, 60.9245], [5.9317, 60.9257], [5.9292, 60.9268], [5.925, 60.9268], [5.9228, 60.9267], [5.92, 60.9264], [5.9182, 60.9262], [5.9163, 60.9261], [5.9127, 60.9251], [5.9063, 60.9245], [5.9011, 60.9247], [5.8969, 60.9248], [5.8877, 60.9251], [5.8801, 60.9263], [5.8724, 60.9267], [5.864, 60.9272], [5.8591, 60.9275], [5.8546, 60.9256], [5.8492, 60.9233], [5.8449, 60.9215], [5.8396, 60.9199], [5.8318, 60.9176], [5.8259, 60.9135], [5.8249, 60.9114], [5.8236, 60.9086], [5.8216, 60.9044], [5.8204, 60.9019], [5.817, 60.8991], [5.8124, 60.8954], [5.81, 60.8934], [5.8078, 60.8916], [5.8049, 60.8892], [5.8033, 60.888], [5.7994, 60.8849], [5.799, 60.8847], [5.7943, 60.8809], [5.7937, 60.8809], [5.7874, 60.8807], [5.7795, 60.8806], [5.7792, 60.8806], [5.7781, 60.8805], [5.7671, 60.8803], [5.76, 60.8801], [5.746, 60.8798], [5.7384, 60.8796], [5.7307, 60.8794], [5.7183, 60.8791], [5.7143, 60.8791], [5.7059, 60.8816], [5.6997, 60.8835], [5.6934, 60.8844], [5.6811, 60.884], [5.6746, 60.8838], [5.6676, 60.8835], [5.655, 60.8831], [5.6449, 60.8827], [5.6388, 60.8825], [5.6346, 60.884], [5.6285, 60.8861], [5.6243, 60.8875], [5.6195, 60.8892], [5.6131, 60.8914], [5.6088, 60.891], [5.6041, 60.8896], [5.5951, 60.8869], [5.5868, 60.8847], [5.5829, 60.8845], [5.5827, 60.8845], [5.5768, 60.8843], [5.5762, 60.8842], [5.5698, 60.884], [5.5619, 60.8843], [5.5565, 60.8845], [5.5451, 60.8856], [5.5349, 60.8866], [5.532, 60.8875]]}}, {"type": "Feature", "properties": {"osm_type": "line", "voltage_kv": 132.0, "name": "Skillemoen - Kv\u00e6nangen, L2", "avail": 0}, "geometry": {"type": "LineString", "coordinates": [[23.2116, 69.902], [23.2117, 69.9016], [23.2119, 69.8995], [23.2121, 69.8982]]}}, {"type": "Feature", "properties": {"osm_type": "line", "voltage_kv": 132.0, "name": "Skillemoen - Kv\u00e6nangen, L2", "avail": 0}, "geometry": {"type": "LineString", "coordinates": [[23.2121, 69.8982], [23.2091, 69.8968], [23.2062, 69.8955], [23.2033, 69.8942], [23.1999, 69.8926], [23.198, 69.891], [23.1963, 69.8895], [23.1945, 69.8879], [23.1912, 69.8869], [23.1891, 69.8862], [23.1854, 69.8851], [23.1822, 69.8841], [23.179, 69.8831], [23.1786, 69.883], [23.1749, 69.8819], [23.1714, 69.8808], [23.168, 69.8798], [23.1646, 69.8788], [23.16, 69.8773], [23.1556, 69.876], [23.1545, 69.8757], [23.152, 69.8749], [23.1492, 69.874], [23.1467, 69.8732], [23.1427, 69.8719], [23.1407, 69.8713], [23.139, 69.8707], [23.1368, 69.8701], [23.1333, 69.8689], [23.1321, 69.8686], [23.129, 69.8671], [23.1276, 69.8664], [23.1243, 69.8649], [23.1224, 69.8639], [23.1208, 69.8632], [23.1182, 69.8619], [23.1153, 69.8606], [23.1119, 69.859], [23.1107, 69.8584], [23.1078, 69.857], [23.1054, 69.8559], [23.1035, 69.855], [23.101, 69.8538], [23.0984, 69.8526], [23.0962, 69.8516], [23.094, 69.8505], [23.091, 69.8491], [23.0891, 69.8482], [23.0875, 69.8474], [23.0848, 69.8461], [23.0816, 69.8446], [23.0772, 69.8438], [23.073, 69.8429], [23.0671, 69.8417], [23.0604, 69.8404], [23.0543, 69.8392], [23.0491, 69.8381], [23.0435, 69.837], [23.0362, 69.8356], [23.0298, 69.8343], [23.0242, 69.8331], [23.0184, 69.832], [23.0115, 69.8306], [23.0053, 69.8294], [22.9958, 69.8275], [22.9888, 69.8261], [22.9823, 69.8247], [22.9745, 69.8232], [22.9678, 69.8218], [22.9615, 69.8206], [22.9553, 69.8193], [22.9477, 69.8178], [22.9405, 69.8164], [22.9347, 69.8152], [22.9305, 69.8143], [22.9237, 69.813], [22.9167, 69.8116], [22.9118, 69.8106], [22.9063, 69.8095], [22.9014, 69.8085], [22.8962, 69.8075], [22.8898, 69.8062], [22.8849, 69.8046], [22.881, 69.8033], [22.8772, 69.8021], [22.8728, 69.8007], [22.8665, 69.7987], [22.861, 69.7969], [22.8551, 69.795], [22.8493, 69.7931], [22.8428, 69.791], [22.8383, 69.7896], [22.8332, 69.788], [22.8282, 69.7863], [22.823, 69.7847], [22.8171, 69.7828], [22.8117, 69.781], [22.8062, 69.7793], [22.8002, 69.7773], [22.7953, 69.7757], [22.7908, 69.7743], [22.7863, 69.7728], [22.78, 69.7718], [22.7728, 69.7707], [22.7658, 69.7695], [22.7592, 69.7685], [22.7532, 69.7675], [22.7477, 69.7666], [22.7387, 69.7651], [22.7316, 69.764], [22.7259, 69.7631], [22.7199, 69.7621], [22.7133, 69.761], [22.7062, 69.7599], [22.7009, 69.7592], [22.6956, 69.7586], [22.6905, 69.7579], [22.6825, 69.7569], [22.6747, 69.756], [22.6668, 69.755], [22.6591, 69.7541], [22.6515, 69.7531], [22.6443, 69.7522], [22.6373, 69.7513], [22.6316, 69.7506], [22.6261, 69.75], [22.6209, 69.7493], [22.6133, 69.7502], [22.6062, 69.751], [22.5973, 69.7521], [22.5917, 69.7527], [22.5827, 69.7538], [22.5774, 69.7544], [22.5707, 69.7552], [22.5641, 69.756], [22.5557, 69.757], [22.5485, 69.7578], [22.5413, 69.7586], [22.5347, 69.7594], [22.5277, 69.7591], [22.5184, 69.7587], [22.5098, 69.7583], [22.5025, 69.758], [22.4936, 69.7576], [22.4866, 69.7573], [22.4793, 69.757], [22.4722, 69.7567], [22.4658, 69.7564], [22.46, 69.7561], [22.4545, 69.7559], [22.4483, 69.7556], [22.4409, 69.7553], [22.4319, 69.7549], [22.4283, 69.7547], [22.4209, 69.7544], [22.4133, 69.754], [22.4082, 69.7537], [22.3999, 69.7532], [22.3944, 69.7529], [22.3867, 69.7525], [22.3789, 69.7521], [22.3719, 69.7517], [22.3655, 69.7513], [22.3571, 69.7508], [22.349, 69.7504], [22.3393, 69.7498], [22.332, 69.7494], [22.3283, 69.7492], [22.3237, 69.749], [22.3141, 69.7484], [22.3086, 69.7481], [22.3001, 69.7476], [22.2917, 69.7472], [22.2843, 69.7467], [22.2789, 69.7464], [22.2684, 69.7458], [22.265, 69.7456], [22.2554, 69.7451], [22.2518, 69.744], [22.2454, 69.7421], [22.2427, 69.7413], [22.2401, 69.7405], [22.2306, 69.7377], [22.2256, 69.7362], [22.2174, 69.7338], [22.2148, 69.733], [22.2043, 69.7298], [22.1971, 69.7277], [22.1898, 69.7255], [22.1864, 69.7245], [22.1827, 69.7234], [22.1791, 69.7223], [22.1752, 69.7211], [22.1711, 69.7199], [22.1684, 69.7191], [22.1628, 69.7191], [22.158, 69.7191], [22.1501, 69.7191], [22.145, 69.7191], [22.1403, 69.7191], [22.1354, 69.7191], [22.1301, 69.7191], [22.1252, 69.719], [22.12, 69.719], [22.1157, 69.719], [22.1115, 69.719], [22.1022, 69.719], [22.098, 69.719], [22.0952, 69.719], [22.0892, 69.719], [22.0851, 69.719], [22.081, 69.719], [22.0771, 69.719], [22.0712, 69.7189], [22.0659, 69.7189], [22.0621, 69.7189]]}}, {"type": "Feature", "properties": {"osm_type": "line", "voltage_kv": 145.0, "name": "132 SUNDE-MYKLEBUSTDALEN", "avail": 27, "avail_node": "Skei"}, "geometry": {"type": "LineString", "coordinates": [[6.387, 61.5233], [6.387, 61.5233], [6.3989, 61.5269], [6.4053, 61.528], [6.4167, 61.53], [6.4286, 61.5355], [6.431, 61.5366], [6.4397, 61.5427], [6.4416, 61.544], [6.4466, 61.5459], [6.4507, 61.5475]]}}, {"type": "Feature", "properties": {"osm_type": "line", "name": "Jord Evanger - Dale 2", "avail": 0}, "geometry": {"type": "LineString", "coordinates": [[5.8781, 60.6283], [5.8783, 60.6279], [5.8787, 60.626]]}}, {"type": "Feature", "properties": {"osm_type": "line", "voltage_kv": 420.0, "name": "Sykkylven - \u00d8rsta", "avail": 22, "avail_node": "Sykkylven"}, "geometry": {"type": "LineString", "coordinates": [[6.6311, 62.3737], [6.6283, 62.3727], [6.6218, 62.3703], [6.6122, 62.3668], [6.6069, 62.3648], [6.6008, 62.3625], [6.5978, 62.3615], [6.5956, 62.3605], [6.5893, 62.3565], [6.5877, 62.3559], [6.5749, 62.3513], [6.5683, 62.3511], [6.5606, 62.3516], [6.5584, 62.3553], [6.5563, 62.3587], [6.5536, 62.3617], [6.5515, 62.3641], [6.5478, 62.3681], [6.5453, 62.371], [6.5423, 62.3743], [6.5403, 62.3766], [6.5354, 62.3776], [6.5312, 62.3784], [6.5231, 62.3783], [6.5194, 62.3782], [6.511, 62.3781], [6.5025, 62.378], [6.4945, 62.3775], [6.4859, 62.377], [6.4782, 62.3765], [6.4693, 62.376], [6.4622, 62.3756], [6.4561, 62.3752], [6.4527, 62.374], [6.4482, 62.3725], [6.4445, 62.3712], [6.4428, 62.3692], [6.4408, 62.3667], [6.437, 62.3621], [6.4282, 62.3572], [6.4254, 62.3556], [6.4238, 62.3546], [6.4229, 62.3541], [6.4208, 62.3485], [6.4251, 62.3457], [6.4299, 62.3418], [6.4318, 62.3401], [6.4356, 62.3369], [6.4392, 62.3338], [6.441, 62.3287], [6.4415, 62.3272], [6.4449, 62.3241], [6.4467, 62.3203], [6.4494, 62.3155], [6.4526, 62.3125], [6.4518, 62.3115], [6.4408, 62.3063], [6.4297, 62.3011], [6.4186, 62.2959], [6.4155, 62.2944], [6.4075, 62.2907], [6.4076, 62.2901], [6.4113, 62.2891], [6.4143, 62.2862], [6.4162, 62.2849], [6.4174, 62.2791], [6.4179, 62.2767], [6.4186, 62.2736], [6.4202, 62.271], [6.4214, 62.2691], [6.4207, 62.2674], [6.4199, 62.2656], [6.4168, 62.2636], [6.4137, 62.2617], [6.4098, 62.2607], [6.4054, 62.2596], [6.4001, 62.2565], [6.3927, 62.2542], [6.3837, 62.2513], [6.3791, 62.2498], [6.3749, 62.2485], [6.369, 62.2466], [6.3644, 62.2444], [6.359, 62.2419], [6.3561, 62.2406], [6.3479, 62.2367], [6.3454, 62.2356], [6.3378, 62.2304], [6.332, 62.2265], [6.3288, 62.2243], [6.3263, 62.2226], [6.3241, 62.2211], [6.3239, 62.2141], [6.3182, 62.2122], [6.3122, 62.2103], [6.3097, 62.2095], [6.3055, 62.2082], [6.295, 62.2049], [6.2893, 62.2031], [6.2804, 62.2003], [6.2758, 62.1968], [6.2725, 62.1942], [6.2685, 62.1911], [6.2661, 62.1892], [6.2611, 62.1853], [6.2576, 62.1826], [6.256, 62.1813], [6.2557, 62.1775], [6.2554, 62.1731], [6.2552, 62.1701], [6.2549, 62.1668], [6.2547, 62.1642], [6.2571, 62.1609], [6.2578, 62.16]]}}, {"type": "Feature", "properties": {"osm_type": "line", "voltage_kv": 300.0, "name": "Flesaker - Tegneby", "avail": 36, "avail_node": "Tofte "}, "geometry": {"type": "LineString", "coordinates": [[9.8499, 59.7192], [9.8503, 59.7192], [9.8506, 59.7192], [9.8506, 59.7192], [9.8506, 59.7192], [9.8581, 59.7189], [9.8614, 59.7188], [9.8614, 59.7188], [9.8618, 59.7187], [9.862, 59.7187], [9.8653, 59.7186], [9.8658, 59.7186], [9.8703, 59.7184], [9.8729, 59.7183], [9.8736, 59.7183], [9.8787, 59.7181], [9.8824, 59.718], [9.8879, 59.7178], [9.8946, 59.7176], [9.8989, 59.7174], [9.9029, 59.7172], [9.908, 59.7171], [9.9148, 59.7168], [9.9189, 59.7167], [9.9221, 59.7166], [9.9267, 59.7164], [9.9307, 59.7162], [9.935, 59.7161], [9.9399, 59.7159], [9.9434, 59.7158], [9.9496, 59.7156], [9.9539, 59.7154], [9.9586, 59.7152], [9.9623, 59.7151], [9.9672, 59.7149], [9.9721, 59.7148], [9.9775, 59.7146], [9.9842, 59.7143], [9.9901, 59.7141], [9.9935, 59.714], [9.9973, 59.7139], [10.0029, 59.7137], [10.0062, 59.713], [10.0096, 59.7123], [10.0122, 59.7118], [10.0188, 59.7104], [10.0212, 59.71], [10.0248, 59.7092], [10.0281, 59.7085], [10.0322, 59.7077], [10.0378, 59.7065], [10.0428, 59.7055], [10.0453, 59.705], [10.0496, 59.7041], [10.0531, 59.7034], [10.056, 59.7028], [10.0622, 59.7015], [10.0661, 59.7007], [10.0715, 59.6996], [10.0798, 59.6979], [10.0846, 59.6969], [10.0895, 59.6958], [10.0931, 59.6951], [10.0973, 59.6942], [10.1014, 59.6934], [10.1052, 59.6926], [10.11, 59.6916], [10.114, 59.6907], [10.1186, 59.6898], [10.1217, 59.6891], [10.1252, 59.6884], [10.1273, 59.6879], [10.1318, 59.687], [10.132, 59.687], [10.1368, 59.686], [10.1415, 59.685], [10.1466, 59.6839], [10.1522, 59.6828], [10.1571, 59.6817], [10.1619, 59.6807], [10.1663, 59.6798], [10.1725, 59.6785], [10.1789, 59.6772], [10.1849, 59.6759], [10.191, 59.6747], [10.1964, 59.6728], [10.2015, 59.6711], [10.2082, 59.6688], [10.2111, 59.6678], [10.2167, 59.6659], [10.2205, 59.6646], [10.2247, 59.6632], [10.2253, 59.663], [10.2294, 59.6616], [10.2354, 59.6595], [10.2393, 59.6582], [10.2435, 59.6568], [10.2462, 59.6558], [10.2482, 59.6551], [10.2529, 59.6535], [10.259, 59.6514], [10.2597, 59.6512], [10.2645, 59.6496], [10.2664, 59.6489], [10.2735, 59.6465], [10.2795, 59.6452], [10.2834, 59.6444], [10.2872, 59.6436], [10.2916, 59.6426], [10.3004, 59.6406], [10.3051, 59.6396], [10.3108, 59.6383], [10.318, 59.6367], [10.322, 59.6358], [10.3285, 59.6343], [10.339, 59.632], [10.3425, 59.6312], [10.3479, 59.63], [10.3514, 59.6292], [10.3587, 59.6275], [10.3622, 59.6268], [10.3674, 59.6256], [10.3746, 59.624], [10.378, 59.6232], [10.3833, 59.622], [10.3877, 59.621], [10.391, 59.6203], [10.3913, 59.6202], [10.396, 59.6191], [10.3996, 59.6183], [10.4031, 59.6175], [10.4094, 59.6163], [10.4141, 59.6153], [10.4208, 59.614], [10.4264, 59.6131], [10.4332, 59.6119], [10.4404, 59.6106], [10.4433, 59.6105], [10.4481, 59.6103], [10.4528, 59.6102], [10.4573, 59.6093], [10.4619, 59.6084], [10.4676, 59.6073], [10.473, 59.6062], [10.4747, 59.6059], [10.4784, 59.6052], [10.4837, 59.6041], [10.4908, 59.6027], [10.4948, 59.6019], [10.4986, 59.6012], [10.5074, 59.5994], [10.5134, 59.5982], [10.5158, 59.5978], [10.5212, 59.5967], [10.5272, 59.596], [10.5317, 59.5951], [10.5368, 59.594], [10.5442, 59.5924], [10.5478, 59.5916], [10.552, 59.5907], [10.5564, 59.5898], [10.5614, 59.5887], [10.5666, 59.5876], [10.5756, 59.5856], [10.5762, 59.5855], [10.5762, 59.5855], [10.582, 59.5843], [10.5824, 59.5842], [10.587, 59.5832], [10.5942, 59.5816], [10.5969, 59.5811], [10.6036, 59.5808], [10.6115, 59.5805], [10.6119, 59.5806], [10.612, 59.5806]]}}, {"type": "Feature", "properties": {"osm_type": "line", "voltage_kv": 300.0, "name": "Flesaker - Tegneby", "avail": 36, "avail_node": "Tofte "}, "geometry": {"type": "LineString", "coordinates": [[10.6532, 59.5741], [10.6539, 59.5735], [10.6544, 59.5732], [10.6563, 59.5716], [10.6585, 59.5698], [10.6612, 59.5676], [10.6646, 59.5648], [10.6669, 59.563], [10.6688, 59.5614], [10.669, 59.5612], [10.6712, 59.5595], [10.6731, 59.5579], [10.676, 59.5555], [10.6787, 59.5533], [10.6818, 59.5508], [10.6847, 59.5485], [10.685, 59.5482], [10.687, 59.5466], [10.6899, 59.5442], [10.6919, 59.5425], [10.692, 59.5425], [10.6926, 59.542], [10.6928, 59.5418], [10.6935, 59.5412], [10.6962, 59.5391], [10.6987, 59.537], [10.7011, 59.535], [10.7029, 59.5336], [10.7055, 59.5315], [10.7073, 59.53], [10.7091, 59.5285], [10.7113, 59.5267], [10.7134, 59.525], [10.7155, 59.5233], [10.7193, 59.5222], [10.7229, 59.5211], [10.7257, 59.5203], [10.7305, 59.5189], [10.7343, 59.5177]]}}, {"type": "Feature", "properties": {"osm_type": "line", "voltage_kv": 300.0, "name": "Kvanndal - Songa (T Nyst\u00f8yl)", "avail": 0}, "geometry": {"type": "LineString", "coordinates": [[7.2083, 59.6785], [7.2135, 59.6803], [7.2172, 59.6816], [7.2222, 59.6836], [7.2252, 59.6849], [7.2283, 59.6861], [7.2322, 59.6877], [7.236, 59.6894], [7.2395, 59.6911], [7.243, 59.6928], [7.2458, 59.6941], [7.2499, 59.6959], [7.2535, 59.6974], [7.2559, 59.6982], [7.2603, 59.6989], [7.2665, 59.6998], [7.2736, 59.7005], [7.2784, 59.701], [7.2862, 59.7015], [7.2898, 59.7018], [7.2959, 59.7036], [7.2993, 59.7046], [7.3027, 59.7055], [7.3092, 59.7074], [7.3147, 59.709], [7.321, 59.7108], [7.3247, 59.7122], [7.3278, 59.7134], [7.3328, 59.7154], [7.3378, 59.7173], [7.3415, 59.7179], [7.345, 59.7185], [7.3501, 59.719], [7.3581, 59.7198], [7.3607, 59.72], [7.3653, 59.7203], [7.3721, 59.7207], [7.3767, 59.7209], [7.3818, 59.7212], [7.3869, 59.7215], [7.3902, 59.7217], [7.395, 59.722], [7.3986, 59.7222], [7.406, 59.7226], [7.4109, 59.7229], [7.4184, 59.7232], [7.4268, 59.7234], [7.4322, 59.7251], [7.4354, 59.7261], [7.4427, 59.7299], [7.4491, 59.7333]]}}, {"type": "Feature", "properties": {"osm_type": "line", "voltage_kv": 132.0, "name": "L0084 GRINDSDALEN-MEL", "avail": 0}, "geometry": {"type": "LineString", "coordinates": [[6.562, 61.3463], [6.5633, 61.3462]]}}, {"type": "Feature", "properties": {"osm_type": "line", "voltage_kv": 132.0, "name": "L0084 GRINDSDALEN-MEL", "avail": 0}, "geometry": {"type": "LineString", "coordinates": [[6.5868, 61.2673], [6.5873, 61.2679], [6.5872, 61.2679], [6.5837, 61.27], [6.5814, 61.2713], [6.5814, 61.2714], [6.581, 61.2717], [6.5765, 61.2753], [6.5691, 61.2799], [6.5688, 61.2801], [6.5687, 61.2817], [6.5686, 61.2839], [6.5685, 61.2855], [6.5683, 61.2869], [6.5682, 61.2887], [6.5681, 61.2896], [6.5679, 61.2917], [6.5676, 61.2948], [6.5675, 61.2957], [6.5674, 61.2968], [6.5671, 61.2995], [6.567, 61.3011], [6.5656, 61.3024], [6.5633, 61.3045], [6.563, 61.3048], [6.5644, 61.3067], [6.5656, 61.3083], [6.5669, 61.3099], [6.5683, 61.3118], [6.5701, 61.3142], [6.5699, 61.3153], [6.5697, 61.3175], [6.5689, 61.32], [6.568, 61.3227], [6.5679, 61.3251], [6.5668, 61.3269], [6.5652, 61.3294], [6.5637, 61.3317], [6.5622, 61.334], [6.5609, 61.3361], [6.5593, 61.3385], [6.5573, 61.3405], [6.5571, 61.3406], [6.5567, 61.341], [6.5551, 61.3426], [6.5549, 61.3439]]}}, {"type": "Feature", "properties": {"osm_type": "line", "voltage_kv": 220.0, "name": "Varangerbotn - Ivalo", "avail": 11, "avail_node": "Tana Bru"}, "geometry": {"type": "LineString", "coordinates": [[28.5339, 70.1702], [28.5321, 70.1702], [28.5285, 70.1704], [28.5246, 70.1705], [28.5208, 70.1707], [28.5166, 70.1708], [28.5129, 70.1709], [28.5093, 70.1711], [28.5055, 70.1712], [28.5016, 70.1713], [28.4975, 70.1715], [28.4934, 70.1716], [28.4886, 70.1718], [28.4853, 70.1719], [28.48, 70.1721], [28.4732, 70.1723], [28.4667, 70.1725], [28.4588, 70.1727], [28.453, 70.1729], [28.447, 70.1731], [28.4404, 70.1733], [28.4341, 70.1735], [28.4278, 70.1737], [28.4223, 70.1738], [28.4154, 70.1736], [28.4125, 70.1735], [28.404, 70.1732], [28.3972, 70.173], [28.3904, 70.1728], [28.3832, 70.1726], [28.3771, 70.1724], [28.3704, 70.1722], [28.3639, 70.1719], [28.359, 70.1718], [28.3541, 70.1716], [28.3477, 70.1714], [28.3413, 70.1712], [28.335, 70.171], [28.3302, 70.1708], [28.3262, 70.1707], [28.322, 70.1706], [28.3157, 70.1704], [28.3119, 70.1699], [28.3069, 70.1693], [28.3015, 70.1687], [28.2954, 70.168], [28.2918, 70.1675], [28.2836, 70.1666], [28.2781, 70.1645], [28.2746, 70.1632], [28.2712, 70.1619], [28.2684, 70.1609], [28.2649, 70.1595], [28.2594, 70.1575], [28.2552, 70.1559], [28.2501, 70.154], [28.2454, 70.1522], [28.2412, 70.1507], [28.2358, 70.1487], [28.2316, 70.1471], [28.2257, 70.1448], [28.2224, 70.1435], [28.2193, 70.1423], [28.2155, 70.1409], [28.2127, 70.1399], [28.2095, 70.1386], [28.2065, 70.1362], [28.205, 70.135], [28.2025, 70.1331], [28.1999, 70.131], [28.1976, 70.1292], [28.1942, 70.1265], [28.1911, 70.1239], [28.1895, 70.1227], [28.1871, 70.1208], [28.1853, 70.1193], [28.1834, 70.1178], [28.1813, 70.1161], [28.1795, 70.1147], [28.1767, 70.1124], [28.1741, 70.1104], [28.1718, 70.1087], [28.1694, 70.1071], [28.1661, 70.1049], [28.1637, 70.1032], [28.1613, 70.1015], [28.1588, 70.1005], [28.1565, 70.0995], [28.153, 70.098], [28.1491, 70.0962], [28.1449, 70.0944], [28.1411, 70.0931], [28.1375, 70.0918], [28.1324, 70.09], [28.1274, 70.0883], [28.1228, 70.0867], [28.1194, 70.0855], [28.117, 70.0846], [28.1133, 70.0833], [28.1102, 70.0817], [28.1073, 70.08], [28.1036, 70.0779], [28.1013, 70.0766], [28.0972, 70.0744], [28.0937, 70.0708], [28.0917, 70.0688], [28.0905, 70.0675], [28.0883, 70.0661], [28.0866, 70.0651], [28.0821, 70.0622], [28.0789, 70.0602], [28.0765, 70.0587], [28.0729, 70.0577], [28.0692, 70.0566], [28.055, 70.0564], [28.0498, 70.0563], [28.0462, 70.0563], [28.0374, 70.0561], [28.0317, 70.056], [28.0243, 70.0559], [28.0217, 70.0569], [28.0142, 70.0597], [28.0097, 70.0615], [28.0058, 70.0629], [27.9999, 70.0637], [27.997, 70.064], [27.9901, 70.0649], [27.9846, 70.0656], [27.9785, 70.0663], [27.9699, 70.0665]]}}, {"type": "Feature", "properties": {"osm_type": "line", "voltage_kv": 300.0, "name": "R\u00f8d - Porsgrunn", "avail": 45, "avail_node": "Roligheten"}, "geometry": {"type": "LineString", "coordinates": [[9.55, 59.2732], [9.5555, 59.2705], [9.5582, 59.2684], [9.5631, 59.2645], [9.568, 59.2607], [9.5726, 59.2571], [9.5779, 59.2533], [9.5792, 59.2528], [9.5802, 59.2524], [9.5811, 59.252], [9.5858, 59.2501], [9.5862, 59.2499], [9.5894, 59.249], [9.5903, 59.2488], [9.5907, 59.2487], [9.5933, 59.2465], [9.5966, 59.2436], [9.5997, 59.2409], [9.6033, 59.2372], [9.6051, 59.2354], [9.6088, 59.2315], [9.6123, 59.227], [9.6154, 59.2229], [9.6182, 59.2209], [9.621, 59.2188], [9.6239, 59.2161], [9.6275, 59.2126], [9.6314, 59.2088], [9.6352, 59.2052], [9.6376, 59.2021], [9.6404, 59.1986], [9.6427, 59.1958], [9.6449, 59.1931], [9.6475, 59.1898], [9.6503, 59.1861], [9.6529, 59.1826], [9.6551, 59.1797], [9.6577, 59.1766], [9.6585, 59.1761], [9.6617, 59.1745], [9.6677, 59.1713], [9.6722, 59.1689], [9.6724, 59.1688], [9.6724, 59.1688], [9.6727, 59.1687], [9.6729, 59.1686], [9.6782, 59.166], [9.6827, 59.1639], [9.683, 59.1637], [9.6849, 59.1633], [9.6864, 59.1629], [9.6878, 59.1625], [9.6933, 59.1611], [9.6935, 59.1607], [9.6945, 59.1588], [9.6963, 59.1553], [9.6976, 59.1516], [9.6983, 59.1465], [9.6986, 59.1444], [9.6992, 59.1412], [9.6999, 59.1375], [9.7004, 59.1355], [9.697, 59.1325], [9.6942, 59.1304], [9.6893, 59.127], [9.6857, 59.1225], [9.6836, 59.1199], [9.6781, 59.1166]]}}, {"type": "Feature", "properties": {"osm_type": "line", "voltage_kv": 300.0, "name": "Hamang - B\u00e6rum", "avail": 58, "avail_node": "Pilestredet"}, "geometry": {"type": "LineString", "coordinates": [[10.5036, 59.8982], [10.5044, 59.8984], [10.5067, 59.8992], [10.5096, 59.9002], [10.5124, 59.9011], [10.5156, 59.9022], [10.5185, 59.9031], [10.5218, 59.904], [10.5251, 59.9049], [10.5282, 59.9057], [10.5312, 59.9076], [10.5337, 59.9092], [10.5361, 59.9108], [10.5398, 59.9123], [10.5431, 59.9137], [10.5468, 59.9153], [10.5497, 59.9177], [10.5522, 59.9198], [10.5549, 59.922], [10.5554, 59.9224], [10.5572, 59.9239]]}}, {"type": "Feature", "properties": {"osm_type": "line", "voltage_kv": 132.0, "name": "LEIVDAL - VESTRE \u00c5SK\u00c5RA", "avail": 0}, "geometry": {"type": "LineString", "coordinates": [[5.8221, 61.8659], [5.8237, 61.8666], [5.8307, 61.8699], [5.8312, 61.8702], [5.8324, 61.8708], [5.8539, 61.8811], [5.8806, 61.8856], [5.9092, 61.8905], [5.9093, 61.8905], [5.9134, 61.8912], [5.9632, 61.8919], [5.981, 61.893], [5.9971, 61.8939], [6.0077, 61.8945], [6.0124, 61.8963], [6.0143, 61.9011], [6.0171, 61.9026], [6.0234, 61.9038], [6.0598, 61.9111], [6.0834, 61.9112], [6.0937, 61.91], [6.0968, 61.9106], [6.1003, 61.9139], [6.1043, 61.9176], [6.1046, 61.9179], [6.1089, 61.9218], [6.1154, 61.9276], [6.1185, 61.9304], [6.1209, 61.9326], [6.1237, 61.9329]]}}, {"type": "Feature", "properties": {"osm_type": "line", "voltage_kv": 132.0, "name": "M 132 MOSKOG - H\u00d8YANGER (MIDLERTIDIG)", "avail": 5, "avail_node": "Stakaldefoss transformatorstasjon"}, "geometry": {"type": "LineString", "coordinates": [[6.0203, 61.4436], [6.0232, 61.4426], [6.0441, 61.4375], [6.0441, 61.4375], [6.047, 61.4351], [6.0559, 61.4275], [6.0567, 61.4268], [6.0567, 61.4268], [6.0701, 61.4187], [6.0701, 61.4187], [6.0701, 61.4186], [6.0751, 61.3946], [6.0751, 61.3946], [6.0981, 61.3887], [6.1213, 61.3873], [6.1213, 61.3873], [6.1347, 61.3785], [6.127, 61.3633], [6.1299, 61.3597], [6.1335, 61.3553], [6.1482, 61.3419], [6.1583, 61.3327], [6.1583, 61.3327], [6.1888, 61.3288], [6.1933, 61.3273], [6.1933, 61.3273], [6.2001, 61.3169], [6.1854, 61.2972], [6.187, 61.2918], [6.1868, 61.2859], [6.1739, 61.267]]}}, {"type": "Feature", "properties": {"osm_type": "line", "voltage_kv": 132.0, "name": "Aura - Ranes", "avail": 2, "avail_node": "Ulvund"}, "geometry": {"type": "LineString", "coordinates": [[8.5298, 62.6646], [8.5322, 62.6646], [8.5351, 62.6647], [8.5389, 62.6648], [8.541, 62.6649], [8.5421, 62.6649], [8.5466, 62.665], [8.5511, 62.6652], [8.5551, 62.6652], [8.5596, 62.6652], [8.5639, 62.6653], [8.5677, 62.6653], [8.5718, 62.6653], [8.5722, 62.6655], [8.5739, 62.6662], [8.5763, 62.6673], [8.5792, 62.6686], [8.5817, 62.6697], [8.5837, 62.6706], [8.583, 62.6726], [8.5795, 62.6734], [8.576, 62.6741], [8.5728, 62.6748], [8.5696, 62.6755], [8.5664, 62.6769], [8.5634, 62.6782], [8.5603, 62.6796], [8.5581, 62.6813], [8.5565, 62.6827], [8.5566, 62.6843], [8.5575, 62.6862], [8.5576, 62.6876], [8.5574, 62.689], [8.5581, 62.6904], [8.5593, 62.6918], [8.5607, 62.6934], [8.5625, 62.6959], [8.562, 62.6967], [8.5607, 62.6992], [8.5599, 62.7007], [8.5601, 62.7024], [8.5602, 62.7041], [8.5609, 62.7056], [8.5629, 62.7063], [8.564, 62.7067], [8.5689, 62.7073], [8.5721, 62.7077], [8.575, 62.7081], [8.5806, 62.7066], [8.583, 62.7061], [8.5858, 62.7054], [8.5871, 62.7051], [8.5894, 62.7052], [8.5923, 62.7053], [8.5942, 62.706], [8.5959, 62.7067], [8.5968, 62.7077], [8.5979, 62.709], [8.5992, 62.7106], [8.6007, 62.7123], [8.602, 62.7139], [8.6034, 62.7156], [8.6048, 62.7172], [8.6061, 62.7187], [8.6075, 62.7204], [8.6087, 62.7218], [8.6101, 62.7234], [8.6112, 62.7247], [8.6126, 62.7264], [8.6139, 62.728], [8.6151, 62.7294], [8.6164, 62.7309], [8.6176, 62.7323], [8.6189, 62.7339], [8.62, 62.7352], [8.6211, 62.7364], [8.6224, 62.7379], [8.6233, 62.7391], [8.6242, 62.7401], [8.625, 62.7411], [8.6267, 62.7416], [8.6293, 62.7425], [8.6316, 62.7432], [8.6342, 62.7441], [8.6372, 62.7451], [8.6408, 62.7463], [8.641, 62.7462], [8.6443, 62.7461], [8.6481, 62.746], [8.6527, 62.7459], [8.6583, 62.7457], [8.6613, 62.7456], [8.6666, 62.7455], [8.6694, 62.7454], [8.6723, 62.7453], [8.6754, 62.7462], [8.6785, 62.7472], [8.6819, 62.7482], [8.6841, 62.7488], [8.6855, 62.7492], [8.6868, 62.7505], [8.6879, 62.7515], [8.689, 62.7525], [8.69, 62.7535], [8.6911, 62.7545], [8.6922, 62.7555], [8.6919, 62.757], [8.6915, 62.7586], [8.6911, 62.7602], [8.6907, 62.7616], [8.6903, 62.7633], [8.6899, 62.7648], [8.6895, 62.7666], [8.6891, 62.7681], [8.6887, 62.7697], [8.6883, 62.7714], [8.6879, 62.773], [8.6875, 62.7745], [8.6871, 62.7762], [8.6867, 62.7776], [8.6863, 62.7793], [8.6859, 62.781], [8.6855, 62.7824], [8.6851, 62.7841], [8.6847, 62.7857], [8.6845, 62.7873], [8.6843, 62.7891], [8.684, 62.7913], [8.6837, 62.7935], [8.6835, 62.7953], [8.6832, 62.7973], [8.683, 62.7992], [8.6841, 62.8009], [8.6853, 62.8029], [8.6863, 62.8044], [8.6871, 62.8057], [8.6885, 62.8079], [8.6903, 62.8107], [8.6922, 62.8138], [8.6925, 62.8139], [8.6952, 62.8154], [8.6974, 62.8167], [8.6999, 62.818], [8.7007, 62.8195], [8.7017, 62.8214], [8.7025, 62.8229], [8.703, 62.8238], [8.7015, 62.8264], [8.7012, 62.8269], [8.7005, 62.8283], [8.6999, 62.8293], [8.6976, 62.8301], [8.6943, 62.8312], [8.6917, 62.8322], [8.6897, 62.8329], [8.6854, 62.8337], [8.6816, 62.8344], [8.6781, 62.8351], [8.6726, 62.8361], [8.6692, 62.8367], [8.6657, 62.8372], [8.6634, 62.8375], [8.6615, 62.8383], [8.6585, 62.8395], [8.6562, 62.8405], [8.6531, 62.8418], [8.6486, 62.8437], [8.6466, 62.8446], [8.6442, 62.8456], [8.6416, 62.8467], [8.64, 62.8475], [8.6395, 62.8487], [8.6392, 62.8488], [8.6387, 62.8491], [8.6387, 62.8491], [8.6375, 62.8492], [8.6333, 62.8524], [8.6321, 62.8541], [8.6312, 62.8552], [8.6316, 62.857], [8.632, 62.8586], [8.6327, 62.8605], [8.6334, 62.8624], [8.634, 62.8639], [8.6342, 62.8659], [8.6344, 62.8674], [8.6347, 62.869], [8.635, 62.871], [8.6358, 62.8735], [8.6364, 62.8759], [8.637, 62.8777], [8.6374, 62.8794], [8.6379, 62.8811], [8.6399, 62.8829], [8.6415, 62.8846], [8.6435, 62.8865], [8.645, 62.8879], [8.6466, 62.8895], [8.6481, 62.891], [8.6499, 62.8927], [8.651, 62.8938], [8.6525, 62.8952], [8.6541, 62.8968], [8.6553, 62.898], [8.6557, 62.8991], [8.6561, 62.9004], [8.6565, 62.9017], [8.657, 62.9033], [8.6573, 62.9044], [8.6576, 62.9055], [8.6585, 62.9082], [8.6612, 62.9095], [8.6639, 62.9109], [8.6659, 62.9118], [8.6693, 62.9135], [8.6726, 62.9151], [8.6758, 62.9167], [8.679, 62.9182], [8.6821, 62.9197], [8.6853, 62.9213], [8.6883, 62.9228], [8.6908, 62.9241], [8.6924, 62.9255], [8.6938, 62.9267], [8.6953, 62.928], [8.6957, 62.9283], [8.6973, 62.9299], [8.6975, 62.93], [8.7005, 62.9316], [8.7024, 62.9326], [8.7045, 62.9337], [8.7072, 62.9351], [8.7089, 62.936], [8.7109, 62.9371], [8.7114, 62.9386], [8.7121, 62.9403], [8.713, 62.9427], [8.7138, 62.9451], [8.7147, 62.9474], [8.7154, 62.9494], [8.7161, 62.9512], [8.7166, 62.9524], [8.717, 62.9537], [8.7178, 62.9558], [8.7184, 62.9575], [8.7188, 62.9586], [8.7193, 62.9598], [8.7201, 62.9619], [8.7209, 62.9639], [8.724, 62.9653], [8.7269, 62.9667], [8.7298, 62.968], [8.7324, 62.9693], [8.7364, 62.9698], [8.7413, 62.9705], [8.7443, 62.971], [8.7478, 62.9715], [8.7515, 62.972], [8.7546, 62.9725], [8.7578, 62.9728], [8.7583, 62.9728]]}}, {"type": "Feature", "properties": {"osm_type": "line", "voltage_kv": 132.0, "name": "Skjomen - Ballangen", "avail": 0}, "geometry": {"type": "LineString", "coordinates": [[17.3548, 68.2017], [17.3547, 68.2017], [17.3512, 68.2003], [17.3449, 68.1978], [17.3401, 68.1959], [17.3311, 68.1925], [17.3299, 68.1921], [17.3294, 68.1919], [17.325, 68.1902], [17.3234, 68.1896], [17.3228, 68.1894], [17.3183, 68.1877], [17.3155, 68.1867], [17.3097, 68.1845], [17.2983, 68.1843], [17.2918, 68.1842], [17.2819, 68.1838], [17.2734, 68.1839], [17.2712, 68.1838], [17.2658, 68.1837], [17.2574, 68.1836], [17.2483, 68.1834], [17.2409, 68.1833], [17.2336, 68.1831], [17.2185, 68.1828], [17.2154, 68.1828], [17.2121, 68.1827], [17.2069, 68.1826], [17.2005, 68.1825], [17.1964, 68.1824], [17.1912, 68.1822], [17.1857, 68.1819], [17.179, 68.1815], [17.1703, 68.1819], [17.1653, 68.1815], [17.1621, 68.181], [17.159, 68.181], [17.1568, 68.181], [17.1537, 68.1811], [17.1509, 68.1814], [17.1487, 68.1818], [17.145, 68.1825], [17.1427, 68.1829], [17.1393, 68.1835], [17.1359, 68.184], [17.1306, 68.1847], [17.1249, 68.1856], [17.12, 68.1863], [17.1157, 68.187], [17.1091, 68.188], [17.1058, 68.1889], [17.1002, 68.1903], [17.0937, 68.192], [17.0899, 68.1929], [17.0834, 68.1941], [17.0812, 68.1946], [17.0753, 68.1957], [17.0725, 68.1963], [17.0682, 68.1975], [17.0641, 68.1986], [17.0584, 68.2002], [17.0527, 68.2018], [17.0497, 68.2027], [17.0456, 68.2048], [17.0423, 68.2065], [17.0386, 68.2083], [17.0358, 68.2097], [17.0322, 68.2115], [17.0283, 68.2135], [17.0239, 68.2154], [17.0192, 68.2174], [17.0158, 68.2186], [17.0128, 68.2196], [17.0082, 68.2209], [17.0041, 68.2218], [16.9962, 68.2234], [16.9873, 68.2251], [16.9795, 68.2266], [16.9731, 68.2278], [16.9655, 68.2293], [16.9601, 68.2311], [16.9548, 68.2328], [16.951, 68.2342], [16.9457, 68.2353], [16.93, 68.2387], [16.9252, 68.2398], [16.9212, 68.2407], [16.9118, 68.2428], [16.907, 68.2439], [16.8933, 68.2448], [16.8808, 68.2456], [16.8659, 68.2466], [16.8602, 68.247], [16.8502, 68.2476], [16.842, 68.2482], [16.8367, 68.2485], [16.83, 68.249], [16.824, 68.2494], [16.8188, 68.2497], [16.813, 68.2501], [16.8085, 68.2504], [16.8024, 68.2508], [16.7966, 68.2512], [16.7905, 68.2516], [16.7833, 68.252], [16.7789, 68.2523], [16.7754, 68.2526], [16.7632, 68.2534], [16.7563, 68.2538], [16.7528, 68.254], [16.7451, 68.2568], [16.741, 68.2583], [16.7387, 68.2591]]}}, {"type": "Feature", "properties": {"osm_type": "line", "voltage_kv": 300.0, "name": "Kvanndal - Nesflaten", "avail": 0}, "geometry": {"type": "LineString", "coordinates": [[6.9783, 59.6588], [6.9774, 59.6589], [6.9706, 59.6585], [6.9642, 59.6582], [6.9572, 59.658], [6.952, 59.6576], [6.9516, 59.6576], [6.9427, 59.6569], [6.9349, 59.6563], [6.9302, 59.6559], [6.9294, 59.6558], [6.9213, 59.6549], [6.9155, 59.6543], [6.9079, 59.6536], [6.8985, 59.6544], [6.8944, 59.6546], [6.8912, 59.6547], [6.8811, 59.6549], [6.8759, 59.655], [6.8632, 59.6558], [6.8601, 59.6555], [6.8494, 59.6543], [6.8404, 59.6534], [6.8284, 59.6521], [6.824, 59.6516], [6.8216, 59.6514], [6.8205, 59.6513]]}}, {"type": "Feature", "properties": {"osm_type": "line", "voltage_kv": 420.0, "name": "Ertsmyra - Fjotland", "avail": 25, "avail_node": "ERTSMYRA"}, "geometry": {"type": "LineString", "coordinates": [[6.7534, 58.674], [6.7536, 58.6746], [6.7565, 58.678], [6.7624, 58.6798], [6.7648, 58.6802], [6.7681, 58.6807], [6.7722, 58.6813], [6.775, 58.6818], [6.7825, 58.6826], [6.7934, 58.6837], [6.7979, 58.6842], [6.8022, 58.6847], [6.8085, 58.6853], [6.8173, 58.6863], [6.8264, 58.6874], [6.8356, 58.6886], [6.8435, 58.6896], [6.8481, 58.6901], [6.8501, 58.6917], [6.8536, 58.6944], [6.8566, 58.6968], [6.86, 58.6995], [6.8641, 58.7019], [6.8683, 58.7043], [6.8706, 58.7057], [6.871, 58.7059], [6.8752, 58.7084], [6.88, 58.7107], [6.8853, 58.7132], [6.8902, 58.7155], [6.8939, 58.7163], [6.9013, 58.7179], [6.9092, 58.7196], [6.9143, 58.7206], [6.9191, 58.7232], [6.9245, 58.7274], [6.9255, 58.728], [6.9317, 58.7317], [6.9364, 58.7344], [6.9413, 58.7359], [6.9498, 58.7384], [6.9569, 58.7405], [6.9591, 58.7414], [6.9641, 58.7434], [6.9713, 58.7468], [6.9742, 58.7482], [6.9787, 58.7506], [6.9841, 58.7523], [6.9903, 58.7541], [6.9936, 58.7551], [6.9975, 58.7572], [7.0016, 58.7594], [7.0055, 58.7615], [7.0099, 58.7638], [7.0121, 58.7649], [7.0155, 58.7664]]}}, {"type": "Feature", "properties": {"osm_type": "line", "voltage_kv": 300.0, "name": "Sylling - Hamang, L2", "avail": 28, "avail_node": "Bj\u00f8rneg\u00e5rd"}, "geometry": {"type": "LineString", "coordinates": [[10.2206, 59.8674], [10.2217, 59.8676], [10.2227, 59.8678], [10.2232, 59.8679], [10.2278, 59.8688], [10.2313, 59.8695], [10.2315, 59.8695], [10.2355, 59.8692], [10.2398, 59.8688], [10.2476, 59.8689], [10.2554, 59.8702], [10.2555, 59.8702], [10.2611, 59.8711], [10.2665, 59.872], [10.2729, 59.8729], [10.2803, 59.8737], [10.2838, 59.8747], [10.2854, 59.8751], [10.2904, 59.8764], [10.2959, 59.8779], [10.2973, 59.8783], [10.2989, 59.8787], [10.307, 59.8786], [10.3106, 59.8786], [10.3148, 59.8786], [10.3231, 59.8785], [10.3287, 59.8785], [10.3351, 59.8784], [10.3445, 59.8784], [10.3472, 59.8784], [10.3528, 59.8783], [10.3574, 59.8783], [10.3612, 59.8783], [10.3671, 59.8794], [10.3702, 59.8799], [10.3704, 59.88], [10.3711, 59.8801], [10.3755, 59.881], [10.3781, 59.8816], [10.3813, 59.882], [10.3839, 59.8823], [10.3894, 59.8829], [10.3935, 59.8834], [10.3979, 59.884], [10.4024, 59.8845], [10.4054, 59.8849], [10.4113, 59.8856], [10.4146, 59.886], [10.4178, 59.8864], [10.4223, 59.8869], [10.4272, 59.8875], [10.4334, 59.8883], [10.4373, 59.8888], [10.4394, 59.8891], [10.44, 59.8891], [10.4447, 59.8897], [10.4487, 59.8912], [10.4516, 59.8927], [10.4548, 59.8944], [10.456, 59.895], [10.4571, 59.8956], [10.4614, 59.8963], [10.4653, 59.8969], [10.4692, 59.8976], [10.4735, 59.8983], [10.4775, 59.8989], [10.4791, 59.8992], [10.481, 59.8991], [10.485, 59.8984], [10.4886, 59.8979], [10.4928, 59.8976], [10.4929, 59.8976]]}}, {"type": "Feature", "properties": {"osm_type": "line", "voltage_kv": 132.0, "name": "RE_132HL03_1", "avail": 8, "avail_node": "Nordheim"}, "geometry": {"type": "LineString", "coordinates": [[8.2325, 63.2231], [8.2461, 63.2264]]}}, {"type": "Feature", "properties": {"osm_type": "line", "voltage_kv": 300.0, "name": "Lio - Eidsborg", "avail": 0}, "geometry": {"type": "LineString", "coordinates": [[7.944, 59.4639], [7.9548, 59.4651], [7.9584, 59.4661], [7.9603, 59.4666], [7.9627, 59.4673], [7.9718, 59.4703], [7.9739, 59.4711], [7.9823, 59.4739]]}}, {"type": "Feature", "properties": {"osm_type": "line", "voltage_kv": 300.0, "name": "Orkdal - Aura", "avail": 0}, "geometry": {"type": "LineString", "coordinates": [[9.0191, 62.998], [9.0158, 62.9968]]}}, {"type": "Feature", "properties": {"osm_type": "line", "voltage_kv": 300.0, "name": "Orkdal - Aura", "avail": 2, "avail_node": "Ulvund"}, "geometry": {"type": "LineString", "coordinates": [[9.007, 62.9937], [9.0055, 62.9932], [9.0022, 62.992], [8.9961, 62.9899], [8.9905, 62.9879], [8.9849, 62.9859], [8.9788, 62.9841], [8.9753, 62.983], [8.9644, 62.9797], [8.9614, 62.9788], [8.9462, 62.975], [8.9437, 62.9743], [8.9387, 62.9733], [8.9343, 62.9723], [8.9275, 62.9709], [8.9223, 62.9697], [8.9188, 62.969], [8.9116, 62.9675], [8.9076, 62.9666], [8.8982, 62.9645], [8.8938, 62.9629], [8.888, 62.9607], [8.8849, 62.9596], [8.8828, 62.9588], [8.8773, 62.9563], [8.8726, 62.9542], [8.8679, 62.952], [8.8642, 62.9504], [8.8592, 62.9481], [8.8554, 62.9463], [8.8531, 62.9453], [8.8411, 62.9364], [8.8256, 62.9265], [8.8219, 62.9259], [8.8157, 62.925], [8.8107, 62.9241], [8.8051, 62.9229], [8.8026, 62.9222], [8.7977, 62.9208], [8.7915, 62.9191], [8.787, 62.9178], [8.7821, 62.9163], [8.776, 62.9145], [8.7738, 62.9137], [8.7684, 62.9119], [8.7636, 62.9104], [8.7566, 62.9081], [8.7519, 62.9065], [8.7381, 62.9022], [8.7318, 62.9002], [8.7286, 62.8992], [8.7261, 62.8982], [8.7216, 62.8964], [8.7164, 62.8943], [8.7121, 62.8925], [8.7071, 62.8905], [8.7026, 62.8887], [8.6987, 62.8871], [8.6952, 62.8857], [8.6919, 62.8843], [8.6882, 62.8828], [8.6853, 62.8815], [8.6825, 62.88], [8.6794, 62.8784], [8.6766, 62.8769], [8.6722, 62.8745], [8.6658, 62.8711], [8.6628, 62.8695], [8.653, 62.8653], [8.6481, 62.8633], [8.6457, 62.8622], [8.6429, 62.8609], [8.6429, 62.8585], [8.6429, 62.8575], [8.6437, 62.8543], [8.6439, 62.8533], [8.6387, 62.8491], [8.6384, 62.8489], [8.6363, 62.8482], [8.6208, 62.8458], [8.6053, 62.8433], [8.6023, 62.8425], [8.599, 62.8414], [8.5889, 62.8382], [8.5861, 62.8366], [8.5834, 62.8351], [8.58, 62.8331], [8.5781, 62.832], [8.5775, 62.8295], [8.5771, 62.8276], [8.5768, 62.8262], [8.5764, 62.8246], [8.5759, 62.8231], [8.5751, 62.821], [8.5742, 62.8188], [8.5731, 62.8159], [8.5721, 62.8134], [8.5711, 62.8109], [8.5699, 62.8086], [8.5685, 62.8068], [8.5671, 62.8049], [8.5638, 62.804], [8.5587, 62.8026], [8.5516, 62.8007], [8.5442, 62.7987], [8.5373, 62.7968], [8.5316, 62.7953], [8.5288, 62.7945], [8.5275, 62.7929], [8.5262, 62.7911], [8.5244, 62.7888], [8.5219, 62.7856], [8.5202, 62.7835], [8.5175, 62.78], [8.5123, 62.7721], [8.5116, 62.7713], [8.5081, 62.7664], [8.5068, 62.7646], [8.504, 62.7606], [8.503, 62.7586], [8.5014, 62.7554], [8.5006, 62.7538], [8.499, 62.7506], [8.4985, 62.7495], [8.4991, 62.7482], [8.4934, 62.74], [8.4877, 62.7317], [8.4821, 62.7235], [8.4764, 62.7152], [8.4774, 62.7149], [8.4774, 62.7129], [8.4772, 62.7098], [8.4772, 62.7083], [8.4771, 62.706], [8.477, 62.7034], [8.4769, 62.7013], [8.4776, 62.7009], [8.4862, 62.6968], [8.488, 62.6959], [8.4914, 62.6942], [8.4966, 62.6917]]}}, {"type": "Feature", "properties": {"osm_type": "line", "voltage_kv": 300.0, "name": "Orkdal - Aura", "avail": 0}, "geometry": {"type": "LineString", "coordinates": [[8.504, 62.688], [8.5048, 62.6876], [8.5073, 62.6862], [8.5099, 62.6847], [8.5136, 62.6795], [8.5159, 62.6763], [8.5178, 62.6736], [8.5201, 62.6704], [8.5211, 62.6692], [8.5208, 62.6682], [8.5203, 62.6666]]}}, {"type": "Feature", "properties": {"osm_type": "line", "voltage_kv": 420.0, "name": "\u00c5dal - Ringerike", "avail": 6, "avail_node": "Ultvedt "}, "geometry": {"type": "LineString", "coordinates": [[10.1457, 60.2457], [10.1455, 60.2455], [10.1437, 60.2433], [10.1407, 60.2396], [10.1387, 60.2371], [10.1413, 60.2342], [10.1441, 60.2311], [10.1471, 60.2279], [10.1497, 60.225], [10.1528, 60.2216], [10.1563, 60.2178], [10.1591, 60.2148], [10.1597, 60.2142], [10.16, 60.2138], [10.1606, 60.2133], [10.1634, 60.2103], [10.166, 60.2077], [10.167, 60.2046], [10.1678, 60.2021], [10.1719, 60.1983], [10.1721, 60.1981], [10.1746, 60.1959], [10.1781, 60.1927], [10.1788, 60.192], [10.1801, 60.1908], [10.1803, 60.1907], [10.1807, 60.1903], [10.1828, 60.1884], [10.185, 60.1863], [10.1853, 60.1822], [10.1855, 60.1799], [10.1857, 60.1777], [10.1858, 60.1753], [10.1858, 60.1753], [10.1858, 60.1753], [10.1858, 60.175], [10.1917, 60.1731], [10.193, 60.1727], [10.1965, 60.1715], [10.1999, 60.1701]]}}, {"type": "Feature", "properties": {"osm_type": "line", "name": "Jord Samnanger - Fana", "avail": 10, "avail_node": "Eikelandsosen - Holsund"}, "geometry": {"type": "LineString", "coordinates": [[5.6946, 60.3524], [5.6939, 60.3523], [5.6928, 60.3524], [5.6897, 60.3525], [5.6882, 60.3526]]}}, {"type": "Feature", "properties": {"osm_type": "line", "voltage_kv": 132.0, "name": "Bj\u00f8rnevatn - Kirkenes", "avail": 22, "avail_node": "Kirkenes"}, "geometry": {"type": "LineString", "coordinates": [[30.0044, 69.6695], [30.0044, 69.6696], [30.0046, 69.6707], [30.003, 69.6716], [29.9984, 69.6726], [29.9956, 69.6733], [29.9935, 69.6738], [29.9898, 69.6747], [29.9871, 69.6753], [29.985, 69.6758], [29.9819, 69.6765], [29.9795, 69.6771], [29.9748, 69.6783], [29.9694, 69.6797], [29.9663, 69.6805], [29.9643, 69.6811], [29.9608, 69.6819], [29.9587, 69.6826], [29.9584, 69.6826], [29.9594, 69.6832], [29.9607, 69.6839], [29.9631, 69.6852], [29.9644, 69.6859], [29.9674, 69.6876], [29.9676, 69.6882], [29.9678, 69.6887], [29.9682, 69.6895], [29.9685, 69.6904], [29.9692, 69.692], [29.9709, 69.6928], [29.9722, 69.6935], [29.9726, 69.6937], [29.9758, 69.6953], [29.9768, 69.6958], [29.9789, 69.6968], [29.9819, 69.6983], [29.9839, 69.6993], [29.9855, 69.7001], [29.9885, 69.7016], [29.9914, 69.703], [29.9941, 69.7044], [29.9973, 69.706], [30.0001, 69.7074], [30.0031, 69.7089], [30.0049, 69.7098], [30.006, 69.7103], [30.0101, 69.7123], [30.0116, 69.7131], [30.0142, 69.7144], [30.0156, 69.7151], [30.0174, 69.716], [30.0199, 69.7172], [30.0224, 69.7184], [30.0238, 69.7191], [30.0258, 69.7201], [30.0275, 69.7207], [30.0278, 69.7208]]}}, {"type": "Feature", "properties": {"osm_type": "line", "voltage_kv": 300.0, "name": "F\u00f8rre - Lyse", "avail": 2, "avail_node": "Moen trafostasjon"}, "geometry": {"type": "LineString", "coordinates": [[6.6051, 59.3247], [6.6052, 59.3245], [6.6066, 59.3225], [6.6094, 59.3208], [6.6106, 59.3201], [6.6139, 59.3173], [6.6157, 59.3148], [6.6169, 59.3134], [6.6188, 59.3114], [6.6211, 59.3088], [6.6242, 59.3054], [6.626, 59.2986], [6.6289, 59.2957], [6.6321, 59.2935], [6.6329, 59.2902], [6.635, 59.2855], [6.6387, 59.2822], [6.6414, 59.279], [6.6426, 59.2775], [6.6423, 59.2756], [6.6415, 59.2742], [6.6403, 59.2721], [6.6386, 59.2693], [6.6375, 59.267], [6.6361, 59.2639], [6.6348, 59.2611], [6.6337, 59.2583], [6.6327, 59.2557], [6.6313, 59.2519], [6.6302, 59.249], [6.6293, 59.2464], [6.6284, 59.2442], [6.6271, 59.2412], [6.6256, 59.2384], [6.6245, 59.2364], [6.622, 59.2321], [6.619, 59.227], [6.6169, 59.2256], [6.6153, 59.2223], [6.6141, 59.2198], [6.614, 59.2172], [6.6138, 59.2138], [6.6136, 59.2119], [6.6133, 59.2098], [6.613, 59.2076], [6.6117, 59.2042], [6.6111, 59.2029], [6.6091, 59.1988], [6.6074, 59.1951], [6.6055, 59.1917], [6.6045, 59.1902], [6.6016, 59.1859], [6.5996, 59.183], [6.5976, 59.18], [6.5975, 59.1762], [6.5975, 59.1745], [6.5974, 59.1707], [6.5973, 59.169], [6.5967, 59.1646], [6.5959, 59.1598], [6.5971, 59.1574], [6.5981, 59.1554], [6.5997, 59.1524], [6.6011, 59.1498], [6.6036, 59.1453], [6.6081, 59.1432], [6.6134, 59.1406], [6.6178, 59.1386], [6.6216, 59.1368], [6.6232, 59.1346], [6.624, 59.1335], [6.6261, 59.1304], [6.6256, 59.1268], [6.6253, 59.1249], [6.6246, 59.1196], [6.6238, 59.1141], [6.6235, 59.1129], [6.6229, 59.1087], [6.6222, 59.1045], [6.6221, 59.102], [6.6225, 59.0984], [6.6263, 59.0961], [6.6303, 59.0938], [6.6361, 59.0909], [6.6378, 59.09], [6.6384, 59.0886], [6.6392, 59.0865], [6.6404, 59.0834], [6.6407, 59.0822], [6.6412, 59.0817], [6.6434, 59.0789], [6.6456, 59.0772], [6.6486, 59.0748], [6.6505, 59.0733], [6.6591, 59.0667], [6.6593, 59.0666], [6.662, 59.0645], [6.6629, 59.0636]]}}, {"type": "Feature", "properties": {"osm_type": "line", "voltage_kv": 300.0, "name": "Namskogan - Tunnsj\u00f8dal", "avail": 3, "avail_node": "Tunnsj\u00f8dal"}, "geometry": {"type": "LineString", "coordinates": [[13.2267, 64.9838], [13.2267, 64.9836], [13.2276, 64.9795], [13.2282, 64.9762], [13.2285, 64.973], [13.2289, 64.9699], [13.2292, 64.9668], [13.2297, 64.9627], [13.2302, 64.9591], [13.2306, 64.957], [13.231, 64.9544], [13.2316, 64.9511], [13.232, 64.9485], [13.2314, 64.945], [13.2309, 64.9424], [13.2303, 64.939], [13.2298, 64.9356], [13.2294, 64.9327], [13.2289, 64.929], [13.2283, 64.9252], [13.228, 64.9224], [13.2275, 64.9192], [13.2271, 64.9161], [13.2267, 64.9133], [13.2266, 64.9126], [13.2224, 64.9102], [13.2178, 64.9073], [13.2132, 64.9043], [13.209, 64.9017], [13.2038, 64.8983], [13.2, 64.896], [13.1968, 64.8939], [13.1937, 64.892], [13.191, 64.8902], [13.186, 64.8871], [13.1815, 64.8842], [13.1808, 64.8838], [13.1759, 64.8807], [13.1718, 64.8781], [13.1674, 64.8753], [13.1636, 64.8725], [13.1589, 64.8691], [13.1559, 64.8667], [13.1521, 64.8633], [13.1487, 64.8603], [13.1454, 64.8574], [13.1418, 64.8541], [13.1383, 64.8509], [13.1341, 64.8472], [13.1303, 64.8438], [13.1269, 64.8407], [13.1236, 64.8377], [13.121, 64.8354], [13.1152, 64.8301], [13.1122, 64.8274], [13.1076, 64.8233], [13.105, 64.8209], [13.1023, 64.8186], [13.0977, 64.815], [13.0951, 64.813], [13.09, 64.8091], [13.0852, 64.8053], [13.0817, 64.8026], [13.0784, 64.8001], [13.074, 64.7966], [13.0695, 64.7931], [13.0662, 64.7906], [13.0624, 64.7876], [13.0594, 64.7853], [13.0545, 64.7816], [13.0498, 64.7785], [13.0456, 64.7757], [13.0423, 64.7736], [13.0355, 64.7713], [13.0283, 64.769], [13.0212, 64.7668], [13.0155, 64.7651], [13.0084, 64.7629], [13.0023, 64.761], [12.9954, 64.7589], [12.988, 64.7566], [12.9812, 64.7545], [12.9756, 64.7527], [12.969, 64.7507], [12.9627, 64.7487], [12.9579, 64.7473], [12.9533, 64.7458], [12.9474, 64.744], [12.9414, 64.7421], [12.9342, 64.7399], [12.9292, 64.738], [12.9232, 64.7357], [12.9177, 64.7337], [12.9097, 64.7307], [12.9041, 64.7285], [12.8975, 64.7259], [12.8903, 64.723], [12.8813, 64.7194], [12.8758, 64.7175], [12.8707, 64.7157], [12.8671, 64.7145], [12.8615, 64.7125], [12.8548, 64.7102], [12.8509, 64.7088], [12.8479, 64.7077], [12.842, 64.7057], [12.8408, 64.7052]]}}, {"type": "Feature", "properties": {"osm_type": "line", "voltage_kv": 132.0, "name": "Skogfoss - Varangerbotn", "avail": 2, "avail_node": "Gandvik"}, "geometry": {"type": "LineString", "coordinates": [[29.1127, 70.0112], [29.1108, 70.0115], [29.1069, 70.0126], [29.1044, 70.0134], [29.0999, 70.0149], [29.0982, 70.0155], [29.0945, 70.0169], [29.0902, 70.0184], [29.0867, 70.0197], [29.0848, 70.0203], [29.0824, 70.0212], [29.0802, 70.022], [29.0793, 70.0228], [29.0784, 70.0236], [29.0773, 70.0245], [29.0768, 70.025], [29.075, 70.0267], [29.074, 70.0276], [29.0729, 70.0287], [29.0715, 70.0301], [29.0694, 70.0321], [29.0676, 70.0338], [29.0669, 70.0345], [29.0657, 70.0356], [29.0647, 70.0367], [29.0629, 70.0371], [29.0587, 70.0383], [29.056, 70.039], [29.0527, 70.0399], [29.0486, 70.0411], [29.0466, 70.0416], [29.0431, 70.0426], [29.0404, 70.0433], [29.0359, 70.0445], [29.0332, 70.0452], [29.0306, 70.046], [29.0272, 70.0469], [29.0245, 70.0476], [29.0203, 70.0488], [29.016, 70.0499], [29.0123, 70.0509], [29.0098, 70.0516], [29.0079, 70.0515], [29.0034, 70.0514], [29.0001, 70.0513], [28.9951, 70.0511], [28.9899, 70.0519], [28.9852, 70.0526], [28.9832, 70.0529], [28.9783, 70.0537], [28.974, 70.0543], [28.9699, 70.0549], [28.9651, 70.0557], [28.9604, 70.0564], [28.9586, 70.0567], [28.9555, 70.0568], [28.9493, 70.0571], [28.9451, 70.0572], [28.9425, 70.0573], [28.9383, 70.0584], [28.9355, 70.0591], [28.9319, 70.06], [28.9279, 70.0609], [28.9227, 70.061], [28.9203, 70.061], [28.918, 70.061], [28.9124, 70.061], [28.9076, 70.061], [28.9028, 70.0608], [28.8978, 70.0606], [28.8942, 70.0608], [28.8895, 70.0609], [28.8834, 70.0611], [28.8808, 70.0611], [28.877, 70.0611], [28.8741, 70.0615], [28.8722, 70.0617], [28.8664, 70.0623], [28.861, 70.0629], [28.8576, 70.0633], [28.8555, 70.0635], [28.8521, 70.0639], [28.849, 70.0643], [28.8466, 70.0645], [28.8435, 70.0649], [28.8394, 70.0653], [28.8359, 70.0657], [28.8323, 70.0661], [28.8288, 70.0665], [28.8238, 70.0669], [28.82, 70.0673], [28.8186, 70.0681], [28.8159, 70.0698], [28.8134, 70.0712], [28.8092, 70.0721], [28.8043, 70.0724], [28.7986, 70.0728], [28.7956, 70.0729], [28.792, 70.0732], [28.7891, 70.0732], [28.7851, 70.0733], [28.7799, 70.0733], [28.7766, 70.0734], [28.7714, 70.0735], [28.7661, 70.0736], [28.7623, 70.0736], [28.7577, 70.0737], [28.7541, 70.074], [28.7496, 70.0744], [28.7456, 70.0747], [28.7408, 70.0751], [28.7358, 70.0756], [28.7316, 70.0759], [28.7276, 70.0763], [28.722, 70.0768], [28.7177, 70.0771], [28.7152, 70.0773], [28.7107, 70.0777], [28.7055, 70.0782], [28.7036, 70.0783], [28.7004, 70.0788], [28.6955, 70.0795], [28.6916, 70.08], [28.687, 70.0806], [28.6829, 70.0812], [28.6785, 70.0818], [28.6739, 70.0824], [28.671, 70.0828], [28.6673, 70.0838], [28.664, 70.0847], [28.66, 70.0858], [28.6555, 70.0869], [28.6521, 70.0878], [28.6492, 70.0886], [28.6474, 70.0897], [28.6455, 70.0908], [28.6427, 70.0922], [28.6396, 70.0939], [28.6366, 70.0955], [28.6349, 70.0964], [28.6332, 70.0973], [28.6304, 70.0988], [28.6283, 70.0999], [28.625, 70.1003], [28.6229, 70.1006], [28.6195, 70.101], [28.6165, 70.1014], [28.6148, 70.1016], [28.6141, 70.1017], [28.6096, 70.1023], [28.606, 70.1027], [28.6015, 70.1033], [28.5991, 70.1037], [28.5958, 70.1041], [28.5921, 70.1047], [28.5874, 70.1054], [28.5829, 70.106], [28.5806, 70.1064], [28.578, 70.1069], [28.5747, 70.1075], [28.5714, 70.1081], [28.568, 70.1087], [28.5667, 70.1089], [28.5653, 70.1092], [28.562, 70.1103], [28.5584, 70.1116], [28.556, 70.1124], [28.5529, 70.1135], [28.55, 70.1145], [28.5462, 70.1158], [28.5429, 70.117], [28.5427, 70.1186], [28.5426, 70.12], [28.5425, 70.1211], [28.5424, 70.1218], [28.5422, 70.1237], [28.542, 70.1253], [28.5438, 70.1263], [28.5461, 70.1275], [28.5468, 70.1278], [28.5475, 70.1282], [28.5476, 70.13], [28.5476, 70.1305], [28.5476, 70.1317], [28.5477, 70.1326], [28.5477, 70.1337], [28.5477, 70.1348], [28.5478, 70.136], [28.5478, 70.1373], [28.5479, 70.1389], [28.5479, 70.1407], [28.548, 70.142], [28.548, 70.1434], [28.548, 70.1447], [28.5481, 70.1458], [28.5481, 70.1477], [28.5482, 70.149], [28.5482, 70.1507], [28.5483, 70.1525], [28.5483, 70.1543], [28.5484, 70.156], [28.5484, 70.1572], [28.5478, 70.1588], [28.5473, 70.1602], [28.5468, 70.1616], [28.5462, 70.1631], [28.5457, 70.1645], [28.5452, 70.1659], [28.5447, 70.1672], [28.5443, 70.1684], [28.5441, 70.1687]]}}, {"type": "Feature", "properties": {"osm_type": "line", "voltage_kv": 132.0, "name": "Skogfoss - Varangerbotn", "avail": 3, "avail_node": "Neiden"}, "geometry": {"type": "LineString", "coordinates": [[29.3493, 69.7065], [29.349, 69.7072], [29.3485, 69.7084], [29.3476, 69.7104], [29.347, 69.7118], [29.3465, 69.713], [29.3459, 69.7143], [29.3454, 69.7155], [29.3449, 69.7166], [29.3443, 69.7181], [29.344, 69.7186], [29.3441, 69.7202], [29.3436, 69.7203], [29.343, 69.7203], [29.3429, 69.7213], [29.3426, 69.7232], [29.3425, 69.7245], [29.3415, 69.7258], [29.3406, 69.7272], [29.3394, 69.7289], [29.3383, 69.7304], [29.3378, 69.7312], [29.338, 69.7323], [29.3383, 69.734], [29.3384, 69.7346], [29.3387, 69.7364], [29.3388, 69.737], [29.3391, 69.7388], [29.3394, 69.7401], [29.3396, 69.7412], [29.3398, 69.7423], [29.34, 69.7437], [29.3402, 69.7445], [29.3404, 69.7455], [29.3407, 69.7475], [29.3409, 69.7486], [29.3412, 69.7501], [29.3415, 69.7519], [29.3419, 69.7539], [29.3421, 69.7552], [29.3425, 69.7569], [29.3427, 69.7585], [29.3431, 69.7606], [29.3433, 69.7615], [29.3435, 69.7627], [29.3438, 69.7643], [29.344, 69.7651], [29.3441, 69.766], [29.3445, 69.768], [29.3447, 69.7691], [29.345, 69.7706], [29.3452, 69.7722], [29.3455, 69.7735], [29.3457, 69.7748], [29.3461, 69.7768], [29.3464, 69.7783], [29.3467, 69.7803], [29.347, 69.7818], [29.3481, 69.7827], [29.3499, 69.7841], [29.3514, 69.7854], [29.3531, 69.7867], [29.3558, 69.7876], [29.3592, 69.7888], [29.3644, 69.7905], [29.3672, 69.7914], [29.3692, 69.7921], [29.369, 69.7938], [29.3689, 69.795], [29.3687, 69.7967], [29.3698, 69.7975], [29.3705, 69.7992], [29.3714, 69.8013], [29.372, 69.8026], [29.3727, 69.8044], [29.3735, 69.8061], [29.3739, 69.8073], [29.3747, 69.809], [29.3754, 69.8107], [29.3761, 69.8123], [29.3767, 69.8138], [29.3772, 69.8148], [29.3778, 69.8162], [29.3784, 69.8176], [29.3792, 69.8195], [29.3798, 69.8209], [29.3805, 69.8226], [29.381, 69.8239], [29.3816, 69.8251], [29.3824, 69.8269], [29.3831, 69.8287], [29.3839, 69.8305], [29.3844, 69.8318], [29.3838, 69.8339], [29.3834, 69.8351], [29.3823, 69.8355], [29.3782, 69.837], [29.3752, 69.8382], [29.3729, 69.839], [29.3727, 69.8391], [29.371, 69.8397], [29.3689, 69.8405], [29.3663, 69.8415], [29.3633, 69.8426], [29.3605, 69.8436], [29.3576, 69.8447], [29.3544, 69.8459], [29.3521, 69.8467], [29.3488, 69.848], [29.346, 69.849], [29.343, 69.8501], [29.3402, 69.8512], [29.3381, 69.8519], [29.3354, 69.8529], [29.3319, 69.8542], [29.329, 69.8553], [29.3268, 69.8561], [29.3275, 69.8577], [29.328, 69.8591], [29.3285, 69.8602], [29.3292, 69.8621], [29.3299, 69.8638], [29.3306, 69.8656], [29.3307, 69.8659], [29.3309, 69.8663], [29.3314, 69.8676], [29.3322, 69.8696], [29.332, 69.8709], [29.3317, 69.8722], [29.3314, 69.8736], [29.3311, 69.8752], [29.3308, 69.8767], [29.3304, 69.8783], [29.3301, 69.8801], [29.3298, 69.8815], [29.3295, 69.8827], [29.3291, 69.885], [29.3288, 69.8863], [29.3285, 69.8876], [29.3282, 69.8892], [29.3278, 69.8911], [29.3275, 69.8924], [29.3272, 69.8938], [29.327, 69.8948], [29.3268, 69.8957], [29.3265, 69.8973], [29.3261, 69.8992], [29.325, 69.9005], [29.3242, 69.9013], [29.3223, 69.9035], [29.3214, 69.9046], [29.3209, 69.9052], [29.3204, 69.9058], [29.3195, 69.9068], [29.3183, 69.9078], [29.3162, 69.9096], [29.3145, 69.9111], [29.3135, 69.9119], [29.3117, 69.9134], [29.3098, 69.915], [29.3081, 69.9164], [29.3062, 69.9181], [29.3043, 69.9196], [29.3032, 69.9205], [29.3012, 69.9222], [29.2997, 69.9235], [29.2975, 69.9253], [29.2961, 69.9266], [29.2943, 69.928], [29.2921, 69.9299], [29.2913, 69.9305], [29.2894, 69.9321], [29.2874, 69.9338], [29.2861, 69.9349], [29.2841, 69.9365], [29.2826, 69.9378], [29.2811, 69.9391], [29.2792, 69.9406], [29.277, 69.9425], [29.2754, 69.9438], [29.2738, 69.9451], [29.2729, 69.9459], [29.2708, 69.9476], [29.2691, 69.949], [29.2685, 69.9495], [29.2671, 69.9507], [29.2661, 69.9515], [29.2637, 69.953], [29.2611, 69.9545], [29.2598, 69.9552], [29.2596, 69.9571], [29.2577, 69.9582], [29.2548, 69.9598], [29.2525, 69.9611], [29.2501, 69.9625], [29.2477, 69.9629], [29.243, 69.9639], [29.2399, 69.9645], [29.2346, 69.9656], [29.2318, 69.9662], [29.2284, 69.9669], [29.224, 69.9683], [29.2217, 69.9692], [29.2185, 69.9706], [29.2164, 69.9714], [29.2129, 69.9729], [29.2097, 69.9743], [29.2085, 69.9748], [29.2054, 69.9762], [29.2037, 69.9769], [29.2001, 69.9786], [29.1978, 69.9796], [29.196, 69.9804], [29.1942, 69.9811], [29.1913, 69.9825], [29.189, 69.9838], [29.187, 69.985], [29.1856, 69.9855], [29.1821, 69.9868], [29.1805, 69.9873], [29.1778, 69.9883], [29.1746, 69.9894], [29.172, 69.9903], [29.1698, 69.9911], [29.167, 69.9921], [29.1642, 69.9932], [29.1616, 69.9941], [29.1599, 69.9947], [29.1584, 69.9953], [29.1556, 69.9963], [29.1528, 69.9974], [29.1501, 69.9984], [29.1474, 69.9994], [29.1447, 70.0004], [29.1404, 70.002], [29.1368, 70.0034], [29.1347, 70.0041], [29.1309, 70.0055], [29.1275, 70.0068], [29.125, 70.0077], [29.1241, 70.0081]]}}, {"type": "Feature", "properties": {"osm_type": "line", "voltage_kv": 132.0, "name": "Skogfoss - Varangerbotn", "avail": 22, "avail_node": "Kirkenes"}, "geometry": {"type": "LineString", "coordinates": [[29.7478, 69.4155], [29.7483, 69.4157], [29.7511, 69.4169], [29.754, 69.4181], [29.7569, 69.4193], [29.7596, 69.4203], [29.7625, 69.4215], [29.766, 69.423], [29.7689, 69.4241], [29.7716, 69.4252], [29.7744, 69.4264], [29.777, 69.4274], [29.7791, 69.4283], [29.7818, 69.4293], [29.7846, 69.4305], [29.7875, 69.4317], [29.7903, 69.4328], [29.7934, 69.434], [29.796, 69.4351], [29.7989, 69.4363], [29.8019, 69.4375], [29.8049, 69.4387], [29.8076, 69.4398], [29.8102, 69.4409], [29.8131, 69.4421], [29.8152, 69.4429], [29.8178, 69.444], [29.8211, 69.4453], [29.8238, 69.4464], [29.8267, 69.4476], [29.8288, 69.4484], [29.8315, 69.4495], [29.8341, 69.4506], [29.8377, 69.452], [29.8412, 69.4534], [29.844, 69.4545], [29.8466, 69.4556], [29.8501, 69.457], [29.8529, 69.4582], [29.8555, 69.4592], [29.8581, 69.4602], [29.8611, 69.4615], [29.8641, 69.4627], [29.8674, 69.464], [29.8699, 69.465], [29.8724, 69.466], [29.8757, 69.4674], [29.879, 69.4687], [29.8823, 69.47], [29.8854, 69.4713], [29.8885, 69.4725], [29.8913, 69.4736], [29.8943, 69.4748], [29.8972, 69.476], [29.9002, 69.4772], [29.9037, 69.4787], [29.907, 69.48], [29.9098, 69.4811], [29.9127, 69.4823], [29.9153, 69.4833], [29.918, 69.4844], [29.921, 69.4856], [29.9241, 69.4869], [29.9271, 69.488], [29.93, 69.4892], [29.9328, 69.4904], [29.9359, 69.4916], [29.9388, 69.4928], [29.9421, 69.4941], [29.9447, 69.4951], [29.9476, 69.4963], [29.9504, 69.4974], [29.9529, 69.4984], [29.956, 69.4997], [29.9556, 69.5009], [29.9552, 69.5023], [29.9548, 69.5039], [29.9543, 69.5057], [29.9539, 69.507], [29.9534, 69.5087], [29.9529, 69.5103], [29.9527, 69.5113], [29.9525, 69.5118], [29.9521, 69.5132], [29.9517, 69.5147], [29.9513, 69.5162], [29.9509, 69.5176], [29.9506, 69.5187], [29.9502, 69.5199], [29.9497, 69.5217], [29.9491, 69.5238], [29.9485, 69.5258], [29.9483, 69.5266], [29.948, 69.5275], [29.9479, 69.528], [29.9474, 69.5296], [29.9471, 69.5308], [29.9467, 69.532], [29.9465, 69.5331], [29.9461, 69.5344], [29.9457, 69.5358], [29.9453, 69.5372], [29.945, 69.5381], [29.9448, 69.5387], [29.9445, 69.5399], [29.9439, 69.5421], [29.9435, 69.5434], [29.9432, 69.5445], [29.943, 69.5451], [29.9426, 69.5467], [29.9423, 69.5477], [29.9418, 69.5495], [29.9414, 69.5509], [29.9409, 69.5524], [29.9404, 69.5543], [29.9399, 69.5559], [29.9396, 69.5571], [29.9391, 69.5589], [29.9387, 69.5602], [29.9383, 69.5616], [29.9378, 69.5633], [29.9374, 69.5646], [29.937, 69.5663], [29.9365, 69.5678], [29.936, 69.5697], [29.9355, 69.5713], [29.9353, 69.5722], [29.9351, 69.5729], [29.9345, 69.5748], [29.9342, 69.5759], [29.9339, 69.5771], [29.9329, 69.5777], [29.9302, 69.5795], [29.9279, 69.5812], [29.9259, 69.5825], [29.9238, 69.5839], [29.9234, 69.5851], [29.9229, 69.5865], [29.9226, 69.5874], [29.9221, 69.5885], [29.9215, 69.5904], [29.9211, 69.5913], [29.9208, 69.5921], [29.9205, 69.5931], [29.9202, 69.5938], [29.9202, 69.5954], [29.9202, 69.5969], [29.9201, 69.5984], [29.9201, 69.6002], [29.9201, 69.602], [29.92, 69.6031], [29.92, 69.6047], [29.92, 69.6062], [29.9199, 69.6078], [29.9199, 69.6087], [29.9199, 69.6104], [29.9192, 69.6118], [29.9185, 69.6134], [29.9179, 69.6147], [29.9174, 69.6157], [29.9167, 69.6171], [29.9162, 69.6183], [29.9153, 69.6201], [29.9147, 69.6213], [29.9141, 69.6227], [29.9134, 69.6241], [29.9128, 69.6253], [29.9122, 69.6265], [29.9113, 69.6285], [29.9106, 69.63], [29.91, 69.6312], [29.9094, 69.6325], [29.9084, 69.6346], [29.908, 69.6354], [29.9082, 69.6361], [29.9087, 69.6382], [29.9089, 69.6391], [29.9093, 69.6407], [29.9098, 69.6426], [29.91, 69.6434], [29.9103, 69.6446], [29.9107, 69.6462], [29.908, 69.6476], [29.906, 69.6485], [29.9047, 69.6491], [29.9024, 69.6502], [29.8999, 69.6514], [29.8973, 69.6527], [29.8953, 69.6538], [29.8937, 69.6547], [29.8914, 69.6561], [29.8883, 69.6579], [29.8867, 69.6588], [29.8863, 69.659], [29.8841, 69.6603], [29.8822, 69.6614], [29.8796, 69.6629], [29.8778, 69.6639], [29.8752, 69.6654], [29.8731, 69.6667], [29.8721, 69.6672], [29.8702, 69.6679], [29.8678, 69.6688], [29.8655, 69.6697], [29.8652, 69.6698], [29.8645, 69.67], [29.8615, 69.6697], [29.8584, 69.6693], [29.8555, 69.6689], [29.8496, 69.6682], [29.8474, 69.6679], [29.843, 69.6674], [29.8382, 69.6668], [29.8359, 69.6665], [29.8322, 69.6661], [29.8306, 69.666], [29.8255, 69.6656], [29.8226, 69.6653], [29.8177, 69.6649], [29.814, 69.6645], [29.8099, 69.6642], [29.8055, 69.6638], [29.8021, 69.6635], [29.7971, 69.663], [29.7943, 69.6628], [29.7897, 69.6624], [29.7863, 69.6621], [29.7837, 69.6618], [29.7797, 69.6617], [29.7766, 69.6616], [29.7717, 69.6615], [29.7691, 69.6614], [29.7656, 69.6613], [29.7608, 69.6612], [29.7588, 69.6611], [29.7556, 69.661], [29.7517, 69.6609], [29.748, 69.6608], [29.7447, 69.6607], [29.741, 69.6606], [29.7389, 69.6606], [29.736, 69.6605], [29.7319, 69.6604], [29.7291, 69.6603], [29.7268, 69.6602], [29.7245, 69.66], [29.722, 69.6597], [29.7191, 69.6595], [29.7131, 69.6589], [29.7094, 69.6585], [29.7055, 69.6581], [29.7037, 69.658], [29.6988, 69.6577], [29.6939, 69.6574], [29.6905, 69.6571], [29.6846, 69.6567], [29.6831, 69.6566], [29.6795, 69.6564], [29.6771, 69.6562], [29.673, 69.656], [29.6695, 69.6557], [29.6648, 69.6554], [29.6606, 69.6551], [29.6573, 69.6549], [29.6528, 69.6546], [29.6494, 69.6544], [29.6445, 69.654], [29.6405, 69.6538], [29.638, 69.6536], [29.6321, 69.6532], [29.6293, 69.653], [29.6258, 69.6528], [29.6236, 69.6526], [29.6187, 69.6523], [29.6139, 69.652], [29.6102, 69.6517], [29.6063, 69.6515], [29.6029, 69.6512], [29.5993, 69.651], [29.5948, 69.6507], [29.5903, 69.6504], [29.5892, 69.6503], [29.5842, 69.6497], [29.5799, 69.6492], [29.5785, 69.6491], [29.574, 69.6486], [29.5697, 69.6481], [29.5655, 69.6476], [29.5615, 69.6471], [29.5578, 69.6467], [29.5556, 69.6464], [29.5511, 69.6459], [29.5481, 69.6456], [29.5451, 69.6452], [29.5439, 69.6451], [29.5382, 69.6445], [29.5339, 69.644], [29.5311, 69.6436], [29.5264, 69.6431], [29.5231, 69.6427], [29.5192, 69.6423], [29.5161, 69.6419], [29.5133, 69.6416], [29.509, 69.6411], [29.5057, 69.6407], [29.503, 69.6404], [29.4996, 69.64], [29.496, 69.64], [29.4911, 69.6399], [29.4866, 69.6399], [29.4818, 69.6398], [29.4765, 69.6397], [29.4733, 69.6401], [29.4689, 69.6407], [29.4642, 69.6412], [29.4595, 69.6418], [29.455, 69.6423], [29.4513, 69.6428], [29.4482, 69.6442], [29.4448, 69.6458], [29.4416, 69.6473], [29.4392, 69.6484], [29.4369, 69.6495], [29.4344, 69.6507], [29.4327, 69.6515], [29.4308, 69.6523], [29.4281, 69.6536], [29.4265, 69.6543], [29.424, 69.6555], [29.4226, 69.6562], [29.4192, 69.6577], [29.4171, 69.6587], [29.4148, 69.6598], [29.4133, 69.6605], [29.412, 69.6611], [29.4108, 69.6621], [29.4094, 69.6633], [29.4076, 69.6648], [29.4056, 69.6665], [29.4047, 69.6672], [29.4034, 69.6683], [29.402, 69.6695], [29.4006, 69.6707], [29.3989, 69.6721], [29.397, 69.6738], [29.3951, 69.6754], [29.3932, 69.6769], [29.3915, 69.6776], [29.3891, 69.6787], [29.3879, 69.6792], [29.3865, 69.6797], [29.3829, 69.6813], [29.3804, 69.6823], [29.3773, 69.6836], [29.3751, 69.6845], [29.3719, 69.6859], [29.3699, 69.6868], [29.3673, 69.6878], [29.3646, 69.689], [29.362, 69.6901], [29.3599, 69.691], [29.3576, 69.692], [29.3552, 69.6929], [29.3546, 69.6943], [29.3542, 69.6952], [29.3534, 69.6972], [29.3531, 69.6978], [29.3528, 69.6985], [29.3518, 69.7008], [29.3518, 69.7008]]}}, {"type": "Feature", "properties": {"osm_type": "line", "voltage_kv": 132.0, "name": "Skogfoss - Varangerbotn", "avail": 5, "avail_node": "Melkefoss"}, "geometry": {"type": "LineString", "coordinates": [[29.6895, 69.3766], [29.6889, 69.3768], [29.6885, 69.377], [29.6853, 69.3783], [29.6831, 69.3792], [29.6809, 69.3801], [29.6799, 69.3813], [29.6789, 69.3826], [29.6781, 69.3837], [29.6772, 69.3849], [29.6761, 69.3863], [29.678, 69.3872], [29.6806, 69.3882], [29.6834, 69.3894], [29.6861, 69.3905], [29.6886, 69.3914], [29.6915, 69.3926], [29.6942, 69.3937], [29.6969, 69.3948], [29.6997, 69.396], [29.7027, 69.3972], [29.7054, 69.3983], [29.7089, 69.3997], [29.712, 69.401], [29.7148, 69.4021], [29.7172, 69.4031], [29.7194, 69.404], [29.7211, 69.4047], [29.7238, 69.4058], [29.7263, 69.4068], [29.7295, 69.4081], [29.7327, 69.4094], [29.7359, 69.4107], [29.737, 69.4112]]}}, {"type": "Feature", "properties": {"osm_type": "line", "voltage_kv": 420.0, "name": "Follo - Tegneby", "avail": 36, "avail_node": "Tofte "}, "geometry": {"type": "LineString", "coordinates": [[10.7768, 59.7283], [10.7756, 59.7281], [10.7727, 59.7278], [10.7721, 59.7275], [10.7719, 59.7274], [10.7719, 59.7273], [10.7717, 59.7273], [10.7697, 59.7262], [10.7652, 59.7238], [10.7624, 59.7222], [10.7587, 59.7201], [10.7545, 59.7177], [10.7496, 59.715], [10.746, 59.7129], [10.7452, 59.7125], [10.7417, 59.7105], [10.7393, 59.7091], [10.7342, 59.7062], [10.7344, 59.7044], [10.7346, 59.7028], [10.733, 59.7006], [10.7306, 59.6975], [10.7271, 59.693], [10.7259, 59.6915], [10.7243, 59.6894], [10.7215, 59.6858], [10.7193, 59.6829], [10.7171, 59.6806], [10.7149, 59.6784], [10.7122, 59.6764], [10.7091, 59.674], [10.7066, 59.6722], [10.7034, 59.6698], [10.7, 59.6673], [10.6986, 59.6662], [10.698, 59.6657], [10.6954, 59.6636], [10.6921, 59.661], [10.6894, 59.6588], [10.6876, 59.6571], [10.687, 59.6566], [10.6839, 59.6538], [10.6813, 59.6515], [10.6813, 59.6514], [10.681, 59.6511], [10.681, 59.6496], [10.6811, 59.6462], [10.6814, 59.6419], [10.6816, 59.6381], [10.6817, 59.6366], [10.6815, 59.6327], [10.6814, 59.6296], [10.6812, 59.6268], [10.6807, 59.6234], [10.6803, 59.6209], [10.6817, 59.6175], [10.6829, 59.6145], [10.685, 59.6092], [10.6864, 59.6058], [10.6868, 59.6047], [10.688, 59.6018], [10.6899, 59.5982], [10.6906, 59.5969], [10.6914, 59.5953], [10.6907, 59.5944], [10.6902, 59.5938], [10.6897, 59.5932], [10.687, 59.59], [10.6854, 59.588], [10.6847, 59.5872], [10.6846, 59.5871], [10.6834, 59.5856], [10.6815, 59.5833], [10.6795, 59.5799], [10.6774, 59.5763], [10.6761, 59.5723], [10.6748, 59.5682], [10.6736, 59.5646], [10.6726, 59.5616], [10.6724, 59.5609], [10.6721, 59.5598], [10.6739, 59.5583], [10.6768, 59.5559], [10.6795, 59.5538], [10.6825, 59.5513], [10.6854, 59.5489], [10.6856, 59.5487], [10.6877, 59.547], [10.6917, 59.5437], [10.692, 59.5437], [10.6953, 59.5428], [10.6957, 59.5427], [10.6957, 59.5427], [10.6957, 59.5427], [10.6998, 59.5417], [10.7049, 59.5402], [10.7095, 59.5387], [10.713, 59.5377], [10.7214, 59.5352], [10.7262, 59.5324], [10.729, 59.5307], [10.731, 59.5293], [10.7341, 59.5271]]}}, {"type": "Feature", "properties": {"osm_type": "line", "voltage_kv": 420.0, "name": "Follo - Tegneby", "avail": 36, "avail_node": "Tofte "}, "geometry": {"type": "LineString", "coordinates": [[10.7344, 59.5269], [10.7367, 59.5253], [10.7395, 59.5233], [10.7425, 59.5212], [10.7426, 59.5211], [10.7428, 59.521], [10.7448, 59.5194], [10.7448, 59.5193], [10.7449, 59.5192], [10.7449, 59.5192], [10.7453, 59.519], [10.746, 59.5184], [10.7468, 59.5178], [10.7472, 59.5175]]}}, {"type": "Feature", "properties": {"osm_type": "line", "voltage_kv": 132.0, "name": "RE_132HL02_6", "avail": 8, "avail_node": "Nordheim"}, "geometry": {"type": "LineString", "coordinates": [[8.1711, 63.2054], [8.172, 63.2056], [8.1748, 63.2064], [8.1759, 63.2072], [8.1774, 63.2083], [8.1792, 63.2096], [8.1795, 63.2098], [8.1812, 63.2111], [8.1821, 63.2117], [8.1843, 63.2125], [8.1865, 63.2133], [8.1886, 63.2141], [8.191, 63.2149], [8.1927, 63.2155], [8.195, 63.2163], [8.1981, 63.2175], [8.2, 63.2181], [8.201, 63.2185], [8.2028, 63.2191], [8.2045, 63.2196], [8.2064, 63.2202]]}}, {"type": "Feature", "properties": {"osm_type": "line", "voltage_kv": 420.0, "name": "Kvandal - Balsfjord", "avail": 6, "avail_node": "Olsborg"}, "geometry": {"type": "LineString", "coordinates": [[18.6002, 69.0359], [18.6027, 69.0374], [18.6135, 69.0412], [18.6206, 69.0441], [18.6296, 69.0476], [18.6352, 69.0499], [18.6392, 69.0508], [18.6478, 69.0521], [18.6564, 69.0533], [18.6633, 69.0544], [18.6724, 69.0557], [18.6774, 69.0565], [18.6811, 69.0578], [18.6886, 69.0605], [18.692, 69.0617], [18.6928, 69.062], [18.694, 69.0651], [18.6954, 69.0686], [18.6967, 69.0716], [18.6982, 69.0755], [18.699, 69.0776], [18.7006, 69.0814], [18.702, 69.0849], [18.7037, 69.0891], [18.705, 69.0925], [18.7097, 69.0933], [18.715, 69.0943], [18.7222, 69.0956], [18.7318, 69.0973], [18.7412, 69.099], [18.7502, 69.1006], [18.7591, 69.1022], [18.7677, 69.1038], [18.7735, 69.1048], [18.7852, 69.1069], [18.7907, 69.1079], [18.8008, 69.1097], [18.8063, 69.1107], [18.8085, 69.1111], [18.8144, 69.1121], [18.8221, 69.1135], [18.8286, 69.1147], [18.8345, 69.1157], [18.8419, 69.1166], [18.8515, 69.1177], [18.8592, 69.1186], [18.8659, 69.1192], [18.8783, 69.1202], [18.8849, 69.1208], [18.8932, 69.1215], [18.8997, 69.122], [18.9103, 69.1233], [18.9195, 69.1244], [18.9315, 69.1259], [18.9379, 69.1267], [18.9481, 69.1279], [18.9584, 69.1292], [18.9673, 69.1303], [18.9741, 69.1311], [18.9844, 69.1324], [18.99, 69.133], [18.999, 69.1341], [19.0075, 69.1352], [19.0141, 69.136], [19.02, 69.1367], [19.0283, 69.1386], [19.0339, 69.1399], [19.0408, 69.1415], [19.0475, 69.1431], [19.0543, 69.1446], [19.0636, 69.1468], [19.0723, 69.1488], [19.0772, 69.1499], [19.0857, 69.1519], [19.0989, 69.155], [19.1138, 69.1586], [19.1212, 69.1603], [19.1289, 69.1622], [19.1317, 69.1632], [19.1384, 69.1658], [19.146, 69.1687], [19.1546, 69.172], [19.1612, 69.1745], [19.1678, 69.177], [19.1724, 69.1788], [19.178, 69.1807], [19.1852, 69.1832], [19.1922, 69.1855], [19.1999, 69.1882]]}}, {"type": "Feature", "properties": {"osm_type": "line", "voltage_kv": 420.0, "name": "Kvandal - Balsfjord", "avail": 11, "avail_node": "Kvandal"}, "geometry": {"type": "LineString", "coordinates": [[17.6177, 68.5785], [17.6206, 68.5795], [17.6266, 68.5814], [17.6303, 68.5844], [17.6356, 68.5887], [17.639, 68.5917], [17.6426, 68.5948], [17.6459, 68.5978], [17.6492, 68.6006], [17.6533, 68.6039], [17.6563, 68.6064], [17.6591, 68.6088], [17.664, 68.6109], [17.6698, 68.6141], [17.6751, 68.6167], [17.6806, 68.6194], [17.6879, 68.623], [17.6937, 68.6259], [17.7018, 68.6298], [17.7017, 68.6313], [17.7015, 68.6343], [17.7012, 68.6375], [17.7021, 68.6394], [17.7033, 68.642], [17.7047, 68.6451], [17.7128, 68.6486], [17.718, 68.6509], [17.7379, 68.6513], [17.7428, 68.6516], [17.7496, 68.6521], [17.7566, 68.6526], [17.7654, 68.6533], [17.7711, 68.6554], [17.7764, 68.6574], [17.7807, 68.6591], [17.7855, 68.6595], [17.792, 68.6601], [17.8037, 68.6611], [17.813, 68.6619], [17.8216, 68.6627], [17.8293, 68.6634], [17.8389, 68.6643], [17.848, 68.6651], [17.8589, 68.6661], [17.8674, 68.6669], [17.8754, 68.6676], [17.8843, 68.6688], [17.892, 68.6699], [17.9026, 68.6714], [17.9122, 68.6727], [17.9181, 68.6735], [17.9251, 68.6745], [17.9338, 68.6757], [17.9421, 68.6768], [17.9499, 68.6779], [17.9589, 68.6791], [17.9687, 68.6803], [17.9792, 68.6816], [17.9861, 68.6825], [17.9932, 68.6833], [18.005, 68.6846], [18.0121, 68.6854], [18.0208, 68.6864], [18.0309, 68.6882], [18.0399, 68.6893], [18.0457, 68.69], [18.0528, 68.6927], [18.0587, 68.6941], [18.0691, 68.6966], [18.0742, 68.6979], [18.0761, 68.6989], [18.0806, 68.7015], [18.085, 68.704], [18.0875, 68.7064], [18.0871, 68.7087], [18.0868, 68.7106], [18.0863, 68.7142], [18.086, 68.7158], [18.0833, 68.7179], [18.0803, 68.7203], [18.0791, 68.722], [18.0772, 68.7247], [18.0756, 68.7268], [18.0733, 68.7304], [18.0708, 68.7342], [18.0718, 68.7371], [18.0729, 68.7395], [18.074, 68.7418], [18.0792, 68.7444], [18.0858, 68.7478], [18.0898, 68.7497], [18.0951, 68.7524], [18.104, 68.7568], [18.1088, 68.7592], [18.1178, 68.7636], [18.121, 68.7652], [18.122, 68.7672], [18.1234, 68.77], [18.1242, 68.772], [18.1258, 68.7784], [18.1258, 68.7818], [18.1258, 68.786], [18.1259, 68.7894], [18.1259, 68.7921], [18.1259, 68.7949], [18.1259, 68.7979], [18.1259, 68.8031], [18.1259, 68.8065], [18.1258, 68.8097], [18.1265, 68.8136], [18.1272, 68.8176], [18.1273, 68.8196], [18.1274, 68.8217], [18.1274, 68.8228], [18.1283, 68.828], [18.1288, 68.8308], [18.1292, 68.8331], [18.1299, 68.8369], [18.1304, 68.8402], [18.1312, 68.8446], [18.1315, 68.8465], [18.132, 68.8494], [18.133, 68.8512], [18.1336, 68.8525], [18.1409, 68.8555], [18.1461, 68.8577], [18.1555, 68.8616], [18.1585, 68.8628], [18.1646, 68.8654], [18.1695, 68.8674], [18.1761, 68.8701], [18.1846, 68.8736], [18.1887, 68.8753], [18.1957, 68.8782], [18.1955, 68.8819], [18.1954, 68.8851], [18.1953, 68.8878], [18.1952, 68.8899], [18.1951, 68.8924], [18.1949, 68.8962], [18.1976, 68.8973], [18.2068, 68.9014], [18.2136, 68.9044], [18.2186, 68.9065], [18.2266, 68.91], [18.2317, 68.9123], [18.2376, 68.9148], [18.2449, 68.9167], [18.2525, 68.9185], [18.2619, 68.9208], [18.2691, 68.9226], [18.2768, 68.9245], [18.2841, 68.9264], [18.2893, 68.9282], [18.2972, 68.9311], [18.305, 68.9339], [18.3121, 68.9365], [18.3184, 68.9388], [18.3242, 68.9408], [18.3308, 68.9432], [18.337, 68.9454], [18.343, 68.9476], [18.3511, 68.9506], [18.3581, 68.9531], [18.3639, 68.9551], [18.3698, 68.9574], [18.3758, 68.9596], [18.3829, 68.9623], [18.3906, 68.9647], [18.3987, 68.9672], [18.4057, 68.9691], [18.4123, 68.9709], [18.4184, 68.9726], [18.4244, 68.9743], [18.4286, 68.9761], [18.4337, 68.9784], [18.4391, 68.9807], [18.4455, 68.9835], [18.4515, 68.986], [18.4567, 68.9882], [18.4626, 68.9907], [18.4685, 68.9931], [18.4764, 68.9964], [18.4805, 68.9982], [18.4864, 69.0006], [18.4918, 69.0024], [18.4962, 69.0038], [18.4984, 69.0067], [18.4997, 69.008], [18.5011, 69.0095], [18.5028, 69.0113], [18.506, 69.0146], [18.5085, 69.0172], [18.5106, 69.0194], [18.5153, 69.0201], [18.5248, 69.0202], [18.5353, 69.0203], [18.5435, 69.0204], [18.5503, 69.0205], [18.553, 69.0211], [18.5558, 69.0218], [18.563, 69.0236], [18.5692, 69.0251], [18.5755, 69.0266], [18.5794, 69.0286], [18.5859, 69.0319], [18.5877, 69.0323]]}}, {"type": "Feature", "properties": {"osm_type": "line", "voltage_kv": 300.0, "name": "Nesflaten - Sauda", "avail": 0}, "geometry": {"type": "LineString", "coordinates": [[6.8139, 59.6528], [6.8116, 59.6532], [6.805, 59.6543], [6.8024, 59.6547], [6.7949, 59.656], [6.7866, 59.6572], [6.7853, 59.6574], [6.7843, 59.6576], [6.7786, 59.6595], [6.7771, 59.66], [6.7739, 59.6608], [6.7698, 59.6617], [6.7583, 59.6643], [6.753, 59.6657], [6.7446, 59.6682], [6.7399, 59.6697], [6.7369, 59.6707], [6.7331, 59.672], [6.7259, 59.6748], [6.7217, 59.6765], [6.7165, 59.6786], [6.7111, 59.6809], [6.7061, 59.6829], [6.703, 59.6842], [6.6998, 59.6855], [6.6906, 59.6873], [6.6852, 59.6884], [6.6798, 59.6894], [6.6758, 59.6903], [6.6687, 59.6902], [6.6646, 59.6901], [6.6561, 59.6903], [6.648, 59.6906], [6.643, 59.691], [6.6304, 59.6919], [6.6244, 59.6919], [6.613, 59.6919], [6.6064, 59.6919], [6.5952, 59.692], [6.5838, 59.6926], [6.5811, 59.6928], [6.5755, 59.6932], [6.5728, 59.6933], [6.5653, 59.6936], [6.5549, 59.6941], [6.5519, 59.6942], [6.5474, 59.6944], [6.5366, 59.6953], [6.5317, 59.6957], [6.5231, 59.6964], [6.5155, 59.697], [6.5119, 59.6973], [6.5105, 59.6971], [6.5029, 59.6962], [6.4916, 59.6948], [6.4879, 59.6933], [6.4859, 59.6925], [6.4812, 59.6907], [6.4739, 59.6882], [6.4676, 59.686], [6.4609, 59.6837], [6.4539, 59.6817], [6.4455, 59.6793], [6.4433, 59.6787], [6.4341, 59.6761], [6.4297, 59.6749], [6.4241, 59.6729], [6.416, 59.6698], [6.4151, 59.6696]]}}, {"type": "Feature", "properties": {"osm_type": "line", "voltage_kv": 420.0, "name": "Aurland 1 - Aurland 3", "avail": 0}, "geometry": {"type": "LineString", "coordinates": [[7.3049, 60.86], [7.3078, 60.8573], [7.3111, 60.8544], [7.3143, 60.851], [7.3148, 60.8506], [7.32, 60.8468], [7.3236, 60.8429], [7.3237, 60.8428], [7.3265, 60.8408], [7.3289, 60.839], [7.3327, 60.8362], [7.3374, 60.8329], [7.3394, 60.8299], [7.3409, 60.8275], [7.3422, 60.8256], [7.3448, 60.8216], [7.3514, 60.8189], [7.3575, 60.8164], [7.3605, 60.8143], [7.361, 60.814], [7.3614, 60.8136]]}}, {"type": "Feature", "properties": {"osm_type": "line", "voltage_kv": 132.0, "name": "RE_132HL02_4", "avail": 9, "avail_node": "Kristiansund"}, "geometry": {"type": "LineString", "coordinates": [[7.9294, 63.1669], [7.9321, 63.1674], [7.9336, 63.1677], [7.9338, 63.1677], [7.9376, 63.1683], [7.9394, 63.1687], [7.9415, 63.169], [7.9446, 63.1695], [7.9473, 63.17], [7.9501, 63.1705], [7.9532, 63.171], [7.9552, 63.1714], [7.9576, 63.1718], [7.9601, 63.1722], [7.9618, 63.1725], [7.9636, 63.1728], [7.9677, 63.1735], [7.9697, 63.1739], [7.9729, 63.1744], [7.9763, 63.175], [7.9782, 63.1753], [7.9809, 63.1758], [7.9828, 63.1761], [7.9855, 63.1769], [7.9874, 63.1774], [7.9902, 63.1782], [7.993, 63.1791], [7.9952, 63.1797], [7.9981, 63.1805], [8.001, 63.1813], [8.0031, 63.1819], [8.0059, 63.1828], [8.0077, 63.1833], [8.0106, 63.1841], [8.0128, 63.1848], [8.0152, 63.1855], [8.0185, 63.1864], [8.0196, 63.1867], [8.0214, 63.1873], [8.024, 63.188], [8.0257, 63.1885], [8.0261, 63.1886], [8.0282, 63.1898], [8.0301, 63.1909], [8.0322, 63.1921], [8.0332, 63.1926], [8.0354, 63.1939], [8.0362, 63.1948], [8.0373, 63.1962], [8.0381, 63.1973], [8.039, 63.1983], [8.0397, 63.1992], [8.0408, 63.2006], [8.0418, 63.2019], [8.0427, 63.203], [8.0436, 63.2042], [8.0456, 63.2049], [8.0476, 63.2056], [8.0493, 63.2063], [8.0514, 63.2071], [8.053, 63.2076], [8.0552, 63.2085], [8.0577, 63.2094], [8.0592, 63.2099], [8.062, 63.211], [8.0641, 63.2117], [8.0667, 63.2127], [8.0686, 63.2134], [8.0714, 63.2144], [8.0729, 63.215], [8.0743, 63.2151], [8.0753, 63.2152], [8.0785, 63.2156], [8.0811, 63.2159], [8.0846, 63.2162], [8.0873, 63.2165], [8.0898, 63.2168], [8.0923, 63.2171], [8.0951, 63.2174], [8.0978, 63.2177], [8.1002, 63.2179], [8.103, 63.2182], [8.1056, 63.2185], [8.1094, 63.2189], [8.1121, 63.2186], [8.115, 63.2176], [8.117, 63.2169], [8.1191, 63.2162], [8.1203, 63.2157], [8.123, 63.2149], [8.1255, 63.214], [8.1276, 63.2133], [8.1286, 63.2129], [8.1315, 63.2119], [8.1342, 63.211], [8.1368, 63.21], [8.1388, 63.2093], [8.1407, 63.2087], [8.1415, 63.2081], [8.1427, 63.207], [8.1444, 63.2056], [8.1456, 63.2046], [8.1466, 63.2042], [8.1488, 63.2033], [8.151, 63.2024], [8.1533, 63.2025], [8.1551, 63.2025], [8.1576, 63.2026], [8.1581, 63.2026], [8.1607, 63.2027]]}}, {"type": "Feature", "properties": {"osm_type": "line", "voltage_kv": 300.0, "name": "Tokke - T_Eidsborg (Vinje)", "avail": 0}, "geometry": {"type": "LineString", "coordinates": [[8.0329, 59.4503], [8.0305, 59.4516], [8.0273, 59.4533], [8.0242, 59.455], [8.0196, 59.4575], [8.0174, 59.4587], [8.0165, 59.4591], [8.0143, 59.4604], [8.0114, 59.4619], [8.0069, 59.4644], [8.0041, 59.4659], [8.0003, 59.468], [7.9955, 59.4706], [7.9907, 59.4732], [7.9906, 59.4733]]}}, {"type": "Feature", "properties": {"osm_type": "line", "voltage_kv": 420.0, "name": "Kvilldal - Rjukan", "avail": 25, "avail_node": "Rjukan N\u00e6ringspark"}, "geometry": {"type": "LineString", "coordinates": [[8.4992, 59.8662], [8.5064, 59.8667], [8.515, 59.867], [8.5214, 59.8673], [8.5275, 59.8674], [8.5359, 59.8676], [8.5451, 59.8677], [8.553, 59.8678], [8.5626, 59.868], [8.5686, 59.8679], [8.5749, 59.8678], [8.5837, 59.8677], [8.5915, 59.8676], [8.5924, 59.8676], [8.5986, 59.8677], [8.6055, 59.8677], [8.6131, 59.8677], [8.6192, 59.867], [8.6225, 59.8667], [8.6274, 59.8661], [8.6327, 59.8661], [8.6391, 59.866], [8.6446, 59.8659], [8.6493, 59.8663], [8.6534, 59.8667], [8.658, 59.8671], [8.6617, 59.8674], [8.6651, 59.8678], [8.6708, 59.8684], [8.676, 59.8692], [8.6811, 59.8699], [8.6832, 59.8713], [8.6824, 59.874], [8.6815, 59.8769], [8.6807, 59.8796], [8.6804, 59.8799]]}}, {"type": "Feature", "properties": {"osm_type": "line", "voltage_kv": 420.0, "name": "Kvilldal - Rjukan", "avail": 25, "avail_node": "Rjukan N\u00e6ringspark"}, "geometry": {"type": "LineString", "coordinates": [[7.728, 59.7766], [7.7284, 59.7769], [7.7285, 59.7769], [7.73, 59.7779], [7.7331, 59.7799], [7.7349, 59.7811], [7.7366, 59.7822], [7.7433, 59.7862], [7.747, 59.7884], [7.749, 59.7895], [7.7541, 59.7913], [7.7577, 59.7924], [7.7623, 59.7939], [7.7657, 59.7965], [7.769, 59.7992], [7.7709, 59.8006], [7.7734, 59.8013], [7.7793, 59.803], [7.7841, 59.8036], [7.7902, 59.8044], [7.7966, 59.8062], [7.8092, 59.8076], [7.8167, 59.8067], [7.8237, 59.8053], [7.8282, 59.8044], [7.8348, 59.8031], [7.842, 59.8019], [7.848, 59.801], [7.8521, 59.8003], [7.8566, 59.7998], [7.8623, 59.7987], [7.8677, 59.7977], [7.8735, 59.7967], [7.8779, 59.7959], [7.8836, 59.7952], [7.8908, 59.7939], [7.8982, 59.7927], [7.9047, 59.7915], [7.9107, 59.7905], [7.9191, 59.789], [7.9291, 59.7885], [7.9353, 59.7878], [7.9423, 59.7873], [7.9499, 59.787], [7.9572, 59.7853], [7.9625, 59.7841], [7.969, 59.7844], [7.9744, 59.7835], [7.9822, 59.7822], [7.9834, 59.782], [7.9888, 59.781], [7.9959, 59.7798], [8.0042, 59.7803], [8.0123, 59.7808], [8.0177, 59.7811], [8.0238, 59.7815], [8.0277, 59.7817], [8.0301, 59.7818], [8.0369, 59.7822], [8.0456, 59.7828], [8.0526, 59.7832], [8.0593, 59.7836], [8.0683, 59.7841], [8.0751, 59.7845], [8.0818, 59.785], [8.0859, 59.7853], [8.0941, 59.7859], [8.1023, 59.7865], [8.1098, 59.787], [8.1149, 59.7874], [8.119, 59.7883], [8.1244, 59.7894], [8.136, 59.7918], [8.1388, 59.7924], [8.1406, 59.7927], [8.146, 59.7924], [8.1475, 59.7924], [8.1538, 59.7921], [8.1619, 59.7917], [8.1734, 59.7911], [8.1805, 59.7908], [8.1869, 59.7905], [8.1914, 59.7903], [8.1987, 59.79], [8.2014, 59.7899], [8.2051, 59.7897], [8.2094, 59.7895], [8.2133, 59.7897], [8.2202, 59.7901], [8.2299, 59.7906], [8.2337, 59.7908], [8.24, 59.7911], [8.2455, 59.7914], [8.246, 59.7914], [8.249, 59.7916], [8.2532, 59.7919], [8.2587, 59.7922], [8.2644, 59.7925], [8.2716, 59.7929], [8.2755, 59.7931], [8.2814, 59.7934], [8.2859, 59.7937], [8.2925, 59.794], [8.2954, 59.7942], [8.2994, 59.7949], [8.3087, 59.7965], [8.3151, 59.7976], [8.318, 59.7981], [8.3252, 59.7994], [8.3317, 59.8005], [8.3388, 59.8018], [8.3421, 59.8024], [8.3471, 59.8032], [8.3519, 59.8041], [8.3551, 59.8046], [8.3605, 59.8056], [8.3623, 59.8059], [8.3672, 59.8068], [8.371, 59.808], [8.3762, 59.8107], [8.3812, 59.8131], [8.386, 59.8154], [8.3901, 59.8172], [8.3955, 59.8196], [8.3993, 59.8213], [8.4058, 59.8242], [8.4078, 59.8251], [8.4098, 59.8258], [8.4187, 59.8287], [8.4247, 59.8306], [8.4298, 59.8322], [8.4326, 59.8331], [8.4357, 59.8351], [8.4405, 59.8382], [8.4475, 59.8403], [8.4506, 59.8415], [8.4556, 59.8437], [8.4604, 59.8458], [8.4638, 59.8473], [8.47, 59.8501], [8.4759, 59.8529], [8.4809, 59.8552], [8.4835, 59.8564], [8.4889, 59.8594], [8.4937, 59.8626]]}}, {"type": "Feature", "properties": {"osm_type": "line", "voltage_kv": 420.0, "name": "Kvilldal - Rjukan", "avail": 0}, "geometry": {"type": "LineString", "coordinates": [[7.2091, 59.6782], [7.2145, 59.6801], [7.2193, 59.6817], [7.222, 59.6828], [7.2259, 59.6844], [7.2287, 59.6857], [7.2329, 59.6874], [7.2365, 59.6891], [7.2408, 59.6911], [7.2436, 59.6925], [7.2464, 59.6938], [7.2504, 59.6956], [7.2539, 59.6971], [7.2565, 59.6979], [7.2594, 59.6983], [7.2667, 59.6995], [7.2737, 59.7001], [7.2785, 59.7006], [7.2846, 59.701], [7.2905, 59.7015], [7.2969, 59.7033], [7.3003, 59.7043], [7.3046, 59.7056], [7.3104, 59.7073], [7.315, 59.7087], [7.3222, 59.7108], [7.3251, 59.7118], [7.3299, 59.7136], [7.3322, 59.7144], [7.3397, 59.7172], [7.3442, 59.718], [7.3526, 59.7188], [7.3585, 59.7195], [7.3608, 59.7196], [7.3654, 59.7199], [7.3722, 59.7203], [7.3768, 59.7205], [7.3819, 59.7208], [7.3874, 59.7212], [7.3902, 59.7213], [7.3951, 59.7216], [7.3989, 59.7218], [7.406, 59.7222], [7.4119, 59.7224], [7.4185, 59.7225], [7.4267, 59.723], [7.4326, 59.7247], [7.4356, 59.7256], [7.4428, 59.7293], [7.4495, 59.7329], [7.4577, 59.7343], [7.4614, 59.735], [7.4667, 59.7356], [7.4717, 59.7363], [7.4763, 59.7368], [7.4795, 59.7372], [7.4829, 59.7374], [7.49, 59.7378], [7.4958, 59.7382], [7.5033, 59.7387], [7.5119, 59.7393], [7.5242, 59.7401], [7.5292, 59.7404], [7.5323, 59.7411], [7.5352, 59.7418], [7.538, 59.7424], [7.5442, 59.7438], [7.5472, 59.7445], [7.5507, 59.7454], [7.554, 59.7464], [7.5584, 59.7478], [7.5631, 59.7492], [7.5674, 59.7498], [7.5799, 59.7515], [7.5854, 59.7516], [7.5911, 59.7518], [7.5955, 59.7519], [7.5986, 59.7528], [7.6024, 59.7539], [7.6057, 59.7551], [7.6085, 59.7564], [7.6132, 59.7585], [7.6199, 59.7599], [7.624, 59.7604], [7.632, 59.7617], [7.6369, 59.7624], [7.639, 59.7632], [7.6423, 59.7643], [7.6483, 59.765], [7.6528, 59.7655], [7.6566, 59.766], [7.6641, 59.7673], [7.6674, 59.7679], [7.6733, 59.7689], [7.6808, 59.7702], [7.6847, 59.7708], [7.6912, 59.771], [7.6963, 59.7712], [7.7004, 59.7713], [7.7048, 59.7714], [7.7144, 59.7729], [7.7196, 59.7738]]}}, {"type": "Feature", "properties": {"osm_type": "line", "voltage_kv": 420.0, "name": "Saurdal - Lyse", "avail": 1, "avail_node": "Saurdal"}, "geometry": {"type": "LineString", "coordinates": [[6.6667, 59.4839], [6.6584, 59.4818], [6.6578, 59.4818], [6.6545, 59.4818], [6.65, 59.4818], [6.6451, 59.4811], [6.6401, 59.4803], [6.6352, 59.4796], [6.6318, 59.4791], [6.6266, 59.4783], [6.619, 59.4772], [6.614, 59.4768], [6.6104, 59.4765], [6.6063, 59.4762], [6.6026, 59.4759], [6.5972, 59.4754], [6.5925, 59.475], [6.586, 59.4745], [6.5766, 59.4737], [6.5714, 59.4733], [6.5631, 59.472], [6.5612, 59.4704], [6.5596, 59.469], [6.5574, 59.465], [6.5567, 59.4616], [6.5561, 59.459], [6.5559, 59.4581], [6.5554, 59.455], [6.555, 59.4521], [6.5543, 59.4478], [6.5538, 59.4451], [6.5531, 59.4423], [6.5519, 59.4374], [6.5511, 59.4343], [6.5503, 59.4311], [6.5492, 59.4287], [6.5479, 59.4252], [6.5466, 59.4225], [6.5451, 59.4192], [6.5437, 59.4163], [6.5424, 59.4135], [6.541, 59.4105], [6.5402, 59.4089], [6.5392, 59.4067], [6.5381, 59.4039], [6.5372, 59.4009], [6.5364, 59.3984], [6.5353, 59.3947], [6.5345, 59.3928], [6.5344, 59.389], [6.5371, 59.3842], [6.5393, 59.3806], [6.5397, 59.38], [6.54, 59.3795], [6.5408, 59.3782], [6.5446, 59.3724], [6.5462, 59.3704], [6.5487, 59.3677], [6.5506, 59.3657], [6.5555, 59.361], [6.5585, 59.359], [6.5617, 59.3569], [6.5648, 59.3548], [6.5668, 59.3534], [6.5736, 59.3517], [6.5777, 59.3494], [6.5799, 59.3474], [6.5815, 59.3458], [6.5842, 59.3433], [6.5861, 59.3425], [6.5893, 59.3411], [6.5913, 59.3402], [6.5928, 59.335], [6.5997, 59.3295]]}}, {"type": "Feature", "properties": {"osm_type": "line", "voltage_kv": 420.0, "name": "Saurdal - Lyse", "avail": 2, "avail_node": "Moen trafostasjon"}, "geometry": {"type": "LineString", "coordinates": [[6.6042, 59.3246], [6.6047, 59.324], [6.6058, 59.3222], [6.6078, 59.3202], [6.61, 59.317], [6.6115, 59.3148], [6.6131, 59.3122], [6.6137, 59.31], [6.615, 59.3081], [6.6158, 59.3067], [6.618, 59.3028], [6.6194, 59.3001], [6.6218, 59.2985], [6.6285, 59.2954], [6.6311, 59.2935], [6.632, 59.29], [6.633, 59.2839], [6.6305, 59.2807], [6.6297, 59.2779], [6.6292, 59.2759], [6.63, 59.2708], [6.6313, 59.2675], [6.6319, 59.2655], [6.6326, 59.2628], [6.632, 59.261], [6.6309, 59.2572], [6.6305, 59.2539], [6.629, 59.2497], [6.6278, 59.2463], [6.6263, 59.2423], [6.6255, 59.2405], [6.6247, 59.2387], [6.6239, 59.2368], [6.6202, 59.2322], [6.6157, 59.2259], [6.6142, 59.2227], [6.6137, 59.2209], [6.6132, 59.2191], [6.6116, 59.2131], [6.6112, 59.2105], [6.6108, 59.2082], [6.6103, 59.2045], [6.6083, 59.2022], [6.6056, 59.197], [6.6055, 59.195], [6.6034, 59.1917], [6.5997, 59.1849], [6.5988, 59.1834], [6.5967, 59.1804], [6.5961, 59.1756], [6.5964, 59.1709], [6.5961, 59.1688], [6.5956, 59.1645], [6.5951, 59.1601], [6.5956, 59.1579], [6.5964, 59.1559], [6.5984, 59.1523], [6.5996, 59.15], [6.6022, 59.1451], [6.6072, 59.1429], [6.6127, 59.1402], [6.6163, 59.1384], [6.6198, 59.1366], [6.6209, 59.1351], [6.6226, 59.1328], [6.6231, 59.1321], [6.6232, 59.1296], [6.6233, 59.1271], [6.6235, 59.1257], [6.6238, 59.1196], [6.623, 59.1145], [6.6226, 59.1125], [6.622, 59.1087], [6.6212, 59.1039], [6.6208, 59.1016], [6.6209, 59.0981], [6.6256, 59.0957], [6.6288, 59.0939], [6.6333, 59.0912], [6.6359, 59.0896], [6.6365, 59.0879], [6.6375, 59.0854], [6.6387, 59.0832], [6.6409, 59.0808], [6.6431, 59.0783], [6.6456, 59.0764], [6.648, 59.0746], [6.6498, 59.0732], [6.6567, 59.0663], [6.6573, 59.0648], [6.6575, 59.0643], [6.6581, 59.0627], [6.6597, 59.0617]]}}, {"type": "Feature", "properties": {"osm_type": "line", "voltage_kv": 420.0, "name": "Hasle - Halden", "avail": 21, "avail_node": "Gyldenl\u00f8ve"}, "geometry": {"type": "LineString", "coordinates": [[11.1607, 59.3139], [11.1607, 59.3139], [11.1617, 59.3139], [11.1671, 59.3137], [11.1722, 59.3135], [11.1779, 59.3135], [11.1828, 59.3111], [11.1891, 59.3078], [11.1936, 59.3054], [11.196, 59.3041], [11.1984, 59.3028], [11.2003, 59.3018], [11.2024, 59.3007], [11.2041, 59.2992], [11.2089, 59.2951], [11.2106, 59.2937], [11.2129, 59.2916], [11.2139, 59.2907], [11.2157, 59.2891], [11.2193, 59.2858], [11.2236, 59.2819], [11.2289, 59.2772], [11.2309, 59.2755], [11.2348, 59.272], [11.2377, 59.2702], [11.2416, 59.2678], [11.2452, 59.2656], [11.2482, 59.2638], [11.2509, 59.2621], [11.2556, 59.2592], [11.2566, 59.2586], [11.2594, 59.2569], [11.2635, 59.2544], [11.268, 59.2516], [11.2713, 59.2495], [11.2746, 59.2477], [11.2791, 59.245], [11.282, 59.2434], [11.2857, 59.2413], [11.2899, 59.2388], [11.2933, 59.2369], [11.2972, 59.2347], [11.3002, 59.2329], [11.3038, 59.2309], [11.3073, 59.2289], [11.3122, 59.2261], [11.3167, 59.2235], [11.3204, 59.2214], [11.3239, 59.2194], [11.3296, 59.2162], [11.3333, 59.2154], [11.3339, 59.2153], [11.34, 59.214], [11.3452, 59.2128], [11.353, 59.2112], [11.3566, 59.2104], [11.3615, 59.2093], [11.3649, 59.2086], [11.3674, 59.2074], [11.3711, 59.2057], [11.3737, 59.2044], [11.3771, 59.2028], [11.3828, 59.2002], [11.3854, 59.1989], [11.3885, 59.1975], [11.3898, 59.1946], [11.391, 59.1921], [11.3925, 59.1889], [11.3941, 59.1855], [11.3943, 59.1851], [11.3959, 59.1816], [11.3972, 59.1789], [11.3986, 59.176], [11.3997, 59.1736], [11.4023, 59.1714], [11.4046, 59.1696], [11.4052, 59.1691], [11.4083, 59.1666], [11.411, 59.1644], [11.4145, 59.1616], [11.4183, 59.1576], [11.4211, 59.1548], [11.4239, 59.1509], [11.4248, 59.1497], [11.4253, 59.149], [11.4256, 59.1485], [11.4273, 59.1461], [11.4291, 59.1436], [11.4284, 59.1407], [11.4277, 59.1376], [11.427, 59.1348], [11.4264, 59.1324], [11.4261, 59.1309], [11.4216, 59.1278], [11.4184, 59.1258]]}}, {"type": "Feature", "properties": {"osm_type": "line", "voltage_kv": 300.0, "name": "Kvinen - Fjotland", "avail": 7, "avail_node": "KVINEN"}, "geometry": {"type": "LineString", "coordinates": [[7.0839, 58.9291], [7.0835, 58.9291], [7.0794, 58.9284], [7.0792, 58.9281], [7.0764, 58.9246], [7.0734, 58.9207], [7.0721, 58.919], [7.0707, 58.9172], [7.0702, 58.9145], [7.0697, 58.9112], [7.0694, 58.9091], [7.068, 58.9059], [7.0646, 58.9026], [7.0621, 58.9006], [7.0575, 58.8969], [7.0544, 58.894], [7.0501, 58.8901], [7.0467, 58.887], [7.0473, 58.8851], [7.0484, 58.8814], [7.0491, 58.8792], [7.0498, 58.8768], [7.0542, 58.8739], [7.0538, 58.8714], [7.0532, 58.8676], [7.0528, 58.8654], [7.0523, 58.8634], [7.0519, 58.8614], [7.0513, 58.8591], [7.0504, 58.855], [7.0499, 58.8531], [7.0475, 58.8503], [7.0453, 58.8476], [7.0438, 58.8458], [7.0419, 58.8434], [7.04, 58.8411], [7.0388, 58.8395], [7.0362, 58.8362], [7.0344, 58.8342], [7.029, 58.8293], [7.0271, 58.8275], [7.0234, 58.8241], [7.0219, 58.8227], [7.0198, 58.8207], [7.0172, 58.8199], [7.0143, 58.819], [7.0068, 58.8166], [7.0041, 58.8156], [6.9994, 58.8132], [6.9947, 58.8108], [6.9996, 58.8075], [7.0024, 58.8042], [7.0043, 58.8019], [7.0073, 58.7983], [7.0102, 58.7947], [7.0097, 58.793], [7.009, 58.7906], [7.0075, 58.7867], [7.0063, 58.7837], [7.0073, 58.7815], [7.0085, 58.7789], [7.0092, 58.7774]]}}, {"type": "Feature", "properties": {"osm_type": "line", "voltage_kv": 300.0, "name": "Kvinen - Fjotland", "avail": 0}, "geometry": {"type": "LineString", "coordinates": [[7.0126, 58.7719], [7.0127, 58.7718], [7.0165, 58.7699]]}}, {"type": "Feature", "properties": {"osm_type": "line", "voltage_kv": 132.0, "name": "RE_132HL03_2", "avail": 8, "avail_node": "Nordheim"}, "geometry": {"type": "LineString", "coordinates": [[8.2461, 63.2264], [8.2489, 63.2266], [8.2499, 63.2266], [8.2539, 63.2262], [8.2563, 63.2259], [8.2563, 63.2259], [8.2609, 63.2254], [8.2648, 63.2266], [8.2653, 63.227], [8.2656, 63.2273], [8.2664, 63.228], [8.2681, 63.2295], [8.2701, 63.2311], [8.2701, 63.2312], [8.2714, 63.2323], [8.2718, 63.2326], [8.2719, 63.2327], [8.2736, 63.2341], [8.2744, 63.2345], [8.2779, 63.2361], [8.279, 63.2367], [8.28, 63.2371], [8.2819, 63.238], [8.2836, 63.2388], [8.2863, 63.2401], [8.2892, 63.2405], [8.2916, 63.2408], [8.2959, 63.2414], [8.2997, 63.2419], [8.3011, 63.242], [8.3029, 63.2423], [8.3074, 63.2429], [8.3116, 63.2435], [8.3123, 63.2436], [8.316, 63.244], [8.3188, 63.2444], [8.3224, 63.2449], [8.3248, 63.2452], [8.3268, 63.2455], [8.3299, 63.2459], [8.3346, 63.2465], [8.3385, 63.247], [8.3412, 63.2474], [8.3444, 63.2478], [8.3477, 63.2483], [8.352, 63.2489], [8.3527, 63.2489], [8.3557, 63.2493], [8.3582, 63.2492], [8.3625, 63.249], [8.364, 63.2489], [8.3659, 63.2483], [8.3681, 63.2477], [8.3711, 63.2469], [8.3743, 63.246], [8.3752, 63.2457], [8.3784, 63.2449], [8.3788, 63.2448], [8.3824, 63.2437], [8.3839, 63.2433], [8.3857, 63.2428], [8.3869, 63.2425], [8.3883, 63.2421], [8.3888, 63.2419], [8.3904, 63.242], [8.3951, 63.2423], [8.3962, 63.2424], [8.3992, 63.2426], [8.4003, 63.2426], [8.4025, 63.2428], [8.4053, 63.2429], [8.4091, 63.2432], [8.4121, 63.2434], [8.4157, 63.2437], [8.4188, 63.2439], [8.4244, 63.2443], [8.4268, 63.2445], [8.4278, 63.2446], [8.4292, 63.2447], [8.4315, 63.2449], [8.4342, 63.2452], [8.4372, 63.2455], [8.4399, 63.2458], [8.4423, 63.2461], [8.4443, 63.2463], [8.446, 63.2465], [8.4484, 63.2467], [8.4499, 63.2469], [8.4523, 63.2471], [8.4552, 63.2474], [8.4571, 63.2476], [8.4585, 63.2478], [8.4603, 63.248], [8.4632, 63.2483], [8.4652, 63.2485], [8.4691, 63.2489], [8.4722, 63.2492], [8.4738, 63.249], [8.4772, 63.2484], [8.4792, 63.2481]]}}, {"type": "Feature", "properties": {"osm_type": "line", "voltage_kv": 132.0, "name": "Vardal - Gj\u00f8vik L2", "avail": 11, "avail_node": "Mj\u00f8sstranda"}, "geometry": {"type": "LineString", "coordinates": [[10.5647, 60.8049], [10.5647, 60.8051]]}}, {"type": "Feature", "properties": {"osm_type": "line", "voltage_kv": 132.0, "name": "132 HAUGEN-LEIVDAL", "avail": 0}, "geometry": {"type": "LineString", "coordinates": [[6.1797, 62.0065], [6.1769, 61.992], [6.1729, 61.982], [6.1672, 61.9678], [6.1607, 61.9613], [6.151, 61.9515], [6.1446, 61.9443], [6.1446, 61.9443], [6.1413, 61.9406], [6.1382, 61.939], [6.1366, 61.9375], [6.1366, 61.9375], [6.1365, 61.9375], [6.1357, 61.9372], [6.129, 61.9351], [6.1267, 61.9338]]}}, {"type": "Feature", "properties": {"osm_type": "line", "voltage_kv": 132.0, "name": "RE_132HL03_5", "avail": 2, "avail_node": "Gylthalsen"}, "geometry": {"type": "LineString", "coordinates": [[8.5151, 63.2541], [8.5249, 63.2557]]}}, {"type": "Feature", "properties": {"osm_type": "line", "voltage_kv": 300.0, "name": "Orkdal - Aura", "avail": 17, "avail_node": "ORKDAL"}, "geometry": {"type": "LineString", "coordinates": [[9.7987, 63.2439], [9.7957, 63.2426], [9.7902, 63.2407], [9.7885, 63.2401], [9.7864, 63.2395], [9.7815, 63.238], [9.7804, 63.2377], [9.7755, 63.2363], [9.7696, 63.2346], [9.7637, 63.2328], [9.7595, 63.2316], [9.7568, 63.2308], [9.7548, 63.2302], [9.7487, 63.2285], [9.7404, 63.226], [9.7381, 63.2253], [9.7321, 63.2237], [9.7287, 63.2227], [9.7245, 63.2216], [9.72, 63.2203], [9.7176, 63.2197], [9.713, 63.2184], [9.708, 63.217], [9.6987, 63.2145], [9.6912, 63.2124], [9.6861, 63.2111], [9.6809, 63.2096], [9.6765, 63.2085], [9.6686, 63.2063], [9.6654, 63.2054], [9.6605, 63.204], [9.6576, 63.2021], [9.655, 63.2004], [9.6523, 63.1985], [9.6516, 63.198], [9.6504, 63.1972], [9.6456, 63.1939], [9.6411, 63.1908], [9.6349, 63.1865], [9.6293, 63.1827], [9.6238, 63.1789], [9.6201, 63.1763], [9.6165, 63.1739], [9.6133, 63.1716], [9.6096, 63.1691], [9.6066, 63.167], [9.6036, 63.1649], [9.5974, 63.1607], [9.5962, 63.1598], [9.5894, 63.1551], [9.5861, 63.1529], [9.5794, 63.1482], [9.5765, 63.1462], [9.5692, 63.1412], [9.5671, 63.1397], [9.5635, 63.1372], [9.5583, 63.1357], [9.5546, 63.1345], [9.5455, 63.1318], [9.5382, 63.1296], [9.5337, 63.1282], [9.529, 63.1268], [9.5247, 63.1255], [9.5187, 63.1236], [9.5125, 63.1217], [9.5087, 63.1206], [9.5012, 63.1183], [9.497, 63.117], [9.4921, 63.1155], [9.4856, 63.1134], [9.4783, 63.1111], [9.4696, 63.1083], [9.4662, 63.1072], [9.4621, 63.1058], [9.4591, 63.105], [9.4443, 63.1011], [9.4439, 63.101], [9.4371, 63.0992], [9.433, 63.0982], [9.4317, 63.0978], [9.4253, 63.0962], [9.4199, 63.0948], [9.413, 63.093], [9.4022, 63.0903], [9.3987, 63.0894], [9.3932, 63.0879], [9.3873, 63.0864], [9.3794, 63.0844], [9.3735, 63.0832], [9.3674, 63.0819], [9.3605, 63.0805], [9.3543, 63.0791], [9.3451, 63.0772], [9.3364, 63.0754], [9.3281, 63.0736], [9.3213, 63.0722], [9.3189, 63.0717], [9.3096, 63.0688], [9.3075, 63.0681], [9.3029, 63.0667], [9.2982, 63.0652], [9.2888, 63.0622], [9.2849, 63.061], [9.2771, 63.0585], [9.2668, 63.0553], [9.2639, 63.0543], [9.2574, 63.0525], [9.2508, 63.0506], [9.2476, 63.0498], [9.2438, 63.0487], [9.241, 63.0479], [9.238, 63.0471], [9.2362, 63.0466], [9.2308, 63.0451], [9.2225, 63.0427], [9.2205, 63.0422], [9.2162, 63.041], [9.2117, 63.0397], [9.1993, 63.0362], [9.1951, 63.035], [9.1892, 63.0333], [9.1822, 63.0313], [9.177, 63.0298], [9.1712, 63.0282], [9.1652, 63.0265], [9.1606, 63.0252], [9.1537, 63.0232], [9.1474, 63.0214], [9.141, 63.0196], [9.136, 63.0182], [9.13, 63.0165], [9.1228, 63.0146], [9.1111, 63.0123], [9.1033, 63.0108], [9.0983, 63.0098], [9.0934, 63.009], [9.0884, 63.0082], [9.0843, 63.0077], [9.0795, 63.0071], [9.0748, 63.0066], [9.0681, 63.0059], [9.0646, 63.0055], [9.0606, 63.005], [9.0583, 63.0046], [9.0524, 63.0034], [9.0477, 63.0026], [9.0417, 63.0016], [9.0365, 63.0008], [9.0306, 62.9998], [9.0229, 62.9986], [9.0221, 62.9985], [9.022, 62.9984], [9.0191, 62.998]]}}, {"type": "Feature", "properties": {"osm_type": "line", "voltage_kv": 300.0, "name": "\u00d8ljusj\u00f8en - Hemsil 1", "avail": 0}, "geometry": {"type": "LineString", "coordinates": [[8.0878, 61.0016], [8.0889, 61.0007], [8.0912, 60.9988], [8.093, 60.9974], [8.0947, 60.994], [8.0957, 60.992], [8.0975, 60.9886], [8.0989, 60.986], [8.1002, 60.9837], [8.1015, 60.9812], [8.1026, 60.9792], [8.1034, 60.9777], [8.1047, 60.9752], [8.1074, 60.9736], [8.1099, 60.9722], [8.1128, 60.9705], [8.1162, 60.9685], [8.1194, 60.9666], [8.1221, 60.965], [8.1251, 60.9633], [8.1268, 60.9623], [8.1306, 60.9601], [8.1337, 60.9583], [8.1359, 60.9566], [8.1385, 60.9546], [8.1419, 60.952], [8.1442, 60.9512], [8.1453, 60.9508], [8.156, 60.9472], [8.1587, 60.9462], [8.1624, 60.945], [8.1654, 60.9429], [8.168, 60.9411], [8.1713, 60.9387], [8.1751, 60.936], [8.1778, 60.9341], [8.182, 60.9319], [8.1866, 60.9294], [8.1915, 60.9267], [8.1965, 60.924], [8.2006, 60.9218], [8.2041, 60.92], [8.2083, 60.9173], [8.2128, 60.9144], [8.2168, 60.9118], [8.221, 60.9092], [8.2252, 60.9065], [8.2291, 60.904], [8.2322, 60.902], [8.2361, 60.8995], [8.2406, 60.8967], [8.2438, 60.8946], [8.2469, 60.8919], [8.2504, 60.8889], [8.2528, 60.8868], [8.2551, 60.8849], [8.2586, 60.8819], [8.2619, 60.879], [8.2648, 60.8764], [8.2672, 60.8744], [8.271, 60.8738], [8.2734, 60.8733], [8.2775, 60.8725], [8.2818, 60.871], [8.2873, 60.869], [8.2907, 60.8678], [8.2948, 60.8663], [8.2985, 60.865], [8.3019, 60.8638], [8.3056, 60.8624], [8.3104, 60.8607], [8.3156, 60.8588], [8.3193, 60.8575], [8.3238, 60.8559], [8.3286, 60.8541], [8.334, 60.8522], [8.3375, 60.8509], [8.3401, 60.85], [8.3428, 60.849], [8.3477, 60.8478], [8.3538, 60.8463], [8.3594, 60.8449], [8.3643, 60.8436], [8.3685, 60.8425], [8.3734, 60.8413], [8.3772, 60.8403], [8.3836, 60.8387], [8.3883, 60.8375], [8.3917, 60.836], [8.3958, 60.8342], [8.3996, 60.8325], [8.4, 60.8324], [8.405, 60.8301], [8.4093, 60.8282], [8.4133, 60.8264], [8.4178, 60.8244], [8.4249, 60.8212], [8.43, 60.819], [8.4336, 60.8174], [8.4393, 60.8149], [8.4436, 60.8129], [8.4471, 60.8114], [8.4499, 60.8101], [8.4548, 60.8088], [8.4579, 60.808], [8.465, 60.8078], [8.469, 60.8078], [8.4726, 60.8077], [8.4749, 60.808], [8.4767, 60.8083], [8.4803, 60.8087], [8.4859, 60.8095], [8.4927, 60.8104], [8.4993, 60.8113], [8.5054, 60.8121], [8.5111, 60.8129], [8.516, 60.8135], [8.524, 60.8146], [8.5289, 60.8153], [8.5374, 60.8164], [8.5421, 60.817], [8.5481, 60.8176], [8.5525, 60.818], [8.5567, 60.8166], [8.5616, 60.815], [8.5638, 60.8142], [8.569, 60.8125], [8.5743, 60.8115], [8.5782, 60.8108], [8.5806, 60.8103], [8.5845, 60.8096], [8.5876, 60.809], [8.5914, 60.8083], [8.5959, 60.8074], [8.5998, 60.8067], [8.604, 60.8059], [8.6077, 60.8051], [8.611, 60.8045], [8.6138, 60.804], [8.6171, 60.8033], [8.6195, 60.8029], [8.6228, 60.8022], [8.6284, 60.8018], [8.6361, 60.8055], [8.6368, 60.8058]]}}, {"type": "Feature", "properties": {"osm_type": "line", "voltage_kv": 132.0, "name": "Bardufoss - T_Fossbakken (Mestervik, L2)", "avail": 6, "avail_node": "Olsborg"}, "geometry": {"type": "LineString", "coordinates": [[18.598, 69.0368], [18.602, 69.0384], [18.6059, 69.0397], [18.6113, 69.0416], [18.612, 69.0434], [18.612, 69.0449], [18.612, 69.0461], [18.612, 69.0464], [18.6144, 69.0504], [18.6159, 69.053], [18.6168, 69.0544], [18.617, 69.0547], [18.6169, 69.0565], [18.6168, 69.0579], [18.6167, 69.0595], [18.6166, 69.061], [18.6165, 69.0622], [18.6164, 69.0632], [18.6164, 69.0635], [18.6163, 69.0653], [18.6162, 69.0669], [18.6161, 69.0683], [18.6175, 69.07], [18.6183, 69.0711], [18.6195, 69.0725], [18.6204, 69.0737], [18.6214, 69.075], [18.6227, 69.0766], [18.6236, 69.0778], [18.6238, 69.078], [18.625, 69.0796], [18.6263, 69.0812], [18.6276, 69.0828], [18.6287, 69.0843], [18.6299, 69.0858], [18.6311, 69.0873], [18.6323, 69.0887], [18.632, 69.0902], [18.632, 69.0903], [18.6316, 69.0927], [18.6314, 69.0942], [18.631, 69.0963], [18.6308, 69.0974], [18.6307, 69.0983], [18.6311, 69.1003], [18.6312, 69.1012], [18.6313, 69.1016], [18.6315, 69.1028], [18.6318, 69.1048], [18.6321, 69.1061], [18.6323, 69.1076], [18.6326, 69.1093], [18.6328, 69.1103], [18.6329, 69.1116], [18.6323, 69.1134], [18.6319, 69.1144], [18.6316, 69.1155], [18.631, 69.1171], [18.6305, 69.1185], [18.6299, 69.1203], [18.6293, 69.1219], [18.6287, 69.1235], [18.6282, 69.1249], [18.6278, 69.1262], [18.6274, 69.1273], [18.6268, 69.129], [18.6264, 69.1302], [18.6259, 69.1318], [18.6256, 69.1326], [18.6251, 69.134], [18.6247, 69.1351], [18.6243, 69.1363], [18.6238, 69.1375], [18.6236, 69.1383], [18.6226, 69.141], [18.6215, 69.144], [18.621, 69.1456], [18.6208, 69.146], [18.6203, 69.1474], [18.6198, 69.149], [18.6192, 69.1505], [18.6187, 69.1521], [18.6181, 69.1536], [18.6174, 69.1556], [18.617, 69.1567], [18.6165, 69.1583], [18.616, 69.1597], [18.6155, 69.1612], [18.6148, 69.1631], [18.6142, 69.1648], [18.614, 69.1652], [18.6135, 69.1667], [18.6135, 69.1667], [18.6107, 69.1679], [18.6079, 69.1692], [18.6048, 69.1706], [18.6017, 69.1719], [18.6016, 69.1736], [18.6016, 69.1754], [18.6016, 69.1756]]}}, {"type": "Feature", "properties": {"osm_type": "line", "voltage_kv": 300.0, "name": "\u00d8vre Vinstra - V\u00e5g\u00e5mo", "avail": 3, "avail_node": "Eidefossen"}, "geometry": {"type": "LineString", "coordinates": [[9.3111, 61.4856], [9.3091, 61.4875], [9.3045, 61.492], [9.3011, 61.4953], [9.2972, 61.499], [9.2928, 61.5033], [9.2887, 61.5073], [9.2849, 61.5109], [9.2806, 61.5151], [9.2763, 61.5192], [9.2721, 61.5233], [9.268, 61.5272], [9.2642, 61.5308], [9.26, 61.5348], [9.2562, 61.5384], [9.2524, 61.542], [9.2499, 61.5463], [9.2473, 61.5508], [9.2449, 61.555], [9.2425, 61.5591], [9.2403, 61.563], [9.238, 61.567], [9.2358, 61.5708], [9.2335, 61.5746], [9.2309, 61.5791], [9.2287, 61.583], [9.2263, 61.5871], [9.2239, 61.5912], [9.2217, 61.595], [9.2198, 61.5982], [9.218, 61.6014], [9.2166, 61.6052], [9.2151, 61.6095], [9.2137, 61.6134], [9.2121, 61.6179], [9.2105, 61.6223], [9.2091, 61.6261], [9.2076, 61.6304], [9.2061, 61.6344], [9.2049, 61.638], [9.2037, 61.6414], [9.2023, 61.6452], [9.2012, 61.6482], [9.1977, 61.6517], [9.1943, 61.6551], [9.1908, 61.6586], [9.1879, 61.6615], [9.184, 61.6654], [9.1809, 61.6685], [9.1801, 61.672], [9.1791, 61.6766], [9.178, 61.6811], [9.177, 61.6854], [9.1759, 61.6899], [9.175, 61.6939], [9.174, 61.6983], [9.174, 61.6984], [9.1732, 61.7012], [9.173, 61.7016], [9.1721, 61.7056], [9.1718, 61.7105], [9.1717, 61.7107], [9.1713, 61.7149], [9.17, 61.7196], [9.1685, 61.724], [9.1668, 61.7289], [9.1666, 61.7293], [9.1663, 61.7302], [9.1651, 61.7337], [9.1636, 61.7378], [9.1635, 61.7382], [9.163, 61.7395], [9.1629, 61.7439], [9.1627, 61.7485], [9.1625, 61.7538], [9.1623, 61.7588], [9.1621, 61.7621], [9.162, 61.7659], [9.1618, 61.7696], [9.1617, 61.7722], [9.1616, 61.7761], [9.1614, 61.7799], [9.1613, 61.7828], [9.1611, 61.7869], [9.1578, 61.7904], [9.1555, 61.7927], [9.1521, 61.7957], [9.1493, 61.7981], [9.1436, 61.803], [9.1387, 61.8072], [9.1346, 61.8107], [9.1301, 61.8146], [9.1265, 61.8177], [9.1212, 61.8222], [9.1176, 61.8254], [9.113, 61.8293], [9.1129, 61.8329], [9.1127, 61.8356], [9.1126, 61.839], [9.1124, 61.843], [9.1124, 61.8484], [9.1125, 61.8526], [9.1125, 61.8554], [9.1085, 61.858], [9.1058, 61.8598], [9.1031, 61.8615], [9.1011, 61.8628], [9.1009, 61.863], [9.0987, 61.8647], [9.0943, 61.8682], [9.094, 61.8683], [9.0931, 61.8686], [9.086, 61.8715], [9.0824, 61.8729], [9.0796, 61.874], [9.08, 61.8769], [9.0802, 61.8784]]}}, {"type": "Feature", "properties": {"osm_type": "line", "voltage_kv": 132.0, "name": "Adamselv - Varangerbotn", "avail": 11, "avail_node": "Tana Bru"}, "geometry": {"type": "LineString", "coordinates": [[26.7044, 70.4096], [26.7049, 70.4096], [26.7094, 70.4096], [26.7145, 70.4097], [26.7191, 70.4098], [26.7243, 70.4099], [26.7263, 70.4099], [26.7304, 70.41], [26.7336, 70.4091], [26.7351, 70.4087], [26.7373, 70.4081], [26.74, 70.4073], [26.74, 70.4057], [26.74, 70.4044], [26.7401, 70.4032], [26.7401, 70.402], [26.7401, 70.4006], [26.7402, 70.3994], [26.7402, 70.3977], [26.7402, 70.3961], [26.7403, 70.3947], [26.7403, 70.3941], [26.7403, 70.3931], [26.7404, 70.3921], [26.7404, 70.3905], [26.7404, 70.3899], [26.7404, 70.389], [26.7405, 70.3888], [26.7411, 70.3878], [26.7414, 70.3873], [26.7421, 70.3859], [26.7425, 70.3852], [26.7435, 70.3834], [26.7445, 70.3816], [26.7456, 70.3796], [26.7462, 70.3786], [26.7468, 70.3775], [26.7473, 70.3766], [26.7477, 70.3759], [26.7485, 70.3744], [26.749, 70.3735], [26.7511, 70.3728], [26.7535, 70.372], [26.757, 70.3708], [26.7592, 70.3701], [26.7618, 70.3692], [26.7655, 70.3679], [26.7672, 70.3674], [26.771, 70.3661], [26.7721, 70.3657], [26.7738, 70.3652], [26.7739, 70.3651], [26.7755, 70.3646], [26.7769, 70.3641], [26.778, 70.3638], [26.7798, 70.3632], [26.7831, 70.3621], [26.7848, 70.3615], [26.7879, 70.3604], [26.79, 70.3597], [26.7926, 70.3589], [26.7944, 70.3583], [26.7973, 70.3573], [26.798, 70.357], [26.8011, 70.356], [26.8042, 70.355], [26.8069, 70.354], [26.8102, 70.3529], [26.8101, 70.3509], [26.8121, 70.3503], [26.8157, 70.3492], [26.8175, 70.3487], [26.82, 70.3479], [26.8227, 70.3471], [26.8256, 70.3462], [26.8271, 70.3458], [26.8309, 70.3446], [26.8335, 70.3438], [26.8362, 70.343], [26.8394, 70.3421], [26.8418, 70.3413], [26.8442, 70.3406], [26.8467, 70.3398], [26.848, 70.3394], [26.8503, 70.3387], [26.854, 70.3376], [26.857, 70.3367], [26.8588, 70.3362], [26.8605, 70.3357], [26.8636, 70.3351], [26.8669, 70.3345], [26.8694, 70.334], [26.8735, 70.3333], [26.8743, 70.3328], [26.8765, 70.3314], [26.8784, 70.3302], [26.8798, 70.3296], [26.8816, 70.3289], [26.8831, 70.3283], [26.8864, 70.3269], [26.8881, 70.3262], [26.8911, 70.3249], [26.894, 70.3237], [26.8961, 70.3228], [26.8983, 70.3219], [26.8999, 70.3212], [26.9025, 70.3202], [26.9046, 70.3193], [26.907, 70.3183], [26.9099, 70.3171], [26.9118, 70.3163], [26.9146, 70.3151], [26.9167, 70.3142], [26.9187, 70.3134], [26.9202, 70.3127], [26.9247, 70.3122], [26.9287, 70.3117], [26.931, 70.3114], [26.9334, 70.3111], [26.9376, 70.3105], [26.9394, 70.3103], [26.9429, 70.3099], [26.9467, 70.3094], [26.9494, 70.3091], [26.9534, 70.3086], [26.9553, 70.3084], [26.9594, 70.308], [26.9625, 70.3076], [26.9656, 70.3073], [26.9682, 70.307], [26.9709, 70.3067], [26.9746, 70.3063], [26.9792, 70.3057], [26.982, 70.3054], [26.9862, 70.3049], [26.9896, 70.3046], [26.9918, 70.3043], [26.9955, 70.3039], [26.9979, 70.3036], [27.0015, 70.3032], [27.0047, 70.3029], [27.0078, 70.3025], [27.0104, 70.3022], [27.0123, 70.302], [27.0138, 70.3018], [27.0176, 70.3014], [27.0204, 70.301], [27.022, 70.3009], [27.0258, 70.3004], [27.0296, 70.2999], [27.0323, 70.2996], [27.0348, 70.2993], [27.0371, 70.299], [27.041, 70.2986], [27.0447, 70.2981], [27.0473, 70.2981], [27.0511, 70.2981], [27.0548, 70.2981], [27.0579, 70.2981], [27.0612, 70.2981], [27.0645, 70.2981], [27.0676, 70.2981], [27.0702, 70.2981], [27.0722, 70.2981], [27.0759, 70.2981], [27.0781, 70.2981], [27.0802, 70.2981], [27.0833, 70.2981], [27.0868, 70.2981], [27.0904, 70.2981], [27.0924, 70.2981], [27.0948, 70.298], [27.1004, 70.2978], [27.1033, 70.2976], [27.1068, 70.2975], [27.1106, 70.2973], [27.1134, 70.2972], [27.1164, 70.2971], [27.1201, 70.2969], [27.1239, 70.2967], [27.1269, 70.2966], [27.1305, 70.2964], [27.1345, 70.2962], [27.1366, 70.2961], [27.141, 70.2959], [27.1432, 70.2959], [27.1472, 70.2957], [27.1498, 70.2956], [27.1522, 70.2954], [27.155, 70.2953], [27.1577, 70.2951], [27.1617, 70.2947], [27.1657, 70.2943], [27.1695, 70.2939], [27.1721, 70.2936], [27.1747, 70.2934], [27.1787, 70.293], [27.1825, 70.2926], [27.1863, 70.2922], [27.19, 70.2918], [27.1921, 70.2919], [27.1956, 70.2919], [27.2, 70.292], [27.2036, 70.2921], [27.2071, 70.2921], [27.21, 70.2922], [27.2136, 70.2922], [27.2174, 70.2923], [27.2207, 70.2923], [27.2236, 70.2924], [27.2275, 70.2924], [27.2312, 70.2925], [27.2355, 70.2926], [27.2384, 70.2926], [27.2424, 70.2927], [27.2443, 70.2927], [27.2467, 70.2927], [27.2506, 70.2928], [27.2534, 70.2928], [27.2578, 70.2929], [27.259, 70.2929], [27.2609, 70.2932], [27.2645, 70.2937], [27.2671, 70.294], [27.2698, 70.2944], [27.2741, 70.295], [27.2759, 70.2953], [27.279, 70.2957], [27.2814, 70.296], [27.2844, 70.2964], [27.2875, 70.2969], [27.2909, 70.2973], [27.2947, 70.2979], [27.2984, 70.2984], [27.3009, 70.2987], [27.3051, 70.2986], [27.3087, 70.2984], [27.3121, 70.2983], [27.3147, 70.2982], [27.3187, 70.298], [27.3222, 70.2979], [27.3251, 70.2978], [27.3282, 70.2977], [27.3316, 70.2975], [27.3354, 70.2974], [27.3392, 70.2972], [27.3419, 70.2971], [27.3446, 70.297], [27.348, 70.2969], [27.3506, 70.2968], [27.3537, 70.2967], [27.3566, 70.2966], [27.3595, 70.2964], [27.3625, 70.2963], [27.3655, 70.2962], [27.3691, 70.2961], [27.3726, 70.2959], [27.3763, 70.2958], [27.3799, 70.2956], [27.3838, 70.2955], [27.3876, 70.2953], [27.3908, 70.2952], [27.3943, 70.2951], [27.3977, 70.2949], [27.4011, 70.2948], [27.4042, 70.2947], [27.4075, 70.2946], [27.4106, 70.2944], [27.4148, 70.2943], [27.4181, 70.2941], [27.4216, 70.294], [27.4248, 70.2939], [27.4284, 70.2937], [27.4318, 70.2936], [27.4358, 70.2934], [27.4398, 70.2933], [27.4426, 70.2932], [27.4467, 70.293], [27.4506, 70.2928], [27.4544, 70.2927], [27.4573, 70.2926], [27.4613, 70.2924], [27.4653, 70.2923], [27.4692, 70.2921], [27.4728, 70.292], [27.4764, 70.2918], [27.4812, 70.2916], [27.4845, 70.2915], [27.4869, 70.2914], [27.4898, 70.2913], [27.4928, 70.2912], [27.4974, 70.291], [27.5021, 70.2908], [27.5055, 70.2906], [27.5083, 70.2905], [27.5122, 70.2904], [27.5148, 70.2903], [27.5193, 70.2901], [27.5238, 70.2899], [27.5275, 70.2898], [27.5303, 70.2896], [27.5338, 70.2895], [27.5373, 70.2894], [27.5405, 70.2892], [27.5435, 70.2891], [27.5467, 70.289], [27.5499, 70.2889], [27.553, 70.2887], [27.5567, 70.2886], [27.561, 70.2884], [27.5636, 70.2883], [27.568, 70.2881], [27.5712, 70.288], [27.5746, 70.2879], [27.5778, 70.2877], [27.5812, 70.2876], [27.585, 70.2874], [27.5892, 70.2873], [27.5931, 70.2871], [27.5974, 70.2869], [27.6015, 70.2868], [27.6054, 70.2866], [27.6078, 70.2865], [27.6111, 70.2864], [27.6158, 70.2862], [27.6198, 70.286], [27.6234, 70.2859], [27.6274, 70.2857], [27.632, 70.2855], [27.6337, 70.2855], [27.6367, 70.2853], [27.6386, 70.285], [27.6414, 70.2846], [27.6436, 70.2842], [27.6454, 70.2839], [27.649, 70.2833], [27.6529, 70.2827], [27.6553, 70.2823], [27.6586, 70.2818], [27.6624, 70.2812], [27.6657, 70.2807], [27.6685, 70.2802], [27.6727, 70.2795], [27.6752, 70.2791], [27.6782, 70.2786], [27.6811, 70.2782], [27.6844, 70.2776], [27.6873, 70.2772], [27.69, 70.2767], [27.693, 70.2763], [27.6949, 70.2759], [27.6981, 70.2754], [27.701, 70.275], [27.7054, 70.2742], [27.7059, 70.2742], [27.7097, 70.274], [27.7109, 70.2739], [27.7159, 70.2735], [27.7186, 70.2734], [27.7222, 70.2731], [27.724, 70.273], [27.728, 70.2727], [27.7296, 70.2726], [27.7355, 70.2722], [27.7378, 70.2721], [27.7406, 70.2719], [27.744, 70.2717], [27.748, 70.2718], [27.7511, 70.2718], [27.7537, 70.2719], [27.7573, 70.2719], [27.7613, 70.272], [27.7642, 70.2721], [27.7677, 70.2721], [27.7719, 70.2722], [27.7747, 70.2723], [27.7794, 70.2724], [27.7824, 70.2724], [27.7866, 70.2725], [27.7892, 70.2726], [27.7927, 70.2726], [27.7977, 70.2724], [27.8013, 70.2723], [27.8043, 70.2722], [27.8065, 70.2721], [27.8089, 70.272], [27.8131, 70.2718], [27.8158, 70.2717], [27.82, 70.2715], [27.8235, 70.2714], [27.8282, 70.2712], [27.8309, 70.2711], [27.8341, 70.271], [27.8384, 70.2708], [27.8433, 70.2706], [27.8477, 70.2704], [27.8518, 70.2702], [27.855, 70.2701], [27.8588, 70.27], [27.8629, 70.2698], [27.8664, 70.2696], [27.8709, 70.2695], [27.8764, 70.2692], [27.8788, 70.2688], [27.8821, 70.2683], [27.8857, 70.2677], [27.8893, 70.2671], [27.8929, 70.2665], [27.8951, 70.2661], [27.8992, 70.2654], [27.9045, 70.2646], [27.9068, 70.2642], [27.9095, 70.2637], [27.9133, 70.2631], [27.9154, 70.2627], [27.9182, 70.2623], [27.9208, 70.2619], [27.9237, 70.2614], [27.9264, 70.261], [27.9299, 70.2604], [27.9329, 70.26], [27.937, 70.2593], [27.9402, 70.2588], [27.9439, 70.2582], [27.9469, 70.2578], [27.9496, 70.2574], [27.954, 70.2567], [27.958, 70.256], [27.9614, 70.2555], [27.9655, 70.2549], [27.9684, 70.2544], [27.9716, 70.2539], [27.9751, 70.2534], [27.979, 70.2528], [27.9836, 70.252], [27.9856, 70.2517], [27.9895, 70.2511], [27.9921, 70.2507], [27.9938, 70.2504], [27.996, 70.2501], [27.9984, 70.2497], [28.0055, 70.2486], [28.0079, 70.2482], [28.0144, 70.2472], [28.0181, 70.2466], [28.0222, 70.246], [28.0257, 70.2454], [28.0327, 70.2443], [28.0365, 70.2437], [28.0385, 70.2434], [28.0412, 70.243], [28.0447, 70.2424], [28.0464, 70.2422], [28.0497, 70.2416], [28.0531, 70.2411], [28.0549, 70.2408], [28.0581, 70.2403], [28.0612, 70.2398], [28.0643, 70.2394], [28.0677, 70.2388], [28.0704, 70.2384], [28.0734, 70.2379], [28.0756, 70.2376], [28.0781, 70.2372], [28.0808, 70.2368], [28.0839, 70.2363], [28.0868, 70.2358], [28.0897, 70.2354], [28.0932, 70.2348], [28.0935, 70.2347], [28.0936, 70.2347], [28.0964, 70.2343], [28.0979, 70.2341], [28.0989, 70.2339], [28.1026, 70.2333], [28.1045, 70.233], [28.1074, 70.2326], [28.1103, 70.2321], [28.1143, 70.2315], [28.1178, 70.2309], [28.1233, 70.23], [28.1258, 70.2297], [28.129, 70.2292], [28.1308, 70.2289], [28.1339, 70.2284], [28.137, 70.2279], [28.1407, 70.2273], [28.1446, 70.2267], [28.1478, 70.2262], [28.1515, 70.2256], [28.1536, 70.2253], [28.1546, 70.2251], [28.158, 70.2246], [28.1587, 70.2245], [28.1631, 70.2238], [28.1773, 70.2215], [28.1845, 70.2204], [28.1888, 70.2197], [28.1908, 70.2194], [28.1934, 70.219], [28.1948, 70.2187], [28.1989, 70.2181], [28.2013, 70.2177], [28.2014, 70.2177], [28.2051, 70.2171], [28.209, 70.2165], [28.2124, 70.216], [28.2151, 70.2155], [28.2174, 70.2152], [28.2205, 70.2147], [28.2233, 70.2142], [28.2264, 70.2137], [28.2302, 70.2131], [28.234, 70.2125], [28.2379, 70.2119], [28.2419, 70.2113], [28.2449, 70.2108], [28.2482, 70.2103], [28.2518, 70.2097], [28.2551, 70.2092], [28.258, 70.2087], [28.2622, 70.208], [28.2661, 70.2074], [28.2703, 70.2068], [28.2739, 70.2062], [28.2778, 70.2056], [28.2804, 70.2052], [28.2837, 70.2046], [28.2874, 70.2043], [28.291, 70.2039], [28.2958, 70.2035], [28.3002, 70.2031], [28.3043, 70.2027], [28.3092, 70.2022], [28.3134, 70.2018], [28.318, 70.2014], [28.3225, 70.201], [28.3247, 70.2008], [28.3287, 70.2004], [28.3316, 70.1997], [28.3342, 70.1991], [28.3365, 70.1986], [28.3396, 70.1979], [28.3407, 70.1977], [28.3429, 70.1972], [28.3461, 70.1964], [28.3491, 70.1957], [28.3523, 70.195], [28.3563, 70.1941], [28.358, 70.1937], [28.3611, 70.193], [28.3638, 70.1924], [28.3681, 70.1914], [28.3714, 70.1909], [28.3748, 70.1904], [28.3784, 70.1898], [28.382, 70.1893], [28.3859, 70.1887], [28.3885, 70.1883], [28.392, 70.1878], [28.3956, 70.1873], [28.3993, 70.1867], [28.4036, 70.1861], [28.4063, 70.1857], [28.4106, 70.185], [28.4152, 70.1843], [28.4164, 70.1842], [28.4199, 70.1837], [28.4237, 70.1831], [28.4257, 70.1828], [28.4286, 70.1823], [28.4321, 70.1818], [28.4334, 70.1816], [28.4384, 70.1809], [28.442, 70.1803], [28.4437, 70.1795], [28.4454, 70.1788], [28.4479, 70.1783], [28.4521, 70.1777], [28.4542, 70.1773], [28.4581, 70.1767], [28.4601, 70.1764], [28.4617, 70.1761], [28.4635, 70.1758], [28.4673, 70.1752], [28.4716, 70.1746], [28.4739, 70.1742], [28.4782, 70.1735], [28.4836, 70.1726], [28.4855, 70.1723], [28.4894, 70.1722], [28.4941, 70.172], [28.4972, 70.1719], [28.5013, 70.1718], [28.5056, 70.1717], [28.5095, 70.1715], [28.5132, 70.1714], [28.5168, 70.1713], [28.5209, 70.1711], [28.5247, 70.171], [28.5287, 70.1709], [28.5318, 70.1708], [28.5332, 70.1707]]}}, {"type": "Feature", "properties": {"osm_type": "line", "voltage_kv": 145.0, "name": "132 HYDRO H\u00d8YANGER-MOSKOG", "avail": 5, "avail_node": "Stakaldefoss transformatorstasjon"}, "geometry": {"type": "LineString", "coordinates": [[6.068, 61.2214], [6.0663, 61.2221], [6.0663, 61.2221], [6.0663, 61.2221], [6.0663, 61.2221], [6.0654, 61.2239], [6.0662, 61.2255], [6.0663, 61.2257], [6.0676, 61.2282], [6.0678, 61.2283], [6.0678, 61.2284], [6.0699, 61.2299], [6.0722, 61.2317], [6.0879, 61.2433], [6.088, 61.2434], [6.0904, 61.2452], [6.1191, 61.2487], [6.1231, 61.2492], [6.1251, 61.2494], [6.1475, 61.2531], [6.1514, 61.2552], [6.1734, 61.2667], [6.1739, 61.267], [6.1868, 61.2859], [6.187, 61.2918], [6.1854, 61.2972], [6.2001, 61.3169], [6.1933, 61.3273], [6.1933, 61.3273], [6.1888, 61.3288], [6.1583, 61.3327], [6.1583, 61.3327], [6.1482, 61.3419], [6.1335, 61.3553], [6.1299, 61.3597], [6.127, 61.3633], [6.1347, 61.3785], [6.1347, 61.3785], [6.1213, 61.3873], [6.0981, 61.3887], [6.0751, 61.3946], [6.0751, 61.3946], [6.0701, 61.4186], [6.0701, 61.4187], [6.0701, 61.4187], [6.0567, 61.4268], [6.0567, 61.4268], [6.0559, 61.4275], [6.047, 61.4351], [6.0441, 61.4375], [6.0441, 61.4375], [6.0232, 61.4426], [6.0203, 61.4436]]}}, {"type": "Feature", "properties": {"osm_type": "line", "voltage_kv": 145.0, "name": "132 HYDRO H\u00d8YANGER-MOSKOG", "avail": 0}, "geometry": {"type": "LineString", "coordinates": [[6.0673, 61.2197], [6.0646, 61.218], [6.0639, 61.2188], [6.0642, 61.2191], [6.0666, 61.2201]]}}, {"type": "Feature", "properties": {"osm_type": "line", "voltage_kv": 420.0, "name": "Aura - Viklandet", "avail": 0}, "geometry": {"type": "LineString", "coordinates": [[8.5174, 62.6648], [8.5154, 62.6655], [8.5133, 62.6662], [8.51, 62.6684], [8.5083, 62.6709], [8.5026, 62.6753], [8.5004, 62.6771], [8.4979, 62.679], [8.4953, 62.681], [8.4936, 62.6851], [8.4944, 62.6865]]}}, {"type": "Feature", "properties": {"osm_type": "line", "voltage_kv": 300.0, "name": "B\u00f8rtveit - Stord ", "avail": 8, "avail_node": "Vabakken"}, "geometry": {"type": "LineString", "coordinates": [[5.5123, 59.8823], [5.5125, 59.8819], [5.5152, 59.8786], [5.513, 59.8755], [5.5099, 59.8713], [5.5086, 59.8702], [5.5072, 59.8688], [5.5043, 59.8664], [5.4988, 59.8618], [5.4964, 59.8598], [5.4947, 59.8584], [5.4908, 59.8549], [5.488, 59.8526], [5.4847, 59.8499], [5.4791, 59.8462], [5.4736, 59.8427], [5.4711, 59.8411], [5.4666, 59.8384], [5.4633, 59.8365], [5.4618, 59.8354], [5.4575, 59.8326], [5.4532, 59.83], [5.4437, 59.8246], [5.4416, 59.8231], [5.4377, 59.8202], [5.4353, 59.8191], [5.4328, 59.8178], [5.4272, 59.8135], [5.4248, 59.8116], [5.4225, 59.8099], [5.4188, 59.8067], [5.4159, 59.8042], [5.4143, 59.8029], [5.4142, 59.798], [5.4141, 59.7929], [5.4141, 59.7925], [5.4141, 59.7922], [5.414, 59.7901]]}}, {"type": "Feature", "properties": {"osm_type": "line", "voltage_kv": 300.0, "name": "Vinje - Songa", "avail": 0}, "geometry": {"type": "LineString", "coordinates": [[7.8485, 59.627], [7.8467, 59.6288], [7.8436, 59.6318], [7.8395, 59.6359], [7.8369, 59.6383], [7.8356, 59.6395], [7.8321, 59.6428], [7.8307, 59.6441], [7.8271, 59.6461], [7.8228, 59.6484], [7.8195, 59.6503], [7.8173, 59.6515], [7.8158, 59.6523], [7.8067, 59.6576], [7.8051, 59.6588], [7.8046, 59.6592], [7.8009, 59.6619], [7.7985, 59.6637], [7.7957, 59.6658], [7.7908, 59.6693], [7.7887, 59.6721], [7.7862, 59.6753], [7.785, 59.6768], [7.7831, 59.6792], [7.781, 59.6819], [7.7774, 59.6844], [7.7743, 59.6866], [7.7694, 59.6899], [7.7673, 59.6914], [7.7634, 59.694], [7.7581, 59.6974], [7.7555, 59.6989], [7.7522, 59.7007], [7.7469, 59.7037], [7.742, 59.7069], [7.7408, 59.7093], [7.7378, 59.7149], [7.737, 59.7167], [7.7368, 59.7173], [7.7349, 59.7215], [7.7342, 59.7229], [7.7332, 59.7251], [7.7326, 59.7268], [7.7317, 59.7291], [7.7308, 59.7315], [7.7296, 59.7347], [7.7287, 59.7369], [7.7277, 59.7394], [7.727, 59.7413], [7.7257, 59.7447], [7.7243, 59.7484], [7.7233, 59.7508], [7.7229, 59.752], [7.7211, 59.7566], [7.7197, 59.7606], [7.7192, 59.7623], [7.7211, 59.765], [7.7216, 59.7658], [7.7237, 59.7712]]}}, {"type": "Feature", "properties": {"osm_type": "line", "voltage_kv": 300.0, "name": "Refsdal - Hove", "avail": 0}, "geometry": {"type": "LineString", "coordinates": [[6.5676, 61.0237], [6.568, 61.0246], [6.5689, 61.0269], [6.5689, 61.0269], [6.5742, 61.0308], [6.5772, 61.0331], [6.5785, 61.0341], [6.582, 61.0367], [6.5871, 61.0406], [6.5904, 61.043], [6.5941, 61.0458], [6.5956, 61.047], [6.5991, 61.0496], [6.6029, 61.0524], [6.6059, 61.0547], [6.6071, 61.0561], [6.6081, 61.0572], [6.6093, 61.0586], [6.6117, 61.0614], [6.6147, 61.0648], [6.6143, 61.0674], [6.6127, 61.0677], [6.6066, 61.0683], [6.6012, 61.0689]]}}, {"type": "Feature", "properties": {"osm_type": "line", "voltage_kv": 300.0, "name": "Minnesund - Frogner", "avail": 26, "avail_node": "Nordbyhagen"}, "geometry": {"type": "LineString", "coordinates": [[11.2378, 60.3878], [11.2399, 60.3876], [11.2432, 60.3872], [11.2504, 60.3843], [11.2553, 60.3821], [11.2561, 60.3817], [11.262, 60.379], [11.2655, 60.3776], [11.2698, 60.3756], [11.2711, 60.3749], [11.2728, 60.3741], [11.2742, 60.3735], [11.2783, 60.3716], [11.2795, 60.371], [11.2823, 60.3697], [11.2852, 60.3684], [11.289, 60.3666], [11.2913, 60.3656], [11.2938, 60.3643], [11.2958, 60.3633], [11.2996, 60.3614], [11.3011, 60.3592], [11.3028, 60.3567], [11.3044, 60.3543], [11.306, 60.352], [11.3081, 60.349], [11.3096, 60.3467], [11.3114, 60.3439], [11.313, 60.3416], [11.3131, 60.3392], [11.3133, 60.3354], [11.3135, 60.3351], [11.3135, 60.3351], [11.3139, 60.3344], [11.3149, 60.333], [11.3165, 60.3304], [11.3168, 60.3301], [11.3187, 60.3272], [11.3212, 60.3233], [11.3233, 60.3201], [11.3259, 60.3162], [11.3277, 60.3134], [11.3296, 60.3104], [11.3304, 60.307], [11.3313, 60.3031], [11.3329, 60.2995], [11.3342, 60.2967], [11.3358, 60.293], [11.337, 60.2901], [11.3383, 60.2873], [11.3401, 60.2832], [11.3396, 60.2798], [11.3391, 60.2759], [11.3387, 60.2725], [11.3383, 60.2695], [11.338, 60.2673], [11.3377, 60.2651], [11.3375, 60.2635], [11.3355, 60.2598], [11.3343, 60.2575], [11.3342, 60.2573], [11.3322, 60.2535], [11.3306, 60.2502], [11.3285, 60.2462], [11.3273, 60.2442], [11.3245, 60.2396], [11.3232, 60.2373], [11.3215, 60.2345], [11.3198, 60.2316], [11.3178, 60.2283], [11.3174, 60.2275], [11.3173, 60.2275], [11.3162, 60.2256], [11.3152, 60.2228], [11.3148, 60.2214], [11.3138, 60.2186], [11.3113, 60.2154], [11.3094, 60.2129], [11.3077, 60.2105], [11.3057, 60.2078], [11.3038, 60.2054], [11.3014, 60.2022], [11.2991, 60.1991], [11.2986, 60.1976], [11.2979, 60.1956], [11.2974, 60.1943], [11.2969, 60.1928], [11.2965, 60.1924], [11.2943, 60.19], [11.2941, 60.1898], [11.2922, 60.1878], [11.29, 60.1854], [11.2878, 60.183], [11.2848, 60.1799], [11.2816, 60.1764], [11.2815, 60.1763], [11.28, 60.1728], [11.2784, 60.1693], [11.2769, 60.1659], [11.2756, 60.1629], [11.2745, 60.1605], [11.2728, 60.1566], [11.2714, 60.1534], [11.2699, 60.1501], [11.2698, 60.1499], [11.2688, 60.1476], [11.2677, 60.1452], [11.2668, 60.143], [11.2641, 60.1395], [11.2619, 60.1368], [11.2603, 60.1347], [11.2585, 60.1323], [11.2581, 60.1291], [11.2578, 60.1264], [11.2576, 60.1247], [11.2576, 60.1239], [11.2572, 60.121], [11.2563, 60.1175], [11.2555, 60.1144], [11.2549, 60.1123], [11.2541, 60.1093], [11.2526, 60.1064], [11.2515, 60.1043], [11.2499, 60.1011], [11.2485, 60.0985], [11.2471, 60.0958], [11.2454, 60.0927], [11.2438, 60.0897], [11.2425, 60.087], [11.2404, 60.0831], [11.2391, 60.0807], [11.2377, 60.078], [11.2364, 60.0756], [11.2347, 60.0723], [11.2329, 60.0689], [11.2307, 60.0648], [11.228, 60.0623], [11.2259, 60.0603], [11.2226, 60.0572], [11.2187, 60.0535], [11.2155, 60.0504], [11.2126, 60.0477], [11.2094, 60.0446], [11.2059, 60.0414], [11.2033, 60.0395], [11.1997, 60.0369], [11.1973, 60.0352], [11.196, 60.0342], [11.1957, 60.0341], [11.192, 60.0314], [11.186, 60.0303], [11.1817, 60.0295], [11.1778, 60.0295], [11.1717, 60.0295], [11.1714, 60.0295], [11.1653, 60.0294], [11.1587, 60.028], [11.1539, 60.027], [11.15, 60.0262], [11.1474, 60.0237], [11.145, 60.0215], [11.1422, 60.0189], [11.14, 60.0168], [11.1398, 60.0147], [11.1395, 60.0122], [11.1395, 60.0118], [11.1392, 60.0096], [11.139, 60.0073]]}}, {"type": "Feature", "properties": {"osm_type": "line", "voltage_kv": 300.0, "name": "Kvinesdal - Lista 1", "avail": 3, "avail_node": "HAVIK"}, "geometry": {"type": "LineString", "coordinates": [[6.8456, 58.2737], [6.8458, 58.2725], [6.8465, 58.269], [6.8466, 58.2681], [6.8469, 58.267], [6.8466, 58.2654], [6.8453, 58.2579], [6.8452, 58.2566], [6.8446, 58.2537], [6.8443, 58.2526], [6.8443, 58.2523], [6.8439, 58.2506], [6.8433, 58.2481], [6.8429, 58.2449], [6.8424, 58.2442], [6.8421, 58.244], [6.8414, 58.2432], [6.84, 58.2415], [6.8394, 58.2408], [6.8354, 58.2366], [6.831, 58.2319], [6.8304, 58.2313], [6.8273, 58.228], [6.823, 58.2232], [6.8215, 58.2215], [6.8206, 58.2205], [6.8187, 58.2185], [6.8159, 58.2166], [6.8089, 58.212], [6.8063, 58.2102], [6.8, 58.2058], [6.7982, 58.2046], [6.7978, 58.2044], [6.7922, 58.2006], [6.7908, 58.1947], [6.7906, 58.1935], [6.7901, 58.1919], [6.7874, 58.1859], [6.7862, 58.1835], [6.7858, 58.1828], [6.7854, 58.182], [6.7847, 58.1805], [6.7835, 58.178], [6.7822, 58.1755], [6.7788, 58.1712], [6.7761, 58.1681], [6.7748, 58.1664], [6.773, 58.1578], [6.7726, 58.1532], [6.7723, 58.1503], [6.7719, 58.1439], [6.7716, 58.1421], [6.7712, 58.1388], [6.7718, 58.1367], [6.773, 58.1322], [6.774, 58.1277], [6.7744, 58.1244], [6.7746, 58.1229], [6.7747, 58.1222], [6.7751, 58.1186], [6.7755, 58.1159], [6.7755, 58.1155], [6.7757, 58.114], [6.7761, 58.1112], [6.7762, 58.1098], [6.7766, 58.1067], [6.7764, 58.1054], [6.776, 58.1036], [6.774, 58.101], [6.7711, 58.0974], [6.7682, 58.0938], [6.768, 58.0936], [6.7668, 58.092], [6.765, 58.0895], [6.7659, 58.0878], [6.7671, 58.0853], [6.7686, 58.0822], [6.7687, 58.082], [6.7697, 58.0801], [6.7714, 58.0792]]}}, {"type": "Feature", "properties": {"osm_type": "line", "voltage_kv": 132.0, "name": "Varangerbotn - Tana Bru", "avail": 11, "avail_node": "Tana Bru"}, "geometry": {"type": "LineString", "coordinates": [[28.5336, 70.1704], [28.5321, 70.1704], [28.5286, 70.1706], [28.5247, 70.1707], [28.5208, 70.1708], [28.5167, 70.171], [28.5131, 70.1711], [28.5093, 70.1712], [28.5056, 70.1714], [28.5017, 70.1715], [28.4975, 70.1717], [28.4935, 70.1718], [28.4887, 70.172], [28.4853, 70.1721], [28.4825, 70.1726], [28.4774, 70.1734], [28.4732, 70.1741], [28.4713, 70.1744], [28.4668, 70.1751], [28.4633, 70.1757], [28.4609, 70.176], [28.4581, 70.1765], [28.457, 70.1767], [28.454, 70.1772], [28.4519, 70.1775], [28.4477, 70.1782], [28.4449, 70.1786], [28.4427, 70.1795], [28.4405, 70.1803], [28.4375, 70.1808], [28.4328, 70.1815], [28.4311, 70.1817], [28.4284, 70.1821], [28.4248, 70.1827], [28.4227, 70.183], [28.4192, 70.1835], [28.4162, 70.184], [28.415, 70.1841], [28.4104, 70.1849], [28.4065, 70.1854], [28.4033, 70.1859], [28.3991, 70.1865], [28.3954, 70.1871], [28.3918, 70.1876], [28.3883, 70.1882], [28.3857, 70.1886], [28.3826, 70.189], [28.3794, 70.1895], [28.3767, 70.1899], [28.3732, 70.1904], [28.3698, 70.1909], [28.3678, 70.1912], [28.3657, 70.1917], [28.3632, 70.1923], [28.3609, 70.1928], [28.3575, 70.1936], [28.3558, 70.194], [28.3517, 70.1949], [28.3489, 70.1956], [28.3456, 70.1963], [28.3426, 70.197], [28.34, 70.1976], [28.3392, 70.1978], [28.3362, 70.1985], [28.3339, 70.199], [28.3313, 70.1996], [28.3285, 70.2002], [28.3268, 70.2004], [28.323, 70.2008], [28.3201, 70.201], [28.3166, 70.2014], [28.3132, 70.2017], [28.3091, 70.2021], [28.3042, 70.2025], [28.3001, 70.2029], [28.2956, 70.2033], [28.2909, 70.2038], [28.2876, 70.2041], [28.2845, 70.2034], [28.2817, 70.2028], [28.2783, 70.202], [28.2759, 70.2015], [28.2734, 70.201], [28.2704, 70.2003], [28.2672, 70.1996], [28.2643, 70.199], [28.2617, 70.1984], [28.2586, 70.1977], [28.2562, 70.1972], [28.2522, 70.1966], [28.2482, 70.196], [28.245, 70.1956], [28.2415, 70.1951], [28.2394, 70.1948], [28.2357, 70.1942], [28.2307, 70.1935], [28.2283, 70.1936], [28.2249, 70.1936], [28.2207, 70.1937], [28.2171, 70.1938], [28.2128, 70.1938], [28.2084, 70.1939], [28.2054, 70.194], [28.2049, 70.194], [28.202, 70.194], [28.1986, 70.1941], [28.1961, 70.1941]]}}, {"type": "Feature", "properties": {"osm_type": "line", "voltage_kv": 300.0, "name": "Hadeland - Roa", "avail": 17, "avail_node": "Jaren"}, "geometry": {"type": "LineString", "coordinates": [[10.5807, 60.2908], [10.5823, 60.2918], [10.5844, 60.2931], [10.5866, 60.2946], [10.5894, 60.2965], [10.5948, 60.2975], [10.5972, 60.298], [10.6017, 60.299], [10.609, 60.3018], [10.6094, 60.3019], [10.6109, 60.3025], [10.6145, 60.3039], [10.6182, 60.3053], [10.6201, 60.3061], [10.6224, 60.307], [10.6264, 60.308], [10.6284, 60.3086], [10.6321, 60.3096], [10.6342, 60.3101]]}}, {"type": "Feature", "properties": {"osm_type": "line", "voltage_kv": 300.0, "name": "Evanger - Dale", "avail": 0}, "geometry": {"type": "LineString", "coordinates": [[6.1065, 60.6571], [6.1034, 60.6569], [6.0963, 60.6564], [6.0948, 60.657], [6.0892, 60.659], [6.0824, 60.6615], [6.0771, 60.6634], [6.0662, 60.6641], [6.0615, 60.6644], [6.0523, 60.6649], [6.0483, 60.6651], [6.0358, 60.6651], [6.0247, 60.6631], [6.0174, 60.6618], [6.0082, 60.6602], [6.0073, 60.66], [6.0018, 60.6591], [6.0011, 60.6589], [5.9958, 60.658], [5.9893, 60.6568], [5.9752, 60.6544], [5.9619, 60.652], [5.9561, 60.651], [5.9554, 60.6508], [5.9479, 60.6495], [5.947, 60.6493], [5.9403, 60.6482], [5.9338, 60.647], [5.9286, 60.6456], [5.924, 60.6443], [5.9176, 60.6425], [5.9092, 60.6396], [5.9023, 60.6372], [5.8997, 60.6363], [5.8997, 60.6362], [5.878, 60.6283], [5.8641, 60.6207], [5.8583, 60.6191], [5.8567, 60.6186], [5.8316, 60.6161], [5.8295, 60.6158], [5.8276, 60.6144], [5.8249, 60.6126], [5.819, 60.6084], [5.816, 60.6063], [5.8127, 60.6016], [5.8103, 60.5982], [5.81, 60.5978], [5.8084, 60.5955], [5.8037, 60.5901], [5.8003, 60.5861], [5.8009, 60.5822], [5.8041, 60.5815], [5.8059, 60.5815]]}}, {"type": "Feature", "properties": {"osm_type": "line", "voltage_kv": 420.0, "name": "Holen - R\u00f8d", "avail": 15, "avail_node": "Ulefoss"}, "geometry": {"type": "LineString", "coordinates": [[7.2539, 59.348], [7.2564, 59.3487], [7.2612, 59.349], [7.2661, 59.3494], [7.2677, 59.3495], [7.2712, 59.3504], [7.2756, 59.3516], [7.2845, 59.353], [7.2884, 59.3535], [7.2915, 59.3543], [7.2923, 59.3545], [7.2989, 59.356], [7.3093, 59.3585], [7.3152, 59.3599], [7.3233, 59.3618], [7.3274, 59.3628], [7.3321, 59.3639], [7.3366, 59.3647], [7.3436, 59.3659], [7.3492, 59.3669], [7.3546, 59.3678], [7.3583, 59.3684], [7.3605, 59.3688], [7.3692, 59.37], [7.3706, 59.3699], [7.3761, 59.3698], [7.3794, 59.3698], [7.3893, 59.3701], [7.3967, 59.3704], [7.4036, 59.3707], [7.4083, 59.3709], [7.4116, 59.371], [7.4179, 59.3712], [7.4235, 59.3714], [7.4286, 59.3699], [7.4351, 59.368], [7.4388, 59.3668], [7.4416, 59.3661], [7.45, 59.3657], [7.4553, 59.3654], [7.4596, 59.3652], [7.466, 59.3649], [7.4693, 59.3648], [7.474, 59.3645], [7.4763, 59.3647], [7.4781, 59.3649], [7.4807, 59.3652], [7.4888, 59.3654], [7.4912, 59.3655], [7.493, 59.3656], [7.5071, 59.3662], [7.5138, 59.3665], [7.5186, 59.3667], [7.5212, 59.3668], [7.5237, 59.3669], [7.5275, 59.3671], [7.532, 59.3677], [7.5375, 59.3685], [7.5422, 59.3692], [7.5469, 59.369], [7.5497, 59.3688], [7.554, 59.3686], [7.5569, 59.3686], [7.5632, 59.3686], [7.5694, 59.3686], [7.5739, 59.3686], [7.5805, 59.3687], [7.5867, 59.3684], [7.5917, 59.368], [7.5946, 59.3665], [7.5988, 59.3643], [7.6014, 59.3629], [7.6045, 59.3612], [7.6073, 59.3601], [7.6103, 59.3588], [7.6141, 59.3572], [7.6308, 59.3549], [7.6404, 59.3533], [7.6431, 59.3521], [7.6494, 59.3486], [7.6525, 59.3468], [7.6609, 59.3459], [7.6647, 59.3457], [7.6715, 59.346], [7.6763, 59.3462], [7.6847, 59.3454], [7.6915, 59.345], [7.6967, 59.3448], [7.7047, 59.344], [7.7129, 59.3432], [7.7148, 59.343], [7.7163, 59.3429], [7.7193, 59.3433], [7.7234, 59.3439], [7.7282, 59.3446], [7.7341, 59.3455], [7.7379, 59.3461], [7.7448, 59.3469], [7.7517, 59.3478], [7.7577, 59.3486], [7.7642, 59.3494], [7.7702, 59.3502], [7.774, 59.3507], [7.778, 59.3516], [7.781, 59.3523], [7.7892, 59.3541], [7.7959, 59.3555], [7.8015, 59.3567], [7.8046, 59.3573], [7.8101, 59.3585], [7.8171, 59.36], [7.8203, 59.3607], [7.8234, 59.3613], [7.8266, 59.362], [7.8332, 59.3634], [7.8408, 59.365], [7.8495, 59.3642], [7.8562, 59.3646], [7.8613, 59.365], [7.8636, 59.3652], [7.868, 59.3657], [7.8754, 59.3658], [7.8783, 59.3653], [7.8822, 59.3646], [7.8881, 59.3635], [7.8952, 59.3622], [7.8996, 59.3619], [7.9033, 59.3618], [7.9068, 59.3618], [7.9111, 59.3617], [7.919, 59.3607], [7.9233, 59.3601], [7.9288, 59.3594], [7.9355, 59.3585], [7.9434, 59.3575], [7.949, 59.3567], [7.9558, 59.3564], [7.9637, 59.3561], [7.9683, 59.3558], [7.9712, 59.3557], [7.9761, 59.3555], [7.9789, 59.3553], [7.9889, 59.3545], [8.0, 59.3536], [8.0042, 59.3533], [8.0074, 59.353], [8.0172, 59.3523], [8.0231, 59.3518], [8.0277, 59.3524], [8.0323, 59.3529], [8.0393, 59.3538], [8.0452, 59.3545], [8.0494, 59.355], [8.0529, 59.3554], [8.0565, 59.3557], [8.0638, 59.3574], [8.0722, 59.3593], [8.0806, 59.3613], [8.0877, 59.3629], [8.0916, 59.3638], [8.0965, 59.3649], [8.1008, 59.3648], [8.1059, 59.3647], [8.1139, 59.3645], [8.1179, 59.3644], [8.128, 59.3632], [8.1312, 59.3628], [8.136, 59.3636], [8.142, 59.3646], [8.1448, 59.3651], [8.1464, 59.3654], [8.1546, 59.3668], [8.1555, 59.3669], [8.1642, 59.3684], [8.1721, 59.3698], [8.1815, 59.3714], [8.185, 59.372], [8.1852, 59.372], [8.1884, 59.3725], [8.1923, 59.3733], [8.1968, 59.3742], [8.2031, 59.3745], [8.2081, 59.3748], [8.2125, 59.3751], [8.2165, 59.3753], [8.2221, 59.3756], [8.2259, 59.3755], [8.2343, 59.3753], [8.24, 59.3757], [8.2493, 59.3764], [8.254, 59.3766], [8.2668, 59.377], [8.2703, 59.3769], [8.2765, 59.3767], [8.2819, 59.3765], [8.2849, 59.3762], [8.2966, 59.375], [8.3015, 59.3746], [8.3052, 59.3742], [8.3094, 59.3738], [8.3148, 59.3732], [8.3181, 59.3726], [8.3284, 59.3708], [8.335, 59.3696], [8.3417, 59.3684], [8.3471, 59.3675], [8.3511, 59.3668], [8.3569, 59.366], [8.3609, 59.3655], [8.3698, 59.3657], [8.3758, 59.3658], [8.379, 59.3658], [8.3817, 59.3658], [8.3925, 59.3656], [8.3981, 59.3655], [8.4023, 59.3655], [8.4148, 59.3642], [8.4182, 59.3639], [8.4253, 59.3632], [8.4337, 59.3614], [8.4373, 59.3605], [8.4408, 59.3597], [8.4534, 59.3567], [8.4584, 59.3555], [8.4619, 59.3546], [8.4652, 59.3537], [8.4701, 59.3523], [8.4825, 59.3488], [8.4869, 59.3475], [8.4932, 59.3457], [8.4995, 59.3439], [8.5037, 59.3427], [8.5059, 59.3422], [8.5062, 59.3421], [8.5099, 59.3413], [8.5159, 59.3398], [8.5214, 59.3385], [8.5254, 59.3375], [8.5285, 59.3368], [8.5312, 59.3361], [8.5336, 59.3355], [8.5356, 59.3349], [8.5415, 59.3334], [8.5473, 59.3319], [8.5511, 59.3309], [8.5575, 59.3292], [8.5617, 59.3281], [8.5693, 59.3261], [8.5732, 59.3251], [8.5793, 59.3226], [8.5858, 59.32], [8.5889, 59.3188], [8.594, 59.3171], [8.6002, 59.315], [8.6065, 59.3128], [8.6156, 59.3098], [8.622, 59.3074], [8.6259, 59.306], [8.6339, 59.303], [8.6398, 59.3007], [8.6432, 59.2995], [8.6467, 59.2981], [8.6493, 59.2972], [8.6526, 59.2958], [8.6564, 59.2942], [8.661, 59.2923], [8.666, 59.2903], [8.67, 59.2886], [8.6762, 59.2863], [8.6834, 59.2851], [8.687, 59.2845], [8.693, 59.2833], [8.7016, 59.2816], [8.7076, 59.2806], [8.7125, 59.2798], [8.7178, 59.279], [8.7286, 59.2773], [8.7349, 59.2764], [8.7394, 59.2757], [8.7438, 59.2748], [8.7472, 59.2742], [8.751, 59.2734], [8.756, 59.2725], [8.7602, 59.2717], [8.7653, 59.271], [8.7713, 59.2702], [8.7722, 59.2701], [8.7738, 59.2699], [8.7795, 59.2696], [8.7828, 59.2694], [8.7874, 59.2692], [8.7908, 59.2691], [8.7962, 59.2688], [8.8002, 59.2686], [8.8041, 59.2684], [8.8086, 59.2682], [8.8132, 59.268], [8.8173, 59.2678], [8.826, 59.2671], [8.8321, 59.2666], [8.8378, 59.2661], [8.8401, 59.2658], [8.8518, 59.2638], [8.8578, 59.2629], [8.8646, 59.2617], [8.867, 59.2613], [8.8692, 59.261], [8.8744, 59.2601], [8.8783, 59.2595], [8.8829, 59.2588], [8.8893, 59.2579], [8.8991, 59.2565], [8.9024, 59.2558], [8.9067, 59.2549], [8.9127, 59.2528], [8.9172, 59.2511], [8.9246, 59.2493], [8.9275, 59.2486], [8.9408, 59.2445], [8.9459, 59.2421], [8.9501, 59.2411], [8.9527, 59.2404], [8.9578, 59.2392], [8.9701, 59.2362], [8.977, 59.2345], [8.9787, 59.2341], [8.9817, 59.2334], [8.9883, 59.2317], [8.994, 59.2303], [8.9992, 59.229], [9.0031, 59.2281], [9.0105, 59.2272], [9.0146, 59.2273], [9.0196, 59.2274], [9.0251, 59.2275], [9.0336, 59.2277], [9.0395, 59.2278], [9.0438, 59.2279], [9.0466, 59.2279], [9.0503, 59.2279], [9.0558, 59.2279], [9.0597, 59.2279], [9.0677, 59.2279], [9.0745, 59.2279], [9.0819, 59.2257], [9.0845, 59.225], [9.086, 59.2245], [9.0882, 59.2239], [9.0977, 59.2211], [9.1038, 59.2194], [9.1095, 59.2177], [9.112, 59.217], [9.112, 59.217], [9.1183, 59.2152], [9.1212, 59.2143], [9.1241, 59.2136], [9.1311, 59.212], [9.1345, 59.2112], [9.1429, 59.2092], [9.1476, 59.2081], [9.1519, 59.2071], [9.158, 59.2057], [9.169, 59.2039], [9.1732, 59.2035], [9.1821, 59.2028], [9.1889, 59.2023], [9.1929, 59.2023], [9.2009, 59.2022], [9.2133, 59.2021], [9.2169, 59.2026], [9.2222, 59.2033], [9.2273, 59.2041], [9.2316, 59.2047], [9.2391, 59.2058], [9.2471, 59.2069], [9.2545, 59.208], [9.2578, 59.2085], [9.2614, 59.2085], [9.2722, 59.2087], [9.2796, 59.2088], [9.2847, 59.2088], [9.2945, 59.209], [9.3015, 59.2091], [9.3101, 59.2089], [9.3156, 59.2087], [9.3213, 59.2086], [9.3274, 59.2089], [9.3327, 59.2091], [9.3389, 59.2094], [9.3436, 59.2097], [9.3505, 59.2109], [9.3562, 59.2119], [9.3627, 59.213], [9.3633, 59.2131], [9.3687, 59.214], [9.3749, 59.2151], [9.384, 59.2167], [9.39, 59.2177], [9.3954, 59.2183], [9.3979, 59.2185], [9.4011, 59.2189], [9.409, 59.2189], [9.4154, 59.2188], [9.4184, 59.2188], [9.4222, 59.2188], [9.4252, 59.2188]]}}, {"type": "Feature", "properties": {"osm_type": "line", "voltage_kv": 420.0, "name": "Holen - R\u00f8d", "avail": 18, "avail_node": "Moflata"}, "geometry": {"type": "LineString", "coordinates": [[9.4252, 59.2188], [9.4273, 59.2195], [9.4301, 59.2206], [9.4316, 59.2212], [9.4348, 59.2228], [9.4366, 59.2237], [9.4382, 59.2245], [9.4405, 59.2254], [9.4577, 59.2316], [9.4572, 59.2329], [9.4553, 59.2376], [9.4583, 59.2405], [9.4612, 59.2433], [9.468, 59.2437], [9.4718, 59.2436], [9.4756, 59.2435], [9.4801, 59.2433], [9.4881, 59.243], [9.4928, 59.2428], [9.4965, 59.2426], [9.5011, 59.2424], [9.5096, 59.2421], [9.5154, 59.2418], [9.5171, 59.243], [9.521, 59.2458], [9.5223, 59.2468], [9.5264, 59.2497], [9.5287, 59.2513], [9.5305, 59.254], [9.5314, 59.2562], [9.5331, 59.2599], [9.5348, 59.2638], [9.5357, 59.2658], [9.5375, 59.2671], [9.5394, 59.2684], [9.5412, 59.2695], [9.5422, 59.2702]]}}, {"type": "Feature", "properties": {"osm_type": "line", "voltage_kv": 132.0, "name": "Kv\u00e6nangen - Vinnelys", "avail": 0}, "geometry": {"type": "LineString", "coordinates": [[21.3203, 69.6344], [21.3204, 69.6343], [21.3199, 69.6343]]}}, {"type": "Feature", "properties": {"osm_type": "line", "voltage_kv": 420.0, "name": "Honna - Arendal", "avail": 14, "avail_node": "EVJE"}, "geometry": {"type": "LineString", "coordinates": [[7.4822, 58.6805], [7.4837, 58.6803], [7.4915, 58.6815], [7.4938, 58.6818], [7.5011, 58.6828], [7.5052, 58.6834], [7.5091, 58.684], [7.5117, 58.6844], [7.5178, 58.684], [7.5245, 58.6836], [7.5285, 58.6833], [7.5338, 58.683], [7.5382, 58.6826], [7.5435, 58.682], [7.5487, 58.6814], [7.5539, 58.6808], [7.5578, 58.6803], [7.5648, 58.6794], [7.567, 58.6791], [7.5701, 58.6788], [7.5727, 58.6785], [7.5825, 58.6776], [7.5887, 58.677], [7.5968, 58.6763], [7.5998, 58.6756], [7.6044, 58.6746], [7.6094, 58.6734], [7.614, 58.6724], [7.6185, 58.6713], [7.6224, 58.6704], [7.6278, 58.6691], [7.6313, 58.6683], [7.6384, 58.6667], [7.6432, 58.6656], [7.6484, 58.6644], [7.6536, 58.6632], [7.6597, 58.6617], [7.6659, 58.6603], [7.6684, 58.6597], [7.6717, 58.6589], [7.6747, 58.6582], [7.6791, 58.6572], [7.6823, 58.6565], [7.6864, 58.6555], [7.6899, 58.6547], [7.694, 58.6538], [7.6961, 58.6533], [7.6998, 58.6524], [7.705, 58.6518], [7.7088, 58.6513], [7.7123, 58.6509], [7.7177, 58.6502], [7.7231, 58.6496], [7.7262, 58.6492], [7.7293, 58.6488], [7.7346, 58.6486], [7.7373, 58.6485], [7.7413, 58.6483], [7.7445, 58.6482], [7.7501, 58.6481], [7.7538, 58.6481], [7.7576, 58.6482], [7.7604, 58.6483], [7.7638, 58.6483], [7.7679, 58.6484], [7.772, 58.6482], [7.7756, 58.6479], [7.7788, 58.6477], [7.7824, 58.6474], [7.7882, 58.647], [7.7945, 58.6465], [7.7984, 58.6462], [7.8003, 58.6461], [7.8062, 58.6456], [7.8104, 58.6453], [7.8174, 58.6442], [7.82, 58.6437], [7.8228, 58.6433], [7.8258, 58.6428], [7.8282, 58.6424], [7.8332, 58.6414], [7.8366, 58.6403], [7.8376, 58.64], [7.8411, 58.6386], [7.8441, 58.6374], [7.8479, 58.6358], [7.8506, 58.6346], [7.8547, 58.6329], [7.858, 58.6314], [7.8611, 58.6301], [7.8643, 58.6287], [7.8697, 58.6269], [7.8761, 58.6249], [7.8825, 58.6243], [7.8882, 58.6239], [7.8923, 58.6236], [7.8976, 58.6231], [7.9003, 58.6229], [7.9023, 58.6228], [7.9101, 58.6223], [7.9153, 58.622], [7.9195, 58.6217], [7.9219, 58.6216], [7.9295, 58.6211], [7.9349, 58.6205], [7.94, 58.6199], [7.9445, 58.6194], [7.9502, 58.6187], [7.9552, 58.6181], [7.9585, 58.6177], [7.9636, 58.6171], [7.9685, 58.6165], [7.9703, 58.6163], [7.9765, 58.6162], [7.98, 58.6161], [7.9864, 58.616], [7.9908, 58.616], [7.9966, 58.6159], [8.003, 58.6158], [8.0055, 58.6157], [8.0102, 58.6156], [8.0163, 58.6143], [8.0215, 58.6131], [8.027, 58.6118], [8.0319, 58.6107], [8.0359, 58.6098], [8.0399, 58.6103], [8.0439, 58.6108], [8.0507, 58.6115], [8.0554, 58.6121], [8.0587, 58.6124], [8.0627, 58.6125], [8.0675, 58.6127], [8.0729, 58.6128], [8.0789, 58.613], [8.0846, 58.6131], [8.0912, 58.6133], [8.0939, 58.6134], [8.1021, 58.6136], [8.1099, 58.6138], [8.113, 58.6139], [8.1191, 58.614], [8.1227, 58.6141], [8.1274, 58.6142], [8.1281, 58.6142], [8.1305, 58.6143], [8.1318, 58.6143], [8.1341, 58.6144], [8.1384, 58.6145], [8.1409, 58.6146], [8.1435, 58.6146], [8.1479, 58.6148], [8.1511, 58.6149], [8.155, 58.6152], [8.1594, 58.6155], [8.166, 58.6159], [8.1688, 58.6161], [8.1732, 58.6164], [8.1787, 58.6167], [8.1868, 58.6172], [8.1913, 58.6167], [8.1958, 58.6162], [8.2001, 58.6158], [8.2038, 58.6154], [8.2054, 58.6152], [8.2094, 58.6148], [8.2133, 58.6144], [8.2168, 58.614], [8.2209, 58.6135], [8.2244, 58.6132], [8.226, 58.613], [8.2328, 58.6122], [8.2369, 58.6118], [8.2396, 58.6115], [8.2435, 58.611], [8.2474, 58.6105], [8.2552, 58.6094], [8.2624, 58.6084], [8.2645, 58.6082], [8.267, 58.6078], [8.2753, 58.6065], [8.2823, 58.6054], [8.2886, 58.6044], [8.2957, 58.6033], [8.3021, 58.6023], [8.306, 58.6017], [8.3101, 58.6011], [8.3144, 58.6004], [8.3201, 58.5995], [8.3235, 58.599], [8.3275, 58.5984], [8.3321, 58.5976], [8.3366, 58.5969], [8.3412, 58.5962], [8.3478, 58.5952], [8.3523, 58.5945], [8.3562, 58.5939], [8.3592, 58.5934], [8.3625, 58.5929], [8.3678, 58.5921], [8.3729, 58.5913], [8.3768, 58.5907], [8.3807, 58.5901], [8.3829, 58.5899], [8.3867, 58.5896], [8.3951, 58.589], [8.4001, 58.5886], [8.4033, 58.5883], [8.4114, 58.588], [8.4168, 58.5878], [8.4185, 58.5878], [8.4232, 58.5876], [8.4287, 58.5874], [8.4324, 58.5873], [8.4368, 58.5872], [8.4415, 58.587], [8.4483, 58.5868], [8.4539, 58.5866], [8.4592, 58.5864], [8.464, 58.5862], [8.4678, 58.5862], [8.4712, 58.5864], [8.4746, 58.5867], [8.4754, 58.5868], [8.4767, 58.5869], [8.4822, 58.5873], [8.4878, 58.5878], [8.4929, 58.5883], [8.4978, 58.5887], [8.5038, 58.5892], [8.5085, 58.5896], [8.5116, 58.5899], [8.5174, 58.59], [8.521, 58.5901], [8.5228, 58.5901], [8.5347, 58.5899], [8.5396, 58.5899], [8.5446, 58.5898], [8.549, 58.5897], [8.5539, 58.5896], [8.5592, 58.5895], [8.5624, 58.5895], [8.5641, 58.5895], [8.5721, 58.5893], [8.577, 58.5893], [8.5798, 58.5892], [8.5866, 58.5891], [8.5915, 58.589], [8.5971, 58.5889], [8.6013, 58.589], [8.6065, 58.589], [8.6128, 58.5891], [8.6163, 58.5892], [8.6217, 58.5892], [8.6275, 58.5893], [8.6295, 58.5893], [8.6319, 58.5894], [8.6336, 58.5894], [8.6379, 58.5894], [8.6414, 58.5895], [8.6489, 58.5896], [8.6531, 58.5896], [8.6559, 58.5896], [8.6659, 58.5895], [8.6727, 58.5894], [8.6781, 58.5893], [8.6838, 58.5892], [8.6908, 58.5892], [8.6962, 58.5891], [8.7017, 58.589], [8.7067, 58.589], [8.707, 58.5888], [8.7094, 58.5876], [8.7149, 58.5849], [8.7154, 58.585], [8.718, 58.5854], [8.7186, 58.5855], [8.7188, 58.5856], [8.7211, 58.5862], [8.7237, 58.5871]]}}, {"type": "Feature", "properties": {"osm_type": "line", "voltage_kv": 300.0, "name": "Flesaker - Sylling", "avail": 31, "avail_node": "Bragernes "}, "geometry": {"type": "LineString", "coordinates": [[9.839, 59.7211], [9.8368, 59.7218], [9.8338, 59.7227], [9.8307, 59.7237], [9.8278, 59.7246], [9.8256, 59.7253], [9.8247, 59.7256], [9.82, 59.7272], [9.8189, 59.7276], [9.8191, 59.7277], [9.8195, 59.7279], [9.8224, 59.7295], [9.8268, 59.7319], [9.831, 59.7342], [9.8344, 59.7361], [9.8388, 59.7385], [9.8426, 59.7406], [9.847, 59.7431], [9.8504, 59.745], [9.8541, 59.7471], [9.8566, 59.7494], [9.8591, 59.7515], [9.8617, 59.7538], [9.8637, 59.7556], [9.8642, 59.7561], [9.8652, 59.7587], [9.8663, 59.7617], [9.8674, 59.7647], [9.8685, 59.7676], [9.8699, 59.7698], [9.8711, 59.7718], [9.8721, 59.7734], [9.8743, 59.7747], [9.8748, 59.775], [9.8792, 59.7776], [9.8793, 59.7777], [9.8796, 59.7778], [9.8796, 59.7778], [9.8812, 59.7788], [9.8816, 59.779], [9.8841, 59.7805], [9.8874, 59.7824], [9.8902, 59.7847], [9.8932, 59.787], [9.8951, 59.7886], [9.8989, 59.7919], [9.9011, 59.7937], [9.9016, 59.7939], [9.9052, 59.795], [9.9106, 59.7967], [9.9111, 59.7969], [9.9111, 59.7969], [9.9113, 59.7969], [9.9113, 59.7969], [9.9113, 59.7969], [9.9132, 59.7975], [9.9171, 59.7984], [9.9209, 59.7993], [9.9249, 59.8002], [9.9285, 59.801], [9.9334, 59.8021], [9.9386, 59.8032], [9.944, 59.8044], [9.9495, 59.8057], [9.9549, 59.8069], [9.9621, 59.8085], [9.9677, 59.8093], [9.9723, 59.81], [9.975, 59.8104], [9.9817, 59.8114], [9.9886, 59.8124], [9.9946, 59.8133], [10.0004, 59.8141], [10.0046, 59.8148], [10.0105, 59.8156], [10.0158, 59.8168], [10.0213, 59.818], [10.0244, 59.8187], [10.0295, 59.8198], [10.0346, 59.8209], [10.0398, 59.8221], [10.0461, 59.8236], [10.0499, 59.8246], [10.0531, 59.8253], [10.0589, 59.8267], [10.0634, 59.8277], [10.0665, 59.829], [10.0704, 59.8305], [10.0744, 59.8322], [10.0766, 59.8331], [10.0798, 59.8344], [10.0841, 59.8361], [10.0886, 59.838], [10.0939, 59.8401], [10.1006, 59.8428], [10.1034, 59.8439], [10.106, 59.8449], [10.1127, 59.8474], [10.1149, 59.8483], [10.1173, 59.8492], [10.1227, 59.8512], [10.1259, 59.8524], [10.131, 59.8544], [10.1349, 59.8559], [10.1426, 59.8569], [10.1454, 59.8573], [10.1505, 59.858], [10.154, 59.8585], [10.1598, 59.8593], [10.1677, 59.8603], [10.1718, 59.8608], [10.1753, 59.8611], [10.1789, 59.8615], [10.1817, 59.8617], [10.1864, 59.8621], [10.1922, 59.8626], [10.1975, 59.8635], [10.2007, 59.8641], [10.2057, 59.865], [10.2095, 59.8657], [10.2101, 59.8658]]}}, {"type": "Feature", "properties": {"osm_type": "line", "voltage_kv": 420.0, "name": "Namsos - Hofstad", "avail": 6, "avail_node": "STRAUM"}, "geometry": {"type": "LineString", "coordinates": [[11.7825, 64.4771], [11.7889, 64.4769], [11.7943, 64.4747], [11.7996, 64.4725], [11.7991, 64.4702], [11.7983, 64.4669], [11.7977, 64.4645], [11.797, 64.4614], [11.7962, 64.4578], [11.7955, 64.4546], [11.7949, 64.4522], [11.7943, 64.4495], [11.7935, 64.446], [11.7931, 64.4443], [11.7928, 64.443], [11.7918, 64.4385], [11.7914, 64.4367], [11.788, 64.4331], [11.7857, 64.4293], [11.784, 64.4265], [11.7834, 64.4232], [11.7828, 64.4195], [11.7823, 64.4168], [11.781, 64.4154], [11.7799, 64.4142], [11.7789, 64.4104], [11.7783, 64.408], [11.7777, 64.4058], [11.777, 64.4026], [11.7763, 64.3999], [11.7757, 64.3975], [11.7748, 64.394], [11.7709, 64.3908], [11.7663, 64.3871], [11.7636, 64.3847], [11.7602, 64.3816], [11.7558, 64.3777], [11.7522, 64.3746], [11.7499, 64.3725], [11.7461, 64.3691], [11.7432, 64.3657], [11.7413, 64.3635], [11.7382, 64.3611], [11.7346, 64.3585], [11.7283, 64.3541], [11.7205, 64.3481], [11.7183, 64.3464], [11.7172, 64.3451], [11.7132, 64.3407], [11.7082, 64.3351], [11.7044, 64.3311], [11.6974, 64.3264], [11.6936, 64.3239], [11.6908, 64.322], [11.6882, 64.3201], [11.6831, 64.3165], [11.6816, 64.3142], [11.6801, 64.3117], [11.6785, 64.3091], [11.6774, 64.3074], [11.6734, 64.3012], [11.6722, 64.2993], [11.6685, 64.2941], [11.6662, 64.2902], [11.6652, 64.2885], [11.6598, 64.286], [11.653, 64.2826], [11.6493, 64.2807], [11.6464, 64.2793], [11.6401, 64.2787], [11.6313, 64.2777], [11.6243, 64.277], [11.6156, 64.276], [11.6064, 64.2751], [11.5943, 64.2748], [11.5899, 64.2747], [11.5755, 64.274], [11.5628, 64.2734], [11.5565, 64.2731], [11.55, 64.2728], [11.5458, 64.2726], [11.5342, 64.2726], [11.5186, 64.2714], [11.5086, 64.271], [11.5041, 64.2708], [11.4942, 64.2704], [11.4878, 64.2701], [11.4789, 64.2697], [11.4698, 64.2693], [11.4646, 64.2691], [11.4508, 64.2685], [11.436, 64.2678], [11.4237, 64.2673], [11.4145, 64.2669], [11.4047, 64.2665], [11.3961, 64.2661], [11.3897, 64.2658], [11.3833, 64.2655], [11.3736, 64.2651], [11.3659, 64.2647], [11.3609, 64.2645], [11.3482, 64.264], [11.3433, 64.2637], [11.3377, 64.2635], [11.3312, 64.2636], [11.3155, 64.2637], [11.307, 64.2638], [11.2961, 64.2638], [11.2884, 64.2639], [11.2822, 64.264], [11.2756, 64.264], [11.2677, 64.2641], [11.2608, 64.2641], [11.2533, 64.2642], [11.2472, 64.2642], [11.2417, 64.2643], [11.2367, 64.2643], [11.2269, 64.2635], [11.2101, 64.2621], [11.2055, 64.2617], [11.2029, 64.2615], [11.2007, 64.2613], [11.1968, 64.261], [11.1909, 64.2616], [11.1779, 64.2629], [11.1729, 64.2634], [11.1601, 64.2647], [11.1559, 64.2651], [11.1531, 64.2654], [11.1439, 64.2663], [11.1392, 64.2668], [11.1317, 64.2663], [11.1253, 64.266], [11.1168, 64.2654], [11.1101, 64.265], [11.1044, 64.2647], [11.0976, 64.2641], [11.0885, 64.2634], [11.0809, 64.2627], [11.073, 64.262], [11.0659, 64.2614], [11.0603, 64.261], [11.0543, 64.2598], [11.0444, 64.2579], [11.0372, 64.2565], [11.0259, 64.2544], [11.0194, 64.2532], [11.0098, 64.2513], [11.0059, 64.2506], [10.9959, 64.2487], [10.9836, 64.2463], [10.9771, 64.2451], [10.9691, 64.2445], [10.9623, 64.2441], [10.952, 64.2435], [10.9416, 64.2428], [10.9371, 64.2425], [10.9311, 64.2424], [10.9245, 64.2422], [10.913, 64.2418], [10.9037, 64.2416], [10.8941, 64.2413], [10.8876, 64.2411], [10.8795, 64.2409], [10.8704, 64.2406], [10.862, 64.2404], [10.8545, 64.24], [10.8444, 64.2395], [10.8342, 64.239], [10.8298, 64.2386], [10.8222, 64.238], [10.8158, 64.2375], [10.8104, 64.237], [10.802, 64.2363], [10.7953, 64.2358], [10.7827, 64.2352], [10.7774, 64.235], [10.7676, 64.2345], [10.7623, 64.2343], [10.7579, 64.2341], [10.7466, 64.2336], [10.7409, 64.2333], [10.735, 64.2331], [10.7295, 64.2327], [10.727, 64.2321], [10.7229, 64.231], [10.7189, 64.2301], [10.7115, 64.2282], [10.7068, 64.2271], [10.7004, 64.2255], [10.6958, 64.2244], [10.6851, 64.2217], [10.6749, 64.2192], [10.6702, 64.2181], [10.6599, 64.2156], [10.6512, 64.2134], [10.6451, 64.2119], [10.6389, 64.2104], [10.633, 64.2089], [10.6238, 64.2066], [10.6168, 64.2049], [10.6073, 64.2026], [10.6007, 64.2009], [10.5962, 64.1998], [10.591, 64.1963], [10.5874, 64.1939], [10.5856, 64.1927], [10.5817, 64.1901], [10.5786, 64.1881], [10.5738, 64.1849], [10.569, 64.1816], [10.5675, 64.1806], [10.5627, 64.1774], [10.5573, 64.1738], [10.5557, 64.1727], [10.5514, 64.1698], [10.5441, 64.1649]]}}, {"type": "Feature", "properties": {"osm_type": "line", "name": "Jord Evanger - Dale 2", "avail": 0}, "geometry": {"type": "LineString", "coordinates": [[5.8625, 60.621], [5.8634, 60.6209], [5.8641, 60.6207]]}}, {"type": "Feature", "properties": {"osm_type": "line", "voltage_kv": 132.0, "name": "Ballangen - Kanstadbotn", "avail": 0}, "geometry": {"type": "LineString", "coordinates": [[15.9647, 68.4041], [15.9641, 68.4045], [15.9617, 68.4065], [15.9612, 68.4069], [15.9546, 68.4122], [15.9532, 68.4136], [15.9459, 68.4224], [15.9391, 68.4304], [15.9377, 68.4321], [15.9361, 68.4341], [15.9339, 68.437], [15.9314, 68.4401], [15.9291, 68.4431], [15.9256, 68.4476], [15.9246, 68.4489], [15.9219, 68.4524], [15.9209, 68.4536], [15.919, 68.4561], [15.9168, 68.459], [15.9161, 68.4599], [15.9158, 68.4601], [15.9145, 68.4612], [15.9112, 68.4639], [15.9062, 68.4681], [15.9043, 68.4698], [15.8992, 68.474], [15.8961, 68.4766], [15.8957, 68.4784], [15.8952, 68.4811], [15.8944, 68.4853], [15.8939, 68.488], [15.8933, 68.4906], [15.8929, 68.4932], [15.892, 68.497], [15.8914, 68.5004], [15.8906, 68.5039], [15.8875, 68.5049], [15.8873, 68.5049]]}}, {"type": "Feature", "properties": {"osm_type": "line", "voltage_kv": 132.0, "name": "Ballangen - Kanstadbotn", "avail": 0}, "geometry": {"type": "LineString", "coordinates": [[16.7275, 68.2632], [16.7271, 68.2634], [16.7226, 68.265], [16.7215, 68.2654], [16.7211, 68.2655], [16.7133, 68.2682], [16.7108, 68.269], [16.7072, 68.2701], [16.6984, 68.2728], [16.6937, 68.2744], [16.6863, 68.2773], [16.6793, 68.2801], [16.6748, 68.2819], [16.6733, 68.2825], [16.6685, 68.2844], [16.6624, 68.2868], [16.656, 68.2891], [16.6496, 68.2914], [16.644, 68.2934], [16.6417, 68.2942], [16.6395, 68.2951], [16.639, 68.2953], [16.6379, 68.2957], [16.6334, 68.2973], [16.6327, 68.2976], [16.6275, 68.2994], [16.6229, 68.3009], [16.6199, 68.302], [16.6118, 68.3048], [16.6059, 68.3069], [16.5995, 68.3081], [16.5919, 68.3096], [16.5825, 68.3114], [16.5739, 68.3131], [16.565, 68.3149], [16.5579, 68.3162], [16.5518, 68.3174], [16.5426, 68.3192], [16.5338, 68.3209], [16.526, 68.3224], [16.5163, 68.3235], [16.5115, 68.324], [16.5067, 68.3245], [16.5009, 68.3252], [16.4947, 68.3253], [16.4874, 68.3255], [16.4831, 68.3256], [16.4787, 68.3256], [16.4762, 68.3256], [16.4682, 68.327], [16.4618, 68.3275], [16.4547, 68.3282], [16.4408, 68.3295], [16.4283, 68.3306], [16.4169, 68.3317], [16.4037, 68.3329], [16.3905, 68.3342], [16.3799, 68.3351], [16.3676, 68.3363], [16.3635, 68.3367], [16.3521, 68.3377], [16.3477, 68.3381], [16.3445, 68.3384], [16.341, 68.3388], [16.3377, 68.3391], [16.3276, 68.34], [16.3239, 68.3404], [16.3212, 68.3406], [16.3152, 68.3412], [16.3073, 68.3405], [16.2962, 68.3396], [16.2881, 68.339], [16.2792, 68.3382], [16.2641, 68.337], [16.2612, 68.3368], [16.2563, 68.3363], [16.2498, 68.3359], [16.244, 68.3366], [16.2287, 68.3384], [16.2169, 68.34], [16.2145, 68.3403], [16.207, 68.3413], [16.2038, 68.3417], [16.1919, 68.3434], [16.1879, 68.344], [16.1787, 68.3454], [16.1705, 68.3466], [16.1633, 68.3475], [16.1562, 68.3484], [16.1469, 68.3496], [16.1393, 68.3505], [16.1285, 68.3519], [16.1234, 68.3525], [16.1176, 68.3532], [16.1112, 68.354], [16.1048, 68.3547], [16.1034, 68.3549]]}}, {"type": "Feature", "properties": {"osm_type": "line", "voltage_kv": 300.0, "name": "Eidum - Strinda", "avail": 6, "avail_node": "Eidum"}, "geometry": {"type": "LineString", "coordinates": [[10.999, 63.4459], [10.9973, 63.4455], [10.9946, 63.4448], [10.9926, 63.4442], [10.9879, 63.4428], [10.9811, 63.4409], [10.9793, 63.4404], [10.9775, 63.4399], [10.9757, 63.4394], [10.9689, 63.4374], [10.9614, 63.4352], [10.9545, 63.4333], [10.948, 63.4314], [10.9473, 63.4312], [10.9468, 63.4311], [10.9442, 63.4303], [10.9379, 63.4285], [10.9302, 63.4263], [10.9298, 63.4262], [10.9201, 63.4234], [10.9165, 63.4224], [10.9156, 63.4221], [10.9093, 63.4203], [10.9025, 63.4183], [10.8946, 63.4161], [10.8902, 63.4148], [10.8846, 63.4132], [10.8796, 63.4115], [10.8748, 63.4099], [10.8709, 63.4087], [10.8651, 63.4068], [10.8591, 63.4048], [10.8538, 63.403], [10.8478, 63.401], [10.8425, 63.3993], [10.8351, 63.3968], [10.8322, 63.3959], [10.8283, 63.3946], [10.8233, 63.3939], [10.8183, 63.3933], [10.8125, 63.3926], [10.8061, 63.3926], [10.8005, 63.3926], [10.7908, 63.3925], [10.7896, 63.3925]]}}, {"type": "Feature", "properties": {"osm_type": "line", "voltage_kv": 300.0, "name": "Eidum - Strinda", "avail": 24, "avail_node": "Vestbyen"}, "geometry": {"type": "LineString", "coordinates": [[10.6661, 63.3969], [10.6633, 63.397], [10.6543, 63.3975], [10.6505, 63.3978], [10.6464, 63.398], [10.6416, 63.3982], [10.6367, 63.3983], [10.6352, 63.3984], [10.6202, 63.399], [10.6148, 63.3992], [10.6083, 63.3994], [10.605, 63.3996], [10.5938, 63.4002], [10.5902, 63.4004], [10.5806, 63.4009], [10.575, 63.4012], [10.5713, 63.4014], [10.5687, 63.4015], [10.5687, 63.4015], [10.5649, 63.4017], [10.5553, 63.4023], [10.549, 63.4026], [10.5469, 63.4027], [10.5355, 63.4016], [10.5312, 63.4012], [10.5311, 63.4012], [10.5311, 63.4012], [10.5311, 63.4012], [10.528, 63.4008], [10.5238, 63.4004], [10.5232, 63.4003], [10.5199, 63.3999], [10.5134, 63.3992], [10.5125, 63.3991], [10.5059, 63.3984], [10.4984, 63.397], [10.4933, 63.396], [10.4884, 63.395], [10.4834, 63.3949], [10.4762, 63.3946], [10.4714, 63.3945], [10.4696, 63.3944], [10.4674, 63.3943], [10.4674, 63.3943], [10.4674, 63.3943], [10.4616, 63.3941], [10.457, 63.3945], [10.4506, 63.395], [10.4485, 63.395]]}}, {"type": "Feature", "properties": {"osm_type": "line", "voltage_kv": 300.0, "name": "Eidum - Strinda", "avail": 0}, "geometry": {"type": "LineString", "coordinates": [[10.7878, 63.3925], [10.7842, 63.3925], [10.7777, 63.3925], [10.7739, 63.3925], [10.7701, 63.3925], [10.7621, 63.3925], [10.7528, 63.3924], [10.7462, 63.3924], [10.7437, 63.3924], [10.7345, 63.3924], [10.7267, 63.3923], [10.7203, 63.3923], [10.7148, 63.3923], [10.7101, 63.3923], [10.7041, 63.3923], [10.693, 63.3937], [10.6888, 63.3943], [10.675, 63.3961], [10.6707, 63.3966], [10.6699, 63.3967]]}}, {"type": "Feature", "properties": {"osm_type": "line", "voltage_kv": 420.0, "name": "Ringerike - Sylling", "avail": 20, "avail_node": "Hovde"}, "geometry": {"type": "LineString", "coordinates": [[10.1989, 60.168], [10.1988, 60.168], [10.1946, 60.1673], [10.189, 60.1663], [10.1852, 60.1649], [10.1815, 60.1636], [10.181, 60.1634], [10.1777, 60.162], [10.1725, 60.1597], [10.1675, 60.1576], [10.1639, 60.156], [10.1592, 60.1546], [10.1537, 60.153], [10.1488, 60.1516], [10.145, 60.1505], [10.1402, 60.1491], [10.1379, 60.1471], [10.1351, 60.1447], [10.132, 60.1421], [10.1279, 60.1386], [10.1265, 60.1374], [10.1231, 60.136], [10.1195, 60.1346], [10.1153, 60.1327], [10.1098, 60.1302], [10.1059, 60.1284], [10.1028, 60.1264], [10.0998, 60.1244], [10.0959, 60.1218], [10.0912, 60.1188], [10.0869, 60.116], [10.0841, 60.1143], [10.0815, 60.1122], [10.0785, 60.1104], [10.078, 60.1101], [10.0778, 60.11], [10.0773, 60.1097], [10.0773, 60.1097], [10.0773, 60.1097], [10.0729, 60.1071], [10.0718, 60.1064], [10.0716, 60.1062], [10.0711, 60.1059], [10.0704, 60.1054], [10.0672, 60.1026], [10.0639, 60.0996], [10.0637, 60.0995], [10.0611, 60.0971], [10.0593, 60.095], [10.0577, 60.0929], [10.0549, 60.0896], [10.0532, 60.0875], [10.0511, 60.0849], [10.0491, 60.0824], [10.047, 60.0799], [10.0451, 60.0772], [10.0437, 60.0751], [10.0417, 60.0721], [10.0402, 60.07], [10.0365, 60.0647], [10.0353, 60.0628], [10.0332, 60.0594], [10.0323, 60.0579], [10.0317, 60.0569], [10.0306, 60.0548], [10.0295, 60.0526], [10.0285, 60.0507], [10.0284, 60.0504], [10.0271, 60.0479], [10.0261, 60.046], [10.0246, 60.0428], [10.0244, 60.0423], [10.0238, 60.0409], [10.025, 60.0373], [10.0257, 60.035], [10.026, 60.0341], [10.0264, 60.0329], [10.0256, 60.0304], [10.0248, 60.0277], [10.024, 60.0252], [10.0231, 60.0222], [10.0223, 60.0198], [10.02, 60.0175], [10.0182, 60.0157], [10.0174, 60.0149], [10.0153, 60.0128], [10.0167, 60.0098], [10.018, 60.0069], [10.0198, 60.0033], [10.0212, 60.0002], [10.0223, 59.9979], [10.0261, 59.9961], [10.0272, 59.9955], [10.0276, 59.9953], [10.036, 59.991], [10.0409, 59.9886], [10.0438, 59.9863], [10.0476, 59.9834], [10.0508, 59.9809], [10.0548, 59.9779], [10.0582, 59.9753], [10.06, 59.9738], [10.0647, 59.9708], [10.0681, 59.9672], [10.0715, 59.9648], [10.0749, 59.9624], [10.0813, 59.9594], [10.0886, 59.956], [10.0939, 59.952], [10.0969, 59.9465], [10.1006, 59.9416], [10.1064, 59.9385], [10.1089, 59.9362], [10.1125, 59.9329], [10.1149, 59.9286], [10.1163, 59.9257], [10.1175, 59.9235], [10.1199, 59.92], [10.1215, 59.9176], [10.1255, 59.9148], [10.1292, 59.9124], [10.1327, 59.9102], [10.1369, 59.9075], [10.1395, 59.9059], [10.1451, 59.9023], [10.1487, 59.9004], [10.1512, 59.8988], [10.1544, 59.8968], [10.159, 59.8938], [10.1633, 59.891], [10.1677, 59.8893], [10.1721, 59.8876], [10.1773, 59.8856], [10.182, 59.8843], [10.1882, 59.8826], [10.1932, 59.8801], [10.1955, 59.8786], [10.2006, 59.8753], [10.2046, 59.8728], [10.208, 59.8713], [10.2114, 59.8699]]}}, {"type": "Feature", "properties": {"osm_type": "line", "voltage_kv": 22.0, "name": "Kristiansand -  Gros\u00f8ya", "avail": 17, "avail_node": "LUND"}, "geometry": {"type": "LineString", "coordinates": [[7.9039, 58.2604], [7.9055, 58.2592], [7.9057, 58.259], [7.9063, 58.2586], [7.9064, 58.2585], [7.9087, 58.2573], [7.9121, 58.2554], [7.9126, 58.2535], [7.9135, 58.2501], [7.9139, 58.2485], [7.9145, 58.2448], [7.9153, 58.2428], [7.917, 58.2384], [7.9184, 58.2358], [7.9192, 58.2337], [7.9199, 58.2317], [7.9275, 58.2303], [7.9301, 58.2298], [7.9352, 58.2288], [7.9373, 58.2284], [7.9383, 58.2282], [7.9447, 58.2272], [7.948, 58.2267], [7.9514, 58.2261], [7.9557, 58.2254], [7.9619, 58.2243], [7.9653, 58.2236], [7.9707, 58.2225], [7.9782, 58.2216], [7.9858, 58.2209], [7.9903, 58.2205], [7.9939, 58.2201], [8.0025, 58.2193], [8.0032, 58.2192], [8.0066, 58.2189], [8.0133, 58.2193], [8.0195, 58.2196], [8.0207, 58.2197], [8.0254, 58.2209], [8.0332, 58.2229], [8.0344, 58.2232], [8.0374, 58.224], [8.0495, 58.2249], [8.052, 58.2252], [8.0546, 58.2254], [8.0577, 58.2257], [8.0629, 58.2262], [8.0653, 58.2265], [8.0726, 58.2272], [8.0729, 58.2272], [8.073, 58.2272], [8.0735, 58.2273], [8.0829, 58.2295], [8.0853, 58.2301], [8.0883, 58.2304], [8.092, 58.2308], [8.0965, 58.2313], [8.101, 58.2318], [8.1054, 58.2308], [8.1086, 58.23], [8.1127, 58.2288], [8.1145, 58.2283], [8.1172, 58.2276], [8.1173, 58.2275], [8.123, 58.2261], [8.1239, 58.2259], [8.1274, 58.225], [8.128, 58.2217], [8.1286, 58.2187], [8.129, 58.2164], [8.1309, 58.2135], [8.133, 58.2108], [8.1354, 58.2073], [8.1376, 58.204], [8.1392, 58.2018], [8.1412, 58.1992], [8.1443, 58.1955], [8.1458, 58.194], [8.1496, 58.1912], [8.1514, 58.1899], [8.1541, 58.1878], [8.1567, 58.1859], [8.1568, 58.186], [8.1571, 58.186], [8.1573, 58.186], [8.1611, 58.1846], [8.1628, 58.184], [8.166, 58.1827], [8.1659, 58.1844], [8.1662, 58.1855], [8.1668, 58.186], [8.1685, 58.1875], [8.1729, 58.1879], [8.1748, 58.1881], [8.1805, 58.1885], [8.182, 58.1886], [8.1833, 58.1887], [8.1859, 58.1889], [8.19, 58.1893], [8.1925, 58.1898], [8.1958, 58.1905], [8.1986, 58.191], [8.1993, 58.1909], [8.2043, 58.1903], [8.2063, 58.1901], [8.21, 58.1896], [8.2121, 58.1894], [8.2144, 58.1888], [8.2153, 58.1886], [8.2193, 58.1877], [8.2224, 58.1872], [8.2252, 58.1866], [8.2274, 58.1862], [8.2282, 58.1861], [8.23, 58.1857], [8.235, 58.1846], [8.2367, 58.1842], [8.2383, 58.1838], [8.2395, 58.1835], [8.2403, 58.1833], [8.2417, 58.183], [8.2455, 58.1813], [8.2486, 58.18], [8.2491, 58.1796], [8.2513, 58.1781], [8.2536, 58.1766], [8.2569, 58.1751], [8.2582, 58.1744], [8.2594, 58.1738], [8.2607, 58.1729], [8.2622, 58.1717], [8.2634, 58.1709], [8.2635, 58.1698]]}}, {"type": "Feature", "properties": {"osm_type": "line", "voltage_kv": 132.0, "name": "Ranes - Trollheim", "avail": 0}, "geometry": {"type": "LineString", "coordinates": [[8.771, 62.9736], [8.775, 62.9739], [8.7802, 62.9744], [8.7858, 62.9749], [8.7902, 62.9753], [8.7948, 62.9764], [8.7987, 62.9773], [8.8034, 62.9784], [8.8081, 62.9795], [8.8107, 62.9802], [8.8126, 62.981], [8.8152, 62.9821], [8.8188, 62.9828], [8.823, 62.9835], [8.8273, 62.9843], [8.8307, 62.9849], [8.8341, 62.9856], [8.8375, 62.9861], [8.8407, 62.9862], [8.8467, 62.9864], [8.8496, 62.9865], [8.8551, 62.9866], [8.8588, 62.9867], [8.8635, 62.9867], [8.868, 62.9868], [8.8725, 62.9869], [8.8773, 62.987], [8.8812, 62.9875], [8.8861, 62.9881], [8.8903, 62.9886], [8.8944, 62.9891], [8.898, 62.9896], [8.9006, 62.9899], [8.9046, 62.9904], [8.9083, 62.9909], [8.9113, 62.9913], [8.9138, 62.9924], [8.9155, 62.9932], [8.9161, 62.9935], [8.9167, 62.9938], [8.9196, 62.9951], [8.9224, 62.9963], [8.9248, 62.9974], [8.9258, 62.9979], [8.9301, 62.9999], [8.9337, 63.0001], [8.9386, 63.0004], [8.9419, 63.0007], [8.9464, 63.001], [8.949, 63.0011], [8.952, 63.0013], [8.9564, 63.0016], [8.9603, 63.0019], [8.9637, 63.0021], [8.968, 63.0027], [8.9722, 63.0033], [8.976, 63.0038], [8.9802, 63.0044], [8.9848, 63.005], [8.988, 63.0054], [8.9918, 63.0057], [8.9962, 63.006], [9.0007, 63.0063], [9.0045, 63.0069], [9.0083, 63.0075], [9.0112, 63.008], [9.0161, 63.0088]]}}, {"type": "Feature", "properties": {"osm_type": "line", "voltage_kv": 300.0, "name": "R\u00f8ldal - Nesflaten", "avail": 0}, "geometry": {"type": "LineString", "coordinates": [[6.8158, 59.8185], [6.8155, 59.8167], [6.8146, 59.8139], [6.8137, 59.811], [6.8132, 59.8102], [6.8116, 59.8077], [6.8098, 59.805], [6.8084, 59.8028], [6.8067, 59.8002], [6.8059, 59.799], [6.8044, 59.7967], [6.8037, 59.7934], [6.8033, 59.7913], [6.8027, 59.7883], [6.8021, 59.7854], [6.8016, 59.7838], [6.8011, 59.7824], [6.8001, 59.7793], [6.7987, 59.775], [6.7997, 59.7722], [6.8002, 59.7709], [6.8006, 59.7671], [6.8011, 59.7637], [6.8017, 59.7597], [6.8017, 59.7571], [6.7995, 59.7495], [6.7987, 59.7465], [6.7981, 59.7446], [6.7969, 59.7402], [6.7964, 59.7384], [6.7974, 59.7335], [6.7983, 59.7294], [6.7987, 59.7274], [6.7994, 59.7241], [6.8001, 59.7208], [6.8008, 59.7174], [6.8012, 59.7154], [6.803, 59.7126], [6.8048, 59.7095], [6.8073, 59.7055], [6.809, 59.7026], [6.8111, 59.6992], [6.8127, 59.6966], [6.8139, 59.6946], [6.8158, 59.6914], [6.8159, 59.6887], [6.816, 59.6844], [6.8162, 59.6808], [6.8162, 59.6788], [6.8163, 59.6774], [6.8157, 59.6754], [6.8147, 59.6731], [6.8137, 59.6707], [6.8127, 59.6685], [6.8116, 59.6661], [6.8103, 59.6631], [6.8096, 59.6615], [6.8109, 59.6597], [6.8126, 59.6572], [6.8144, 59.6548], [6.8145, 59.6546], [6.8156, 59.653], [6.8157, 59.6529]]}}, {"type": "Feature", "properties": {"osm_type": "line", "voltage_kv": 132.0, "name": "S 132 \u00d8VRE \u00c5RDAL-\u00c5RDALSTANGEN", "avail": 0}, "geometry": {"type": "LineString", "coordinates": [[7.8289, 61.3109], [7.8291, 61.3107], [7.8299, 61.3102], [7.8303, 61.3099], [7.8308, 61.3094], [7.8309, 61.3094], [7.8323, 61.3071], [7.8331, 61.3058], [7.8336, 61.3048], [7.8354, 61.3017], [7.8362, 61.3004], [7.8357, 61.2994], [7.8348, 61.2978], [7.8348, 61.2977], [7.8276, 61.2943], [7.8255, 61.2934], [7.8239, 61.2926], [7.8214, 61.2915], [7.818, 61.2899], [7.8157, 61.2888], [7.814, 61.288], [7.8122, 61.2871], [7.8105, 61.2862], [7.8097, 61.2858], [7.8077, 61.2847], [7.8066, 61.2841], [7.8054, 61.2834], [7.8032, 61.2822], [7.8014, 61.2812], [7.8001, 61.2805], [7.7981, 61.2794], [7.7972, 61.2789], [7.7962, 61.2784], [7.7937, 61.277], [7.7918, 61.2759], [7.7898, 61.275], [7.7768, 61.2691], [7.7765, 61.2689], [7.7511, 61.2608], [7.7493, 61.2605], [7.7465, 61.2601], [7.7449, 61.2599], [7.744, 61.2588], [7.7425, 61.2571], [7.7412, 61.2556], [7.7396, 61.2538], [7.7388, 61.2521], [7.7369, 61.2502], [7.7352, 61.2486], [7.7345, 61.2479], [7.7329, 61.2465], [7.7315, 61.2453], [7.7288, 61.2431], [7.7251, 61.2396], [7.724, 61.2378], [7.7233, 61.2364], [7.7171, 61.2358], [7.7139, 61.2359], [7.7135, 61.236]]}}, {"type": "Feature", "properties": {"osm_type": "line", "voltage_kv": 132.0, "name": "RE_132HL05_3", "avail": 2, "avail_node": "Gylthalsen"}, "geometry": {"type": "LineString", "coordinates": [[8.6914, 63.3596], [8.6882, 63.359], [8.6819, 63.3579], [8.6805, 63.3577], [8.6796, 63.3573], [8.6794, 63.3572], [8.678, 63.3566], [8.6761, 63.3557], [8.6732, 63.3544], [8.6706, 63.3533], [8.6684, 63.3523], [8.6664, 63.3514], [8.6643, 63.3503], [8.6599, 63.348], [8.6564, 63.3461], [8.6549, 63.3454], [8.6538, 63.3447], [8.6508, 63.3432], [8.6489, 63.3422], [8.6475, 63.3414], [8.6458, 63.3405], [8.6433, 63.3392], [8.6412, 63.3381], [8.6394, 63.3372], [8.6376, 63.3367], [8.6362, 63.3363], [8.6339, 63.3357], [8.6304, 63.3347], [8.6288, 63.3342], [8.6242, 63.3329], [8.6224, 63.3324], [8.6199, 63.3314], [8.6183, 63.3308], [8.6164, 63.33], [8.6144, 63.3293], [8.6123, 63.3284], [8.6111, 63.328], [8.6078, 63.3266], [8.6054, 63.3257], [8.6032, 63.3249], [8.6027, 63.3239], [8.6017, 63.3221], [8.6016, 63.3218], [8.6016, 63.3215], [8.6017, 63.3198], [8.6017, 63.3189]]}}, {"type": "Feature", "properties": {"osm_type": "line", "voltage_kv": 132.0, "name": "T_Gr\u00e5heia (Kilbotn) - Hinn\u00f8y", "avail": 48, "avail_node": "Sortland"}, "geometry": {"type": "LineString", "coordinates": [[16.3645, 68.7171], [16.3639, 68.717], [16.3532, 68.7149], [16.3473, 68.7137], [16.3389, 68.712], [16.3313, 68.7105], [16.3242, 68.7091], [16.3138, 68.707], [16.3128, 68.7069], [16.2993, 68.7042], [16.2898, 68.7023], [16.2826, 68.7009], [16.2759, 68.6995], [16.2667, 68.6977], [16.2585, 68.6961], [16.2474, 68.6939], [16.2384, 68.6924], [16.2326, 68.6914], [16.228, 68.6907], [16.2232, 68.6899], [16.2178, 68.689], [16.2103, 68.6878], [16.2007, 68.6862], [16.1938, 68.6851], [16.1879, 68.6841], [16.1827, 68.6833], [16.1778, 68.6826], [16.1724, 68.6819], [16.1652, 68.681], [16.1597, 68.6803], [16.1505, 68.6791], [16.1435, 68.6782], [16.1351, 68.677], [16.1269, 68.676], [16.1236, 68.6755], [16.1122, 68.6757], [16.1063, 68.6758], [16.0982, 68.676], [16.0885, 68.6762], [16.081, 68.6763], [16.0751, 68.6764], [16.0718, 68.6754], [16.0704, 68.6749], [16.0544, 68.67], [16.0472, 68.6681], [16.0447, 68.6682], [16.0401, 68.6685], [16.0303, 68.669], [16.0208, 68.6702], [16.0105, 68.6716], [16.0008, 68.6726], [15.9949, 68.6722], [15.9888, 68.6702], [15.9815, 68.6679], [15.9717, 68.6647], [15.9655, 68.6624], [15.957, 68.6592], [15.9518, 68.6575], [15.9442, 68.6549], [15.9363, 68.6522], [15.9299, 68.6499], [15.9219, 68.6472], [15.9153, 68.6449], [15.908, 68.6421], [15.9048, 68.6408], [15.9039, 68.6408], [15.8925, 68.6468], [15.8811, 68.6527], [15.8785, 68.6534], [15.8762, 68.6539], [15.8718, 68.655], [15.8672, 68.656], [15.8594, 68.6578], [15.8556, 68.6587], [15.8547, 68.6589], [15.8499, 68.6595], [15.838, 68.661], [15.8291, 68.6621], [15.8185, 68.6635], [15.8097, 68.6646], [15.8072, 68.6649], [15.8044, 68.6653], [15.7967, 68.6662], [15.7901, 68.6682], [15.783, 68.6702], [15.7768, 68.672], [15.7712, 68.6737], [15.7624, 68.6762], [15.7547, 68.6785], [15.7481, 68.6802], [15.7397, 68.6824], [15.7318, 68.6845], [15.7251, 68.6862], [15.7183, 68.688], [15.71, 68.6902], [15.7029, 68.692], [15.6972, 68.6935], [15.6921, 68.6949], [15.6874, 68.6965], [15.6806, 68.6989], [15.6733, 68.7015], [15.6655, 68.7043], [15.6552, 68.7079], [15.6523, 68.7089], [15.6521, 68.709], [15.6491, 68.7086], [15.6394, 68.7071], [15.6314, 68.7059], [15.6258, 68.7051], [15.6201, 68.7043], [15.6125, 68.7031], [15.6069, 68.7023], [15.5989, 68.701], [15.5907, 68.6997], [15.5817, 68.6983], [15.5723, 68.6968], [15.562, 68.6952], [15.5524, 68.6937], [15.5424, 68.6921], [15.5344, 68.6908], [15.5251, 68.689], [15.5175, 68.6875], [15.5108, 68.6862], [15.5061, 68.6852], [15.506, 68.6851]]}}, {"type": "Feature", "properties": {"osm_type": "line", "voltage_kv": 132.0, "name": "RE_132HL05_1", "avail": 2, "avail_node": "Gylthalsen"}, "geometry": {"type": "LineString", "coordinates": [[8.5525, 63.2639], [8.5516, 63.2636], [8.5484, 63.2624], [8.5455, 63.2614], [8.5435, 63.2607], [8.5415, 63.26], [8.5392, 63.2593], [8.5371, 63.2587], [8.5362, 63.2584]]}}, {"type": "Feature", "properties": {"osm_type": "line", "voltage_kv": 300.0, "name": "H\u00e5vik - Spanne", "avail": 17, "avail_node": "Nordstokke"}, "geometry": {"type": "LineString", "coordinates": [[5.3204, 59.3188], [5.3384, 59.3182], [5.3401, 59.3181], [5.3418, 59.318], [5.3401, 59.3181], [5.3401, 59.3181], [5.3382, 59.3225], [5.3366, 59.326], [5.3344, 59.3312], [5.3335, 59.333], [5.3349, 59.3352], [5.3362, 59.3373], [5.3376, 59.3395], [5.3377, 59.3428], [5.3377, 59.3464], [5.3377, 59.3497], [5.3378, 59.3539], [5.3378, 59.3541], [5.3378, 59.3542], [5.3378, 59.3543], [5.3378, 59.3543], [5.3378, 59.3566], [5.3378, 59.3609], [5.3378, 59.3628], [5.3379, 59.3676], [5.3363, 59.3721], [5.3352, 59.375], [5.3348, 59.3761]]}}, {"type": "Feature", "properties": {"osm_type": "line", "voltage_kv": 300.0, "name": "Kolsvik - Namsskogan", "avail": 0}, "geometry": {"type": "LineString", "coordinates": [[12.789, 65.2018], [12.7893, 65.2009], [12.7902, 65.1979], [12.7905, 65.1957], [12.7908, 65.1932], [12.803, 65.188], [12.8079, 65.1868], [12.8176, 65.1845], [12.8241, 65.1824], [12.8318, 65.1799], [12.8421, 65.1764], [12.8484, 65.1744], [12.8517, 65.1732], [12.858, 65.171], [12.8662, 65.1706], [12.876, 65.1701], [12.8842, 65.1697], [12.8932, 65.1692], [12.9007, 65.1688], [12.9054, 65.1686], [12.9095, 65.1683], [12.9206, 65.1674], [12.9365, 65.1662], [12.9437, 65.1648], [12.9508, 65.1635], [12.9546, 65.1627], [12.9589, 65.1619], [12.9631, 65.1612], [12.9676, 65.1605], [12.9726, 65.1597], [12.9764, 65.1592], [12.9788, 65.1569], [12.981, 65.1548], [12.9828, 65.1528], [12.9813, 65.1492], [12.98, 65.1462], [12.979, 65.1439], [12.9778, 65.1412], [12.9766, 65.1382], [12.9767, 65.1359], [12.9769, 65.1334], [12.9774, 65.1316], [12.9792, 65.1286], [12.981, 65.1254], [12.9823, 65.1238], [12.9853, 65.12], [12.9885, 65.1169], [12.9921, 65.1136], [12.9953, 65.1105], [12.999, 65.1092], [13.0042, 65.1072], [13.0075, 65.1059], [13.0139, 65.1035], [13.0195, 65.1013], [13.0233, 65.0999], [13.028, 65.0981], [13.0349, 65.0955], [13.0405, 65.0934], [13.0488, 65.0902], [13.0525, 65.0888], [13.0576, 65.0868], [13.0631, 65.0848], [13.0674, 65.0831], [13.0707, 65.0819], [13.0755, 65.08], [13.0799, 65.0784], [13.0831, 65.0771], [13.09, 65.0745], [13.0929, 65.0728], [13.0975, 65.07], [13.1013, 65.0678], [13.105, 65.0655], [13.111, 65.062], [13.1156, 65.0592], [13.12, 65.0566], [13.122, 65.0553], [13.126, 65.0538], [13.131, 65.0519], [13.1369, 65.0497], [13.1413, 65.0479], [13.1475, 65.0456], [13.1499, 65.0429], [13.1515, 65.0412], [13.1547, 65.0376], [13.1584, 65.0322], [13.1608, 65.0306], [13.1656, 65.0278], [13.1707, 65.0248], [13.1746, 65.0225], [13.1791, 65.0197], [13.185, 65.016], [13.1882, 65.0139], [13.1947, 65.0098], [13.1987, 65.0074], [13.2025, 65.0051], [13.2081, 65.0017], [13.212, 64.9994], [13.2154, 64.9973], [13.2205, 64.9943], [13.2251, 64.9915], [13.2254, 64.9896]]}}, {"type": "Feature", "properties": {"osm_type": "line", "voltage_kv": 300.0, "name": "Rendalen - T_Balberskaret (F\u00e5berg)", "avail": 7, "avail_node": "Mesna"}, "geometry": {"type": "LineString", "coordinates": [[11.1163, 61.813], [11.1076, 61.8137], [11.1025, 61.8141], [11.0997, 61.8143], [11.0959, 61.8132], [11.0918, 61.8121], [11.0877, 61.8109], [11.0809, 61.809], [11.0763, 61.8077], [11.0668, 61.8031], [11.0618, 61.8006], [11.0576, 61.7986], [11.0544, 61.797], [11.0495, 61.7947], [11.0457, 61.7928], [11.0428, 61.7914], [11.0392, 61.7896], [11.0355, 61.7878], [11.0322, 61.7862], [11.0289, 61.7846], [11.0265, 61.7834], [11.0231, 61.7818], [11.0219, 61.7789], [11.0211, 61.7768], [11.0202, 61.7747], [11.0193, 61.7726], [11.0185, 61.7706], [11.0175, 61.7683], [11.0168, 61.7665], [11.0159, 61.7644], [11.0149, 61.7621], [11.0144, 61.7599], [11.0137, 61.7577], [11.0131, 61.7556], [11.0124, 61.7533], [11.0118, 61.7511], [11.0111, 61.7489], [11.0105, 61.7468], [11.0099, 61.7447], [11.0093, 61.7426], [11.0087, 61.7404], [11.008, 61.7382], [11.0074, 61.7359], [11.0067, 61.7336], [11.0059, 61.731], [11.0052, 61.7285], [11.0045, 61.7262], [11.0039, 61.724], [11.0034, 61.7217], [11.003, 61.7196], [11.0025, 61.7172], [11.0021, 61.7152], [11.0017, 61.7134], [11.0013, 61.7116], [10.9989, 61.7091], [10.9955, 61.7058], [10.9923, 61.7026], [10.9885, 61.6988], [10.985, 61.6953], [10.9823, 61.6926], [10.9791, 61.6894], [10.9751, 61.6855], [10.9717, 61.682], [10.9693, 61.6796], [10.9668, 61.6772], [10.9651, 61.6754], [10.9623, 61.6727], [10.9605, 61.6708], [10.959, 61.6693], [10.9565, 61.6668], [10.9523, 61.6626], [10.9501, 61.6604], [10.9469, 61.6572], [10.9465, 61.6534], [10.9462, 61.6505], [10.9459, 61.6473], [10.9455, 61.6435], [10.9451, 61.64], [10.9449, 61.6385], [10.9447, 61.636], [10.9444, 61.6337], [10.9442, 61.6313], [10.9439, 61.6292], [10.9437, 61.627], [10.9434, 61.6239], [10.943, 61.6204], [10.9427, 61.6175], [10.9422, 61.6125], [10.9417, 61.6084], [10.9417, 61.608], [10.9411, 61.6028], [10.9404, 61.5956], [10.9401, 61.5935], [10.94, 61.5926], [10.9392, 61.5886], [10.9388, 61.5862], [10.9384, 61.5838], [10.938, 61.5817], [10.9372, 61.5776], [10.9367, 61.5749], [10.9363, 61.5725], [10.9359, 61.57], [10.935, 61.5649], [10.9344, 61.5619], [10.9338, 61.5583], [10.9333, 61.5552], [10.9327, 61.5522], [10.9322, 61.549], [10.9317, 61.5461], [10.9311, 61.5428], [10.9304, 61.54], [10.9296, 61.5373], [10.929, 61.5351], [10.9281, 61.5326], [10.9272, 61.5301], [10.9265, 61.5283], [10.9259, 61.5266], [10.925, 61.5243], [10.924, 61.5216], [10.923, 61.5188], [10.9218, 61.5158], [10.9209, 61.5132], [10.9199, 61.5104], [10.919, 61.508], [10.9181, 61.5056], [10.9175, 61.5041], [10.917, 61.5029], [10.9165, 61.5014], [10.9157, 61.4992], [10.915, 61.4974], [10.9143, 61.4955], [10.9135, 61.4933], [10.9128, 61.4915], [10.9115, 61.488], [10.9102, 61.4845], [10.9094, 61.4822], [10.9086, 61.48], [10.907, 61.4755], [10.9056, 61.4718], [10.9043, 61.4682], [10.9034, 61.4657], [10.9018, 61.4614], [10.9006, 61.4579], [10.8996, 61.4552], [10.8989, 61.4532], [10.8979, 61.4505], [10.897, 61.4479], [10.8961, 61.4452], [10.8937, 61.4384], [10.8931, 61.4364], [10.8918, 61.4324], [10.8912, 61.4304], [10.8901, 61.4268], [10.8891, 61.4236], [10.8881, 61.4206], [10.8872, 61.4177], [10.8865, 61.4155], [10.8859, 61.4135], [10.8852, 61.4113], [10.8845, 61.409], [10.8837, 61.4065], [10.8831, 61.4046], [10.8801, 61.4029], [10.8771, 61.4012], [10.8735, 61.3993], [10.8706, 61.3976], [10.8671, 61.3957], [10.8638, 61.3939], [10.8608, 61.3924], [10.8579, 61.3908], [10.8539, 61.3887], [10.85, 61.3867], [10.8464, 61.3847], [10.8424, 61.3827], [10.8384, 61.3805], [10.8347, 61.3785], [10.8312, 61.3767], [10.828, 61.375], [10.8251, 61.3735], [10.8222, 61.372], [10.8198, 61.3707], [10.8177, 61.3696], [10.8154, 61.3684], [10.8134, 61.3673], [10.8114, 61.3662], [10.8091, 61.365], [10.807, 61.3639], [10.8048, 61.3627], [10.8021, 61.3613], [10.7991, 61.3597], [10.7964, 61.3583], [10.7927, 61.3563], [10.7891, 61.3544], [10.7852, 61.3523], [10.7827, 61.351], [10.7806, 61.3499], [10.7773, 61.3482], [10.7745, 61.3468], [10.7714, 61.3453], [10.7686, 61.3439], [10.7652, 61.3422], [10.7623, 61.3407], [10.7592, 61.3392], [10.7566, 61.3379], [10.754, 61.3365], [10.7508, 61.335], [10.7472, 61.3332], [10.7448, 61.332], [10.7416, 61.3304], [10.7385, 61.3288], [10.7353, 61.3272], [10.7324, 61.3265], [10.7281, 61.3255], [10.7252, 61.3248], [10.7214, 61.3239], [10.7169, 61.3228], [10.712, 61.3216], [10.7087, 61.3208], [10.7034, 61.3196], [10.699, 61.3185], [10.6937, 61.3172], [10.6882, 61.3159], [10.6836, 61.3148], [10.6765, 61.3131], [10.6732, 61.3122], [10.6703, 61.3116], [10.6665, 61.3102], [10.6617, 61.3085], [10.6569, 61.3068], [10.6517, 61.3049], [10.6486, 61.3038], [10.644, 61.3022], [10.6397, 61.3006], [10.6362, 61.2994], [10.6321, 61.2979], [10.6294, 61.2967], [10.6268, 61.2955], [10.6221, 61.2934], [10.6187, 61.2918], [10.6154, 61.2903], [10.6116, 61.2886], [10.6077, 61.2868], [10.6033, 61.2848], [10.5991, 61.2829], [10.5938, 61.2805], [10.5896, 61.2786], [10.5851, 61.2766], [10.5815, 61.2752], [10.5774, 61.2734], [10.574, 61.272], [10.5706, 61.27], [10.5667, 61.2676], [10.562, 61.2649], [10.5583, 61.2627], [10.554, 61.2601], [10.5492, 61.2573], [10.5433, 61.2538], [10.5391, 61.2512], [10.534, 61.2493], [10.5293, 61.2474], [10.5251, 61.2458], [10.5234, 61.2451], [10.521, 61.2442], [10.5181, 61.243], [10.5149, 61.2416], [10.5115, 61.24], [10.5086, 61.2387], [10.5061, 61.2369], [10.5035, 61.2351], [10.5013, 61.2335], [10.4981, 61.2313], [10.4976, 61.2295], [10.4969, 61.227], [10.4963, 61.2247], [10.4957, 61.2215], [10.4952, 61.2184], [10.4948, 61.2157], [10.4944, 61.2135], [10.4937, 61.2091], [10.4933, 61.2067], [10.4908, 61.2048], [10.4874, 61.202], [10.4845, 61.1997], [10.4808, 61.1967], [10.4769, 61.1936], [10.474, 61.1912], [10.4712, 61.189], [10.4677, 61.1862], [10.4638, 61.1831], [10.4603, 61.1802], [10.4552, 61.1761], [10.4528, 61.1742], [10.4497, 61.1717], [10.4466, 61.1692], [10.446, 61.1687], [10.447, 61.1667]]}}, {"type": "Feature", "properties": {"osm_type": "line", "voltage_kv": 300.0, "name": "Rendalen - T_Balberskaret (F\u00e5berg)", "avail": 7, "avail_node": "Mesna"}, "geometry": {"type": "LineString", "coordinates": [[10.4498, 61.161], [10.4502, 61.1601]]}}, {"type": "Feature", "properties": {"osm_type": "line", "voltage_kv": 145.0, "name": "132 MOSKOG-SKEI", "avail": 27, "avail_node": "Skei"}, "geometry": {"type": "LineString", "coordinates": [[6.0128, 61.4481], [6.0126, 61.4483], [6.0126, 61.4485], [6.0127, 61.45], [6.0128, 61.4509], [6.0132, 61.4549], [6.0173, 61.4639], [6.0173, 61.4641], [6.0182, 61.4677], [6.0184, 61.4686], [6.0295, 61.4724], [6.0495, 61.4876], [6.0519, 61.4888], [6.0614, 61.4906], [6.0644, 61.4912], [6.0662, 61.4916], [6.0681, 61.4919], [6.0683, 61.492], [6.0783, 61.4923], [6.0875, 61.4927], [6.0877, 61.4927], [6.088, 61.4928], [6.1047, 61.4961], [6.1104, 61.4974], [6.1143, 61.4988], [6.1357, 61.5069], [6.1385, 61.5079], [6.1465, 61.5109], [6.1472, 61.5112], [6.1491, 61.512], [6.1547, 61.5143], [6.1588, 61.516], [6.1702, 61.5181], [6.1761, 61.5185], [6.1824, 61.519], [6.1878, 61.5194], [6.1878, 61.5194], [6.1904, 61.5201], [6.1929, 61.5208], [6.1933, 61.5211], [6.1949, 61.5223], [6.2009, 61.5236], [6.2199, 61.5299], [6.2278, 61.5349], [6.2357, 61.5384], [6.2556, 61.5472], [6.2575, 61.5489], [6.2606, 61.551], [6.2698, 61.5563], [6.2717, 61.5574], [6.2721, 61.5576], [6.2769, 61.5601], [6.2776, 61.5604], [6.2778, 61.5604], [6.2903, 61.559], [6.2998, 61.5579], [6.3155, 61.5614], [6.3227, 61.563], [6.3238, 61.5632], [6.33, 61.5646], [6.3483, 61.5685], [6.3486, 61.5686], [6.3538, 61.5755], [6.3546, 61.5765], [6.364, 61.5815], [6.3641, 61.5815], [6.3739, 61.5826], [6.4368, 61.5678], [6.457, 61.5689], [6.4714, 61.5736], [6.4715, 61.5737], [6.4758, 61.5753], [6.4801, 61.5773], [6.4804, 61.5774]]}}, {"type": "Feature", "properties": {"osm_type": "line", "voltage_kv": 132.0, "name": "L0084 GRINDSDALEN-MEL", "avail": 0}, "geometry": {"type": "LineString", "coordinates": [[6.6114, 61.2214], [6.6116, 61.2233], [6.6116, 61.2233], [6.6117, 61.2242], [6.6118, 61.2251], [6.6125, 61.2305], [6.6127, 61.2323], [6.6126, 61.2331], [6.6122, 61.2371], [6.612, 61.2392], [6.6116, 61.2398], [6.5868, 61.2673]]}}, {"type": "Feature", "properties": {"osm_type": "line", "voltage_kv": 300.0, "name": "STR.300T3 - STR.T.T3", "avail": 24, "avail_node": "Vestbyen"}, "geometry": {"type": "LineString", "coordinates": [[10.4484, 63.3944], [10.4452, 63.3941], [10.4439, 63.3935]]}}, {"type": "Feature", "properties": {"osm_type": "line", "voltage_kv": 420.0, "name": "Balsfjord - Reisadalen", "avail": 13, "avail_node": "Skibotn"}, "geometry": {"type": "LineString", "coordinates": [[19.2057, 69.1874], [19.2091, 69.1867], [19.2171, 69.1848], [19.218, 69.1848], [19.2281, 69.1844], [19.2387, 69.184], [19.2417, 69.1853], [19.2495, 69.1884], [19.2553, 69.1907], [19.2563, 69.1911], [19.2621, 69.1934], [19.2633, 69.1939], [19.2715, 69.1972], [19.275, 69.198], [19.2759, 69.1982], [19.2838, 69.2], [19.2955, 69.2028], [19.3038, 69.2047], [19.3099, 69.2061], [19.3169, 69.2077], [19.325, 69.2096], [19.3327, 69.2114], [19.3346, 69.2131], [19.3387, 69.2169], [19.3407, 69.2188], [19.3475, 69.2203], [19.3558, 69.2223], [19.359, 69.223], [19.3634, 69.2241], [19.3715, 69.2259], [19.3782, 69.2275], [19.3785, 69.2276], [19.3838, 69.2288], [19.3914, 69.2275], [19.3983, 69.2264], [19.4054, 69.2252], [19.4124, 69.2239], [19.4202, 69.2226], [19.427, 69.2215], [19.4346, 69.2202], [19.4406, 69.2192], [19.4494, 69.2177], [19.455, 69.2168], [19.4609, 69.2157], [19.467, 69.2147], [19.4734, 69.2136], [19.4826, 69.2121], [19.4905, 69.2118], [19.4909, 69.2118], [19.5012, 69.2114], [19.5101, 69.2111], [19.5187, 69.2109], [19.5282, 69.2105], [19.5368, 69.2103], [19.5474, 69.2099], [19.5574, 69.2096], [19.5675, 69.2092], [19.5769, 69.2089], [19.5825, 69.2087], [19.5891, 69.2085], [19.5994, 69.207], [19.6076, 69.2058], [19.6133, 69.205], [19.6171, 69.2035], [19.6207, 69.2019], [19.6263, 69.199], [19.6305, 69.1968], [19.6368, 69.1934], [19.6428, 69.1903], [19.6464, 69.1884], [19.6537, 69.1867], [19.662, 69.1847], [19.6689, 69.1831], [19.6745, 69.1818], [19.6798, 69.1806], [19.6869, 69.1812], [19.6934, 69.1818], [19.6999, 69.1823], [19.7066, 69.1828], [19.7183, 69.1837], [19.7308, 69.1847], [19.7381, 69.1853], [19.7478, 69.186], [19.7553, 69.1866], [19.7632, 69.1911], [19.7699, 69.1951], [19.7725, 69.1966], [19.7784, 69.2], [19.7827, 69.2025], [19.789, 69.2046], [19.7952, 69.2066], [19.8022, 69.2088], [19.8087, 69.211], [19.8133, 69.2135], [19.8177, 69.2159], [19.8219, 69.2182], [19.8268, 69.2209], [19.832, 69.2238], [19.8371, 69.2266], [19.8422, 69.2294], [19.8479, 69.2325], [19.852, 69.2348], [19.8578, 69.2376], [19.8638, 69.2405], [19.8699, 69.2434], [19.8741, 69.2455], [19.8782, 69.2475], [19.8838, 69.2488], [19.889, 69.2501], [19.8931, 69.2511], [19.8969, 69.2508], [19.9, 69.2506], [19.9177, 69.2492], [19.9221, 69.2488], [19.9342, 69.2486], [19.9411, 69.2485], [19.9498, 69.2484], [19.959, 69.2495], [19.9692, 69.2506], [19.9744, 69.2497], [19.98, 69.2487], [19.9866, 69.2475], [19.993, 69.2464], [20.0004, 69.2451], [20.0076, 69.2438], [20.0165, 69.2422], [20.0227, 69.2411], [20.0289, 69.2401], [20.0352, 69.2389], [20.041, 69.2379], [20.0493, 69.2364], [20.0554, 69.2354], [20.0627, 69.2341], [20.0671, 69.2333], [20.0736, 69.2321], [20.0818, 69.2307], [20.0884, 69.231], [20.0973, 69.2311], [20.108, 69.2312], [20.1129, 69.2313], [20.1235, 69.2314], [20.1322, 69.2315], [20.136, 69.2315], [20.143, 69.2323], [20.1534, 69.2334], [20.1603, 69.2341], [20.1692, 69.2351], [20.1754, 69.2357], [20.1815, 69.2364], [20.1908, 69.2374], [20.1969, 69.238], [20.2042, 69.2388], [20.2104, 69.239], [20.2279, 69.2394], [20.2344, 69.2394], [20.2413, 69.2393], [20.2534, 69.2391], [20.2593, 69.239], [20.2642, 69.239], [20.2674, 69.2389], [20.2717, 69.2389], [20.2819, 69.2394], [20.2897, 69.2398], [20.2958, 69.2401], [20.3014, 69.2404], [20.31, 69.2409], [20.3196, 69.2416], [20.3252, 69.2419], [20.332, 69.2423], [20.336, 69.2426], [20.3437, 69.2434], [20.3491, 69.244], [20.3562, 69.2448], [20.3617, 69.2454], [20.3671, 69.246], [20.372, 69.2465], [20.3756, 69.2469], [20.3779, 69.2474], [20.3856, 69.2491], [20.3928, 69.2507], [20.4015, 69.2526], [20.4034, 69.2551], [20.4082, 69.2613], [20.4085, 69.2632], [20.4088, 69.2653], [20.4095, 69.269], [20.4099, 69.2718], [20.4102, 69.2734], [20.4107, 69.2763], [20.4113, 69.281], [20.4114, 69.282], [20.4236, 69.2856], [20.4252, 69.2861], [20.4347, 69.2889], [20.4373, 69.2897], [20.4414, 69.2909], [20.4449, 69.2919], [20.4481, 69.2928], [20.4526, 69.2942], [20.4555, 69.295], [20.4626, 69.2966], [20.4753, 69.299], [20.4816, 69.3001], [20.4892, 69.3016], [20.4951, 69.3027], [20.5036, 69.3043], [20.5208, 69.3075], [20.5265, 69.3086], [20.5363, 69.3105], [20.5402, 69.3113], [20.5457, 69.3124], [20.5517, 69.3135], [20.5616, 69.3154], [20.5688, 69.3179], [20.5751, 69.32], [20.582, 69.3223], [20.5924, 69.3258], [20.5956, 69.3269], [20.603, 69.3294], [20.61, 69.3317], [20.6177, 69.3343], [20.6221, 69.3358], [20.6305, 69.3369], [20.6373, 69.3377], [20.6472, 69.339], [20.6526, 69.3391], [20.6581, 69.3392], [20.668, 69.3394], [20.6756, 69.3396], [20.6823, 69.3397], [20.6927, 69.34], [20.6987, 69.3401], [20.7028, 69.3408], [20.7082, 69.3417], [20.7163, 69.3431], [20.7253, 69.3446], [20.7302, 69.3454], [20.7406, 69.3471], [20.7496, 69.3486], [20.7563, 69.3498], [20.7644, 69.3511], [20.7736, 69.3527], [20.781, 69.3539], [20.7898, 69.3554], [20.7989, 69.3569], [20.8084, 69.3585], [20.8173, 69.36], [20.8239, 69.3611], [20.8328, 69.3626], [20.8422, 69.3641], [20.8511, 69.3656], [20.8588, 69.3669], [20.8643, 69.3678], [20.8697, 69.3702], [20.876, 69.3729], [20.882, 69.3756], [20.887, 69.3777], [20.8902, 69.3792], [20.8906, 69.3813], [20.8912, 69.3849], [20.8919, 69.3873], [20.8926, 69.3895], [20.8932, 69.3913], [20.8941, 69.3943], [20.8948, 69.3968], [20.8954, 69.3988], [20.8965, 69.4024], [20.898, 69.4036], [20.9033, 69.4079], [20.9079, 69.4116], [20.9085, 69.4138], [20.9092, 69.4163], [20.9103, 69.4201], [20.9128, 69.4236], [20.9172, 69.4272], [20.9216, 69.4308], [20.9245, 69.4332], [20.9262, 69.4346], [20.9282, 69.4362], [20.9493, 69.4392], [20.9538, 69.4402], [20.9718, 69.4445]]}}, {"type": "Feature", "properties": {"osm_type": "line", "voltage_kv": 420.0, "name": "Usta - \u00c5dal", "avail": 7, "avail_node": "Fl\u00e5 "}, "geometry": {"type": "LineString", "coordinates": [[8.4172, 60.5736], [8.4214, 60.5736], [8.4267, 60.5735], [8.4328, 60.5735], [8.4387, 60.5734], [8.4436, 60.5734], [8.4493, 60.5733], [8.4541, 60.5747], [8.4589, 60.5762], [8.4629, 60.5773], [8.4669, 60.5785], [8.471, 60.5797], [8.4763, 60.5812], [8.4794, 60.5821], [8.4823, 60.583], [8.4858, 60.584], [8.4879, 60.585], [8.4912, 60.5866], [8.4937, 60.5878], [8.4968, 60.5892], [8.4997, 60.5906], [8.5029, 60.5922], [8.5058, 60.5935], [8.5088, 60.595], [8.512, 60.5965], [8.5158, 60.5983], [8.5188, 60.5997], [8.5226, 60.6015], [8.5262, 60.6033], [8.5306, 60.6046], [8.5348, 60.6058], [8.5399, 60.6073], [8.5442, 60.6086], [8.5485, 60.6099], [8.5531, 60.6113], [8.5577, 60.6127], [8.5612, 60.6137], [8.5651, 60.6149], [8.5698, 60.6163], [8.5742, 60.6176], [8.578, 60.6188], [8.5821, 60.62], [8.5865, 60.6211], [8.5897, 60.622], [8.5925, 60.6227], [8.597, 60.6227], [8.6005, 60.6227], [8.6054, 60.6227], [8.6102, 60.6228], [8.6143, 60.6228], [8.619, 60.6228], [8.6234, 60.6227], [8.6256, 60.6227], [8.6318, 60.6227], [8.6365, 60.6227], [8.6408, 60.6226], [8.6452, 60.6226], [8.6496, 60.6226], [8.654, 60.6226], [8.6583, 60.6225], [8.6625, 60.6225], [8.6665, 60.6225], [8.6709, 60.6225], [8.6756, 60.6224], [8.68, 60.6224], [8.6833, 60.6232], [8.6869, 60.6241], [8.6905, 60.6249], [8.6946, 60.6259], [8.6981, 60.6267], [8.7007, 60.6274], [8.7047, 60.6283], [8.7079, 60.6291], [8.7118, 60.63], [8.7163, 60.6311], [8.721, 60.6322], [8.7247, 60.6331], [8.7285, 60.634], [8.7342, 60.6354], [8.7378, 60.6362], [8.7413, 60.6371], [8.7454, 60.6373], [8.7495, 60.6376], [8.7544, 60.638], [8.7577, 60.6382], [8.7609, 60.6385], [8.766, 60.6388], [8.7707, 60.6392], [8.7749, 60.6395], [8.7793, 60.6398], [8.7841, 60.6401], [8.7888, 60.6405], [8.7933, 60.6408], [8.7978, 60.6411], [8.8024, 60.6415], [8.8071, 60.6418], [8.8115, 60.6421], [8.8162, 60.6425], [8.8207, 60.6428], [8.8255, 60.6431], [8.83, 60.6435], [8.8335, 60.6437], [8.8368, 60.644], [8.8411, 60.6443], [8.8447, 60.6445], [8.8491, 60.6448], [8.8537, 60.6452], [8.8582, 60.6455], [8.8621, 60.6458], [8.8659, 60.6461], [8.8696, 60.6463], [8.8732, 60.6466], [8.8773, 60.6469], [8.8815, 60.6472], [8.8859, 60.6475], [8.8906, 60.6478], [8.8933, 60.648], [8.8978, 60.6483], [8.9004, 60.6485], [8.9042, 60.6488], [8.909, 60.6491], [8.9144, 60.6495], [8.9204, 60.65], [8.9232, 60.6502], [8.929, 60.6506], [8.9343, 60.651], [8.9401, 60.6514], [8.946, 60.6518], [8.9515, 60.6522], [8.9557, 60.6525], [8.9601, 60.6528], [8.9657, 60.6532], [8.971, 60.6536], [8.9756, 60.6539], [8.98, 60.6542], [8.9863, 60.6547], [8.9922, 60.6551], [8.9978, 60.6555], [9.0042, 60.6559], [9.0095, 60.6563], [9.0147, 60.6567], [9.0215, 60.6571], [9.0252, 60.6574], [9.0282, 60.6576], [9.0337, 60.658], [9.0401, 60.6585], [9.0428, 60.6575], [9.0461, 60.6564], [9.0464, 60.6563], [9.0469, 60.6561], [9.0523, 60.6542], [9.0551, 60.6532], [9.0554, 60.6531], [9.0563, 60.6528], [9.0606, 60.6512], [9.0641, 60.65], [9.0677, 60.6487], [9.0713, 60.6474], [9.0746, 60.6462], [9.0776, 60.6447], [9.0809, 60.643], [9.0843, 60.6413], [9.0888, 60.6391], [9.0932, 60.6368], [9.0972, 60.6348], [9.1011, 60.6328], [9.1045, 60.6311], [9.1078, 60.6294], [9.1103, 60.6282], [9.1141, 60.6262], [9.1183, 60.6237], [9.1185, 60.6236], [9.1187, 60.6235], [9.1223, 60.6217], [9.1271, 60.6193], [9.1308, 60.6171], [9.1336, 60.6155], [9.1372, 60.6135], [9.1414, 60.6111], [9.1454, 60.6087], [9.1497, 60.6063], [9.1506, 60.6058], [9.1515, 60.6052], [9.1523, 60.6048], [9.1581, 60.6034], [9.1624, 60.6023], [9.1671, 60.6012], [9.1728, 60.5998], [9.1787, 60.5983], [9.1831, 60.5972], [9.1868, 60.5963], [9.1904, 60.5955], [9.1948, 60.5944], [9.1981, 60.5936], [9.2028, 60.5924], [9.2058, 60.5917], [9.2103, 60.5906], [9.2159, 60.5892], [9.2186, 60.5886], [9.2219, 60.5878], [9.2274, 60.5857], [9.232, 60.5839], [9.236, 60.5824], [9.2405, 60.5807], [9.2455, 60.5788], [9.2509, 60.5767], [9.2556, 60.5749], [9.2617, 60.5726], [9.2645, 60.5715], [9.2691, 60.5698], [9.2735, 60.5681], [9.2777, 60.5665], [9.2826, 60.5646], [9.287, 60.5629], [9.2902, 60.5617], [9.293, 60.5606], [9.2968, 60.5592], [9.2997, 60.558], [9.3047, 60.5561], [9.3076, 60.555], [9.3126, 60.5531], [9.317, 60.5514], [9.32, 60.5503], [9.3231, 60.5491], [9.3259, 60.548], [9.3287, 60.5469], [9.3318, 60.5457], [9.3351, 60.5445], [9.3388, 60.5431], [9.3416, 60.542], [9.3459, 60.5403], [9.3491, 60.5391], [9.3519, 60.5381], [9.3578, 60.5358], [9.3633, 60.5337], [9.3674, 60.5321], [9.3722, 60.5303], [9.3747, 60.5285], [9.3784, 60.5257], [9.381, 60.5238], [9.3841, 60.5216], [9.3871, 60.5194], [9.3905, 60.5169], [9.3945, 60.514], [9.3972, 60.512], [9.4006, 60.5095], [9.4052, 60.5081], [9.4098, 60.5068], [9.4169, 60.5046], [9.4221, 60.503], [9.4275, 60.5014], [9.434, 60.4994], [9.4387, 60.498], [9.445, 60.4961], [9.4512, 60.4942], [9.4568, 60.4925], [9.4609, 60.4913], [9.467, 60.4894], [9.4722, 60.4879], [9.4757, 60.487], [9.4815, 60.4855], [9.4856, 60.4851], [9.4902, 60.4847], [9.4949, 60.4843], [9.5011, 60.4837], [9.5091, 60.483], [9.5136, 60.4826], [9.5183, 60.4822], [9.5255, 60.4816], [9.5325, 60.481], [9.537, 60.4798], [9.5409, 60.4788], [9.5434, 60.4772], [9.5476, 60.4745], [9.5519, 60.4718], [9.5565, 60.4689], [9.5604, 60.4664], [9.564, 60.4641], [9.5649, 60.4635], [9.5684, 60.4614], [9.5717, 60.4593], [9.5749, 60.4577], [9.5791, 60.4557], [9.5828, 60.4539], [9.586, 60.4524], [9.5909, 60.45], [9.5959, 60.4477], [9.601, 60.4452], [9.6036, 60.444], [9.6082, 60.4418], [9.6125, 60.4397], [9.6186, 60.4368], [9.6231, 60.4347], [9.6278, 60.4324], [9.6329, 60.4299], [9.6372, 60.4279], [9.6416, 60.4258], [9.6474, 60.423], [9.6512, 60.4212], [9.656, 60.4189], [9.6619, 60.4161], [9.6675, 60.4134], [9.6713, 60.4116], [9.6756, 60.4095], [9.6795, 60.4077], [9.6838, 60.4057], [9.6893, 60.4031], [9.6954, 60.4002], [9.7002, 60.3979], [9.7072, 60.3946], [9.713, 60.3918], [9.7196, 60.3887], [9.725, 60.3861], [9.7312, 60.3832], [9.7351, 60.3813], [9.7401, 60.3789], [9.7439, 60.3771], [9.7514, 60.3752], [9.7568, 60.3738], [9.7636, 60.3721], [9.7695, 60.3706], [9.7755, 60.3691], [9.7817, 60.3675], [9.7862, 60.3664], [9.7911, 60.3652], [9.7986, 60.3633], [9.8044, 60.3618], [9.808, 60.3609], [9.8123, 60.3598], [9.82, 60.3579], [9.8259, 60.3564], [9.8267, 60.3562], [9.8315, 60.355], [9.8355, 60.354], [9.8411, 60.3525], [9.8472, 60.351], [9.853, 60.3495], [9.8564, 60.3487], [9.862, 60.3473], [9.8672, 60.3459], [9.8715, 60.3449], [9.8746, 60.3441], [9.8781, 60.3432], [9.8843, 60.3416], [9.8886, 60.3405], [9.8941, 60.3391], [9.8984, 60.338], [9.9048, 60.3364], [9.9109, 60.3349], [9.9147, 60.3339], [9.9218, 60.3321], [9.9267, 60.3308], [9.9313, 60.3297], [9.9361, 60.3285], [9.9425, 60.3269], [9.9485, 60.3253], [9.9547, 60.3238], [9.9589, 60.3227], [9.9643, 60.3213], [9.9691, 60.3201], [9.9738, 60.3189], [9.9789, 60.3176], [9.9834, 60.3165], [9.9877, 60.3154], [9.9931, 60.314], [9.9971, 60.313], [10.003, 60.3116], [10.0101, 60.3098], [10.0173, 60.3079], [10.0211, 60.307], [10.0245, 60.3061], [10.0288, 60.305], [10.0355, 60.3033], [10.0416, 60.3017], [10.0468, 60.3004], [10.0522, 60.2978], [10.0587, 60.2946], [10.064, 60.292], [10.0696, 60.2893], [10.075, 60.2866], [10.0799, 60.2842], [10.086, 60.2813], [10.0899, 60.2794], [10.096, 60.2764], [10.1019, 60.2736], [10.1067, 60.2712], [10.1129, 60.2682], [10.1192, 60.2652], [10.1225, 60.2636], [10.1276, 60.2612], [10.1304, 60.2595], [10.1344, 60.2572], [10.1388, 60.2546], [10.1429, 60.2523], [10.1447, 60.2512]]}}, {"type": "Feature", "properties": {"osm_type": "line", "voltage_kv": 132.0, "name": "Bardufoss - Mestervik, L1", "avail": 6, "avail_node": "Olsborg"}, "geometry": {"type": "LineString", "coordinates": [[18.5984, 69.0366], [18.6024, 69.0382], [18.6117, 69.0414], [18.6143, 69.0432], [18.6169, 69.0452], [18.6177, 69.0457], [18.6216, 69.0485], [18.6217, 69.0485], [18.6222, 69.0492], [18.6236, 69.0512], [18.6246, 69.0526], [18.627, 69.056], [18.6275, 69.0567], [18.6286, 69.0583], [18.6299, 69.0601], [18.6316, 69.0625], [18.6333, 69.066], [18.6349, 69.0695], [18.6363, 69.0725], [18.6377, 69.0755], [18.6384, 69.0769], [18.6392, 69.0787], [18.6406, 69.0815], [18.6399, 69.0836], [18.6392, 69.0859], [18.6387, 69.0876], [18.6385, 69.0885], [18.6376, 69.092], [18.637, 69.095], [18.6369, 69.0954], [18.6361, 69.0991], [18.6357, 69.1014], [18.6352, 69.1034], [18.6345, 69.1068], [18.6338, 69.1105], [18.6327, 69.1138], [18.6316, 69.117], [18.6306, 69.1199], [18.6296, 69.1227], [18.6284, 69.1262], [18.6271, 69.1298], [18.6261, 69.1328], [18.6252, 69.1352], [18.6245, 69.1373], [18.6242, 69.1382], [18.6235, 69.14], [18.6228, 69.1422], [18.622, 69.1443], [18.6215, 69.1457], [18.6214, 69.146], [18.6208, 69.1476], [18.6197, 69.1508], [18.6187, 69.1538], [18.6176, 69.1569], [18.6162, 69.1607], [18.615, 69.1642], [18.6141, 69.1667], [18.6127, 69.1706], [18.6181, 69.1739], [18.6221, 69.1763], [18.6281, 69.18], [18.6325, 69.1827], [18.6384, 69.1863], [18.6426, 69.1889], [18.6447, 69.1901], [18.6456, 69.1907], [18.6513, 69.1942], [18.6571, 69.1977], [18.6572, 69.1978], [18.6622, 69.2008], [18.6652, 69.2027], [18.6665, 69.2057], [18.6678, 69.2088], [18.6679, 69.2091], [18.6691, 69.2118], [18.6702, 69.2145], [18.6715, 69.2176], [18.6727, 69.2205], [18.674, 69.2236], [18.6741, 69.2237], [18.6746, 69.2251], [18.6777, 69.2274], [18.6789, 69.2284], [18.681, 69.23], [18.6813, 69.2303], [18.685, 69.2331], [18.6852, 69.2333], [18.689, 69.2362], [18.6899, 69.237], [18.6939, 69.2401], [18.6975, 69.2428], [18.7011, 69.2456], [18.7037, 69.2477], [18.7057, 69.2492], [18.709, 69.2516], [18.7098, 69.2523], [18.7124, 69.2543], [18.7158, 69.2568], [18.7159, 69.257], [18.7167, 69.2586], [18.717, 69.2594], [18.7179, 69.2611], [18.7204, 69.2644], [18.7216, 69.266], [18.7222, 69.2663], [18.7242, 69.2672], [18.7269, 69.2685], [18.7284, 69.2692], [18.7295, 69.2698], [18.7299, 69.27], [18.7333, 69.2714], [18.7389, 69.2738], [18.747, 69.2772], [18.7506, 69.2788], [18.7559, 69.281], [18.7626, 69.2838], [18.7697, 69.2868], [18.7736, 69.2885], [18.7795, 69.291], [18.7871, 69.2942], [18.7897, 69.2953], [18.7923, 69.2963], [18.7974, 69.2981], [18.803, 69.3], [18.8123, 69.3032], [18.8167, 69.3047], [18.8207, 69.3061], [18.8272, 69.3083], [18.8326, 69.3102], [18.8334, 69.3105], [18.8349, 69.311], [18.8408, 69.313], [18.8421, 69.3135], [18.8442, 69.3142], [18.8479, 69.3155], [18.8521, 69.317], [18.8576, 69.3189], [18.8581, 69.319], [18.861, 69.32], [18.8695, 69.3232], [18.872, 69.326], [18.8773, 69.3318], [18.8782, 69.3328], [18.8793, 69.334], [18.8815, 69.335]]}}, {"type": "Feature", "properties": {"osm_type": "line", "voltage_kv": 132.0, "name": "Songkj\u00f8len - Skarnes", "avail": 7, "avail_node": "Vormsund"}, "geometry": {"type": "LineString", "coordinates": [[11.502, 60.3332], [11.5009, 60.3318], [11.4997, 60.3301], [11.4985, 60.3285], [11.4973, 60.326], [11.496, 60.3235], [11.4951, 60.3214], [11.4936, 60.3182], [11.4926, 60.3162], [11.4879, 60.3138], [11.4845, 60.3121], [11.4822, 60.3106], [11.478, 60.3079], [11.4766, 60.307], [11.4715, 60.3037], [11.4689, 60.3021], [11.4639, 60.301], [11.4604, 60.3003], [11.453, 60.3011], [11.4458, 60.3018], [11.4429, 60.3021], [11.4398, 60.3005], [11.4347, 60.2977], [11.4325, 60.2965], [11.4319, 60.296], [11.4317, 60.296], [11.4328, 60.2956], [11.4355, 60.2946], [11.4378, 60.2937], [11.4401, 60.2928], [11.4424, 60.2919], [11.4449, 60.2909], [11.4472, 60.29], [11.4493, 60.2892], [11.4517, 60.2883], [11.4547, 60.2871], [11.4576, 60.286], [11.4597, 60.2852], [11.4621, 60.2843], [11.4642, 60.2835], [11.4667, 60.2825], [11.4693, 60.2815], [11.4713, 60.2807], [11.4738, 60.2797], [11.4763, 60.2787], [11.479, 60.2777], [11.4823, 60.2764], [11.4852, 60.2753], [11.4878, 60.2743], [11.4906, 60.2732], [11.4926, 60.2725], [11.4951, 60.2714], [11.4978, 60.2704], [11.5005, 60.2694], [11.5034, 60.2682], [11.5055, 60.2674], [11.5076, 60.2666], [11.5077, 60.2666], [11.51, 60.2657], [11.5125, 60.2647], [11.5144, 60.264], [11.5178, 60.2627], [11.5199, 60.2618], [11.5232, 60.2606], [11.5254, 60.2597], [11.5281, 60.2587], [11.5303, 60.2578], [11.5321, 60.2571], [11.5347, 60.2561], [11.5364, 60.2555], [11.5386, 60.2546], [11.5419, 60.2533], [11.544, 60.2525], [11.5472, 60.2513], [11.549, 60.2508], [11.5521, 60.2501], [11.5544, 60.2495], [11.5582, 60.2486], [11.561, 60.2479], [11.5633, 60.2474], [11.5654, 60.2468], [11.5671, 60.2468], [11.57, 60.2468], [11.5732, 60.2468], [11.5766, 60.2468], [11.5803, 60.2468], [11.5834, 60.2468], [11.5863, 60.2468], [11.5906, 60.2468], [11.5949, 60.2467], [11.5982, 60.2467], [11.602, 60.2467], [11.6051, 60.2467], [11.6065, 60.2467], [11.6103, 60.2467], [11.6124, 60.2467], [11.6155, 60.2467], [11.6192, 60.2467], [11.622, 60.2467], [11.6257, 60.2467], [11.6298, 60.2467], [11.6325, 60.2467], [11.6357, 60.2467], [11.6396, 60.2467], [11.6431, 60.2467], [11.6458, 60.2467], [11.649, 60.2467], [11.6511, 60.2467], [11.6535, 60.2465], [11.6565, 60.2463], [11.6603, 60.2459], [11.6637, 60.2456], [11.6673, 60.2453], [11.6674, 60.2453], [11.6685, 60.2452], [11.6707, 60.245]]}}, {"type": "Feature", "properties": {"osm_type": "line", "voltage_kv": 420.0, "name": "R\u00f8d - Hasle", "avail": 25, "avail_node": "Jel\u00f8y"}, "geometry": {"type": "LineString", "coordinates": [[10.669, 59.3643], [10.6771, 59.3626], [10.6857, 59.3608], [10.6916, 59.3596], [10.6922, 59.3595], [10.6943, 59.3591], [10.7016, 59.3585], [10.707, 59.3581], [10.7142, 59.3575], [10.7151, 59.3574], [10.7194, 59.3571], [10.7205, 59.357], [10.7275, 59.3569], [10.7313, 59.3569], [10.7331, 59.3569], [10.7402, 59.3568], [10.7451, 59.3568], [10.7493, 59.3567], [10.7511, 59.3567], [10.7517, 59.3566], [10.7538, 59.3562], [10.7553, 59.356], [10.7612, 59.355], [10.7692, 59.3536], [10.7766, 59.3522], [10.7845, 59.3509], [10.7918, 59.3496], [10.7963, 59.3481], [10.7999, 59.3469], [10.8003, 59.3467], [10.8055, 59.345], [10.8101, 59.3435], [10.8102, 59.3435], [10.8105, 59.3433], [10.8188, 59.3409], [10.8242, 59.3398], [10.8297, 59.3386], [10.8361, 59.3373], [10.8463, 59.3352], [10.8511, 59.3353], [10.8554, 59.3354], [10.8603, 59.3356], [10.8661, 59.3356], [10.871, 59.3355], [10.8806, 59.3355], [10.8876, 59.3356], [10.8927, 59.3356], [10.9002, 59.335], [10.9072, 59.3343], [10.9139, 59.3337], [10.9189, 59.336], [10.9251, 59.3389], [10.9308, 59.3399], [10.9377, 59.3412], [10.9417, 59.342], [10.9419, 59.342], [10.9471, 59.3431], [10.9522, 59.3441], [10.9593, 59.3443], [10.9657, 59.3446], [10.9731, 59.3434], [10.9798, 59.3424], [10.9846, 59.3417], [10.9912, 59.3406], [11.001, 59.3397], [11.0051, 59.3392], [11.0102, 59.3387], [11.0156, 59.3382], [11.0211, 59.3376], [11.0276, 59.3369], [11.0353, 59.3362], [11.0448, 59.3352], [11.048, 59.3349], [11.0576, 59.3339], [11.0612, 59.3336], [11.0676, 59.3332], [11.0774, 59.3324], [11.0867, 59.3316], [11.0921, 59.3311], [11.0982, 59.3306], [11.1018, 59.3304], [11.1019, 59.3304], [11.1029, 59.3303], [11.1093, 59.3299], [11.1104, 59.3298], [11.1106, 59.3298], [11.1114, 59.3297], [11.1127, 59.3296], [11.1142, 59.3295], [11.1185, 59.3281], [11.1228, 59.3267], [11.1279, 59.3251], [11.1322, 59.3236], [11.1394, 59.3213], [11.1428, 59.3203], [11.1474, 59.3188], [11.1525, 59.3168]]}}, {"type": "Feature", "properties": {"osm_type": "line", "voltage_kv": 420.0, "name": "R\u00f8d - Hasle", "avail": 14, "avail_node": "Frogner"}, "geometry": {"type": "LineString", "coordinates": [[9.6618, 59.3068], [9.6698, 59.3072], [9.6732, 59.3074], [9.6805, 59.3078], [9.688, 59.3082], [9.6911, 59.3084], [9.6947, 59.3087], [9.7048, 59.3094], [9.7094, 59.3098], [9.7154, 59.3103], [9.7213, 59.3109], [9.7296, 59.3123], [9.7348, 59.3132], [9.7477, 59.3155], [9.7542, 59.3166], [9.7583, 59.3173], [9.7646, 59.3184], [9.7707, 59.3191], [9.7815, 59.3203], [9.7862, 59.3196], [9.792, 59.3189], [9.7973, 59.3182], [9.8054, 59.317], [9.812, 59.3161], [9.8176, 59.3153], [9.8229, 59.3146], [9.8329, 59.3132], [9.835, 59.3129], [9.8385, 59.3131], [9.8458, 59.3134], [9.8516, 59.3136], [9.8534, 59.3137], [9.8557, 59.3138], [9.8599, 59.314], [9.8612, 59.314]]}}, {"type": "Feature", "properties": {"osm_type": "line", "voltage_kv": 420.0, "name": "R\u00f8d - Hasle", "avail": 23, "avail_node": "R\u00f8re\u00e5sen"}, "geometry": {"type": "LineString", "coordinates": [[10.3869, 59.3298], [10.3889, 59.3299], [10.3946, 59.3305], [10.3952, 59.3304], [10.3954, 59.3304], [10.4008, 59.3302], [10.4079, 59.3299], [10.416, 59.3296], [10.4232, 59.3292], [10.4289, 59.3305], [10.4322, 59.3313], [10.4395, 59.3329], [10.4462, 59.3344], [10.4528, 59.3359], [10.4533, 59.336], [10.4597, 59.3375], [10.4645, 59.3385], [10.4649, 59.3386], [10.4695, 59.3397], [10.4737, 59.3414], [10.4741, 59.3415]]}}, {"type": "Feature", "properties": {"osm_type": "line", "voltage_kv": 420.0, "name": "R\u00f8d - Hasle", "avail": 23, "avail_node": "R\u00f8re\u00e5sen"}, "geometry": {"type": "LineString", "coordinates": [[9.8639, 59.3142], [9.8694, 59.3144], [9.8777, 59.3149], [9.8781, 59.315], [9.8807, 59.3151], [9.8826, 59.3153], [9.8867, 59.3155], [9.8977, 59.3163], [9.903, 59.3166], [9.9078, 59.317], [9.9125, 59.3173], [9.9158, 59.3175], [9.9196, 59.3177], [9.9228, 59.3178], [9.9305, 59.318], [9.9362, 59.3182], [9.9395, 59.3183], [9.9426, 59.3184], [9.9503, 59.3186], [9.9599, 59.3189], [9.9676, 59.3191], [9.9706, 59.3192], [9.9776, 59.3194], [9.9833, 59.3196], [9.9892, 59.3197], [9.9949, 59.3199], [9.998, 59.32], [10.0049, 59.3201], [10.01, 59.3202], [10.0191, 59.3204], [10.0243, 59.3205], [10.0322, 59.3205], [10.042, 59.3204], [10.0536, 59.3205], [10.058, 59.3207], [10.064, 59.321], [10.069, 59.3213], [10.0736, 59.3215], [10.0816, 59.3219], [10.0886, 59.3222], [10.0936, 59.3225], [10.1035, 59.323], [10.1069, 59.3231], [10.1087, 59.3232], [10.116, 59.3236], [10.1207, 59.3238], [10.1235, 59.3241], [10.1274, 59.3246], [10.1355, 59.3255], [10.1406, 59.3253], [10.1474, 59.325], [10.1549, 59.3246], [10.156, 59.3246], [10.1627, 59.3243], [10.17, 59.3247], [10.1756, 59.325], [10.1765, 59.3251], [10.1861, 59.3257], [10.1924, 59.3261], [10.1974, 59.3264], [10.2029, 59.3267], [10.2091, 59.3271], [10.2146, 59.3274], [10.222, 59.3278], [10.2293, 59.3282], [10.2377, 59.3287], [10.2398, 59.3288], [10.2455, 59.329], [10.2492, 59.3292], [10.2622, 59.3298], [10.268, 59.3301], [10.2739, 59.3306], [10.2745, 59.3306], [10.2819, 59.331], [10.2888, 59.3301], [10.2987, 59.3291], [10.3054, 59.3284], [10.3056, 59.3284], [10.313, 59.3275], [10.318, 59.3278], [10.3251, 59.328], [10.3257, 59.3281], [10.332, 59.3283], [10.3386, 59.3285], [10.345, 59.3288], [10.3511, 59.329], [10.3577, 59.3293], [10.3668, 59.3296], [10.3692, 59.3295], [10.3694, 59.3295], [10.3756, 59.3292]]}}, {"type": "Feature", "properties": {"osm_type": "line", "voltage_kv": 420.0, "name": "R\u00f8d - Hasle", "avail": 18, "avail_node": "Moflata"}, "geometry": {"type": "LineString", "coordinates": [[9.5485, 59.2748], [9.5502, 59.2767], [9.552, 59.2787], [9.5544, 59.2813], [9.5567, 59.2838], [9.5584, 59.2847], [9.5631, 59.2871], [9.5676, 59.2893], [9.5678, 59.2895], [9.5679, 59.2895], [9.5717, 59.2914], [9.5728, 59.2919], [9.5815, 59.296], [9.5848, 59.2965], [9.5899, 59.2974], [9.5925, 59.2979], [9.6044, 59.2999], [9.608, 59.3006], [9.6115, 59.3012], [9.6147, 59.3018], [9.627, 59.3039], [9.631, 59.3045], [9.643, 59.3064], [9.6439, 59.3064], [9.6486, 59.3065], [9.654, 59.3066], [9.6598, 59.3068]]}}, {"type": "Feature", "properties": {"osm_type": "line", "voltage_kv": 145.0, "name": "132 MYKLEBUSTDALEN-MEL", "avail": 27, "avail_node": "Skei"}, "geometry": {"type": "LineString", "coordinates": [[6.5507, 61.3481], [6.5389, 61.3505], [6.5195, 61.3498], [6.4945, 61.3571], [6.4886, 61.3566], [6.4642, 61.3486], [6.4571, 61.3462], [6.4221, 61.3469], [6.4214, 61.3472], [6.4094, 61.3511], [6.4043, 61.3528], [6.4016, 61.3537], [6.4005, 61.3551], [6.4006, 61.3571], [6.4008, 61.362], [6.4013, 61.3732], [6.4013, 61.374], [6.3865, 61.38], [6.3848, 61.3987], [6.3849, 61.4042], [6.3874, 61.4059], [6.398, 61.4128], [6.3991, 61.4144], [6.3996, 61.4151], [6.4001, 61.4158], [6.4003, 61.4161], [6.3847, 61.4297], [6.3801, 61.4375], [6.3778, 61.4441], [6.3707, 61.4641], [6.3681, 61.4697], [6.3681, 61.4703], [6.3679, 61.4757], [6.3619, 61.5042], [6.3617, 61.5044], [6.3556, 61.51], [6.3559, 61.5106], [6.3592, 61.5156], [6.3749, 61.5197], [6.3749, 61.5197], [6.3836, 61.5223]]}}, {"type": "Feature", "properties": {"osm_type": "line", "voltage_kv": 300.0, "name": "B\u00e6rheim - St\u00f8laheia L1", "avail": 52, "avail_node": "Forus trafostasjon"}, "geometry": {"type": "LineString", "coordinates": [[5.66, 58.944], [5.6575, 58.9462], [5.6545, 58.9477], [5.6507, 58.9497], [5.6464, 58.9531], [5.6446, 58.9555], [5.6463, 58.9576], [5.6482, 58.96], [5.6488, 58.9608]]}}, {"type": "Feature", "properties": {"osm_type": "line", "voltage_kv": 300.0, "name": "B\u00e6rheim - St\u00f8laheia L1", "avail": 52, "avail_node": "Forus trafostasjon"}, "geometry": {"type": "LineString", "coordinates": [[5.6951, 58.8859], [5.6952, 58.8873], [5.6955, 58.8912], [5.6958, 58.8948], [5.696, 58.8973], [5.6961, 58.9], [5.6963, 58.9027], [5.6964, 58.9046], [5.6943, 58.9069], [5.6948, 58.9085], [5.6954, 58.9105], [5.6931, 58.9136], [5.6913, 58.916], [5.6904, 58.9183], [5.6893, 58.9211], [5.6882, 58.9234], [5.6851, 58.9245], [5.6848, 58.9246]]}}, {"type": "Feature", "properties": {"osm_type": "line", "voltage_kv": 300.0, "name": "Sauda - Bl\u00e5falli", "avail": 55, "avail_node": "Tysse"}, "geometry": {"type": "LineString", "coordinates": [[6.4043, 59.6691], [6.3993, 59.6693], [6.3993, 59.6693], [6.3966, 59.6695], [6.3903, 59.6699], [6.3818, 59.6679], [6.3802, 59.6676], [6.3743, 59.6664], [6.367, 59.6653], [6.3641, 59.6648], [6.3515, 59.6637], [6.3451, 59.6625], [6.3407, 59.6617], [6.3353, 59.6607], [6.3334, 59.6603], [6.323, 59.6589], [6.3139, 59.6587], [6.3087, 59.6585], [6.3061, 59.6586], [6.3024, 59.6587], [6.2973, 59.6589], [6.2934, 59.6599], [6.2874, 59.6616], [6.2812, 59.6632], [6.2762, 59.6646], [6.2708, 59.6661], [6.2664, 59.6675], [6.2624, 59.6707], [6.2584, 59.6739], [6.2552, 59.6764], [6.2512, 59.6796], [6.2477, 59.6823], [6.2456, 59.6839], [6.2419, 59.687], [6.2403, 59.6917], [6.2392, 59.6931], [6.237, 59.6954], [6.2349, 59.6977], [6.2322, 59.7006], [6.2298, 59.7038], [6.2279, 59.7066], [6.2255, 59.708], [6.2219, 59.7099], [6.2174, 59.7123], [6.2111, 59.714], [6.2084, 59.7148], [6.1975, 59.7177], [6.1894, 59.7198], [6.1821, 59.7214], [6.1795, 59.7252], [6.1796, 59.7283], [6.1797, 59.7302], [6.1795, 59.7335], [6.1792, 59.7391], [6.1781, 59.7414], [6.1775, 59.7429], [6.1769, 59.7471], [6.1766, 59.749], [6.1762, 59.7518], [6.1757, 59.7555], [6.1754, 59.7576], [6.175, 59.7592], [6.1745, 59.7626], [6.1724, 59.7647], [6.1699, 59.7668], [6.1671, 59.7688], [6.1644, 59.7708], [6.1604, 59.7736], [6.1588, 59.7748], [6.1571, 59.7759], [6.1553, 59.7769], [6.1511, 59.7781], [6.1478, 59.7789], [6.1458, 59.7799], [6.1234, 59.7861], [6.1192, 59.7873], [6.1125, 59.7904], [6.1082, 59.7925], [6.1031, 59.7942], [6.0957, 59.7968], [6.0957, 59.7968], [6.0956, 59.7968], [6.0937, 59.7975], [6.0898, 59.7988], [6.0859, 59.8001], [6.0818, 59.8015], [6.0775, 59.8029], [6.0689, 59.8054], [6.0624, 59.8094], [6.0603, 59.8117], [6.0578, 59.8146], [6.0558, 59.8168], [6.0552, 59.8191], [6.0541, 59.823], [6.0534, 59.8278], [6.0532, 59.8306], [6.0529, 59.8331], [6.0527, 59.8353], [6.0521, 59.8396], [6.0523, 59.8443], [6.0524, 59.8459], [6.052, 59.8487], [6.0515, 59.852], [6.0479, 59.8546], [6.0442, 59.8573], [6.0424, 59.8586], [6.0373, 59.8592], [6.0346, 59.8597], [6.0227, 59.862], [6.0218, 59.8622], [6.0215, 59.8622], [6.0212, 59.8623], [6.0191, 59.8626], [6.0155, 59.8632]]}}, {"type": "Feature", "properties": {"osm_type": "line", "voltage_kv": 420.0, "name": "Fjotland - Honna", "avail": 2, "avail_node": "LOGNA"}, "geometry": {"type": "LineString", "coordinates": [[7.0161, 58.766], [7.0133, 58.7647], [7.0105, 58.7634], [7.0103, 58.7625], [7.0099, 58.7606], [7.0097, 58.7594], [7.0103, 58.759], [7.0159, 58.7562], [7.0182, 58.755], [7.0229, 58.7526], [7.0268, 58.7506], [7.0294, 58.7493], [7.0321, 58.7479], [7.0345, 58.7467], [7.0379, 58.745], [7.0391, 58.7438], [7.0408, 58.7422], [7.0424, 58.7407], [7.0449, 58.7387], [7.0488, 58.7356], [7.0547, 58.7341], [7.0607, 58.7326], [7.0655, 58.7314], [7.0688, 58.7306], [7.0759, 58.7288], [7.0792, 58.728], [7.0827, 58.7272], [7.085, 58.7266], [7.0893, 58.7255], [7.0927, 58.7254], [7.0966, 58.7253], [7.1005, 58.7252], [7.1045, 58.7251], [7.1106, 58.7249], [7.1147, 58.725], [7.1186, 58.7252], [7.1244, 58.7253], [7.1273, 58.7254], [7.1326, 58.7256], [7.1366, 58.7257], [7.1423, 58.7259], [7.1466, 58.7261], [7.1512, 58.7262], [7.1564, 58.7264], [7.159, 58.7265], [7.1631, 58.7266], [7.167, 58.7267], [7.1716, 58.7269], [7.1749, 58.727], [7.1791, 58.7271], [7.1847, 58.7273], [7.1907, 58.7275], [7.1937, 58.7277], [7.1968, 58.728], [7.2002, 58.7282], [7.2039, 58.7285], [7.2073, 58.7288], [7.2114, 58.7289], [7.2159, 58.729], [7.22, 58.7292], [7.2235, 58.7293], [7.227, 58.7294], [7.2301, 58.7295], [7.2334, 58.7296], [7.2357, 58.7297], [7.2377, 58.7297], [7.2396, 58.7295], [7.2421, 58.7293], [7.2454, 58.729], [7.2495, 58.7286], [7.2537, 58.7281], [7.257, 58.7278], [7.2601, 58.7275], [7.2636, 58.7272], [7.2657, 58.727], [7.2676, 58.7267], [7.2701, 58.7262], [7.2725, 58.7258], [7.2765, 58.7251], [7.2828, 58.724], [7.2891, 58.7229], [7.2933, 58.7222], [7.2965, 58.7216], [7.2993, 58.7211], [7.3043, 58.7202], [7.3072, 58.7197], [7.3133, 58.7186], [7.3149, 58.7184], [7.3182, 58.7178], [7.3218, 58.7172], [7.3236, 58.7168], [7.3281, 58.716], [7.331, 58.7156], [7.335, 58.715], [7.3366, 58.7148], [7.341, 58.7141], [7.3453, 58.7135], [7.3499, 58.7128], [7.3522, 58.7125], [7.3548, 58.7121], [7.3588, 58.7109], [7.3608, 58.7104], [7.3652, 58.7091], [7.3664, 58.7087], [7.3699, 58.7077], [7.3739, 58.7066], [7.3822, 58.7042], [7.3871, 58.7028], [7.39, 58.702], [7.3918, 58.7015], [7.3996, 58.7005], [7.4092, 58.6993], [7.4122, 58.6985], [7.417, 58.6973], [7.4195, 58.6967], [7.4211, 58.6963], [7.4232, 58.6957], [7.4264, 58.6949], [7.4272, 58.6947], [7.4312, 58.6937], [7.434, 58.693], [7.4373, 58.6921], [7.4443, 58.6904], [7.4514, 58.6886], [7.4543, 58.6878], [7.4569, 58.6872], [7.4592, 58.6866], [7.4686, 58.6842], [7.473, 58.6831]]}}, {"type": "Feature", "properties": {"osm_type": "line", "voltage_kv": 420.0, "name": "Dagali - Nore", "avail": 4, "avail_node": "Nore I"}, "geometry": {"type": "LineString", "coordinates": [[8.5829, 60.4369], [8.587, 60.4368], [8.5908, 60.4361], [8.5958, 60.4351], [8.5997, 60.4344], [8.6044, 60.4335], [8.6106, 60.4323], [8.615, 60.432], [8.6187, 60.4318], [8.624, 60.4316], [8.6303, 60.4312], [8.6362, 60.4309], [8.6426, 60.4306], [8.6493, 60.4302], [8.6551, 60.429], [8.6608, 60.4277], [8.6672, 60.4263], [8.6722, 60.4252], [8.6759, 60.4244], [8.6797, 60.4236], [8.6846, 60.4225], [8.6882, 60.4217], [8.6932, 60.4206], [8.6964, 60.4193], [8.7005, 60.4176], [8.7038, 60.4162], [8.7073, 60.4148], [8.711, 60.4132], [8.7153, 60.4115], [8.7214, 60.4089], [8.7252, 60.4074], [8.73, 60.4054], [8.7349, 60.4033], [8.7411, 60.4008], [8.7453, 60.399], [8.7496, 60.3972], [8.7541, 60.3954], [8.7575, 60.394], [8.7614, 60.3923], [8.7636, 60.3915], [8.7656, 60.3895], [8.7683, 60.387], [8.7706, 60.3847], [8.7736, 60.3819], [8.7763, 60.3793], [8.778, 60.3777], [8.7821, 60.3756], [8.7864, 60.3734], [8.79, 60.3715], [8.7937, 60.3696], [8.7966, 60.3681], [8.7996, 60.3665], [8.8021, 60.3652], [8.8048, 60.3639], [8.8076, 60.3624], [8.8106, 60.3608], [8.8133, 60.3594], [8.8159, 60.3581], [8.8186, 60.3567], [8.8213, 60.3552], [8.8236, 60.3539], [8.827, 60.3521], [8.8301, 60.3504], [8.8329, 60.3488], [8.8359, 60.347], [8.8392, 60.345], [8.8422, 60.3432], [8.8465, 60.3407], [8.8501, 60.3385], [8.8539, 60.3362], [8.8577, 60.3339], [8.8625, 60.3311], [8.8672, 60.3283], [8.8704, 60.3264], [8.8709, 60.3241], [8.8715, 60.3208], [8.872, 60.3179], [8.8725, 60.3149], [8.8728, 60.3132], [8.8746, 60.3113], [8.8766, 60.3092], [8.8786, 60.307], [8.8805, 60.3052], [8.8844, 60.3031], [8.8869, 60.302], [8.8907, 60.3004], [8.8932, 60.2992], [8.8998, 60.2966], [8.9083, 60.2923], [8.9113, 60.2908], [8.9166, 60.289], [8.9217, 60.2872], [8.928, 60.2851], [8.9331, 60.2832], [8.9361, 60.2822], [8.9435, 60.2799], [8.9531, 60.2768], [8.9551, 60.2751], [8.9589, 60.2718], [8.9601, 60.2695]]}}, {"type": "Feature", "properties": {"osm_type": "line", "voltage_kv": 300.0, "name": "Tokke - F\u00f8rre", "avail": 3, "avail_node": "HOLEN"}, "geometry": {"type": "LineString", "coordinates": [[8.0308, 59.4494], [8.0295, 59.4498], [8.0292, 59.4499], [8.0262, 59.4495], [8.025, 59.4487], [8.024, 59.4482], [8.0146, 59.4427], [8.0113, 59.4408], [8.0104, 59.4402], [8.0056, 59.4374], [8.0028, 59.4357], [8.0013, 59.4348], [7.9984, 59.4331], [7.9982, 59.4329], [7.9934, 59.43], [7.9909, 59.4285], [7.9892, 59.4275], [7.9889, 59.4274], [7.9879, 59.4268], [7.9867, 59.4261], [7.9842, 59.4247], [7.9817, 59.4233], [7.9804, 59.4226], [7.977, 59.4207], [7.9742, 59.4187], [7.9702, 59.4159], [7.9662, 59.413], [7.9625, 59.4103], [7.9588, 59.4077], [7.9585, 59.4074], [7.9533, 59.405], [7.9515, 59.4041], [7.949, 59.403], [7.9437, 59.4004], [7.9395, 59.3984], [7.9338, 59.3957], [7.9292, 59.3936], [7.9233, 59.3907], [7.9182, 59.3883], [7.9138, 59.3862], [7.9099, 59.3844], [7.9052, 59.3822], [7.9019, 59.3806], [7.8965, 59.3781], [7.8927, 59.3763], [7.8861, 59.3749], [7.8817, 59.3739], [7.8759, 59.3727], [7.8715, 59.3717], [7.862, 59.3697], [7.8617, 59.3697], [7.8551, 59.3683], [7.8499, 59.3672], [7.8457, 59.3663], [7.8402, 59.3651], [7.8338, 59.3638], [7.8264, 59.3623], [7.8211, 59.3613], [7.8168, 59.3604], [7.8098, 59.3589], [7.8041, 59.3578], [7.8012, 59.3571], [7.7956, 59.3558], [7.789, 59.3544], [7.7815, 59.3527], [7.7774, 59.3518], [7.7738, 59.351], [7.77, 59.3505], [7.764, 59.3497], [7.7564, 59.3487], [7.7515, 59.3481], [7.7452, 59.3473], [7.7378, 59.3464], [7.734, 59.3458], [7.7294, 59.3451], [7.7232, 59.3442], [7.7184, 59.3435], [7.7148, 59.343], [7.7132, 59.3429], [7.7065, 59.3434], [7.7001, 59.3439], [7.691, 59.3446], [7.6846, 59.3451], [7.6755, 59.3458], [7.6712, 59.3456], [7.6648, 59.3453], [7.6607, 59.3456], [7.6519, 59.3465], [7.6447, 59.3473], [7.6367, 59.3481], [7.6312, 59.3475], [7.6277, 59.3473], [7.624, 59.3471], [7.6174, 59.3468], [7.6115, 59.3466], [7.6045, 59.3462], [7.6007, 59.346], [7.5935, 59.3455], [7.5856, 59.345], [7.5815, 59.3448], [7.5782, 59.3451], [7.5701, 59.346], [7.5664, 59.3463], [7.5609, 59.347], [7.5539, 59.3479], [7.5461, 59.3489], [7.5398, 59.3497], [7.5351, 59.3503], [7.5262, 59.3485], [7.5244, 59.3481], [7.5163, 59.3465], [7.5113, 59.3455], [7.505, 59.3442], [7.5016, 59.3435], [7.4965, 59.3425], [7.4915, 59.3415], [7.4861, 59.3405], [7.4813, 59.3396], [7.4757, 59.3385], [7.4703, 59.3375], [7.4648, 59.3365], [7.4617, 59.3359], [7.4592, 59.3355], [7.4567, 59.3346], [7.4515, 59.3326], [7.4478, 59.3313], [7.4443, 59.3299], [7.4414, 59.3289], [7.4379, 59.328], [7.4331, 59.3268], [7.4268, 59.3252], [7.4241, 59.3245], [7.4197, 59.3234], [7.4164, 59.3226], [7.4089, 59.3207], [7.405, 59.3197], [7.3975, 59.3178], [7.393, 59.3167], [7.3881, 59.316], [7.3829, 59.3152], [7.375, 59.3141], [7.3708, 59.3135], [7.366, 59.3128], [7.365, 59.3126], [7.3606, 59.312], [7.3544, 59.3111], [7.3502, 59.3105], [7.3456, 59.3098], [7.342, 59.3093], [7.3384, 59.3088], [7.3302, 59.3074], [7.325, 59.3065], [7.3216, 59.306], [7.3174, 59.3053], [7.3131, 59.3046], [7.3085, 59.3039], [7.3018, 59.303], [7.2967, 59.3024], [7.2892, 59.3015], [7.2836, 59.3009], [7.2737, 59.2999], [7.2699, 59.2995], [7.2637, 59.2988], [7.2581, 59.2983], [7.2501, 59.2975], [7.2423, 59.2968], [7.2362, 59.2962], [7.234, 59.296], [7.2286, 59.2956], [7.2235, 59.2953], [7.2197, 59.2961], [7.2125, 59.2977], [7.2047, 59.2994], [7.1942, 59.3017], [7.1887, 59.3029], [7.1854, 59.3037], [7.1767, 59.3056], [7.1706, 59.3058], [7.1687, 59.3059], [7.1636, 59.3061], [7.1586, 59.3063], [7.1515, 59.3066], [7.1463, 59.3068], [7.1424, 59.3069], [7.1365, 59.3072], [7.133, 59.3073], [7.1267, 59.3076], [7.1231, 59.3089], [7.1189, 59.3105], [7.1176, 59.311], [7.1067, 59.3151], [7.1013, 59.3162], [7.0921, 59.3156], [7.0846, 59.315], [7.0794, 59.3147], [7.0725, 59.3142], [7.067, 59.3138], [7.0635, 59.3137], [7.0557, 59.3136], [7.0487, 59.3103], [7.0459, 59.3091], [7.0419, 59.3085], [7.0345, 59.3074], [7.0297, 59.3067], [7.0262, 59.3062], [7.021, 59.3061], [7.0159, 59.306], [7.0127, 59.3059], [7.0048, 59.3057]]}}, {"type": "Feature", "properties": {"osm_type": "line", "voltage_kv": 420.0, "name": "Brokke - Holen", "avail": 9, "avail_node": "BROKKE"}, "geometry": {"type": "LineString", "coordinates": [[7.5076, 59.1257], [7.5075, 59.126], [7.506, 59.1297], [7.5052, 59.1317], [7.5045, 59.1326], [7.5045, 59.1327], [7.5027, 59.1351], [7.5002, 59.1386], [7.4991, 59.1409], [7.4983, 59.1435], [7.5019, 59.1477], [7.5071, 59.1535], [7.5098, 59.1567], [7.5113, 59.1584], [7.5112, 59.1603], [7.5111, 59.1623], [7.5087, 59.1637], [7.505, 59.1658], [7.5029, 59.167], [7.4976, 59.1734], [7.4967, 59.1746], [7.4935, 59.1789], [7.4924, 59.1803], [7.4903, 59.1831], [7.488, 59.1862], [7.4851, 59.1901], [7.4825, 59.1947], [7.4845, 59.2015], [7.4849, 59.2031], [7.4824, 59.2055], [7.4804, 59.2075], [7.4785, 59.2094], [7.4768, 59.2111], [7.4731, 59.2146], [7.4696, 59.2181], [7.4674, 59.2203], [7.4659, 59.2214], [7.4631, 59.2234], [7.4567, 59.228], [7.4533, 59.2304], [7.4479, 59.2343], [7.4451, 59.2363], [7.4417, 59.2389], [7.4379, 59.2408], [7.429, 59.2456], [7.4235, 59.2485], [7.4194, 59.2506], [7.4161, 59.2524], [7.4114, 59.2549], [7.4088, 59.2563], [7.4003, 59.2611], [7.3927, 59.2654], [7.388, 59.268], [7.3844, 59.27], [7.3792, 59.2729], [7.3736, 59.276], [7.3703, 59.2779], [7.3672, 59.2796], [7.3643, 59.2816], [7.3573, 59.2864], [7.3521, 59.29], [7.3502, 59.2913], [7.3422, 59.2961], [7.3375, 59.2989], [7.3355, 59.3001], [7.3324, 59.302], [7.3271, 59.3052], [7.325, 59.3065], [7.3212, 59.3089], [7.3173, 59.3111], [7.3115, 59.3175], [7.3103, 59.3186], [7.3087, 59.32], [7.3073, 59.3214], [7.3045, 59.3242], [7.3029, 59.3258], [7.301, 59.3266], [7.2982, 59.3278], [7.2892, 59.3315], [7.2865, 59.3326], [7.2834, 59.3339], [7.2806, 59.3351], [7.2728, 59.3368], [7.2697, 59.3375], [7.2664, 59.3383], [7.2572, 59.3404], [7.253, 59.3413], [7.2505, 59.3434]]}}, {"type": "Feature", "properties": {"osm_type": "line", "voltage_kv": 132.0, "name": "RE_132HL04_4", "avail": 0}, "geometry": {"type": "LineString", "coordinates": [[8.8292, 63.0784], [8.8296, 63.0782], [8.835, 63.0747], [8.8354, 63.0744], [8.8367, 63.0736], [8.8383, 63.0726], [8.8385, 63.0724], [8.8407, 63.071], [8.8415, 63.0705], [8.8426, 63.0698], [8.8441, 63.0688], [8.8452, 63.0682], [8.848, 63.0664], [8.8519, 63.0658], [8.8532, 63.0657], [8.8576, 63.0651], [8.8615, 63.0645], [8.8622, 63.0644], [8.8651, 63.064], [8.8676, 63.0637], [8.8694, 63.0635], [8.8728, 63.0632], [8.8758, 63.0629], [8.8782, 63.0627], [8.8817, 63.0623], [8.8845, 63.0621], [8.887, 63.0619], [8.8897, 63.0616], [8.8924, 63.0614], [8.8947, 63.0612], [8.8976, 63.0609], [8.8991, 63.0608], [8.9011, 63.0606], [8.9047, 63.0603], [8.9074, 63.06], [8.909, 63.0599], [8.9124, 63.0596], [8.9149, 63.0593], [8.918, 63.0591], [8.9206, 63.0588], [8.9233, 63.0586], [8.9243, 63.0585], [8.9274, 63.0582], [8.9279, 63.0579], [8.9299, 63.057], [8.9317, 63.056], [8.9348, 63.0545], [8.9361, 63.0538], [8.9366, 63.0536], [8.9385, 63.0526], [8.9411, 63.0514], [8.9423, 63.0508], [8.9439, 63.0499], [8.9455, 63.0491], [8.9477, 63.048], [8.9495, 63.0472], [8.9517, 63.046], [8.9541, 63.0448], [8.9558, 63.044], [8.9573, 63.0432], [8.9597, 63.042], [8.9622, 63.0408], [8.9626, 63.0406], [8.9641, 63.0398], [8.9665, 63.0386], [8.9678, 63.038], [8.9715, 63.0361], [8.9724, 63.0357], [8.976, 63.0339], [8.9776, 63.033], [8.9791, 63.0323], [8.983, 63.0304], [8.9845, 63.0296], [8.9852, 63.0293], [8.9872, 63.0283], [8.9905, 63.0266], [8.992, 63.0258], [8.9944, 63.0246], [8.9959, 63.0239], [8.997, 63.0233], [9.0007, 63.0215], [9.0011, 63.0213], [9.0017, 63.021], [9.0017, 63.021], [9.0026, 63.0206], [9.0052, 63.0192], [9.0074, 63.0181], [9.0093, 63.0174], [9.0101, 63.0172], [9.0133, 63.016], [9.0171, 63.0146], [9.018, 63.0143], [9.0191, 63.0139], [9.0229, 63.0125], [9.0237, 63.0117], [9.0248, 63.0107], [9.0249, 63.0106], [9.0252, 63.0103], [9.0243, 63.0096], [9.0236, 63.009]]}}, {"type": "Feature", "properties": {"osm_type": "line", "voltage_kv": 132.0, "name": "Hinn\u00f8y - Sortland", "avail": 48, "avail_node": "Sortland"}, "geometry": {"type": "LineString", "coordinates": [[15.4044, 68.7079], [15.404, 68.708], [15.4018, 68.7085], [15.3957, 68.7099], [15.3916, 68.7109]]}}, {"type": "Feature", "properties": {"osm_type": "line", "voltage_kv": 132.0, "name": "Hinn\u00f8y - Sortland", "avail": 48, "avail_node": "Sortland"}, "geometry": {"type": "LineString", "coordinates": [[15.4924, 68.6841], [15.491, 68.6842], [15.4855, 68.6848], [15.4803, 68.6863], [15.475, 68.6879], [15.4709, 68.6897], [15.4672, 68.6916], [15.4645, 68.694], [15.4613, 68.6969], [15.4586, 68.6994], [15.4555, 68.7024], [15.453, 68.7048], [15.4484, 68.7064], [15.4474, 68.7065]]}}, {"type": "Feature", "properties": {"osm_type": "line", "voltage_kv": 300.0, "name": "Bjerkreim - Fagrafjell", "avail": 68, "avail_node": "H\u00e5land trafostasjon"}, "geometry": {"type": "LineString", "coordinates": [[5.7636, 58.7854], [5.7637, 58.7861]]}}, {"type": "Feature", "properties": {"osm_type": "line", "voltage_kv": 300.0, "name": "Bjerkreim - Fagrafjell", "avail": 68, "avail_node": "H\u00e5land trafostasjon"}, "geometry": {"type": "LineString", "coordinates": [[5.9176, 58.5922], [5.9174, 58.5939], [5.9168, 58.5945], [5.914, 58.5974], [5.9117, 58.5999], [5.909, 58.6028], [5.9067, 58.6044], [5.8997, 58.609], [5.898, 58.6102], [5.8932, 58.6135], [5.8896, 58.6158], [5.8824, 58.6207], [5.8784, 58.6234], [5.8756, 58.6253], [5.8728, 58.6271], [5.8667, 58.6312], [5.8639, 58.6331], [5.8604, 58.6354], [5.8573, 58.6376], [5.851, 58.6418], [5.8491, 58.643], [5.848, 58.6438], [5.8451, 58.6457], [5.8381, 58.6504], [5.8348, 58.6527], [5.8308, 58.6553], [5.8247, 58.6594], [5.8211, 58.6635], [5.8186, 58.6664], [5.8136, 58.6722], [5.8121, 58.6739], [5.8072, 58.6794], [5.8054, 58.6815], [5.8034, 58.6839], [5.8008, 58.6868], [5.7986, 58.6893], [5.7983, 58.6897], [5.7958, 58.6936], [5.7938, 58.6973], [5.7917, 58.7012], [5.7887, 58.7057], [5.7859, 58.7098], [5.7838, 58.7129], [5.7814, 58.7166], [5.78, 58.7186], [5.778, 58.7217], [5.7787, 58.7236], [5.7802, 58.7275], [5.7815, 58.7307], [5.7825, 58.7334], [5.7832, 58.7352], [5.7831, 58.7383], [5.7831, 58.7417], [5.783, 58.7439], [5.783, 58.7464], [5.7829, 58.7485], [5.7829, 58.7505], [5.7822, 58.7532], [5.7816, 58.7558], [5.7808, 58.759], [5.7791, 58.7608], [5.7767, 58.7633], [5.7742, 58.7659], [5.7714, 58.7688], [5.7681, 58.7723], [5.7656, 58.7749], [5.7641, 58.7798], [5.7633, 58.7824], [5.7631, 58.783], [5.7636, 58.7854]]}}, {"type": "Feature", "properties": {"osm_type": "line", "voltage_kv": 420.0, "name": "Balsfjord - Reisadalen", "avail": 0}, "geometry": {"type": "LineString", "coordinates": [[22.0617, 69.7186], [22.064, 69.7186], [22.0745, 69.7186], [22.0809, 69.7186], [22.0884, 69.7186], [22.0995, 69.7187], [22.112, 69.7187], [22.12, 69.7187], [22.1301, 69.7187], [22.1403, 69.7187], [22.1506, 69.7187], [22.1613, 69.7187], [22.1686, 69.7187], [22.1725, 69.7199], [22.1797, 69.7221], [22.1845, 69.7235], [22.1917, 69.7257], [22.1979, 69.7275], [22.2053, 69.7297], [22.2158, 69.7329], [22.2184, 69.7336], [22.227, 69.7362], [22.2414, 69.7405], [22.2461, 69.7419], [22.2536, 69.7442], [22.2684, 69.7451], [22.279, 69.7457], [22.2886, 69.7463], [22.2969, 69.7468], [22.3097, 69.7476], [22.3177, 69.7481], [22.3274, 69.7487], [22.3337, 69.7491], [22.3503, 69.75], [22.3579, 69.7505], [22.3669, 69.751], [22.3721, 69.7512], [22.3791, 69.7516], [22.3888, 69.7522], [22.3962, 69.7526], [22.4084, 69.7533], [22.4223, 69.754], [22.4298, 69.7544], [22.4412, 69.7549], [22.4485, 69.7552], [22.4559, 69.7555], [22.4632, 69.7559], [22.4744, 69.7563], [22.485, 69.7568], [22.4955, 69.7573], [22.5055, 69.7577], [22.5154, 69.7582], [22.5238, 69.7585], [22.529, 69.7588], [22.5387, 69.7575], [22.5458, 69.7566], [22.5525, 69.7558], [22.5601, 69.7548], [22.5677, 69.7539], [22.5765, 69.7527], [22.5815, 69.7521], [22.5882, 69.7513], [22.5944, 69.7505], [22.6084, 69.7496], [22.6152, 69.7492], [22.621, 69.7489], [22.6278, 69.7497], [22.6366, 69.7508], [22.6466, 69.7521], [22.6575, 69.7534], [22.6665, 69.7545], [22.6739, 69.7555], [22.6815, 69.7564], [22.6919, 69.7577], [22.6987, 69.7585], [22.7058, 69.7594], [22.7144, 69.7608], [22.7226, 69.762], [22.7333, 69.7637], [22.7388, 69.7646], [22.7488, 69.7662], [22.7582, 69.7678], [22.7675, 69.7693], [22.7778, 69.771], [22.787, 69.7725], [22.7934, 69.7746], [22.7997, 69.7766], [22.807, 69.779], [22.8138, 69.7812], [22.822, 69.7838], [22.8289, 69.786], [22.8354, 69.7881], [22.8413, 69.79], [22.849, 69.7925], [22.8554, 69.7946], [22.8617, 69.7966], [22.8669, 69.7983], [22.8751, 69.8009], [22.8797, 69.8024], [22.8845, 69.8039], [22.8905, 69.8059], [22.8991, 69.8076], [22.9054, 69.8089], [22.9128, 69.8104], [22.9219, 69.8122], [22.9294, 69.8137], [22.9381, 69.8154], [22.9469, 69.8172], [22.9541, 69.8187], [22.9626, 69.8204], [22.9713, 69.8221], [22.9792, 69.8237], [22.9875, 69.8254], [22.996, 69.8271], [23.0058, 69.829], [23.0117, 69.8302], [23.0192, 69.8317], [23.0241, 69.8327], [23.0315, 69.8342], [23.0411, 69.8361], [23.0505, 69.838], [23.0583, 69.8395], [23.0679, 69.8415], [23.0755, 69.843], [23.0824, 69.8444], [23.0887, 69.8474], [23.095, 69.8504], [23.0995, 69.8525], [23.1048, 69.855], [23.1112, 69.8581], [23.1165, 69.8606], [23.1227, 69.8635], [23.1285, 69.8663], [23.1327, 69.8683], [23.1333, 69.8689], [23.1336, 69.8693], [23.1364, 69.8728], [23.1381, 69.8748], [23.139, 69.8759], [23.1403, 69.8775], [23.1421, 69.8798], [23.1462, 69.8847], [23.1483, 69.8873], [23.1531, 69.8931], [23.1547, 69.8951], [23.1628, 69.8964], [23.1698, 69.8974], [23.177, 69.8986], [23.1832, 69.8995], [23.1902, 69.9006], [23.1955, 69.9015], [23.1997, 69.9021], [23.2031, 69.9027], [23.2086, 69.9035]]}}, {"type": "Feature", "properties": {"osm_type": "line", "voltage_kv": 420.0, "name": "Balsfjord - Reisadalen", "avail": 0}, "geometry": {"type": "LineString", "coordinates": [[21.3186, 69.6356], [21.3182, 69.6368], [21.3186, 69.6382], [21.3192, 69.6407], [21.3193, 69.6431], [21.3195, 69.6457], [21.3196, 69.6472], [21.3198, 69.6506], [21.3318, 69.6563], [21.3363, 69.6572], [21.3383, 69.6576], [21.3433, 69.6578], [21.3483, 69.658], [21.358, 69.6592], [21.3657, 69.6601], [21.3717, 69.6607], [21.3782, 69.6622], [21.3841, 69.6633], [21.3925, 69.6649], [21.3978, 69.6659], [21.4097, 69.6681], [21.418, 69.6697], [21.4244, 69.6701], [21.4334, 69.6708], [21.4402, 69.6713], [21.4475, 69.6718], [21.4575, 69.6725], [21.4674, 69.6732], [21.4745, 69.6737], [21.4806, 69.6742], [21.4821, 69.6743], [21.4841, 69.6744], [21.491, 69.6764], [21.4981, 69.6785], [21.5045, 69.6804], [21.5114, 69.6824], [21.5184, 69.6845], [21.5247, 69.6863], [21.5309, 69.6881], [21.5367, 69.6898], [21.5419, 69.6913], [21.5472, 69.6929], [21.5532, 69.6946], [21.5599, 69.6966], [21.5638, 69.6977], [21.5699, 69.6995], [21.5781, 69.7019], [21.5845, 69.7038], [21.5926, 69.7061], [21.6008, 69.7085], [21.6077, 69.7105], [21.614, 69.7124], [21.617, 69.7143], [21.6242, 69.7188], [21.6267, 69.7204], [21.631, 69.7232], [21.6365, 69.7267], [21.6391, 69.7283], [21.6411, 69.7296], [21.6472, 69.7334], [21.651, 69.7359], [21.6571, 69.7398], [21.6603, 69.7418], [21.667, 69.746], [21.6703, 69.7482], [21.6725, 69.7495], [21.6773, 69.7526], [21.6812, 69.755], [21.6895, 69.7589], [21.6953, 69.7603], [21.7, 69.7611], [21.7031, 69.7617], [21.7079, 69.7625], [21.7155, 69.7637], [21.7224, 69.7648], [21.7365, 69.7671], [21.7412, 69.7679], [21.749, 69.7692], [21.7552, 69.7702], [21.7629, 69.7715], [21.7704, 69.7727], [21.7737, 69.7733], [21.7893, 69.7729], [21.8068, 69.7724], [21.8177, 69.7722], [21.8261, 69.772], [21.8394, 69.7717], [21.8555, 69.7714], [21.8591, 69.7713], [21.8686, 69.7711], [21.8742, 69.7697], [21.8818, 69.7681], [21.8902, 69.7663], [21.8994, 69.7632], [21.9047, 69.7611], [21.9106, 69.7586], [21.9152, 69.7564], [21.9207, 69.7539], [21.9253, 69.7517], [21.9317, 69.7488], [21.937, 69.7463], [21.9416, 69.7424], [21.9477, 69.7372], [21.9505, 69.7348], [21.9538, 69.7334], [21.957, 69.732], [21.9697, 69.7295], [21.9772, 69.728], [21.9879, 69.7259], [21.9967, 69.7242], [22.0044, 69.7228], [22.0113, 69.7215], [22.0176, 69.7213], [22.0278, 69.7209], [22.041, 69.7204], [22.0456, 69.7199]]}}, {"type": "Feature", "properties": {"osm_type": "line", "voltage_kv": 420.0, "name": "Balsfjord - Reisadalen", "avail": 0}, "geometry": {"type": "LineString", "coordinates": [[21.3191, 69.6245], [21.3189, 69.6279], [21.3188, 69.6291], [21.3195, 69.6325], [21.3194, 69.633]]}}, {"type": "Feature", "properties": {"osm_type": "line", "voltage_kv": 420.0, "name": "Balsfjord - Reisadalen", "avail": 2, "avail_node": "Guolas"}, "geometry": {"type": "LineString", "coordinates": [[20.9718, 69.4445], [20.9744, 69.4451], [20.9786, 69.4461], [20.9828, 69.4485], [20.9877, 69.4513], [20.9948, 69.4554], [20.9987, 69.4576], [21.004, 69.4607], [21.0083, 69.4632], [21.0127, 69.4657], [21.0188, 69.4692], [21.0235, 69.4711], [21.0287, 69.4732], [21.034, 69.4754], [21.0421, 69.4788], [21.0502, 69.4812], [21.0599, 69.4841], [21.067, 69.4863], [21.0764, 69.4891], [21.0802, 69.4903], [21.0878, 69.4925], [21.0954, 69.4948], [21.1031, 69.4972], [21.1071, 69.4984], [21.1174, 69.4983], [21.1278, 69.4982], [21.1346, 69.4981], [21.1446, 69.498], [21.1501, 69.498], [21.1557, 69.4979], [21.1663, 69.4978], [21.1781, 69.4977], [21.1874, 69.4976], [21.1937, 69.4976], [21.1997, 69.4975], [21.2046, 69.4967], [21.2146, 69.4951], [21.2201, 69.4942], [21.231, 69.4944], [21.241, 69.4946], [21.2519, 69.4948], [21.2603, 69.495], [21.266, 69.4967], [21.2744, 69.4992], [21.2804, 69.5009], [21.2853, 69.5024], [21.2922, 69.5045], [21.2999, 69.5067], [21.3057, 69.5084], [21.3106, 69.5099], [21.3141, 69.5109], [21.3144, 69.5135], [21.3147, 69.5156], [21.315, 69.518], [21.3152, 69.5198], [21.316, 69.5265], [21.3162, 69.5284], [21.3166, 69.5314], [21.317, 69.5344], [21.3176, 69.5397], [21.3183, 69.5448], [21.3188, 69.5495], [21.3194, 69.5521], [21.3194, 69.5532], [21.3194, 69.5553], [21.3194, 69.5579], [21.3194, 69.5585], [21.3194, 69.5618], [21.3194, 69.5656], [21.3194, 69.5697], [21.3194, 69.5739], [21.3194, 69.5777], [21.3194, 69.5802], [21.3194, 69.5845], [21.3194, 69.5884], [21.3193, 69.5921], [21.3193, 69.5963], [21.3193, 69.6], [21.3193, 69.6035], [21.3193, 69.6066], [21.3193, 69.61], [21.3193, 69.6131], [21.3193, 69.6154], [21.3193, 69.6185], [21.3193, 69.6201]]}}, {"type": "Feature", "properties": {"osm_type": "line", "voltage_kv": 300.0, "name": "Arna - Fana", "avail": 38, "avail_node": "Str\u00f8mgaten"}, "geometry": {"type": "LineString", "coordinates": [[5.4515, 60.3923], [5.4506, 60.392], [5.45, 60.3918], [5.4491, 60.3916], [5.4427, 60.3896], [5.4371, 60.3887], [5.4371, 60.3887], [5.4321, 60.3879], [5.4307, 60.386], [5.4327, 60.3835], [5.4352, 60.3803], [5.438, 60.3766], [5.4394, 60.3747], [5.4422, 60.3711], [5.4432, 60.3676], [5.4438, 60.3652], [5.4449, 60.3614], [5.4449, 60.3613], [5.4453, 60.3601], [5.4454, 60.3595], [5.4454, 60.3594], [5.4455, 60.3591], [5.4457, 60.3542], [5.4457, 60.3538], [5.4457, 60.3519], [5.4458, 60.3509], [5.4445, 60.3484], [5.4426, 60.3444], [5.4411, 60.3417], [5.4395, 60.3389], [5.4365, 60.3336], [5.4316, 60.3306], [5.4253, 60.3267], [5.4219, 60.3246], [5.4189, 60.3227], [5.4147, 60.3201], [5.4118, 60.3177], [5.4089, 60.3154], [5.4033, 60.3108], [5.3984, 60.3069], [5.3961, 60.305], [5.393, 60.3025], [5.3885, 60.3009], [5.3853, 60.2998], [5.3747, 60.2961], [5.3715, 60.2933], [5.3698, 60.2918], [5.3671, 60.2895], [5.3618, 60.2887], [5.355, 60.2876], [5.3493, 60.2863]]}}, {"type": "Feature", "properties": {"osm_type": "line", "voltage_kv": 132.0, "name": "RE_132HL01_8", "avail": 2, "avail_node": "Tingvoll"}, "geometry": {"type": "LineString", "coordinates": [[8.1454, 62.7965], [8.1453, 62.7966], [8.1452, 62.7968], [8.1452, 62.7968], [8.1444, 62.7983], [8.1436, 62.7999], [8.1433, 62.8005], [8.1419, 62.8011], [8.1396, 62.8022], [8.1383, 62.8027], [8.1373, 62.8032], [8.1362, 62.8037], [8.1332, 62.805], [8.1323, 62.8055], [8.1312, 62.806], [8.126, 62.8083], [8.1253, 62.8087], [8.1224, 62.8099], [8.121, 62.8106], [8.1186, 62.8117], [8.1153, 62.8132], [8.1136, 62.8139], [8.1118, 62.8147], [8.1073, 62.8168], [8.1055, 62.8176], [8.103, 62.8187], [8.101, 62.8196], [8.0999, 62.8201], [8.0967, 62.8216], [8.0953, 62.8222], [8.0946, 62.8238], [8.0942, 62.8248], [8.094, 62.8252], [8.0931, 62.8273], [8.0923, 62.8291], [8.0919, 62.8299], [8.0913, 62.8314], [8.0905, 62.8332], [8.0901, 62.834], [8.0881, 62.8349], [8.0874, 62.8352], [8.0862, 62.8357], [8.0839, 62.8367], [8.0811, 62.8379], [8.0793, 62.8387], [8.0786, 62.8415]]}}, {"type": "Feature", "properties": {"osm_type": "line", "voltage_kv": 132.0, "name": "T_Fossbakken (Bardufoss) - Mestervik, L2", "avail": 6, "avail_node": "Olsborg"}, "geometry": {"type": "LineString", "coordinates": [[18.605, 69.1811], [18.6097, 69.1828], [18.6129, 69.1841], [18.6156, 69.1851], [18.6176, 69.1858], [18.6203, 69.1868], [18.6238, 69.1882], [18.6258, 69.1889], [18.6298, 69.1904], [18.6317, 69.1911], [18.6352, 69.1925], [18.6384, 69.1936], [18.6422, 69.1951], [18.6452, 69.1962], [18.6476, 69.1971], [18.6503, 69.1981], [18.6543, 69.1996], [18.6567, 69.2005], [18.66, 69.2018], [18.6625, 69.2027], [18.6647, 69.2035], [18.6653, 69.2048], [18.6658, 69.2061], [18.6662, 69.2071], [18.6669, 69.2088], [18.6675, 69.2102], [18.6681, 69.2116], [18.6687, 69.2131], [18.6693, 69.2144], [18.67, 69.2161], [18.6706, 69.2176], [18.6711, 69.2189], [18.6717, 69.2203], [18.6723, 69.2216], [18.6728, 69.2229], [18.6733, 69.2241], [18.6735, 69.2246], [18.6739, 69.2255], [18.6751, 69.2267], [18.6766, 69.2279], [18.6782, 69.2291], [18.6785, 69.2293], [18.6808, 69.2311], [18.6826, 69.2324], [18.6842, 69.2337], [18.6862, 69.2351], [18.6881, 69.2366], [18.6901, 69.2381], [18.692, 69.2396], [18.6935, 69.2407], [18.6957, 69.2424], [18.6974, 69.2436], [18.6999, 69.2455], [18.7015, 69.2467], [18.703, 69.2479], [18.7058, 69.25], [18.7076, 69.2513], [18.7087, 69.2522], [18.7117, 69.2544], [18.7129, 69.2553], [18.7147, 69.2567], [18.7149, 69.2568], [18.7149, 69.2569], [18.7157, 69.2584], [18.7163, 69.2597], [18.7169, 69.2609], [18.7173, 69.2618], [18.7184, 69.264], [18.7191, 69.2653], [18.7205, 69.2662], [18.7217, 69.267], [18.7247, 69.2682], [18.7271, 69.2693], [18.7284, 69.2698], [18.729, 69.27], [18.7303, 69.2706], [18.7322, 69.2714], [18.7346, 69.2724], [18.7375, 69.2737], [18.741, 69.2752], [18.7438, 69.2763], [18.746, 69.2773], [18.7491, 69.2786], [18.7523, 69.2799], [18.7572, 69.282], [18.7585, 69.2826], [18.7619, 69.284], [18.7651, 69.2853], [18.7684, 69.2868], [18.7702, 69.2875], [18.7727, 69.2886], [18.7767, 69.2903], [18.7784, 69.291], [18.7828, 69.2929], [18.7847, 69.2936], [18.7867, 69.2945], [18.7889, 69.2954], [18.7904, 69.2961], [18.7934, 69.2971], [18.7963, 69.2981], [18.7987, 69.2989], [18.8028, 69.3003], [18.8068, 69.3017], [18.8113, 69.3033], [18.8132, 69.3039], [18.8159, 69.3049], [18.8186, 69.3058], [18.8202, 69.3064], [18.8251, 69.3081], [18.8295, 69.3096], [18.8328, 69.3107], [18.8352, 69.3115], [18.8393, 69.313], [18.8415, 69.3137], [18.8419, 69.3139], [18.8469, 69.3156], [18.8499, 69.3166], [18.8512, 69.3171], [18.8539, 69.318], [18.8565, 69.3189], [18.8592, 69.3198], [18.8645, 69.3217], [18.8689, 69.3233], [18.8714, 69.3261], [18.8766, 69.3318], [18.8767, 69.3319], [18.8768, 69.332], [18.8788, 69.3341], [18.8805, 69.335], [18.8807, 69.3351]]}}, {"type": "Feature", "properties": {"osm_type": "line", "voltage_kv": 145.0, "name": "132 304 \u00c5LFOTEN - SVELGEN", "avail": 12, "avail_node": "\u00c5lfoten"}, "geometry": {"type": "LineString", "coordinates": [[5.5281, 61.8303], [5.516, 61.8297], [5.5149, 61.8297], [5.5022, 61.8291], [5.4981, 61.829], [5.4646, 61.8287], [5.4172, 61.8205], [5.4172, 61.8205]]}}, {"type": "Feature", "properties": {"osm_type": "line", "voltage_kv": 300.0, "name": "Evanger - Samnanger", "avail": 0}, "geometry": {"type": "LineString", "coordinates": [[6.1064, 60.6568], [6.1035, 60.6566], [6.0956, 60.6561], [6.0952, 60.656], [6.084, 60.6516], [6.0803, 60.6501], [6.0718, 60.6457], [6.068, 60.6439], [6.0631, 60.6417], [6.059, 60.6398], [6.0558, 60.6383], [6.0436, 60.6329], [6.0396, 60.6311], [6.0341, 60.6288], [6.0305, 60.6271], [6.0269, 60.6256], [6.0097, 60.6197], [6.0058, 60.6183], [6.0021, 60.617], [5.9987, 60.6159], [5.9896, 60.6127], [5.9721, 60.6067], [5.9694, 60.6058], [5.9661, 60.6046], [5.9543, 60.6016], [5.9386, 60.5979], [5.9359, 60.5966], [5.9279, 60.5927], [5.9247, 60.5901], [5.9227, 60.5886], [5.9203, 60.5867], [5.915, 60.5829], [5.9109, 60.5789], [5.9077, 60.5758], [5.9073, 60.5733], [5.9069, 60.5715], [5.9067, 60.5702], [5.9065, 60.5692], [5.8993, 60.5643], [5.8966, 60.5625], [5.8923, 60.5596], [5.8887, 60.5571], [5.884, 60.5539], [5.881, 60.5519], [5.8767, 60.5491], [5.8736, 60.5469], [5.8705, 60.5448], [5.8669, 60.5424], [5.8641, 60.5405], [5.8617, 60.5383], [5.8591, 60.536], [5.8558, 60.533], [5.8539, 60.5312], [5.855, 60.5299], [5.8577, 60.5268], [5.8596, 60.5246], [5.8616, 60.5224], [5.8637, 60.52], [5.8654, 60.5182], [5.8672, 60.5161], [5.8692, 60.5139], [5.8712, 60.5115], [5.8709, 60.5084], [5.8747, 60.5055], [5.8767, 60.5039], [5.8797, 60.5016], [5.881, 60.5005], [5.8848, 60.4974], [5.8881, 60.4947], [5.8904, 60.4929], [5.8926, 60.491], [5.8918, 60.4888], [5.8913, 60.4874], [5.8907, 60.4858], [5.889, 60.4812], [5.8897, 60.4753], [5.89, 60.4733], [5.8898, 60.4711], [5.8895, 60.4664], [5.889, 60.4629], [5.8885, 60.4593], [5.8883, 60.4581], [5.8883, 60.4578], [5.8877, 60.4527], [5.8869, 60.446], [5.8866, 60.444], [5.8865, 60.4435], [5.8864, 60.4423], [5.8872, 60.4354], [5.8875, 60.4323], [5.8878, 60.4296], [5.8882, 60.4263], [5.8884, 60.4239], [5.8882, 60.4226], [5.8877, 60.4193], [5.8875, 60.4177], [5.885, 60.4167], [5.8798, 60.4145], [5.8737, 60.4119], [5.8653, 60.4084], [5.8523, 60.4029], [5.8473, 60.4003], [5.8456, 60.3995]]}}, {"type": "Feature", "properties": {"osm_type": "line", "voltage_kv": 132.0, "name": "Skarnes - T-K.kraftv. (Kongsvinger)", "avail": 7, "avail_node": "Kongsvinger"}, "geometry": {"type": "LineString", "coordinates": [[11.6823, 60.2442], [11.6823, 60.2442], [11.684, 60.2442], [11.6863, 60.2442], [11.6892, 60.2442], [11.6913, 60.2443], [11.6941, 60.2443], [11.6962, 60.2443], [11.6979, 60.2443], [11.7, 60.2443], [11.7031, 60.2443], [11.7064, 60.2444], [11.7094, 60.2444], [11.7102, 60.2444], [11.7128, 60.2445], [11.7158, 60.2439], [11.719, 60.2432], [11.7223, 60.2426], [11.7257, 60.242], [11.7291, 60.2414], [11.7326, 60.2407], [11.7356, 60.2402], [11.7383, 60.2397], [11.741, 60.2392], [11.7437, 60.2387], [11.7473, 60.238], [11.7505, 60.2375], [11.7534, 60.2369], [11.756, 60.2364], [11.7588, 60.2359], [11.7614, 60.2354], [11.7645, 60.2349], [11.7677, 60.2343], [11.7708, 60.2337], [11.7741, 60.2331], [11.7773, 60.2325], [11.78, 60.232], [11.7826, 60.2315], [11.7856, 60.231], [11.7886, 60.2304], [11.7915, 60.2299], [11.7944, 60.2294], [11.7974, 60.2288], [11.8003, 60.2283], [11.8033, 60.2277], [11.8061, 60.2269], [11.8084, 60.2262], [11.8109, 60.2255], [11.8138, 60.2246], [11.8149, 60.2241], [11.8162, 60.2236], [11.8172, 60.2231], [11.8186, 60.2225], [11.821, 60.2215], [11.8233, 60.2204], [11.8258, 60.2194], [11.8284, 60.2182], [11.8309, 60.2171], [11.833, 60.2162], [11.8356, 60.2151], [11.838, 60.214], [11.8405, 60.2129], [11.843, 60.2118], [11.8456, 60.2107], [11.8482, 60.2095], [11.8507, 60.2084], [11.8531, 60.2074], [11.8554, 60.2064], [11.8577, 60.2054], [11.8601, 60.2043], [11.8625, 60.2033], [11.8646, 60.2023], [11.867, 60.2013], [11.8691, 60.2004], [11.8714, 60.1994], [11.8736, 60.1984], [11.8761, 60.1971], [11.8785, 60.1959], [11.8817, 60.1961], [11.8842, 60.1963], [11.8872, 60.1965], [11.8902, 60.1967], [11.8933, 60.1969], [11.8939, 60.1969]]}}, {"type": "Feature", "properties": {"osm_type": "line", "voltage_kv": 300.0, "name": "Novle - R\u00f8ldal", "avail": 0}, "geometry": {"type": "LineString", "coordinates": [[6.8792, 59.8321], [6.8677, 59.8344], [6.8627, 59.8355], [6.8509, 59.8348], [6.8462, 59.8346], [6.8369, 59.8313], [6.8298, 59.8276], [6.8243, 59.8247], [6.8213, 59.823]]}}, {"type": "Feature", "properties": {"osm_type": "line", "voltage_kv": 132.0, "name": "Alta kraftverk - Alta", "avail": 0}, "geometry": {"type": "LineString", "coordinates": [[23.81, 69.7206], [23.8125, 69.7209], [23.8151, 69.7212], [23.8183, 69.7215], [23.8212, 69.7218], [23.8221, 69.7232], [23.8231, 69.7247], [23.824, 69.726], [23.8253, 69.7279], [23.826, 69.729], [23.827, 69.7305], [23.828, 69.7319], [23.8294, 69.734], [23.8306, 69.7357], [23.8284, 69.7372], [23.8258, 69.7386], [23.8231, 69.74], [23.8195, 69.742], [23.8162, 69.7438], [23.8131, 69.7455], [23.8099, 69.7472], [23.8074, 69.7485], [23.8039, 69.7504], [23.8011, 69.7519], [23.7986, 69.7533], [23.7957, 69.7549], [23.7924, 69.7567], [23.7899, 69.758], [23.7865, 69.7599], [23.7841, 69.7611], [23.7813, 69.7626], [23.7781, 69.7644], [23.775, 69.7661], [23.772, 69.7677], [23.7693, 69.7691], [23.7663, 69.7708], [23.7634, 69.7723], [23.7604, 69.7739], [23.7571, 69.7757], [23.7543, 69.7772], [23.7505, 69.7793], [23.7484, 69.7804], [23.746, 69.7817], [23.7425, 69.7835], [23.7388, 69.7856], [23.7355, 69.7874], [23.7335, 69.7884], [23.731, 69.7897], [23.7283, 69.7912], [23.7258, 69.7926], [23.7232, 69.794], [23.721, 69.7951], [23.7189, 69.7962], [23.7163, 69.7976], [23.7122, 69.7999], [23.7101, 69.801], [23.7077, 69.8018], [23.7045, 69.8028], [23.7011, 69.8039], [23.6982, 69.8048], [23.6949, 69.8059], [23.6914, 69.8071], [23.6886, 69.808], [23.6853, 69.809], [23.6822, 69.81], [23.6772, 69.8116], [23.6738, 69.8128], [23.6716, 69.8135], [23.6681, 69.8146], [23.6653, 69.8155], [23.6618, 69.8166], [23.6584, 69.8177], [23.6532, 69.8194], [23.6493, 69.8207], [23.6446, 69.8222], [23.6409, 69.8234], [23.637, 69.8246], [23.6324, 69.8261], [23.6282, 69.8275], [23.6244, 69.8287], [23.6197, 69.8302], [23.6158, 69.8315], [23.6109, 69.833], [23.6071, 69.8343], [23.6031, 69.8355], [23.5987, 69.837], [23.5941, 69.8385], [23.5883, 69.8403], [23.5845, 69.8416], [23.5794, 69.8432], [23.5753, 69.8445], [23.5707, 69.846], [23.566, 69.8475], [23.5617, 69.8489], [23.5575, 69.8502], [23.5534, 69.8515], [23.5486, 69.8531], [23.5439, 69.8546], [23.5393, 69.8561], [23.5353, 69.8574], [23.5308, 69.8588], [23.5261, 69.8603], [23.5216, 69.8618], [23.5183, 69.8633], [23.5142, 69.8652], [23.5115, 69.8664], [23.5068, 69.8685], [23.5036, 69.87], [23.4998, 69.8718], [23.4972, 69.873], [23.4924, 69.8752], [23.4905, 69.8761], [23.4861, 69.8781], [23.4842, 69.879], [23.4804, 69.8807], [23.4769, 69.8823], [23.4748, 69.8833], [23.4714, 69.8849], [23.4685, 69.8862], [23.4661, 69.8873], [23.4645, 69.8881], [23.4619, 69.8892], [23.4589, 69.8906], [23.4547, 69.8926], [23.4509, 69.8943], [23.4494, 69.895], [23.4459, 69.8966], [23.4427, 69.8981], [23.4397, 69.8995], [23.4355, 69.9014], [23.4322, 69.9029], [23.4281, 69.9048], [23.4253, 69.9061], [23.4243, 69.9065], [23.4223, 69.9075], [23.4182, 69.9093], [23.4149, 69.9109], [23.4135, 69.9121], [23.4124, 69.9131], [23.4095, 69.9159], [23.4073, 69.9179], [23.4058, 69.9192], [23.4051, 69.9199], [23.404, 69.9209], [23.4028, 69.922], [23.4006, 69.924], [23.3999, 69.9247], [23.3987, 69.9258], [23.3969, 69.9275], [23.3948, 69.9294], [23.3918, 69.9322], [23.3911, 69.9328], [23.389, 69.9348], [23.3877, 69.936], [23.3858, 69.9377], [23.384, 69.9394], [23.3826, 69.9407], [23.381, 69.9422], [23.3792, 69.9442], [23.3776, 69.9459], [23.3762, 69.9474], [23.375, 69.9488]]}}, {"type": "Feature", "properties": {"osm_type": "line", "voltage_kv": 132.0, "name": "Skillemoen - Kv\u00e6nangen, L1", "avail": 0}, "geometry": {"type": "LineString", "coordinates": [[23.2108, 69.9022], [23.2108, 69.9021], [23.211, 69.9009], [23.2112, 69.8992], [23.2113, 69.8982], [23.2086, 69.897], [23.2056, 69.8956], [23.2028, 69.8943], [23.1992, 69.8927], [23.1974, 69.891], [23.1957, 69.8896], [23.194, 69.888], [23.1908, 69.887], [23.1887, 69.8864], [23.1849, 69.8853], [23.1818, 69.8843], [23.1784, 69.8833], [23.1781, 69.8832], [23.1745, 69.8821], [23.171, 69.881], [23.1675, 69.8799], [23.1642, 69.8789], [23.1596, 69.8775], [23.1552, 69.8762], [23.1541, 69.8758], [23.1516, 69.8751], [23.1487, 69.8741], [23.1463, 69.8734], [23.1423, 69.8721], [23.1403, 69.8715], [23.1387, 69.8709], [23.1364, 69.8702], [23.1336, 69.8693], [23.1317, 69.8687], [23.1285, 69.8672], [23.127, 69.8665], [23.1239, 69.865], [23.1214, 69.8639], [23.1194, 69.8629], [23.1176, 69.8621], [23.1147, 69.8607], [23.1114, 69.8591], [23.1102, 69.8585], [23.1073, 69.8572], [23.1048, 69.856], [23.103, 69.8551], [23.1005, 69.854], [23.0979, 69.8527], [23.0957, 69.8517], [23.0935, 69.8507], [23.0905, 69.8492], [23.0886, 69.8483], [23.0867, 69.8474], [23.0842, 69.8463], [23.0814, 69.8449], [23.0787, 69.8444], [23.0747, 69.8436], [23.0726, 69.8431], [23.0679, 69.8422], [23.0645, 69.8415], [23.0601, 69.8406], [23.0556, 69.8397], [23.052, 69.839], [23.048, 69.8382], [23.0443, 69.8375], [23.0414, 69.8369], [23.0369, 69.836], [23.0333, 69.8353], [23.0288, 69.8344], [23.0244, 69.8335], [23.0204, 69.8327], [23.0171, 69.832], [23.0127, 69.8311], [23.0094, 69.8305], [23.0053, 69.8296], [23.0026, 69.8291], [22.9979, 69.8282], [22.9948, 69.8276], [22.9907, 69.8267], [22.9884, 69.8263], [22.985, 69.8256], [22.9806, 69.8247], [22.9764, 69.8239], [22.9736, 69.8233], [22.97, 69.8226], [22.9659, 69.8218], [22.9631, 69.8212], [22.9589, 69.8204], [22.955, 69.8196], [22.9505, 69.8187], [22.948, 69.8182], [22.9436, 69.8173], [22.939, 69.8164], [22.9344, 69.8154], [22.9308, 69.8147], [22.9283, 69.8142], [22.925, 69.8136], [22.9226, 69.8131], [22.9167, 69.8119], [22.9123, 69.811], [22.9088, 69.8103], [22.9053, 69.8096], [22.9015, 69.8088], [22.8974, 69.808], [22.8937, 69.8073], [22.8894, 69.8064], [22.8861, 69.8053], [22.8837, 69.8046], [22.8804, 69.8035], [22.8773, 69.8025], [22.8748, 69.8017], [22.8722, 69.8009], [22.8686, 69.7997], [22.8659, 69.7989], [22.8629, 69.7979], [22.8605, 69.7971], [22.8576, 69.7962], [22.8548, 69.7953], [22.8523, 69.7945], [22.8486, 69.7933], [22.8462, 69.7925], [22.8422, 69.7912], [22.8396, 69.7904], [22.8356, 69.7891], [22.8327, 69.7881], [22.8295, 69.7871], [22.8266, 69.7862], [22.8233, 69.7851], [22.8194, 69.7839], [22.8158, 69.7827], [22.812, 69.7815], [22.8091, 69.7805], [22.8057, 69.7795], [22.8018, 69.7782], [22.7978, 69.7769], [22.7938, 69.7756], [22.7899, 69.7743], [22.7859, 69.7731], [22.7812, 69.7723], [22.7767, 69.7716], [22.7725, 69.7709], [22.7677, 69.7701], [22.763, 69.7694], [22.7594, 69.7688], [22.7547, 69.768], [22.75, 69.7673], [22.7474, 69.7669], [22.7423, 69.766], [22.7383, 69.7654], [22.7335, 69.7646], [22.73, 69.764], [22.7255, 69.7633], [22.7218, 69.7627], [22.7173, 69.762], [22.7146, 69.7615], [22.7098, 69.7608], [22.7059, 69.7601], [22.7006, 69.7595], [22.6949, 69.7588], [22.6901, 69.7582], [22.6849, 69.7575], [22.6802, 69.757], [22.6756, 69.7564], [22.6715, 69.7559], [22.6659, 69.7552], [22.6613, 69.7546], [22.6575, 69.7541], [22.6528, 69.7535], [22.6485, 69.753], [22.644, 69.7525], [22.6397, 69.7519], [22.6349, 69.7513], [22.6307, 69.7508], [22.6259, 69.7502], [22.621, 69.7496], [22.6159, 69.7502], [22.6112, 69.7507], [22.6067, 69.7513], [22.6016, 69.7519], [22.5972, 69.7524], [22.5927, 69.7529], [22.5878, 69.7535], [22.5815, 69.7542], [22.5771, 69.7547], [22.572, 69.7553], [22.5673, 69.7559], [22.5627, 69.7564], [22.5575, 69.757], [22.5521, 69.7577], [22.5468, 69.7583], [22.5425, 69.7588], [22.5387, 69.7592], [22.5348, 69.7597], [22.5307, 69.7595], [22.5272, 69.7594], [22.5243, 69.7592], [22.5193, 69.759], [22.5159, 69.7589], [22.5114, 69.7587], [22.507, 69.7585], [22.5023, 69.7583], [22.4972, 69.7581], [22.4919, 69.7578], [22.4867, 69.7576], [22.4814, 69.7574], [22.4773, 69.7572], [22.4731, 69.757], [22.4698, 69.7568], [22.4657, 69.7567], [22.4629, 69.7565], [22.4597, 69.7564], [22.458, 69.7563], [22.4541, 69.7561], [22.4514, 69.756], [22.4484, 69.7559], [22.4447, 69.7557], [22.4408, 69.7556], [22.4368, 69.7554], [22.4333, 69.7552], [22.4303, 69.7551], [22.4275, 69.755], [22.4234, 69.7548], [22.4209, 69.7547], [22.4172, 69.7545], [22.4132, 69.7542], [22.4096, 69.754], [22.4051, 69.7538], [22.3999, 69.7535], [22.3945, 69.7532], [22.391, 69.753], [22.3861, 69.7527], [22.3818, 69.7525], [22.3772, 69.7522], [22.373, 69.752], [22.3689, 69.7518], [22.3657, 69.7516], [22.3613, 69.7514], [22.3569, 69.7511], [22.3535, 69.7509], [22.3505, 69.7507], [22.3468, 69.7505], [22.3409, 69.7502], [22.3368, 69.75], [22.3326, 69.7497], [22.33, 69.7496], [22.327, 69.7494], [22.3235, 69.7492], [22.3174, 69.7489], [22.3134, 69.7487], [22.3099, 69.7485], [22.3075, 69.7483], [22.3036, 69.7481], [22.3, 69.7479], [22.2961, 69.7477], [22.2916, 69.7474], [22.2881, 69.7472], [22.2842, 69.747], [22.2806, 69.7468], [22.2751, 69.7465], [22.2684, 69.7461], [22.2649, 69.7459], [22.2608, 69.7457], [22.255, 69.7454], [22.2527, 69.7447], [22.2505, 69.744], [22.2478, 69.7432], [22.2449, 69.7423], [22.2418, 69.7414], [22.2386, 69.7404], [22.234, 69.7391], [22.232, 69.7385], [22.2282, 69.7373], [22.225, 69.7364], [22.221, 69.7352], [22.2186, 69.7345], [22.2165, 69.7338], [22.2153, 69.7335], [22.2138, 69.733], [22.2129, 69.7327], [22.2099, 69.7318], [22.2069, 69.731], [22.2038, 69.73], [22.2014, 69.7293], [22.1981, 69.7283], [22.1963, 69.7278], [22.1918, 69.7264], [22.1892, 69.7256], [22.1856, 69.7245], [22.1813, 69.7233], [22.1787, 69.7225], [22.1745, 69.7212], [22.1703, 69.7199], [22.1681, 69.7193], [22.1633, 69.7193], [22.1582, 69.7193], [22.156, 69.7193], [22.1502, 69.7193], [22.145, 69.7193], [22.1403, 69.7193], [22.1354, 69.7193], [22.1301, 69.7193], [22.1252, 69.7193], [22.12, 69.7193], [22.1155, 69.7193], [22.1112, 69.7192], [22.1047, 69.7192], [22.098, 69.7192], [22.0952, 69.7192], [22.0892, 69.7192], [22.0851, 69.7192], [22.0809, 69.7192], [22.0771, 69.7192], [22.0712, 69.7192], [22.0659, 69.7192], [22.0622, 69.7192]]}}, {"type": "Feature", "properties": {"osm_type": "line", "voltage_kv": 420.0, "name": "\u00c5dal - Frogner", "avail": 63, "avail_node": "Gr\u00f8nland"}, "geometry": {"type": "LineString", "coordinates": [[10.1529, 60.2488], [10.1555, 60.2485], [10.1562, 60.2485], [10.1578, 60.2483], [10.1598, 60.2481], [10.1674, 60.2474], [10.1696, 60.2472], [10.174, 60.2468], [10.1796, 60.2463], [10.1859, 60.2457], [10.1926, 60.2451], [10.193, 60.245], [10.1968, 60.2449], [10.2012, 60.2447], [10.2074, 60.2444], [10.2162, 60.244], [10.2223, 60.2437], [10.2324, 60.2433], [10.2379, 60.243], [10.2484, 60.2426], [10.2533, 60.2424], [10.2589, 60.2422], [10.2666, 60.2414], [10.2718, 60.2409], [10.2774, 60.2404], [10.2835, 60.2398], [10.2894, 60.2393], [10.2957, 60.2387], [10.3027, 60.238], [10.3086, 60.2374], [10.3143, 60.2369], [10.3217, 60.2362], [10.3292, 60.2355], [10.3377, 60.2347], [10.3444, 60.2341], [10.3527, 60.2333], [10.36, 60.2326], [10.3657, 60.232], [10.3703, 60.2316], [10.3743, 60.2312], [10.3744, 60.2312], [10.3745, 60.2312], [10.3745, 60.2312], [10.3757, 60.2311], [10.3794, 60.2305], [10.3865, 60.2293], [10.3924, 60.2284], [10.3994, 60.2273], [10.4006, 60.2271], [10.4006, 60.2271], [10.4041, 60.2265], [10.4094, 60.2257], [10.4136, 60.225], [10.4198, 60.224], [10.4237, 60.2234], [10.4293, 60.2225], [10.4353, 60.2216], [10.4412, 60.2206], [10.4477, 60.2196], [10.4528, 60.2188], [10.4571, 60.2181], [10.4621, 60.2173], [10.4658, 60.2167], [10.4711, 60.2158], [10.4771, 60.2148], [10.4804, 60.2143], [10.4867, 60.2133], [10.4898, 60.2128], [10.4966, 60.2117], [10.5032, 60.2107], [10.5091, 60.2097], [10.5164, 60.2085], [10.5208, 60.2078], [10.527, 60.2068], [10.5331, 60.2058], [10.5403, 60.2047], [10.5435, 60.2036], [10.5491, 60.2019], [10.5551, 60.1999], [10.5598, 60.1984], [10.5632, 60.1973], [10.5659, 60.1965], [10.5703, 60.1951], [10.5753, 60.1935], [10.5807, 60.1914], [10.5817, 60.1911], [10.5849, 60.1898], [10.5888, 60.1884], [10.5959, 60.1881], [10.6029, 60.1878], [10.6038, 60.1878], [10.6095, 60.1875], [10.6143, 60.1874], [10.6197, 60.1871], [10.6259, 60.1869], [10.6297, 60.1868], [10.6358, 60.1857], [10.6397, 60.1832], [10.6436, 60.1808], [10.6474, 60.1784], [10.6509, 60.1762], [10.6542, 60.1741], [10.6573, 60.1722], [10.6601, 60.1704], [10.6644, 60.1677], [10.6671, 60.166], [10.6705, 60.1639], [10.6752, 60.1617], [10.6787, 60.1601], [10.682, 60.1587], [10.6863, 60.1567], [10.6895, 60.1553], [10.694, 60.1532], [10.6987, 60.1511], [10.7037, 60.1488], [10.7073, 60.1472], [10.7116, 60.1452], [10.7152, 60.1436], [10.7173, 60.1427], [10.7212, 60.1409], [10.7252, 60.139], [10.7297, 60.1369], [10.7341, 60.1349], [10.7369, 60.1336], [10.7412, 60.1315], [10.7447, 60.1299], [10.7489, 60.1279], [10.7522, 60.1264], [10.7536, 60.1257], [10.7586, 60.1234], [10.7625, 60.1215], [10.7665, 60.1196], [10.7717, 60.1172], [10.776, 60.1152], [10.7802, 60.1132], [10.785, 60.111], [10.7901, 60.1086], [10.7953, 60.1062], [10.8005, 60.1037], [10.8054, 60.1014], [10.8095, 60.0995], [10.8122, 60.0982], [10.8139, 60.0965], [10.8162, 60.094], [10.8183, 60.0918], [10.8202, 60.0897], [10.8223, 60.0875], [10.8244, 60.0853], [10.8259, 60.0837], [10.828, 60.0816], [10.8306, 60.0788], [10.8336, 60.0756], [10.8369, 60.0721], [10.8388, 60.0701], [10.8405, 60.0683], [10.8415, 60.0672], [10.844, 60.0646], [10.8456, 60.0629], [10.847, 60.0614], [10.8473, 60.0596], [10.8473, 60.0595], [10.8477, 60.0569], [10.8479, 60.0552], [10.8482, 60.0534], [10.8484, 60.0518], [10.8488, 60.0494], [10.8512, 60.0472], [10.854, 60.0447], [10.8562, 60.0426], [10.8594, 60.0398], [10.8619, 60.0375], [10.8649, 60.0348], [10.8668, 60.0331], [10.8704, 60.0298], [10.8723, 60.028], [10.8725, 60.0279], [10.8744, 60.0261], [10.8769, 60.0238], [10.879, 60.022], [10.8809, 60.0202], [10.8831, 60.0182], [10.8863, 60.0153], [10.8878, 60.014], [10.8907, 60.0113], [10.8929, 60.0093], [10.8935, 60.0068], [10.894, 60.0044], [10.895, 60.0006], [10.8955, 59.998], [10.8964, 59.9962], [10.8976, 59.9939], [10.8992, 59.9909], [10.9004, 59.9885], [10.901, 59.9885], [10.9049, 59.9887], [10.9121, 59.989], [10.918, 59.9892], [10.9237, 59.9894], [10.9282, 59.9895], [10.9349, 59.9898], [10.9406, 59.99], [10.9469, 59.9927], [10.9527, 59.9952], [10.9558, 59.9965], [10.9567, 59.9968], [10.9606, 59.9985], [10.9622, 59.9992], [10.9657, 60.0007], [10.9708, 60.0029], [10.9769, 60.0055], [10.9813, 60.0075], [10.9816, 60.0076], [10.9857, 60.0093], [10.9859, 60.0094], [10.9899, 60.0111], [10.9939, 60.0134], [10.9949, 60.014], [10.995, 60.014], [10.9951, 60.0141], [10.9986, 60.016], [11.0031, 60.0183], [11.0093, 60.0209], [11.0122, 60.0221], [11.0147, 60.0231], [11.0199, 60.023], [11.0245, 60.0228], [11.0245, 60.0228], [11.0247, 60.0228], [11.0332, 60.0227], [11.0388, 60.0225], [11.0471, 60.0221], [11.0503, 60.0219], [11.0544, 60.0219], [11.0596, 60.022], [11.0638, 60.0206], [11.0676, 60.0193], [11.0691, 60.0188], [11.0735, 60.017], [11.0783, 60.0151], [11.0836, 60.0131], [11.0884, 60.0113], [11.0895, 60.0109], [11.092, 60.0102], [11.0926, 60.01], [11.0963, 60.009], [11.1024, 60.0073], [11.1059, 60.0063], [11.1103, 60.0051], [11.1119, 60.0051], [11.1151, 60.0052], [11.1215, 60.0052], [11.1265, 60.0053], [11.1284, 60.0053]]}}, {"type": "Feature", "properties": {"osm_type": "line", "voltage_kv": 300.0, "name": "Hemsil 2 - Sogn", "avail": 63, "avail_node": "Gr\u00f8nland"}, "geometry": {"type": "LineString", "coordinates": [[8.9764, 60.7038], [8.9783, 60.7032], [8.9787, 60.7024], [8.9787, 60.7024], [8.9805, 60.6976], [8.9806, 60.6973], [8.9805, 60.6971], [8.9847, 60.6967], [8.9904, 60.6961], [8.9939, 60.6957], [8.9992, 60.6926], [9.0041, 60.6898], [9.0074, 60.6879], [9.0103, 60.6862], [9.0128, 60.6836], [9.0152, 60.681], [9.0183, 60.6777], [9.0211, 60.6747], [9.0239, 60.6718], [9.026, 60.6695], [9.0276, 60.6678], [9.0302, 60.665], [9.0326, 60.6625], [9.034, 60.661], [9.038, 60.6596], [9.0432, 60.6578], [9.0463, 60.6566], [9.0466, 60.6565], [9.0472, 60.6563], [9.0527, 60.6544], [9.0549, 60.6536], [9.0556, 60.6533], [9.0566, 60.653], [9.0609, 60.6514], [9.0643, 60.6502], [9.0681, 60.6489], [9.0717, 60.6476], [9.075, 60.6464], [9.0778, 60.645], [9.0815, 60.6431], [9.0849, 60.6414], [9.0892, 60.6392], [9.0936, 60.637], [9.0975, 60.635], [9.1013, 60.6331], [9.1047, 60.6314], [9.1082, 60.6296], [9.1102, 60.6286], [9.1144, 60.6264], [9.119, 60.6241], [9.1191, 60.6241], [9.1234, 60.6219], [9.1279, 60.6196], [9.1316, 60.6175], [9.1348, 60.6156], [9.138, 60.6138], [9.1422, 60.6114], [9.1454, 60.6096], [9.1507, 60.6065], [9.1515, 60.6052], [9.1523, 60.604], [9.1545, 60.6006], [9.1567, 60.5972], [9.1586, 60.5942], [9.1603, 60.5916], [9.1626, 60.5879], [9.1646, 60.5849], [9.1664, 60.5821], [9.1677, 60.5799], [9.1697, 60.5769], [9.1712, 60.5745], [9.1728, 60.572], [9.1742, 60.5697], [9.1758, 60.5673], [9.1777, 60.5642], [9.1794, 60.5616], [9.1811, 60.559], [9.1817, 60.5567], [9.1824, 60.5542], [9.1834, 60.551], [9.1841, 60.5484], [9.1848, 60.546], [9.1854, 60.5438], [9.1861, 60.5414], [9.1868, 60.5387], [9.1875, 60.5362], [9.1885, 60.5328], [9.1895, 60.5293], [9.1898, 60.5269], [9.1903, 60.5238], [9.1905, 60.5218], [9.1908, 60.5202], [9.1911, 60.5175], [9.1916, 60.5142], [9.1919, 60.512], [9.1922, 60.51], [9.1922, 60.5098], [9.1938, 60.5077], [9.1958, 60.5051], [9.1973, 60.5032], [9.1976, 60.5028], [9.1992, 60.5008], [9.2012, 60.4983], [9.2025, 60.4965], [9.207, 60.4948], [9.2103, 60.4936], [9.2151, 60.4926], [9.2234, 60.4909], [9.2269, 60.489], [9.2329, 60.4858], [9.237, 60.4836], [9.2392, 60.4824], [9.2423, 60.4808], [9.2495, 60.4786], [9.2561, 60.4765], [9.2577, 60.476], [9.2613, 60.4716], [9.2636, 60.4687], [9.2659, 60.4659], [9.2676, 60.4638], [9.2741, 60.4597], [9.2804, 60.4558], [9.2827, 60.4544], [9.2871, 60.4519], [9.2898, 60.4503], [9.2913, 60.4495], [9.2985, 60.4479], [9.3033, 60.4468], [9.3077, 60.4462], [9.3118, 60.4456], [9.312, 60.4456], [9.3187, 60.4442], [9.3245, 60.443], [9.328, 60.4423], [9.3324, 60.4408], [9.335, 60.44], [9.3386, 60.4388], [9.3402, 60.4382], [9.348, 60.4371], [9.3574, 60.4358], [9.3656, 60.4346], [9.3675, 60.4343], [9.3694, 60.4344], [9.3771, 60.4349], [9.3822, 60.4354], [9.3872, 60.436], [9.3913, 60.4364], [9.4017, 60.4358], [9.407, 60.4354], [9.4137, 60.435], [9.4173, 60.4348], [9.4199, 60.4347], [9.4215, 60.4346], [9.4255, 60.4343], [9.4287, 60.4341], [9.4379, 60.4328], [9.4416, 60.4322], [9.4459, 60.4316], [9.4505, 60.4309], [9.4564, 60.4276], [9.4616, 60.4245], [9.4664, 60.4217], [9.4671, 60.4214], [9.4715, 60.4188], [9.4753, 60.4166], [9.4791, 60.4144], [9.4817, 60.4129], [9.4852, 60.4108], [9.4862, 60.4103], [9.4883, 60.4091], [9.491, 60.4075], [9.4923, 60.4073], [9.4937, 60.407], [9.4946, 60.4068], [9.4974, 60.4063], [9.5062, 60.4047], [9.5086, 60.4043], [9.5117, 60.4037], [9.5155, 60.403], [9.5184, 60.4025], [9.5289, 60.4022], [9.5389, 60.402], [9.5418, 60.402], [9.5527, 60.4017], [9.5564, 60.4011], [9.5637, 60.3999], [9.5722, 60.3985], [9.5767, 60.3978], [9.5825, 60.3968], [9.588, 60.3959], [9.5912, 60.3954], [9.5941, 60.3949], [9.5973, 60.3938], [9.6027, 60.3919], [9.6067, 60.3905], [9.6077, 60.3901], [9.61, 60.3893], [9.6168, 60.387], [9.6215, 60.3853], [9.624, 60.3844], [9.6309, 60.382], [9.6351, 60.3806], [9.6415, 60.3783], [9.6446, 60.3768], [9.6494, 60.3744], [9.6532, 60.3725], [9.6574, 60.3704], [9.6619, 60.3682], [9.6651, 60.3666], [9.6677, 60.3654], [9.6719, 60.3633], [9.6753, 60.3616], [9.6788, 60.3599], [9.6825, 60.358], [9.6852, 60.3567], [9.689, 60.3548], [9.6935, 60.3526], [9.6965, 60.3511], [9.6992, 60.3498], [9.7025, 60.3481], [9.7059, 60.3464], [9.7092, 60.3448], [9.7125, 60.3432], [9.7158, 60.3415], [9.719, 60.3383], [9.7223, 60.335], [9.7244, 60.333], [9.7265, 60.3308], [9.7289, 60.3279], [9.732, 60.3243], [9.7344, 60.3213], [9.7379, 60.3186], [9.7402, 60.3168], [9.7418, 60.3154], [9.7454, 60.3126], [9.7488, 60.31], [9.7511, 60.3081], [9.7549, 60.3051], [9.7579, 60.3027], [9.7618, 60.2996], [9.7644, 60.2976], [9.7668, 60.2956], [9.7731, 60.2934], [9.7799, 60.291], [9.7834, 60.2897], [9.7882, 60.288], [9.7929, 60.2863], [9.7972, 60.2852], [9.8031, 60.2837], [9.8067, 60.2828], [9.811, 60.2817], [9.8159, 60.2805], [9.8228, 60.2788], [9.829, 60.2772], [9.8345, 60.2758], [9.8401, 60.2744], [9.8449, 60.2732], [9.8493, 60.272], [9.8538, 60.2709], [9.8592, 60.2691], [9.864, 60.2676], [9.8709, 60.2653], [9.875, 60.264], [9.8792, 60.2626], [9.884, 60.2611], [9.8873, 60.26], [9.8924, 60.2584], [9.8981, 60.2565], [9.9012, 60.2555], [9.9045, 60.2544], [9.9085, 60.2531], [9.9134, 60.2515], [9.9179, 60.25], [9.9232, 60.2483], [9.9304, 60.247], [9.9338, 60.2463], [9.9385, 60.2455], [9.9447, 60.2443], [9.9496, 60.2434], [9.9554, 60.2423], [9.956, 60.2422], [9.9604, 60.2414], [9.9655, 60.2404], [9.9705, 60.2395], [9.9739, 60.2389], [9.9801, 60.2377], [9.9842, 60.237], [9.9893, 60.236], [9.9938, 60.2352], [9.9988, 60.2342], [10.0035, 60.2333], [10.0096, 60.2328], [10.0175, 60.2322], [10.0215, 60.2318], [10.0296, 60.2312], [10.0336, 60.2308], [10.0377, 60.2305], [10.0449, 60.2299], [10.0523, 60.2293], [10.06, 60.2286], [10.0662, 60.2281], [10.0704, 60.2278], [10.0758, 60.2273], [10.0837, 60.2267], [10.0898, 60.2262], [10.0965, 60.2256], [10.1012, 60.2252], [10.1053, 60.2249], [10.1133, 60.2242], [10.114, 60.2241], [10.118, 60.2236], [10.121, 60.2233], [10.1248, 60.2228], [10.1292, 60.2217], [10.1334, 60.2207], [10.1387, 60.2194], [10.1419, 60.2186], [10.1465, 60.2174], [10.1504, 60.2165], [10.1553, 60.2153], [10.1597, 60.2142], [10.1632, 60.2133], [10.1705, 60.2115], [10.1739, 60.2107], [10.1787, 60.2095], [10.1823, 60.2086], [10.1855, 60.2078], [10.1919, 60.2062], [10.1961, 60.2052], [10.2001, 60.2042], [10.2039, 60.2032], [10.2081, 60.2022], [10.2108, 60.2015], [10.2135, 60.2009], [10.218, 60.1997], [10.2196, 60.1993], [10.221, 60.199], [10.2263, 60.1977], [10.2264, 60.1977], [10.2273, 60.1974], [10.2275, 60.1974], [10.2317, 60.1964], [10.2354, 60.1955], [10.2396, 60.1944], [10.2446, 60.1932], [10.2488, 60.1921], [10.2511, 60.1916], [10.2551, 60.1903], [10.2562, 60.19], [10.2568, 60.1898], [10.2568, 60.1898], [10.2585, 60.1893], [10.2649, 60.1873], [10.2673, 60.1865], [10.2718, 60.1851], [10.2761, 60.1838], [10.2766, 60.1836], [10.2798, 60.1826], [10.284, 60.1813], [10.2882, 60.18], [10.291, 60.1792], [10.2967, 60.1774], [10.3039, 60.1745], [10.3091, 60.1725], [10.3098, 60.1722], [10.3098, 60.1722], [10.312, 60.1714], [10.3128, 60.171], [10.3161, 60.1697], [10.3191, 60.1686], [10.3214, 60.1676], [10.3235, 60.1668], [10.3248, 60.1663], [10.3284, 60.1649], [10.3328, 60.1632], [10.3366, 60.1617], [10.3408, 60.16], [10.3435, 60.1589], [10.3482, 60.1577], [10.3557, 60.1557], [10.3612, 60.1543], [10.3653, 60.1532], [10.3699, 60.152], [10.3718, 60.1515], [10.3732, 60.1511], [10.3764, 60.1503], [10.3812, 60.149], [10.387, 60.1475], [10.3925, 60.146], [10.3975, 60.1447], [10.4013, 60.1437], [10.4046, 60.1429], [10.4083, 60.1419], [10.4118, 60.141], [10.414, 60.1404], [10.4173, 60.1395], [10.4222, 60.1382], [10.4262, 60.1375], [10.4291, 60.1369], [10.4327, 60.1362], [10.4368, 60.1354], [10.4415, 60.1345], [10.4459, 60.1336], [10.4504, 60.1328], [10.4544, 60.132], [10.4591, 60.1311], [10.4649, 60.1299], [10.47, 60.1289], [10.4717, 60.1286], [10.4736, 60.128], [10.477, 60.127], [10.4805, 60.1259], [10.4846, 60.1247], [10.4876, 60.1238], [10.4917, 60.1225], [10.4967, 60.121], [10.5023, 60.1193], [10.5064, 60.118], [10.5095, 60.1171], [10.5134, 60.1159], [10.5166, 60.1149], [10.5203, 60.1138], [10.5242, 60.1126], [10.5283, 60.1113], [10.5318, 60.1102], [10.5358, 60.109], [10.541, 60.1074], [10.5446, 60.1063], [10.5519, 60.1031], [10.5547, 60.1019], [10.5591, 60.0999], [10.5618, 60.0988], [10.5663, 60.0968], [10.5697, 60.0953], [10.5743, 60.0933], [10.5772, 60.092], [10.5825, 60.0897], [10.5849, 60.0886], [10.5884, 60.087], [10.5942, 60.0845], [10.5974, 60.0831], [10.6005, 60.0817], [10.6065, 60.0791], [10.6105, 60.0783], [10.6138, 60.0776], [10.619, 60.0766], [10.6248, 60.0754], [10.6298, 60.0745], [10.638, 60.0745], [10.6415, 60.0741], [10.644, 60.0737], [10.6461, 60.0725], [10.6498, 60.0705], [10.6524, 60.069], [10.6543, 60.068], [10.6559, 60.0671], [10.6588, 60.0654], [10.6628, 60.0634], [10.666, 60.0616], [10.6689, 60.0599], [10.6715, 60.0584], [10.6743, 60.0568], [10.6772, 60.0552], [10.6808, 60.0532], [10.6833, 60.0518], [10.6867, 60.05], [10.6869, 60.0499], [10.6901, 60.0482], [10.6932, 60.0464], [10.6964, 60.0445], [10.6984, 60.0433], [10.6989, 60.0386], [10.6991, 60.0361], [10.6993, 60.0339], [10.6995, 60.0312], [10.6997, 60.0288], [10.7, 60.026], [10.7001, 60.0237], [10.7004, 60.021], [10.7006, 60.0188], [10.7008, 60.0163], [10.701, 60.0135], [10.7011, 60.0122], [10.7013, 60.0105], [10.7024, 60.0085], [10.7033, 60.0072], [10.7035, 60.0068], [10.7046, 60.0048], [10.7059, 60.0027], [10.7073, 60.0003], [10.7092, 59.9971], [10.7104, 59.9951], [10.7118, 59.9928], [10.7129, 59.9909], [10.7137, 59.9895], [10.7155, 59.9866], [10.7167, 59.9844], [10.7178, 59.9826], [10.7189, 59.9807], [10.7209, 59.9775], [10.7218, 59.9759], [10.7221, 59.9736], [10.7225, 59.9705], [10.7227, 59.9687], [10.7229, 59.9669], [10.7232, 59.9648], [10.7234, 59.9629], [10.7217, 59.9607], [10.7216, 59.9606]]}}, {"type": "Feature", "properties": {"osm_type": "line", "voltage_kv": 420.0, "name": "Nea - Kl\u00e6bu", "avail": 24, "avail_node": "Vestbyen"}, "geometry": {"type": "LineString", "coordinates": [[11.6802, 63.0296], [11.675, 63.0305], [11.6652, 63.032], [11.659, 63.033], [11.6537, 63.0338], [11.6458, 63.035], [11.6408, 63.0358], [11.6309, 63.0373], [11.6242, 63.0383], [11.6172, 63.0394], [11.6084, 63.0407], [11.6018, 63.0417], [11.5958, 63.0426], [11.5839, 63.0444], [11.5794, 63.0451], [11.5782, 63.0453], [11.5733, 63.046], [11.5669, 63.047], [11.5602, 63.048], [11.5505, 63.0494], [11.5449, 63.0503], [11.5403, 63.0509], [11.5375, 63.0514], [11.532, 63.0513], [11.5265, 63.0513], [11.5179, 63.0513], [11.5139, 63.0512], [11.5085, 63.0508], [11.5014, 63.0501], [11.4935, 63.0493], [11.4848, 63.0485], [11.4771, 63.0477], [11.468, 63.0468], [11.4624, 63.0463], [11.4586, 63.0459], [11.4582, 63.0459], [11.4498, 63.0451], [11.4433, 63.0444], [11.4394, 63.0456], [11.4328, 63.0474], [11.4244, 63.0498], [11.4179, 63.0516], [11.4111, 63.0535], [11.4047, 63.0553], [11.3985, 63.057], [11.3924, 63.0587], [11.3864, 63.0604], [11.3796, 63.0625], [11.3741, 63.0641], [11.3701, 63.0653], [11.363, 63.0675], [11.3584, 63.0688], [11.3498, 63.0714], [11.3442, 63.0731], [11.3387, 63.0748], [11.3327, 63.0766], [11.3234, 63.0794], [11.3176, 63.0811], [11.3131, 63.0824], [11.3077, 63.084], [11.3005, 63.0862], [11.2994, 63.0865], [11.2935, 63.0883], [11.2877, 63.09], [11.2793, 63.0925], [11.2716, 63.0947], [11.2666, 63.0962], [11.2604, 63.098], [11.2544, 63.0998], [11.2389, 63.1043], [11.2334, 63.106], [11.2295, 63.1071], [11.2265, 63.1081], [11.2211, 63.1099], [11.2169, 63.1114], [11.2113, 63.1133], [11.2026, 63.1163], [11.1983, 63.1178], [11.1942, 63.1192], [11.1875, 63.1215], [11.184, 63.1227], [11.1796, 63.1242], [11.1755, 63.1256], [11.1689, 63.1278], [11.1654, 63.129], [11.1606, 63.1302], [11.1558, 63.1315], [11.1478, 63.1335], [11.144, 63.1345], [11.1382, 63.136], [11.1325, 63.1375], [11.1241, 63.1396], [11.1185, 63.141], [11.1112, 63.1429], [11.1009, 63.1455], [11.0914, 63.1479], [11.0841, 63.1498], [11.0779, 63.1513], [11.0721, 63.1525], [11.0642, 63.1542], [11.0579, 63.1555], [11.0498, 63.1571], [11.0425, 63.1586], [11.0351, 63.16], [11.0257, 63.1619], [11.0156, 63.1639], [11.0103, 63.165], [11.0068, 63.1657], [11.0014, 63.1666], [10.9946, 63.1678], [10.9896, 63.1687], [10.9838, 63.1698], [10.9835, 63.1698], [10.9741, 63.1715], [10.968, 63.1726], [10.962, 63.1737], [10.9563, 63.1747], [10.9545, 63.175], [10.9505, 63.1757], [10.9424, 63.1769], [10.9356, 63.1779], [10.9312, 63.1785], [10.9242, 63.1796], [10.9195, 63.1803], [10.9144, 63.1811], [10.9074, 63.1821], [10.9013, 63.183], [10.8957, 63.1839], [10.8901, 63.1847], [10.8833, 63.1857], [10.8769, 63.1879], [10.8709, 63.1899], [10.8661, 63.1915], [10.859, 63.194], [10.8524, 63.1962], [10.8452, 63.1986], [10.8395, 63.2005], [10.8338, 63.2024], [10.8265, 63.2048], [10.8198, 63.207], [10.8128, 63.2092], [10.8071, 63.2111], [10.801, 63.2131], [10.7953, 63.2149], [10.791, 63.2163], [10.7875, 63.2175], [10.7773, 63.2189], [10.7721, 63.2196], [10.7636, 63.2208], [10.7575, 63.2216], [10.7516, 63.2224], [10.7463, 63.2231], [10.7408, 63.2239], [10.7318, 63.2251], [10.7266, 63.2258], [10.7178, 63.227], [10.7085, 63.2283], [10.6978, 63.2298], [10.6865, 63.2313], [10.6829, 63.2318], [10.6754, 63.2328], [10.6726, 63.2332], [10.6675, 63.2339], [10.6549, 63.2356], [10.6483, 63.2365], [10.6415, 63.2374], [10.6368, 63.238], [10.6316, 63.2388], [10.6258, 63.2395], [10.6205, 63.2402], [10.6144, 63.2411], [10.6005, 63.2429], [10.5923, 63.244], [10.5871, 63.2447], [10.5801, 63.2456], [10.5755, 63.2462], [10.5683, 63.2472], [10.5608, 63.2482], [10.5556, 63.2489], [10.5495, 63.2496], [10.5441, 63.2504], [10.5405, 63.2508], [10.5362, 63.2523], [10.5273, 63.2554], [10.5197, 63.258], [10.5158, 63.2594], [10.5105, 63.2612], [10.5048, 63.2632], [10.5025, 63.264], [10.4975, 63.2657], [10.4918, 63.2677], [10.488, 63.2713], [10.4868, 63.2725], [10.4812, 63.2779], [10.48, 63.279], [10.4778, 63.2813], [10.4765, 63.2826], [10.4754, 63.2839], [10.473, 63.2864], [10.4724, 63.287], [10.4715, 63.2879], [10.4689, 63.2907], [10.4633, 63.2924], [10.4587, 63.2938], [10.4532, 63.2954], [10.4528, 63.2993], [10.4525, 63.3026], [10.4522, 63.3062], [10.4472, 63.3123], [10.4446, 63.3152], [10.4408, 63.3167], [10.4323, 63.3202], [10.4275, 63.3222], [10.4268, 63.3225], [10.4266, 63.3226], [10.4237, 63.3243], [10.4225, 63.3249]]}}, {"type": "Feature", "properties": {"osm_type": "line", "voltage_kv": 300.0, "name": "B\u00e6rum - Smestad", "avail": 63, "avail_node": "Gr\u00f8nland"}, "geometry": {"type": "LineString", "coordinates": [[10.5637, 59.9266], [10.5666, 59.9271], [10.5695, 59.9277], [10.5729, 59.9284], [10.5734, 59.9285], [10.5787, 59.9295], [10.5824, 59.9303], [10.5853, 59.9309], [10.5856, 59.9309], [10.5868, 59.9312], [10.587, 59.9312], [10.5905, 59.9319], [10.5943, 59.9327], [10.5952, 59.9328], [10.5988, 59.9331], [10.6031, 59.9334], [10.6068, 59.9336], [10.6121, 59.934], [10.6153, 59.9342], [10.6189, 59.9344], [10.6209, 59.9347], [10.6221, 59.9349], [10.623, 59.935], [10.6248, 59.9352], [10.6251, 59.9353], [10.6272, 59.9356], [10.6312, 59.9361], [10.6366, 59.9369], [10.6387, 59.938], [10.6406, 59.9389], [10.6434, 59.939], [10.6455, 59.9391], [10.6471, 59.9391], [10.649, 59.9384], [10.652, 59.9373], [10.6539, 59.9366], [10.6592, 59.9362], [10.6622, 59.936]]}}, {"type": "Feature", "properties": {"osm_type": "line", "voltage_kv": 132.0, "name": "L0086 SOGNDAL-GRINDSDALEN", "avail": 0}, "geometry": {"type": "LineString", "coordinates": [[6.7561, 61.2166], [6.7608, 61.2266]]}}, {"type": "Feature", "properties": {"osm_type": "line", "voltage_kv": 132.0, "name": "L0086 SOGNDAL-GRINDSDALEN", "avail": 0}, "geometry": {"type": "LineString", "coordinates": [[7.0161, 61.2193], [7.0131, 61.2194], [7.0104, 61.2195], [7.007, 61.2197], [7.0032, 61.2198], [6.9997, 61.22], [6.9979, 61.2201], [6.9942, 61.2202], [6.9893, 61.2208], [6.9811, 61.2217], [6.9771, 61.2221], [6.9715, 61.2212], [6.9675, 61.2205], [6.9607, 61.2193], [6.9545, 61.2183], [6.9521, 61.2179], [6.9486, 61.2173], [6.9435, 61.2164], [6.9403, 61.2158], [6.9364, 61.2152], [6.9342, 61.2148], [6.9295, 61.214], [6.926, 61.2134], [6.9241, 61.213], [6.9217, 61.2126], [6.9187, 61.2121], [6.9157, 61.2116], [6.9123, 61.211], [6.9079, 61.2103], [6.9046, 61.2097], [6.9031, 61.2094], [6.8939, 61.2079], [6.8888, 61.207], [6.8874, 61.2067], [6.8821, 61.2058], [6.8797, 61.2054], [6.8769, 61.2049], [6.8748, 61.2046], [6.8733, 61.2043], [6.8668, 61.2032], [6.8615, 61.2022], [6.8438, 61.202], [6.842, 61.202], [6.8393, 61.202], [6.8375, 61.202], [6.8364, 61.2025], [6.8345, 61.2035], [6.8337, 61.2039], [6.8336, 61.2039], [6.8336, 61.2039], [6.8309, 61.2042], [6.8276, 61.2048], [6.8259, 61.2052], [6.8227, 61.2058], [6.8187, 61.2065], [6.8136, 61.2075], [6.8112, 61.208], [6.8065, 61.2089], [6.804, 61.2094], [6.7993, 61.2102], [6.7974, 61.2106], [6.7926, 61.2115], [6.7904, 61.2119], [6.7873, 61.2125], [6.7853, 61.2127], [6.782, 61.213], [6.7783, 61.2133], [6.7759, 61.2135], [6.7718, 61.2139], [6.7689, 61.2143], [6.7681, 61.2144], [6.7671, 61.2145], [6.7635, 61.2151], [6.7599, 61.2155], [6.757, 61.2158]]}}, {"type": "Feature", "properties": {"osm_type": "line", "voltage_kv": 420.0, "name": "Hofstad - \u00c5fjord ", "avail": 12, "avail_node": "\u00c5FJORD"}, "geometry": {"type": "LineString", "coordinates": [[10.5343, 64.1636], [10.5277, 64.1627], [10.5254, 64.1624], [10.5242, 64.1606], [10.5224, 64.1581], [10.5216, 64.157], [10.5209, 64.1559], [10.5205, 64.1552], [10.5158, 64.1485], [10.5129, 64.1457], [10.5112, 64.144], [10.5091, 64.1434], [10.5012, 64.141], [10.4932, 64.1386], [10.488, 64.1368], [10.4811, 64.1344], [10.4772, 64.1331], [10.472, 64.1313], [10.4644, 64.1287], [10.4607, 64.1274], [10.4609, 64.1248], [10.4611, 64.1219], [10.4613, 64.1195], [10.4615, 64.1172], [10.4617, 64.1143], [10.4622, 64.1084], [10.4623, 64.1071], [10.4625, 64.1047], [10.4594, 64.1008], [10.4574, 64.0984], [10.4555, 64.0961], [10.4534, 64.0934], [10.4503, 64.0896], [10.4487, 64.0876], [10.4457, 64.0839], [10.4427, 64.0802], [10.442, 64.0793], [10.4377, 64.074], [10.4361, 64.072], [10.4336, 64.0688], [10.4325, 64.0675], [10.4296, 64.064], [10.4267, 64.0604], [10.4244, 64.0575], [10.4214, 64.0537], [10.4187, 64.0504], [10.4162, 64.0473], [10.414, 64.0446], [10.412, 64.0421], [10.4067, 64.04], [10.4015, 64.0379], [10.3981, 64.0365], [10.3929, 64.0344], [10.3869, 64.032], [10.382, 64.03], [10.3749, 64.0272], [10.3708, 64.0255], [10.368, 64.0244], [10.36, 64.0211], [10.354, 64.0187], [10.3501, 64.0172], [10.345, 64.0151], [10.3417, 64.0138], [10.3359, 64.0114], [10.3327, 64.0101], [10.3266, 64.0077], [10.3186, 64.0044], [10.3127, 64.0021], [10.3119, 64.0018], [10.3092, 64.0007], [10.3088, 64.0005], [10.3009, 63.9973], [10.2925, 63.9949], [10.2897, 63.9941], [10.2847, 63.9927], [10.2777, 63.9902], [10.2753, 63.9893], [10.273, 63.9849], [10.2729, 63.9846], [10.2717, 63.9822], [10.2701, 63.9792], [10.2667, 63.977], [10.2642, 63.9754], [10.2602, 63.9729], [10.2568, 63.9707], [10.259, 63.9676], [10.2626, 63.9628], [10.2651, 63.9595], [10.2659, 63.9584], [10.2684, 63.955], [10.2712, 63.9512], [10.2739, 63.9477], [10.2772, 63.9432], [10.2803, 63.9389], [10.2813, 63.9376], [10.2799, 63.9354], [10.2766, 63.9304], [10.2741, 63.9266], [10.2717, 63.9229], [10.2696, 63.9196], [10.2693, 63.9192], [10.2666, 63.9151], [10.2631, 63.9098], [10.2622, 63.9084], [10.2588, 63.9031], [10.2571, 63.9005], [10.2545, 63.8974], [10.253, 63.8955], [10.2499, 63.8917], [10.243, 63.891], [10.237, 63.8903], [10.2309, 63.8897], [10.2275, 63.8905]]}}, {"type": "Feature", "properties": {"osm_type": "line", "voltage_kv": 300.0, "name": "Hemsil 1 - Hemsil 2", "avail": 0}, "geometry": {"type": "LineString", "coordinates": [[8.6461, 60.8062], [8.6493, 60.8053], [8.6499, 60.8051], [8.6542, 60.8038], [8.6596, 60.8023], [8.6645, 60.8009], [8.6695, 60.7994], [8.6745, 60.798], [8.68, 60.7964], [8.686, 60.7949], [8.6906, 60.7937], [8.6955, 60.7925], [8.7012, 60.791], [8.7063, 60.7897], [8.7113, 60.7885], [8.7146, 60.7876], [8.7202, 60.7862], [8.7246, 60.7851], [8.7289, 60.784], [8.7341, 60.7827], [8.7382, 60.7817], [8.7423, 60.7806], [8.7479, 60.7803], [8.7504, 60.7802], [8.7527, 60.7801], [8.7586, 60.7798], [8.7648, 60.7795], [8.7705, 60.7792], [8.7769, 60.7789], [8.7828, 60.7785], [8.7889, 60.7782], [8.7961, 60.7779], [8.8032, 60.7775], [8.8072, 60.7773], [8.8127, 60.777], [8.8189, 60.7767], [8.8246, 60.7764], [8.8307, 60.7761], [8.8314, 60.7758], [8.8338, 60.7748], [8.8339, 60.7748], [8.8395, 60.7725], [8.8442, 60.7707], [8.8443, 60.7706], [8.8484, 60.7689], [8.8514, 60.7678], [8.8555, 60.7661], [8.8603, 60.7642], [8.8647, 60.7624], [8.8693, 60.7606], [8.8736, 60.7588], [8.8774, 60.7573], [8.8813, 60.7557], [8.8848, 60.7543], [8.8893, 60.7525], [8.8932, 60.7509], [8.8973, 60.7493], [8.9012, 60.7477], [8.905, 60.7462], [8.9092, 60.7438], [8.9129, 60.7418], [8.9161, 60.74], [8.9212, 60.7372], [8.9249, 60.7352], [8.9296, 60.7325], [8.9329, 60.7307], [8.9363, 60.7288], [8.9414, 60.726], [8.9444, 60.7243], [8.9481, 60.7222], [8.9485, 60.722], [8.9535, 60.7207], [8.958, 60.7196], [8.9659, 60.7176], [8.9705, 60.7164], [8.9717, 60.715], [8.9727, 60.7124], [8.9733, 60.7107], [8.9723, 60.7082]]}}, {"type": "Feature", "properties": {"osm_type": "line", "voltage_kv": 420.0, "name": "Nea - J\u00e4rpstr\u00f6mmen", "avail": 21, "avail_node": "NEA"}, "geometry": {"type": "LineString", "coordinates": [[11.693, 63.0298], [11.6936, 63.0299], [11.7021, 63.0308], [11.7052, 63.0338], [11.7057, 63.0343], [11.7076, 63.0361], [11.7116, 63.04], [11.714, 63.0424], [11.7176, 63.0459], [11.7231, 63.0513], [11.725, 63.0532], [11.7269, 63.055], [11.7304, 63.0566], [11.7349, 63.0586], [11.74, 63.061], [11.7471, 63.0641], [11.753, 63.0668], [11.7569, 63.0686], [11.7605, 63.0702], [11.7651, 63.0723], [11.7688, 63.074], [11.7732, 63.0759], [11.7777, 63.078], [11.7815, 63.0797], [11.7845, 63.0809], [11.7885, 63.0826], [11.793, 63.0845], [11.7978, 63.0855], [11.8036, 63.0868], [11.8099, 63.0881], [11.8164, 63.0895], [11.822, 63.0908], [11.8276, 63.092], [11.8337, 63.0933], [11.8407, 63.0948], [11.8465, 63.0961], [11.8514, 63.0982], [11.8575, 63.101], [11.8625, 63.1032], [11.8681, 63.1057], [11.8724, 63.1076], [11.8766, 63.1095], [11.8802, 63.1111], [11.8863, 63.1138], [11.8923, 63.1165], [11.8982, 63.1192], [11.904, 63.1205], [11.912, 63.1223], [11.9185, 63.1237], [11.9246, 63.1251], [11.9329, 63.1269], [11.9404, 63.1286], [11.9468, 63.13], [11.952, 63.1312], [11.9598, 63.133], [11.9653, 63.1342], [11.9712, 63.1367], [11.9771, 63.1393], [11.9832, 63.1419], [11.9907, 63.1451], [11.994, 63.1465], [12.0, 63.1491], [12.0063, 63.1518], [12.014, 63.1551], [12.0216, 63.1584], [12.0284, 63.1613], [12.0313, 63.1628], [12.0347, 63.1644], [12.0402, 63.1671], [12.0444, 63.1692], [12.0485, 63.1713], [12.0523, 63.1732], [12.0569, 63.1754], [12.0589, 63.1764]]}}, {"type": "Feature", "properties": {"osm_type": "line", "voltage_kv": 132.0, "name": "Trollheim - Orkdal", "avail": 17, "avail_node": "ORKDAL"}, "geometry": {"type": "LineString", "coordinates": [[9.024, 63.0089], [9.0248, 63.0094], [9.0259, 63.0103], [9.0254, 63.0106], [9.0263, 63.0108], [9.0289, 63.0114], [9.0322, 63.0128], [9.0345, 63.0137], [9.0389, 63.0155], [9.0425, 63.0169], [9.046, 63.0182], [9.0495, 63.0194], [9.0526, 63.0205], [9.0557, 63.0216], [9.0577, 63.0223], [9.0607, 63.0234], [9.0639, 63.0246], [9.0667, 63.0255], [9.0711, 63.0271], [9.0752, 63.0286], [9.0774, 63.0294], [9.0809, 63.0306], [9.0838, 63.0317], [9.0871, 63.0328], [9.0907, 63.0341], [9.0935, 63.0351], [9.0972, 63.0365], [9.1017, 63.038], [9.1047, 63.0391], [9.1079, 63.0403], [9.1108, 63.0413], [9.1134, 63.0422], [9.1158, 63.0431], [9.1184, 63.0442], [9.1217, 63.0456], [9.1242, 63.0466], [9.1277, 63.0481], [9.1318, 63.0499], [9.1352, 63.0511], [9.1378, 63.052], [9.1405, 63.0529], [9.143, 63.0539], [9.1458, 63.0548], [9.1495, 63.0561], [9.1537, 63.0576], [9.1581, 63.0592], [9.1608, 63.0602], [9.1645, 63.0617], [9.1678, 63.0631], [9.1705, 63.0642], [9.1739, 63.0657], [9.1775, 63.0672], [9.181, 63.0686], [9.1837, 63.0698], [9.1878, 63.0715], [9.1917, 63.0731], [9.1955, 63.0747], [9.1968, 63.0753], [9.1995, 63.0764], [9.2027, 63.0777], [9.2045, 63.0785], [9.2061, 63.0792], [9.21, 63.0808], [9.2144, 63.0822], [9.2174, 63.0831], [9.2219, 63.0846], [9.225, 63.0855], [9.2278, 63.0864], [9.2314, 63.0875], [9.2347, 63.0886], [9.2381, 63.0896], [9.2409, 63.0905], [9.244, 63.0915], [9.2483, 63.0929], [9.2511, 63.0937], [9.2532, 63.0946], [9.2568, 63.0959], [9.2578, 63.0963], [9.259, 63.0967], [9.26, 63.0971], [9.2627, 63.0982], [9.2634, 63.0984], [9.2669, 63.0997], [9.2694, 63.1007], [9.2731, 63.1015], [9.2767, 63.1024], [9.2806, 63.1032], [9.2847, 63.1041], [9.2889, 63.1051], [9.2921, 63.1058], [9.2955, 63.1065], [9.2992, 63.1073], [9.302, 63.1086], [9.3051, 63.1099], [9.3088, 63.1116], [9.3115, 63.1128], [9.3136, 63.1137], [9.3151, 63.1144], [9.3176, 63.1155], [9.3203, 63.1167], [9.3233, 63.118], [9.326, 63.1192], [9.3288, 63.1204], [9.3317, 63.1217], [9.3348, 63.1231], [9.335, 63.1232], [9.3369, 63.124], [9.3373, 63.1242], [9.3398, 63.1253], [9.3416, 63.1261], [9.3444, 63.127], [9.3468, 63.1278], [9.3499, 63.1288], [9.3533, 63.1298], [9.3562, 63.1308], [9.3595, 63.1319], [9.3621, 63.1328], [9.3651, 63.1338], [9.3683, 63.1349], [9.3718, 63.1361], [9.3744, 63.137], [9.3772, 63.138], [9.38, 63.1389], [9.3836, 63.1397], [9.3884, 63.1406], [9.3912, 63.1412], [9.3941, 63.1418], [9.3978, 63.1425], [9.402, 63.144], [9.406, 63.1455], [9.4085, 63.1464], [9.4125, 63.1478], [9.4159, 63.149], [9.4198, 63.1504], [9.4233, 63.1517], [9.4272, 63.1531], [9.4305, 63.1543], [9.4332, 63.1552], [9.4368, 63.1558], [9.4405, 63.1565], [9.4447, 63.1572], [9.4487, 63.1579], [9.4523, 63.1585], [9.456, 63.1591], [9.4595, 63.1597], [9.4646, 63.1606], [9.4679, 63.1612], [9.4708, 63.1618], [9.4728, 63.1622], [9.4779, 63.1633], [9.4805, 63.1639], [9.4832, 63.1645], [9.4873, 63.1653], [9.4921, 63.1663], [9.4951, 63.167], [9.4978, 63.1676], [9.5011, 63.1683], [9.5054, 63.1692], [9.5092, 63.17], [9.514, 63.171], [9.5178, 63.1718], [9.5204, 63.1724], [9.5228, 63.1729], [9.525, 63.1737], [9.5292, 63.1755], [9.5321, 63.1766], [9.5348, 63.1792], [9.5365, 63.1808], [9.5381, 63.1824], [9.5401, 63.1843], [9.5422, 63.1863], [9.5439, 63.1879], [9.5456, 63.1896], [9.5476, 63.1915], [9.5485, 63.1932], [9.5495, 63.195], [9.5506, 63.197], [9.5516, 63.199], [9.5535, 63.2004], [9.5552, 63.2018], [9.5567, 63.203], [9.5591, 63.2037], [9.5626, 63.2048], [9.5648, 63.2062], [9.5678, 63.2081], [9.5708, 63.2101], [9.5727, 63.2114], [9.5781, 63.2125], [9.5809, 63.2131], [9.5849, 63.2139], [9.5893, 63.2148], [9.5942, 63.2158], [9.5975, 63.2165], [9.6019, 63.2174], [9.6073, 63.2186], [9.6119, 63.2196], [9.6148, 63.2203], [9.6185, 63.2211], [9.6217, 63.2218], [9.6261, 63.2228], [9.6293, 63.2235], [9.6333, 63.2244], [9.6335, 63.2245], [9.6335, 63.2245], [9.6357, 63.2249], [9.6386, 63.2257], [9.6416, 63.2265], [9.6447, 63.2272], [9.6489, 63.2283], [9.6522, 63.2291], [9.6555, 63.23], [9.6582, 63.2307], [9.6617, 63.2316], [9.6648, 63.2323], [9.6677, 63.2331], [9.6705, 63.2338], [9.6709, 63.2339], [9.6734, 63.2347], [9.6779, 63.2361], [9.681, 63.2371], [9.6845, 63.2383], [9.6889, 63.2397], [9.6926, 63.2404], [9.6963, 63.2411], [9.6997, 63.2418], [9.7042, 63.2426], [9.7068, 63.2431], [9.7115, 63.244], [9.7142, 63.2445], [9.7183, 63.2453], [9.7235, 63.2454], [9.7278, 63.2455], [9.7316, 63.2455], [9.735, 63.2456], [9.7379, 63.2454], [9.7386, 63.2454], [9.7439, 63.2451], [9.7482, 63.2449], [9.753, 63.2446], [9.7566, 63.2444]]}}, {"type": "Feature", "properties": {"osm_type": "line", "voltage_kv": 420.0, "name": "Hasle - Borgvik", "avail": 15, "avail_node": "St Halvard"}, "geometry": {"type": "LineString", "coordinates": [[11.1607, 59.3142], [11.1609, 59.3142], [11.1619, 59.3142], [11.1672, 59.314], [11.1722, 59.3139], [11.1783, 59.3138], [11.1854, 59.3139], [11.1936, 59.3144], [11.1995, 59.3148], [11.207, 59.3154], [11.214, 59.316], [11.2185, 59.3162], [11.2223, 59.3164], [11.2273, 59.3167], [11.2318, 59.3169], [11.2333, 59.317], [11.2413, 59.3174], [11.2471, 59.3177], [11.2543, 59.318], [11.26, 59.3181], [11.2672, 59.3182], [11.2726, 59.3182], [11.2796, 59.3183], [11.2871, 59.3183], [11.2913, 59.3183], [11.299, 59.3181], [11.304, 59.3178], [11.3112, 59.3175], [11.3183, 59.3172], [11.3271, 59.3168], [11.3341, 59.3165], [11.3408, 59.3162], [11.3464, 59.3159], [11.3521, 59.3156], [11.3594, 59.3153], [11.3662, 59.315], [11.3738, 59.3149], [11.3815, 59.3149], [11.3822, 59.3149], [11.3887, 59.315], [11.396, 59.315], [11.4032, 59.315], [11.4056, 59.3149], [11.4117, 59.3149], [11.4202, 59.3146], [11.427, 59.3144], [11.4359, 59.3141], [11.4418, 59.314], [11.4485, 59.3141], [11.4489, 59.3141], [11.4524, 59.3141], [11.4618, 59.3142], [11.4688, 59.3142], [11.4745, 59.3143], [11.4814, 59.3143], [11.4904, 59.3142], [11.4974, 59.314], [11.5052, 59.3139], [11.512, 59.3138], [11.5192, 59.3137], [11.5272, 59.3137], [11.5349, 59.3139], [11.5404, 59.3141], [11.5497, 59.3145], [11.5578, 59.3149], [11.5629, 59.3151], [11.5715, 59.3154], [11.5809, 59.3156], [11.5844, 59.3158], [11.5913, 59.3161], [11.5977, 59.3165], [11.6037, 59.3169], [11.6104, 59.3175], [11.6161, 59.318], [11.6218, 59.3185], [11.6309, 59.3192], [11.6386, 59.3197], [11.6439, 59.3201], [11.6507, 59.3205], [11.6589, 59.3212], [11.6654, 59.3218], [11.6694, 59.3221], [11.6762, 59.3227], [11.6787, 59.3229], [11.68, 59.3231], [11.6822, 59.3233], [11.6895, 59.3243], [11.6923, 59.3248], [11.6976, 59.3256], [11.7049, 59.3266], [11.7102, 59.3275], [11.7164, 59.3284], [11.7269, 59.33], [11.7344, 59.3311], [11.7398, 59.3318], [11.7446, 59.3326], [11.7494, 59.3333], [11.7594, 59.3348], [11.7662, 59.3356], [11.7748, 59.3369], [11.777, 59.3372], [11.7823, 59.3379], [11.7837, 59.3381], [11.7894, 59.3388], [11.7965, 59.3386], [11.8052, 59.3381], [11.8115, 59.3377], [11.8172, 59.3375]]}}, {"type": "Feature", "properties": {"osm_type": "line", "voltage_kv": 300.0, "name": "Samnanger - Fana", "avail": 38, "avail_node": "Str\u00f8mgaten"}, "geometry": {"type": "LineString", "coordinates": [[5.8426, 60.395], [5.8427, 60.3925], [5.8415, 60.3913], [5.8404, 60.3902], [5.8337, 60.3835], [5.8317, 60.381], [5.8291, 60.3778], [5.8262, 60.3742], [5.8248, 60.3725], [5.8222, 60.3692], [5.8111, 60.3672], [5.8081, 60.3667], [5.7947, 60.3649], [5.7885, 60.364], [5.7846, 60.3635], [5.7796, 60.3628], [5.7712, 60.3616], [5.7643, 60.3607], [5.76, 60.3601], [5.7525, 60.359], [5.7413, 60.3575], [5.7356, 60.3569], [5.7277, 60.356], [5.7229, 60.3555], [5.7198, 60.3552], [5.7115, 60.3543], [5.7078, 60.3539], [5.7019, 60.3532], [5.6946, 60.3524], [5.6882, 60.3527], [5.688, 60.3528], [5.6658, 60.3538], [5.6408, 60.355], [5.6321, 60.3535], [5.6273, 60.3526], [5.6223, 60.3517], [5.6157, 60.3506], [5.6136, 60.3502], [5.6098, 60.3495], [5.6042, 60.3484], [5.5995, 60.3475], [5.5905, 60.3459], [5.579, 60.3445], [5.5726, 60.3434], [5.5642, 60.341], [5.5558, 60.3386], [5.5532, 60.3379], [5.5438, 60.3352], [5.5347, 60.3326], [5.5256, 60.33], [5.5188, 60.3281], [5.5178, 60.328], [5.5155, 60.3279], [5.5057, 60.3275], [5.5, 60.3272], [5.4953, 60.327], [5.4899, 60.3268], [5.4888, 60.3267], [5.4751, 60.3261], [5.4718, 60.326], [5.4656, 60.3257], [5.4594, 60.3254], [5.4556, 60.3252], [5.4437, 60.3247], [5.4387, 60.3244], [5.4278, 60.3223], [5.4151, 60.3198], [5.4124, 60.3176], [5.4092, 60.315], [5.404, 60.3108], [5.3989, 60.3067], [5.3966, 60.3048], [5.3935, 60.3023], [5.3888, 60.3006], [5.3856, 60.2995], [5.3751, 60.2959], [5.372, 60.2931], [5.3703, 60.2917], [5.3675, 60.2892], [5.362, 60.2884], [5.355, 60.2873], [5.349, 60.2859]]}}, {"type": "Feature", "properties": {"osm_type": "line", "voltage_kv": 300.0, "name": "Uvdal 2 - Nore", "avail": 4, "avail_node": "Nore I"}, "geometry": {"type": "LineString", "coordinates": [[8.9299, 60.2583], [8.9315, 60.2585], [8.9345, 60.2594], [8.9404, 60.261], [8.9425, 60.2608], [8.9512, 60.26], [8.9526, 60.2599], [8.9527, 60.2599], [8.9555, 60.2604], [8.9575, 60.2627], [8.9588, 60.2643]]}}, {"type": "Feature", "properties": {"osm_type": "line", "voltage_kv": 420.0, "name": "Grenland - R\u00f8d", "avail": 45, "avail_node": "Roligheten"}, "geometry": {"type": "LineString", "coordinates": [[9.4764, 59.1313], [9.4772, 59.1325], [9.4797, 59.1359], [9.4832, 59.1406], [9.4853, 59.1435], [9.4881, 59.1473], [9.4929, 59.1538], [9.4962, 59.1584], [9.4908, 59.1618], [9.4863, 59.1639], [9.4809, 59.1659], [9.4763, 59.1687], [9.4732, 59.1702], [9.4702, 59.1716], [9.4656, 59.1738], [9.4599, 59.1765], [9.4553, 59.1785], [9.4506, 59.1806], [9.448, 59.1814], [9.4444, 59.1826], [9.4388, 59.1851], [9.4301, 59.1891], [9.4245, 59.1932], [9.4236, 59.1939], [9.4281, 59.1994], [9.43, 59.2017], [9.4338, 59.2061], [9.4333, 59.2095], [9.4329, 59.2127], [9.4324, 59.2164], [9.4321, 59.2186], [9.432, 59.2189], [9.432, 59.219], [9.4318, 59.2208], [9.4354, 59.2225], [9.4378, 59.2237], [9.4399, 59.2244], [9.4582, 59.2312], [9.4585, 59.2314], [9.4579, 59.2329], [9.456, 59.2376], [9.4588, 59.2402], [9.4618, 59.243], [9.4685, 59.2433], [9.4716, 59.2432], [9.4755, 59.2431], [9.4809, 59.2429], [9.4892, 59.2426], [9.4929, 59.2424], [9.4966, 59.2423], [9.501, 59.2421], [9.5098, 59.2417], [9.5157, 59.2415], [9.5172, 59.2425], [9.5222, 59.2459], [9.5231, 59.2465], [9.527, 59.2493], [9.5298, 59.2511], [9.5311, 59.2539], [9.5321, 59.2561], [9.5337, 59.2599], [9.5354, 59.2637], [9.5363, 59.2657], [9.5372, 59.2663], [9.5394, 59.2678], [9.5417, 59.2693], [9.5429, 59.2701]]}}, {"type": "Feature", "properties": {"osm_type": "line", "voltage_kv": 420.0, "name": "Ofoten - Kvandal L2", "avail": 11, "avail_node": "Kvandal"}, "geometry": {"type": "LineString", "coordinates": [[17.5654, 68.1604], [17.5689, 68.1616], [17.5801, 68.1651], [17.5813, 68.1692], [17.5823, 68.1725], [17.5808, 68.1759], [17.5794, 68.1792], [17.578, 68.1824], [17.5855, 68.1856], [17.5891, 68.1872], [17.595, 68.1899], [17.5987, 68.1917], [17.6054, 68.1948], [17.6089, 68.1964], [17.6095, 68.1983], [17.6106, 68.2022], [17.609, 68.2053], [17.6067, 68.2097], [17.6045, 68.2138], [17.6031, 68.2164], [17.602, 68.2186], [17.6012, 68.22], [17.6004, 68.2216], [17.6006, 68.2235], [17.6021, 68.226], [17.6037, 68.2288], [17.6058, 68.2322], [17.6071, 68.2343], [17.6083, 68.2362], [17.6094, 68.2382], [17.6108, 68.2405], [17.612, 68.2424], [17.6139, 68.2456], [17.6164, 68.2497], [17.6189, 68.2537], [17.6211, 68.2574], [17.6229, 68.2604], [17.6248, 68.2635], [17.627, 68.2672], [17.631, 68.2709], [17.6347, 68.2744], [17.6376, 68.2771], [17.6409, 68.2802], [17.6441, 68.2819], [17.6486, 68.2845], [17.6512, 68.2859], [17.65, 68.2918], [17.6453, 68.2941], [17.6393, 68.297], [17.6369, 68.2995], [17.6336, 68.303], [17.6323, 68.3048], [17.6315, 68.3072], [17.6315, 68.3095], [17.6315, 68.3117], [17.6315, 68.3148], [17.6315, 68.3186], [17.6315, 68.3222], [17.6291, 68.3249], [17.6257, 68.3287], [17.6225, 68.3324], [17.6201, 68.335], [17.6184, 68.337], [17.6161, 68.3395], [17.6233, 68.3454], [17.6262, 68.3477], [17.6279, 68.3492], [17.6379, 68.3573], [17.6412, 68.3601], [17.6437, 68.3621], [17.6486, 68.366], [17.6516, 68.3684], [17.6564, 68.3722], [17.6591, 68.3744], [17.6619, 68.3766], [17.6646, 68.3787], [17.6687, 68.382], [17.6757, 68.3876], [17.6783, 68.3896], [17.6814, 68.3921], [17.686, 68.3957], [17.6898, 68.3988], [17.6935, 68.4016], [17.6968, 68.4042], [17.7006, 68.4056], [17.7058, 68.4075], [17.7116, 68.4096], [17.7172, 68.4116], [17.7229, 68.4137], [17.7298, 68.4162], [17.7309, 68.4178], [17.7332, 68.4225], [17.7347, 68.4255], [17.7347, 68.4256], [17.7361, 68.427], [17.7368, 68.428], [17.7406, 68.4335], [17.7451, 68.4399], [17.7439, 68.4424], [17.7429, 68.4495], [17.7399, 68.4512], [17.7379, 68.4524], [17.7253, 68.4597], [17.722, 68.4616], [17.7193, 68.4632], [17.7181, 68.4639], [17.7119, 68.4675], [17.7067, 68.4705], [17.7053, 68.4732], [17.7039, 68.4758], [17.7032, 68.4771], [17.7016, 68.4802], [17.6999, 68.4834], [17.6983, 68.4865], [17.6971, 68.489], [17.6943, 68.4944], [17.6907, 68.4994], [17.6893, 68.5015], [17.6875, 68.504], [17.685, 68.5076], [17.6825, 68.5112], [17.6815, 68.513], [17.6801, 68.5156], [17.6783, 68.5184], [17.6768, 68.5196], [17.6725, 68.523], [17.663, 68.5286], [17.6593, 68.5314], [17.6562, 68.5338], [17.6532, 68.5361], [17.6495, 68.5388], [17.6455, 68.5419], [17.6414, 68.545], [17.6375, 68.548], [17.6327, 68.5534], [17.6298, 68.557], [17.6291, 68.5577], [17.6291, 68.5577], [17.629, 68.5579], [17.6284, 68.5585], [17.6276, 68.5595], [17.6255, 68.5629], [17.624, 68.5654], [17.6226, 68.5676], [17.6217, 68.569], [17.6206, 68.5705], [17.6187, 68.573], [17.6157, 68.575]]}}, {"type": "Feature", "properties": {"osm_type": "line", "voltage_kv": 300.0, "name": "Roskrepp - Kvinen", "avail": 7, "avail_node": "KVINEN"}, "geometry": {"type": "LineString", "coordinates": [[7.0881, 59.0225], [7.0882, 59.0224], [7.0848, 59.0191], [7.0825, 59.017], [7.0791, 59.0138], [7.0797, 59.0103], [7.0796, 59.0076], [7.0793, 59.0034], [7.0791, 59.0004], [7.082, 58.9983], [7.0858, 58.9956], [7.0902, 58.9924], [7.0934, 58.9901], [7.0961, 58.9878], [7.0979, 58.9861], [7.0995, 58.9836], [7.1012, 58.9807], [7.103, 58.9778], [7.1047, 58.9751], [7.106, 58.973], [7.1078, 58.9701], [7.1094, 58.9662], [7.1104, 58.9637], [7.1114, 58.9614], [7.1117, 58.9582], [7.112, 58.9549], [7.1107, 58.9515], [7.1098, 58.9489], [7.1084, 58.945], [7.107, 58.9413], [7.1053, 58.9366], [7.103, 58.9332], [7.0976, 58.9319], [7.0935, 58.9309]]}}, {"type": "Feature", "properties": {"osm_type": "line", "voltage_kv": 420.0, "name": "T_Hol 2 (Hol 1) - Usta", "avail": 0}, "geometry": {"type": "LineString", "coordinates": [[8.2699, 60.6103], [8.277, 60.6091], [8.2812, 60.6091], [8.2858, 60.6092], [8.2906, 60.6092], [8.2939, 60.6093], [8.3037, 60.6072], [8.3067, 60.6066], [8.3084, 60.6062], [8.313, 60.6042], [8.3171, 60.6025], [8.3204, 60.6011], [8.3243, 60.5995], [8.3278, 60.598], [8.3337, 60.5955], [8.3344, 60.5953], [8.3371, 60.5941], [8.3405, 60.5927], [8.343, 60.5916], [8.3442, 60.5911], [8.3452, 60.5907], [8.3475, 60.5897], [8.3521, 60.5878], [8.3572, 60.5856], [8.3618, 60.5837], [8.3663, 60.5818], [8.3687, 60.5813], [8.371, 60.5808], [8.3769, 60.5797], [8.383, 60.5785], [8.3889, 60.5773], [8.3932, 60.5764], [8.3932, 60.5764], [8.396, 60.5759], [8.401, 60.5749], [8.4056, 60.574], [8.4056, 60.574]]}}, {"type": "Feature", "properties": {"osm_type": "line", "voltage_kv": 300.0, "name": "Fana - Litle Sotra", "avail": 38, "avail_node": "Str\u00f8mgaten"}, "geometry": {"type": "LineString", "coordinates": [[5.338, 60.2861], [5.3352, 60.2858], [5.3335, 60.2856], [5.3313, 60.2853], [5.3271, 60.2846], [5.3256, 60.2843], [5.3216, 60.2836], [5.3167, 60.2835], [5.311, 60.2821], [5.3086, 60.2815], [5.3054, 60.281], [5.3016, 60.2804], [5.3001, 60.2802], [5.3001, 60.2802], [5.2981, 60.2799], [5.2976, 60.28], [5.2878, 60.2821], [5.2836, 60.283], [5.2797, 60.2838], [5.2752, 60.2874], [5.2747, 60.2879], [5.274, 60.2891], [5.2716, 60.2936], [5.2692, 60.2978], [5.2671, 60.2994], [5.2624, 60.3029], [5.2625, 60.3063], [5.2625, 60.3075], [5.2612, 60.3097], [5.2601, 60.3114], [5.259, 60.3142], [5.256, 60.3222], [5.2555, 60.3235], [5.2586, 60.3255], [5.2619, 60.3277], [5.2619, 60.3278], [5.2609, 60.3305], [5.259, 60.3324], [5.2566, 60.3343], [5.2535, 60.3366], [5.2506, 60.3421], [5.2504, 60.3423], [5.2469, 60.3463], [5.2449, 60.3482], [5.2441, 60.3491], [5.2426, 60.3497], [5.2392, 60.351], [5.2325, 60.354], [5.2313, 60.3545], [5.2298, 60.3555], [5.2247, 60.3587], [5.2191, 60.3597], [5.2126, 60.3608], [5.2122, 60.361], [5.2073, 60.3634], [5.2012, 60.3663], [5.1968, 60.3669]]}}, {"type": "Feature", "properties": {"osm_type": "line", "voltage_kv": 300.0, "name": "Kvinesdal - Feda1 (NorNed)", "avail": 1, "avail_node": "\u00d8IE"}, "geometry": {"type": "LineString", "coordinates": [[6.8506, 58.278], [6.8542, 58.2793], [6.857, 58.2801]]}}, {"type": "Feature", "properties": {"osm_type": "line", "voltage_kv": 132.0, "name": "RE_132HL05_6", "avail": 2, "avail_node": "Gylthalsen"}, "geometry": {"type": "LineString", "coordinates": [[8.6057, 63.3139], [8.6056, 63.3134], [8.6054, 63.3125], [8.6052, 63.3117], [8.6049, 63.3104], [8.6045, 63.3087], [8.6041, 63.3071], [8.6036, 63.3049], [8.6035, 63.3047], [8.6032, 63.3032], [8.6031, 63.3028], [8.6015, 63.3013], [8.6012, 63.301], [8.6009, 63.3007], [8.5997, 63.2996], [8.5986, 63.2985], [8.5979, 63.2978], [8.597, 63.2975], [8.5958, 63.2969], [8.5944, 63.2964], [8.5921, 63.2954], [8.5896, 63.2943], [8.5879, 63.2936], [8.585, 63.2924], [8.5828, 63.2915], [8.5803, 63.2904], [8.5775, 63.2892], [8.573, 63.2881], [8.5692, 63.2871], [8.5679, 63.2868], [8.5671, 63.2866], [8.5669, 63.2863], [8.5658, 63.2849], [8.5646, 63.2834], [8.565, 63.2806], [8.5652, 63.2793], [8.5653, 63.2788], [8.5655, 63.2776], [8.5646, 63.2767], [8.5634, 63.2754], [8.5616, 63.2736], [8.5603, 63.2722], [8.5585, 63.2703], [8.5578, 63.2695], [8.556, 63.2676], [8.5544, 63.2659], [8.5533, 63.2648], [8.5527, 63.2642], [8.5525, 63.2639]]}}, {"type": "Feature", "properties": {"osm_type": "line", "voltage_kv": 132.0, "name": "T_Bj\u00f8rsteinen (Grytten) - Kjelbotn", "avail": 13, "avail_node": "B\u00f8"}, "geometry": {"type": "LineString", "coordinates": [[7.5581, 62.4893], [7.5563, 62.4894], [7.5456, 62.4906], [7.54, 62.4912], [7.5361, 62.4917], [7.5321, 62.4921], [7.526, 62.4931], [7.5223, 62.4937], [7.5191, 62.4942], [7.5158, 62.4947], [7.511, 62.4955], [7.5061, 62.4963], [7.5012, 62.4971], [7.4956, 62.498], [7.4897, 62.499], [7.4837, 62.4987], [7.4789, 62.4984], [7.4728, 62.4981], [7.469, 62.4979], [7.464, 62.4976], [7.4605, 62.4975], [7.4565, 62.4972], [7.4522, 62.497], [7.4493, 62.4968], [7.4449, 62.4966], [7.4386, 62.4962], [7.4333, 62.4968], [7.4269, 62.4975], [7.4209, 62.4982], [7.415, 62.4988], [7.4099, 62.4994], [7.4059, 62.4998], [7.4029, 62.5001], [7.4, 62.5005], [7.3973, 62.5006], [7.3943, 62.5009], [7.3921, 62.501], [7.3896, 62.5012], [7.3865, 62.5014], [7.3828, 62.5017], [7.3794, 62.5019], [7.3756, 62.5022], [7.3723, 62.5024], [7.3697, 62.5026], [7.3646, 62.5029], [7.3602, 62.5032], [7.3553, 62.5036], [7.35, 62.5035], [7.3422, 62.5035], [7.3298, 62.5033], [7.3252, 62.5033], [7.3143, 62.5032], [7.3083, 62.5032], [7.2988, 62.5031], [7.2943, 62.5031], [7.2872, 62.503], [7.2824, 62.503], [7.2782, 62.503], [7.2723, 62.5029], [7.268, 62.5029], [7.2628, 62.5028], [7.2593, 62.5028], [7.2568, 62.5028], [7.2522, 62.5028], [7.249, 62.5027], [7.2436, 62.5027], [7.2401, 62.5027], [7.2376, 62.5026], [7.2354, 62.5026], [7.2322, 62.5026], [7.2306, 62.5026], [7.2284, 62.5026], [7.2264, 62.5026], [7.2245, 62.5026], [7.2226, 62.5027], [7.2208, 62.5027], [7.2191, 62.5027], [7.2171, 62.5027], [7.2149, 62.5027], [7.2127, 62.5027], [7.2103, 62.5027], [7.2066, 62.5027], [7.2024, 62.5027], [7.1985, 62.5027], [7.1945, 62.5027], [7.189, 62.5027], [7.1832, 62.5027], [7.1775, 62.5028], [7.1722, 62.5028], [7.1679, 62.5028], [7.1645, 62.5028], [7.1586, 62.5028], [7.1497, 62.5028], [7.1485, 62.5028], [7.1459, 62.5028]]}}, {"type": "Feature", "properties": {"osm_type": "line", "voltage_kv": 300.0, "name": "Tonstad - Ertsmyra L2", "avail": 25, "avail_node": "ERTSMYRA"}, "geometry": {"type": "LineString", "coordinates": [[6.7304, 58.6576], [6.7307, 58.6576], [6.7319, 58.6582], [6.7356, 58.6616], [6.7397, 58.6629], [6.7401, 58.6631], [6.7425, 58.6642], [6.7442, 58.665], [6.7476, 58.6664], [6.7496, 58.6673], [6.7513, 58.6691]]}}, {"type": "Feature", "properties": {"osm_type": "line", "voltage_kv": 300.0, "name": "Bl\u00e5falli - Mauranger", "avail": 5, "avail_node": "Opstveit"}, "geometry": {"type": "LineString", "coordinates": [[6.0137, 59.8655], [6.0155, 59.8665], [6.019, 59.8684], [6.0243, 59.8715], [6.0279, 59.8736], [6.0309, 59.8769], [6.029, 59.8792], [6.0272, 59.8816], [6.023, 59.8869], [6.0218, 59.8884], [6.019, 59.8921], [6.0172, 59.8944], [6.0141, 59.8982], [6.0119, 59.9008], [6.0093, 59.904], [6.007, 59.9068], [6.0069, 59.911], [6.0085, 59.9176], [6.0093, 59.9206], [6.0088, 59.9226], [6.0083, 59.9243], [6.0077, 59.9264], [6.0068, 59.93], [6.0059, 59.9331], [6.005, 59.9368], [6.0046, 59.9381], [6.0039, 59.9406], [6.0032, 59.9433], [6.0024, 59.9462], [6.0016, 59.9493], [6.001, 59.9516], [6.0002, 59.9544], [6.0019, 59.9577], [6.0041, 59.962], [6.0054, 59.9647], [6.0064, 59.9666], [6.0078, 59.9694], [6.0082, 59.9702], [6.0099, 59.9737], [6.0105, 59.9748], [6.0143, 59.9777], [6.0167, 59.9795], [6.0224, 59.9841], [6.021, 59.9857], [6.0196, 59.9874], [6.0191, 59.9879], [6.017, 59.9903], [6.0154, 59.9922], [6.0151, 59.9925], [6.0147, 59.993], [6.0123, 59.9957], [6.0114, 59.9968], [6.0104, 60.0009], [6.0099, 60.0032], [6.0093, 60.0058], [6.0089, 60.0072], [6.0104, 60.0102], [6.0109, 60.0115], [6.0118, 60.0138], [6.0137, 60.0184], [6.0152, 60.0223], [6.0159, 60.0241], [6.0179, 60.029], [6.0185, 60.0311], [6.0191, 60.0332], [6.0196, 60.035], [6.0198, 60.0356], [6.021, 60.0397], [6.0229, 60.0452], [6.0246, 60.0499], [6.0248, 60.0503], [6.0266, 60.0527], [6.0312, 60.0582], [6.0343, 60.0612], [6.0392, 60.0636], [6.0422, 60.065], [6.0477, 60.0677], [6.0497, 60.0687], [6.0579, 60.0707], [6.0607, 60.0714], [6.0701, 60.0738], [6.08, 60.0758], [6.0853, 60.0767], [6.0945, 60.0784], [6.0978, 60.079], [6.105, 60.0803], [6.1089, 60.081], [6.122, 60.084], [6.1251, 60.0848], [6.1291, 60.0859], [6.1348, 60.0873], [6.1403, 60.0886], [6.1436, 60.0894], [6.1476, 60.0904], [6.1586, 60.0931], [6.163, 60.0942], [6.1686, 60.096], [6.1809, 60.1002], [6.1836, 60.1011], [6.1848, 60.1015], [6.1889, 60.1018], [6.1947, 60.1024], [6.1984, 60.1025], [6.2083, 60.1027], [6.21, 60.1027], [6.2156, 60.1048], [6.223, 60.1074], [6.23, 60.1101], [6.2325, 60.1126], [6.2339, 60.1139], [6.2372, 60.1148], [6.2407, 60.1158], [6.243, 60.1162], [6.247, 60.1168], [6.2513, 60.1172], [6.2539, 60.1173], [6.2552, 60.1174], [6.2586, 60.1174], [6.2599, 60.117], [6.2626, 60.1162], [6.2722, 60.1132], [6.2777, 60.1162], [6.2793, 60.117], [6.2836, 60.1191], [6.2854, 60.1197], [6.2931, 60.1218], [6.2946, 60.1221], [6.3048, 60.1242], [6.3103, 60.1253], [6.3135, 60.1259], [6.3203, 60.1279], [6.3213, 60.1282], [6.3228, 60.1286], [6.3234, 60.1288], [6.324, 60.129], [6.3241, 60.1291], [6.3249, 60.1294], [6.3264, 60.1299]]}}, {"type": "Feature", "properties": {"osm_type": "line", "voltage_kv": 420.0, "name": "Kobbvatnet - Salten", "avail": 0}, "geometry": {"type": "LineString", "coordinates": [[15.9939, 67.6357], [15.9951, 67.6353], [15.9954, 67.6333], [15.9961, 67.6293], [16.0005, 67.6231], [16.0013, 67.6215], [16.0005, 67.6208], [15.9991, 67.6122], [15.9985, 67.6082], [15.998, 67.6053], [15.9992, 67.6035], [16.0038, 67.5974], [16.0043, 67.5957], [16.0047, 67.5947], [16.0061, 67.5903], [16.0062, 67.5876], [16.0065, 67.5817], [16.0066, 67.5771], [16.0067, 67.5751], [16.0067, 67.5737], [16.0021, 67.5712], [15.9958, 67.5678], [15.994, 67.5658], [15.9917, 67.5628], [15.99, 67.5605], [15.9884, 67.5582], [15.9877, 67.5573], [15.9809, 67.5475], [15.973, 67.5442], [15.9623, 67.5398], [15.9579, 67.538], [15.9509, 67.5351], [15.9437, 67.5321], [15.9398, 67.5305], [15.936, 67.5289], [15.9339, 67.5265], [15.9317, 67.5241], [15.9281, 67.5201], [15.9252, 67.517], [15.9218, 67.5161], [15.9149, 67.5141], [15.911, 67.513], [15.9039, 67.511], [15.8983, 67.5094], [15.8942, 67.5083], [15.8896, 67.5061], [15.8836, 67.5034], [15.8781, 67.5009], [15.8746, 67.4992], [15.8706, 67.4974], [15.8635, 67.4941], [15.8575, 67.4914], [15.8526, 67.4891], [15.8443, 67.4853], [15.8401, 67.4833], [15.8335, 67.48], [15.8294, 67.4779], [15.8243, 67.4757], [15.8195, 67.4736], [15.8154, 67.4718], [15.8095, 67.4693], [15.8041, 67.4669], [15.7996, 67.465], [15.7929, 67.462], [15.7853, 67.4586], [15.7848, 67.4544], [15.7837, 67.4458], [15.7833, 67.4433], [15.7825, 67.4399], [15.7799, 67.4375], [15.7765, 67.4344], [15.7732, 67.4313], [15.7707, 67.4289], [15.7684, 67.4268], [15.7667, 67.4252], [15.7633, 67.4232], [15.7524, 67.4166], [15.7464, 67.4129], [15.7411, 67.4097], [15.7368, 67.4071], [15.7327, 67.4046], [15.7285, 67.4006], [15.7247, 67.3955], [15.724, 67.3938], [15.7203, 67.3851], [15.7224, 67.3816], [15.7241, 67.3785], [15.726, 67.3751], [15.7256, 67.3731], [15.7251, 67.3713], [15.7242, 67.3678], [15.7231, 67.364], [15.7278, 67.3584], [15.7269, 67.3561], [15.7258, 67.3535], [15.7238, 67.3483], [15.7224, 67.3447], [15.7205, 67.3398], [15.7197, 67.3377], [15.719, 67.3367], [15.7164, 67.3328], [15.7154, 67.3314], [15.7131, 67.3292], [15.7125, 67.3285]]}}, {"type": "Feature", "properties": {"osm_type": "line", "voltage_kv": 300.0, "name": "Tonstad - Ertsmyra L1", "avail": 25, "avail_node": "ERTSMYRA"}, "geometry": {"type": "LineString", "coordinates": [[6.7304, 58.6581], [6.7307, 58.6581], [6.7346, 58.6617], [6.7389, 58.6631], [6.7407, 58.6639], [6.7427, 58.6648], [6.7474, 58.6668], [6.7489, 58.6674], [6.7507, 58.6693], [6.7508, 58.6693]]}}, {"type": "Feature", "properties": {"osm_type": "line", "voltage_kv": 420.0, "name": "Namsos - Ogndal", "avail": 9, "avail_node": "Steinkjer"}, "geometry": {"type": "LineString", "coordinates": [[11.7821, 64.4767], [11.7886, 64.4766], [11.7927, 64.4749], [11.7987, 64.4724], [11.7982, 64.47], [11.7975, 64.4671], [11.7969, 64.4646], [11.7962, 64.4614], [11.7954, 64.4579], [11.7946, 64.4546], [11.7941, 64.4523], [11.7935, 64.4495], [11.7927, 64.4461], [11.7923, 64.4442], [11.792, 64.4431], [11.791, 64.4385], [11.7906, 64.4367], [11.7873, 64.4333], [11.7849, 64.4294], [11.7831, 64.4266], [11.7825, 64.4232], [11.7818, 64.4195], [11.7813, 64.4168], [11.781, 64.4154], [11.7807, 64.4142], [11.7798, 64.4108], [11.7792, 64.4085], [11.7785, 64.4055], [11.7778, 64.4028], [11.7771, 64.3998], [11.7765, 64.3974], [11.7756, 64.3939], [11.7716, 64.3906], [11.7686, 64.3882], [11.7669, 64.3868], [11.7642, 64.3844], [11.761, 64.3815], [11.7574, 64.3784], [11.7533, 64.3747], [11.7507, 64.3724], [11.7468, 64.369], [11.7443, 64.366], [11.742, 64.3633], [11.7387, 64.3608], [11.7343, 64.3575], [11.7292, 64.354], [11.7218, 64.3483], [11.7188, 64.346], [11.7172, 64.3441], [11.714, 64.3405], [11.7091, 64.3351], [11.7047, 64.3301], [11.6987, 64.3261], [11.6952, 64.3237], [11.692, 64.3215], [11.6897, 64.32], [11.6869, 64.3183], [11.6839, 64.3164], [11.6822, 64.3132], [11.6804, 64.3106], [11.6793, 64.309], [11.678, 64.307], [11.6743, 64.3013], [11.6731, 64.2994], [11.6699, 64.2944], [11.6671, 64.29], [11.6656, 64.2877], [11.665, 64.2863], [11.6621, 64.2804], [11.6605, 64.2769], [11.6589, 64.2737], [11.6574, 64.2707], [11.6556, 64.2674], [11.6532, 64.2633], [11.6506, 64.2589], [11.6479, 64.2544], [11.6466, 64.2522], [11.643, 64.2462], [11.6412, 64.2431], [11.6397, 64.2406], [11.639, 64.2371], [11.6384, 64.2349], [11.6376, 64.2312], [11.6368, 64.2275], [11.6359, 64.2234], [11.6354, 64.2212], [11.6353, 64.2195], [11.6353, 64.2155], [11.6352, 64.2124], [11.6349, 64.2093], [11.6346, 64.2046], [11.634, 64.1979], [11.6338, 64.1955], [11.6335, 64.1921], [11.6294, 64.1879], [11.6265, 64.185], [11.6231, 64.1816], [11.6198, 64.1782], [11.6171, 64.1755], [11.6149, 64.1737], [11.611, 64.1708], [11.6068, 64.1678], [11.6009, 64.1635], [11.5983, 64.161], [11.5966, 64.1592], [11.5948, 64.1574], [11.591, 64.1535], [11.588, 64.1505], [11.5856, 64.148], [11.5827, 64.1451], [11.5804, 64.1431], [11.5773, 64.1404], [11.5735, 64.1371], [11.5699, 64.134], [11.5656, 64.1303], [11.5618, 64.127], [11.5606, 64.1234], [11.5599, 64.1211], [11.5591, 64.1188], [11.5575, 64.1139], [11.5562, 64.1098], [11.5562, 64.1098], [11.5562, 64.1096], [11.5552, 64.1066], [11.554, 64.103], [11.5589, 64.0978], [11.5591, 64.0975], [11.5613, 64.0951], [11.5647, 64.0915], [11.563, 64.088], [11.5616, 64.0851], [11.5599, 64.0815], [11.5593, 64.0789], [11.5588, 64.0768], [11.5583, 64.0748], [11.5589, 64.071], [11.5665, 64.0684], [11.5726, 64.0662], [11.579, 64.0639], [11.5827, 64.0626], [11.5909, 64.0597], [11.5986, 64.0566], [11.6004, 64.0558], [11.6034, 64.0546], [11.6131, 64.0507], [11.6183, 64.0486], [11.623, 64.0466], [11.6266, 64.0452], [11.6259, 64.0439], [11.6256, 64.0433], [11.6228, 64.0383], [11.6209, 64.0348], [11.6188, 64.0309], [11.6188, 64.0306]]}}, {"type": "Feature", "properties": {"osm_type": "line", "voltage_kv": 132.0, "name": "Adamselv - Tana Bru", "avail": 11, "avail_node": "Tana Bru"}, "geometry": {"type": "LineString", "coordinates": [[26.7043, 70.4093], [26.7047, 70.4093], [26.7094, 70.4094], [26.7192, 70.4095], [26.7262, 70.4095], [26.7309, 70.4096], [26.7348, 70.4085], [26.7369, 70.4079], [26.7392, 70.4073], [26.7392, 70.4055], [26.7393, 70.4037], [26.7393, 70.4022], [26.7393, 70.4005], [26.7394, 70.3994], [26.7394, 70.3977], [26.7395, 70.3952], [26.7395, 70.3941], [26.7396, 70.3917], [26.7396, 70.3899], [26.7396, 70.3888], [26.7403, 70.3877], [26.7414, 70.3859], [26.7428, 70.3832], [26.7437, 70.3816], [26.7453, 70.3787], [26.746, 70.3774], [26.7469, 70.3759], [26.7482, 70.3734], [26.7528, 70.3718], [26.7587, 70.3699], [26.765, 70.3678], [26.7667, 70.3672], [26.7711, 70.3657], [26.7725, 70.3652], [26.7726, 70.3652], [26.7765, 70.3639], [26.7791, 70.363], [26.7842, 70.3613], [26.7894, 70.3596], [26.792, 70.3587], [26.797, 70.357], [26.8006, 70.3558], [26.8036, 70.3548], [26.8064, 70.3538], [26.809, 70.353], [26.8093, 70.3508], [26.8115, 70.3501], [26.8152, 70.349], [26.8169, 70.3485], [26.8222, 70.3469], [26.825, 70.346], [26.8266, 70.3456], [26.8304, 70.3444], [26.8331, 70.3436], [26.835, 70.343], [26.8388, 70.3419], [26.8413, 70.3411], [26.8437, 70.3404], [26.8461, 70.3397], [26.8476, 70.3392], [26.8498, 70.3385], [26.8534, 70.3375], [26.8565, 70.3365], [26.8582, 70.336], [26.86, 70.3354], [26.8632, 70.3349], [26.8668, 70.3342], [26.8693, 70.3338], [26.8729, 70.3331], [26.8758, 70.3313], [26.8777, 70.3301], [26.8792, 70.3295], [26.881, 70.3287], [26.8857, 70.3268], [26.8875, 70.326], [26.8905, 70.3247], [26.8934, 70.3235], [26.8954, 70.3227], [26.8976, 70.3218], [26.8993, 70.3211], [26.9024, 70.3198], [26.904, 70.3191], [26.9063, 70.3181], [26.9093, 70.3169], [26.9112, 70.3161], [26.914, 70.3149], [26.916, 70.3141], [26.9181, 70.3132], [26.9196, 70.3125], [26.9243, 70.3119], [26.9284, 70.3114], [26.9307, 70.3111], [26.9326, 70.3109], [26.9373, 70.3103], [26.9391, 70.31], [26.9426, 70.3096], [26.9464, 70.3092], [26.9492, 70.3088], [26.9533, 70.3084], [26.9591, 70.3077], [26.9623, 70.3074], [26.9653, 70.307], [26.9679, 70.3067], [26.9744, 70.306], [26.9789, 70.3055], [26.9818, 70.3052], [26.986, 70.3047], [26.9894, 70.3043], [26.9953, 70.3036], [26.9976, 70.3034], [27.0016, 70.3029], [27.0045, 70.3026], [27.0076, 70.3023], [27.0101, 70.302], [27.0121, 70.3017], [27.0134, 70.3016], [27.0174, 70.3011], [27.0201, 70.3008], [27.0217, 70.3006], [27.0256, 70.3001], [27.0294, 70.2997], [27.0321, 70.2994], [27.0346, 70.2991], [27.0368, 70.2988], [27.0408, 70.2983], [27.0446, 70.2979], [27.0473, 70.2979], [27.0511, 70.2979], [27.0548, 70.2979], [27.0611, 70.2979], [27.0643, 70.2979], [27.0675, 70.2979], [27.0702, 70.2979], [27.072, 70.2979], [27.0759, 70.2979], [27.0781, 70.2979], [27.0802, 70.2979], [27.0832, 70.2979], [27.0868, 70.2979], [27.0904, 70.2979], [27.0923, 70.2979], [27.0947, 70.2978], [27.1004, 70.2975], [27.1032, 70.2974], [27.107, 70.2972], [27.1104, 70.2971], [27.1133, 70.2969], [27.1163, 70.2968], [27.12, 70.2966], [27.1229, 70.2965], [27.1268, 70.2963], [27.1304, 70.2962], [27.1344, 70.296], [27.1365, 70.2959], [27.1409, 70.2957], [27.1431, 70.2956], [27.1472, 70.2954], [27.1497, 70.2953], [27.1521, 70.2952], [27.1548, 70.2951], [27.1574, 70.2948], [27.1615, 70.2944], [27.1654, 70.294], [27.1692, 70.2936], [27.1719, 70.2934], [27.1744, 70.2931], [27.1785, 70.2927], [27.1823, 70.2923], [27.1861, 70.2919], [27.1899, 70.2916], [27.1922, 70.2916], [27.1954, 70.2916], [27.2, 70.2917], [27.2036, 70.2918], [27.2073, 70.2918], [27.2101, 70.2919], [27.2134, 70.2919], [27.2173, 70.292], [27.2208, 70.2921], [27.2237, 70.2921], [27.2276, 70.2922], [27.2312, 70.2922], [27.2355, 70.2923], [27.2382, 70.2923], [27.2425, 70.2924], [27.2463, 70.2924], [27.2498, 70.2925], [27.2534, 70.2925], [27.2591, 70.2926], [27.2622, 70.2931], [27.2654, 70.2935], [27.2697, 70.2941], [27.2759, 70.295], [27.279, 70.2954], [27.2817, 70.2958], [27.2844, 70.2961], [27.287, 70.2965], [27.2912, 70.2971], [27.2951, 70.2976], [27.2987, 70.2981], [27.301, 70.2984], [27.305, 70.2983], [27.3086, 70.2981], [27.312, 70.298], [27.3146, 70.2979], [27.3186, 70.2978], [27.3221, 70.2976], [27.325, 70.2975], [27.3281, 70.2974], [27.3315, 70.2973], [27.3353, 70.2971], [27.3391, 70.297], [27.3418, 70.2969], [27.3445, 70.2968], [27.348, 70.2966], [27.3505, 70.2965], [27.3537, 70.2964], [27.3565, 70.2963], [27.3594, 70.2962], [27.3624, 70.2961], [27.3654, 70.2959], [27.369, 70.2958], [27.3725, 70.2957], [27.3763, 70.2955], [27.3797, 70.2954], [27.3837, 70.2952], [27.3875, 70.2951], [27.3907, 70.2949], [27.3943, 70.2948], [27.3976, 70.2947], [27.401, 70.2945], [27.4042, 70.2944], [27.4075, 70.2943], [27.4105, 70.2942], [27.4147, 70.294], [27.4181, 70.2939], [27.4215, 70.2937], [27.4247, 70.2936], [27.4283, 70.2935], [27.4317, 70.2933], [27.4357, 70.2932], [27.4397, 70.293], [27.4425, 70.2929], [27.4466, 70.2927], [27.4504, 70.2926], [27.4543, 70.2924], [27.4572, 70.2923], [27.4613, 70.2921], [27.4652, 70.292], [27.4691, 70.2918], [27.4727, 70.2917], [27.4763, 70.2916], [27.4811, 70.2914], [27.4844, 70.2912], [27.4868, 70.2911], [27.4898, 70.291], [27.4927, 70.2909], [27.4975, 70.2907], [27.5021, 70.2905], [27.5054, 70.2904], [27.5082, 70.2903], [27.5121, 70.2901], [27.5146, 70.29], [27.5191, 70.2898], [27.5236, 70.2897], [27.5274, 70.2895], [27.5302, 70.2894], [27.5337, 70.2892], [27.5372, 70.2891], [27.5404, 70.289], [27.5432, 70.2889], [27.5465, 70.2887], [27.5498, 70.2886], [27.5529, 70.2885], [27.5567, 70.2883], [27.5611, 70.2881], [27.5635, 70.288], [27.5679, 70.2879], [27.5712, 70.2877], [27.5745, 70.2876], [27.5777, 70.2875], [27.5811, 70.2873], [27.5849, 70.2872], [27.5891, 70.287], [27.593, 70.2868], [27.5972, 70.2867], [27.6015, 70.2865], [27.6054, 70.2863], [27.6077, 70.2862], [27.6109, 70.2861], [27.6144, 70.286], [27.62, 70.2857], [27.6234, 70.2856], [27.6273, 70.2854], [27.6319, 70.2853], [27.6336, 70.2852], [27.6364, 70.2851], [27.6383, 70.2848], [27.641, 70.2844], [27.6433, 70.284], [27.6487, 70.2831], [27.6525, 70.2825], [27.655, 70.2821], [27.6583, 70.2816], [27.6621, 70.281], [27.6654, 70.2804], [27.6682, 70.28], [27.6724, 70.2793], [27.6752, 70.2788], [27.6778, 70.2784], [27.6809, 70.2779], [27.6839, 70.2774], [27.6869, 70.2769], [27.6896, 70.2765], [27.6927, 70.276], [27.6948, 70.2757], [27.6978, 70.2752], [27.7005, 70.2747], [27.7054, 70.2739], [27.7105, 70.2736], [27.7157, 70.2733], [27.7183, 70.2731], [27.7225, 70.2728], [27.7255, 70.2727], [27.7305, 70.2723], [27.7354, 70.272], [27.7377, 70.2718], [27.7405, 70.2716], [27.744, 70.2714], [27.7481, 70.2715], [27.7512, 70.2716], [27.7537, 70.2716], [27.7574, 70.2717], [27.761, 70.2717], [27.7643, 70.2718], [27.7673, 70.2719], [27.7728, 70.272], [27.7778, 70.2721], [27.7818, 70.2722], [27.7871, 70.2723], [27.7927, 70.2724], [27.7976, 70.2722], [27.801, 70.2721], [27.8052, 70.2719], [27.8088, 70.2718], [27.813, 70.2716], [27.8157, 70.2715], [27.82, 70.2713], [27.8234, 70.2712], [27.8281, 70.271], [27.8309, 70.2709], [27.834, 70.2707], [27.8383, 70.2706], [27.8432, 70.2704], [27.8478, 70.2702], [27.8518, 70.27], [27.8549, 70.2699], [27.8587, 70.2697], [27.8629, 70.2696], [27.8663, 70.2694], [27.8705, 70.2693], [27.8762, 70.269], [27.8795, 70.2685], [27.8837, 70.2678], [27.888, 70.2671], [27.8921, 70.2664], [27.8952, 70.2659], [27.8992, 70.2652], [27.9053, 70.2642], [27.9086, 70.2636], [27.913, 70.2629], [27.9154, 70.2625], [27.9179, 70.2621], [27.9205, 70.2617], [27.9234, 70.2612], [27.9261, 70.2608], [27.9296, 70.2603], [27.9326, 70.2598], [27.9367, 70.2591], [27.9399, 70.2586], [27.9436, 70.2581], [27.9467, 70.2576], [27.9494, 70.2572], [27.9537, 70.2565], [27.9577, 70.2559], [27.9611, 70.2553], [27.9653, 70.2547], [27.9681, 70.2542], [27.9713, 70.2537], [27.9748, 70.2532], [27.9788, 70.2526], [27.9854, 70.2515], [27.9892, 70.2509], [27.9914, 70.2506], [27.9928, 70.2504], [28.0053, 70.2484], [28.0076, 70.248], [28.0144, 70.247], [28.0178, 70.2464], [28.022, 70.2458], [28.0248, 70.2453], [28.0325, 70.2441], [28.0362, 70.2435], [28.0382, 70.2432], [28.041, 70.2428], [28.0444, 70.2422], [28.0461, 70.242], [28.0494, 70.2415], [28.0531, 70.2409], [28.0547, 70.2406], [28.0578, 70.2401], [28.0609, 70.2396], [28.064, 70.2391], [28.0674, 70.2386], [28.0701, 70.2382], [28.0731, 70.2377], [28.0753, 70.2373], [28.0778, 70.2369], [28.0804, 70.2365], [28.0836, 70.236], [28.0864, 70.2355], [28.0891, 70.2351], [28.0928, 70.2345], [28.0957, 70.234], [28.0961, 70.234], [28.0985, 70.2336], [28.0994, 70.2324], [28.0998, 70.2319], [28.1009, 70.2306], [28.1018, 70.2294], [28.1029, 70.2279], [28.1042, 70.2263], [28.1067, 70.223], [28.1075, 70.222], [28.1085, 70.2206], [28.1094, 70.2194], [28.1104, 70.2181], [28.1118, 70.2164], [28.1129, 70.215], [28.1137, 70.2139], [28.1152, 70.2128], [28.1171, 70.2114], [28.1186, 70.2103], [28.1203, 70.209], [28.1222, 70.2076], [28.1238, 70.2065], [28.126, 70.2048], [28.1278, 70.2035], [28.13, 70.2019], [28.1319, 70.2005], [28.1339, 70.199], [28.1385, 70.1984], [28.1415, 70.1979], [28.1453, 70.1974], [28.1481, 70.197], [28.1511, 70.1966], [28.1551, 70.196], [28.16, 70.1954], [28.1654, 70.1947], [28.1697, 70.1942], [28.1714, 70.1942], [28.175, 70.1943], [28.1771, 70.1944], [28.1791, 70.1944]]}}, {"type": "Feature", "properties": {"osm_type": "line", "voltage_kv": 420.0, "name": "Sima - Samnanger", "avail": 0}, "geometry": {"type": "LineString", "coordinates": [[7.1416, 60.5012], [7.1399, 60.5028], [7.1376, 60.5048], [7.1363, 60.5073], [7.1353, 60.5093], [7.1342, 60.5115], [7.1323, 60.5154], [7.1318, 60.5162], [7.1334, 60.5184], [7.1357, 60.5215], [7.1375, 60.524], [7.1375, 60.5257], [7.1374, 60.5314], [7.1374, 60.5329], [7.1374, 60.5356], [7.1374, 60.5378], [7.1366, 60.5385], [7.1338, 60.5408], [7.128, 60.5455], [7.1251, 60.5478], [7.1204, 60.55], [7.1187, 60.5511], [7.1158, 60.5542], [7.1146, 60.5563], [7.1129, 60.5591], [7.112, 60.5608], [7.1119, 60.5631], [7.1118, 60.5657], [7.1116, 60.5685], [7.1116, 60.57], [7.1085, 60.5716], [7.1059, 60.573], [7.1008, 60.5749], [7.092, 60.5769], [7.0837, 60.5788], [7.0824, 60.5791], [7.0783, 60.58], [7.0647, 60.5815], [7.0626, 60.5817], [7.0464, 60.5797], [7.0442, 60.5794], [7.0256, 60.5834], [7.007, 60.5874], [7.0044, 60.5877], [7.0016, 60.588], [6.9963, 60.5886], [6.9904, 60.5893], [6.9831, 60.5901], [6.9801, 60.5904], [6.9759, 60.5903], [6.9721, 60.5903], [6.9688, 60.5902], [6.9666, 60.5901], [6.9622, 60.59], [6.958, 60.59], [6.9541, 60.5899], [6.9437, 60.5897], [6.9404, 60.5896], [6.9341, 60.5895], [6.9293, 60.5903], [6.9204, 60.5919], [6.9146, 60.5929], [6.9101, 60.5937], [6.9082, 60.594], [6.8971, 60.5925], [6.8938, 60.5921], [6.8842, 60.5884], [6.8817, 60.5875], [6.8762, 60.5842], [6.8731, 60.5824], [6.8635, 60.5777], [6.8551, 60.5736], [6.8511, 60.5717], [6.8487, 60.5704], [6.8443, 60.568], [6.8393, 60.5654], [6.8373, 60.563], [6.8357, 60.5612], [6.8344, 60.56], [6.8318, 60.5577], [6.8273, 60.5536], [6.8238, 60.5504], [6.8215, 60.5484], [6.8184, 60.5447], [6.8177, 60.5439], [6.8161, 60.5419], [6.8139, 60.5392], [6.8114, 60.5362], [6.8062, 60.5351], [6.8024, 60.5344], [6.7882, 60.5316], [6.7827, 60.5305], [6.7785, 60.5297], [6.7736, 60.5287], [6.7668, 60.5274], [6.764, 60.5266], [6.7477, 60.5223], [6.7467, 60.522], [6.7436, 60.5212], [6.7406, 60.5188], [6.7342, 60.5105], [6.7329, 60.5088], [6.7308, 60.5083], [6.7272, 60.5074], [6.7195, 60.5067], [6.7178, 60.5063], [6.6924, 60.5055], [6.667, 60.5047], [6.6631, 60.5049], [6.6596, 60.5051], [6.6562, 60.5053], [6.651, 60.5056], [6.6456, 60.5059], [6.6369, 60.5076], [6.6274, 60.5093], [6.6238, 60.51], [6.6203, 60.5096], [6.6165, 60.5092], [6.6112, 60.5086], [6.6073, 60.5081], [6.6037, 60.5062], [6.6001, 60.5042], [6.5973, 60.5027], [6.5862, 60.4967], [6.5835, 60.4952], [6.5796, 60.4931], [6.5747, 60.4904], [6.5705, 60.4881], [6.5686, 60.4871], [6.5658, 60.4856], [6.5627, 60.4846], [6.5581, 60.4831], [6.5535, 60.4817], [6.5386, 60.4804], [6.5359, 60.4782], [6.5339, 60.4766], [6.529, 60.4752], [6.525, 60.4741], [6.5203, 60.4728], [6.5145, 60.4711], [6.5097, 60.4696], [6.5045, 60.468], [6.4969, 60.4657], [6.4935, 60.4646], [6.49, 60.4636], [6.4832, 60.4615], [6.4794, 60.4604], [6.4739, 60.4588], [6.4698, 60.4576], [6.459, 60.4542], [6.4552, 60.453], [6.4515, 60.4519], [6.446, 60.4502], [6.4328, 60.4461], [6.4293, 60.4456], [6.4253, 60.445], [6.4178, 60.4439], [6.4146, 60.4435], [6.4078, 60.4435], [6.4035, 60.4435], [6.397, 60.4435], [6.3941, 60.4435], [6.3878, 60.4444], [6.3834, 60.4451], [6.3765, 60.4461], [6.3737, 60.4465], [6.367, 60.4475], [6.3637, 60.4479], [6.3569, 60.4482], [6.3527, 60.4484], [6.3475, 60.4486], [6.3416, 60.4488], [6.337, 60.449], [6.3302, 60.4488], [6.3258, 60.4486], [6.3202, 60.4485], [6.3149, 60.4483], [6.312, 60.4482], [6.3072, 60.448], [6.303, 60.4479], [6.2993, 60.4474], [6.2935, 60.4468], [6.2905, 60.4463], [6.2865, 60.4457], [6.2843, 60.4455], [6.2787, 60.4463], [6.2746, 60.4468], [6.2704, 60.4474], [6.2669, 60.4477], [6.2616, 60.448], [6.2462, 60.4459], [6.2444, 60.4453], [6.2297, 60.4399], [6.2149, 60.4344], [6.2134, 60.4335], [6.2121, 60.4328], [6.2091, 60.4311], [6.2062, 60.4294], [6.2047, 60.4286], [6.1952, 60.4232], [6.1929, 60.4219], [6.1912, 60.4209], [6.1896, 60.4189], [6.1848, 60.4128], [6.1835, 60.4111], [6.1821, 60.4093], [6.1773, 60.4075], [6.173, 60.4059], [6.1602, 60.4062], [6.1556, 60.4063], [6.1527, 60.4064], [6.1494, 60.4054], [6.1461, 60.4045], [6.1429, 60.4035], [6.1358, 60.4015], [6.1318, 60.4003], [6.1288, 60.3994], [6.1251, 60.3982], [6.1206, 60.3966], [6.1167, 60.3953], [6.1079, 60.3923], [6.1022, 60.3903], [6.0981, 60.3889], [6.0907, 60.3864], [6.0867, 60.3842], [6.0831, 60.3821], [6.0767, 60.3785], [6.0741, 60.377], [6.0716, 60.3754], [6.0689, 60.3736], [6.0656, 60.3714], [6.063, 60.3701], [6.0619, 60.3696], [6.0572, 60.3673], [6.0538, 60.3655], [6.0487, 60.3647], [6.0457, 60.3641], [6.0398, 60.3629], [6.0346, 60.3617], [6.0302, 60.3611], [6.0263, 60.3606], [6.0225, 60.3601], [6.0168, 60.3593], [6.0115, 60.3585], [6.0058, 60.3577], [6.0022, 60.3576], [5.9954, 60.3574], [5.9873, 60.3572], [5.9826, 60.357], [5.9795, 60.3569], [5.9689, 60.3601], [5.9628, 60.3625], [5.9562, 60.3652], [5.9502, 60.3677], [5.9466, 60.3691], [5.9393, 60.3706], [5.9367, 60.3712], [5.9313, 60.3719], [5.9283, 60.3723], [5.9193, 60.3729], [5.9189, 60.3729], [5.9117, 60.3734], [5.9085, 60.3736], [5.9032, 60.374], [5.8973, 60.3744], [5.8882, 60.375], [5.8777, 60.3765], [5.8723, 60.3773], [5.8687, 60.3778], [5.863, 60.3788], [5.8609, 60.3795], [5.8574, 60.3808], [5.8535, 60.3826], [5.8502, 60.3842], [5.8486, 60.3863], [5.8467, 60.3889], [5.8441, 60.3925], [5.8451, 60.3948], [5.8455, 60.3957], [5.8454, 60.396]]}}, {"type": "Feature", "properties": {"osm_type": "line", "voltage_kv": 300.0, "name": "Balbergskaret - Vang", "avail": 7, "avail_node": "Mesna"}, "geometry": {"type": "LineString", "coordinates": [[10.4531, 61.1621], [10.4553, 61.1614], [10.4634, 61.159], [10.4679, 61.1576], [10.4717, 61.1564], [10.4759, 61.1551], [10.4806, 61.1537], [10.484, 61.1526], [10.4875, 61.1512], [10.4913, 61.1496], [10.4942, 61.1483], [10.4977, 61.1468], [10.5016, 61.1452], [10.5048, 61.1439], [10.5059, 61.1434], [10.5061, 61.1433], [10.5114, 61.1411], [10.517, 61.1387], [10.523, 61.1362], [10.5286, 61.1338], [10.5355, 61.1309], [10.5401, 61.129], [10.5454, 61.1274], [10.5515, 61.1255], [10.5577, 61.1236], [10.5655, 61.1212], [10.5709, 61.1195], [10.5753, 61.1176], [10.5803, 61.1154], [10.584, 61.1138], [10.5859, 61.113], [10.5904, 61.111], [10.596, 61.1086], [10.6011, 61.1064], [10.6056, 61.1044], [10.6092, 61.1028], [10.6135, 61.101], [10.6182, 61.0989], [10.6218, 61.0974], [10.6289, 61.0943], [10.6376, 61.0905], [10.6478, 61.0861], [10.6522, 61.085], [10.6524, 61.085], [10.6527, 61.0849], [10.657, 61.0841], [10.6638, 61.0829], [10.6697, 61.0819], [10.6767, 61.0806], [10.683, 61.0795], [10.6885, 61.0785], [10.6944, 61.0774], [10.6995, 61.0765], [10.7046, 61.0749], [10.711, 61.0729], [10.7166, 61.0711], [10.7228, 61.0692], [10.7286, 61.0673], [10.7338, 61.0657], [10.7404, 61.0636], [10.7446, 61.0623], [10.7492, 61.0609], [10.7546, 61.0592], [10.7594, 61.0577], [10.7633, 61.0565], [10.7668, 61.0554], [10.771, 61.0541], [10.7773, 61.0521], [10.7818, 61.0507], [10.7867, 61.0491], [10.7928, 61.0472], [10.7991, 61.0452], [10.7996, 61.045], [10.8053, 61.0433], [10.8113, 61.0414], [10.8175, 61.0394], [10.8232, 61.0376], [10.8234, 61.0376], [10.8293, 61.0357], [10.8346, 61.0341], [10.8393, 61.0326], [10.8446, 61.0309], [10.8493, 61.0294], [10.8549, 61.0277], [10.8608, 61.0258], [10.8648, 61.0245], [10.8657, 61.0243], [10.8715, 61.0224], [10.8768, 61.0216], [10.8835, 61.0206], [10.8907, 61.0195], [10.8965, 61.0187], [10.9021, 61.0178], [10.9082, 61.0169], [10.9162, 61.0157], [10.9222, 61.0148], [10.929, 61.0137], [10.9354, 61.0128], [10.9407, 61.012], [10.9474, 61.011], [10.9527, 61.0101], [10.9573, 61.0081], [10.9628, 61.0058], [10.9672, 61.0039], [10.9723, 61.0016], [10.9781, 60.9992], [10.9829, 60.9971], [10.9882, 60.9947], [10.9931, 60.9927], [10.9982, 60.9904], [11.0026, 60.9885], [11.0077, 60.9863], [11.013, 60.984], [11.0176, 60.982], [11.0226, 60.9798], [11.027, 60.9779], [11.0331, 60.9753], [11.0383, 60.973], [11.0438, 60.9706], [11.0485, 60.9686], [11.0545, 60.966], [11.0597, 60.9637], [11.0635, 60.962], [11.0671, 60.9605], [11.071, 60.9588], [11.0743, 60.9572], [11.0773, 60.9558], [11.0807, 60.9542], [11.0848, 60.9522], [11.0886, 60.9504], [11.0915, 60.949], [11.0948, 60.9474], [11.0988, 60.9455], [11.1025, 60.9437], [11.1071, 60.9415], [11.1122, 60.939], [11.1162, 60.9371], [11.121, 60.9348], [11.1277, 60.9316], [11.1348, 60.9282], [11.1385, 60.9264], [11.1419, 60.9248], [11.146, 60.9228], [11.1509, 60.9205], [11.1554, 60.9183], [11.1588, 60.9167], [11.162, 60.9151], [11.1657, 60.9133], [11.1701, 60.9112], [11.1735, 60.9096], [11.1773, 60.9078], [11.1807, 60.9061], [11.1849, 60.9049], [11.1894, 60.9036], [11.1947, 60.9021], [11.1994, 60.9007], [11.204, 60.8994], [11.2087, 60.898], [11.2134, 60.8967], [11.2176, 60.8955], [11.2206, 60.8946], [11.2222, 60.8941], [11.2283, 60.8923], [11.2341, 60.8905], [11.2391, 60.889], [11.2458, 60.887], [11.2522, 60.885], [11.2579, 60.8833], [11.2628, 60.8818], [11.2634, 60.879], [11.2642, 60.8755], [11.265, 60.8722], [11.2658, 60.8688], [11.2666, 60.8651], [11.2666, 60.8649], [11.2675, 60.8612], [11.2684, 60.8573], [11.2692, 60.8536], [11.2701, 60.8497], [11.2709, 60.8459], [11.2709, 60.8419], [11.2701, 60.8385], [11.2701, 60.8383]]}}, {"type": "Feature", "properties": {"osm_type": "line", "voltage_kv": 420.0, "name": "Verdal - Kl\u00e6bu", "avail": 24, "avail_node": "Vestbyen"}, "geometry": {"type": "LineString", "coordinates": [[11.5022, 63.7503], [11.5021, 63.7498], [11.502, 63.7493], [11.5018, 63.7483], [11.5008, 63.744], [11.5, 63.7407], [11.4993, 63.7376], [11.4987, 63.7345], [11.4961, 63.7314], [11.4936, 63.7283], [11.4915, 63.7259], [11.4914, 63.7257], [11.4901, 63.7241], [11.4877, 63.7212], [11.4857, 63.7187], [11.4832, 63.7157], [11.4827, 63.7151], [11.4823, 63.7147], [11.4806, 63.7126], [11.478, 63.7093], [11.4743, 63.7048], [11.4716, 63.7016], [11.4688, 63.6982], [11.4662, 63.6949], [11.4641, 63.6939], [11.4622, 63.6929], [11.4619, 63.6927], [11.4604, 63.6915], [11.4589, 63.6904], [11.4535, 63.6861], [11.4477, 63.6816], [11.4433, 63.6784], [11.4389, 63.6753], [11.4334, 63.6714], [11.4275, 63.6671], [11.422, 63.6631], [11.4165, 63.6592], [11.4129, 63.6566], [11.4079, 63.653], [11.4042, 63.6503], [11.4002, 63.6474], [11.3965, 63.6448], [11.3921, 63.6416], [11.3876, 63.6384], [11.3823, 63.6345], [11.3765, 63.6303], [11.3722, 63.6272], [11.3671, 63.6235], [11.3635, 63.621], [11.3542, 63.6188], [11.3502, 63.618], [11.3488, 63.6176], [11.3433, 63.6164], [11.3266, 63.6126], [11.3202, 63.6112], [11.3153, 63.61], [11.3114, 63.6091], [11.3037, 63.6074], [11.2907, 63.6045], [11.2863, 63.6036], [11.2813, 63.6003], [11.2741, 63.5956], [11.2706, 63.5934], [11.2663, 63.5906], [11.2587, 63.5857], [11.2543, 63.583], [11.2493, 63.58], [11.2441, 63.5768], [11.2397, 63.5741], [11.2351, 63.5713], [11.2291, 63.5677], [11.2239, 63.5645], [11.2162, 63.5598], [11.2128, 63.5577], [11.2054, 63.5532], [11.1996, 63.5497], [11.195, 63.5469], [11.1916, 63.5448], [11.188, 63.5426], [11.1818, 63.5389], [11.1773, 63.5361], [11.1676, 63.5302], [11.1587, 63.5248], [11.1563, 63.5233], [11.1519, 63.5207], [11.1505, 63.5198], [11.144, 63.5162], [11.1384, 63.5131], [11.1333, 63.5102], [11.1286, 63.5076], [11.1249, 63.5055], [11.1195, 63.5038], [11.1194, 63.5038], [11.1188, 63.5036], [11.1179, 63.5034], [11.1129, 63.5017], [11.1097, 63.4999], [11.1051, 63.4972], [11.1008, 63.4947], [11.0953, 63.4915], [11.0895, 63.4881], [11.0854, 63.4861], [11.0802, 63.4835], [11.0723, 63.4796], [11.068, 63.4774], [11.0626, 63.4747], [11.0549, 63.4709], [11.0512, 63.469], [11.0505, 63.4682], [11.0503, 63.4679], [11.0489, 63.4662], [11.0456, 63.4622], [11.0422, 63.458], [11.0387, 63.4537], [11.0377, 63.4524], [11.0349, 63.449], [11.0312, 63.4447], [11.0296, 63.4429], [11.0287, 63.4418], [11.0254, 63.438], [11.0252, 63.4378], [11.0228, 63.4349], [11.0182, 63.4296], [11.0161, 63.4272], [11.0116, 63.4249], [11.0063, 63.4222], [11.0033, 63.4209], [11.0003, 63.4195], [10.9972, 63.4181], [10.993, 63.4162], [10.9909, 63.4141], [10.9895, 63.4127], [10.9858, 63.4089], [10.9834, 63.4065], [10.9806, 63.4041], [10.9777, 63.4018], [10.9704, 63.3972], [10.9674, 63.3953], [10.9674, 63.3953], [10.967, 63.395], [10.9666, 63.3948], [10.9622, 63.3921], [10.9589, 63.39], [10.9542, 63.3888], [10.9489, 63.3875], [10.9426, 63.386], [10.9354, 63.3843], [10.929, 63.3828], [10.9242, 63.3816], [10.919, 63.3801], [10.9143, 63.3788], [10.9098, 63.3775], [10.9023, 63.3754], [10.8966, 63.3737], [10.8925, 63.3726], [10.8883, 63.3714], [10.8795, 63.3688], [10.8713, 63.3665], [10.8677, 63.3655], [10.863, 63.3641], [10.8585, 63.364], [10.8518, 63.364], [10.8443, 63.364], [10.8385, 63.364], [10.8343, 63.364], [10.8279, 63.3639], [10.8205, 63.3639], [10.813, 63.363], [10.8034, 63.3619], [10.7966, 63.361], [10.7914, 63.3604], [10.7855, 63.3597], [10.7779, 63.3585], [10.7739, 63.3579], [10.7668, 63.3568], [10.7614, 63.3559], [10.7551, 63.3554], [10.7493, 63.3549], [10.7423, 63.3543], [10.7339, 63.3536], [10.7282, 63.3531], [10.7196, 63.3523], [10.7078, 63.3506], [10.7032, 63.3488], [10.6979, 63.3466], [10.6921, 63.3439], [10.6869, 63.3415], [10.6816, 63.339], [10.6746, 63.3358], [10.6685, 63.333], [10.665, 63.3321], [10.6526, 63.3291], [10.6504, 63.3291], [10.6392, 63.3293], [10.6244, 63.3306], [10.6203, 63.3309], [10.6152, 63.3312], [10.6052, 63.3318], [10.5962, 63.3324], [10.589, 63.3328], [10.5817, 63.3326], [10.5704, 63.3324], [10.5597, 63.332], [10.5491, 63.3317], [10.531, 63.3312], [10.5271, 63.3312], [10.5225, 63.3313], [10.5145, 63.3314], [10.5141, 63.3314], [10.513, 63.3314], [10.5017, 63.3315], [10.4995, 63.3315], [10.4995, 63.3315], [10.4935, 63.3316], [10.4881, 63.3316], [10.4777, 63.3317], [10.4738, 63.3313], [10.4725, 63.3311], [10.4705, 63.3309], [10.4697, 63.3308], [10.4597, 63.3298], [10.4542, 63.3292], [10.4494, 63.3287], [10.4378, 63.3276], [10.4326, 63.3282], [10.4317, 63.3283], [10.4309, 63.3281], [10.4294, 63.3278], [10.4254, 63.327], [10.4236, 63.327]]}}, {"type": "Feature", "properties": {"osm_type": "line", "voltage_kv": 132.0, "name": "RE_132HL02_5", "avail": 8, "avail_node": "Nordheim"}, "geometry": {"type": "LineString", "coordinates": [[8.1607, 63.2027], [8.1711, 63.2054]]}}, {"type": "Feature", "properties": {"osm_type": "line", "voltage_kv": 420.0, "name": "Salten - Svartisen", "avail": 0}, "geometry": {"type": "LineString", "coordinates": [[15.7089, 67.3236], [15.7082, 67.323], [15.7065, 67.3216]]}}, {"type": "Feature", "properties": {"osm_type": "line", "voltage_kv": 420.0, "name": "Salten - Svartisen", "avail": 47, "avail_node": "Sundsfjord"}, "geometry": {"type": "LineString", "coordinates": [[15.7065, 67.3216], [15.7032, 67.3197], [15.7021, 67.319], [15.7011, 67.3184], [15.6993, 67.3173], [15.6931, 67.3147], [15.6892, 67.3128], [15.6849, 67.3109], [15.681, 67.309], [15.6765, 67.3054], [15.6737, 67.3032], [15.6666, 67.2974], [15.6623, 67.2939], [15.6594, 67.2916], [15.6543, 67.2874], [15.6509, 67.2847], [15.6458, 67.2806], [15.6392, 67.2752], [15.6383, 67.2745], [15.6367, 67.2719], [15.6341, 67.2681], [15.6312, 67.2636], [15.63, 67.2617], [15.6298, 67.2601], [15.6296, 67.2562], [15.6282, 67.2529], [15.6267, 67.2492], [15.6247, 67.245], [15.6227, 67.2407], [15.6226, 67.2405], [15.6223, 67.2399], [15.6191, 67.2364], [15.6173, 67.2346], [15.6148, 67.2319], [15.6147, 67.2318], [15.6111, 67.228], [15.6053, 67.2219], [15.6025, 67.219], [15.6008, 67.2175], [15.5955, 67.2132], [15.5877, 67.2084], [15.5833, 67.2057], [15.5784, 67.2027], [15.5727, 67.1993], [15.5705, 67.1979], [15.5616, 67.191], [15.5549, 67.1858], [15.5482, 67.1806], [15.5457, 67.1787], [15.5416, 67.1755], [15.5362, 67.1715], [15.5337, 67.1696], [15.5309, 67.1675], [15.526, 67.1639], [15.519, 67.1586], [15.5147, 67.1554], [15.5086, 67.1508], [15.5057, 67.1486], [15.5031, 67.1466], [15.4999, 67.1442], [15.4956, 67.141], [15.4901, 67.1368], [15.4881, 67.1353], [15.4849, 67.1329], [15.4831, 67.1315], [15.4802, 67.1293], [15.4768, 67.1275], [15.4734, 67.1257], [15.4694, 67.1235], [15.4665, 67.1219], [15.4582, 67.1174], [15.4529, 67.1145], [15.4512, 67.1136], [15.4502, 67.1121], [15.4432, 67.1062], [15.4362, 67.1003], [15.4347, 67.0995], [15.4274, 67.0936], [15.4215, 67.0927], [15.4173, 67.0921], [15.4143, 67.0913], [15.4081, 67.0898], [15.4045, 67.089], [15.3939, 67.0872], [15.3895, 67.0854], [15.3889, 67.0851], [15.3835, 67.0829], [15.3828, 67.0827], [15.3827, 67.0827], [15.3772, 67.081], [15.3708, 67.0791], [15.3657, 67.0776], [15.357, 67.075], [15.3365, 67.0747], [15.3297, 67.0754], [15.3194, 67.0755], [15.3129, 67.0755], [15.3071, 67.0756], [15.3001, 67.0756], [15.2942, 67.0755], [15.2838, 67.073], [15.2756, 67.0706], [15.2694, 67.0687], [15.2596, 67.0674], [15.2506, 67.068], [15.2434, 67.067], [15.2377, 67.0663], [15.2311, 67.0654], [15.2229, 67.0643], [15.2143, 67.0632], [15.2099, 67.0626], [15.2032, 67.0609], [15.1959, 67.059], [15.1913, 67.0578], [15.1878, 67.0569], [15.1805, 67.0549], [15.174, 67.0532], [15.1672, 67.0513], [15.1572, 67.0486], [15.1511, 67.047], [15.1455, 67.0455], [15.1388, 67.0444], [15.1305, 67.0431], [15.1233, 67.0439], [15.116, 67.0447], [15.1059, 67.0459], [15.0981, 67.0468], [15.0858, 67.0482], [15.0764, 67.0492], [15.068, 67.0502], [15.0601, 67.051], [15.0513, 67.052], [15.0456, 67.0522], [15.0388, 67.0525], [15.0306, 67.0528], [15.015, 67.0534], [15.007, 67.0536], [14.9925, 67.0546], [14.9873, 67.0549], [14.9789, 67.054], [14.9703, 67.053], [14.9553, 67.0518], [14.9495, 67.0505], [14.9484, 67.0502], [14.9409, 67.0484], [14.9328, 67.0465], [14.9246, 67.0445], [14.9177, 67.0429], [14.9134, 67.0419], [14.9026, 67.0406], [14.897, 67.04], [14.8873, 67.0388], [14.8808, 67.0381], [14.8716, 67.037], [14.8654, 67.0363], [14.8594, 67.0356], [14.8536, 67.035], [14.8472, 67.0342], [14.8414, 67.0335], [14.833, 67.0326], [14.827, 67.0319], [14.82, 67.0311], [14.8136, 67.0303], [14.8055, 67.0294], [14.7959, 67.0283], [14.7879, 67.0273], [14.7798, 67.0264], [14.7719, 67.0255], [14.7646, 67.0246], [14.7567, 67.0237], [14.75, 67.0231], [14.7446, 67.0226], [14.7367, 67.0219], [14.7318, 67.0215], [14.7212, 67.0205], [14.7133, 67.0198], [14.7034, 67.0189], [14.6973, 67.0175], [14.6895, 67.0157], [14.6827, 67.0141], [14.6767, 67.0128], [14.6715, 67.0116], [14.6648, 67.0101], [14.6604, 67.0091], [14.6482, 67.0063], [14.6463, 67.0049], [14.6384, 66.9993], [14.6382, 66.9992], [14.6342, 66.9963], [14.6293, 66.993], [14.6257, 66.9906], [14.6174, 66.9898], [14.6145, 66.9895], [14.6062, 66.9906], [14.6021, 66.9912], [14.5928, 66.9926], [14.5855, 66.9936], [14.5787, 66.9946], [14.57, 66.9958], [14.5626, 66.9969], [14.5535, 66.9994], [14.5445, 67.0018], [14.5413, 67.0025], [14.5198, 67.0067], [14.5053, 67.0067], [14.4972, 67.0067], [14.4921, 67.0057], [14.4853, 67.0044], [14.4797, 67.0032], [14.4723, 67.0018], [14.4634, 67.0], [14.4613, 66.999], [14.4581, 66.9976], [14.4494, 66.9937], [14.4469, 66.9925], [14.4451, 66.99], [14.442, 66.9856], [14.439, 66.9814], [14.4369, 66.9785], [14.437, 66.9764], [14.437, 66.9762], [14.4371, 66.9732], [14.4372, 66.9711], [14.4318, 66.9673], [14.4299, 66.966], [14.4259, 66.9631], [14.4205, 66.9593], [14.4151, 66.9554], [14.4135, 66.9543], [14.4108, 66.9524], [14.4044, 66.9478], [14.4007, 66.9452], [14.3981, 66.9434], [14.3916, 66.9425], [14.3887, 66.9421], [14.3803, 66.9409], [14.3716, 66.9396], [14.3637, 66.9373], [14.3542, 66.9345], [14.3464, 66.9323], [14.3408, 66.9314], [14.3353, 66.9306], [14.3305, 66.9299], [14.3236, 66.9288], [14.3149, 66.9273], [14.3088, 66.9263], [14.2966, 66.9263], [14.2897, 66.9263], [14.2815, 66.9262], [14.2726, 66.9262], [14.2601, 66.9261], [14.2539, 66.9265], [14.2488, 66.9268], [14.2386, 66.9275], [14.2316, 66.9279], [14.2216, 66.9285], [14.2089, 66.9293], [14.2054, 66.926], [14.2009, 66.9208], [14.1984, 66.9177], [14.1961, 66.9151], [14.1892, 66.9101], [14.186, 66.9078], [14.1829, 66.9056], [14.1771, 66.9014], [14.1737, 66.899], [14.1692, 66.8952], [14.1661, 66.8926], [14.1552, 66.8899], [14.1478, 66.8876], [14.1396, 66.8838], [14.1298, 66.8793], [14.124, 66.8766], [14.1111, 66.8747], [14.1062, 66.8739], [14.0896, 66.8714], [14.0816, 66.8703], [14.076, 66.8694], [14.0711, 66.8687], [14.0667, 66.8675], [14.0523, 66.8636], [14.0477, 66.8624], [14.0466, 66.8621], [14.0393, 66.86], [14.0324, 66.858], [14.0225, 66.8562], [14.012, 66.8542], [14.0027, 66.8525], [13.9969, 66.8485], [13.9935, 66.847], [13.9817, 66.8411], [13.9782, 66.8393], [13.9734, 66.8374], [13.9674, 66.835], [13.9619, 66.8328], [13.9518, 66.8299], [13.947, 66.8269], [13.9447, 66.8256], [13.9426, 66.8243], [13.9355, 66.8219], [13.9313, 66.8205], [13.9242, 66.8181], [13.9198, 66.8166], [13.9052, 66.8117], [13.9041, 66.8113], [13.8919, 66.8068], [13.8797, 66.8023], [13.8675, 66.7978], [13.8553, 66.7933], [13.8531, 66.793], [13.8438, 66.7887], [13.8345, 66.7844], [13.8288, 66.7816], [13.822, 66.7783], [13.822, 66.7768], [13.8222, 66.7744], [13.8226, 66.7716], [13.8228, 66.7697], [13.8222, 66.7688], [13.8212, 66.7674], [13.8208, 66.7549], [13.8338, 66.7499], [13.8374, 66.7486], [13.846, 66.7453], [13.8492, 66.7441], [13.8539, 66.7423], [13.87, 66.74], [13.8837, 66.7386], [13.8997, 66.7355], [13.9087, 66.734], [13.9112, 66.7325]]}}, {"type": "Feature", "properties": {"osm_type": "line", "voltage_kv": 132.0, "name": "T_Langskr\u00e5bekken (Straumsmo) - Bardufoss, L1", "avail": 1, "avail_node": "Bardu"}, "geometry": {"type": "LineString", "coordinates": [[18.424, 68.8872], [18.424, 68.8899], [18.4239, 68.8928], [18.4239, 68.8953], [18.4256, 68.898], [18.4272, 68.9006], [18.4285, 68.9025], [18.4296, 68.9043], [18.4296, 68.9044], [18.4312, 68.905], [18.4341, 68.906], [18.4399, 68.908], [18.4446, 68.9096], [18.4479, 68.911], [18.4511, 68.9123], [18.4554, 68.9143], [18.4594, 68.9161], [18.4657, 68.919], [18.4666, 68.9194], [18.4702, 68.921], [18.475, 68.9232], [18.4812, 68.926], [18.486, 68.9283], [18.4876, 68.9312], [18.4893, 68.9345], [18.4907, 68.9372], [18.4923, 68.9403], [18.4937, 68.9429], [18.4952, 68.9458], [18.4963, 68.9487], [18.4974, 68.9518], [18.4987, 68.955], [18.4994, 68.957], [18.4999, 68.9582], [18.5005, 68.96], [18.5007, 68.9605], [18.5014, 68.9623], [18.5054, 68.9648], [18.5094, 68.9674], [18.5128, 68.9695], [18.5169, 68.9721], [18.5208, 68.9745], [18.5256, 68.9776], [18.5289, 68.9796], [18.5323, 68.9818], [18.5338, 68.9843], [18.5351, 68.9865], [18.5374, 68.9904], [18.5375, 68.9906], [18.539, 68.9932], [18.5397, 68.9944], [18.541, 68.9967], [18.542, 68.9983], [18.5441, 69.0018], [18.5444, 69.0023], [18.5454, 69.004], [18.548, 69.0085], [18.5486, 69.0089], [18.5521, 69.0112], [18.5582, 69.0151], [18.5594, 69.0158], [18.5618, 69.0173], [18.5675, 69.0209], [18.5682, 69.0214], [18.5723, 69.024], [18.5744, 69.0253], [18.5767, 69.0268], [18.5811, 69.029], [18.5838, 69.0304], [18.5863, 69.0316]]}}, {"type": "Feature", "properties": {"osm_type": "line", "voltage_kv": 350.0, "name": "Kristiansand - Kvarenes sk3,", "avail": 17, "avail_node": "LUND"}, "geometry": {"type": "LineString", "coordinates": [[7.9038, 58.2606], [7.9056, 58.2592], [7.9058, 58.2591], [7.9064, 58.2586], [7.9065, 58.2586], [7.9089, 58.2572], [7.9122, 58.2555], [7.9128, 58.2535], [7.9137, 58.2501], [7.9141, 58.2485], [7.9147, 58.2449], [7.9154, 58.2429], [7.9171, 58.2384], [7.9185, 58.2358], [7.9193, 58.2337], [7.92, 58.2318], [7.9276, 58.2303], [7.9301, 58.2299], [7.9353, 58.2288], [7.9373, 58.2284], [7.9384, 58.2282], [7.9447, 58.2273], [7.9481, 58.2268], [7.9515, 58.2262], [7.9558, 58.2254], [7.962, 58.2243], [7.9653, 58.2237], [7.9708, 58.2225], [7.9783, 58.2216], [7.9858, 58.2209], [7.9903, 58.2205], [7.9939, 58.2202], [8.0025, 58.2194], [8.0033, 58.2193], [8.0066, 58.219], [8.0133, 58.2193], [8.0195, 58.2197], [8.0206, 58.2197], [8.0254, 58.221], [8.0331, 58.2229], [8.0343, 58.2232], [8.0374, 58.224], [8.0494, 58.225], [8.052, 58.2253], [8.0546, 58.2255], [8.0576, 58.2258], [8.0629, 58.2263], [8.0652, 58.2265], [8.0725, 58.2272], [8.0728, 58.2273], [8.0729, 58.2273], [8.0735, 58.2273], [8.0828, 58.2296], [8.0852, 58.2302], [8.0882, 58.2305], [8.0919, 58.2309], [8.0965, 58.2314], [8.101, 58.2319], [8.1055, 58.2309], [8.1086, 58.23], [8.1128, 58.2289], [8.1145, 58.2284], [8.1145, 58.2284], [8.1172, 58.2276], [8.1174, 58.2276], [8.123, 58.2262], [8.124, 58.2259], [8.1275, 58.225], [8.1281, 58.2217], [8.1287, 58.2187], [8.1291, 58.2164], [8.1311, 58.2135], [8.1331, 58.2108], [8.1355, 58.2073], [8.1377, 58.204], [8.1393, 58.2019], [8.1414, 58.1992], [8.1444, 58.1955], [8.146, 58.1941], [8.1497, 58.1913], [8.1515, 58.1899], [8.1542, 58.1879], [8.1568, 58.186], [8.1568, 58.186], [8.1581, 58.184], [8.1594, 58.182], [8.1604, 58.1804], [8.1618, 58.1783], [8.1605, 58.1757], [8.1584, 58.1712], [8.1577, 58.1689], [8.1571, 58.1675], [8.1562, 58.1646], [8.1552, 58.1618], [8.1545, 58.1592], [8.155, 58.1549], [8.1553, 58.1532], [8.1558, 58.1502], [8.1561, 58.148], [8.1565, 58.1449], [8.157, 58.142], [8.1574, 58.1378], [8.1575, 58.137], [8.1577, 58.1343], [8.1578, 58.1332], [8.1618, 58.1308], [8.163, 58.1307]]}}, {"type": "Feature", "properties": {"osm_type": "line", "voltage_kv": 420.0, "name": "Halden - Loviseholm", "avail": 21, "avail_node": "Gyldenl\u00f8ve"}, "geometry": {"type": "LineString", "coordinates": [[11.4195, 59.1229], [11.4196, 59.1229], [11.4212, 59.1225], [11.4212, 59.1225], [11.4212, 59.1225], [11.4232, 59.1219], [11.4272, 59.1208], [11.4366, 59.1181], [11.4414, 59.1166], [11.4455, 59.1153], [11.4458, 59.1153], [11.4461, 59.1151], [11.4478, 59.1139], [11.4498, 59.1125], [11.4531, 59.1102], [11.4539, 59.1096], [11.4569, 59.1075], [11.4647, 59.102], [11.4675, 59.1001], [11.4716, 59.0972], [11.475, 59.0948], [11.4766, 59.092], [11.4784, 59.0889], [11.4798, 59.0866], [11.4818, 59.0831], [11.4834, 59.0804], [11.4854, 59.077], [11.4868, 59.0745], [11.489, 59.0709], [11.4905, 59.0683], [11.4923, 59.0652], [11.4935, 59.0632], [11.4954, 59.06], [11.4957, 59.0594], [11.497, 59.0572], [11.4987, 59.0544], [11.5025, 59.0516], [11.5063, 59.0488], [11.5099, 59.0461], [11.5134, 59.0436], [11.5146, 59.0407], [11.5159, 59.0376], [11.5169, 59.0352], [11.5182, 59.0323], [11.5183, 59.032], [11.5196, 59.0298], [11.5206, 59.028], [11.5226, 59.0247], [11.5267, 59.0225], [11.5325, 59.0195], [11.5379, 59.0179], [11.5426, 59.0165], [11.5481, 59.015], [11.5547, 59.0131], [11.5572, 59.0123], [11.5578, 59.0091], [11.5583, 59.0064], [11.559, 59.003], [11.5595, 58.9999], [11.5602, 58.9963], [11.5608, 58.9933], [11.5614, 58.9912], [11.5614, 58.9909], [11.5622, 58.9885], [11.563, 58.986], [11.5639, 58.9833], [11.5649, 58.9803], [11.5662, 58.9762], [11.5672, 58.9732], [11.5682, 58.9699], [11.5691, 58.9673], [11.5699, 58.965], [11.571, 58.9616], [11.572, 58.9584], [11.5722, 58.9577], [11.573, 58.9553], [11.5742, 58.9515], [11.5748, 58.9496], [11.5765, 58.9481], [11.5792, 58.9457], [11.5816, 58.9435], [11.5849, 58.9405], [11.5875, 58.9381], [11.5914, 58.9346], [11.5915, 58.9344], [11.5953, 58.931], [11.5977, 58.9289], [11.5999, 58.9268], [11.6022, 58.9247], [11.6043, 58.9228], [11.607, 58.9203], [11.6102, 58.9174], [11.6128, 58.915], [11.6161, 58.912], [11.6192, 58.9092], [11.6212, 58.9073], [11.6232, 58.9055], [11.6242, 58.9047]]}}, {"type": "Feature", "properties": {"osm_type": "line", "voltage_kv": 300.0, "name": "Sylling - Hamang, L1", "avail": 28, "avail_node": "Bj\u00f8rneg\u00e5rd"}, "geometry": {"type": "LineString", "coordinates": [[10.2206, 59.8676], [10.2216, 59.8679], [10.2225, 59.868], [10.2228, 59.8681], [10.2274, 59.869], [10.2313, 59.8698], [10.2317, 59.8698], [10.2356, 59.8695], [10.2405, 59.8691], [10.2472, 59.8691], [10.2555, 59.8705], [10.2558, 59.8706], [10.2609, 59.8714], [10.2664, 59.8723], [10.2728, 59.8731], [10.2801, 59.874], [10.2835, 59.8749], [10.2851, 59.8753], [10.2902, 59.8767], [10.2956, 59.8781], [10.2981, 59.8788], [10.2988, 59.879], [10.3072, 59.8789], [10.3106, 59.8789], [10.3148, 59.8789], [10.323, 59.8788], [10.3287, 59.8788], [10.3351, 59.8787], [10.3445, 59.8787], [10.3473, 59.8786], [10.3528, 59.8786], [10.3574, 59.8786], [10.3612, 59.8786], [10.3667, 59.8796], [10.3699, 59.8802], [10.3702, 59.8802], [10.3713, 59.8805], [10.3753, 59.8813], [10.3779, 59.8818], [10.3812, 59.8822], [10.3838, 59.8825], [10.3893, 59.8832], [10.3933, 59.8837], [10.3978, 59.8842], [10.4022, 59.8848], [10.4053, 59.8852], [10.4111, 59.8859], [10.4141, 59.8862], [10.4177, 59.8867], [10.4222, 59.8872], [10.427, 59.8878], [10.4333, 59.8886], [10.4371, 59.8891], [10.4395, 59.8894], [10.4444, 59.89], [10.4484, 59.8914], [10.4512, 59.8929], [10.4543, 59.8946], [10.4556, 59.8952], [10.4567, 59.8958], [10.4613, 59.8966], [10.4647, 59.8971], [10.469, 59.8978], [10.4733, 59.8985], [10.4768, 59.8991], [10.479, 59.8995], [10.4811, 59.8994], [10.485, 59.8984], [10.4886, 59.8979], [10.4928, 59.8976], [10.4929, 59.8976]]}}, {"type": "Feature", "properties": {"osm_type": "line", "voltage_kv": 132.0, "name": "132 HAUGEN-LEIVDAL", "avail": 27, "avail_node": "Volda 11 og 22"}, "geometry": {"type": "LineString", "coordinates": [[6.2188, 62.1628], [6.2137, 62.161], [6.2113, 62.1601], [6.208, 62.1589], [6.1931, 62.1494], [6.1929, 62.1492], [6.1908, 62.1463], [6.187, 62.1411], [6.183, 62.1328], [6.1797, 62.1237], [6.172, 62.1168], [6.1725, 62.1134], [6.177, 62.1077], [6.1788, 62.0974], [6.1815, 62.0816], [6.1825, 62.0759], [6.1843, 62.0758], [6.1868, 62.075], [6.1883, 62.0745], [6.1944, 62.0703], [6.2199, 62.0527], [6.2236, 62.0451], [6.2191, 62.0401], [6.2045, 62.0362], [6.1898, 62.0297], [6.1789, 62.0229], [6.1806, 62.0109], [6.1797, 62.0065]]}}, {"type": "Feature", "properties": {"osm_type": "line", "voltage_kv": 420.0, "name": "Lyse - Fagrafjell", "avail": 2, "avail_node": "Moen trafostasjon"}, "geometry": {"type": "LineString", "coordinates": [[6.6595, 59.0606], [6.6562, 59.0622], [6.653, 59.0637], [6.6496, 59.0652], [6.6493, 59.0652], [6.6465, 59.065], [6.6453, 59.0649], [6.6373, 59.0642], [6.6342, 59.064], [6.6265, 59.0633], [6.6191, 59.0638], [6.6132, 59.0641], [6.6067, 59.0645], [6.6011, 59.0648], [6.594, 59.0653], [6.5901, 59.0655], [6.5843, 59.0659], [6.5828, 59.066], [6.5778, 59.0668], [6.573, 59.0676], [6.5653, 59.0689], [6.5608, 59.0683], [6.5542, 59.0674], [6.5501, 59.0669], [6.545, 59.0662], [6.5385, 59.0654], [6.5345, 59.0652], [6.529, 59.065], [6.5214, 59.0643], [6.5211, 59.0643], [6.5155, 59.0637], [6.5152, 59.0637], [6.5085, 59.0629], [6.5007, 59.0621], [6.4963, 59.0616], [6.4899, 59.0598], [6.4823, 59.0574], [6.4758, 59.0553], [6.4709, 59.0537], [6.4638, 59.0515], [6.4597, 59.0502], [6.4538, 59.0485], [6.4476, 59.0468], [6.4414, 59.0451], [6.4364, 59.0437], [6.431, 59.0421], [6.4266, 59.0409], [6.4221, 59.0397], [6.418, 59.0387], [6.4177, 59.0386], [6.4129, 59.0375], [6.4073, 59.0363], [6.4013, 59.0356], [6.3971, 59.0353], [6.3947, 59.0352], [6.3907, 59.0349], [6.3882, 59.0348]]}}, {"type": "Feature", "properties": {"osm_type": "line", "voltage_kv": 420.0, "name": "Lyse - Fagrafjell", "avail": 68, "avail_node": "H\u00e5land trafostasjon"}, "geometry": {"type": "LineString", "coordinates": [[6.3867, 59.0347], [6.3831, 59.0344], [6.3737, 59.0324], [6.3651, 59.0305], [6.3603, 59.0295], [6.3528, 59.0278], [6.3442, 59.0262], [6.3381, 59.0252], [6.3333, 59.0239], [6.3262, 59.0239], [6.3228, 59.0239], [6.3191, 59.0239], [6.3108, 59.0232], [6.3039, 59.0194], [6.3013, 59.018], [6.3005, 59.0176], [6.2945, 59.0068], [6.2885, 58.9961], [6.2876, 58.9953], [6.2843, 58.9937], [6.2762, 58.99], [6.2695, 58.987], [6.2653, 58.9843], [6.2639, 58.98], [6.2623, 58.9755], [6.2603, 58.9697], [6.2591, 58.9663], [6.2582, 58.9638], [6.2568, 58.9596], [6.2542, 58.9577], [6.2496, 58.9544], [6.2468, 58.9523], [6.243, 58.9497], [6.2393, 58.9472], [6.2368, 58.9455], [6.2323, 58.9431], [6.2291, 58.9413], [6.226, 58.9397], [6.222, 58.9378], [6.2169, 58.9353], [6.2107, 58.9323], [6.2068, 58.929], [6.2047, 58.9272], [6.1973, 58.9232], [6.1916, 58.9202], [6.1845, 58.9164], [6.1808, 58.9145], [6.1797, 58.914], [6.1738, 58.9094], [6.172, 58.9081], [6.1713, 58.9036], [6.171, 58.9017], [6.1709, 58.9012], [6.1705, 58.8989], [6.1666, 58.8953], [6.1614, 58.8948], [6.1568, 58.8944], [6.1504, 58.8939], [6.144, 58.8918], [6.1378, 58.8898], [6.1356, 58.889], [6.1343, 58.8886], [6.1318, 58.8878], [6.1278, 58.8877], [6.1231, 58.8876], [6.1198, 58.8875], [6.1129, 58.8863], [6.1119, 58.8862], [6.0994, 58.8789], [6.0869, 58.8716], [6.0864, 58.8713], [6.0782, 58.8703], [6.0759, 58.8699], [6.0673, 58.8661], [6.0584, 58.8656], [6.0499, 58.8633], [6.0461, 58.8611], [6.0422, 58.859], [6.0368, 58.8559], [6.0273, 58.8547], [6.0242, 58.8543], [6.0154, 58.853], [6.0115, 58.8525], [6.0087, 58.8521], [6.0045, 58.8515], [5.9985, 58.8506], [5.9978, 58.8505], [5.9955, 58.8502], [5.9907, 58.8495], [5.987, 58.8489], [5.9796, 58.8479], [5.9736, 58.847], [5.9649, 58.8457], [5.9605, 58.8455], [5.9566, 58.8452], [5.9526, 58.845], [5.9447, 58.8448], [5.9313, 58.8452], [5.9209, 58.8454], [5.919, 58.8451], [5.9179, 58.8449], [5.9121, 58.8438], [5.9078, 58.843], [5.9038, 58.8422], [5.9014, 58.8419], [5.8964, 58.8415], [5.8881, 58.841], [5.8842, 58.8408], [5.8809, 58.8406], [5.8763, 58.8389], [5.8711, 58.837], [5.8663, 58.8353], [5.8619, 58.8335], [5.8572, 58.8317], [5.85, 58.8277], [5.8473, 58.8259], [5.8473, 58.8257], [5.8471, 58.8254], [5.8459, 58.822], [5.8438, 58.8166], [5.8425, 58.8131], [5.8417, 58.8111], [5.8365, 58.8087], [5.834, 58.8076], [5.8254, 58.8058], [5.8249, 58.8057], [5.8194, 58.8045], [5.8147, 58.8035], [5.8112, 58.8017], [5.8086, 58.8003], [5.806, 58.799], [5.803, 58.7975], [5.8, 58.7959], [5.7985, 58.7952], [5.7963, 58.794], [5.7928, 58.7926], [5.789, 58.7911], [5.7831, 58.7907], [5.7794, 58.7904], [5.7727, 58.7902], [5.771, 58.7901], [5.7673, 58.79]]}}, {"type": "Feature", "properties": {"osm_type": "line", "voltage_kv": 300.0, "name": "Hemsil 2 - Nesbyen", "avail": 0}, "geometry": {"type": "LineString", "coordinates": [[8.9767, 60.704], [8.9788, 60.7034], [8.9792, 60.7025], [8.9792, 60.7025], [8.9813, 60.6973], [8.9848, 60.6969], [8.9906, 60.6963], [8.9942, 60.6959], [8.9996, 60.6928], [9.0045, 60.69], [9.0078, 60.6881], [9.0108, 60.6863], [9.0132, 60.6837], [9.0156, 60.6812], [9.0188, 60.6778], [9.0216, 60.6748], [9.0244, 60.6719], [9.0265, 60.6696], [9.0282, 60.6678], [9.0307, 60.6651], [9.033, 60.6627], [9.0345, 60.6611], [9.0376, 60.66], [9.0419, 60.6585], [9.0465, 60.6568], [9.0468, 60.6567], [9.0478, 60.6564], [9.0529, 60.6546], [9.0547, 60.6539], [9.0557, 60.6536], [9.0569, 60.6532], [9.0619, 60.6514], [9.0656, 60.65], [9.0685, 60.649], [9.0728, 60.6475], [9.0757, 60.6465], [9.0781, 60.6452], [9.0819, 60.6433], [9.0856, 60.6415], [9.0899, 60.6393], [9.094, 60.6372], [9.098, 60.6352], [9.1014, 60.6334], [9.1054, 60.6314], [9.1093, 60.6294], [9.1126, 60.6278], [9.1156, 60.6262], [9.1193, 60.6243], [9.119, 60.6241], [9.1186, 60.624], [9.1183, 60.6237], [9.1176, 60.6232], [9.1136, 60.6215], [9.1095, 60.6198], [9.1074, 60.6189], [9.1043, 60.6176], [9.1005, 60.6156], [9.0978, 60.6142], [9.0934, 60.6117], [9.0891, 60.6091], [9.0856, 60.6071], [9.0805, 60.6061], [9.0762, 60.6061], [9.0761, 60.6061], [9.0761, 60.6061], [9.0758, 60.6061]]}}, {"type": "Feature", "properties": {"osm_type": "line", "voltage_kv": 300.0, "name": "Kvinesdal - Lista L2", "avail": 1, "avail_node": "\u00d8IE"}, "geometry": {"type": "LineString", "coordinates": [[6.8464, 58.2737], [6.8466, 58.2725], [6.8471, 58.2693]]}}, {"type": "Feature", "properties": {"osm_type": "line", "voltage_kv": 300.0, "name": "Kvinesdal - Lista L2", "avail": 3, "avail_node": "HAVIK"}, "geometry": {"type": "LineString", "coordinates": [[6.8471, 58.2693], [6.8473, 58.2682], [6.8475, 58.2668], [6.8473, 58.2656], [6.846, 58.2578], [6.8457, 58.2567], [6.8451, 58.2537], [6.8448, 58.2528], [6.8447, 58.2523], [6.8444, 58.2506], [6.8437, 58.2479], [6.8435, 58.2449], [6.8429, 58.2442], [6.8426, 58.2439], [6.8423, 58.2435], [6.8405, 58.2414], [6.8398, 58.2407], [6.8357, 58.2362], [6.8313, 58.2317], [6.8306, 58.2309], [6.8277, 58.2278], [6.8232, 58.2228], [6.8219, 58.2214], [6.8207, 58.2199], [6.8191, 58.2183], [6.8164, 58.2164], [6.8089, 58.2114], [6.8068, 58.21], [6.8004, 58.2057], [6.7985, 58.2044], [6.7982, 58.2042], [6.7927, 58.2005], [6.7914, 58.1943], [6.7911, 58.1931], [6.7906, 58.1917], [6.7878, 58.1857], [6.7866, 58.1835], [6.7862, 58.1827], [6.7859, 58.182], [6.7852, 58.1806], [6.7839, 58.1779], [6.7826, 58.1753], [6.7794, 58.1711], [6.7775, 58.1688], [6.7768, 58.168], [6.7755, 58.1664], [6.7737, 58.1579], [6.7733, 58.1539], [6.7729, 58.1503], [6.7726, 58.144], [6.7721, 58.1421], [6.7718, 58.1394], [6.7724, 58.1367], [6.7735, 58.1322], [6.7745, 58.1278], [6.7749, 58.1244], [6.7751, 58.123], [6.7752, 58.122], [6.7759, 58.1182], [6.7761, 58.1162], [6.7761, 58.1158], [6.7764, 58.1138], [6.7767, 58.1112], [6.7768, 58.1098], [6.7771, 58.1065], [6.7769, 58.1052], [6.7765, 58.1035], [6.7744, 58.101], [6.7715, 58.0974], [6.7686, 58.0937], [6.7685, 58.0936], [6.7672, 58.0919], [6.7655, 58.0895], [6.7663, 58.0879], [6.7675, 58.0854], [6.769, 58.0825], [6.7692, 58.0821], [6.7701, 58.0803], [6.7718, 58.0794]]}}, {"type": "Feature", "properties": {"osm_type": "line", "voltage_kv": 22.0, "name": "Avgrening SK4", "avail": 10, "avail_node": "KROSSEN"}, "geometry": {"type": "LineString", "coordinates": [[7.9033, 58.2585], [7.9041, 58.2585], [7.9051, 58.2585], [7.9059, 58.2585], [7.9061, 58.2585], [7.9062, 58.2585], [7.9063, 58.2586], [7.9063, 58.2586], [7.9064, 58.2586], [7.9065, 58.2587]]}}, {"type": "Feature", "properties": {"osm_type": "line", "name": "Jord Steinsland - Haugsv\u00e6r", "avail": 0}, "geometry": {"type": "LineString", "coordinates": [[5.9292, 60.927], [5.9253, 60.927], [5.9227, 60.9268], [5.9201, 60.9266], [5.9189, 60.9265], [5.9176, 60.9264], [5.9161, 60.9263], [5.913, 60.9255], [5.9068, 60.9249], [5.9034, 60.9249], [5.9013, 60.9249], [5.8989, 60.925], [5.8971, 60.925], [5.8877, 60.9253], [5.8853, 60.9257], [5.8806, 60.9265], [5.8789, 60.9266], [5.8729, 60.9269], [5.8643, 60.9275], [5.859, 60.9278], [5.8544, 60.9259], [5.8492, 60.9237], [5.8445, 60.9218], [5.8395, 60.9203], [5.8315, 60.9178], [5.8277, 60.9154], [5.8257, 60.9135]]}}, {"type": "Feature", "properties": {"osm_type": "line", "voltage_kv": 420.0, "name": "Sauda - Lyse", "avail": 1, "avail_node": "Saurdal"}, "geometry": {"type": "LineString", "coordinates": [[6.4151, 59.6671], [6.4157, 59.6667], [6.4172, 59.6657], [6.4177, 59.6654], [6.4205, 59.6633], [6.422, 59.6621], [6.4234, 59.661], [6.4255, 59.6592], [6.4289, 59.6564], [6.4304, 59.6551], [6.4323, 59.6536], [6.4362, 59.6495], [6.4359, 59.6484], [6.4349, 59.645], [6.4342, 59.6426], [6.4339, 59.6416], [6.4336, 59.6406], [6.4325, 59.6372], [6.4329, 59.6326], [6.4341, 59.6296], [6.4374, 59.6259], [6.44, 59.623], [6.4414, 59.6214], [6.4432, 59.6194], [6.4476, 59.6145], [6.4485, 59.6135], [6.45, 59.6119], [6.4521, 59.6098], [6.4551, 59.607], [6.4568, 59.6054], [6.4598, 59.6027], [6.4612, 59.6014], [6.4626, 59.6001], [6.4635, 59.5993], [6.4647, 59.5979], [6.4661, 59.5963], [6.4676, 59.5946], [6.4699, 59.5919], [6.4712, 59.5905], [6.4745, 59.5871], [6.4785, 59.5842], [6.4813, 59.5822], [6.4843, 59.58], [6.4869, 59.5781], [6.4885, 59.5771], [6.4907, 59.5755], [6.495, 59.5756], [6.499, 59.5758], [6.5061, 59.5759], [6.5092, 59.576], [6.5178, 59.5763], [6.5219, 59.5764], [6.5254, 59.5766], [6.536, 59.5771], [6.5393, 59.5773], [6.546, 59.5776], [6.5517, 59.5779], [6.5578, 59.5782], [6.5606, 59.5783], [6.5677, 59.5769], [6.5718, 59.5749], [6.5745, 59.5735], [6.5764, 59.5717], [6.5805, 59.5693], [6.5839, 59.5674], [6.5863, 59.566], [6.5882, 59.5654], [6.5966, 59.5542], [6.5961, 59.5522], [6.595, 59.5502], [6.5935, 59.5476], [6.5905, 59.5424], [6.5899, 59.5411], [6.5887, 59.5387], [6.5878, 59.5371], [6.5862, 59.5358], [6.5833, 59.5335], [6.5781, 59.5293], [6.573, 59.5246], [6.572, 59.5219], [6.571, 59.519], [6.5702, 59.5172], [6.5687, 59.514], [6.5685, 59.5134], [6.5676, 59.5102], [6.5681, 59.5071], [6.5668, 59.5026], [6.5663, 59.5009], [6.5659, 59.4996], [6.5653, 59.4974], [6.5637, 59.492], [6.5617, 59.4875], [6.5598, 59.4827], [6.557, 59.4757], [6.5567, 59.4747], [6.5563, 59.473], [6.5577, 59.4695], [6.5566, 59.4657], [6.5557, 59.4625], [6.5552, 59.4593], [6.5548, 59.4575], [6.5545, 59.4554], [6.554, 59.4527], [6.5533, 59.4477], [6.5529, 59.4451], [6.5521, 59.4421], [6.5511, 59.438], [6.5503, 59.4349], [6.5493, 59.4312], [6.548, 59.4283], [6.5468, 59.425], [6.5457, 59.4227], [6.5443, 59.4197], [6.5428, 59.4165], [6.5411, 59.4129], [6.5401, 59.4108], [6.539, 59.4083], [6.5378, 59.4058], [6.5371, 59.4037], [6.5363, 59.4009], [6.5355, 59.3985], [6.5344, 59.395], [6.5337, 59.3925], [6.5332, 59.389], [6.536, 59.3843], [6.5384, 59.3805], [6.5387, 59.3801], [6.539, 59.3796], [6.5399, 59.3782], [6.5438, 59.372], [6.5452, 59.3698], [6.5469, 59.3674], [6.55, 59.3647], [6.5551, 59.3607], [6.5589, 59.3581], [6.5628, 59.3554], [6.5655, 59.3535], [6.5721, 59.351], [6.5771, 59.3491], [6.5797, 59.3467], [6.5811, 59.3454], [6.5831, 59.3434], [6.5835, 59.3403], [6.5837, 59.3387], [6.5851, 59.3375], [6.5865, 59.3367], [6.5978, 59.3295], [6.5986, 59.3287]]}}, {"type": "Feature", "properties": {"osm_type": "line", "voltage_kv": 420.0, "name": "Sauda - Lyse", "avail": 2, "avail_node": "Moen trafostasjon"}, "geometry": {"type": "LineString", "coordinates": [[6.6027, 59.3247], [6.6037, 59.3238], [6.6051, 59.3222], [6.6078, 59.319], [6.6093, 59.3166], [6.6107, 59.3144], [6.6119, 59.3125], [6.613, 59.3095], [6.6152, 59.3058], [6.6169, 59.3032], [6.6188, 59.3], [6.6208, 59.2982], [6.6285, 59.2947], [6.6305, 59.2931], [6.6312, 59.29], [6.6323, 59.284], [6.6298, 59.2808], [6.629, 59.2779], [6.6284, 59.2759], [6.6291, 59.2715], [6.6303, 59.2679], [6.6313, 59.2637], [6.6312, 59.2607], [6.6301, 59.2579], [6.6299, 59.2563], [6.6297, 59.2539], [6.6282, 59.2497], [6.6267, 59.2454], [6.6256, 59.2423], [6.6232, 59.2397], [6.6212, 59.2375], [6.6205, 59.2359], [6.614, 59.2318], [6.6146, 59.226], [6.6131, 59.2221], [6.6127, 59.2199], [6.611, 59.2169], [6.6093, 59.2139], [6.6098, 59.2116], [6.6102, 59.2096], [6.6097, 59.2073], [6.6096, 59.2046], [6.6073, 59.2021], [6.6054, 59.1983], [6.6047, 59.1967], [6.604, 59.195], [6.6032, 59.1931], [6.6027, 59.1919], [6.5991, 59.185], [6.5979, 59.1833], [6.5959, 59.1803], [6.5954, 59.1756], [6.5953, 59.1741], [6.5951, 59.1712], [6.5949, 59.1685], [6.5947, 59.1649], [6.5944, 59.1601], [6.5949, 59.1578], [6.5958, 59.1558], [6.5975, 59.1524], [6.5984, 59.1506], [6.6012, 59.1449], [6.6063, 59.1424], [6.6149, 59.1383], [6.6189, 59.1363], [6.6197, 59.1352], [6.6219, 59.132], [6.622, 59.1308], [6.6222, 59.1284], [6.6225, 59.1252], [6.6231, 59.1194], [6.6223, 59.1145], [6.622, 59.113], [6.6213, 59.1087], [6.6206, 59.1042], [6.6201, 59.1016], [6.6199, 59.1005], [6.6195, 59.0978], [6.6261, 59.0943], [6.6351, 59.0895], [6.6358, 59.0877], [6.6367, 59.085], [6.6381, 59.0829], [6.6384, 59.0813], [6.6389, 59.0772], [6.6405, 59.0758], [6.6415, 59.075], [6.644, 59.0728], [6.6449, 59.0724], [6.6551, 59.0665], [6.6561, 59.0645], [6.6564, 59.064], [6.6573, 59.0622], [6.6595, 59.0612]]}}, {"type": "Feature", "properties": {"osm_type": "line", "voltage_kv": 132.0, "name": "Skaidi - Alta", "avail": 0}, "geometry": {"type": "LineString", "coordinates": [[24.5419, 70.4304], [24.5419, 70.43], [24.5381, 70.4273], [24.5335, 70.424], [24.5286, 70.4206], [24.525, 70.418], [24.5215, 70.4155], [24.5193, 70.413], [24.5166, 70.4099], [24.5145, 70.4076], [24.5124, 70.4052], [24.509, 70.4014], [24.5062, 70.3983], [24.5029, 70.3945], [24.5, 70.3912], [24.4971, 70.3879], [24.4944, 70.3849], [24.4922, 70.3824], [24.4903, 70.3804], [24.4856, 70.3776], [24.4811, 70.375], [24.4774, 70.3729], [24.4741, 70.371], [24.4669, 70.3669], [24.4625, 70.3643], [24.4592, 70.3623], [24.456, 70.3605], [24.4506, 70.3574], [24.4475, 70.3556], [24.4448, 70.3542], [24.4376, 70.3505], [24.4322, 70.3477], [24.4281, 70.3455], [24.423, 70.3415], [24.4188, 70.3381], [24.4152, 70.3352], [24.4114, 70.3322], [24.408, 70.3295], [24.4048, 70.3269], [24.4007, 70.3236], [24.3968, 70.3205], [24.3935, 70.3179], [24.3908, 70.3157], [24.3859, 70.3135], [24.3809, 70.3112], [24.3758, 70.3089], [24.3711, 70.3067], [24.3666, 70.3047], [24.3587, 70.3029], [24.351, 70.3012], [24.3425, 70.2993], [24.3339, 70.2973], [24.3266, 70.2957], [24.3179, 70.2938], [24.3111, 70.2922], [24.3035, 70.2909], [24.2965, 70.2897], [24.286, 70.2879], [24.2799, 70.2869], [24.2705, 70.2852], [24.2646, 70.2842], [24.2538, 70.2824], [24.2433, 70.2806], [24.2328, 70.2787], [24.224, 70.2772], [24.2166, 70.276], [24.2092, 70.2747], [24.2007, 70.2732], [24.1926, 70.2718], [24.185, 70.2705], [24.174, 70.2687], [24.1646, 70.2669], [24.1557, 70.2653], [24.1483, 70.2639], [24.1429, 70.2613], [24.1383, 70.2591], [24.1346, 70.2573], [24.1296, 70.2549], [24.1236, 70.2521], [24.1181, 70.2495], [24.1124, 70.2468], [24.1067, 70.244], [24.1013, 70.2415], [24.0968, 70.2393], [24.0922, 70.2371], [24.087, 70.2346], [24.0819, 70.2322], [24.0748, 70.2317], [24.0651, 70.2311], [24.0562, 70.2305], [24.0475, 70.23], [24.0374, 70.2296], [24.0287, 70.2292], [24.0198, 70.2289], [24.0103, 70.2285], [24.0007, 70.228], [23.9905, 70.2275], [23.9843, 70.2271], [23.9781, 70.2262], [23.9695, 70.2248], [23.9623, 70.2227], [23.9543, 70.2204], [23.9481, 70.2186], [23.9411, 70.2172], [23.9323, 70.2155], [23.9228, 70.2136], [23.9172, 70.2125], [23.9115, 70.2105], [23.9061, 70.2087], [23.9023, 70.2067], [23.8982, 70.2046], [23.8951, 70.2031], [23.8918, 70.2021], [23.8851, 70.2007], [23.877, 70.1989], [23.8684, 70.1971], [23.8611, 70.1956], [23.8535, 70.194], [23.8484, 70.1929], [23.843, 70.1918], [23.8355, 70.1907], [23.828, 70.1896], [23.8205, 70.1886], [23.813, 70.1881], [23.8005, 70.1872], [23.7927, 70.1867], [23.787, 70.1859], [23.7833, 70.1847], [23.7773, 70.1828], [23.7713, 70.181], [23.7641, 70.1787], [23.7576, 70.1766], [23.7485, 70.1737], [23.7415, 70.1715], [23.7362, 70.1699], [23.7314, 70.1683], [23.7252, 70.1664], [23.7166, 70.1636], [23.7077, 70.1608], [23.7036, 70.1595], [23.6976, 70.1576], [23.6912, 70.1556], [23.6858, 70.1539], [23.6772, 70.1512], [23.6729, 70.1498], [23.6683, 70.1482], [23.6617, 70.1459], [23.6554, 70.1437], [23.6503, 70.1419], [23.6445, 70.1395], [23.6424, 70.1386], [23.6355, 70.1365], [23.6312, 70.1353], [23.6231, 70.1336], [23.6181, 70.1325], [23.6114, 70.1307], [23.6051, 70.129], [23.6037, 70.1255], [23.6027, 70.1231], [23.6012, 70.1195], [23.6009, 70.1169], [23.6014, 70.1131], [23.5999, 70.1111], [23.5989, 70.11], [23.5951, 70.1085], [23.5887, 70.1062], [23.5833, 70.1042], [23.5718, 70.0999], [23.5644, 70.0975], [23.5575, 70.0953], [23.5537, 70.0936], [23.5525, 70.0905], [23.5516, 70.0881], [23.5533, 70.0855], [23.5555, 70.0822], [23.5589, 70.0793], [23.5627, 70.0762], [23.5669, 70.0726], [23.5691, 70.0708], [23.5741, 70.0673], [23.5773, 70.0652], [23.5799, 70.0628], [23.5818, 70.061], [23.5798, 70.0554], [23.5809, 70.0515], [23.5805, 70.0495], [23.5798, 70.0458], [23.5791, 70.0419], [23.5786, 70.0392], [23.5779, 70.035], [23.5775, 70.0329], [23.5766, 70.0283], [23.5756, 70.0269], [23.5745, 70.0253], [23.5706, 70.0217], [23.5673, 70.0186], [23.5616, 70.0163], [23.5569, 70.0143], [23.5498, 70.0113], [23.5439, 70.0088], [23.5366, 70.0056], [23.533, 70.0041], [23.5287, 70.0005], [23.526, 69.9982], [23.5242, 69.9967], [23.5236, 69.9957], [23.5223, 69.9932], [23.5222, 69.9914], [23.5221, 69.9888], [23.5219, 69.9857], [23.5172, 69.981], [23.513, 69.9791], [23.5093, 69.9775], [23.5021, 69.9743], [23.4959, 69.9714], [23.4894, 69.9683], [23.4818, 69.9647], [23.4743, 69.9612], [23.4699, 69.9591], [23.4635, 69.9573], [23.4578, 69.9557], [23.452, 69.9541], [23.4471, 69.9527], [23.4368, 69.9498], [23.4297, 69.9491], [23.4151, 69.9504], [23.4078, 69.9511], [23.4057, 69.9509], [23.3972, 69.9504], [23.3931, 69.9501], [23.3907, 69.9499], [23.3849, 69.9496], [23.3819, 69.9494], [23.3804, 69.9499]]}}, {"type": "Feature", "properties": {"osm_type": "line", "voltage_kv": 420.0, "name": "Bardufoss - Balsfjord", "avail": 6, "avail_node": "Olsborg"}, "geometry": {"type": "LineString", "coordinates": [[18.5995, 69.0362], [18.6019, 69.0376], [18.6128, 69.0415], [18.6198, 69.0443], [18.6289, 69.0479], [18.6345, 69.0501], [18.6383, 69.051], [18.6457, 69.0521], [18.6561, 69.0537], [18.6629, 69.0547], [18.672, 69.056], [18.6769, 69.0567], [18.68, 69.0578], [18.688, 69.0608], [18.6909, 69.0618], [18.6919, 69.0622], [18.6931, 69.0652], [18.6944, 69.0686], [18.6957, 69.0717], [18.6972, 69.0756], [18.698, 69.0776], [18.6994, 69.081], [18.701, 69.0849], [18.7026, 69.089], [18.7041, 69.0927], [18.7093, 69.0936], [18.7143, 69.0945], [18.7208, 69.0957], [18.7313, 69.0976], [18.7408, 69.0993], [18.7497, 69.1009], [18.7587, 69.1025], [18.7688, 69.1044], [18.7726, 69.1051], [18.7847, 69.1072], [18.7903, 69.1082], [18.8003, 69.11], [18.8053, 69.1109], [18.808, 69.1114], [18.8134, 69.1124], [18.8217, 69.1139], [18.8281, 69.115], [18.8341, 69.1161], [18.8416, 69.1169], [18.8512, 69.118], [18.8589, 69.1189], [18.8657, 69.1195], [18.8781, 69.1206], [18.8846, 69.1211], [18.893, 69.1218], [18.8994, 69.1224], [18.91, 69.1237], [18.9192, 69.1248], [18.9331, 69.1265], [18.9376, 69.127], [18.9478, 69.1283], [18.9581, 69.1295], [18.9669, 69.1306], [18.9737, 69.1315], [18.9841, 69.1327], [18.9896, 69.1334], [18.9987, 69.1345], [19.0072, 69.1355], [19.0137, 69.1363], [19.0195, 69.137], [19.0278, 69.1389], [19.0334, 69.1402], [19.0391, 69.1416], [19.047, 69.1434], [19.0538, 69.145], [19.063, 69.1471], [19.0718, 69.1491], [19.0767, 69.1502], [19.0851, 69.1522], [19.0983, 69.1553], [19.1132, 69.1589], [19.1206, 69.1606], [19.1282, 69.1625], [19.1307, 69.1634], [19.1376, 69.166], [19.1452, 69.169], [19.1539, 69.1723], [19.1605, 69.1748], [19.167, 69.1773], [19.1717, 69.179], [19.1773, 69.181], [19.1848, 69.1835], [19.192, 69.186], [19.1992, 69.1884]]}}, {"type": "Feature", "properties": {"osm_type": "line", "voltage_kv": 132.0, "name": "Nordreisa. - Guolasjokka L1", "avail": 2, "avail_node": "Guolas"}, "geometry": {"type": "LineString", "coordinates": [[21.3178, 69.6198], [21.3178, 69.6184], [21.3179, 69.6165], [21.3179, 69.6147], [21.3179, 69.6128], [21.3179, 69.6111], [21.3179, 69.6091], [21.3179, 69.6072], [21.3179, 69.6057], [21.3179, 69.6042], [21.3179, 69.6021], [21.3179, 69.6001], [21.3179, 69.598], [21.3179, 69.5963], [21.3179, 69.5944], [21.3179, 69.5926], [21.3179, 69.5907], [21.3179, 69.5885], [21.3179, 69.5863], [21.3179, 69.5846], [21.3179, 69.5831], [21.3179, 69.5804], [21.3179, 69.5792], [21.3179, 69.5778], [21.3179, 69.5759], [21.3179, 69.574], [21.3179, 69.5721], [21.3179, 69.5706], [21.3179, 69.5689], [21.3179, 69.5671], [21.3179, 69.5654], [21.3179, 69.5637], [21.3179, 69.5619], [21.3179, 69.5601], [21.3179, 69.5582], [21.3179, 69.5563], [21.3179, 69.5538], [21.3179, 69.5525], [21.3179, 69.5508], [21.3179, 69.5495], [21.3176, 69.5474], [21.3173, 69.5453], [21.317, 69.5435], [21.3168, 69.5418], [21.3166, 69.5403], [21.3163, 69.5382], [21.316, 69.5362], [21.3157, 69.5343], [21.3154, 69.5324], [21.3153, 69.5314], [21.3149, 69.5289], [21.3146, 69.5271], [21.3145, 69.526], [21.3142, 69.5238], [21.3139, 69.5221], [21.3138, 69.5211], [21.3136, 69.5199], [21.3134, 69.5188], [21.3132, 69.5171], [21.313, 69.5156], [21.3127, 69.514], [21.3125, 69.5125], [21.3123, 69.5113], [21.3093, 69.5103], [21.3073, 69.5097], [21.305, 69.5091], [21.3026, 69.5084], [21.3, 69.5076], [21.297, 69.5067], [21.294, 69.5058], [21.2908, 69.5049], [21.2873, 69.5038], [21.2846, 69.503], [21.2814, 69.5021], [21.2776, 69.5009], [21.2738, 69.4998], [21.2695, 69.4985], [21.266, 69.4975], [21.2625, 69.4965], [21.2596, 69.4956], [21.2558, 69.4955], [21.2526, 69.4954], [21.2497, 69.4954], [21.2458, 69.4953], [21.2409, 69.4952], [21.2356, 69.4951], [21.2309, 69.495], [21.2254, 69.4949], [21.2204, 69.4948], [21.2153, 69.4957], [21.2104, 69.4965], [21.2051, 69.4974], [21.2023, 69.4978], [21.1993, 69.4983], [21.1934, 69.4984], [21.1889, 69.4984], [21.1844, 69.4985], [21.1784, 69.4985], [21.1725, 69.4985], [21.1665, 69.4986], [21.1609, 69.4986], [21.1556, 69.4987], [21.1501, 69.4987], [21.145, 69.4987], [21.1393, 69.4988], [21.1347, 69.4988], [21.1279, 69.4989], [21.1206, 69.4989], [21.1147, 69.499], [21.1064, 69.499], [21.1015, 69.4975], [21.0946, 69.4955], [21.0892, 69.4938], [21.0844, 69.4924], [21.0798, 69.491], [21.0751, 69.4896], [21.0705, 69.4882], [21.0658, 69.4868], [21.0619, 69.4856], [21.058, 69.4844], [21.0524, 69.4827], [21.0474, 69.4812], [21.0421, 69.4796], [21.0404, 69.4791], [21.0368, 69.478], [21.0332, 69.4769], [21.0286, 69.4768], [21.0258, 69.4767], [21.0212, 69.4766], [21.0161, 69.4764], [21.0124, 69.4763], [21.0091, 69.4762], [21.0023, 69.476], [20.9983, 69.4759], [20.9928, 69.4757], [20.9882, 69.4754], [20.9857, 69.4753], [20.9832, 69.4751], [20.9794, 69.4749], [20.9765, 69.4747], [20.9725, 69.4745], [20.9697, 69.4743], [20.9661, 69.4741], [20.9613, 69.4738], [20.9554, 69.4734], [20.9502, 69.4731], [20.9465, 69.4728], [20.9419, 69.4724], [20.9361, 69.4718], [20.9339, 69.4716], [20.9294, 69.4712], [20.926, 69.4699], [20.9229, 69.4688], [20.9229, 69.4688], [20.9218, 69.4683], [20.921, 69.4658], [20.9202, 69.4636], [20.92, 69.4632]]}}, {"type": "Feature", "properties": {"osm_type": "line", "voltage_kv": 132.0, "name": "Kanstadbotn - Hinn\u00f8y", "avail": 48, "avail_node": "Sortland"}, "geometry": {"type": "LineString", "coordinates": [[15.8819, 68.5097], [15.8795, 68.5114], [15.8793, 68.5115], [15.8761, 68.5138], [15.8673, 68.5168], [15.8638, 68.5181], [15.8593, 68.5194], [15.8521, 68.5213], [15.8431, 68.5233], [15.8365, 68.5247], [15.8305, 68.5261], [15.8228, 68.5278], [15.8164, 68.5292], [15.8143, 68.5308], [15.8076, 68.5358], [15.8059, 68.537], [15.8035, 68.5388], [15.8018, 68.54], [15.7993, 68.542], [15.796, 68.5446], [15.7939, 68.5462], [15.7937, 68.5475], [15.7931, 68.5507], [15.794, 68.5516], [15.7928, 68.554], [15.7918, 68.556], [15.7885, 68.5627], [15.7877, 68.5643], [15.7877, 68.5645], [15.7878, 68.5693], [15.7879, 68.5724], [15.7879, 68.5756], [15.788, 68.5776], [15.7874, 68.5786], [15.7862, 68.5804], [15.7828, 68.5859], [15.7817, 68.5876], [15.7796, 68.5909], [15.7784, 68.5929], [15.773, 68.594], [15.7645, 68.5957], [15.7549, 68.5976], [15.748, 68.5989], [15.7399, 68.6005], [15.7342, 68.6017], [15.7293, 68.6026], [15.7224, 68.604], [15.7178, 68.6049], [15.717, 68.6052], [15.7144, 68.6062], [15.7095, 68.6079], [15.7036, 68.6101], [15.6953, 68.6131], [15.6909, 68.6147], [15.6854, 68.6162], [15.6762, 68.6186], [15.6707, 68.6201], [15.6648, 68.6227], [15.6583, 68.6256], [15.6466, 68.6308], [15.6439, 68.6318], [15.642, 68.6325], [15.6414, 68.6364], [15.6411, 68.6377], [15.6404, 68.642], [15.6329, 68.6439], [15.6263, 68.6456], [15.6257, 68.6458], [15.6189, 68.6475], [15.6128, 68.6491], [15.6059, 68.6508], [15.5977, 68.6529], [15.5895, 68.655], [15.582, 68.6569], [15.575, 68.6587], [15.5696, 68.6601], [15.562, 68.662], [15.5555, 68.6637], [15.5494, 68.6652], [15.5485, 68.6654], [15.5417, 68.6672], [15.5346, 68.669], [15.5291, 68.6704], [15.5262, 68.6711], [15.5218, 68.6733], [15.5137, 68.6773], [15.5081, 68.6801], [15.5059, 68.6812]]}}, {"type": "Feature", "properties": {"osm_type": "line", "voltage_kv": 300.0, "name": "Bl\u00e5falli 3 - Bl\u00e5falli ", "avail": 5, "avail_node": "Opstveit"}, "geometry": {"type": "LineString", "coordinates": [[6.068, 59.8717], [6.06, 59.8719], [6.0553, 59.8721], [6.0509, 59.8723], [6.0453, 59.8725], [6.0402, 59.8727], [6.033, 59.873], [6.0323, 59.8731], [6.0283, 59.8732], [6.028, 59.8733], [6.0247, 59.8713], [6.0192, 59.8682], [6.0165, 59.8666], [6.0144, 59.8655], [6.0141, 59.8653]]}}, {"type": "Feature", "properties": {"osm_type": "line", "voltage_kv": 132.0, "name": "T_Neiden (Kirkenes) - T_Gandvik (Varangerbotn)", "avail": 3, "avail_node": "Neiden"}, "geometry": {"type": "LineString", "coordinates": [[29.3486, 69.7065], [29.3483, 69.7072], [29.3478, 69.7084], [29.347, 69.7103], [29.3463, 69.7118], [29.3458, 69.713], [29.3452, 69.7143], [29.3447, 69.7155], [29.3442, 69.7166], [29.3436, 69.7181], [29.3433, 69.7186], [29.3435, 69.72], [29.3436, 69.7203], [29.3436, 69.7207], [29.3437, 69.7215], [29.3439, 69.7232], [29.344, 69.7243], [29.3442, 69.7255], [29.3443, 69.7264], [29.3445, 69.7279], [29.3447, 69.7297], [29.3448, 69.7303], [29.3449, 69.732], [29.3451, 69.7329], [29.3452, 69.7343], [29.3454, 69.7355], [29.3455, 69.7364], [29.3456, 69.7377], [29.3458, 69.7394], [29.3459, 69.7404], [29.3461, 69.7418], [29.3464, 69.7435], [29.3464, 69.7444], [29.3465, 69.745], [29.3467, 69.7465], [29.3469, 69.7479], [29.3471, 69.7495], [29.3472, 69.7504], [29.3473, 69.7514], [29.3475, 69.7531], [29.3476, 69.7537], [29.3478, 69.7553], [29.348, 69.7571], [29.3481, 69.758], [29.3486, 69.7593], [29.349, 69.7605], [29.3493, 69.7614], [29.3497, 69.7626], [29.35, 69.7637], [29.3502, 69.7641], [29.3507, 69.7658], [29.3512, 69.7671], [29.3516, 69.7684], [29.3521, 69.7698], [29.3535, 69.7705], [29.3548, 69.7712], [29.3571, 69.7724], [29.3595, 69.7737], [29.3623, 69.7752], [29.3646, 69.7764], [29.3679, 69.7781], [29.3694, 69.7789], [29.3717, 69.7801], [29.3722, 69.7813], [29.3725, 69.7823], [29.3733, 69.7844], [29.3737, 69.7854], [29.374, 69.7863], [29.3745, 69.7876], [29.3751, 69.7894], [29.3758, 69.7912], [29.3763, 69.7926], [29.3766, 69.7935], [29.3772, 69.795], [29.3778, 69.7966], [29.3781, 69.7974], [29.3787, 69.799], [29.3791, 69.8002], [29.3796, 69.8017], [29.3801, 69.8029], [29.3806, 69.8043], [29.3812, 69.8057], [29.3818, 69.8074], [29.3822, 69.8086], [29.3827, 69.8098], [29.383, 69.8107], [29.3833, 69.8115], [29.3839, 69.8132], [29.3844, 69.8145], [29.3848, 69.8157], [29.3852, 69.8167], [29.3856, 69.8178], [29.386, 69.8188], [29.3862, 69.8194], [29.3866, 69.8205], [29.3872, 69.8221], [29.3874, 69.8228], [29.388, 69.8243], [29.3885, 69.8254], [29.389, 69.8269], [29.3889, 69.8273], [29.3885, 69.8286], [29.388, 69.8303], [29.3877, 69.8312], [29.3873, 69.8323], [29.3871, 69.8332], [29.3863, 69.8355], [29.386, 69.8364], [29.3855, 69.8382], [29.3849, 69.8402], [29.3843, 69.8418], [29.384, 69.8427], [29.3839, 69.8432], [29.3837, 69.8439], [29.3831, 69.8456], [29.3829, 69.8463], [29.3795, 69.8476], [29.3752, 69.8492], [29.3728, 69.8501], [29.3692, 69.8515], [29.3663, 69.8526], [29.3661, 69.8527], [29.3625, 69.854], [29.3615, 69.8542], [29.3564, 69.8551], [29.3516, 69.856], [29.3476, 69.8567], [29.3436, 69.8574], [29.342, 69.8584], [29.3403, 69.8596], [29.3394, 69.8602], [29.3383, 69.8609], [29.3362, 69.8623], [29.3345, 69.8634], [29.3325, 69.8647], [29.3309, 69.8657], [29.3307, 69.8659], [29.3295, 69.8667], [29.3283, 69.8675], [29.3263, 69.8688], [29.3243, 69.8701], [29.3226, 69.8712], [29.3207, 69.8725], [29.3191, 69.8736], [29.3176, 69.8746], [29.3151, 69.8762], [29.3132, 69.8774], [29.3117, 69.8784], [29.31, 69.8796], [29.3084, 69.8806], [29.3066, 69.8818], [29.3044, 69.8832], [29.3031, 69.8841], [29.3013, 69.8853], [29.2988, 69.8869], [29.2975, 69.8878], [29.2961, 69.8887], [29.2945, 69.8898], [29.2924, 69.8911], [29.2912, 69.8919], [29.2889, 69.8935], [29.2871, 69.8946], [29.2855, 69.8956], [29.2851, 69.8959], [29.283, 69.8973], [29.2816, 69.8983], [29.2793, 69.8997], [29.277, 69.9012], [29.2754, 69.9023], [29.2745, 69.9029], [29.2724, 69.9043], [29.2711, 69.9051], [29.27, 69.9069], [29.2692, 69.9081], [29.2682, 69.9095], [29.2675, 69.9108], [29.2668, 69.9117], [29.266, 69.913], [29.2652, 69.9142], [29.2643, 69.9157], [29.2638, 69.9163], [29.2635, 69.9169], [29.2625, 69.9184], [29.2622, 69.9189], [29.2611, 69.9206], [29.2605, 69.9215], [29.2598, 69.9225], [29.2591, 69.9237], [29.2582, 69.925], [29.2576, 69.926], [29.2567, 69.9273], [29.2556, 69.9291], [29.2548, 69.9303], [29.2544, 69.9318], [29.2541, 69.9327], [29.2537, 69.9338], [29.2532, 69.9355], [29.2529, 69.9368], [29.2526, 69.9377], [29.2523, 69.9387], [29.2517, 69.9406], [29.2514, 69.9415], [29.2509, 69.9434], [29.2503, 69.9451], [29.2497, 69.9461], [29.2489, 69.9473], [29.2486, 69.9479], [29.2472, 69.95], [29.2466, 69.951], [29.245, 69.9532], [29.2444, 69.954], [29.2435, 69.9554], [29.2429, 69.9562], [29.242, 69.9575], [29.2383, 69.9594], [29.2366, 69.96], [29.2327, 69.9614], [29.2308, 69.9621], [29.2263, 69.9637], [29.2255, 69.964], [29.2238, 69.9645], [29.2219, 69.965], [29.2186, 69.9659], [29.2147, 69.9671], [29.2099, 69.9685], [29.2073, 69.9692], [29.2038, 69.9703], [29.203, 69.9705], [29.2025, 69.9708], [29.2011, 69.9716], [29.2002, 69.9721], [29.1977, 69.9735], [29.1953, 69.9749], [29.1935, 69.976], [29.1913, 69.9772], [29.1896, 69.9781], [29.188, 69.9791], [29.1858, 69.9804], [29.1832, 69.9818], [29.1822, 69.9824], [29.1802, 69.9836], [29.179, 69.9842], [29.1768, 69.9855], [29.175, 69.9865], [29.1735, 69.9874], [29.1725, 69.9882], [29.1706, 69.9896], [29.1689, 69.9909], [29.1663, 69.9919], [29.1635, 69.9929], [29.1609, 69.9939], [29.1578, 69.9951], [29.1547, 69.9962], [29.1522, 69.9972], [29.1495, 69.9982], [29.1469, 69.9992], [29.1447, 70.0], [29.1434, 70.0005], [29.1401, 70.0014], [29.1371, 70.0022], [29.1334, 70.0032], [29.131, 70.0038], [29.1274, 70.0048], [29.1244, 70.0056], [29.1215, 70.0064]]}}, {"type": "Feature", "properties": {"osm_type": "line", "voltage_kv": 132.0, "name": "T_Fagersletta (Brandhol) - Grytten", "avail": 21, "avail_node": "Grytten"}, "geometry": {"type": "LineString", "coordinates": [[8.1258, 62.6755], [8.119, 62.6739], [8.1116, 62.6722], [8.1056, 62.6709], [8.1049, 62.6708], [8.1049, 62.6708], [8.1018, 62.6702], [8.0957, 62.6685], [8.09, 62.6672], [8.087, 62.667], [8.0824, 62.6668], [8.0741, 62.6664], [8.0694, 62.6662], [8.064, 62.665], [8.059, 62.6639], [8.0502, 62.662], [8.0486, 62.6613], [8.0456, 62.6599], [8.0447, 62.6585], [8.043, 62.6558], [8.0401, 62.6545], [8.039, 62.6533], [8.0359, 62.6504], [8.0329, 62.6474], [8.0301, 62.6447], [8.0259, 62.6406], [8.0236, 62.6384], [8.0223, 62.6333], [8.0213, 62.6293], [8.019, 62.6253], [8.0167, 62.6213], [8.0159, 62.6183], [8.0159, 62.6153], [8.0159, 62.6134], [8.0122, 62.6086], [8.0097, 62.6055], [8.0071, 62.6044], [8.0039, 62.603], [7.9991, 62.601], [7.9951, 62.5992], [7.9914, 62.5976], [7.9869, 62.5957], [7.9851, 62.5949], [7.9828, 62.5939], [7.9797, 62.5926], [7.9757, 62.5908], [7.9713, 62.589], [7.9634, 62.5855], [7.9566, 62.5855], [7.9521, 62.5856], [7.949, 62.5857], [7.9444, 62.585], [7.9356, 62.5836], [7.9269, 62.5824], [7.9207, 62.5816], [7.9146, 62.5808], [7.9085, 62.58], [7.9013, 62.579], [7.894, 62.578], [7.8866, 62.577], [7.879, 62.576], [7.872, 62.575], [7.8717, 62.575], [7.8689, 62.5746], [7.8654, 62.5732], [7.861, 62.5712], [7.8599, 62.5698], [7.8588, 62.5685], [7.8551, 62.5641], [7.8542, 62.5629], [7.8537, 62.5623], [7.8527, 62.5611], [7.8511, 62.5592], [7.8494, 62.5571], [7.848, 62.5542], [7.8469, 62.552], [7.8451, 62.5484], [7.8442, 62.5464], [7.8429, 62.5438], [7.8418, 62.5416], [7.841, 62.5398], [7.8391, 62.5384], [7.8369, 62.5365], [7.8342, 62.5344], [7.8321, 62.5327], [7.8295, 62.5306], [7.8271, 62.5287], [7.8245, 62.5269], [7.8237, 62.5264], [7.8197, 62.5245], [7.8162, 62.5229], [7.8132, 62.5216], [7.8092, 62.5198], [7.8061, 62.5184], [7.8026, 62.5168], [7.7962, 62.5147], [7.7945, 62.5145], [7.7933, 62.5146], [7.7924, 62.5147], [7.791, 62.5148], [7.7897, 62.5149], [7.7857, 62.5152], [7.7825, 62.5154], [7.7759, 62.5175], [7.7701, 62.5193], [7.7657, 62.5207], [7.7643, 62.5208]]}}, {"type": "Feature", "properties": {"osm_type": "line", "voltage_kv": 300.0, "name": "Ulven - Furuset", "avail": 63, "avail_node": "Gr\u00f8nland"}, "geometry": {"type": "LineString", "coordinates": [[10.8163, 59.9232], [10.8195, 59.9236], [10.8242, 59.9241], [10.8286, 59.9247], [10.8302, 59.9248], [10.8319, 59.925], [10.8321, 59.9251], [10.8323, 59.9251], [10.8359, 59.9268], [10.8398, 59.9285], [10.8443, 59.9305], [10.8444, 59.9305], [10.8478, 59.932], [10.8511, 59.9335], [10.8554, 59.9354], [10.8555, 59.9355], [10.8599, 59.937], [10.8656, 59.9378], [10.8703, 59.9384], [10.8735, 59.9396], [10.8777, 59.9421], [10.8787, 59.9427]]}}, {"type": "Feature", "properties": {"osm_type": "line", "voltage_kv": 300.0, "name": "Jostedal - Leird\u00f8la", "avail": 0}, "geometry": {"type": "LineString", "coordinates": [[7.2835, 61.5238], [7.2818, 61.5225], [7.273, 61.5183], [7.2662, 61.515], [7.262, 61.5129], [7.2602, 61.5089], [7.259, 61.5064], [7.2573, 61.5027], [7.2533, 61.4978], [7.2498, 61.4963], [7.2428, 61.4857], [7.2393, 61.4842], [7.2381, 61.4806], [7.2383, 61.478], [7.2385, 61.4762], [7.2392, 61.4698], [7.2396, 61.4659], [7.2402, 61.4629], [7.2406, 61.4594], [7.241, 61.4557], [7.2413, 61.4532], [7.2417, 61.4502], [7.2418, 61.4482], [7.2426, 61.4457], [7.2434, 61.4431], [7.2438, 61.4408]]}}, {"type": "Feature", "properties": {"osm_type": "line", "voltage_kv": 420.0, "name": "Usta - Dagali", "avail": 0}, "geometry": {"type": "LineString", "coordinates": [[8.4062, 60.5731], [8.4038, 60.5706], [8.4026, 60.5694], [8.3997, 60.5661], [8.3978, 60.5639], [8.3967, 60.5626], [8.3957, 60.5615], [8.3964, 60.5606], [8.3979, 60.5586], [8.3997, 60.556], [8.4019, 60.5531], [8.4034, 60.551], [8.4045, 60.5492], [8.4052, 60.5479], [8.4048, 60.5456], [8.4044, 60.5435], [8.404, 60.5411], [8.4036, 60.5391], [8.4069, 60.5366], [8.4094, 60.5347], [8.4116, 60.5329], [8.4138, 60.5319], [8.4174, 60.5303], [8.4211, 60.5286], [8.4239, 60.5273], [8.4273, 60.5258], [8.43, 60.5246], [8.4336, 60.5229], [8.4357, 60.5218], [8.4375, 60.5209], [8.4416, 60.5187], [8.4479, 60.5153], [8.4521, 60.5131], [8.4566, 60.5107], [8.4602, 60.5088], [8.4644, 60.5065], [8.4695, 60.5038], [8.474, 60.5014], [8.479, 60.4987], [8.4828, 60.4967], [8.4839, 60.4954], [8.4857, 60.4932], [8.4879, 60.4905], [8.4898, 60.4882], [8.4925, 60.4849], [8.4943, 60.4827], [8.4958, 60.4808], [8.4977, 60.4785], [8.5006, 60.4749], [8.503, 60.4721], [8.5049, 60.4697], [8.5065, 60.4678], [8.5082, 60.4658], [8.5099, 60.4637], [8.5112, 60.462], [8.5126, 60.4603], [8.515, 60.4574], [8.5166, 60.4555], [8.5195, 60.4546], [8.526, 60.4526], [8.5319, 60.4507], [8.5352, 60.4497], [8.5411, 60.4479], [8.5468, 60.4461], [8.5531, 60.4442], [8.5571, 60.4429], [8.5614, 60.4416], [8.5646, 60.441], [8.5693, 60.4401], [8.5727, 60.4395]]}}, {"type": "Feature", "properties": {"osm_type": "line", "voltage_kv": 250.0, "name": "Kristiansand - Kvarenes sk2,", "avail": 17, "avail_node": "LUND"}, "geometry": {"type": "LineString", "coordinates": [[7.9039, 58.2603], [7.9055, 58.2591], [7.9056, 58.259], [7.9062, 58.2585], [7.9063, 58.2585], [7.9085, 58.2573], [7.912, 58.2554], [7.9125, 58.2535], [7.9134, 58.2501], [7.9138, 58.2485], [7.9144, 58.2448], [7.9152, 58.2428], [7.9169, 58.2384], [7.9183, 58.2358], [7.9191, 58.2337], [7.9198, 58.2317], [7.9274, 58.2302], [7.93, 58.2297], [7.9351, 58.2287], [7.9372, 58.2283], [7.9383, 58.2281], [7.9397, 58.2279], [7.9397, 58.2279], [7.9447, 58.2271], [7.948, 58.2266], [7.9514, 58.2261], [7.9557, 58.2253], [7.9619, 58.2242], [7.9652, 58.2236], [7.9707, 58.2224], [7.9782, 58.2215], [7.9858, 58.2208], [7.9903, 58.2204], [7.9939, 58.22], [8.0025, 58.2192], [8.0031, 58.2192], [8.0066, 58.2188], [8.0133, 58.2192], [8.0194, 58.2195], [8.0207, 58.2196], [8.0255, 58.2208], [8.0333, 58.2228], [8.0344, 58.2231], [8.0374, 58.2239], [8.0495, 58.2249], [8.052, 58.2251], [8.0546, 58.2254], [8.0577, 58.2257], [8.063, 58.2262], [8.0653, 58.2264], [8.0727, 58.2271], [8.073, 58.2271], [8.0731, 58.2272], [8.0736, 58.2272], [8.0829, 58.2295], [8.0853, 58.2301], [8.0883, 58.2304], [8.092, 58.2308], [8.0965, 58.2313], [8.101, 58.2318], [8.1054, 58.2308], [8.1085, 58.2299], [8.1127, 58.2288], [8.1145, 58.2283], [8.1171, 58.2275], [8.1173, 58.2275], [8.1229, 58.2261], [8.1238, 58.2258], [8.1273, 58.225], [8.1279, 58.2217], [8.1285, 58.2187], [8.1289, 58.2164], [8.1308, 58.2135], [8.1329, 58.2108], [8.1353, 58.2073], [8.1375, 58.2039], [8.1391, 58.2018], [8.1411, 58.1992], [8.1442, 58.1955], [8.1458, 58.194], [8.1495, 58.1912], [8.1513, 58.1898], [8.1541, 58.1878], [8.1566, 58.1859], [8.1579, 58.184], [8.1592, 58.1819], [8.1602, 58.1803], [8.1615, 58.1783], [8.1603, 58.1757], [8.1582, 58.1712], [8.1574, 58.169], [8.157, 58.1676], [8.1559, 58.1646], [8.155, 58.1618], [8.1543, 58.1592], [8.1548, 58.1549], [8.1551, 58.1532], [8.1555, 58.1501], [8.1558, 58.148], [8.1563, 58.1449], [8.1567, 58.142], [8.1571, 58.1379], [8.1572, 58.137], [8.1575, 58.1341], [8.1576, 58.1332], [8.1617, 58.1307], [8.1629, 58.1306]]}}, {"type": "Feature", "properties": {"osm_type": "line", "voltage_kv": 525.0, "name": "Ertsmyra - Vollesfjord", "avail": 28, "avail_node": "AUSTERDALEN"}, "geometry": {"type": "LineString", "coordinates": [[6.7545, 58.668], [6.7548, 58.666], [6.7524, 58.6616], [6.7503, 58.6592], [6.7482, 58.6567], [6.7474, 58.6559], [6.747, 58.6554], [6.7458, 58.654], [6.7437, 58.6516], [6.7415, 58.649], [6.7399, 58.6472], [6.7371, 58.6439], [6.7341, 58.6405], [6.733, 58.6381], [6.7325, 58.636], [6.7323, 58.6348], [6.7333, 58.6328], [6.7346, 58.6304], [6.7363, 58.6272], [6.7374, 58.6255], [6.7392, 58.6227], [6.7407, 58.6205], [6.7424, 58.6179], [6.7436, 58.6152], [6.7517, 58.607], [6.7542, 58.6045], [6.7558, 58.5997], [6.7569, 58.5964], [6.758, 58.593], [6.7595, 58.588], [6.7603, 58.5858], [6.7609, 58.5839], [6.7617, 58.5812], [6.7625, 58.5788], [6.763, 58.5766], [6.7638, 58.5727], [6.7644, 58.5697], [6.7649, 58.5673], [6.7655, 58.5644], [6.7661, 58.5618], [6.7682, 58.5564], [6.7691, 58.5541], [6.7704, 58.5509], [6.7714, 58.5483], [6.7734, 58.5433], [6.7746, 58.5402], [6.7757, 58.5374], [6.7762, 58.5363], [6.7772, 58.5335], [6.7779, 58.5319], [6.7786, 58.53], [6.7808, 58.5244], [6.7818, 58.522], [6.7827, 58.52], [6.784, 58.5179], [6.7861, 58.5146], [6.7887, 58.5104], [6.7905, 58.5075], [6.7924, 58.5044], [6.7953, 58.4997], [6.7976, 58.4961], [6.8004, 58.4929], [6.8041, 58.4888], [6.8066, 58.4859], [6.8097, 58.4824], [6.8115, 58.4803], [6.8127, 58.4791], [6.8168, 58.4749], [6.8179, 58.474], [6.8208, 58.4711], [6.8241, 58.468], [6.8247, 58.4674], [6.8257, 58.4664], [6.8296, 58.4628], [6.8339, 58.4587], [6.8372, 58.4556], [6.8413, 58.4516], [6.846, 58.4472], [6.8503, 58.4404], [6.8518, 58.4379], [6.8527, 58.4365], [6.8542, 58.4342], [6.8563, 58.4303], [6.8599, 58.4236], [6.8614, 58.4209], [6.8625, 58.4188], [6.8634, 58.4165], [6.8642, 58.4144], [6.8652, 58.4118], [6.8658, 58.4101], [6.8676, 58.4052], [6.8695, 58.4002], [6.87, 58.3988], [6.8722, 58.3926], [6.873, 58.3906], [6.8742, 58.3873], [6.8752, 58.3831], [6.8758, 58.3809], [6.8765, 58.3779], [6.8772, 58.3753], [6.8786, 58.3697], [6.8801, 58.364], [6.8806, 58.3617], [6.8814, 58.3587], [6.8824, 58.3545], [6.8835, 58.3504], [6.8814, 58.3453], [6.8801, 58.342], [6.8786, 58.3383], [6.8734, 58.336], [6.8668, 58.3343], [6.8614, 58.3329], [6.8568, 58.3316], [6.8531, 58.3306], [6.8473, 58.3288], [6.8424, 58.3273], [6.8387, 58.3267], [6.8344, 58.3255], [6.8206, 58.3203], [6.8159, 58.3167], [6.8156, 58.3164], [6.812, 58.3138], [6.8083, 58.3111], [6.8048, 58.3086], [6.8031, 58.3073], [6.7968, 58.3027], [6.7933, 58.3002], [6.7907, 58.2982], [6.7877, 58.2963], [6.7841, 58.294], [6.7802, 58.2913], [6.7749, 58.2876], [6.7664, 58.2815], [6.7625, 58.2787], [6.7609, 58.2775], [6.7582, 58.2771], [6.7505, 58.2758], [6.7463, 58.2752], [6.735, 58.2735], [6.7261, 58.2722], [6.7256, 58.2721], [6.7235, 58.2718], [6.7194, 58.2712], [6.7134, 58.2703], [6.7109, 58.2699], [6.7036, 58.2691], [6.6994, 58.2686], [6.6925, 58.2678], [6.6842, 58.267]]}}, {"type": "Feature", "properties": {"osm_type": "line", "voltage_kv": 300.0, "name": "Aura - V\u00e5g\u00e5mo", "avail": 3, "avail_node": "Lora"}, "geometry": {"type": "LineString", "coordinates": [[8.6271, 62.3948], [8.6284, 62.3921], [8.6299, 62.3891], [8.6313, 62.3864], [8.6329, 62.3833], [8.6337, 62.3815], [8.6348, 62.3792], [8.636, 62.3767], [8.6374, 62.3738], [8.6411, 62.3718], [8.6465, 62.3687], [8.6512, 62.3661], [8.6563, 62.3633], [8.6611, 62.3606], [8.6666, 62.3576], [8.6728, 62.3541], [8.6788, 62.3507], [8.6841, 62.3478], [8.6899, 62.3445], [8.6956, 62.3409], [8.7019, 62.337], [8.7067, 62.3339], [8.7128, 62.3301], [8.7161, 62.328], [8.7172, 62.325], [8.7182, 62.3218], [8.7195, 62.3179], [8.7209, 62.3137], [8.722, 62.3104], [8.7234, 62.306], [8.7247, 62.3022], [8.7261, 62.298], [8.7272, 62.2948], [8.7291, 62.2933], [8.732, 62.291], [8.7364, 62.2876], [8.7412, 62.2838], [8.7458, 62.2802], [8.7507, 62.2763], [8.755, 62.273], [8.7586, 62.2701], [8.7638, 62.2681], [8.7699, 62.2658], [8.7781, 62.2625], [8.7851, 62.2598], [8.7918, 62.2572], [8.7988, 62.2545], [8.8049, 62.2521], [8.8128, 62.2491], [8.8198, 62.2464], [8.82, 62.2457], [8.8201, 62.2452], [8.8212, 62.2421], [8.8222, 62.2393], [8.823, 62.2368], [8.8242, 62.2335], [8.8253, 62.23], [8.8263, 62.2272], [8.8273, 62.2242], [8.8283, 62.2215], [8.8288, 62.2199], [8.8324, 62.217], [8.8353, 62.2147], [8.8387, 62.212], [8.8421, 62.2093], [8.8457, 62.2064], [8.8489, 62.2039], [8.8529, 62.2007], [8.8558, 62.1984], [8.859, 62.1959], [8.8632, 62.1926], [8.8652, 62.191], [8.8672, 62.1894], [8.8709, 62.1865], [8.8751, 62.1833], [8.8793, 62.18], [8.8831, 62.1771], [8.8859, 62.1742], [8.8884, 62.1717], [8.8914, 62.1686], [8.8946, 62.1655], [8.8975, 62.1625], [8.8997, 62.1602], [8.9023, 62.1576], [8.9047, 62.1552], [8.9079, 62.1519], [8.9135, 62.15], [8.9192, 62.148], [8.9257, 62.1458], [8.9322, 62.1435], [8.938, 62.1415], [8.9433, 62.1396], [8.948, 62.138], [8.9534, 62.1361], [8.9564, 62.1351], [8.9608, 62.1335], [8.9645, 62.1306], [8.9645, 62.1283], [8.9646, 62.125], [8.9646, 62.1224], [8.9647, 62.1177], [8.9648, 62.115], [8.9648, 62.1123], [8.9648, 62.1106], [8.9648, 62.1103], [8.9649, 62.1062], [8.965, 62.1029], [8.965, 62.1028], [8.965, 62.1022], [8.965, 62.0977], [8.9651, 62.096], [8.9651, 62.0929], [8.9651, 62.09], [8.9652, 62.0849], [8.9653, 62.0823], [8.9653, 62.0798], [8.9653, 62.0772], [8.9654, 62.0744], [8.9654, 62.072], [8.9655, 62.0694], [8.9655, 62.0657], [8.9656, 62.0632], [8.9656, 62.0604], [8.9657, 62.0579], [8.9657, 62.0551], [8.9658, 62.051], [8.9658, 62.048], [8.9658, 62.0438], [8.9658, 62.04], [8.963, 62.0358], [8.9615, 62.0336], [8.9597, 62.0308], [8.9577, 62.0279], [8.9563, 62.0257], [8.9547, 62.0234], [8.9574, 62.0193], [8.9599, 62.0153], [8.9619, 62.0121], [8.9636, 62.0093], [8.9661, 62.0053], [8.9682, 62.0026], [8.9703, 61.9999], [8.9726, 61.9971], [8.9759, 61.9929], [8.9786, 61.9895], [8.981, 61.9866], [8.9841, 61.9825], [8.9873, 61.9786], [8.9905, 61.9746], [8.993, 61.9713], [8.9949, 61.9689], [8.9959, 61.9642], [8.9963, 61.9618], [8.997, 61.9588], [8.9977, 61.9557], [8.9985, 61.9518], [8.9996, 61.9467], [9.0007, 61.9416], [9.0016, 61.9374], [9.0027, 61.9328], [9.0052, 61.9292], [9.0079, 61.9251], [9.0113, 61.9203], [9.0146, 61.9155], [9.0173, 61.9116], [9.0188, 61.9094], [9.0197, 61.9075], [9.0209, 61.9046], [9.0219, 61.9022], [9.0225, 61.9008], [9.0233, 61.899], [9.0235, 61.8985], [9.0245, 61.8962], [9.0254, 61.894], [9.0303, 61.8927], [9.0326, 61.8921], [9.0365, 61.891], [9.0429, 61.8893], [9.0496, 61.8875], [9.0555, 61.8859], [9.0598, 61.8847], [9.0666, 61.8839], [9.0728, 61.8831], [9.0763, 61.8826]]}}, {"type": "Feature", "properties": {"osm_type": "line", "voltage_kv": 420.0, "name": "Rana - Nedre R\u00f8ss\u00e5ga", "avail": 0}, "geometry": {"type": "LineString", "coordinates": [[14.2659, 66.3004], [14.2656, 66.2995], [14.2651, 66.2981], [14.265, 66.2976], [14.2644, 66.2951], [14.2637, 66.292], [14.2632, 66.2894], [14.2626, 66.2869], [14.2621, 66.2844], [14.2617, 66.2824], [14.2612, 66.28], [14.2608, 66.2782], [14.2602, 66.2756], [14.2598, 66.2738], [14.2594, 66.2719], [14.259, 66.27], [14.2584, 66.2672], [14.2578, 66.2643], [14.2578, 66.2641], [14.2565, 66.2583], [14.2514, 66.2548], [14.2475, 66.2521], [14.2451, 66.2505], [14.2423, 66.2485], [14.2396, 66.2467], [14.2373, 66.2451], [14.2338, 66.2427], [14.2308, 66.2407], [14.2293, 66.2397], [14.2274, 66.2387], [14.2216, 66.2356], [14.2172, 66.2332], [14.214, 66.2315], [14.2088, 66.2288], [14.2067, 66.2276], [14.1992, 66.2237], [14.1905, 66.2191], [14.1861, 66.2167], [14.1836, 66.2154], [14.1814, 66.2142], [14.1808, 66.213], [14.1786, 66.2091], [14.1764, 66.2052], [14.1755, 66.2037], [14.1741, 66.2011], [14.1733, 66.1996], [14.172, 66.1973], [14.1709, 66.1953], [14.167, 66.1935], [14.1623, 66.1922], [14.1577, 66.1909], [14.1514, 66.1891], [14.1458, 66.1875], [14.1409, 66.1862], [14.1354, 66.1846], [14.1283, 66.1826], [14.1199, 66.1803], [14.1122, 66.1781], [14.1082, 66.177], [14.1035, 66.1756], [14.0992, 66.1744], [14.087, 66.171], [14.0806, 66.1692], [14.0734, 66.1682], [14.065, 66.167], [14.0584, 66.1661], [14.0546, 66.1657], [14.0489, 66.1652], [14.0401, 66.1644], [14.0278, 66.1632], [14.0247, 66.1629], [14.0213, 66.1626], [14.0131, 66.1612], [14.002, 66.1595], [13.9938, 66.1581], [13.9881, 66.1571], [13.9821, 66.156], [13.9757, 66.1549], [13.969, 66.1537], [13.9646, 66.1519], [13.9569, 66.1486], [13.9513, 66.1463], [13.945, 66.1436], [13.9401, 66.1416], [13.9399, 66.1401], [13.9394, 66.1374], [13.9388, 66.1337], [13.9382, 66.1296], [13.9377, 66.1265], [13.9372, 66.1236], [13.9368, 66.1211], [13.9359, 66.1176], [13.9351, 66.1146], [13.9346, 66.1127], [13.9329, 66.111], [13.9304, 66.1083], [13.9279, 66.1058], [13.9265, 66.1033], [13.9249, 66.1004], [13.9239, 66.0985], [13.9229, 66.0969], [13.9221, 66.0954], [13.9208, 66.0931], [13.9178, 66.0909], [13.9157, 66.0893], [13.9121, 66.0867], [13.9085, 66.0841], [13.9033, 66.0803], [13.9015, 66.0789], [13.8964, 66.0753], [13.8939, 66.0734], [13.8936, 66.0731], [13.8876, 66.0732], [13.882, 66.0727], [13.8759, 66.0722], [13.87, 66.0717], [13.863, 66.0711], [13.8583, 66.0699], [13.8532, 66.0687], [13.8466, 66.067], [13.8411, 66.0657], [13.8346, 66.0639], [13.8318, 66.0627], [13.8226, 66.0587], [13.8181, 66.057], [13.8141, 66.0555], [13.808, 66.0544], [13.8003, 66.0531], [13.7934, 66.0516], [13.7906, 66.0508]]}}, {"type": "Feature", "properties": {"osm_type": "line", "voltage_kv": 132.0, "name": "RE_132HL04_3", "avail": 0}, "geometry": {"type": "LineString", "coordinates": [[8.7219, 63.1841], [8.7221, 63.1839], [8.7232, 63.1821], [8.7242, 63.1807], [8.7245, 63.1803], [8.7249, 63.1796], [8.7253, 63.1791], [8.7259, 63.1782], [8.7266, 63.1771], [8.7278, 63.1753], [8.7286, 63.1741], [8.7292, 63.1733], [8.7299, 63.1722], [8.7306, 63.1712], [8.7314, 63.1701], [8.7322, 63.1688], [8.733, 63.1677], [8.7338, 63.1664], [8.7353, 63.1655], [8.7365, 63.1647], [8.7374, 63.164], [8.7406, 63.1619], [8.7426, 63.1605], [8.7435, 63.1599], [8.7443, 63.1594], [8.7459, 63.1583], [8.7474, 63.1573], [8.7499, 63.1557], [8.7514, 63.1546], [8.7525, 63.1539], [8.7545, 63.1525], [8.756, 63.1515], [8.7575, 63.1506], [8.7592, 63.1494], [8.7616, 63.1477], [8.7638, 63.1463], [8.7643, 63.146], [8.7651, 63.1454], [8.7656, 63.1451], [8.7665, 63.1445], [8.7693, 63.1426], [8.7709, 63.1415], [8.7722, 63.1407], [8.7729, 63.1394], [8.7737, 63.1381], [8.7744, 63.1369], [8.7754, 63.1351], [8.7762, 63.1338], [8.7765, 63.1335], [8.7772, 63.1322], [8.7781, 63.1306], [8.7786, 63.1299], [8.7787, 63.1287], [8.7789, 63.1274], [8.7791, 63.1264], [8.7793, 63.1254], [8.7794, 63.1245], [8.7796, 63.1228], [8.7798, 63.1216], [8.78, 63.1204], [8.7829, 63.1198], [8.7847, 63.1194], [8.786, 63.1191], [8.787, 63.1189]]}}, {"type": "Feature", "properties": {"osm_type": "line", "voltage_kv": 300.0, "name": "\u00d8vre Vinstra - F\u00e5berg", "avail": 9, "avail_node": "Tretten"}, "geometry": {"type": "LineString", "coordinates": [[9.3175, 61.4807], [9.3187, 61.4804], [9.3238, 61.4791], [9.3298, 61.4777], [9.3374, 61.4761], [9.3435, 61.4749], [9.348, 61.474], [9.3567, 61.4723], [9.3611, 61.4714], [9.371, 61.4695], [9.377, 61.4683], [9.3843, 61.4668], [9.3899, 61.4657], [9.3944, 61.4648], [9.3991, 61.4647], [9.4059, 61.4646], [9.4137, 61.4644], [9.4212, 61.4643], [9.4307, 61.4641], [9.439, 61.464], [9.4505, 61.4637], [9.4576, 61.4635], [9.4649, 61.4632], [9.471, 61.463], [9.4713, 61.463], [9.4767, 61.4628], [9.4827, 61.4619], [9.4892, 61.4609], [9.4971, 61.4598], [9.5035, 61.4588], [9.5111, 61.4577], [9.5194, 61.4564], [9.528, 61.4551], [9.5324, 61.4544], [9.5388, 61.4535], [9.5454, 61.4525], [9.5506, 61.4512], [9.5556, 61.4499], [9.5611, 61.4484], [9.5654, 61.4473], [9.572, 61.4454], [9.5764, 61.4441], [9.5801, 61.4431], [9.5848, 61.4417], [9.5882, 61.4407], [9.5924, 61.4394], [9.596, 61.4383], [9.6008, 61.4369], [9.6047, 61.4357], [9.6099, 61.4342], [9.6151, 61.4326], [9.618, 61.4317], [9.6226, 61.4303], [9.6273, 61.4289], [9.6308, 61.4279], [9.6349, 61.4266], [9.6388, 61.4254], [9.6431, 61.4241], [9.6467, 61.4231], [9.6505, 61.4219], [9.6552, 61.4205], [9.6602, 61.419], [9.665, 61.4175], [9.6702, 61.4159], [9.6752, 61.4144], [9.6792, 61.4132], [9.6853, 61.4114], [9.6901, 61.4099], [9.6941, 61.4087], [9.6988, 61.4073], [9.7041, 61.4057], [9.7091, 61.4041], [9.7137, 61.4027], [9.7184, 61.4013], [9.7229, 61.3999], [9.7265, 61.3988], [9.7394, 61.3964], [9.7453, 61.3953], [9.7516, 61.3941], [9.7582, 61.3928], [9.7644, 61.3916], [9.7702, 61.3905], [9.7758, 61.3894], [9.784, 61.3883], [9.7885, 61.3877], [9.793, 61.3871], [9.7983, 61.3864], [9.8071, 61.3852], [9.814, 61.3843], [9.8213, 61.3833], [9.8273, 61.3825], [9.8321, 61.3818], [9.8375, 61.3811], [9.8432, 61.3803], [9.8483, 61.3796], [9.8522, 61.3791], [9.8556, 61.3787], [9.859, 61.3782], [9.863, 61.3777], [9.8664, 61.3772], [9.8717, 61.376], [9.8757, 61.3751], [9.8819, 61.3737], [9.887, 61.3726], [9.8922, 61.3715], [9.8975, 61.3703], [9.9035, 61.3689], [9.9104, 61.3674], [9.9144, 61.3665], [9.9182, 61.3657], [9.924, 61.3644], [9.9298, 61.3631], [9.9339, 61.3622], [9.9395, 61.3609], [9.9455, 61.3596], [9.9522, 61.3581], [9.9578, 61.3568], [9.9643, 61.3554], [9.9694, 61.3542], [9.9729, 61.3535], [9.9791, 61.3521], [9.9837, 61.351], [9.9941, 61.349], [9.9995, 61.3479], [10.0029, 61.3471], [10.0093, 61.3456], [10.0148, 61.3443], [10.0195, 61.3431], [10.0249, 61.3418], [10.0295, 61.3402], [10.0337, 61.3388], [10.0374, 61.3375], [10.0422, 61.3359], [10.0441, 61.3352], [10.0478, 61.3339], [10.0521, 61.3324], [10.0569, 61.3308], [10.0642, 61.3283], [10.0701, 61.3262], [10.0753, 61.3245], [10.0802, 61.3228], [10.081, 61.3225], [10.0859, 61.3208], [10.0925, 61.3185], [10.0985, 61.3164], [10.1046, 61.3143], [10.1108, 61.3122], [10.1153, 61.3106], [10.1208, 61.3087], [10.1263, 61.3068], [10.1309, 61.3051], [10.1362, 61.3033], [10.1413, 61.3015], [10.1462, 61.2998], [10.1511, 61.2981], [10.1555, 61.2966], [10.1603, 61.2949], [10.1631, 61.2926], [10.1632, 61.2925], [10.1632, 61.2925], [10.1676, 61.289], [10.1677, 61.2889], [10.1708, 61.2863], [10.171, 61.2861], [10.1712, 61.286], [10.1714, 61.2859], [10.1772, 61.2812], [10.1799, 61.2791], [10.1833, 61.2767], [10.1861, 61.2746], [10.1889, 61.2734], [10.1898, 61.2731], [10.1906, 61.2728], [10.1916, 61.2725], [10.1969, 61.2706], [10.2006, 61.2693], [10.2012, 61.269], [10.2055, 61.2675], [10.2094, 61.2664], [10.2152, 61.2648], [10.2196, 61.2636], [10.2268, 61.2616], [10.2332, 61.2598], [10.2382, 61.2584], [10.2441, 61.2568], [10.2492, 61.2554], [10.2561, 61.2535], [10.2632, 61.2515], [10.2687, 61.25], [10.2735, 61.2486], [10.2791, 61.2471], [10.2837, 61.2458], [10.2875, 61.2444], [10.2927, 61.2425], [10.2958, 61.2403], [10.2988, 61.2382], [10.3029, 61.2353], [10.3052, 61.2327], [10.3084, 61.2293], [10.3113, 61.2261], [10.3156, 61.2238], [10.321, 61.221], [10.3235, 61.2196], [10.3262, 61.2175], [10.3292, 61.215], [10.3317, 61.2131], [10.3331, 61.212], [10.3339, 61.2113], [10.3353, 61.2097], [10.3365, 61.2082], [10.3407, 61.2041], [10.3431, 61.2018], [10.3451, 61.1998], [10.348, 61.1971], [10.3508, 61.1943], [10.3545, 61.1908], [10.357, 61.1884], [10.3592, 61.1863], [10.3612, 61.1844], [10.3636, 61.1821], [10.3665, 61.1793], [10.3683, 61.1776], [10.3694, 61.1765], [10.3713, 61.175], [10.3717, 61.1747], [10.3739, 61.1729], [10.3746, 61.1724], [10.3773, 61.1703], [10.3776, 61.17], [10.3801, 61.1682], [10.382, 61.1666], [10.3823, 61.1664], [10.3829, 61.166], [10.3844, 61.1648], [10.3864, 61.1632], [10.3871, 61.1627], [10.3882, 61.1615], [10.3897, 61.1598], [10.3901, 61.1595], [10.3905, 61.159], [10.3935, 61.1558], [10.3952, 61.154], [10.3972, 61.1518], [10.3994, 61.1495], [10.401, 61.1478], [10.4032, 61.1454], [10.4055, 61.1429], [10.4081, 61.1401], [10.4122, 61.1391], [10.4159, 61.1381]]}}, {"type": "Feature", "properties": {"osm_type": "line", "voltage_kv": 300.0, "name": "Tokke - T_Flatin (R\u00f8d)", "avail": 0}, "geometry": {"type": "LineString", "coordinates": [[8.0375, 59.4504], [8.0375, 59.4505], [8.039, 59.4527], [8.0405, 59.455], [8.0473, 59.4577], [8.0518, 59.4594], [8.0549, 59.4606], [8.0624, 59.4634], [8.0694, 59.466], [8.0737, 59.4675], [8.0812, 59.4702], [8.0878, 59.4708], [8.0949, 59.4715], [8.1018, 59.4722], [8.1082, 59.4728], [8.1148, 59.4734], [8.1205, 59.4739], [8.1297, 59.4748], [8.1376, 59.4751], [8.1504, 59.4757], [8.1525, 59.4758], [8.1619, 59.4762], [8.1674, 59.4766], [8.174, 59.4771], [8.1787, 59.4775], [8.1827, 59.4773], [8.1913, 59.477], [8.1993, 59.4767], [8.2033, 59.4765], [8.2119, 59.4762], [8.2181, 59.476], [8.2231, 59.4758], [8.2291, 59.4769], [8.2378, 59.4786], [8.2473, 59.4804], [8.2518, 59.4814], [8.2555, 59.4823], [8.2667, 59.4826], [8.2731, 59.4827], [8.2843, 59.4835], [8.2915, 59.4841], [8.2951, 59.4844], [8.2986, 59.4852], [8.3017, 59.4859], [8.3064, 59.487], [8.3078, 59.4873], [8.3131, 59.4886], [8.3171, 59.4895], [8.3211, 59.4904], [8.3254, 59.4915], [8.3283, 59.4916], [8.3314, 59.4918], [8.3396, 59.4923], [8.3447, 59.4932], [8.3498, 59.4942], [8.3554, 59.4952], [8.3587, 59.4958], [8.3616, 59.4963], [8.3666, 59.4972], [8.373, 59.4984], [8.3779, 59.4993], [8.3849, 59.5006], [8.3896, 59.5015], [8.3957, 59.5026], [8.4021, 59.5037], [8.4066, 59.5036], [8.4146, 59.5033], [8.4187, 59.5031], [8.424, 59.503], [8.4341, 59.5026], [8.4412, 59.5026], [8.4449, 59.5025], [8.448, 59.5025], [8.4559, 59.5024], [8.4617, 59.5018], [8.4693, 59.501], [8.4753, 59.5003], [8.4805, 59.5005], [8.4855, 59.5007], [8.4919, 59.5011], [8.5043, 59.5015], [8.5109, 59.5018], [8.5186, 59.5021], [8.5271, 59.5032], [8.5322, 59.5039], [8.5427, 59.5046], [8.55, 59.505], [8.5547, 59.5052], [8.5603, 59.5055], [8.5635, 59.5057], [8.5764, 59.5049], [8.5779, 59.5043], [8.5824, 59.5027], [8.5899, 59.5], [8.5914, 59.4994], [8.5966, 59.4994], [8.6047, 59.4985], [8.61, 59.4979], [8.6159, 59.4972], [8.6198, 59.4968], [8.624, 59.4985], [8.6254, 59.4991]]}}, {"type": "Feature", "properties": {"osm_type": "line", "voltage_kv": 132.0, "name": "RE_132HL05_5", "avail": 0}, "geometry": {"type": "LineString", "coordinates": [[8.7002, 63.3638], [8.6914, 63.3596]]}}, {"type": "Feature", "properties": {"osm_type": "line", "voltage_kv": 300.0, "name": "Dale - Arna", "avail": 19, "avail_node": "Oster\u00f8y"}, "geometry": {"type": "LineString", "coordinates": [[5.8063, 60.5806], [5.8032, 60.579], [5.7994, 60.5775], [5.7943, 60.5775], [5.7821, 60.5773], [5.7677, 60.5747], [5.7532, 60.5722], [5.7445, 60.5681], [5.739, 60.5655], [5.7344, 60.5634], [5.7076, 60.562], [5.7043, 60.5616], [5.6952, 60.5606], [5.6896, 60.5601], [5.6841, 60.5595], [5.6795, 60.5587], [5.6748, 60.5578], [5.6689, 60.5542], [5.6635, 60.5509], [5.6579, 60.5475], [5.6565, 60.5467], [5.652, 60.5442], [5.6446, 60.54], [5.6419, 60.5374], [5.6415, 60.5327], [5.6412, 60.5276], [5.6408, 60.5236], [5.6406, 60.5223], [5.6405, 60.521], [5.6405, 60.5207], [5.6383, 60.518], [5.636, 60.5151], [5.6307, 60.5086], [5.6284, 60.5057], [5.6274, 60.5044], [5.625, 60.5015], [5.6229, 60.4991], [5.6207, 60.4965], [5.6188, 60.4942], [5.617, 60.4921], [5.6121, 60.4864], [5.6077, 60.4812], [5.6057, 60.4792], [5.6038, 60.4773], [5.6025, 60.4761], [5.5998, 60.4741], [5.5978, 60.4727], [5.5938, 60.4697], [5.5922, 60.4685], [5.5892, 60.4662], [5.5867, 60.4644], [5.5845, 60.4627], [5.5824, 60.4612], [5.5794, 60.4589], [5.5772, 60.4573], [5.5747, 60.4554], [5.5701, 60.4506], [5.5698, 60.4503], [5.5675, 60.4479], [5.5661, 60.4463], [5.5651, 60.4453], [5.5575, 60.4419], [5.5543, 60.4404], [5.551, 60.439], [5.5444, 60.4357], [5.5438, 60.4324], [5.5417, 60.422], [5.5412, 60.4197], [5.5392, 60.4193], [5.5372, 60.4189], [5.5208, 60.4147], [5.5176, 60.4139], [5.511, 60.4122], [5.5075, 60.4114], [5.5036, 60.4104], [5.4994, 60.4093], [5.4968, 60.4085], [5.4926, 60.4072], [5.4835, 60.4045], [5.4808, 60.3997], [5.4796, 60.3975], [5.4782, 60.395], [5.4759, 60.395], [5.4732, 60.395], [5.4615, 60.3953], [5.4613, 60.3952]]}}, {"type": "Feature", "properties": {"osm_type": "line", "name": "Jord Evanger - Dale 2", "avail": 0}, "geometry": {"type": "LineString", "coordinates": [[5.8997, 60.6363], [5.8997, 60.6362], [5.8996, 60.6361], [5.8981, 60.6346], [5.8979, 60.6343]]}}, {"type": "Feature", "properties": {"osm_type": "line", "voltage_kv": 300.0, "name": "R\u00f8yk\u00e5s - F\u00e5berg", "avail": 63, "avail_node": "Gr\u00f8nland"}, "geometry": {"type": "LineString", "coordinates": [[10.9325, 59.9331], [10.9324, 59.9336], [10.9322, 59.9366], [10.9356, 59.9383], [10.9379, 59.9395], [10.9412, 59.9406], [10.9439, 59.9416], [10.9481, 59.9447], [10.9511, 59.947], [10.9511, 59.9475], [10.9508, 59.9498], [10.9508, 59.9502], [10.9505, 59.9532], [10.9502, 59.9577], [10.9506, 59.9608], [10.9518, 59.9653], [10.9523, 59.968], [10.9528, 59.971], [10.9534, 59.9752], [10.9539, 59.9782], [10.9542, 59.9804], [10.9546, 59.9838], [10.9548, 59.9846], [10.9554, 59.9887], [10.9557, 59.9904], [10.9561, 59.9935], [10.9566, 59.9963], [10.9566, 59.9965], [10.9567, 59.9968], [10.9571, 59.9997], [10.9572, 60.0004], [10.9576, 60.004], [10.958, 60.0073], [10.9586, 60.0113], [10.9588, 60.0123], [10.9592, 60.0148], [10.9596, 60.0165], [10.9596, 60.0166], [10.96, 60.0188], [10.9606, 60.022], [10.9608, 60.026], [10.961, 60.0308], [10.9608, 60.0347], [10.9602, 60.0389], [10.9592, 60.0429], [10.9583, 60.0466], [10.9571, 60.0516], [10.9562, 60.055], [10.9553, 60.0587], [10.953, 60.0621], [10.9511, 60.0647], [10.949, 60.0679], [10.9462, 60.0719], [10.9433, 60.076], [10.9399, 60.081], [10.9374, 60.0846], [10.935, 60.0879], [10.9339, 60.0895], [10.9311, 60.0936], [10.9286, 60.0972], [10.9263, 60.1005], [10.9228, 60.1054], [10.9206, 60.1085], [10.9175, 60.1126], [10.9147, 60.1159], [10.9122, 60.1188], [10.9091, 60.1224], [10.9065, 60.1253], [10.9032, 60.1291], [10.9003, 60.1324], [10.8967, 60.1366], [10.8943, 60.1393], [10.8909, 60.1432], [10.8874, 60.1469], [10.8844, 60.1502], [10.8814, 60.1534], [10.8776, 60.1575], [10.8741, 60.1613], [10.871, 60.1645], [10.8684, 60.1674], [10.865, 60.171], [10.8621, 60.1741], [10.8607, 60.1765], [10.8585, 60.1804], [10.8564, 60.1841], [10.8547, 60.1869], [10.8521, 60.1914], [10.8507, 60.194], [10.8487, 60.1974], [10.8466, 60.2011], [10.8442, 60.2054], [10.8421, 60.2089], [10.8407, 60.2113], [10.8387, 60.2144], [10.8363, 60.2181], [10.8337, 60.2222], [10.8313, 60.226], [10.8284, 60.2305], [10.8262, 60.2341], [10.8233, 60.239], [10.8204, 60.2439], [10.8183, 60.2474], [10.8151, 60.2526], [10.8132, 60.2559], [10.8105, 60.2605], [10.8082, 60.2642], [10.8047, 60.2671], [10.8016, 60.2696], [10.7999, 60.2712], [10.7965, 60.2746], [10.7916, 60.2794], [10.7876, 60.2834], [10.7839, 60.287], [10.7795, 60.2913], [10.7749, 60.2959], [10.7715, 60.2993], [10.7672, 60.3035], [10.7635, 60.3072], [10.7606, 60.31], [10.7566, 60.314], [10.7532, 60.3174], [10.7495, 60.3211], [10.7457, 60.3248], [10.7425, 60.3281], [10.7399, 60.3307], [10.7369, 60.3344], [10.734, 60.3384], [10.731, 60.3425], [10.7287, 60.3457], [10.7249, 60.3488], [10.7209, 60.352], [10.7162, 60.3559], [10.7121, 60.3593], [10.7084, 60.3624], [10.7054, 60.3648], [10.7024, 60.3673], [10.7008, 60.3704], [10.6996, 60.3729], [10.6981, 60.3759], [10.6953, 60.3816], [10.6936, 60.3845], [10.6912, 60.3886], [10.6895, 60.3914], [10.6859, 60.3964], [10.6828, 60.4009], [10.6804, 60.4043], [10.6783, 60.4073], [10.676, 60.4104], [10.6727, 60.4135], [10.6686, 60.4171], [10.6655, 60.4199], [10.6613, 60.4236], [10.6573, 60.4272], [10.653, 60.431], [10.6501, 60.4337], [10.6467, 60.4372], [10.6429, 60.441], [10.6398, 60.4442], [10.637, 60.447], [10.6337, 60.4504], [10.6335, 60.4506], [10.6299, 60.4543], [10.6298, 60.4544], [10.6264, 60.4579], [10.6228, 60.4601], [10.6179, 60.4633], [10.6117, 60.4675], [10.608, 60.4699], [10.6081, 60.4732], [10.6081, 60.4779], [10.6082, 60.4808], [10.6082, 60.4839], [10.608, 60.4862], [10.6075, 60.4888], [10.607, 60.4914], [10.6058, 60.496], [10.605, 60.4981], [10.6039, 60.5011], [10.602, 60.5059], [10.6008, 60.5093], [10.5998, 60.5118], [10.5989, 60.5143], [10.5976, 60.5177], [10.5963, 60.5206], [10.5947, 60.5242], [10.5901, 60.5276], [10.587, 60.5299], [10.5824, 60.5334], [10.5793, 60.5357], [10.5739, 60.5398], [10.5694, 60.5432], [10.5661, 60.5457], [10.5621, 60.5487], [10.5586, 60.5513], [10.5544, 60.5544], [10.5534, 60.5576], [10.5532, 60.5582], [10.552, 60.5619], [10.5509, 60.5655], [10.5496, 60.5695], [10.5485, 60.5729], [10.5476, 60.5757], [10.5467, 60.5787], [10.5443, 60.5811], [10.5408, 60.5848], [10.5376, 60.5881], [10.533, 60.5924], [10.5301, 60.595], [10.5269, 60.598], [10.5235, 60.6011], [10.5196, 60.6046], [10.516, 60.6079], [10.5128, 60.6107], [10.5094, 60.6137], [10.5057, 60.6169], [10.5023, 60.62], [10.4977, 60.6243], [10.4943, 60.6274], [10.4935, 60.6315], [10.4933, 60.6328], [10.4931, 60.6339], [10.4924, 60.6373], [10.4915, 60.6421], [10.4906, 60.6456], [10.4891, 60.651], [10.4881, 60.6549], [10.4868, 60.6596], [10.4857, 60.6636], [10.4857, 60.6637], [10.4849, 60.6664], [10.4839, 60.6704], [10.4824, 60.6756], [10.4812, 60.68], [10.4801, 60.684], [10.4792, 60.6873], [10.4784, 60.6903], [10.4777, 60.6929], [10.4765, 60.6968], [10.4753, 60.7008], [10.474, 60.7051], [10.4732, 60.708], [10.4718, 60.7124], [10.4707, 60.7162], [10.4693, 60.7207], [10.468, 60.7248], [10.4668, 60.7288], [10.4655, 60.733], [10.4646, 60.7358], [10.4634, 60.7396], [10.4621, 60.7439], [10.4609, 60.7477], [10.4596, 60.752], [10.4589, 60.7544], [10.4582, 60.7568], [10.4574, 60.7598], [10.4562, 60.764], [10.4548, 60.769], [10.4547, 60.7696], [10.454, 60.7723], [10.4534, 60.7754], [10.453, 60.7786], [10.4523, 60.783], [10.4519, 60.7858], [10.4513, 60.7891], [10.4507, 60.7927], [10.4502, 60.7966], [10.4499, 60.7996], [10.449, 60.8054], [10.4473, 60.8085], [10.4459, 60.8114], [10.4439, 60.8151], [10.4426, 60.8176], [10.441, 60.8206], [10.4408, 60.8209], [10.4388, 60.8246], [10.4374, 60.8273], [10.437, 60.8286], [10.4359, 60.8323], [10.4347, 60.8372], [10.4334, 60.8427], [10.4324, 60.8465], [10.4309, 60.8511], [10.4298, 60.8545], [10.4286, 60.8582], [10.4274, 60.8618], [10.4253, 60.8684], [10.425, 60.8694], [10.4235, 60.8741], [10.4222, 60.8781], [10.4213, 60.8807], [10.4207, 60.8826], [10.4205, 60.8832], [10.4194, 60.888], [10.4185, 60.8914], [10.4175, 60.8953], [10.4172, 60.8965], [10.417, 60.8987], [10.4169, 60.9008], [10.4165, 60.9064], [10.4162, 60.9104], [10.4159, 60.9132], [10.4157, 60.9178], [10.4156, 60.9213], [10.4154, 60.9246], [10.4153, 60.9276], [10.415, 60.9326], [10.4149, 60.9351], [10.4147, 60.9391], [10.4146, 60.9419], [10.4144, 60.9461], [10.4133, 60.9516], [10.4126, 60.9557], [10.4116, 60.959], [10.4099, 60.963], [10.4081, 60.9672], [10.4073, 60.9692], [10.4048, 60.9749], [10.4046, 60.9754], [10.4034, 60.9781], [10.4033, 60.9784], [10.4016, 60.9825], [10.4003, 60.9862], [10.399, 60.9899], [10.3976, 60.994], [10.3964, 60.9973], [10.3954, 61.0003], [10.394, 61.004], [10.3926, 61.0081], [10.3911, 61.0121], [10.3898, 61.0157], [10.3884, 61.0195], [10.3871, 61.0231], [10.3861, 61.0259], [10.3849, 61.0293], [10.3834, 61.0334], [10.3819, 61.0374], [10.3808, 61.0403], [10.3799, 61.0426], [10.3781, 61.0475], [10.377, 61.0506], [10.3761, 61.0531], [10.3754, 61.0548], [10.3731, 61.0611], [10.3725, 61.0628], [10.3717, 61.0651], [10.3706, 61.068], [10.3694, 61.0714], [10.3685, 61.0738], [10.3677, 61.076], [10.3674, 61.0767], [10.366, 61.0806], [10.3654, 61.0825], [10.3672, 61.0865], [10.369, 61.0902], [10.3712, 61.0949], [10.3732, 61.099], [10.3745, 61.1017], [10.3768, 61.1064], [10.3783, 61.1096], [10.3786, 61.1102], [10.3794, 61.1119], [10.3804, 61.1138], [10.3843, 61.1164], [10.3887, 61.1194], [10.3922, 61.1218], [10.3962, 61.1245], [10.3969, 61.1249], [10.4006, 61.1271], [10.4012, 61.1275], [10.408, 61.1309], [10.4084, 61.1311], [10.4092, 61.1315], [10.4098, 61.1318], [10.4131, 61.1335], [10.4182, 61.1361]]}}, {"type": "Feature", "properties": {"osm_type": "line", "voltage_kv": 300.0, "name": "Eidsborg (Tokke) - Vinje", "avail": 0}, "geometry": {"type": "LineString", "coordinates": [[7.9829, 59.4776], [7.9813, 59.4786], [7.9805, 59.4796], [7.979, 59.4816], [7.9767, 59.4845], [7.976, 59.4854], [7.9741, 59.4879], [7.969, 59.4945], [7.9674, 59.4967], [7.9649, 59.4977], [7.9602, 59.4994], [7.9572, 59.5006], [7.9542, 59.5018], [7.9517, 59.5044], [7.9496, 59.5067], [7.9473, 59.5091], [7.9438, 59.5128], [7.9415, 59.5152], [7.9385, 59.5184], [7.9371, 59.5198], [7.9349, 59.5221], [7.9332, 59.5233], [7.9292, 59.5261], [7.9252, 59.5289], [7.9216, 59.5315], [7.9177, 59.5343], [7.9145, 59.5365], [7.9119, 59.5383], [7.9082, 59.5409], [7.906, 59.5424], [7.9019, 59.5453], [7.8993, 59.5475], [7.8964, 59.5497], [7.8926, 59.5528], [7.8915, 59.5547], [7.8896, 59.558], [7.888, 59.5607], [7.8859, 59.5644], [7.8843, 59.5672], [7.8828, 59.5699], [7.8813, 59.5724], [7.8795, 59.5756], [7.879, 59.5779], [7.8783, 59.5808], [7.8779, 59.5829], [7.8769, 59.587], [7.8758, 59.5928], [7.8756, 59.5943], [7.8751, 59.5978], [7.8743, 59.6027], [7.874, 59.6048], [7.8717, 59.6071], [7.8679, 59.6109], [7.8649, 59.6138], [7.8615, 59.6172], [7.8599, 59.6182], [7.8589, 59.6188], [7.857, 59.6199], [7.8537, 59.6219]]}}, {"type": "Feature", "properties": {"osm_type": "line", "voltage_kv": 300.0, "name": "Litle Sotra - Kolsnes", "avail": 20, "avail_node": "Blom\u00f8y"}, "geometry": {"type": "LineString", "coordinates": [[4.8641, 60.5495], [4.8603, 60.5502], [4.8548, 60.5512], [4.8518, 60.551], [4.8515, 60.5509]]}}, {"type": "Feature", "properties": {"osm_type": "line", "voltage_kv": 300.0, "name": "Litle Sotra - Kolsnes", "avail": 36, "avail_node": "Litlesotra"}, "geometry": {"type": "LineString", "coordinates": [[4.9979, 60.4049], [4.9982, 60.4064], [4.9983, 60.4086], [4.9984, 60.4122], [4.9985, 60.4137], [4.9957, 60.4158], [4.9921, 60.4188], [4.988, 60.4221], [4.9873, 60.4228], [4.9873, 60.4229], [4.9849, 60.4258], [4.9846, 60.4262], [4.9838, 60.4289], [4.9785, 60.4337], [4.9768, 60.4351], [4.9766, 60.4353], [4.9742, 60.4366], [4.973, 60.4373]]}}, {"type": "Feature", "properties": {"osm_type": "line", "voltage_kv": 300.0, "name": "Litle Sotra - Kolsnes", "avail": 36, "avail_node": "Litlesotra"}, "geometry": {"type": "LineString", "coordinates": [[5.1364, 60.3635], [5.1366, 60.3629], [5.1367, 60.3627], [5.1368, 60.3623], [5.1374, 60.3609], [5.1375, 60.3595], [5.1377, 60.3574], [5.1358, 60.356], [5.1335, 60.3541], [5.1328, 60.3536], [5.1321, 60.3531], [5.1315, 60.3526], [5.1315, 60.3526], [5.1313, 60.3524], [5.1307, 60.352], [5.1308, 60.3503], [5.1308, 60.3503], [5.1308, 60.3503], [5.1309, 60.3503], [5.1309, 60.3499], [5.1309, 60.3499], [5.1309, 60.3499], [5.131, 60.3487], [5.131, 60.3485], [5.131, 60.3485], [5.131, 60.3485], [5.131, 60.3485], [5.1311, 60.3485], [5.1311, 60.3484], [5.1311, 60.3479], [5.1312, 60.347], [5.1313, 60.3463], [5.1316, 60.343], [5.1174, 60.3399], [5.1174, 60.3399], [5.1151, 60.3394], [5.1119, 60.3403], [5.1119, 60.3403], [5.1097, 60.3408], [5.103, 60.3426], [5.101, 60.3432], [5.1009, 60.3432], [5.1009, 60.3432], [5.0977, 60.344], [5.0927, 60.3456], [5.0916, 60.3459], [5.0913, 60.346], [5.09, 60.3463], [5.0889, 60.3466], [5.0881, 60.3469], [5.0847, 60.3468], [5.0756, 60.3468], [5.0688, 60.3468], [5.0646, 60.3467], [5.0618, 60.3467], [5.0558, 60.3467], [5.0533, 60.3476], [5.0485, 60.3496], [5.044, 60.3514], [5.0387, 60.3535], [5.0341, 60.3553], [5.031, 60.3565], [5.0273, 60.358], [5.0255, 60.3605], [5.0226, 60.3642], [5.0217, 60.3654], [5.0177, 60.3708], [5.0164, 60.3726], [5.0141, 60.3753], [5.012, 60.3784], [5.0102, 60.3812], [5.0088, 60.3834], [5.0069, 60.3864], [5.0056, 60.3884], [5.0037, 60.3914], [5.002, 60.3941], [4.9996, 60.3979], [4.9975, 60.4011], [4.9977, 60.4034]]}}]}