{"type": "FeatureCollection", "features": [{"type": "Feature", "properties": {"area_ha": 0.047, "dist_km": 2.565, "node": "Eulenberg (EUB) Neubau", "node_mw": 2000, "osm_id": 149178612, "anchor_kind": "demand"}, "geometry": {"type": "Polygon", "coordinates": [[[11.56925, 52.08978], [11.56941, 52.08974], [11.56918, 52.08941], [11.56902, 52.08945], [11.56925, 52.08978]]]}}, {"type": "Feature", "properties": {"area_ha": 0.045, "dist_km": 2.836, "node": "Eulenberg (EUB) Neubau", "node_mw": 2000, "osm_id": 151790067, "anchor_kind": "demand"}, "geometry": {"type": "Polygon", "coordinates": [[[11.57122, 52.09187], [11.57133, 52.09184], [11.57125, 52.09172], [11.57132, 52.0917], [11.57131, 52.09167], [11.57144, 52.09164], [11.57137, 52.09154], [11.57119, 52.09159], [11.57124, 52.09166], [11.57095, 52.09173], [11.571, 52.0918], [11.57115, 52.09176], [11.57122, 52.09187]]]}}, {"type": "Feature", "properties": {"area_ha": 0.498, "dist_km": 1.218, "node": "Eulenberg (EUB) Neubau", "node_mw": 2000, "osm_id": 162005587, "anchor_kind": "demand"}, "geometry": {"type": "Polygon", "coordinates": [[[11.55724, 52.06317], [11.55721, 52.06334], [11.56094, 52.06357], [11.56097, 52.06339], [11.56036, 52.06336], [11.56032, 52.06335], [11.56032, 52.06333], [11.56025, 52.06332], [11.56024, 52.06335], [11.55724, 52.06317]]]}}, {"type": "Feature", "properties": {"area_ha": 0.696, "dist_km": 1.327, "node": "Eulenberg (EUB) Neubau", "node_mw": 2000, "osm_id": 162005595, "anchor_kind": "demand"}, "geometry": {"type": "Polygon", "coordinates": [[[11.56094, 52.06357], [11.56103, 52.06357], [11.56102, 52.06361], [11.56256, 52.0637], [11.56255, 52.06376], [11.56313, 52.0638], [11.56312, 52.06383], [11.56328, 52.06384], [11.56329, 52.06381], [11.56329, 52.06381], [11.56336, 52.06341], [11.56262, 52.06336], [11.56263, 52.06334], [11.56158, 52.06328], [11.56154, 52.06327], [11.56138, 52.06326], [11.56139, 52.06322], [11.561, 52.0632], [11.56097, 52.06339], [11.56094, 52.06357]]]}}, {"type": "Feature", "properties": {"area_ha": 6.88, "dist_km": 0.934, "node": "Eulenberg (EUB) Neubau", "node_mw": 2000, "osm_id": 162005602, "anchor_kind": "demand"}, "geometry": {"type": "Polygon", "coordinates": [[[11.5527, 52.06454], [11.55463, 52.06466], [11.55463, 52.06468], [11.55473, 52.06469], [11.55473, 52.06467], [11.55698, 52.06481], [11.55721, 52.06334], [11.55724, 52.06317], [11.55731, 52.06273], [11.5538, 52.06251], [11.55303, 52.06247], [11.55284, 52.06363], [11.55283, 52.06372], [11.5527, 52.06371], [11.55265, 52.06405], [11.55263, 52.06404], [11.55262, 52.06412], [11.55276, 52.06412], [11.5527, 52.06454]]]}}, {"type": "Feature", "properties": {"area_ha": 0.191, "dist_km": 2.943, "node": "Eulenberg (EUB) Neubau", "node_mw": 2000, "osm_id": 162013196, "anchor_kind": "demand"}, "geometry": {"type": "Polygon", "coordinates": [[[11.57744, 52.05215], [11.57732, 52.05263], [11.57783, 52.05267], [11.57795, 52.0522], [11.57744, 52.05215]]]}}, {"type": "Feature", "properties": {"area_ha": 6.022, "dist_km": 2.75, "node": "Eulenberg (EUB) Neubau", "node_mw": 2000, "osm_id": 162015291, "anchor_kind": "demand"}, "geometry": {"type": "Polygon", "coordinates": [[[11.57843, 52.05733], [11.57957, 52.0574], [11.58225, 52.05756], [11.58224, 52.0576], [11.58305, 52.05765], [11.58304, 52.05768], [11.58321, 52.05769], [11.58321, 52.05766], [11.58378, 52.05769], [11.58377, 52.05775], [11.58385, 52.05775], [11.58384, 52.0578], [11.58407, 52.05781], [11.58407, 52.05776], [11.58451, 52.05779], [11.58458, 52.0574], [11.58384, 52.05735], [11.58383, 52.05741], [11.58362, 52.0574], [11.58363, 52.05731], [11.58359, 52.05731], [11.58245, 52.05723], [11.58243, 52.05732], [11.58237, 52.05732], [11.58229, 52.05732], [11.58227, 52.05739], [11.58089, 52.05731], [11.58089, 52.05728], [11.58081, 52.05727], [11.58081, 52.0573], [11.58076, 52.0573], [11.58071, 52.05729], [11.57846, 52.05716], [11.57847, 52.05708], [11.57851, 52.05685], [11.57683, 52.05675], [11.57685, 52.05664], [11.57633, 52.05661], [11.57631, 52.05672], [11.57545, 52.05667], [11.5753, 52.05761], [11.57513, 52.05871], [11.57727, 52.05884], [11.57726, 52.05886], [11.57736, 52.05887], [11.57736, 52.05885], [11.57818, 52.0589], [11.57836, 52.0578], [11.57843, 52.05733]]]}}, {"type": "Feature", "properties": {"area_ha": 2.044, "dist_km": 2.291, "node": "Eulenberg (EUB) Neubau", "node_mw": 2000, "osm_id": 162015292, "anchor_kind": "demand"}, "geometry": {"type": "Polygon", "coordinates": [[[11.57029, 52.0576], [11.57168, 52.05768], [11.57163, 52.05806], [11.57206, 52.05808], [11.57204, 52.05821], [11.57249, 52.05823], [11.57251, 52.05811], [11.57262, 52.05812], [11.57266, 52.05784], [11.57273, 52.05782], [11.5727, 52.05779], [11.57267, 52.0578], [11.57267, 52.05778], [11.57274, 52.05776], [11.57271, 52.05773], [11.57267, 52.05774], [11.57268, 52.05774], [11.57268, 52.05774], [11.57272, 52.05749], [11.57297, 52.05751], [11.573, 52.05731], [11.57303, 52.05731], [11.57304, 52.05725], [11.57301, 52.05725], [11.57305, 52.05699], [11.5728, 52.05698], [11.5728, 52.05698], [11.57218, 52.05694], [11.57221, 52.05672], [11.5717, 52.05669], [11.57166, 52.05691], [11.57131, 52.05689], [11.57134, 52.05667], [11.57061, 52.05662], [11.57058, 52.05684], [11.57041, 52.05684], [11.57029, 52.0576]]]}}, {"type": "Feature", "properties": {"area_ha": 0.986, "dist_km": 2.701, "node": "Eulenberg (EUB) Neubau", "node_mw": 2000, "osm_id": 162015316, "anchor_kind": "demand"}, "geometry": {"type": "Polygon", "coordinates": [[[11.57637, 52.05425], [11.57631, 52.05463], [11.57655, 52.05464], [11.57653, 52.05475], [11.57638, 52.05473], [11.57634, 52.055], [11.57632, 52.05501], [11.57629, 52.05501], [11.57627, 52.05502], [11.57626, 52.05504], [11.57626, 52.05506], [11.57626, 52.05507], [11.57627, 52.05508], [11.57629, 52.05509], [11.57631, 52.0551], [11.57632, 52.0551], [11.57627, 52.05541], [11.57643, 52.05542], [11.57642, 52.05544], [11.57733, 52.0555], [11.57752, 52.05431], [11.57711, 52.05429], [11.57711, 52.05425], [11.57698, 52.05424], [11.57697, 52.05428], [11.57637, 52.05425]]]}}, {"type": "Feature", "properties": {"area_ha": 0.52, "dist_km": 3.044, "node": "Eulenberg (EUB) Neubau", "node_mw": 2000, "osm_id": 162018072, "anchor_kind": "demand"}, "geometry": {"type": "Polygon", "coordinates": [[[11.58223, 52.05524], [11.58326, 52.05533], [11.58342, 52.05469], [11.58337, 52.05468], [11.58318, 52.05466], [11.5824, 52.05459], [11.58223, 52.05524]]]}}, {"type": "Feature", "properties": {"area_ha": 0.416, "dist_km": 2.906, "node": "Eulenberg (EUB) Neubau", "node_mw": 2000, "osm_id": 162018074, "anchor_kind": "demand"}, "geometry": {"type": "Polygon", "coordinates": [[[11.58084, 52.05594], [11.58143, 52.05599], [11.58165, 52.0551], [11.58106, 52.05504], [11.58084, 52.05594]]]}}, {"type": "Feature", "properties": {"area_ha": 5.732, "dist_km": 1.096, "node": "Eulenberg (EUB) Neubau", "node_mw": 2000, "osm_id": 162282006, "anchor_kind": "demand"}, "geometry": {"type": "Polygon", "coordinates": [[[11.56169, 52.07719], [11.56271, 52.07686], [11.56304, 52.07728], [11.56363, 52.07711], [11.56249, 52.07579], [11.56247, 52.07534], [11.56155, 52.07412], [11.56082, 52.07437], [11.55983, 52.07318], [11.5594, 52.07308], [11.55857, 52.07333], [11.56169, 52.07719]]]}}, {"type": "Feature", "properties": {"area_ha": 30.203, "dist_km": 2.776, "node": "Eulenberg (EUB) Neubau", "node_mw": 2000, "osm_id": 284798228, "anchor_kind": "demand"}, "geometry": {"type": "Polygon", "coordinates": [[[11.5794, 52.05656], [11.57943, 52.05639], [11.57614, 52.0562], [11.5753, 52.05614], [11.57494, 52.05619], [11.57482, 52.0566], [11.57466, 52.05708], [11.57413, 52.05931], [11.57445, 52.05969], [11.57784, 52.05989], [11.57799, 52.0599], [11.57806, 52.05989], [11.57811, 52.05986], [11.57814, 52.05983], [11.57816, 52.05978], [11.57819, 52.05957], [11.57827, 52.05958], [11.57834, 52.05959], [11.57831, 52.05983], [11.57831, 52.05986], [11.57834, 52.0599], [11.57838, 52.05992], [11.58112, 52.06009], [11.58173, 52.06012], [11.58193, 52.06008], [11.58214, 52.06002], [11.58253, 52.05987], [11.583, 52.05969], [11.58346, 52.05953], [11.58381, 52.05941], [11.5843, 52.05922], [11.58429, 52.05918], [11.58428, 52.05916], [11.58458, 52.05911], [11.58473, 52.05905], [11.58512, 52.05889], [11.58582, 52.05865], [11.58649, 52.0584], [11.58646, 52.05833], [11.58674, 52.05828], [11.58686, 52.05823], [11.58706, 52.05816], [11.5874, 52.05803], [11.58769, 52.05789], [11.58798, 52.05771], [11.58817, 52.05752], [11.58833, 52.05727], [11.5885, 52.05693], [11.5843, 52.05668], [11.5842, 52.05672], [11.58418, 52.05684], [11.5841, 52.05684], [11.58404, 52.05684], [11.58397, 52.05683], [11.58395, 52.05683], [11.58396, 52.05672], [11.58388, 52.05666], [11.5835, 52.05664], [11.58347, 52.05681], [11.5812, 52.05667], [11.58119, 52.0567], [11.58102, 52.05669], [11.58099, 52.05669], [11.581, 52.05666], [11.5794, 52.05656]]]}}, {"type": "Feature", "properties": {"area_ha": 0.095, "dist_km": 3.026, "node": "Eulenberg (EUB) Neubau", "node_mw": 2000, "osm_id": 364239783, "anchor_kind": "demand"}, "geometry": {"type": "Polygon", "coordinates": [[[11.53315, 52.04545], [11.53303, 52.0453], [11.53283, 52.04504], [11.5328, 52.045], [11.53302, 52.04493], [11.53308, 52.04501], [11.53329, 52.04527], [11.53338, 52.04538], [11.53315, 52.04545]]]}}, {"type": "Feature", "properties": {"area_ha": 0.103, "dist_km": 2.693, "node": "Graustein (GRS)", "node_mw": 1900, "osm_id": 374479686, "anchor_kind": "demand"}, "geometry": {"type": "Polygon", "coordinates": [[[14.50725, 51.55061], [14.50792, 51.55038], [14.50779, 51.55023], [14.50711, 51.55046], [14.50725, 51.55061]]]}}, {"type": "Feature", "properties": {"area_ha": 0.028, "dist_km": 2.658, "node": "Graustein (GRS)", "node_mw": 1900, "osm_id": 374479688, "anchor_kind": "demand"}, "geometry": {"type": "Polygon", "coordinates": [[[14.50725, 51.55083], [14.5071, 51.55066], [14.50693, 51.55071], [14.50708, 51.55088], [14.50725, 51.55083]]]}}, {"type": "Feature", "properties": {"area_ha": 0.023, "dist_km": 2.74, "node": "Graustein (GRS)", "node_mw": 1900, "osm_id": 374479689, "anchor_kind": "demand"}, "geometry": {"type": "Polygon", "coordinates": [[[14.50821, 51.55047], [14.50806, 51.55029], [14.50818, 51.55025], [14.50834, 51.55043], [14.50821, 51.55047]]]}}, {"type": "Feature", "properties": {"area_ha": 0.641, "dist_km": 3.014, "node": "Eulenberg (EUB) Neubau", "node_mw": 2000, "osm_id": 506506348, "anchor_kind": "demand"}, "geometry": {"type": "Polygon", "coordinates": [[[11.53259, 52.04496], [11.53378, 52.04462], [11.53396, 52.04469], [11.53372, 52.04552], [11.53367, 52.04555], [11.53356, 52.04552], [11.53343, 52.0455], [11.53308, 52.04548], [11.53289, 52.04546], [11.5325, 52.04499], [11.53259, 52.04496]]]}}, {"type": "Feature", "properties": {"area_ha": 0.006, "dist_km": 1.484, "node": "Eulenberg (EUB) Neubau", "node_mw": 2000, "osm_id": 525008793, "anchor_kind": "demand"}, "geometry": {"type": "Polygon", "coordinates": [[[11.54601, 52.08435], [11.54605, 52.08428], [11.54614, 52.0843], [11.5461, 52.08437], [11.54606, 52.08437], [11.54601, 52.08435]]]}}, {"type": "Feature", "properties": {"area_ha": 0.003, "dist_km": 1.469, "node": "Eulenberg (EUB) Neubau", "node_mw": 2000, "osm_id": 525008905, "anchor_kind": "demand"}, "geometry": {"type": "Polygon", "coordinates": [[[11.54578, 52.08421], [11.54586, 52.08422], [11.54588, 52.08418], [11.5458, 52.08416], [11.54578, 52.08421]]]}}, {"type": "Feature", "properties": {"area_ha": 0.001, "dist_km": 1.494, "node": "Eulenberg (EUB) Neubau", "node_mw": 2000, "osm_id": 531221901, "anchor_kind": "demand"}, "geometry": {"type": "Polygon", "coordinates": [[[11.5452, 52.0844], [11.5452, 52.08438], [11.54526, 52.08439], [11.54525, 52.08441], [11.5452, 52.0844]]]}}, {"type": "Feature", "properties": {"area_ha": 3.522, "dist_km": 1.892, "node": "Eulenberg (EUB) Neubau", "node_mw": 2000, "osm_id": 541862760, "anchor_kind": "demand"}, "geometry": {"type": "Polygon", "coordinates": [[[11.56499, 52.08215], [11.56506, 52.08223], [11.56573, 52.08309], [11.56495, 52.0834], [11.56517, 52.08376], [11.56464, 52.0839], [11.56521, 52.0846], [11.56542, 52.08458], [11.56701, 52.0844], [11.56693, 52.08431], [11.56793, 52.08421], [11.56756, 52.08376], [11.56611, 52.082], [11.56513, 52.08213], [11.56499, 52.08215]]]}}, {"type": "Feature", "properties": {"area_ha": 0.947, "dist_km": 1.683, "node": "Eulenberg (EUB) Neubau", "node_mw": 2000, "osm_id": 541873027, "anchor_kind": "demand"}, "geometry": {"type": "Polygon", "coordinates": [[[11.56293, 52.08179], [11.56333, 52.0823], [11.5654, 52.08202], [11.56507, 52.0816], [11.56449, 52.08174], [11.56423, 52.08139], [11.56293, 52.08179]]]}}, {"type": "Feature", "properties": {"area_ha": 2.994, "dist_km": 2.107, "node": "Eulenberg (EUB) Neubau", "node_mw": 2000, "osm_id": 541876707, "anchor_kind": "demand"}, "geometry": {"type": "Polygon", "coordinates": [[[11.56502, 52.08462], [11.56339, 52.08484], [11.56375, 52.08564], [11.56476, 52.08549], [11.56463, 52.08693], [11.56461, 52.08742], [11.56468, 52.08741], [11.56511, 52.08733], [11.56541, 52.08728], [11.56601, 52.08654], [11.56631, 52.08663], [11.56652, 52.0864], [11.56502, 52.08462]]]}}, {"type": "Feature", "properties": {"area_ha": 3.986, "dist_km": 1.877, "node": "Eulenberg (EUB) Neubau", "node_mw": 2000, "osm_id": 571191316, "anchor_kind": "demand"}, "geometry": {"type": "Polygon", "coordinates": [[[11.572, 52.07476], [11.5721, 52.07507], [11.57272, 52.07544], [11.57503, 52.07608], [11.57562, 52.07598], [11.57564, 52.07439], [11.57517, 52.07442], [11.57435, 52.07446], [11.57429, 52.07409], [11.57231, 52.07421], [11.57198, 52.07424], [11.572, 52.07476]]]}}, {"type": "Feature", "properties": {"area_ha": 38.204, "dist_km": 1.13, "node": "Eulenberg (EUB) Neubau", "node_mw": 2000, "osm_id": 588173113, "anchor_kind": "demand"}, "geometry": {"type": "Polygon", "coordinates": [[[11.55191, 52.06594], [11.55635, 52.06622], [11.55636, 52.06617], [11.55583, 52.06555], [11.5568, 52.06549], [11.55763, 52.06551], [11.55828, 52.06631], [11.55834, 52.06633], [11.56347, 52.06665], [11.56367, 52.06656], [11.56393, 52.06555], [11.56476, 52.0656], [11.56494, 52.06451], [11.56499, 52.06417], [11.5652, 52.06291], [11.56524, 52.06267], [11.56526, 52.06253], [11.56527, 52.06248], [11.56046, 52.06218], [11.56044, 52.06226], [11.56039, 52.06255], [11.5568, 52.06234], [11.5568, 52.06209], [11.55249, 52.06182], [11.55244, 52.06215], [11.55243, 52.06225], [11.55193, 52.06579], [11.55191, 52.06594]]]}}, {"type": "Feature", "properties": {"area_ha": 19.159, "dist_km": 0.749, "node": "Eulenberg (EUB) Neubau", "node_mw": 2000, "osm_id": 609305608, "anchor_kind": "demand"}, "geometry": {"type": "Polygon", "coordinates": [[[11.55834, 52.06633], [11.55828, 52.06631], [11.55763, 52.06551], [11.5568, 52.06549], [11.55583, 52.06555], [11.55636, 52.06617], [11.55635, 52.06622], [11.55191, 52.06594], [11.55137, 52.06591], [11.55124, 52.0659], [11.55109, 52.06589], [11.55097, 52.06673], [11.55107, 52.06684], [11.55173, 52.06687], [11.55164, 52.06743], [11.55194, 52.06773], [11.5542, 52.06875], [11.55539, 52.06884], [11.5572, 52.06862], [11.56091, 52.06814], [11.561, 52.06811], [11.56364, 52.06686], [11.56347, 52.06665], [11.55834, 52.06633]]]}}, {"type": "Feature", "properties": {"area_ha": 2.496, "dist_km": 2.218, "node": "Eulenberg (EUB) Neubau", "node_mw": 2000, "osm_id": 739018447, "anchor_kind": "demand"}, "geometry": {"type": "Polygon", "coordinates": [[[11.57361, 52.06138], [11.57388, 52.06141], [11.57384, 52.06156], [11.57474, 52.06164], [11.57475, 52.0616], [11.57547, 52.06166], [11.57582, 52.06025], [11.57589, 52.05992], [11.57486, 52.05987], [11.57474, 52.05986], [11.57474, 52.05986], [11.57455, 52.05984], [11.57451, 52.05985], [11.57436, 52.05984], [11.57405, 52.05991], [11.57398, 52.0599], [11.57361, 52.06138]]]}}, {"type": "Feature", "properties": {"area_ha": 0.128, "dist_km": 1.994, "node": "Graustein (GRS)", "node_mw": 1900, "osm_id": 753688142, "anchor_kind": "demand"}, "geometry": {"type": "Polygon", "coordinates": [[[14.44915, 51.54071], [14.44881, 51.54089], [14.44914, 51.54112], [14.44921, 51.54117], [14.44954, 51.54099], [14.44915, 51.54071]]]}}, {"type": "Feature", "properties": {"area_ha": 0.02, "dist_km": 0.348, "node": "Graustein (GRS)", "node_mw": 1900, "osm_id": 833898951, "anchor_kind": "demand"}, "geometry": {"type": "Polygon", "coordinates": [[[14.4669, 51.55673], [14.4669, 51.55691], [14.46675, 51.5569], [14.46676, 51.55673], [14.4669, 51.55673]]]}}, {"type": "Feature", "properties": {"area_ha": 0.032, "dist_km": 0.32, "node": "Graustein (GRS)", "node_mw": 1900, "osm_id": 833898952, "anchor_kind": "demand"}, "geometry": {"type": "Polygon", "coordinates": [[[14.46749, 51.55668], [14.46784, 51.55671], [14.46782, 51.55682], [14.46747, 51.5568], [14.46749, 51.55668]]]}}, {"type": "Feature", "properties": {"area_ha": 0.012, "dist_km": 0.305, "node": "Graustein (GRS)", "node_mw": 1900, "osm_id": 833902410, "anchor_kind": "demand"}, "geometry": {"type": "Polygon", "coordinates": [[[14.467, 51.55653], [14.46702, 51.55639], [14.46714, 51.5564], [14.46712, 51.55653], [14.467, 51.55653]]]}}, {"type": "Feature", "properties": {"area_ha": 0.063, "dist_km": 0.328, "node": "Graustein (GRS)", "node_mw": 1900, "osm_id": 833902412, "anchor_kind": "demand"}, "geometry": {"type": "Polygon", "coordinates": [[[14.46827, 51.55669], [14.46823, 51.55712], [14.46804, 51.55711], [14.46808, 51.55668], [14.46827, 51.55669]]]}}, {"type": "Feature", "properties": {"area_ha": 2.323, "dist_km": 0.33, "node": "Graustein (GRS)", "node_mw": 1900, "osm_id": 833902413, "anchor_kind": "demand"}, "geometry": {"type": "Polygon", "coordinates": [[[14.46606, 51.55631], [14.4666, 51.55718], [14.46662, 51.55722], [14.46817, 51.55725], [14.46892, 51.55719], [14.46841, 51.5557], [14.46606, 51.55631]]]}}, {"type": "Feature", "properties": {"area_ha": 0.291, "dist_km": 2.967, "node": "Graustein (GRS)", "node_mw": 1900, "osm_id": 864650364, "anchor_kind": "demand"}, "geometry": {"type": "Polygon", "coordinates": [[[14.42664, 51.55128], [14.42695, 51.55157], [14.42604, 51.55192], [14.42574, 51.55164], [14.42596, 51.55153], [14.42664, 51.55128]]]}}, {"type": "Feature", "properties": {"area_ha": 0.395, "dist_km": 2.788, "node": "Graustein (GRS)", "node_mw": 1900, "osm_id": 864650368, "anchor_kind": "demand"}, "geometry": {"type": "Polygon", "coordinates": [[[14.42989, 51.54973], [14.42972, 51.54984], [14.42948, 51.54991], [14.42855, 51.55032], [14.42844, 51.55002], [14.42883, 51.54975], [14.42969, 51.54947], [14.42989, 51.54973]]]}}, {"type": "Feature", "properties": {"area_ha": 0.239, "dist_km": 2.158, "node": "Graustein (GRS)", "node_mw": 1900, "osm_id": 864657861, "anchor_kind": "demand"}, "geometry": {"type": "Polygon", "coordinates": [[[14.43837, 51.55159], [14.43799, 51.55149], [14.43783, 51.55151], [14.43746, 51.55141], [14.43771, 51.55108], [14.43862, 51.55138], [14.43852, 51.55146], [14.43837, 51.55159]]]}}, {"type": "Feature", "properties": {"area_ha": 0.28, "dist_km": 2.659, "node": "Graustein (GRS)", "node_mw": 1900, "osm_id": 864657867, "anchor_kind": "demand"}, "geometry": {"type": "Polygon", "coordinates": [[[14.43166, 51.54685], [14.43195, 51.54675], [14.43208, 51.54689], [14.43231, 51.54697], [14.43246, 51.54708], [14.43257, 51.54721], [14.43254, 51.5473], [14.4325, 51.54732], [14.432, 51.54745], [14.43174, 51.54714], [14.43166, 51.54685]]]}}, {"type": "Feature", "properties": {"area_ha": 0.348, "dist_km": 2.57, "node": "Graustein (GRS)", "node_mw": 1900, "osm_id": 864696078, "anchor_kind": "demand"}, "geometry": {"type": "Polygon", "coordinates": [[[14.43248, 51.55703], [14.4314, 51.55672], [14.43166, 51.55639], [14.43277, 51.55669], [14.43248, 51.55703]]]}}, {"type": "Feature", "properties": {"area_ha": 0.273, "dist_km": 2.274, "node": "Graustein (GRS)", "node_mw": 1900, "osm_id": 864696080, "anchor_kind": "demand"}, "geometry": {"type": "Polygon", "coordinates": [[[14.43571, 51.55611], [14.4362, 51.55551], [14.43668, 51.55568], [14.43663, 51.55588], [14.43626, 51.55614], [14.43602, 51.55615], [14.43571, 51.55611]]]}}, {"type": "Feature", "properties": {"area_ha": 0.28, "dist_km": 2.924, "node": "Graustein (GRS)", "node_mw": 1900, "osm_id": 864697159, "anchor_kind": "demand"}, "geometry": {"type": "Polygon", "coordinates": [[[14.42711, 51.55541], [14.4261, 51.55511], [14.4264, 51.55482], [14.42735, 51.55514], [14.42711, 51.55541]]]}}, {"type": "Feature", "properties": {"area_ha": 0.166, "dist_km": 1.606, "node": "Graustein (GRS)", "node_mw": 1900, "osm_id": 865583521, "anchor_kind": "demand"}, "geometry": {"type": "Polygon", "coordinates": [[[14.44626, 51.5537], [14.4461, 51.55389], [14.44595, 51.5539], [14.44577, 51.55385], [14.44567, 51.55375], [14.44525, 51.55362], [14.44538, 51.55345], [14.44626, 51.5537]]]}}, {"type": "Feature", "properties": {"area_ha": 10.059, "dist_km": 1.412, "node": "Eulenberg (EUB) Neubau", "node_mw": 2000, "osm_id": 865684596, "anchor_kind": "demand"}, "geometry": {"type": "Polygon", "coordinates": [[[11.55553, 52.06036], [11.5555, 52.0606], [11.55804, 52.06074], [11.55808, 52.0605], [11.56017, 52.06061], [11.56042, 52.0589], [11.55687, 52.05871], [11.5563, 52.05868], [11.55312, 52.05851], [11.55287, 52.06022], [11.55553, 52.06036]]]}}, {"type": "Feature", "properties": {"area_ha": 3.147, "dist_km": 2.588, "node": "Eulenberg (EUB) Neubau", "node_mw": 2000, "osm_id": 865684600, "anchor_kind": "demand"}, "geometry": {"type": "Polygon", "coordinates": [[[11.56363, 52.0511], [11.56433, 52.05115], [11.56506, 52.05121], [11.56574, 52.05126], [11.56579, 52.051], [11.56589, 52.05052], [11.56592, 52.05037], [11.56613, 52.04933], [11.56403, 52.04917], [11.56397, 52.04944], [11.56381, 52.05021], [11.56368, 52.05085], [11.56363, 52.0511]]]}}, {"type": "Feature", "properties": {"area_ha": 4.172, "dist_km": 2.362, "node": "Eulenberg (EUB) Neubau", "node_mw": 2000, "osm_id": 866026595, "anchor_kind": "demand"}, "geometry": {"type": "Polygon", "coordinates": [[[11.5631, 52.05385], [11.56378, 52.0539], [11.56425, 52.05394], [11.56451, 52.05396], [11.56519, 52.05401], [11.56524, 52.05374], [11.56549, 52.05247], [11.56565, 52.05169], [11.5657, 52.05143], [11.56502, 52.05138], [11.56478, 52.05136], [11.5643, 52.05132], [11.56361, 52.05127], [11.56355, 52.05154], [11.5634, 52.0523], [11.56335, 52.05254], [11.5633, 52.05281], [11.56315, 52.05358], [11.5631, 52.05385]]]}}, {"type": "Feature", "properties": {"area_ha": 0.229, "dist_km": 2.307, "node": "Graustein (GRS)", "node_mw": 1900, "osm_id": 866350856, "anchor_kind": "demand"}, "geometry": {"type": "Polygon", "coordinates": [[[14.4387, 51.54559], [14.43874, 51.54544], [14.43829, 51.54506], [14.4387, 51.54489], [14.43926, 51.54536], [14.4387, 51.54559]]]}}, {"type": "Feature", "properties": {"area_ha": 0.27, "dist_km": 1.964, "node": "Graustein (GRS)", "node_mw": 1900, "osm_id": 866361005, "anchor_kind": "demand"}, "geometry": {"type": "Polygon", "coordinates": [[[14.4449, 51.54427], [14.44526, 51.54423], [14.44594, 51.54439], [14.44614, 51.5441], [14.44529, 51.54388], [14.44525, 51.54381], [14.4449, 51.54427]]]}}, {"type": "Feature", "properties": {"area_ha": 0.276, "dist_km": 1.988, "node": "Graustein (GRS)", "node_mw": 1900, "osm_id": 866530603, "anchor_kind": "demand"}, "geometry": {"type": "Polygon", "coordinates": [[[14.44235, 51.54749], [14.44224, 51.5474], [14.44195, 51.54731], [14.44238, 51.54675], [14.4429, 51.54691], [14.4427, 51.54719], [14.44235, 51.54749]]]}}, {"type": "Feature", "properties": {"area_ha": 3.379, "dist_km": 2.691, "node": "Eulenberg (EUB) Neubau", "node_mw": 2000, "osm_id": 988431516, "anchor_kind": "demand"}, "geometry": {"type": "Polygon", "coordinates": [[[11.57765, 52.05596], [11.5782, 52.0537], [11.57614, 52.05376], [11.57607, 52.05405], [11.57586, 52.05494], [11.57587, 52.05497], [11.57586, 52.05502], [11.57584, 52.05507], [11.57582, 52.05509], [11.57564, 52.05585], [11.57765, 52.05596]]]}}, {"type": "Feature", "properties": {"area_ha": 0.785, "dist_km": 2.983, "node": "Eulenberg (EUB) Neubau", "node_mw": 2000, "osm_id": 988431621, "anchor_kind": "demand"}, "geometry": {"type": "Polygon", "coordinates": [[[11.57743, 52.05091], [11.57614, 52.05078], [11.57598, 52.05146], [11.57615, 52.0516], [11.57722, 52.05167], [11.57726, 52.05164], [11.57743, 52.05091]]]}}, {"type": "Feature", "properties": {"area_ha": 0.609, "dist_km": 3.019, "node": "Eulenberg (EUB) Neubau", "node_mw": 2000, "osm_id": 988441228, "anchor_kind": "demand"}, "geometry": {"type": "Polygon", "coordinates": [[[11.57735, 52.05165], [11.57735, 52.05168], [11.57738, 52.05168], [11.57743, 52.05165], [11.57747, 52.05165], [11.57752, 52.05166], [11.57756, 52.05169], [11.57838, 52.05174], [11.57842, 52.0516], [11.57857, 52.05099], [11.57757, 52.05091], [11.57753, 52.05091], [11.57735, 52.05165]]]}}, {"type": "Feature", "properties": {"area_ha": 7.961, "dist_km": 3.028, "node": "Eulenberg (EUB) Neubau", "node_mw": 2000, "osm_id": 988762555, "anchor_kind": "demand"}, "geometry": {"type": "Polygon", "coordinates": [[[11.58452, 52.05334], [11.58171, 52.05343], [11.58141, 52.05343], [11.58079, 52.05345], [11.58014, 52.05612], [11.58377, 52.05633], [11.58452, 52.05334]]]}}, {"type": "Feature", "properties": {"area_ha": 2.295, "dist_km": 2.416, "node": "Eulenberg (EUB) Neubau", "node_mw": 2000, "osm_id": 989064917, "anchor_kind": "demand"}, "geometry": {"type": "Polygon", "coordinates": [[[11.57692, 52.06017], [11.57686, 52.06043], [11.5767, 52.06104], [11.57755, 52.0611], [11.57745, 52.06164], [11.5782, 52.06168], [11.57902, 52.06145], [11.57913, 52.06127], [11.57916, 52.06118], [11.57905, 52.06117], [11.57907, 52.06102], [11.57911, 52.06102], [11.57914, 52.06084], [11.57929, 52.06014], [11.57825, 52.06009], [11.57822, 52.06021], [11.57765, 52.06017], [11.57762, 52.06019], [11.57751, 52.06018], [11.5775, 52.06021], [11.57692, 52.06017]]]}}, {"type": "Feature", "properties": {"area_ha": 0.044, "dist_km": 1.553, "node": "Eulenberg (EUB) Neubau", "node_mw": 2000, "osm_id": 989205770, "anchor_kind": "demand"}, "geometry": {"type": "Polygon", "coordinates": [[[11.56545, 52.06277], [11.56547, 52.06268], [11.5654, 52.06268], [11.56524, 52.06267], [11.5652, 52.06291], [11.56543, 52.06293], [11.56545, 52.06277]]]}}, {"type": "Feature", "properties": {"area_ha": 3.557, "dist_km": 1.586, "node": "Eulenberg (EUB) Neubau", "node_mw": 2000, "osm_id": 989205788, "anchor_kind": "demand"}, "geometry": {"type": "Polygon", "coordinates": [[[11.5652, 52.06291], [11.56499, 52.06417], [11.56835, 52.06434], [11.56856, 52.06296], [11.56764, 52.06291], [11.56545, 52.06277], [11.56543, 52.06293], [11.5652, 52.06291]]]}}, {"type": "Feature", "properties": {"area_ha": 2.151, "dist_km": 1.895, "node": "Eulenberg (EUB) Neubau", "node_mw": 2000, "osm_id": 989205789, "anchor_kind": "demand"}, "geometry": {"type": "Polygon", "coordinates": [[[11.5692, 52.06248], [11.56963, 52.06065], [11.5699, 52.05957], [11.56944, 52.05954], [11.56931, 52.05953], [11.56895, 52.05951], [11.56893, 52.05956], [11.56851, 52.06129], [11.56823, 52.06242], [11.56872, 52.06245], [11.5692, 52.06248]]]}}, {"type": "Feature", "properties": {"area_ha": 0.07, "dist_km": 1.525, "node": "Eulenberg (EUB) Neubau", "node_mw": 2000, "osm_id": 989205791, "anchor_kind": "demand"}, "geometry": {"type": "Polygon", "coordinates": [[[11.5563, 52.05868], [11.55687, 52.05871], [11.5569, 52.05855], [11.55632, 52.05852], [11.5563, 52.05868]]]}}, {"type": "Feature", "properties": {"area_ha": 10.861, "dist_km": 2.092, "node": "Eulenberg (EUB) Neubau", "node_mw": 2000, "osm_id": 1086620814, "anchor_kind": "demand"}, "geometry": {"type": "Polygon", "coordinates": [[[11.55384, 52.0521], [11.55345, 52.05411], [11.55456, 52.05419], [11.55515, 52.05424], [11.55622, 52.05432], [11.55733, 52.0544], [11.55872, 52.05451], [11.55932, 52.05455], [11.56044, 52.05463], [11.56084, 52.05263], [11.56077, 52.05262], [11.55972, 52.05254], [11.55911, 52.0525], [11.55772, 52.05239], [11.5569, 52.05233], [11.55554, 52.05223], [11.55507, 52.0522], [11.55437, 52.05214], [11.55384, 52.0521]]]}}, {"type": "Feature", "properties": {"area_ha": 4.981, "dist_km": 2.457, "node": "Eulenberg (EUB) Neubau", "node_mw": 2000, "osm_id": 1086620822, "anchor_kind": "demand"}, "geometry": {"type": "Polygon", "coordinates": [[[11.55946, 52.04913], [11.5594, 52.04939], [11.55917, 52.05059], [11.55899, 52.05144], [11.55899, 52.05148], [11.55894, 52.05171], [11.55968, 52.05176], [11.56007, 52.05179], [11.56061, 52.05183], [11.56142, 52.05189], [11.56144, 52.05179], [11.56147, 52.05163], [11.56164, 52.05078], [11.56188, 52.04957], [11.56189, 52.04954], [11.5621, 52.04956], [11.56212, 52.04946], [11.56215, 52.04933], [11.56113, 52.04925], [11.56019, 52.04918], [11.55946, 52.04913]]]}}, {"type": "Feature", "properties": {"area_ha": 8.297, "dist_km": 1.693, "node": "Eulenberg (EUB) Neubau", "node_mw": 2000, "osm_id": 1095921568, "anchor_kind": "demand"}, "geometry": {"type": "Polygon", "coordinates": [[[11.56137, 52.06116], [11.56139, 52.06105], [11.56174, 52.05961], [11.5618, 52.05934], [11.56215, 52.0579], [11.56218, 52.05777], [11.56532, 52.05806], [11.56529, 52.05821], [11.56508, 52.05906], [11.56488, 52.05991], [11.56453, 52.06135], [11.56451, 52.06145], [11.56137, 52.06116]]]}}, {"type": "Feature", "properties": {"area_ha": 1.204, "dist_km": 2.114, "node": "Eulenberg (EUB) Neubau", "node_mw": 2000, "osm_id": 1201869902, "anchor_kind": "demand"}, "geometry": {"type": "Polygon", "coordinates": [[[11.5399, 52.05345], [11.53995, 52.05331], [11.54005, 52.05318], [11.54057, 52.05267], [11.54107, 52.05209], [11.54093, 52.05187], [11.54029, 52.05146], [11.53994, 52.05171], [11.54002, 52.05204], [11.53997, 52.05213], [11.53976, 52.05241], [11.53955, 52.05257], [11.53922, 52.05272], [11.53952, 52.05305], [11.5399, 52.05345]]]}}, {"type": "Feature", "properties": {"area_ha": 0.264, "dist_km": 2.782, "node": "Eulenberg (EUB) Neubau", "node_mw": 2000, "osm_id": 1222598339, "anchor_kind": "demand"}, "geometry": {"type": "Polygon", "coordinates": [[[11.58445, 52.0811], [11.585, 52.08061], [11.58452, 52.08041], [11.58397, 52.08089], [11.58445, 52.0811]]]}}, {"type": "Feature", "properties": {"area_ha": 6.347, "dist_km": 2.375, "node": "Eulenberg (EUB) Neubau", "node_mw": 2000, "osm_id": 1343804623, "anchor_kind": "demand"}, "geometry": {"type": "Polygon", "coordinates": [[[11.5581, 52.04927], [11.55485, 52.04902], [11.55435, 52.05155], [11.55759, 52.05179], [11.5581, 52.04927]]]}}, {"type": "Feature", "properties": {"area_ha": 1.248, "dist_km": 2.855, "node": "Eulenberg (EUB) Neubau", "node_mw": 2000, "osm_id": 1393281076, "anchor_kind": "demand"}, "geometry": {"type": "Polygon", "coordinates": [[[11.54425, 52.09739], [11.5437, 52.09665], [11.54571, 52.09623], [11.54583, 52.0963], [11.54589, 52.0964], [11.54612, 52.09693], [11.54425, 52.09739]]]}}, {"type": "Feature", "properties": {"area_ha": 0.181, "dist_km": 1.133, "node": "Altentreptow Süd (ATS)", "node_mw": 1300, "osm_id": 1177944240, "anchor_kind": "demand"}, "geometry": {"type": "Polygon", "coordinates": [[[13.15942, 53.62997], [13.16001, 53.62988], [13.16004, 53.62961], [13.15985, 53.62962], [13.15984, 53.62956], [13.15983, 53.62951], [13.15932, 53.62955], [13.15933, 53.62957], [13.15942, 53.62997]]]}}, {"type": "Feature", "properties": {"area_ha": 6.713, "dist_km": 0.601, "node": "Hamburg/Nord (NOR)", "node_mw": 700, "osm_id": 22745029, "anchor_kind": "demand"}, "geometry": {"type": "Polygon", "coordinates": [[[9.98325, 53.73794], [9.98307, 53.73761], [9.98116, 53.73788], [9.981, 53.73756], [9.98288, 53.73728], [9.9825, 53.73661], [9.97938, 53.73705], [9.97909, 53.73651], [9.97894, 53.73623], [9.97842, 53.73633], [9.97748, 53.7365], [9.97765, 53.73676], [9.97798, 53.73731], [9.97831, 53.73785], [9.97916, 53.73922], [9.98208, 53.7388], [9.98183, 53.73813], [9.98325, 53.73794]]]}}, {"type": "Feature", "properties": {"area_ha": 0.032, "dist_km": 0.758, "node": "Hamburg/Nord (NOR)", "node_mw": 700, "osm_id": 23067905, "anchor_kind": "demand"}, "geometry": {"type": "Polygon", "coordinates": [[[9.97427, 53.73949], [9.97455, 53.7394], [9.97443, 53.73928], [9.97415, 53.73937], [9.97427, 53.73949]]]}}, {"type": "Feature", "properties": {"area_ha": 0.044, "dist_km": 0.742, "node": "Hamburg/Nord (NOR)", "node_mw": 700, "osm_id": 23067906, "anchor_kind": "demand"}, "geometry": {"type": "Polygon", "coordinates": [[[9.97482, 53.73925], [9.97503, 53.73918], [9.97484, 53.73897], [9.97462, 53.73904], [9.97482, 53.73925]]]}}, {"type": "Feature", "properties": {"area_ha": 2.4, "dist_km": 2.821, "node": "Hamburg/Nord (NOR)", "node_mw": 700, "osm_id": 25260455, "anchor_kind": "demand"}, "geometry": {"type": "Polygon", "coordinates": [[[9.95383, 53.75993], [9.9539, 53.75991], [9.95499, 53.75915], [9.95269, 53.75796], [9.95147, 53.75878], [9.95383, 53.75993]]]}}, {"type": "Feature", "properties": {"area_ha": 0.412, "dist_km": 2.867, "node": "Hamburg/Nord (NOR)", "node_mw": 700, "osm_id": 25260561, "anchor_kind": "demand"}, "geometry": {"type": "Polygon", "coordinates": [[[9.95041, 53.75833], [9.9512, 53.75869], [9.95135, 53.75855], [9.95143, 53.75843], [9.95144, 53.75829], [9.95136, 53.75816], [9.9512, 53.75808], [9.95089, 53.75794], [9.95075, 53.75783], [9.95064, 53.75769], [9.95055, 53.75769], [9.95041, 53.75833]]]}}, {"type": "Feature", "properties": {"area_ha": 4.484, "dist_km": 1.749, "node": "Hamburg/Nord (NOR)", "node_mw": 700, "osm_id": 25846582, "anchor_kind": "demand"}, "geometry": {"type": "Polygon", "coordinates": [[[9.95743, 53.74809], [9.95786, 53.74868], [9.95903, 53.74838], [9.95935, 53.74877], [9.9631, 53.74778], [9.96257, 53.74706], [9.9621, 53.74718], [9.96218, 53.7473], [9.96126, 53.74752], [9.96027, 53.7462], [9.95964, 53.74637], [9.9601, 53.74702], [9.95826, 53.74751], [9.95848, 53.74781], [9.95743, 53.74809]]]}}, {"type": "Feature", "properties": {"area_ha": 0.085, "dist_km": 2.335, "node": "Hamburg/Nord (NOR)", "node_mw": 700, "osm_id": 29992042, "anchor_kind": "demand"}, "geometry": {"type": "Polygon", "coordinates": [[[9.94953, 53.74264], [9.9493, 53.74267], [9.94952, 53.74314], [9.94975, 53.7431], [9.94953, 53.74264]]]}}, {"type": "Feature", "properties": {"area_ha": 14.456, "dist_km": 2.363, "node": "Hamburg/Nord (NOR)", "node_mw": 700, "osm_id": 29993167, "anchor_kind": "demand"}, "geometry": {"type": "Polygon", "coordinates": [[[9.97981, 53.76329], [9.98058, 53.7635], [9.98102, 53.76302], [9.98109, 53.76303], [9.98128, 53.76284], [9.98183, 53.763], [9.98124, 53.76364], [9.98399, 53.76429], [9.9845, 53.76392], [9.98516, 53.76421], [9.98473, 53.76452], [9.98534, 53.76467], [9.9856, 53.76473], [9.98545, 53.76495], [9.98635, 53.76519], [9.98655, 53.76492], [9.98746, 53.76512], [9.98843, 53.76449], [9.98794, 53.76404], [9.98683, 53.76312], [9.98489, 53.76147], [9.98432, 53.76095], [9.98338, 53.76011], [9.98292, 53.75989], [9.982, 53.76089], [9.98149, 53.76144], [9.98068, 53.76231], [9.97981, 53.76329]]]}}, {"type": "Feature", "properties": {"area_ha": 2.924, "dist_km": 1.191, "node": "Hamburg/Nord (NOR)", "node_mw": 700, "osm_id": 30127379, "anchor_kind": "demand"}, "geometry": {"type": "Polygon", "coordinates": [[[9.99622, 53.74898], [9.99621, 53.74908], [9.998, 53.74992], [9.99835, 53.74998], [9.99863, 53.74998], [9.99916, 53.74983], [9.99957, 53.74966], [9.99968, 53.74946], [9.99958, 53.74894], [9.99906, 53.74829], [9.99825, 53.74834], [9.99754, 53.74834], [9.99622, 53.74898]]]}}, {"type": "Feature", "properties": {"area_ha": 0.112, "dist_km": 2.548, "node": "Hamburg/Nord (NOR)", "node_mw": 700, "osm_id": 33420640, "anchor_kind": "demand"}, "geometry": {"type": "Polygon", "coordinates": [[[9.98662, 53.76491], [9.98737, 53.76508], [9.9876, 53.76494], [9.98735, 53.76481], [9.98728, 53.76478], [9.98722, 53.76488], [9.98671, 53.76478], [9.98662, 53.76491]]]}}, {"type": "Feature", "properties": {"area_ha": 2.912, "dist_km": 3.036, "node": "Hamburg/Nord (NOR)", "node_mw": 700, "osm_id": 39246379, "anchor_kind": "demand"}, "geometry": {"type": "Polygon", "coordinates": [[[10.02198, 53.72432], [10.02187, 53.725], [10.02144, 53.72498], [10.02138, 53.72533], [10.02138, 53.72535], [10.02142, 53.72535], [10.02198, 53.72538], [10.02198, 53.72532], [10.02299, 53.72538], [10.02296, 53.72564], [10.02289, 53.72564], [10.02286, 53.7258], [10.02278, 53.7258], [10.02276, 53.72597], [10.02268, 53.72596], [10.02266, 53.72614], [10.02259, 53.72613], [10.02256, 53.72631], [10.02251, 53.7263], [10.02238, 53.72629], [10.02234, 53.7265], [10.02179, 53.72646], [10.02023, 53.72637], [10.02029, 53.72592], [10.02038, 53.72527], [10.02044, 53.72492], [10.02075, 53.72425], [10.02198, 53.72432]]]}}, {"type": "Feature", "properties": {"area_ha": 0.209, "dist_km": 2.775, "node": "Hamburg/Nord (NOR)", "node_mw": 700, "osm_id": 39339115, "anchor_kind": "demand"}, "geometry": {"type": "Polygon", "coordinates": [[[10.02123, 53.72978], [10.02125, 53.73], [10.02253, 53.72996], [10.02251, 53.72974], [10.02123, 53.72978]]]}}, {"type": "Feature", "properties": {"area_ha": 0.184, "dist_km": 2.871, "node": "Hamburg/Nord (NOR)", "node_mw": 700, "osm_id": 39339158, "anchor_kind": "demand"}, "geometry": {"type": "Polygon", "coordinates": [[[10.02271, 53.72857], [10.02268, 53.72833], [10.02164, 53.72838], [10.02168, 53.72862], [10.02271, 53.72857]]]}}, {"type": "Feature", "properties": {"area_ha": 0.258, "dist_km": 2.844, "node": "Hamburg/Nord (NOR)", "node_mw": 700, "osm_id": 39339160, "anchor_kind": "demand"}, "geometry": {"type": "Polygon", "coordinates": [[[10.02263, 53.72869], [10.02267, 53.72901], [10.02157, 53.72905], [10.02153, 53.72873], [10.02263, 53.72869]]]}}, {"type": "Feature", "properties": {"area_ha": 0.18, "dist_km": 2.822, "node": "Hamburg/Nord (NOR)", "node_mw": 700, "osm_id": 39339161, "anchor_kind": "demand"}, "geometry": {"type": "Polygon", "coordinates": [[[10.02135, 53.72915], [10.02137, 53.72932], [10.02277, 53.72928], [10.02275, 53.72911], [10.02135, 53.72915]]]}}, {"type": "Feature", "properties": {"area_ha": 0.095, "dist_km": 2.825, "node": "Hamburg/Nord (NOR)", "node_mw": 700, "osm_id": 39339162, "anchor_kind": "demand"}, "geometry": {"type": "Polygon", "coordinates": [[[10.02209, 53.72941], [10.02269, 53.7294], [10.02271, 53.72962], [10.0221, 53.72963], [10.02209, 53.72941]]]}}, {"type": "Feature", "properties": {"area_ha": 0.055, "dist_km": 2.921, "node": "Hamburg/Nord (NOR)", "node_mw": 700, "osm_id": 39339165, "anchor_kind": "demand"}, "geometry": {"type": "Polygon", "coordinates": [[[10.02197, 53.72769], [10.02198, 53.72781], [10.02262, 53.72779], [10.02261, 53.72767], [10.02197, 53.72769]]]}}, {"type": "Feature", "properties": {"area_ha": 0.1, "dist_km": 2.897, "node": "Hamburg/Nord (NOR)", "node_mw": 700, "osm_id": 39339168, "anchor_kind": "demand"}, "geometry": {"type": "Polygon", "coordinates": [[[10.02261, 53.72784], [10.02263, 53.72796], [10.02152, 53.72801], [10.0215, 53.72789], [10.02261, 53.72784]]]}}, {"type": "Feature", "properties": {"area_ha": 0.155, "dist_km": 2.886, "node": "Hamburg/Nord (NOR)", "node_mw": 700, "osm_id": 39339169, "anchor_kind": "demand"}, "geometry": {"type": "Polygon", "coordinates": [[[10.02263, 53.72802], [10.02154, 53.72806], [10.02156, 53.72825], [10.02265, 53.72821], [10.02263, 53.72802]]]}}, {"type": "Feature", "properties": {"area_ha": 0.095, "dist_km": 2.353, "node": "Hamburg/Nord (NOR)", "node_mw": 700, "osm_id": 39339503, "anchor_kind": "demand"}, "geometry": {"type": "Polygon", "coordinates": [[[10.02051, 53.74142], [10.02097, 53.74144], [10.021, 53.74121], [10.02073, 53.74119], [10.02074, 53.74108], [10.02056, 53.74107], [10.02051, 53.74142]]]}}, {"type": "Feature", "properties": {"area_ha": 4.387, "dist_km": 2.316, "node": "Hamburg/Nord (NOR)", "node_mw": 700, "osm_id": 39339507, "anchor_kind": "demand"}, "geometry": {"type": "Polygon", "coordinates": [[[10.01939, 53.73887], [10.01934, 53.73908], [10.01915, 53.73907], [10.01911, 53.73924], [10.01876, 53.73921], [10.01858, 53.74009], [10.02015, 53.7402], [10.02041, 53.73894], [10.02123, 53.739], [10.0217, 53.73663], [10.02003, 53.73652], [10.01971, 53.7381], [10.01954, 53.73808], [10.01939, 53.73887]]]}}, {"type": "Feature", "properties": {"area_ha": 0.215, "dist_km": 2.48, "node": "Hamburg/Nord (NOR)", "node_mw": 700, "osm_id": 39339513, "anchor_kind": "demand"}, "geometry": {"type": "Polygon", "coordinates": [[[10.02326, 53.74127], [10.02331, 53.74092], [10.02281, 53.7409], [10.0228, 53.74097], [10.02261, 53.74096], [10.02259, 53.74105], [10.0223, 53.74104], [10.02221, 53.74113], [10.0222, 53.74122], [10.02326, 53.74127]]]}}, {"type": "Feature", "properties": {"area_ha": 0.164, "dist_km": 2.397, "node": "Hamburg/Nord (NOR)", "node_mw": 700, "osm_id": 39339515, "anchor_kind": "demand"}, "geometry": {"type": "Polygon", "coordinates": [[[10.02106, 53.74147], [10.02169, 53.74149], [10.0217, 53.74134], [10.02156, 53.74134], [10.02159, 53.7411], [10.02136, 53.74109], [10.02137, 53.74102], [10.02112, 53.74101], [10.02106, 53.74147]]]}}, {"type": "Feature", "properties": {"area_ha": 0.292, "dist_km": 2.299, "node": "Hamburg/Nord (NOR)", "node_mw": 700, "osm_id": 39590299, "anchor_kind": "demand"}, "geometry": {"type": "Polygon", "coordinates": [[[10.01939, 53.74137], [10.01944, 53.74099], [10.02049, 53.74103], [10.02044, 53.74141], [10.01939, 53.74137]]]}}, {"type": "Feature", "properties": {"area_ha": 0.313, "dist_km": 2.201, "node": "Hamburg/Nord (NOR)", "node_mw": 700, "osm_id": 39590302, "anchor_kind": "demand"}, "geometry": {"type": "Polygon", "coordinates": [[[10.01811, 53.74178], [10.01812, 53.74181], [10.01844, 53.74183], [10.01848, 53.74181], [10.01851, 53.74161], [10.01855, 53.74161], [10.01858, 53.74158], [10.0186, 53.74139], [10.01872, 53.7414], [10.01878, 53.74137], [10.01881, 53.7411], [10.01877, 53.74107], [10.01863, 53.74106], [10.01867, 53.74104], [10.01868, 53.74099], [10.01864, 53.74096], [10.01826, 53.74093], [10.01822, 53.74095], [10.01821, 53.74101], [10.01824, 53.74104], [10.0182, 53.74106], [10.01817, 53.74134], [10.01819, 53.74136], [10.01816, 53.74137], [10.01811, 53.74178]]]}}, {"type": "Feature", "properties": {"area_ha": 0.199, "dist_km": 2.657, "node": "Hamburg/Nord (NOR)", "node_mw": 700, "osm_id": 40110571, "anchor_kind": "demand"}, "geometry": {"type": "Polygon", "coordinates": [[[10.02086, 53.73032], [10.02017, 53.73034], [10.02019, 53.73067], [10.02039, 53.73066], [10.0204, 53.73074], [10.0209, 53.73073], [10.02086, 53.73032]]]}}, {"type": "Feature", "properties": {"area_ha": 0.072, "dist_km": 2.702, "node": "Hamburg/Nord (NOR)", "node_mw": 700, "osm_id": 40110572, "anchor_kind": "demand"}, "geometry": {"type": "Polygon", "coordinates": [[[10.02133, 53.73036], [10.0211, 53.73037], [10.02113, 53.73075], [10.02136, 53.73074], [10.02136, 53.73078], [10.02147, 53.73077], [10.02146, 53.73068], [10.02136, 53.73069], [10.02133, 53.73036]]]}}, {"type": "Feature", "properties": {"area_ha": 0.996, "dist_km": 2.519, "node": "Hamburg/Nord (NOR)", "node_mw": 700, "osm_id": 40330018, "anchor_kind": "demand"}, "geometry": {"type": "Polygon", "coordinates": [[[10.01992, 53.73475], [10.01986, 53.7354], [10.0217, 53.73546], [10.02173, 53.73516], [10.02179, 53.73517], [10.02177, 53.73544], [10.02202, 53.73544], [10.02208, 53.73483], [10.02183, 53.73483], [10.0218, 53.73509], [10.02173, 53.73509], [10.02175, 53.73481], [10.01992, 53.73475]]]}}, {"type": "Feature", "properties": {"area_ha": 0.032, "dist_km": 2.544, "node": "Hamburg/Nord (NOR)", "node_mw": 700, "osm_id": 76729852, "anchor_kind": "demand"}, "geometry": {"type": "Polygon", "coordinates": [[[9.9804, 53.76479], [9.98072, 53.76478], [9.98072, 53.76475], [9.98071, 53.76464], [9.98039, 53.76465], [9.98039, 53.76474], [9.9804, 53.76479]]]}}, {"type": "Feature", "properties": {"area_ha": 0.075, "dist_km": 2.091, "node": "Hamburg/Nord (NOR)", "node_mw": 700, "osm_id": 76729855, "anchor_kind": "demand"}, "geometry": {"type": "Polygon", "coordinates": [[[9.98249, 53.76077], [9.98268, 53.76059], [9.98308, 53.76074], [9.98289, 53.76092], [9.98249, 53.76077]]]}}, {"type": "Feature", "properties": {"area_ha": 0.06, "dist_km": 2.238, "node": "Hamburg/Nord (NOR)", "node_mw": 700, "osm_id": 76729877, "anchor_kind": "demand"}, "geometry": {"type": "Polygon", "coordinates": [[[9.98146, 53.76187], [9.98133, 53.76197], [9.98183, 53.76219], [9.98196, 53.76209], [9.98146, 53.76187]]]}}, {"type": "Feature", "properties": {"area_ha": 1.571, "dist_km": 2.815, "node": "Hamburg/Nord (NOR)", "node_mw": 700, "osm_id": 77883318, "anchor_kind": "demand"}, "geometry": {"type": "Polygon", "coordinates": [[[9.9918, 53.76731], [9.99303, 53.76768], [9.99337, 53.76717], [9.99372, 53.76737], [9.99387, 53.76726], [9.99365, 53.76692], [9.99318, 53.76642], [9.99285, 53.76615], [9.99239, 53.76588], [9.99182, 53.76661], [9.9918, 53.76731]]]}}, {"type": "Feature", "properties": {"area_ha": 0.131, "dist_km": 2.312, "node": "Hamburg/Nord (NOR)", "node_mw": 700, "osm_id": 80423676, "anchor_kind": "demand"}, "geometry": {"type": "Polygon", "coordinates": [[[9.98435, 53.7629], [9.98466, 53.76304], [9.98513, 53.76269], [9.98482, 53.76254], [9.98435, 53.7629]]]}}, {"type": "Feature", "properties": {"area_ha": 0.056, "dist_km": 2.6, "node": "Hamburg/Nord (NOR)", "node_mw": 700, "osm_id": 80423685, "anchor_kind": "demand"}, "geometry": {"type": "Polygon", "coordinates": [[[9.98119, 53.76512], [9.98158, 53.76525], [9.9814, 53.76543], [9.98118, 53.76535], [9.98126, 53.76528], [9.98109, 53.76522], [9.98119, 53.76512]]]}}, {"type": "Feature", "properties": {"area_ha": 0.027, "dist_km": 2.796, "node": "Hamburg/Nord (NOR)", "node_mw": 700, "osm_id": 80423696, "anchor_kind": "demand"}, "geometry": {"type": "Polygon", "coordinates": [[[9.99218, 53.7668], [9.99234, 53.76687], [9.99253, 53.76673], [9.99237, 53.76666], [9.99218, 53.7668]]]}}, {"type": "Feature", "properties": {"area_ha": 0.036, "dist_km": 2.796, "node": "Hamburg/Nord (NOR)", "node_mw": 700, "osm_id": 80423702, "anchor_kind": "demand"}, "geometry": {"type": "Polygon", "coordinates": [[[9.99292, 53.76659], [9.99272, 53.76671], [9.99292, 53.76683], [9.99313, 53.76671], [9.99292, 53.76659]]]}}, {"type": "Feature", "properties": {"area_ha": 0.036, "dist_km": 2.206, "node": "Hamburg/Nord (NOR)", "node_mw": 700, "osm_id": 80423708, "anchor_kind": "demand"}, "geometry": {"type": "Polygon", "coordinates": [[[9.98513, 53.7617], [9.98498, 53.76176], [9.98525, 53.76199], [9.9854, 53.76193], [9.98513, 53.7617]]]}}, {"type": "Feature", "properties": {"area_ha": 0.08, "dist_km": 2.344, "node": "Hamburg/Nord (NOR)", "node_mw": 700, "osm_id": 96423406, "anchor_kind": "demand"}, "geometry": {"type": "Polygon", "coordinates": [[[9.98633, 53.7633], [9.98562, 53.76298], [9.98569, 53.76292], [9.98599, 53.76306], [9.98609, 53.76299], [9.9865, 53.76318], [9.98633, 53.7633]]]}}, {"type": "Feature", "properties": {"area_ha": 0.279, "dist_km": 2.263, "node": "Hamburg/Nord (NOR)", "node_mw": 700, "osm_id": 96423407, "anchor_kind": "demand"}, "geometry": {"type": "Polygon", "coordinates": [[[9.9829, 53.76271], [9.98294, 53.76268], [9.983, 53.7627], [9.98331, 53.76246], [9.98345, 53.76252], [9.98353, 53.76246], [9.9834, 53.7624], [9.9835, 53.76232], [9.98356, 53.76235], [9.98352, 53.76238], [9.9836, 53.76241], [9.9837, 53.76234], [9.98363, 53.7623], [9.98365, 53.76229], [9.98359, 53.76226], [9.98364, 53.76222], [9.98373, 53.76227], [9.98397, 53.76208], [9.9838, 53.762], [9.98374, 53.76205], [9.98365, 53.76201], [9.98352, 53.76211], [9.98334, 53.76203], [9.98263, 53.76258], [9.9829, 53.76271]]]}}, {"type": "Feature", "properties": {"area_ha": 0.244, "dist_km": 2.287, "node": "Hamburg/Nord (NOR)", "node_mw": 700, "osm_id": 96423412, "anchor_kind": "demand"}, "geometry": {"type": "Polygon", "coordinates": [[[9.98506, 53.76196], [9.98517, 53.76201], [9.98494, 53.76218], [9.98506, 53.76223], [9.9839, 53.76311], [9.98384, 53.76308], [9.98385, 53.76301], [9.98374, 53.76296], [9.98506, 53.76196]]]}}, {"type": "Feature", "properties": {"area_ha": 1.156, "dist_km": 2.522, "node": "Hamburg/Nord (NOR)", "node_mw": 700, "osm_id": 120872163, "anchor_kind": "demand"}, "geometry": {"type": "Polygon", "coordinates": [[[10.01783, 53.73171], [10.01899, 53.73168], [10.01897, 53.73131], [10.01965, 53.73129], [10.0196, 53.73047], [10.01906, 53.73048], [10.01909, 53.7309], [10.01939, 53.73089], [10.01939, 53.73097], [10.01866, 53.73098], [10.01864, 53.73076], [10.01845, 53.73077], [10.01846, 53.73098], [10.01826, 53.73098], [10.01824, 53.73078], [10.01801, 53.73078], [10.01803, 53.73098], [10.01728, 53.731], [10.0173, 53.73136], [10.0178, 53.73135], [10.01783, 53.73171]]]}}, {"type": "Feature", "properties": {"area_ha": 0.173, "dist_km": 1.965, "node": "Hamburg/Nord (NOR)", "node_mw": 700, "osm_id": 120872166, "anchor_kind": "demand"}, "geometry": {"type": "Polygon", "coordinates": [[[9.99027, 53.72477], [9.99101, 53.72484], [9.9911, 53.72454], [9.99036, 53.72446], [9.99027, 53.72477]]]}}, {"type": "Feature", "properties": {"area_ha": 0.049, "dist_km": 2.527, "node": "Hamburg/Nord (NOR)", "node_mw": 700, "osm_id": 120872183, "anchor_kind": "demand"}, "geometry": {"type": "Polygon", "coordinates": [[[10.01746, 53.72993], [10.01747, 53.73012], [10.01783, 53.73011], [10.01782, 53.72992], [10.01746, 53.72993]]]}}, {"type": "Feature", "properties": {"area_ha": 0.201, "dist_km": 2.004, "node": "Hamburg/Nord (NOR)", "node_mw": 700, "osm_id": 120872205, "anchor_kind": "demand"}, "geometry": {"type": "Polygon", "coordinates": [[[9.99037, 53.72445], [9.99111, 53.72452], [9.99121, 53.72416], [9.99047, 53.72409], [9.99037, 53.72445]]]}}, {"type": "Feature", "properties": {"area_ha": 0.188, "dist_km": 2.132, "node": "Hamburg/Nord (NOR)", "node_mw": 700, "osm_id": 120872208, "anchor_kind": "demand"}, "geometry": {"type": "Polygon", "coordinates": [[[9.98909, 53.72311], [9.99, 53.7232], [9.99008, 53.72293], [9.98916, 53.72284], [9.98909, 53.72311]]]}}, {"type": "Feature", "properties": {"area_ha": 0.148, "dist_km": 1.932, "node": "Hamburg/Nord (NOR)", "node_mw": 700, "osm_id": 120872216, "anchor_kind": "demand"}, "geometry": {"type": "Polygon", "coordinates": [[[9.99019, 53.72504], [9.99094, 53.72512], [9.99102, 53.72485], [9.99026, 53.72478], [9.99019, 53.72504]]]}}, {"type": "Feature", "properties": {"area_ha": 0.226, "dist_km": 2.668, "node": "Hamburg/Nord (NOR)", "node_mw": 700, "osm_id": 120872225, "anchor_kind": "demand"}, "geometry": {"type": "Polygon", "coordinates": [[[10.01888, 53.72881], [10.0189, 53.72919], [10.01924, 53.72918], [10.01925, 53.72939], [10.01956, 53.72939], [10.01954, 53.7288], [10.01888, 53.72881]]]}}, {"type": "Feature", "properties": {"area_ha": 0.089, "dist_km": 2.545, "node": "Hamburg/Nord (NOR)", "node_mw": 700, "osm_id": 120872227, "anchor_kind": "demand"}, "geometry": {"type": "Polygon", "coordinates": [[[10.01722, 53.72981], [10.01795, 53.7298], [10.01794, 53.72967], [10.01772, 53.72967], [10.01772, 53.72962], [10.0172, 53.72963], [10.01722, 53.72981]]]}}, {"type": "Feature", "properties": {"area_ha": 2.988, "dist_km": 2.844, "node": "Hamburg/Nord (NOR)", "node_mw": 700, "osm_id": 120872234, "anchor_kind": "demand"}, "geometry": {"type": "Polygon", "coordinates": [[[10.0173, 53.72687], [10.01928, 53.72685], [10.01927, 53.72656], [10.01938, 53.72656], [10.01936, 53.72597], [10.01948, 53.72596], [10.01944, 53.72493], [10.01724, 53.72496], [10.0173, 53.72687]]]}}, {"type": "Feature", "properties": {"area_ha": 0.075, "dist_km": 2.044, "node": "Hamburg/Nord (NOR)", "node_mw": 700, "osm_id": 120872235, "anchor_kind": "demand"}, "geometry": {"type": "Polygon", "coordinates": [[[9.99051, 53.72398], [9.99094, 53.72402], [9.99093, 53.72404], [9.99123, 53.72407], [9.99127, 53.72394], [9.99098, 53.72391], [9.99099, 53.72388], [9.99054, 53.72384], [9.99051, 53.72398]]]}}, {"type": "Feature", "properties": {"area_ha": 0.088, "dist_km": 2.566, "node": "Hamburg/Nord (NOR)", "node_mw": 700, "osm_id": 120872237, "anchor_kind": "demand"}, "geometry": {"type": "Polygon", "coordinates": [[[10.01736, 53.72936], [10.01737, 53.72957], [10.01781, 53.72957], [10.01781, 53.72952], [10.01803, 53.72952], [10.01803, 53.72941], [10.01778, 53.72941], [10.01778, 53.72935], [10.01736, 53.72936]]]}}, {"type": "Feature", "properties": {"area_ha": 0.067, "dist_km": 2.536, "node": "Hamburg/Nord (NOR)", "node_mw": 700, "osm_id": 170974948, "anchor_kind": "demand"}, "geometry": {"type": "Polygon", "coordinates": [[[9.9876, 53.76494], [9.98781, 53.76479], [9.98737, 53.76457], [9.98724, 53.76467], [9.98743, 53.76476], [9.98735, 53.76481], [9.9876, 53.76494]]]}}, {"type": "Feature", "properties": {"area_ha": 0.717, "dist_km": 1.145, "node": "Hamburg/Nord (NOR)", "node_mw": 700, "osm_id": 176486654, "anchor_kind": "demand"}, "geometry": {"type": "Polygon", "coordinates": [[[9.9965, 53.73421], [9.99809, 53.73428], [9.99802, 53.73487], [9.99711, 53.73485], [9.99702, 53.73485], [9.99639, 53.73483], [9.9965, 53.73421]]]}}, {"type": "Feature", "properties": {"area_ha": 4.952, "dist_km": 2.185, "node": "Hamburg/Nord (NOR)", "node_mw": 700, "osm_id": 186507101, "anchor_kind": "demand"}, "geometry": {"type": "Polygon", "coordinates": [[[10.0192, 53.73618], [10.01784, 53.73611], [10.01785, 53.73602], [10.01753, 53.736], [10.01752, 53.73609], [10.01729, 53.73608], [10.01728, 53.7362], [10.01688, 53.73618], [10.0168, 53.73666], [10.01697, 53.73667], [10.01692, 53.73699], [10.01674, 53.73698], [10.01669, 53.7373], [10.01702, 53.73732], [10.01703, 53.73725], [10.01718, 53.73726], [10.01707, 53.73799], [10.01658, 53.73796], [10.01656, 53.73811], [10.01733, 53.73815], [10.01732, 53.73822], [10.01653, 53.73817], [10.01651, 53.73827], [10.01623, 53.73825], [10.01615, 53.73829], [10.016, 53.73925], [10.01744, 53.73934], [10.01743, 53.73937], [10.01775, 53.73939], [10.01777, 53.73926], [10.01799, 53.73927], [10.01807, 53.73875], [10.01847, 53.73877], [10.01856, 53.73817], [10.01875, 53.73819], [10.01878, 53.73799], [10.01885, 53.738], [10.01891, 53.738], [10.0192, 53.73618]]]}}, {"type": "Feature", "properties": {"area_ha": 0.702, "dist_km": 1.565, "node": "Hamburg/Nord (NOR)", "node_mw": 700, "osm_id": 216876367, "anchor_kind": "demand"}, "geometry": {"type": "Polygon", "coordinates": [[[9.98934, 53.72851], [9.99004, 53.72873], [9.99012, 53.72874], [9.99026, 53.72848], [9.99018, 53.72846], [9.99054, 53.72778], [9.98972, 53.72763], [9.98965, 53.72779], [9.98932, 53.72773], [9.98919, 53.72823], [9.98941, 53.72827], [9.98934, 53.72851]]]}}, {"type": "Feature", "properties": {"area_ha": 0.102, "dist_km": 3.004, "node": "Hamburg/Nord (NOR)", "node_mw": 700, "osm_id": 220426899, "anchor_kind": "demand"}, "geometry": {"type": "Polygon", "coordinates": [[[9.97767, 53.76879], [9.97848, 53.76879], [9.97848, 53.76862], [9.97767, 53.76862], [9.97767, 53.76879]]]}}, {"type": "Feature", "properties": {"area_ha": 3.717, "dist_km": 2.481, "node": "Siedenbrünzow (SOW)", "node_mw": 900, "osm_id": 236482581, "anchor_kind": "demand"}, "geometry": {"type": "Polygon", "coordinates": [[[13.12639, 53.88881], [13.1266, 53.88866], [13.12698, 53.88838], [13.12705, 53.88833], [13.12709, 53.88828], [13.12716, 53.88821], [13.12727, 53.88801], [13.12781, 53.88706], [13.12751, 53.88692], [13.12634, 53.88636], [13.12549, 53.88706], [13.1245, 53.88875], [13.12555, 53.88932], [13.12574, 53.88922], [13.12599, 53.88908], [13.12565, 53.88889], [13.12604, 53.88864], [13.12639, 53.88881]]]}}, {"type": "Feature", "properties": {"area_ha": 0.438, "dist_km": 1.613, "node": "Siedenbrünzow (SOW)", "node_mw": 900, "osm_id": 236788802, "anchor_kind": "demand"}, "geometry": {"type": "Polygon", "coordinates": [[[13.1258, 53.89829], [13.12692, 53.89814], [13.12668, 53.89768], [13.12557, 53.8977], [13.1258, 53.89829]]]}}, {"type": "Feature", "properties": {"area_ha": 9.374, "dist_km": 1.61, "node": "Siedenbrünzow (SOW)", "node_mw": 900, "osm_id": 237006991, "anchor_kind": "demand"}, "geometry": {"type": "Polygon", "coordinates": [[[13.14747, 53.89436], [13.14831, 53.89374], [13.14977, 53.89299], [13.15058, 53.89263], [13.15218, 53.89231], [13.15322, 53.8921], [13.1546, 53.89301], [13.15258, 53.89416], [13.15127, 53.89488], [13.1498, 53.89568], [13.1494, 53.89591], [13.14849, 53.8954], [13.14867, 53.89527], [13.14747, 53.89436]]]}}, {"type": "Feature", "properties": {"area_ha": 0.422, "dist_km": 0.369, "node": "Siedenbrünzow (SOW)", "node_mw": 900, "osm_id": 241555915, "anchor_kind": "demand"}, "geometry": {"type": "Polygon", "coordinates": [[[13.15007, 53.90887], [13.14993, 53.90838], [13.14988, 53.90831], [13.14967, 53.9083], [13.14916, 53.90826], [13.14894, 53.90834], [13.1489, 53.90849], [13.14886, 53.90872], [13.14975, 53.9088], [13.14972, 53.90901], [13.15016, 53.90894], [13.15007, 53.90887]]]}}, {"type": "Feature", "properties": {"area_ha": 2.473, "dist_km": 2.311, "node": "Siedenbrünzow (SOW)", "node_mw": 900, "osm_id": 241694052, "anchor_kind": "demand"}, "geometry": {"type": "Polygon", "coordinates": [[[13.15894, 53.92605], [13.15873, 53.92658], [13.15798, 53.92659], [13.1579, 53.92692], [13.1582, 53.92713], [13.15893, 53.92704], [13.15936, 53.9272], [13.16041, 53.92728], [13.16051, 53.92726], [13.16047, 53.92713], [13.16059, 53.92636], [13.16097, 53.92632], [13.1612, 53.9258], [13.15957, 53.92546], [13.15894, 53.92605]]]}}, {"type": "Feature", "properties": {"area_ha": 5.854, "dist_km": 1.189, "node": "Siedenbrünzow (SOW)", "node_mw": 900, "osm_id": 241694056, "anchor_kind": "demand"}, "geometry": {"type": "Polygon", "coordinates": [[[13.14688, 53.91901], [13.14593, 53.91796], [13.14539, 53.91737], [13.14245, 53.91762], [13.14232, 53.91763], [13.14317, 53.9196], [13.14623, 53.91977], [13.14684, 53.91958], [13.14696, 53.91951], [13.14688, 53.91901]]]}}, {"type": "Feature", "properties": {"area_ha": 0.934, "dist_km": 2.048, "node": "Siedenbrünzow (SOW)", "node_mw": 900, "osm_id": 241694058, "anchor_kind": "demand"}, "geometry": {"type": "Polygon", "coordinates": [[[13.15955, 53.92409], [13.15877, 53.92345], [13.15759, 53.92413], [13.15798, 53.92433], [13.15823, 53.92451], [13.15829, 53.9246], [13.15859, 53.9246], [13.1589, 53.92447], [13.15967, 53.92432], [13.15955, 53.92409]]]}}, {"type": "Feature", "properties": {"area_ha": 3.967, "dist_km": 1.647, "node": "Siedenbrünzow (SOW)", "node_mw": 900, "osm_id": 241703568, "anchor_kind": "demand"}, "geometry": {"type": "Polygon", "coordinates": [[[13.1202, 53.91564], [13.12011, 53.91536], [13.12225, 53.91453], [13.12298, 53.91492], [13.12421, 53.91523], [13.12415, 53.91556], [13.12467, 53.91568], [13.12459, 53.91581], [13.12176, 53.91657], [13.12159, 53.91623], [13.12042, 53.91645], [13.1202, 53.91564]]]}}, {"type": "Feature", "properties": {"area_ha": 3.906, "dist_km": 1.485, "node": "Siedenbrünzow (SOW)", "node_mw": 900, "osm_id": 241709451, "anchor_kind": "demand"}, "geometry": {"type": "Polygon", "coordinates": [[[13.16162, 53.90089], [13.16229, 53.90074], [13.16274, 53.90112], [13.1635, 53.90094], [13.16372, 53.90104], [13.1641, 53.90093], [13.16442, 53.90084], [13.16339, 53.89992], [13.16311, 53.89952], [13.16271, 53.89893], [13.16178, 53.89911], [13.15982, 53.89933], [13.15968, 53.8994], [13.16082, 53.90019], [13.16162, 53.90089]]]}}, {"type": "Feature", "properties": {"area_ha": 0.405, "dist_km": 0.996, "node": "Siedenbrünzow (SOW)", "node_mw": 900, "osm_id": 241720012, "anchor_kind": "demand"}, "geometry": {"type": "Polygon", "coordinates": [[[13.1592, 53.90887], [13.15964, 53.90887], [13.15955, 53.90821], [13.15945, 53.90815], [13.1593, 53.9081], [13.15927, 53.90804], [13.15914, 53.90799], [13.15897, 53.9081], [13.15863, 53.90813], [13.15875, 53.9086], [13.15918, 53.90856], [13.1592, 53.90887]]]}}, {"type": "Feature", "properties": {"area_ha": 0.402, "dist_km": 3.031, "node": "Siedenbrünzow (SOW)", "node_mw": 900, "osm_id": 241723394, "anchor_kind": "demand"}, "geometry": {"type": "Polygon", "coordinates": [[[13.18579, 53.91969], [13.18689, 53.91916], [13.18645, 53.91887], [13.18534, 53.91942], [13.18579, 53.91969]]]}}, {"type": "Feature", "properties": {"area_ha": 0.126, "dist_km": 2.608, "node": "Hamburg/Nord (NOR)", "node_mw": 700, "osm_id": 246065568, "anchor_kind": "demand"}, "geometry": {"type": "Polygon", "coordinates": [[[10.01877, 53.72956], [10.01905, 53.72955], [10.01906, 53.72962], [10.01906, 53.72965], [10.01908, 53.72988], [10.01909, 53.72994], [10.01909, 53.72999], [10.01862, 53.73], [10.01848, 53.72993], [10.01848, 53.72984], [10.0188, 53.72983], [10.01877, 53.72956]]]}}, {"type": "Feature", "properties": {"area_ha": 0.093, "dist_km": 2.634, "node": "Hamburg/Nord (NOR)", "node_mw": 700, "osm_id": 246065572, "anchor_kind": "demand"}, "geometry": {"type": "Polygon", "coordinates": [[[10.01918, 53.72998], [10.01955, 53.72998], [10.01962, 53.72994], [10.01961, 53.72981], [10.01944, 53.72982], [10.01942, 53.72961], [10.01916, 53.72961], [10.01916, 53.72965], [10.01917, 53.72988], [10.01918, 53.72993], [10.01918, 53.72998]]]}}, {"type": "Feature", "properties": {"area_ha": 0.041, "dist_km": 2.81, "node": "Hamburg/Nord (NOR)", "node_mw": 700, "osm_id": 258451609, "anchor_kind": "demand"}, "geometry": {"type": "Polygon", "coordinates": [[[9.99388, 53.76683], [9.99414, 53.76678], [9.99402, 53.76659], [9.99376, 53.76664], [9.99388, 53.76683]]]}}, {"type": "Feature", "properties": {"area_ha": 0.895, "dist_km": 1.866, "node": "Hamburg/Nord (NOR)", "node_mw": 700, "osm_id": 263939619, "anchor_kind": "demand"}, "geometry": {"type": "Polygon", "coordinates": [[[9.98995, 53.72589], [9.99042, 53.72594], [9.99039, 53.72602], [9.99056, 53.72604], [9.99094, 53.72608], [9.99097, 53.72599], [9.99136, 53.72603], [9.99145, 53.72574], [9.99134, 53.72573], [9.99135, 53.72571], [9.99137, 53.72564], [9.99125, 53.72562], [9.99128, 53.72554], [9.99154, 53.72557], [9.99161, 53.72533], [9.99165, 53.72534], [9.99167, 53.72528], [9.99164, 53.72527], [9.99166, 53.72519], [9.99094, 53.72512], [9.99019, 53.72504], [9.99011, 53.72531], [9.99034, 53.72534], [9.99026, 53.7256], [9.99004, 53.72557], [9.98995, 53.72589]]]}}, {"type": "Feature", "properties": {"area_ha": 3.715, "dist_km": 2.002, "node": "Hamburg/Nord (NOR)", "node_mw": 700, "osm_id": 263939631, "anchor_kind": "demand"}, "geometry": {"type": "Polygon", "coordinates": [[[9.98693, 53.72584], [9.98698, 53.72515], [9.9871, 53.72447], [9.9871, 53.7241], [9.98708, 53.72387], [9.98706, 53.7238], [9.98699, 53.72367], [9.98677, 53.72347], [9.9864, 53.72317], [9.9863, 53.7231], [9.98609, 53.72291], [9.98603, 53.72293], [9.98601, 53.72294], [9.98509, 53.72329], [9.98496, 53.72334], [9.98491, 53.72393], [9.98514, 53.72395], [9.98505, 53.72526], [9.98494, 53.72536], [9.98492, 53.72561], [9.98693, 53.72584]]]}}, {"type": "Feature", "properties": {"area_ha": 0.058, "dist_km": 2.921, "node": "Hamburg/Nord (NOR)", "node_mw": 700, "osm_id": 272346437, "anchor_kind": "demand"}, "geometry": {"type": "Polygon", "coordinates": [[[9.95656, 53.76207], [9.95648, 53.76215], [9.95657, 53.76218], [9.95648, 53.76228], [9.95675, 53.76238], [9.95694, 53.76221], [9.95656, 53.76207]]]}}, {"type": "Feature", "properties": {"area_ha": 0.103, "dist_km": 2.644, "node": "Hamburg/Nord (NOR)", "node_mw": 700, "osm_id": 305190781, "anchor_kind": "demand"}, "geometry": {"type": "Polygon", "coordinates": [[[9.94472, 53.74316], [9.94442, 53.74304], [9.9448, 53.74272], [9.94494, 53.74278], [9.94497, 53.74279], [9.94509, 53.74283], [9.94472, 53.74316]]]}}, {"type": "Feature", "properties": {"area_ha": 2.409, "dist_km": 2.33, "node": "Hamburg/Nord (NOR)", "node_mw": 700, "osm_id": 305566921, "anchor_kind": "demand"}, "geometry": {"type": "Polygon", "coordinates": [[[10.01741, 53.73344], [10.01728, 53.73432], [10.01742, 53.73432], [10.01731, 53.73519], [10.0191, 53.73529], [10.01935, 53.73354], [10.01741, 53.73344]]]}}, {"type": "Feature", "properties": {"area_ha": 0.242, "dist_km": 2.043, "node": "Hamburg/Nord (NOR)", "node_mw": 700, "osm_id": 310681627, "anchor_kind": "demand"}, "geometry": {"type": "Polygon", "coordinates": [[[10.01592, 53.73862], [10.01546, 53.7386], [10.01537, 53.73932], [10.01583, 53.73934], [10.01592, 53.73862]]]}}, {"type": "Feature", "properties": {"area_ha": 0.241, "dist_km": 2.134, "node": "Hamburg/Nord (NOR)", "node_mw": 700, "osm_id": 310681630, "anchor_kind": "demand"}, "geometry": {"type": "Polygon", "coordinates": [[[10.01578, 53.73591], [10.0157, 53.73662], [10.01616, 53.73664], [10.01623, 53.73592], [10.01578, 53.73591]]]}}, {"type": "Feature", "properties": {"area_ha": 0.241, "dist_km": 2.076, "node": "Hamburg/Nord (NOR)", "node_mw": 700, "osm_id": 310681643, "anchor_kind": "demand"}, "geometry": {"type": "Polygon", "coordinates": [[[10.0155, 53.73826], [10.01596, 53.73828], [10.01605, 53.73758], [10.01583, 53.73757], [10.01558, 53.73756], [10.0155, 53.73826]]]}}, {"type": "Feature", "properties": {"area_ha": 0.273, "dist_km": 2.098, "node": "Hamburg/Nord (NOR)", "node_mw": 700, "osm_id": 310681644, "anchor_kind": "demand"}, "geometry": {"type": "Polygon", "coordinates": [[[10.0157, 53.73667], [10.01558, 53.73756], [10.01583, 53.73757], [10.01585, 53.7374], [10.01607, 53.73741], [10.01615, 53.73669], [10.0157, 53.73667]]]}}, {"type": "Feature", "properties": {"area_ha": 0.024, "dist_km": 1.581, "node": "Hamburg/Nord (NOR)", "node_mw": 700, "osm_id": 313714318, "anchor_kind": "demand"}, "geometry": {"type": "Polygon", "coordinates": [[[9.98586, 53.72789], [9.98603, 53.72775], [9.98588, 53.72768], [9.9857, 53.72783], [9.98586, 53.72789]]]}}, {"type": "Feature", "properties": {"area_ha": 0.111, "dist_km": 0.487, "node": "Hamburg/Nord (NOR)", "node_mw": 700, "osm_id": 319697910, "anchor_kind": "demand"}, "geometry": {"type": "Polygon", "coordinates": [[[9.98156, 53.73814], [9.98159, 53.73813], [9.98245, 53.73801], [9.98239, 53.73785], [9.98149, 53.73798], [9.98156, 53.73814]]]}}, {"type": "Feature", "properties": {"area_ha": 0.025, "dist_km": 0.927, "node": "Hamburg/Nord (NOR)", "node_mw": 700, "osm_id": 319697924, "anchor_kind": "demand"}, "geometry": {"type": "Polygon", "coordinates": [[[9.97723, 53.73505], [9.97759, 53.73501], [9.97756, 53.73492], [9.9772, 53.73496], [9.97723, 53.73505]]]}}, {"type": "Feature", "properties": {"area_ha": 0.078, "dist_km": 0.419, "node": "Hamburg/Nord (NOR)", "node_mw": 700, "osm_id": 319697996, "anchor_kind": "demand"}, "geometry": {"type": "Polygon", "coordinates": [[[9.98263, 53.7386], [9.98317, 53.73849], [9.98307, 53.73831], [9.98253, 53.73842], [9.98263, 53.7386]]]}}, {"type": "Feature", "properties": {"area_ha": 0.064, "dist_km": 0.568, "node": "Hamburg/Nord (NOR)", "node_mw": 700, "osm_id": 319698004, "anchor_kind": "demand"}, "geometry": {"type": "Polygon", "coordinates": [[[9.98141, 53.73742], [9.98188, 53.73735], [9.98181, 53.73718], [9.98134, 53.73725], [9.98141, 53.73742]]]}}, {"type": "Feature", "properties": {"area_ha": 0.016, "dist_km": 0.572, "node": "Hamburg/Nord (NOR)", "node_mw": 700, "osm_id": 319698028, "anchor_kind": "demand"}, "geometry": {"type": "Polygon", "coordinates": [[[9.9812, 53.73728], [9.98108, 53.7373], [9.98116, 53.73747], [9.98128, 53.73745], [9.9812, 53.73728]]]}}, {"type": "Feature", "properties": {"area_ha": 0.03, "dist_km": 0.556, "node": "Hamburg/Nord (NOR)", "node_mw": 700, "osm_id": 319698033, "anchor_kind": "demand"}, "geometry": {"type": "Polygon", "coordinates": [[[9.98226, 53.73719], [9.9823, 53.73731], [9.98263, 53.73727], [9.98258, 53.73715], [9.98226, 53.73719]]]}}, {"type": "Feature", "properties": {"area_ha": 0.077, "dist_km": 0.777, "node": "Hamburg/Nord (NOR)", "node_mw": 700, "osm_id": 319698060, "anchor_kind": "demand"}, "geometry": {"type": "Polygon", "coordinates": [[[9.98416, 53.73522], [9.98457, 53.73514], [9.9844, 53.73483], [9.98419, 53.73487], [9.98428, 53.73503], [9.98407, 53.73506], [9.98416, 53.73522]]]}}, {"type": "Feature", "properties": {"area_ha": 0.028, "dist_km": 0.938, "node": "Hamburg/Nord (NOR)", "node_mw": 700, "osm_id": 319698062, "anchor_kind": "demand"}, "geometry": {"type": "Polygon", "coordinates": [[[9.97756, 53.73492], [9.9772, 53.73496], [9.97715, 53.73481], [9.97736, 53.73479], [9.97739, 53.73489], [9.97754, 53.73488], [9.97756, 53.73492]]]}}, {"type": "Feature", "properties": {"area_ha": 0.051, "dist_km": 0.87, "node": "Hamburg/Nord (NOR)", "node_mw": 700, "osm_id": 319698063, "anchor_kind": "demand"}, "geometry": {"type": "Polygon", "coordinates": [[[9.98222, 53.73423], [9.98241, 53.73448], [9.98261, 53.73443], [9.98253, 53.73432], [9.98259, 53.7343], [9.98248, 53.73416], [9.98222, 53.73423]]]}}, {"type": "Feature", "properties": {"area_ha": 0.043, "dist_km": 2.589, "node": "Hamburg/Nord (NOR)", "node_mw": 700, "osm_id": 337182214, "anchor_kind": "demand"}, "geometry": {"type": "Polygon", "coordinates": [[[9.99205, 53.71892], [9.99221, 53.71904], [9.99191, 53.71919], [9.99189, 53.71917], [9.99177, 53.71909], [9.99177, 53.71906], [9.99205, 53.71892]]]}}, {"type": "Feature", "properties": {"area_ha": 0.27, "dist_km": 2.691, "node": "Hamburg/Nord (NOR)", "node_mw": 700, "osm_id": 350946644, "anchor_kind": "demand"}, "geometry": {"type": "Polygon", "coordinates": [[[10.02016, 53.73001], [10.02064, 53.72999], [10.02057, 53.72928], [10.02005, 53.7293], [10.0201, 53.72992], [10.02015, 53.72992], [10.02016, 53.73001]]]}}, {"type": "Feature", "properties": {"area_ha": 0.104, "dist_km": 2.58, "node": "Hamburg/Nord (NOR)", "node_mw": 700, "osm_id": 350947437, "anchor_kind": "demand"}, "geometry": {"type": "Polygon", "coordinates": [[[10.01709, 53.72905], [10.01723, 53.72902], [10.01723, 53.729], [10.018, 53.72898], [10.018, 53.72883], [10.01708, 53.72885], [10.01709, 53.72905]]]}}, {"type": "Feature", "properties": {"area_ha": 0.033, "dist_km": 2.284, "node": "Hamburg/Nord (NOR)", "node_mw": 700, "osm_id": 361759706, "anchor_kind": "demand"}, "geometry": {"type": "Polygon", "coordinates": [[[9.98214, 53.76243], [9.98198, 53.76257], [9.98175, 53.76248], [9.98191, 53.76234], [9.98214, 53.76243]]]}}, {"type": "Feature", "properties": {"area_ha": 0.067, "dist_km": 0.859, "node": "Hamburg/Nord (NOR)", "node_mw": 700, "osm_id": 363457976, "anchor_kind": "demand"}, "geometry": {"type": "Polygon", "coordinates": [[[9.97421, 53.73779], [9.97398, 53.73753], [9.97427, 53.73745], [9.97448, 53.73771], [9.97421, 53.73779]]]}}, {"type": "Feature", "properties": {"area_ha": 14.273, "dist_km": 1.817, "node": "Hamburg/Nord (NOR)", "node_mw": 700, "osm_id": 397756557, "anchor_kind": "demand"}, "geometry": {"type": "Polygon", "coordinates": [[[9.99383, 53.72335], [9.99077, 53.72301], [9.99072, 53.72305], [9.99045, 53.72396], [9.98977, 53.72607], [9.98974, 53.72614], [9.98941, 53.72729], [9.98906, 53.72848], [9.99126, 53.72923], [9.99139, 53.72909], [9.9919, 53.72924], [9.99229, 53.72831], [9.99222, 53.72829], [9.99229, 53.72809], [9.99203, 53.72804], [9.99219, 53.72771], [9.99236, 53.72773], [9.99283, 53.72685], [9.99208, 53.72667], [9.99142, 53.72654], [9.99144, 53.72644], [9.9918, 53.72526], [9.99211, 53.7252], [9.99242, 53.72516], [9.99534, 53.72549], [9.9957, 53.72431], [9.99466, 53.72418], [9.9949, 53.72346], [9.99421, 53.72339], [9.99383, 53.72335]]]}}, {"type": "Feature", "properties": {"area_ha": 0.049, "dist_km": 0.794, "node": "Hamburg/Nord (NOR)", "node_mw": 700, "osm_id": 436168300, "anchor_kind": "demand"}, "geometry": {"type": "Polygon", "coordinates": [[[9.99519, 53.73808], [9.99521, 53.73794], [9.99509, 53.73793], [9.99508, 53.73796], [9.99467, 53.73794], [9.99465, 53.73806], [9.99519, 53.73808]]]}}, {"type": "Feature", "properties": {"area_ha": 0.002, "dist_km": 1.299, "node": "Hamburg/Nord (NOR)", "node_mw": 700, "osm_id": 483062541, "anchor_kind": "demand"}, "geometry": {"type": "Polygon", "coordinates": [[[10.0008, 53.74898], [10.00083, 53.749], [10.0009, 53.74896], [10.00087, 53.74894], [10.0008, 53.74898]]]}}, {"type": "Feature", "properties": {"area_ha": 0.002, "dist_km": 2.914, "node": "Hamburg/Nord (NOR)", "node_mw": 700, "osm_id": 507660864, "anchor_kind": "demand"}, "geometry": {"type": "Polygon", "coordinates": [[[9.98582, 53.76817], [9.98587, 53.76819], [9.98583, 53.76823], [9.98579, 53.76822], [9.98582, 53.76817]]]}}, {"type": "Feature", "properties": {"area_ha": 0.025, "dist_km": 2.916, "node": "Hamburg/Nord (NOR)", "node_mw": 700, "osm_id": 507660866, "anchor_kind": "demand"}, "geometry": {"type": "Polygon", "coordinates": [[[9.98569, 53.76823], [9.98576, 53.76812], [9.98603, 53.76818], [9.98596, 53.76829], [9.98592, 53.76828], [9.98572, 53.76824], [9.98569, 53.76823]]]}}, {"type": "Feature", "properties": {"area_ha": 0.953, "dist_km": 0.51, "node": "Hamburg/Nord (NOR)", "node_mw": 700, "osm_id": 604752494, "anchor_kind": "demand"}, "geometry": {"type": "Polygon", "coordinates": [[[9.98401, 53.73778], [9.98557, 53.73748], [9.98571, 53.73774], [9.98592, 53.7377], [9.98542, 53.7368], [9.98366, 53.73714], [9.98372, 53.73726], [9.98401, 53.73778]]]}}, {"type": "Feature", "properties": {"area_ha": 0.019, "dist_km": 2.815, "node": "Hamburg/Nord (NOR)", "node_mw": 700, "osm_id": 666618572, "anchor_kind": "demand"}, "geometry": {"type": "Polygon", "coordinates": [[[9.99204, 53.76702], [9.9922, 53.76686], [9.99233, 53.7669], [9.99216, 53.76706], [9.99204, 53.76702]]]}}, {"type": "Feature", "properties": {"area_ha": 0.022, "dist_km": 2.837, "node": "Hamburg/Nord (NOR)", "node_mw": 700, "osm_id": 666618574, "anchor_kind": "demand"}, "geometry": {"type": "Polygon", "coordinates": [[[9.99412, 53.76704], [9.994, 53.76686], [9.99414, 53.76682], [9.99426, 53.76701], [9.99412, 53.76704]]]}}, {"type": "Feature", "properties": {"area_ha": 2.543, "dist_km": 0.68, "node": "Hamburg/Nord (NOR)", "node_mw": 700, "osm_id": 668083266, "anchor_kind": "demand"}, "geometry": {"type": "Polygon", "coordinates": [[[9.97798, 53.73731], [9.97765, 53.73676], [9.97746, 53.73679], [9.97656, 53.73693], [9.97623, 53.73698], [9.9771, 53.73821], [9.97805, 53.7394], [9.97916, 53.73922], [9.97831, 53.73785], [9.97798, 53.73731]]]}}, {"type": "Feature", "properties": {"area_ha": 0.035, "dist_km": 2.576, "node": "Hamburg/Nord (NOR)", "node_mw": 700, "osm_id": 729461153, "anchor_kind": "demand"}, "geometry": {"type": "Polygon", "coordinates": [[[9.98136, 53.76513], [9.98157, 53.76521], [9.98174, 53.76504], [9.98153, 53.76497], [9.98145, 53.76504], [9.98136, 53.76513]]]}}, {"type": "Feature", "properties": {"area_ha": 0.031, "dist_km": 0.539, "node": "Hamburg/Nord (NOR)", "node_mw": 700, "osm_id": 777540217, "anchor_kind": "demand"}, "geometry": {"type": "Polygon", "coordinates": [[[9.98355, 53.73729], [9.98372, 53.73726], [9.98366, 53.73714], [9.98364, 53.73711], [9.98347, 53.73715], [9.98341, 53.7372], [9.98348, 53.73734], [9.98357, 53.73732], [9.98355, 53.73729]]]}}, {"type": "Feature", "properties": {"area_ha": 0.491, "dist_km": 0.529, "node": "Hamburg/Nord (NOR)", "node_mw": 700, "osm_id": 777540218, "anchor_kind": "demand"}, "geometry": {"type": "Polygon", "coordinates": [[[9.98288, 53.73728], [9.98307, 53.73761], [9.98116, 53.73788], [9.981, 53.73756], [9.98288, 53.73728]]]}}, {"type": "Feature", "properties": {"area_ha": 0.016, "dist_km": 0.985, "node": "Hamburg/Nord (NOR)", "node_mw": 700, "osm_id": 823379080, "anchor_kind": "demand"}, "geometry": {"type": "Polygon", "coordinates": [[[9.97491, 53.73549], [9.97484, 53.7354], [9.97503, 53.73535], [9.9751, 53.73544], [9.97491, 53.73549]]]}}, {"type": "Feature", "properties": {"area_ha": 0.227, "dist_km": 2.308, "node": "Hamburg/Nord (NOR)", "node_mw": 700, "osm_id": 870425252, "anchor_kind": "demand"}, "geometry": {"type": "Polygon", "coordinates": [[[9.98074, 53.76263], [9.98098, 53.76237], [9.98191, 53.76266], [9.98167, 53.76292], [9.98074, 53.76263]]]}}, {"type": "Feature", "properties": {"area_ha": 0.064, "dist_km": 0.681, "node": "Hamburg/Nord (NOR)", "node_mw": 700, "osm_id": 886535357, "anchor_kind": "demand"}, "geometry": {"type": "Polygon", "coordinates": [[[9.98132, 53.73638], [9.98066, 53.73646], [9.98062, 53.73633], [9.98128, 53.73626], [9.98132, 53.73638]]]}}, {"type": "Feature", "properties": {"area_ha": 0.026, "dist_km": 0.675, "node": "Hamburg/Nord (NOR)", "node_mw": 700, "osm_id": 886535358, "anchor_kind": "demand"}, "geometry": {"type": "Polygon", "coordinates": [[[9.98159, 53.73635], [9.98132, 53.73638], [9.98128, 53.73626], [9.98155, 53.73622], [9.98159, 53.73635]]]}}, {"type": "Feature", "properties": {"area_ha": 0.1, "dist_km": 0.538, "node": "Hamburg/Nord (NOR)", "node_mw": 700, "osm_id": 886535362, "anchor_kind": "demand"}, "geometry": {"type": "Polygon", "coordinates": [[[9.9925, 53.74009], [9.99247, 53.74051], [9.9928, 53.74052], [9.99283, 53.7401], [9.9925, 53.74009]]]}}, {"type": "Feature", "properties": {"area_ha": 1.917, "dist_km": 2.532, "node": "Hamburg/Nord (NOR)", "node_mw": 700, "osm_id": 1135192561, "anchor_kind": "demand"}, "geometry": {"type": "Polygon", "coordinates": [[[10.0198, 53.73463], [10.02239, 53.73471], [10.02247, 53.7337], [10.01995, 53.7336], [10.0198, 53.73463]]]}}, {"type": "Feature", "properties": {"area_ha": 0.435, "dist_km": 0.643, "node": "Siedenbrünzow (SOW)", "node_mw": 900, "osm_id": 1287631661, "anchor_kind": "demand"}, "geometry": {"type": "Polygon", "coordinates": [[[13.15438, 53.90853], [13.15421, 53.90849], [13.15308, 53.90851], [13.15306, 53.90804], [13.15376, 53.90805], [13.15434, 53.90802], [13.15438, 53.90853]]]}}, {"type": "Feature", "properties": {"area_ha": 0.349, "dist_km": 0.655, "node": "Siedenbrünzow (SOW)", "node_mw": 900, "osm_id": 1287631662, "anchor_kind": "demand"}, "geometry": {"type": "Polygon", "coordinates": [[[13.15422, 53.90604], [13.15421, 53.90578], [13.15414, 53.90585], [13.15379, 53.90586], [13.15331, 53.90566], [13.15256, 53.90567], [13.15257, 53.90581], [13.15241, 53.9059], [13.15242, 53.90598], [13.15268, 53.90606], [13.15315, 53.90603], [13.1534, 53.906], [13.15377, 53.906], [13.15413, 53.90598], [13.15422, 53.90604]]]}}, {"type": "Feature", "properties": {"area_ha": 0.203, "dist_km": 0.583, "node": "Siedenbrünzow (SOW)", "node_mw": 900, "osm_id": 1287631663, "anchor_kind": "demand"}, "geometry": {"type": "Polygon", "coordinates": [[[13.15002, 53.9039], [13.1503, 53.90403], [13.15056, 53.90411], [13.15042, 53.90427], [13.15031, 53.9044], [13.1502, 53.9045], [13.14973, 53.90439], [13.1498, 53.90422], [13.14993, 53.90404], [13.15002, 53.9039]]]}}, {"type": "Feature", "properties": {"area_ha": 0.334, "dist_km": 0.791, "node": "Siedenbrünzow (SOW)", "node_mw": 900, "osm_id": 1287631664, "anchor_kind": "demand"}, "geometry": {"type": "Polygon", "coordinates": [[[13.13639, 53.90215], [13.1365, 53.90187], [13.13659, 53.902], [13.13686, 53.90204], [13.13723, 53.90201], [13.13759, 53.902], [13.13749, 53.9025], [13.1373, 53.90255], [13.13717, 53.9025], [13.13695, 53.90255], [13.13664, 53.90219], [13.13639, 53.90215]]]}}, {"type": "Feature", "properties": {"area_ha": 0.188, "dist_km": 0.909, "node": "Siedenbrünzow (SOW)", "node_mw": 900, "osm_id": 1287631667, "anchor_kind": "demand"}, "geometry": {"type": "Polygon", "coordinates": [[[13.12965, 53.90647], [13.12995, 53.90629], [13.12993, 53.90638], [13.12997, 53.90644], [13.13068, 53.90681], [13.13082, 53.90689], [13.13088, 53.907], [13.13082, 53.90705], [13.13065, 53.90707], [13.13051, 53.90703], [13.12997, 53.90661], [13.12977, 53.90649], [13.12965, 53.90647]]]}}, {"type": "Feature", "properties": {"area_ha": 0.37, "dist_km": 0.998, "node": "Siedenbrünzow (SOW)", "node_mw": 900, "osm_id": 1287631668, "anchor_kind": "demand"}, "geometry": {"type": "Polygon", "coordinates": [[[13.12999, 53.90513], [13.12972, 53.90524], [13.12949, 53.90517], [13.12917, 53.90506], [13.12916, 53.90479], [13.12923, 53.90468], [13.12959, 53.90459], [13.13003, 53.90473], [13.1303, 53.90483], [13.13028, 53.90496], [13.12999, 53.90513]]]}}, {"type": "Feature", "properties": {"area_ha": 0.636, "dist_km": 2.541, "node": "Hamburg/Nord (NOR)", "node_mw": 700, "osm_id": 1420231932, "anchor_kind": "demand"}, "geometry": {"type": "Polygon", "coordinates": [[[10.02013, 53.73411], [10.02017, 53.73369], [10.02236, 53.73377], [10.02232, 53.73418], [10.02184, 53.73417], [10.02186, 53.73402], [10.02164, 53.73401], [10.02162, 53.73417], [10.02073, 53.73414], [10.02075, 53.73398], [10.02054, 53.73398], [10.02053, 53.73412], [10.02013, 53.73411]]]}}, {"type": "Feature", "properties": {"area_ha": 0.372, "dist_km": 2.527, "node": "Hamburg/Nord (NOR)", "node_mw": 700, "osm_id": 1420231933, "anchor_kind": "demand"}, "geometry": {"type": "Polygon", "coordinates": [[[10.02041, 53.73466], [10.02044, 53.73433], [10.02069, 53.73434], [10.02068, 53.73445], [10.02092, 53.73446], [10.02093, 53.73435], [10.02154, 53.73437], [10.02153, 53.73448], [10.02177, 53.73448], [10.02177, 53.73439], [10.02213, 53.7344], [10.02211, 53.73472], [10.02041, 53.73466]]]}}, {"type": "Feature", "properties": {"area_ha": 26.214, "dist_km": 0.718, "node": "Neuenhagen (NHG)", "node_mw": 700, "osm_id": 25607375, "anchor_kind": "demand"}, "geometry": {"type": "Polygon", "coordinates": [[[13.71431, 52.53371], [13.71534, 52.53244], [13.71702, 52.53295], [13.71827, 52.53333], [13.7183, 52.53334], [13.71832, 52.53329], [13.71833, 52.5332], [13.71835, 52.53293], [13.7183, 52.53264], [13.71808, 52.53227], [13.71782, 52.53194], [13.71777, 52.53188], [13.7176, 52.53167], [13.71704, 52.53101], [13.71685, 52.53082], [13.71658, 52.53059], [13.71542, 52.53127], [13.71512, 52.53144], [13.71466, 52.53111], [13.71111, 52.53291], [13.71102, 52.53294], [13.71054, 52.53273], [13.70997, 52.53231], [13.70984, 52.53222], [13.70906, 52.53263], [13.70826, 52.53303], [13.7081, 52.53312], [13.70788, 52.53322], [13.70695, 52.5337], [13.70727, 52.53399], [13.70791, 52.53457], [13.7081, 52.53475], [13.70922, 52.53579], [13.70902, 52.53586], [13.70863, 52.53602], [13.70874, 52.53612], [13.7081, 52.53637], [13.70935, 52.53749], [13.70809, 52.538], [13.70913, 52.53895], [13.71032, 52.53848], [13.71077, 52.53829], [13.71154, 52.53798], [13.71191, 52.53783], [13.71111, 52.53758], [13.71105, 52.53756], [13.71112, 52.53749], [13.71249, 52.53587], [13.71389, 52.5342], [13.71431, 52.53371]]]}}, {"type": "Feature", "properties": {"area_ha": 9.085, "dist_km": 0.513, "node": "Neuenhagen (NHG)", "node_mw": 700, "osm_id": 26115281, "anchor_kind": "demand"}, "geometry": {"type": "Polygon", "coordinates": [[[13.71613, 52.54431], [13.71557, 52.54431], [13.71278, 52.54428], [13.71313, 52.5439], [13.71343, 52.54343], [13.71281, 52.54272], [13.71213, 52.54296], [13.71153, 52.54233], [13.71239, 52.54198], [13.71239, 52.54192], [13.71243, 52.54191], [13.71247, 52.54189], [13.71255, 52.54191], [13.71343, 52.54155], [13.71473, 52.54104], [13.71546, 52.54075], [13.7155, 52.54073], [13.7158, 52.54063], [13.71586, 52.54061], [13.71609, 52.54198], [13.71613, 52.54222], [13.7166, 52.5422], [13.71667, 52.5422], [13.71672, 52.54257], [13.71695, 52.54431], [13.71629, 52.54432], [13.71613, 52.54431]]]}}, {"type": "Feature", "properties": {"area_ha": 6.556, "dist_km": 0.422, "node": "Neuenhagen (NHG)", "node_mw": 700, "osm_id": 26115288, "anchor_kind": "demand"}, "geometry": {"type": "Polygon", "coordinates": [[[13.71261, 52.54428], [13.71278, 52.54428], [13.71313, 52.5439], [13.71343, 52.54343], [13.71281, 52.54272], [13.71213, 52.54296], [13.71153, 52.54233], [13.71081, 52.5426], [13.71076, 52.5426], [13.71071, 52.54262], [13.71063, 52.54265], [13.71014, 52.54217], [13.70904, 52.54264], [13.70985, 52.5433], [13.70926, 52.54357], [13.70871, 52.54306], [13.70706, 52.54362], [13.70784, 52.54441], [13.70846, 52.54424], [13.70848, 52.54427], [13.70858, 52.54448], [13.71002, 52.5445], [13.70999, 52.54428], [13.71081, 52.54428], [13.71093, 52.54428], [13.71261, 52.54428]]]}}, {"type": "Feature", "properties": {"area_ha": 2.012, "dist_km": 0.594, "node": "Neuenhagen (NHG)", "node_mw": 700, "osm_id": 28768037, "anchor_kind": "demand"}, "geometry": {"type": "Polygon", "coordinates": [[[13.70484, 52.53382], [13.70433, 52.5342], [13.70415, 52.53436], [13.70473, 52.53489], [13.70523, 52.53535], [13.70585, 52.53591], [13.70604, 52.53583], [13.70669, 52.53556], [13.70705, 52.53541], [13.70657, 52.53497], [13.70642, 52.53503], [13.70627, 52.53491], [13.70644, 52.53484], [13.70608, 52.53451], [13.70597, 52.53441], [13.70586, 52.53431], [13.70568, 52.5344], [13.70554, 52.5343], [13.70484, 52.53382]]]}}, {"type": "Feature", "properties": {"area_ha": 0.374, "dist_km": 2.155, "node": "Neuenhagen (NHG)", "node_mw": 700, "osm_id": 213139845, "anchor_kind": "demand"}, "geometry": {"type": "Polygon", "coordinates": [[[13.70783, 52.52084], [13.70842, 52.5208], [13.70841, 52.52076], [13.70864, 52.52075], [13.70864, 52.52072], [13.70891, 52.5207], [13.70906, 52.52068], [13.70956, 52.52051], [13.70959, 52.52057], [13.70975, 52.52052], [13.70952, 52.52027], [13.70889, 52.52048], [13.70779, 52.52053], [13.70783, 52.52084]]]}}, {"type": "Feature", "properties": {"area_ha": 0.028, "dist_km": 2.118, "node": "Neuenhagen (NHG)", "node_mw": 700, "osm_id": 213139846, "anchor_kind": "demand"}, "geometry": {"type": "Polygon", "coordinates": [[[13.70833, 52.52103], [13.70853, 52.52105], [13.70854, 52.52099], [13.70859, 52.52099], [13.70862, 52.52089], [13.70841, 52.52087], [13.70837, 52.52087], [13.70833, 52.52103]]]}}, {"type": "Feature", "properties": {"area_ha": 0.21, "dist_km": 2.185, "node": "Neuenhagen (NHG)", "node_mw": 700, "osm_id": 213139847, "anchor_kind": "demand"}, "geometry": {"type": "Polygon", "coordinates": [[[13.70748, 52.52027], [13.70751, 52.52049], [13.70876, 52.52042], [13.70872, 52.5202], [13.70748, 52.52027]]]}}, {"type": "Feature", "properties": {"area_ha": 0.165, "dist_km": 2.152, "node": "Neuenhagen (NHG)", "node_mw": 700, "osm_id": 213139849, "anchor_kind": "demand"}, "geometry": {"type": "Polygon", "coordinates": [[[13.70653, 52.52052], [13.70657, 52.52074], [13.7066, 52.52074], [13.70661, 52.52078], [13.7069, 52.52076], [13.7069, 52.52073], [13.70749, 52.5207], [13.70747, 52.52055], [13.70743, 52.52055], [13.70742, 52.52047], [13.70653, 52.52052]]]}}, {"type": "Feature", "properties": {"area_ha": 0.159, "dist_km": 2.122, "node": "Neuenhagen (NHG)", "node_mw": 700, "osm_id": 213139850, "anchor_kind": "demand"}, "geometry": {"type": "Polygon", "coordinates": [[[13.70981, 52.52086], [13.7097, 52.52085], [13.70971, 52.52082], [13.70953, 52.52081], [13.70951, 52.52089], [13.70931, 52.52087], [13.70931, 52.52086], [13.70921, 52.52085], [13.7092, 52.52086], [13.70888, 52.52083], [13.70888, 52.52082], [13.70877, 52.52081], [13.70873, 52.52101], [13.70884, 52.52102], [13.70884, 52.52101], [13.70916, 52.52104], [13.70916, 52.52105], [13.70928, 52.52106], [13.70928, 52.52105], [13.70971, 52.52109], [13.70975, 52.52109], [13.70981, 52.52086]]]}}, {"type": "Feature", "properties": {"area_ha": 0.03, "dist_km": 2.128, "node": "Neuenhagen (NHG)", "node_mw": 700, "osm_id": 213140261, "anchor_kind": "demand"}, "geometry": {"type": "Polygon", "coordinates": [[[13.71056, 52.52103], [13.71083, 52.52094], [13.71074, 52.52083], [13.71046, 52.52092], [13.71056, 52.52103]]]}}, {"type": "Feature", "properties": {"area_ha": 0.171, "dist_km": 2.13, "node": "Neuenhagen (NHG)", "node_mw": 700, "osm_id": 213140262, "anchor_kind": "demand"}, "geometry": {"type": "Polygon", "coordinates": [[[13.70959, 52.52057], [13.70989, 52.52089], [13.71008, 52.52109], [13.71005, 52.5211], [13.71018, 52.52124], [13.71047, 52.52115], [13.70985, 52.52048], [13.70975, 52.52052], [13.70959, 52.52057]]]}}, {"type": "Feature", "properties": {"area_ha": 3.785, "dist_km": 0.679, "node": "Neuenhagen (NHG)", "node_mw": 700, "osm_id": 217559402, "anchor_kind": "demand"}, "geometry": {"type": "Polygon", "coordinates": [[[13.71917, 52.53394], [13.71907, 52.53391], [13.71837, 52.53371], [13.71603, 52.53658], [13.71549, 52.53732], [13.7154, 52.53762], [13.71542, 52.53805], [13.71557, 52.53908], [13.71628, 52.5385], [13.71626, 52.53805], [13.71623, 52.5378], [13.71632, 52.53765], [13.71657, 52.53736], [13.71917, 52.53394]]]}}, {"type": "Feature", "properties": {"area_ha": 10.712, "dist_km": 0.579, "node": "Neuenhagen (NHG)", "node_mw": 700, "osm_id": 217559406, "anchor_kind": "demand"}, "geometry": {"type": "Polygon", "coordinates": [[[13.71507, 52.53721], [13.71682, 52.53511], [13.7172, 52.53465], [13.71712, 52.53463], [13.71431, 52.53371], [13.71389, 52.5342], [13.71249, 52.53587], [13.71112, 52.53749], [13.71105, 52.53756], [13.71111, 52.53758], [13.71191, 52.53783], [13.71404, 52.53848], [13.71507, 52.53721]]]}}, {"type": "Feature", "properties": {"area_ha": 0.051, "dist_km": 2.883, "node": "Neuenhagen (NHG)", "node_mw": 700, "osm_id": 241773779, "anchor_kind": "demand"}, "geometry": {"type": "Polygon", "coordinates": [[[13.68454, 52.51862], [13.68468, 52.5186], [13.68455, 52.51829], [13.68448, 52.51813], [13.68435, 52.51815], [13.68454, 52.51862]]]}}, {"type": "Feature", "properties": {"area_ha": 0.043, "dist_km": 2.898, "node": "Neuenhagen (NHG)", "node_mw": 700, "osm_id": 241773895, "anchor_kind": "demand"}, "geometry": {"type": "Polygon", "coordinates": [[[13.68455, 52.51829], [13.68483, 52.51825], [13.68475, 52.51806], [13.68447, 52.5181], [13.68448, 52.51813], [13.68455, 52.51829]]]}}, {"type": "Feature", "properties": {"area_ha": 0.018, "dist_km": 2.915, "node": "Neuenhagen (NHG)", "node_mw": 700, "osm_id": 241773898, "anchor_kind": "demand"}, "geometry": {"type": "Polygon", "coordinates": [[[13.68448, 52.51813], [13.68447, 52.5181], [13.68442, 52.51797], [13.68428, 52.51799], [13.68435, 52.51815], [13.68448, 52.51813]]]}}, {"type": "Feature", "properties": {"area_ha": 0.24, "dist_km": 2.562, "node": "Neuenhagen (NHG)", "node_mw": 700, "osm_id": 268875942, "anchor_kind": "demand"}, "geometry": {"type": "Polygon", "coordinates": [[[13.7454, 52.54393], [13.74553, 52.54374], [13.74557, 52.54376], [13.74562, 52.54369], [13.74558, 52.54368], [13.74562, 52.54362], [13.74566, 52.54363], [13.7457, 52.54357], [13.74566, 52.54355], [13.74579, 52.54337], [13.74565, 52.54333], [13.74565, 52.54332], [13.74559, 52.5433], [13.74558, 52.54331], [13.74537, 52.54326], [13.74509, 52.54368], [13.74489, 52.54362], [13.74478, 52.54377], [13.74506, 52.54384], [13.74505, 52.54386], [13.74512, 52.54388], [13.74513, 52.54386], [13.7454, 52.54393]]]}}, {"type": "Feature", "properties": {"area_ha": 0.044, "dist_km": 2.961, "node": "Neuenhagen (NHG)", "node_mw": 700, "osm_id": 279766488, "anchor_kind": "demand"}, "geometry": {"type": "Polygon", "coordinates": [[[13.74877, 52.53032], [13.74842, 52.52992], [13.74853, 52.52989], [13.74888, 52.53029], [13.74877, 52.53032]]]}}, {"type": "Feature", "properties": {"area_ha": 0.132, "dist_km": 2.923, "node": "Neuenhagen (NHG)", "node_mw": 700, "osm_id": 279766587, "anchor_kind": "demand"}, "geometry": {"type": "Polygon", "coordinates": [[[13.74737, 52.52979], [13.74794, 52.5296], [13.74786, 52.52951], [13.74781, 52.52952], [13.74779, 52.52949], [13.74783, 52.52947], [13.7478, 52.52944], [13.74775, 52.52945], [13.74768, 52.52937], [13.74772, 52.52935], [13.74764, 52.52926], [13.74709, 52.52944], [13.74718, 52.52954], [13.74753, 52.52943], [13.74765, 52.52957], [13.74729, 52.52969], [13.74737, 52.52979]]]}}, {"type": "Feature", "properties": {"area_ha": 0.064, "dist_km": 2.106, "node": "Neuenhagen (NHG)", "node_mw": 700, "osm_id": 283858454, "anchor_kind": "demand"}, "geometry": {"type": "Polygon", "coordinates": [[[13.70981, 52.52086], [13.70989, 52.52089], [13.71008, 52.52109], [13.71005, 52.5211], [13.71018, 52.52124], [13.71004, 52.52122], [13.71004, 52.5212], [13.70968, 52.52117], [13.70971, 52.52109], [13.70975, 52.52109], [13.70981, 52.52086]]]}}, {"type": "Feature", "properties": {"area_ha": 0.025, "dist_km": 1.985, "node": "Neuenhagen (NHG)", "node_mw": 700, "osm_id": 283858458, "anchor_kind": "demand"}, "geometry": {"type": "Polygon", "coordinates": [[[13.70699, 52.52214], [13.70719, 52.52225], [13.70729, 52.52218], [13.70733, 52.52216], [13.70713, 52.52205], [13.70699, 52.52214]]]}}, {"type": "Feature", "properties": {"area_ha": 0.013, "dist_km": 2.155, "node": "Neuenhagen (NHG)", "node_mw": 700, "osm_id": 283858465, "anchor_kind": "demand"}, "geometry": {"type": "Polygon", "coordinates": [[[13.70749, 52.5207], [13.70761, 52.52069], [13.70759, 52.52054], [13.70747, 52.52055], [13.70749, 52.5207]]]}}, {"type": "Feature", "properties": {"area_ha": 0.046, "dist_km": 2.147, "node": "Neuenhagen (NHG)", "node_mw": 700, "osm_id": 283858469, "anchor_kind": "demand"}, "geometry": {"type": "Polygon", "coordinates": [[[13.70783, 52.52084], [13.70763, 52.52085], [13.70761, 52.52069], [13.70759, 52.52054], [13.70779, 52.52053], [13.70783, 52.52084]]]}}, {"type": "Feature", "properties": {"area_ha": 0.049, "dist_km": 1.962, "node": "Neuenhagen (NHG)", "node_mw": 700, "osm_id": 283858470, "anchor_kind": "demand"}, "geometry": {"type": "Polygon", "coordinates": [[[13.70709, 52.52247], [13.70713, 52.52245], [13.70718, 52.52247], [13.70725, 52.52242], [13.70678, 52.52214], [13.70667, 52.52222], [13.70709, 52.52247]]]}}, {"type": "Feature", "properties": {"area_ha": 0.047, "dist_km": 1.947, "node": "Neuenhagen (NHG)", "node_mw": 700, "osm_id": 283858472, "anchor_kind": "demand"}, "geometry": {"type": "Polygon", "coordinates": [[[13.70654, 52.52237], [13.70686, 52.52256], [13.70684, 52.52257], [13.70694, 52.52262], [13.70704, 52.52257], [13.7071, 52.52254], [13.70712, 52.52255], [13.70715, 52.52253], [13.707, 52.52245], [13.70695, 52.52249], [13.70664, 52.52231], [13.70654, 52.52237]]]}}, {"type": "Feature", "properties": {"area_ha": 0.034, "dist_km": 2.102, "node": "Neuenhagen (NHG)", "node_mw": 700, "osm_id": 283858473, "anchor_kind": "demand"}, "geometry": {"type": "Polygon", "coordinates": [[[13.70833, 52.52103], [13.70831, 52.52113], [13.70877, 52.52117], [13.70877, 52.52114], [13.70879, 52.52107], [13.70853, 52.52105], [13.70833, 52.52103]]]}}, {"type": "Feature", "properties": {"area_ha": 0.033, "dist_km": 2.059, "node": "Neuenhagen (NHG)", "node_mw": 700, "osm_id": 293635465, "anchor_kind": "demand"}, "geometry": {"type": "Polygon", "coordinates": [[[13.71714, 52.55774], [13.71727, 52.55778], [13.7175, 52.55752], [13.71736, 52.55748], [13.71714, 52.55774]]]}}, {"type": "Feature", "properties": {"area_ha": 0.032, "dist_km": 2.841, "node": "Neuenhagen (NHG)", "node_mw": 700, "osm_id": 329497217, "anchor_kind": "demand"}, "geometry": {"type": "Polygon", "coordinates": [[[13.74656, 52.52994], [13.74668, 52.5299], [13.74643, 52.52963], [13.74631, 52.52967], [13.74656, 52.52994]]]}}, {"type": "Feature", "properties": {"area_ha": 0.032, "dist_km": 2.146, "node": "Neuenhagen (NHG)", "node_mw": 700, "osm_id": 415844548, "anchor_kind": "demand"}, "geometry": {"type": "Polygon", "coordinates": [[[13.71892, 52.55811], [13.71915, 52.55819], [13.71927, 52.55804], [13.71904, 52.55797], [13.71892, 52.55811]]]}}, {"type": "Feature", "properties": {"area_ha": 0.171, "dist_km": 2.525, "node": "Heinersdorf (HND)", "node_mw": 700, "osm_id": 448350796, "anchor_kind": "demand"}, "geometry": {"type": "Polygon", "coordinates": [[[14.11579, 52.42428], [14.11516, 52.42389], [14.11553, 52.42368], [14.11563, 52.42374], [14.11556, 52.42379], [14.11607, 52.42411], [14.11579, 52.42428]]]}}, {"type": "Feature", "properties": {"area_ha": 0.131, "dist_km": 2.42, "node": "Heinersdorf (HND)", "node_mw": 700, "osm_id": 448350797, "anchor_kind": "demand"}, "geometry": {"type": "Polygon", "coordinates": [[[14.11666, 52.42499], [14.11607, 52.42456], [14.1163, 52.42444], [14.1169, 52.42486], [14.11666, 52.42499]]]}}, {"type": "Feature", "properties": {"area_ha": 22.627, "dist_km": 2.251, "node": "Neuenhagen (NHG)", "node_mw": 700, "osm_id": 679180314, "anchor_kind": "demand"}, "geometry": {"type": "Polygon", "coordinates": [[[13.69903, 52.55658], [13.69995, 52.55588], [13.70054, 52.55556], [13.70165, 52.55687], [13.70188, 52.55687], [13.70229, 52.55753], [13.70264, 52.55801], [13.70316, 52.55891], [13.70329, 52.55942], [13.70301, 52.55987], [13.70267, 52.56019], [13.70366, 52.56111], [13.70385, 52.56175], [13.70361, 52.56201], [13.70338, 52.56209], [13.70244, 52.56223], [13.70022, 52.563], [13.69976, 52.56296], [13.69891, 52.56318], [13.69868, 52.56318], [13.6986, 52.56311], [13.697, 52.56079], [13.69769, 52.55969], [13.69837, 52.55869], [13.69954, 52.55837], [13.69939, 52.55819], [13.69991, 52.55803], [13.69903, 52.55658]]]}}, {"type": "Feature", "properties": {"area_ha": 5.161, "dist_km": 2.381, "node": "Neuenhagen (NHG)", "node_mw": 700, "osm_id": 679180315, "anchor_kind": "demand"}, "geometry": {"type": "Polygon", "coordinates": [[[13.69143, 52.56077], [13.69074, 52.55977], [13.69022, 52.55901], [13.69483, 52.55779], [13.69488, 52.55786], [13.69328, 52.56029], [13.69143, 52.56077]]]}}, {"type": "Feature", "properties": {"area_ha": 0.051, "dist_km": 2.046, "node": "Neuenhagen (NHG)", "node_mw": 700, "osm_id": 814905808, "anchor_kind": "demand"}, "geometry": {"type": "Polygon", "coordinates": [[[13.70673, 52.52174], [13.70703, 52.52177], [13.70711, 52.52148], [13.70694, 52.52147], [13.7069, 52.52162], [13.70677, 52.52161], [13.70673, 52.52174]]]}}, {"type": "Feature", "properties": {"area_ha": 0.004, "dist_km": 2.29, "node": "Neuenhagen (NHG)", "node_mw": 700, "osm_id": 817345794, "anchor_kind": "demand"}, "geometry": {"type": "Polygon", "coordinates": [[[13.67773, 52.5493], [13.67785, 52.54929], [13.67786, 52.54933], [13.67774, 52.54934], [13.67773, 52.5493]]]}}, {"type": "Feature", "properties": {"area_ha": 1.914, "dist_km": 1.273, "node": "Neuenhagen (NHG)", "node_mw": 700, "osm_id": 925276594, "anchor_kind": "demand"}, "geometry": {"type": "Polygon", "coordinates": [[[13.71386, 52.52917], [13.71404, 52.52908], [13.71423, 52.5288], [13.7147, 52.52859], [13.71483, 52.52855], [13.71509, 52.52872], [13.71539, 52.52899], [13.71563, 52.52927], [13.71572, 52.52937], [13.71569, 52.52941], [13.71635, 52.53023], [13.71536, 52.53074], [13.71532, 52.53071], [13.71459, 52.52979], [13.71386, 52.52917]]]}}, {"type": "Feature", "properties": {"area_ha": 0.62, "dist_km": 1.374, "node": "Neuenhagen (NHG)", "node_mw": 700, "osm_id": 925276596, "anchor_kind": "demand"}, "geometry": {"type": "Polygon", "coordinates": [[[13.71595, 52.5291], [13.71657, 52.52879], [13.71592, 52.52792], [13.71499, 52.52841], [13.71517, 52.52854], [13.71521, 52.52857], [13.7155, 52.52849], [13.71595, 52.5291]]]}}, {"type": "Feature", "properties": {"area_ha": 0.009, "dist_km": 2.776, "node": "Neuenhagen (NHG)", "node_mw": 700, "osm_id": 931801661, "anchor_kind": "demand"}, "geometry": {"type": "Polygon", "coordinates": [[[13.68325, 52.51996], [13.6832, 52.51998], [13.68329, 52.52005], [13.6834, 52.52012], [13.68341, 52.52011], [13.68345, 52.52009], [13.68325, 52.51996]]]}}, {"type": "Feature", "properties": {"area_ha": 0.018, "dist_km": 2.166, "node": "Neuenhagen (NHG)", "node_mw": 700, "osm_id": 935627322, "anchor_kind": "demand"}, "geometry": {"type": "Polygon", "coordinates": [[[13.70077, 52.52094], [13.70075, 52.521], [13.70074, 52.52103], [13.70099, 52.52105], [13.70099, 52.52102], [13.70102, 52.52103], [13.70103, 52.52096], [13.70077, 52.52094]]]}}, {"type": "Feature", "properties": {"area_ha": 0.012, "dist_km": 1.995, "node": "Neuenhagen (NHG)", "node_mw": 700, "osm_id": 935627341, "anchor_kind": "demand"}, "geometry": {"type": "Polygon", "coordinates": [[[13.70713, 52.52205], [13.70703, 52.52199], [13.7069, 52.52208], [13.70692, 52.5221], [13.70699, 52.52214], [13.70713, 52.52205]]]}}, {"type": "Feature", "properties": {"area_ha": 0.019, "dist_km": 1.969, "node": "Neuenhagen (NHG)", "node_mw": 700, "osm_id": 935627342, "anchor_kind": "demand"}, "geometry": {"type": "Polygon", "coordinates": [[[13.70723, 52.52228], [13.70743, 52.52239], [13.70753, 52.52232], [13.70734, 52.52221], [13.70723, 52.52228]]]}}, {"type": "Feature", "properties": {"area_ha": 0.004, "dist_km": 1.977, "node": "Neuenhagen (NHG)", "node_mw": 700, "osm_id": 935627343, "anchor_kind": "demand"}, "geometry": {"type": "Polygon", "coordinates": [[[13.70734, 52.52221], [13.70729, 52.52218], [13.70719, 52.52225], [13.70723, 52.52228], [13.70734, 52.52221]]]}}, {"type": "Feature", "properties": {"area_ha": 0.012, "dist_km": 1.972, "node": "Neuenhagen (NHG)", "node_mw": 700, "osm_id": 935627344, "anchor_kind": "demand"}, "geometry": {"type": "Polygon", "coordinates": [[[13.70664, 52.52231], [13.70661, 52.52229], [13.70663, 52.52227], [13.70657, 52.52224], [13.70655, 52.52225], [13.70653, 52.52224], [13.70643, 52.52231], [13.70654, 52.52237], [13.70664, 52.52231]]]}}, {"type": "Feature", "properties": {"area_ha": 0.083, "dist_km": 2.619, "node": "Heinersdorf (HND)", "node_mw": 700, "osm_id": 981335765, "anchor_kind": "demand"}, "geometry": {"type": "Polygon", "coordinates": [[[14.17127, 52.44321], [14.17162, 52.44335], [14.17186, 52.44313], [14.17179, 52.4431], [14.17152, 52.44299], [14.17127, 52.44321]]]}}, {"type": "Feature", "properties": {"area_ha": 0.02, "dist_km": 2.543, "node": "Neuenhagen (NHG)", "node_mw": 700, "osm_id": 991124992, "anchor_kind": "demand"}, "geometry": {"type": "Polygon", "coordinates": [[[13.72273, 52.56106], [13.7227, 52.56101], [13.72317, 52.5609], [13.72321, 52.56096], [13.72303, 52.56098], [13.72282, 52.56103], [13.72282, 52.56104], [13.72273, 52.56106]]]}}, {"type": "Feature", "properties": {"area_ha": 0.386, "dist_km": 2.102, "node": "Neuenhagen (NHG)", "node_mw": 700, "osm_id": 1007484643, "anchor_kind": "demand"}, "geometry": {"type": "Polygon", "coordinates": [[[13.71031, 52.52135], [13.71155, 52.52145], [13.71183, 52.52145], [13.71158, 52.52121], [13.71084, 52.5208], [13.71083, 52.52094], [13.71056, 52.52103], [13.71047, 52.52115], [13.71018, 52.52124], [13.71031, 52.52135]]]}}, {"type": "Feature", "properties": {"area_ha": 10.827, "dist_km": 2.453, "node": "Daxlanden", "node_mw": 500, "osm_id": 4842209, "anchor_kind": "demand"}, "geometry": {"type": "Polygon", "coordinates": [[[8.33977, 49.02219], [8.33963, 49.02225], [8.33945, 49.02233], [8.33925, 49.02243], [8.339, 49.02256], [8.33876, 49.02267], [8.33861, 49.02274], [8.3384, 49.02284], [8.33835, 49.02286], [8.33828, 49.02292], [8.33831, 49.02298], [8.33808, 49.02312], [8.338, 49.02316], [8.3378, 49.02347], [8.33778, 49.02351], [8.33776, 49.02373], [8.33775, 49.02377], [8.3377, 49.0241], [8.3377, 49.02415], [8.33778, 49.02415], [8.33784, 49.02415], [8.3379, 49.02414], [8.33797, 49.02413], [8.33797, 49.02425], [8.33781, 49.02432], [8.33764, 49.02438], [8.3375, 49.02442], [8.33727, 49.02447], [8.33631, 49.02454], [8.33535, 49.02462], [8.33453, 49.02468], [8.33379, 49.02474], [8.33355, 49.02458], [8.33323, 49.02437], [8.33276, 49.02407], [8.33258, 49.02395], [8.3324, 49.02383], [8.33239, 49.02384], [8.3323, 49.02377], [8.33227, 49.02375], [8.33224, 49.02373], [8.33222, 49.0237], [8.3322, 49.02368], [8.33218, 49.02365], [8.33217, 49.02363], [8.33215, 49.0236], [8.33214, 49.02357], [8.33214, 49.02354], [8.33214, 49.02352], [8.33213, 49.02348], [8.33214, 49.02343], [8.33214, 49.0234], [8.33215, 49.02338], [8.33216, 49.02335], [8.33217, 49.02332], [8.33219, 49.02329], [8.33222, 49.02325], [8.33225, 49.02321], [8.33227, 49.02319], [8.33232, 49.02315], [8.33236, 49.02311], [8.33243, 49.02307], [8.33249, 49.02303], [8.3327, 49.02292], [8.3329, 49.02282], [8.33308, 49.02274], [8.33317, 49.0227], [8.33326, 49.02266], [8.33341, 49.0226], [8.33355, 49.02255], [8.3337, 49.0225], [8.33384, 49.02246], [8.33405, 49.0224], [8.33425, 49.02236], [8.33438, 49.02233], [8.33445, 49.02232], [8.33454, 49.02231], [8.33463, 49.02229], [8.33481, 49.02227], [8.33505, 49.02225], [8.33528, 49.02223], [8.3355, 49.02222], [8.33598, 49.02218], [8.33629, 49.02216], [8.33665, 49.02213], [8.33679, 49.02212], [8.33688, 49.02212], [8.33691, 49.02213], [8.33697, 49.02217], [8.33701, 49.02219], [8.33703, 49.02226], [8.33706, 49.02226], [8.33711, 49.02226], [8.33718, 49.02225], [8.33719, 49.02225], [8.33731, 49.02213], [8.33787, 49.02208], [8.33797, 49.02206], [8.33802, 49.02205], [8.33809, 49.02203], [8.33817, 49.022], [8.33827, 49.02196], [8.33835, 49.02192], [8.33838, 49.02192], [8.33838, 49.02193], [8.33841, 49.02193], [8.33846, 49.02193], [8.33846, 49.02187], [8.33851, 49.02184], [8.33854, 49.02183], [8.33863, 49.0218], [8.33868, 49.02177], [8.33872, 49.02174], [8.33909, 49.02157], [8.33977, 49.02219]]]}}, {"type": "Feature", "properties": {"area_ha": 22.03, "dist_km": 1.339, "node": "Daxlanden", "node_mw": 500, "osm_id": 22996460, "anchor_kind": "demand"}, "geometry": {"type": "Polygon", "coordinates": [[[8.35283, 49.01055], [8.35284, 49.01049], [8.35285, 49.01045], [8.35286, 49.01039], [8.35278, 49.01039], [8.35278, 49.01041], [8.35266, 49.01041], [8.35265, 49.01045], [8.35254, 49.01045], [8.35246, 49.01042], [8.35241, 49.01038], [8.35237, 49.0104], [8.35109, 49.00945], [8.35111, 49.00944], [8.35088, 49.00926], [8.35085, 49.00928], [8.35067, 49.00914], [8.35031, 49.00888], [8.35234, 49.00769], [8.35248, 49.00761], [8.3516, 49.00691], [8.35146, 49.00679], [8.35041, 49.00596], [8.34893, 49.00669], [8.34798, 49.00698], [8.34765, 49.00707], [8.34654, 49.00723], [8.34643, 49.00692], [8.34567, 49.00702], [8.34584, 49.00757], [8.34573, 49.00758], [8.34601, 49.00847], [8.34521, 49.0091], [8.34572, 49.00952], [8.34619, 49.0099], [8.34663, 49.01027], [8.3468, 49.01042], [8.34748, 49.01099], [8.34829, 49.01153], [8.34866, 49.01181], [8.34887, 49.01194], [8.34905, 49.01202], [8.34924, 49.01208], [8.34938, 49.0121], [8.34957, 49.01211], [8.34976, 49.01212], [8.35009, 49.0121], [8.35038, 49.01208], [8.35062, 49.01204], [8.35072, 49.01202], [8.35085, 49.01199], [8.3503, 49.01156], [8.34994, 49.01134], [8.34986, 49.01139], [8.34958, 49.01155], [8.3493, 49.01135], [8.34915, 49.01125], [8.34952, 49.01104], [8.34967, 49.01094], [8.34981, 49.01104], [8.34999, 49.01117], [8.34996, 49.01119], [8.35058, 49.01167], [8.35077, 49.01181], [8.35086, 49.01176], [8.35094, 49.01172], [8.35134, 49.01148], [8.35131, 49.01146], [8.35133, 49.01144], [8.35148, 49.01136], [8.35151, 49.01138], [8.35185, 49.01119], [8.35182, 49.01117], [8.35221, 49.01094], [8.35226, 49.01091], [8.35228, 49.01092], [8.3524, 49.01101], [8.35243, 49.01103], [8.35265, 49.0109], [8.35263, 49.01088], [8.35285, 49.01076], [8.35286, 49.01077], [8.35293, 49.01073], [8.35292, 49.01072], [8.35299, 49.01068], [8.35291, 49.01062], [8.35289, 49.01061], [8.35292, 49.0106], [8.35289, 49.01057], [8.35288, 49.01057], [8.35287, 49.01056], [8.35283, 49.01056], [8.35283, 49.01055]]]}}, {"type": "Feature", "properties": {"area_ha": 5.105, "dist_km": 1.59, "node": "Daxlanden", "node_mw": 500, "osm_id": 22996461, "anchor_kind": "demand"}, "geometry": {"type": "Polygon", "coordinates": [[[8.34691, 49.01352], [8.34712, 49.01418], [8.34719, 49.01481], [8.34725, 49.01487], [8.34727, 49.01491], [8.34729, 49.015], [8.34756, 49.01498], [8.34776, 49.01495], [8.34815, 49.01487], [8.34855, 49.01475], [8.34885, 49.01463], [8.34909, 49.01453], [8.34922, 49.01447], [8.34941, 49.01438], [8.34985, 49.01416], [8.35013, 49.01399], [8.35035, 49.01384], [8.35049, 49.01373], [8.35067, 49.0136], [8.35087, 49.01343], [8.35082, 49.01341], [8.3508, 49.0134], [8.35088, 49.01334], [8.35084, 49.01332], [8.35086, 49.01329], [8.35089, 49.01327], [8.35078, 49.01313], [8.35076, 49.01311], [8.35076, 49.0131], [8.35074, 49.01309], [8.3507, 49.01306], [8.35036, 49.01253], [8.35008, 49.01246], [8.34986, 49.01248], [8.34943, 49.01254], [8.34912, 49.01261], [8.34798, 49.01298], [8.34737, 49.01319], [8.34739, 49.01322], [8.34741, 49.01325], [8.34704, 49.01336], [8.34698, 49.01339], [8.34693, 49.01342], [8.3469, 49.01346], [8.34691, 49.01352]]]}}, {"type": "Feature", "properties": {"area_ha": 8.999, "dist_km": 1.309, "node": "Daxlanden", "node_mw": 500, "osm_id": 22996734, "anchor_kind": "demand"}, "geometry": {"type": "Polygon", "coordinates": [[[8.34189, 49.01165], [8.3419, 49.01168], [8.34201, 49.01173], [8.34216, 49.01181], [8.3422, 49.01186], [8.34263, 49.01248], [8.34296, 49.01291], [8.34358, 49.01365], [8.34371, 49.0138], [8.34416, 49.01416], [8.3443, 49.01427], [8.34448, 49.01437], [8.34466, 49.01447], [8.34486, 49.01455], [8.34515, 49.01466], [8.34513, 49.01467], [8.34541, 49.01481], [8.34562, 49.01492], [8.34568, 49.01494], [8.34574, 49.01495], [8.34579, 49.01495], [8.34581, 49.01493], [8.34583, 49.0149], [8.34597, 49.01494], [8.34603, 49.01494], [8.34608, 49.01492], [8.34608, 49.01487], [8.34605, 49.0145], [8.3463, 49.01442], [8.34629, 49.01436], [8.34627, 49.0143], [8.34622, 49.01412], [8.34618, 49.01398], [8.34613, 49.01385], [8.34607, 49.01372], [8.34599, 49.01353], [8.34584, 49.01322], [8.34575, 49.01306], [8.34558, 49.0128], [8.34564, 49.01279], [8.34549, 49.01261], [8.34545, 49.01258], [8.34539, 49.01252], [8.34536, 49.01248], [8.34538, 49.01247], [8.34535, 49.01244], [8.34513, 49.0122], [8.34512, 49.01218], [8.34513, 49.01218], [8.34482, 49.01187], [8.34485, 49.01186], [8.34464, 49.01166], [8.34441, 49.01145], [8.34414, 49.01127], [8.3439, 49.01114], [8.34367, 49.01103], [8.34362, 49.011], [8.34317, 49.01081], [8.34279, 49.01071], [8.34242, 49.01063], [8.3419, 49.01058], [8.34135, 49.01055], [8.34099, 49.01054], [8.3406, 49.01052], [8.34047, 49.01051], [8.33966, 49.01047], [8.33936, 49.01046], [8.33888, 49.01044], [8.33882, 49.01045], [8.3388, 49.01048], [8.33879, 49.0105], [8.3388, 49.01053], [8.33881, 49.01055], [8.33888, 49.01059], [8.33931, 49.01073], [8.3393, 49.01074], [8.33945, 49.01079], [8.34022, 49.01102], [8.34069, 49.01103], [8.34087, 49.01104], [8.34086, 49.01107], [8.34086, 49.01111], [8.34066, 49.0111], [8.3411, 49.01122], [8.34128, 49.01128], [8.34138, 49.01133], [8.3417, 49.01147], [8.3418, 49.01151], [8.34189, 49.01165]]]}}, {"type": "Feature", "properties": {"area_ha": 2.602, "dist_km": 2.46, "node": "Daxlanden", "node_mw": 500, "osm_id": 22998987, "anchor_kind": "demand"}, "geometry": {"type": "Polygon", "coordinates": [[[8.31887, 49.01798], [8.31903, 49.01797], [8.31903, 49.01839], [8.31906, 49.0188], [8.31774, 49.01882], [8.31686, 49.01826], [8.31652, 49.01804], [8.31572, 49.0176], [8.31568, 49.01756], [8.31568, 49.01752], [8.31571, 49.01749], [8.31886, 49.0174], [8.31887, 49.01798]]]}}, {"type": "Feature", "properties": {"area_ha": 0.328, "dist_km": 3.029, "node": "Daxlanden", "node_mw": 500, "osm_id": 25315191, "anchor_kind": "demand"}, "geometry": {"type": "Polygon", "coordinates": [[[8.34768, 49.02808], [8.3481, 49.02762], [8.34708, 49.0272], [8.34687, 49.02742], [8.34762, 49.02773], [8.3474, 49.02796], [8.34768, 49.02808]]]}}, {"type": "Feature", "properties": {"area_ha": 0.031, "dist_km": 2.774, "node": "Daxlanden", "node_mw": 500, "osm_id": 25390897, "anchor_kind": "demand"}, "geometry": {"type": "Polygon", "coordinates": [[[8.34687, 49.02527], [8.34669, 49.02546], [8.34676, 49.02549], [8.34683, 49.02552], [8.34701, 49.02533], [8.34687, 49.02527]]]}}, {"type": "Feature", "properties": {"area_ha": 0.646, "dist_km": 3.046, "node": "Daxlanden", "node_mw": 500, "osm_id": 27809286, "anchor_kind": "demand"}, "geometry": {"type": "Polygon", "coordinates": [[[8.37003, 49.01936], [8.37048, 49.01979], [8.37087, 49.01962], [8.37044, 49.0192], [8.37015, 49.01892], [8.36873, 49.01955], [8.36882, 49.01964], [8.36901, 49.01982], [8.37003, 49.01936]]]}}, {"type": "Feature", "properties": {"area_ha": 18.423, "dist_km": 2.608, "node": "Daxlanden", "node_mw": 500, "osm_id": 39505246, "anchor_kind": "demand"}, "geometry": {"type": "Polygon", "coordinates": [[[8.3395, 48.97455], [8.33998, 48.97577], [8.34173, 48.97985], [8.33778, 48.98066], [8.3377, 48.98049], [8.33589, 48.97669], [8.33584, 48.97663], [8.33541, 48.97578], [8.3395, 48.97455]]]}}, {"type": "Feature", "properties": {"area_ha": 2.43, "dist_km": 2.61, "node": "Daxlanden", "node_mw": 500, "osm_id": 44840345, "anchor_kind": "demand"}, "geometry": {"type": "Polygon", "coordinates": [[[8.36273, 49.01725], [8.36314, 49.01679], [8.36332, 49.01685], [8.36352, 49.01664], [8.36565, 49.01725], [8.36551, 49.01739], [8.36558, 49.01744], [8.36451, 49.01835], [8.3641, 49.01865], [8.36404, 49.01858], [8.36407, 49.01853], [8.36392, 49.01836], [8.36363, 49.01806], [8.36273, 49.01725]]]}}, {"type": "Feature", "properties": {"area_ha": 0.875, "dist_km": 1.933, "node": "Daxlanden", "node_mw": 500, "osm_id": 87903366, "anchor_kind": "demand"}, "geometry": {"type": "Polygon", "coordinates": [[[8.31998, 49.01409], [8.32055, 49.01464], [8.32107, 49.0144], [8.32105, 49.01438], [8.32186, 49.01402], [8.32172, 49.01389], [8.32188, 49.01383], [8.32177, 49.01372], [8.32161, 49.01379], [8.32157, 49.01374], [8.32172, 49.01368], [8.32161, 49.01357], [8.32146, 49.01364], [8.32133, 49.01351], [8.32052, 49.01387], [8.3205, 49.01385], [8.31998, 49.01409]]]}}, {"type": "Feature", "properties": {"area_ha": 0.102, "dist_km": 2.008, "node": "Daxlanden", "node_mw": 500, "osm_id": 96768614, "anchor_kind": "demand"}, "geometry": {"type": "Polygon", "coordinates": [[[8.32857, 48.98417], [8.32862, 48.98415], [8.32888, 48.98406], [8.32894, 48.98404], [8.32913, 48.98428], [8.32915, 48.98431], [8.32878, 48.98444], [8.32857, 48.98417]]]}}, {"type": "Feature", "properties": {"area_ha": 0.06, "dist_km": 2.508, "node": "Daxlanden", "node_mw": 500, "osm_id": 96793239, "anchor_kind": "demand"}, "geometry": {"type": "Polygon", "coordinates": [[[8.3374, 49.0237], [8.33737, 49.02348], [8.33768, 49.02346], [8.33769, 49.02349], [8.33771, 49.0235], [8.33773, 49.0235], [8.33774, 49.02352], [8.33771, 49.02352], [8.33769, 49.02353], [8.33772, 49.02368], [8.3374, 49.0237]]]}}, {"type": "Feature", "properties": {"area_ha": 0.281, "dist_km": 2.29, "node": "Daxlanden", "node_mw": 500, "osm_id": 96862670, "anchor_kind": "demand"}, "geometry": {"type": "Polygon", "coordinates": [[[8.35592, 49.0181], [8.35636, 49.01841], [8.35659, 49.01827], [8.35696, 49.01805], [8.35651, 49.01774], [8.35592, 49.0181]]]}}, {"type": "Feature", "properties": {"area_ha": 0.157, "dist_km": 2.425, "node": "Daxlanden", "node_mw": 500, "osm_id": 96862671, "anchor_kind": "demand"}, "geometry": {"type": "Polygon", "coordinates": [[[8.35578, 49.01995], [8.35618, 49.01989], [8.35623, 49.01989], [8.35609, 49.01947], [8.35564, 49.01954], [8.35578, 49.01995]]]}}, {"type": "Feature", "properties": {"area_ha": 0.088, "dist_km": 2.385, "node": "Daxlanden", "node_mw": 500, "osm_id": 96862677, "anchor_kind": "demand"}, "geometry": {"type": "Polygon", "coordinates": [[[8.35564, 49.01954], [8.35609, 49.01947], [8.35601, 49.01924], [8.35557, 49.0193], [8.35564, 49.01954]]]}}, {"type": "Feature", "properties": {"area_ha": 0.1, "dist_km": 2.38, "node": "Daxlanden", "node_mw": 500, "osm_id": 98769218, "anchor_kind": "demand"}, "geometry": {"type": "Polygon", "coordinates": [[[8.35485, 49.01953], [8.35455, 49.01957], [8.35461, 49.01976], [8.35454, 49.01977], [8.35458, 49.01988], [8.35465, 49.01987], [8.35466, 49.01993], [8.35497, 49.01988], [8.3549, 49.01965], [8.35485, 49.01953]]]}}, {"type": "Feature", "properties": {"area_ha": 0.071, "dist_km": 2.182, "node": "Daxlanden", "node_mw": 500, "osm_id": 98905198, "anchor_kind": "demand"}, "geometry": {"type": "Polygon", "coordinates": [[[8.35257, 49.01856], [8.35272, 49.0186], [8.35281, 49.01846], [8.35285, 49.01847], [8.35291, 49.01837], [8.35294, 49.01837], [8.35304, 49.01822], [8.35282, 49.01816], [8.35257, 49.01856]]]}}, {"type": "Feature", "properties": {"area_ha": 0.024, "dist_km": 2.135, "node": "Daxlanden", "node_mw": 500, "osm_id": 98905208, "anchor_kind": "demand"}, "geometry": {"type": "Polygon", "coordinates": [[[8.35312, 49.01781], [8.35331, 49.01787], [8.35339, 49.01773], [8.3532, 49.01768], [8.35312, 49.01781]]]}}, {"type": "Feature", "properties": {"area_ha": 0.148, "dist_km": 1.908, "node": "Daxlanden", "node_mw": 500, "osm_id": 98910691, "anchor_kind": "demand"}, "geometry": {"type": "Polygon", "coordinates": [[[8.35212, 49.01622], [8.35235, 49.01622], [8.35237, 49.01545], [8.35214, 49.01544], [8.35213, 49.01559], [8.35213, 49.01594], [8.35212, 49.01622]]]}}, {"type": "Feature", "properties": {"area_ha": 0.833, "dist_km": 2.883, "node": "Daxlanden", "node_mw": 500, "osm_id": 99585429, "anchor_kind": "demand"}, "geometry": {"type": "Polygon", "coordinates": [[[8.37038, 48.98538], [8.37038, 48.98537], [8.37039, 48.98532], [8.37046, 48.98507], [8.37047, 48.98503], [8.37059, 48.98458], [8.3706, 48.98455], [8.3706, 48.98454], [8.36943, 48.9844], [8.3692, 48.98525], [8.36924, 48.98525], [8.36935, 48.98526], [8.37038, 48.98538]]]}}, {"type": "Feature", "properties": {"area_ha": 0.162, "dist_km": 1.657, "node": "Daxlanden", "node_mw": 500, "osm_id": 100595602, "anchor_kind": "demand"}, "geometry": {"type": "Polygon", "coordinates": [[[8.34152, 49.01585], [8.3416, 49.01585], [8.34241, 49.01583], [8.34248, 49.01583], [8.34248, 49.01562], [8.34151, 49.01564], [8.34152, 49.01585]]]}}, {"type": "Feature", "properties": {"area_ha": 0.179, "dist_km": 1.644, "node": "Daxlanden", "node_mw": 500, "osm_id": 100595603, "anchor_kind": "demand"}, "geometry": {"type": "Polygon", "coordinates": [[[8.34086, 49.01565], [8.33977, 49.01567], [8.33978, 49.01587], [8.34087, 49.01585], [8.34086, 49.01565]]]}}, {"type": "Feature", "properties": {"area_ha": 0.033, "dist_km": 1.574, "node": "Daxlanden", "node_mw": 500, "osm_id": 100640845, "anchor_kind": "demand"}, "geometry": {"type": "Polygon", "coordinates": [[[8.33345, 49.01469], [8.33345, 49.0146], [8.33311, 49.0146], [8.333, 49.01461], [8.333, 49.0147], [8.33345, 49.01469]]]}}, {"type": "Feature", "properties": {"area_ha": 0.238, "dist_km": 1.681, "node": "Daxlanden", "node_mw": 500, "osm_id": 100640863, "anchor_kind": "demand"}, "geometry": {"type": "Polygon", "coordinates": [[[8.3351, 49.01606], [8.33549, 49.01605], [8.3356, 49.01605], [8.33598, 49.01605], [8.33609, 49.01604], [8.33649, 49.01604], [8.33649, 49.01598], [8.33649, 49.01589], [8.33648, 49.01583], [8.33509, 49.01585], [8.3351, 49.01606]]]}}, {"type": "Feature", "properties": {"area_ha": 0.724, "dist_km": 1.42, "node": "Daxlanden", "node_mw": 500, "osm_id": 100640870, "anchor_kind": "demand"}, "geometry": {"type": "Polygon", "coordinates": [[[8.3403, 49.01394], [8.34277, 49.01388], [8.34276, 49.01381], [8.34276, 49.01371], [8.34234, 49.01372], [8.34233, 49.0136], [8.34233, 49.01355], [8.34158, 49.01357], [8.3412, 49.01357], [8.3412, 49.01345], [8.34028, 49.01347], [8.34028, 49.01354], [8.3403, 49.01394]]]}}, {"type": "Feature", "properties": {"area_ha": 0.156, "dist_km": 1.411, "node": "Daxlanden", "node_mw": 500, "osm_id": 100640888, "anchor_kind": "demand"}, "geometry": {"type": "Polygon", "coordinates": [[[8.33763, 49.01352], [8.33764, 49.01383], [8.33828, 49.01381], [8.33826, 49.01351], [8.33763, 49.01352]]]}}, {"type": "Feature", "properties": {"area_ha": 0.092, "dist_km": 1.424, "node": "Daxlanden", "node_mw": 500, "osm_id": 100640898, "anchor_kind": "demand"}, "geometry": {"type": "Polygon", "coordinates": [[[8.3403, 49.01394], [8.34028, 49.01354], [8.34, 49.01354], [8.34002, 49.01394], [8.34003, 49.01394], [8.3403, 49.01394]]]}}, {"type": "Feature", "properties": {"area_ha": 0.153, "dist_km": 1.747, "node": "Daxlanden", "node_mw": 500, "osm_id": 100640909, "anchor_kind": "demand"}, "geometry": {"type": "Polygon", "coordinates": [[[8.33571, 49.01686], [8.33605, 49.01685], [8.33604, 49.0166], [8.33606, 49.0166], [8.33606, 49.01658], [8.33604, 49.01658], [8.33602, 49.0163], [8.33568, 49.01631], [8.33571, 49.01686]]]}}, {"type": "Feature", "properties": {"area_ha": 0.059, "dist_km": 1.453, "node": "Daxlanden", "node_mw": 500, "osm_id": 100640914, "anchor_kind": "demand"}, "geometry": {"type": "Polygon", "coordinates": [[[8.33467, 49.01388], [8.33508, 49.01387], [8.33506, 49.01369], [8.33465, 49.0137], [8.33467, 49.01388]]]}}, {"type": "Feature", "properties": {"area_ha": 0.063, "dist_km": 1.573, "node": "Daxlanden", "node_mw": 500, "osm_id": 100640918, "anchor_kind": "demand"}, "geometry": {"type": "Polygon", "coordinates": [[[8.33299, 49.01444], [8.33276, 49.01457], [8.33276, 49.01475], [8.33301, 49.01474], [8.333, 49.0147], [8.333, 49.01461], [8.33311, 49.0146], [8.3331, 49.01444], [8.33303, 49.01444], [8.33299, 49.01444]]]}}, {"type": "Feature", "properties": {"area_ha": 0.263, "dist_km": 1.078, "node": "Daxlanden", "node_mw": 500, "osm_id": 100661396, "anchor_kind": "demand"}, "geometry": {"type": "Polygon", "coordinates": [[[8.33538, 49.01082], [8.33607, 49.01051], [8.33618, 49.01046], [8.33607, 49.01035], [8.33601, 49.0103], [8.33599, 49.01028], [8.33581, 49.0103], [8.33563, 49.01032], [8.33541, 49.01037], [8.33521, 49.01042], [8.33503, 49.01048], [8.33536, 49.01079], [8.33538, 49.01082]]]}}, {"type": "Feature", "properties": {"area_ha": 0.053, "dist_km": 1.204, "node": "Daxlanden", "node_mw": 500, "osm_id": 100661402, "anchor_kind": "demand"}, "geometry": {"type": "Polygon", "coordinates": [[[8.33416, 49.01146], [8.33426, 49.01156], [8.33472, 49.01135], [8.33462, 49.01125], [8.33416, 49.01146]]]}}, {"type": "Feature", "properties": {"area_ha": 2.446, "dist_km": 1.494, "node": "Daxlanden", "node_mw": 500, "osm_id": 100661406, "anchor_kind": "demand"}, "geometry": {"type": "Polygon", "coordinates": [[[8.32685, 49.01484], [8.33134, 49.01282], [8.33117, 49.01266], [8.33136, 49.01258], [8.33123, 49.01246], [8.33105, 49.01254], [8.33087, 49.01237], [8.32638, 49.01439], [8.32685, 49.01484]]]}}, {"type": "Feature", "properties": {"area_ha": 0.226, "dist_km": 1.127, "node": "Daxlanden", "node_mw": 500, "osm_id": 100661409, "anchor_kind": "demand"}, "geometry": {"type": "Polygon", "coordinates": [[[8.33475, 49.01106], [8.33536, 49.01079], [8.33503, 49.01048], [8.33442, 49.01075], [8.33475, 49.01106]]]}}, {"type": "Feature", "properties": {"area_ha": 0.015, "dist_km": 1.977, "node": "Daxlanden", "node_mw": 500, "osm_id": 101697969, "anchor_kind": "demand"}, "geometry": {"type": "Polygon", "coordinates": [[[8.33186, 49.01819], [8.33204, 49.01824], [8.33209, 49.01814], [8.33191, 49.0181], [8.33186, 49.01819]]]}}, {"type": "Feature", "properties": {"area_ha": 0.022, "dist_km": 2.808, "node": "Daxlanden", "node_mw": 500, "osm_id": 101697970, "anchor_kind": "demand"}, "geometry": {"type": "Polygon", "coordinates": [[[8.30891, 49.0169], [8.30906, 49.01689], [8.30905, 49.01671], [8.3089, 49.01671], [8.30891, 49.0169]]]}}, {"type": "Feature", "properties": {"area_ha": 0.01, "dist_km": 1.956, "node": "Daxlanden", "node_mw": 500, "osm_id": 101697972, "anchor_kind": "demand"}, "geometry": {"type": "Polygon", "coordinates": [[[8.3354, 49.0185], [8.33549, 49.01849], [8.33549, 49.01837], [8.33539, 49.01838], [8.3354, 49.0185]]]}}, {"type": "Feature", "properties": {"area_ha": 0.007, "dist_km": 1.941, "node": "Daxlanden", "node_mw": 500, "osm_id": 101697974, "anchor_kind": "demand"}, "geometry": {"type": "Polygon", "coordinates": [[[8.32984, 49.01735], [8.3298, 49.01739], [8.32995, 49.01746], [8.32999, 49.01742], [8.32996, 49.01741], [8.32984, 49.01735]]]}}, {"type": "Feature", "properties": {"area_ha": 0.022, "dist_km": 2.519, "node": "Daxlanden", "node_mw": 500, "osm_id": 101697976, "anchor_kind": "demand"}, "geometry": {"type": "Polygon", "coordinates": [[[8.31495, 49.01709], [8.31466, 49.01709], [8.31466, 49.0171], [8.31466, 49.01718], [8.31466, 49.01719], [8.31495, 49.01718], [8.31495, 49.01709]]]}}, {"type": "Feature", "properties": {"area_ha": 0.063, "dist_km": 1.916, "node": "Daxlanden", "node_mw": 500, "osm_id": 101697977, "anchor_kind": "demand"}, "geometry": {"type": "Polygon", "coordinates": [[[8.32988, 49.01703], [8.3299, 49.01704], [8.32992, 49.01702], [8.33, 49.01706], [8.33005, 49.01709], [8.33011, 49.01704], [8.32984, 49.01691], [8.32971, 49.01702], [8.32948, 49.01723], [8.32959, 49.01728], [8.32973, 49.01735], [8.32979, 49.0173], [8.32975, 49.01728], [8.3297, 49.01726], [8.32965, 49.01724], [8.32988, 49.01703]]]}}, {"type": "Feature", "properties": {"area_ha": 0.016, "dist_km": 2.108, "node": "Daxlanden", "node_mw": 500, "osm_id": 101697978, "anchor_kind": "demand"}, "geometry": {"type": "Polygon", "coordinates": [[[8.32324, 49.01685], [8.32325, 49.01699], [8.32339, 49.01699], [8.32339, 49.01685], [8.32324, 49.01685]]]}}, {"type": "Feature", "properties": {"area_ha": 0.028, "dist_km": 1.913, "node": "Daxlanden", "node_mw": 500, "osm_id": 101697981, "anchor_kind": "demand"}, "geometry": {"type": "Polygon", "coordinates": [[[8.3292, 49.01684], [8.32906, 49.01678], [8.32894, 49.0169], [8.32888, 49.01695], [8.32901, 49.01701], [8.32905, 49.01698], [8.3292, 49.01684]]]}}, {"type": "Feature", "properties": {"area_ha": 0.427, "dist_km": 1.932, "node": "Daxlanden", "node_mw": 500, "osm_id": 101697982, "anchor_kind": "demand"}, "geometry": {"type": "Polygon", "coordinates": [[[8.3284, 49.017], [8.32844, 49.01696], [8.32846, 49.01695], [8.32849, 49.01692], [8.32852, 49.01689], [8.32854, 49.01687], [8.32866, 49.01677], [8.32785, 49.01638], [8.32769, 49.01631], [8.32766, 49.01634], [8.32759, 49.01631], [8.32755, 49.01635], [8.32757, 49.01637], [8.32761, 49.01638], [8.32742, 49.01655], [8.32739, 49.01654], [8.32736, 49.01656], [8.32744, 49.01663], [8.3274, 49.01665], [8.32745, 49.01669], [8.32741, 49.01671], [8.32745, 49.01674], [8.32741, 49.01676], [8.32745, 49.0168], [8.32741, 49.01682], [8.32746, 49.01685], [8.32742, 49.01687], [8.32742, 49.0169], [8.32747, 49.01692], [8.32768, 49.01693], [8.32768, 49.01693], [8.32786, 49.01694], [8.32786, 49.01694], [8.32805, 49.01696], [8.32805, 49.01695], [8.32822, 49.01697], [8.32822, 49.01698], [8.3284, 49.017]]]}}, {"type": "Feature", "properties": {"area_ha": 0.016, "dist_km": 2.644, "node": "Daxlanden", "node_mw": 500, "osm_id": 101697983, "anchor_kind": "demand"}, "geometry": {"type": "Polygon", "coordinates": [[[8.31227, 49.01711], [8.31227, 49.01719], [8.31252, 49.01719], [8.31252, 49.01711], [8.31227, 49.01711]]]}}, {"type": "Feature", "properties": {"area_ha": 0.013, "dist_km": 2.742, "node": "Daxlanden", "node_mw": 500, "osm_id": 101697984, "anchor_kind": "demand"}, "geometry": {"type": "Polygon", "coordinates": [[[8.31046, 49.01716], [8.31057, 49.01716], [8.31056, 49.01702], [8.31045, 49.01702], [8.31046, 49.01716]]]}}, {"type": "Feature", "properties": {"area_ha": 0.111, "dist_km": 2.481, "node": "Daxlanden", "node_mw": 500, "osm_id": 101697986, "anchor_kind": "demand"}, "geometry": {"type": "Polygon", "coordinates": [[[8.31477, 49.01682], [8.31478, 49.01701], [8.31552, 49.01699], [8.31551, 49.01681], [8.31477, 49.01682]]]}}, {"type": "Feature", "properties": {"area_ha": 0.015, "dist_km": 1.978, "node": "Daxlanden", "node_mw": 500, "osm_id": 101697988, "anchor_kind": "demand"}, "geometry": {"type": "Polygon", "coordinates": [[[8.33204, 49.01824], [8.33221, 49.01828], [8.33226, 49.01819], [8.33209, 49.01814], [8.33204, 49.01824]]]}}, {"type": "Feature", "properties": {"area_ha": 0.045, "dist_km": 1.912, "node": "Daxlanden", "node_mw": 500, "osm_id": 101697989, "anchor_kind": "demand"}, "geometry": {"type": "Polygon", "coordinates": [[[8.33016, 49.01706], [8.33004, 49.01718], [8.33004, 49.01718], [8.33015, 49.01723], [8.33037, 49.01733], [8.33049, 49.01722], [8.33016, 49.01706]]]}}, {"type": "Feature", "properties": {"area_ha": 0.285, "dist_km": 1.889, "node": "Daxlanden", "node_mw": 500, "osm_id": 101697991, "anchor_kind": "demand"}, "geometry": {"type": "Polygon", "coordinates": [[[8.32871, 49.01645], [8.32845, 49.01638], [8.32819, 49.01634], [8.32792, 49.01632], [8.32785, 49.01638], [8.32866, 49.01677], [8.32894, 49.0169], [8.32906, 49.01678], [8.3292, 49.01684], [8.3292, 49.01683], [8.32937, 49.01669], [8.32923, 49.01663], [8.32908, 49.01655], [8.32903, 49.0166], [8.32871, 49.01645]]]}}, {"type": "Feature", "properties": {"area_ha": 0.03, "dist_km": 1.932, "node": "Daxlanden", "node_mw": 500, "osm_id": 101697993, "anchor_kind": "demand"}, "geometry": {"type": "Polygon", "coordinates": [[[8.33389, 49.01799], [8.33389, 49.01814], [8.33414, 49.01814], [8.33414, 49.01799], [8.33389, 49.01799]]]}}, {"type": "Feature", "properties": {"area_ha": 0.686, "dist_km": 2.268, "node": "Daxlanden", "node_mw": 500, "osm_id": 101698001, "anchor_kind": "demand"}, "geometry": {"type": "Polygon", "coordinates": [[[8.31868, 49.01708], [8.31958, 49.01706], [8.31957, 49.01702], [8.31978, 49.01702], [8.31978, 49.01706], [8.3202, 49.01705], [8.32017, 49.01649], [8.31865, 49.01652], [8.31868, 49.01708]]]}}, {"type": "Feature", "properties": {"area_ha": 0.028, "dist_km": 2.719, "node": "Daxlanden", "node_mw": 500, "osm_id": 101698005, "anchor_kind": "demand"}, "geometry": {"type": "Polygon", "coordinates": [[[8.31044, 49.01688], [8.31063, 49.01688], [8.31062, 49.01669], [8.31043, 49.01669], [8.31044, 49.01688]]]}}, {"type": "Feature", "properties": {"area_ha": 0.058, "dist_km": 1.925, "node": "Daxlanden", "node_mw": 500, "osm_id": 101698006, "anchor_kind": "demand"}, "geometry": {"type": "Polygon", "coordinates": [[[8.33049, 49.01722], [8.33037, 49.01733], [8.33038, 49.01734], [8.33021, 49.01749], [8.33038, 49.01757], [8.33067, 49.0173], [8.33049, 49.01722]]]}}, {"type": "Feature", "properties": {"area_ha": 0.069, "dist_km": 1.896, "node": "Daxlanden", "node_mw": 500, "osm_id": 101698010, "anchor_kind": "demand"}, "geometry": {"type": "Polygon", "coordinates": [[[8.32921, 49.01684], [8.3293, 49.01685], [8.3293, 49.01683], [8.32971, 49.01702], [8.32984, 49.01691], [8.32937, 49.01669], [8.3292, 49.01683], [8.32921, 49.01684]]]}}, {"type": "Feature", "properties": {"area_ha": 0.046, "dist_km": 1.948, "node": "Daxlanden", "node_mw": 500, "osm_id": 101698012, "anchor_kind": "demand"}, "geometry": {"type": "Polygon", "coordinates": [[[8.33633, 49.01852], [8.33641, 49.01851], [8.33698, 49.0185], [8.33697, 49.01843], [8.33697, 49.01841], [8.33694, 49.0184], [8.33662, 49.0184], [8.33663, 49.01844], [8.33632, 49.01845], [8.33633, 49.01852]]]}}, {"type": "Feature", "properties": {"area_ha": 0.089, "dist_km": 2.577, "node": "Daxlanden", "node_mw": 500, "osm_id": 101698014, "anchor_kind": "demand"}, "geometry": {"type": "Polygon", "coordinates": [[[8.31321, 49.01707], [8.31322, 49.0172], [8.31404, 49.01719], [8.31404, 49.01706], [8.31321, 49.01707]]]}}, {"type": "Feature", "properties": {"area_ha": 0.008, "dist_km": 1.979, "node": "Daxlanden", "node_mw": 500, "osm_id": 101698016, "anchor_kind": "demand"}, "geometry": {"type": "Polygon", "coordinates": [[[8.33236, 49.01821], [8.33227, 49.01818], [8.33226, 49.01819], [8.33221, 49.01828], [8.33221, 49.01828], [8.3323, 49.0183], [8.33236, 49.01821]]]}}, {"type": "Feature", "properties": {"area_ha": 0.091, "dist_km": 1.961, "node": "Daxlanden", "node_mw": 500, "osm_id": 101698018, "anchor_kind": "demand"}, "geometry": {"type": "Polygon", "coordinates": [[[8.3317, 49.01779], [8.33148, 49.01807], [8.3318, 49.01817], [8.33202, 49.0179], [8.3317, 49.01779]]]}}, {"type": "Feature", "properties": {"area_ha": 0.02, "dist_km": 1.91, "node": "Daxlanden", "node_mw": 500, "osm_id": 101698019, "anchor_kind": "demand"}, "geometry": {"type": "Polygon", "coordinates": [[[8.33016, 49.01706], [8.33011, 49.01704], [8.33005, 49.01709], [8.33, 49.01706], [8.32987, 49.01719], [8.32996, 49.01723], [8.32998, 49.01724], [8.33004, 49.01718], [8.33004, 49.01718], [8.33016, 49.01706]]]}}, {"type": "Feature", "properties": {"area_ha": 0.028, "dist_km": 1.928, "node": "Daxlanden", "node_mw": 500, "osm_id": 101698021, "anchor_kind": "demand"}, "geometry": {"type": "Polygon", "coordinates": [[[8.32984, 49.01735], [8.32996, 49.01741], [8.33009, 49.01729], [8.33015, 49.01723], [8.33004, 49.01718], [8.32998, 49.01724], [8.32996, 49.01723], [8.32993, 49.01727], [8.32992, 49.01726], [8.32978, 49.01738], [8.3298, 49.01739], [8.32984, 49.01735]]]}}, {"type": "Feature", "properties": {"area_ha": 0.044, "dist_km": 2.494, "node": "Daxlanden", "node_mw": 500, "osm_id": 101698024, "anchor_kind": "demand"}, "geometry": {"type": "Polygon", "coordinates": [[[8.31552, 49.01708], [8.31495, 49.01709], [8.31495, 49.01718], [8.31552, 49.01717], [8.31552, 49.01708]]]}}, {"type": "Feature", "properties": {"area_ha": 0.012, "dist_km": 1.931, "node": "Daxlanden", "node_mw": 500, "osm_id": 101700865, "anchor_kind": "demand"}, "geometry": {"type": "Polygon", "coordinates": [[[8.34085, 49.01826], [8.34085, 49.01838], [8.34097, 49.01838], [8.34097, 49.01826], [8.34085, 49.01826]]]}}, {"type": "Feature", "properties": {"area_ha": 0.021, "dist_km": 1.909, "node": "Daxlanden", "node_mw": 500, "osm_id": 102440069, "anchor_kind": "demand"}, "geometry": {"type": "Polygon", "coordinates": [[[8.35364, 49.01522], [8.3537, 49.01509], [8.35388, 49.01513], [8.35382, 49.01526], [8.35364, 49.01522]]]}}, {"type": "Feature", "properties": {"area_ha": 0.088, "dist_km": 2.936, "node": "Daxlanden", "node_mw": 500, "osm_id": 105371600, "anchor_kind": "demand"}, "geometry": {"type": "Polygon", "coordinates": [[[8.37243, 48.98659], [8.37276, 48.98624], [8.37278, 48.98625], [8.37281, 48.98621], [8.3726, 48.98613], [8.37218, 48.98658], [8.3723, 48.98663], [8.37236, 48.98656], [8.37243, 48.98659]]]}}, {"type": "Feature", "properties": {"area_ha": 0.077, "dist_km": 2.837, "node": "Daxlanden", "node_mw": 500, "osm_id": 109206406, "anchor_kind": "demand"}, "geometry": {"type": "Polygon", "coordinates": [[[8.37468, 48.99116], [8.37472, 48.99121], [8.37472, 48.99121], [8.37486, 48.99137], [8.37487, 48.99136], [8.37501, 48.99151], [8.37509, 48.99148], [8.3751, 48.99149], [8.37519, 48.99146], [8.37517, 48.99144], [8.3752, 48.99143], [8.37515, 48.99138], [8.37512, 48.99135], [8.37513, 48.99134], [8.3751, 48.99131], [8.37508, 48.99131], [8.37506, 48.99129], [8.37488, 48.99111], [8.37486, 48.99108], [8.37481, 48.9911], [8.3748, 48.99109], [8.37472, 48.99112], [8.37473, 48.99113], [8.37468, 48.99116]]]}}, {"type": "Feature", "properties": {"area_ha": 0.033, "dist_km": 2.979, "node": "Daxlanden", "node_mw": 500, "osm_id": 110299177, "anchor_kind": "demand"}, "geometry": {"type": "Polygon", "coordinates": [[[8.37796, 49.0091], [8.37792, 49.00896], [8.37794, 49.00896], [8.3779, 49.00886], [8.37795, 49.00884], [8.37795, 49.00883], [8.37803, 49.00881], [8.37812, 49.00903], [8.37809, 49.00903], [8.37809, 49.00908], [8.37796, 49.0091]]]}}, {"type": "Feature", "properties": {"area_ha": 0.097, "dist_km": 3.006, "node": "Daxlanden", "node_mw": 500, "osm_id": 110540109, "anchor_kind": "demand"}, "geometry": {"type": "Polygon", "coordinates": [[[8.30285, 49.01406], [8.30285, 49.01405], [8.3029, 49.01405], [8.30288, 49.01367], [8.30287, 49.01367], [8.30257, 49.01368], [8.30257, 49.01369], [8.30259, 49.01406], [8.30285, 49.01406]]]}}, {"type": "Feature", "properties": {"area_ha": 0.368, "dist_km": 2.896, "node": "Daxlanden", "node_mw": 500, "osm_id": 110540113, "anchor_kind": "demand"}, "geometry": {"type": "Polygon", "coordinates": [[[8.30349, 49.01305], [8.30301, 49.01305], [8.30296, 49.01212], [8.30344, 49.01211], [8.30345, 49.01211], [8.30345, 49.0122], [8.30345, 49.01225], [8.30346, 49.01249], [8.30349, 49.01293], [8.30349, 49.01305]]]}}, {"type": "Feature", "properties": {"area_ha": 1.246, "dist_km": 2.908, "node": "Daxlanden", "node_mw": 500, "osm_id": 110540118, "anchor_kind": "demand"}, "geometry": {"type": "Polygon", "coordinates": [[[8.30121, 49.01202], [8.3012, 49.01194], [8.30091, 49.01195], [8.3009, 49.01179], [8.3012, 49.01178], [8.30119, 49.0117], [8.30194, 49.01169], [8.30195, 49.01169], [8.30196, 49.01169], [8.30202, 49.01169], [8.30202, 49.01166], [8.302, 49.01166], [8.30199, 49.0116], [8.30214, 49.0116], [8.30214, 49.01164], [8.30217, 49.01164], [8.30217, 49.01158], [8.30238, 49.01157], [8.30253, 49.01157], [8.30268, 49.01157], [8.30268, 49.01158], [8.30307, 49.01157], [8.30307, 49.01158], [8.30343, 49.01157], [8.30342, 49.01146], [8.30362, 49.01145], [8.30371, 49.01145], [8.30371, 49.01157], [8.3038, 49.01157], [8.3038, 49.01158], [8.30408, 49.01158], [8.30409, 49.0118], [8.30409, 49.01182], [8.30409, 49.01187], [8.3041, 49.01197], [8.3041, 49.01208], [8.304, 49.01208], [8.30386, 49.01208], [8.30361, 49.01209], [8.30361, 49.01209], [8.30344, 49.0121], [8.30344, 49.01211], [8.30296, 49.01212], [8.30279, 49.01212], [8.30275, 49.01212], [8.30145, 49.01215], [8.30144, 49.01209], [8.30137, 49.01209], [8.30137, 49.01202], [8.30121, 49.01202]]]}}, {"type": "Feature", "properties": {"area_ha": 0.233, "dist_km": 2.948, "node": "Daxlanden", "node_mw": 500, "osm_id": 110540123, "anchor_kind": "demand"}, "geometry": {"type": "Polygon", "coordinates": [[[8.30281, 49.01306], [8.30284, 49.01306], [8.30301, 49.01305], [8.30349, 49.01305], [8.30362, 49.01304], [8.30362, 49.01309], [8.30362, 49.01313], [8.30362, 49.01322], [8.30363, 49.01339], [8.30351, 49.01339], [8.30303, 49.0134], [8.30303, 49.01343], [8.30286, 49.01343], [8.30283, 49.01343], [8.30282, 49.01338], [8.30282, 49.01333], [8.30281, 49.01311], [8.30281, 49.01312], [8.30281, 49.01307], [8.30281, 49.01306]]]}}, {"type": "Feature", "properties": {"area_ha": 0.201, "dist_km": 3.009, "node": "Daxlanden", "node_mw": 500, "osm_id": 110540136, "anchor_kind": "demand"}, "geometry": {"type": "Polygon", "coordinates": [[[8.30176, 49.01314], [8.30178, 49.01336], [8.30201, 49.01335], [8.30202, 49.01344], [8.30227, 49.01343], [8.30227, 49.01335], [8.3024, 49.01334], [8.3024, 49.01334], [8.30274, 49.01333], [8.30282, 49.01333], [8.30281, 49.01311], [8.30211, 49.01313], [8.30178, 49.01314], [8.30176, 49.01314]]]}}, {"type": "Feature", "properties": {"area_ha": 0.402, "dist_km": 2.448, "node": "Daxlanden", "node_mw": 500, "osm_id": 110541065, "anchor_kind": "demand"}, "geometry": {"type": "Polygon", "coordinates": [[[8.31181, 49.01459], [8.31178, 49.01401], [8.31177, 49.01382], [8.31241, 49.0138], [8.31243, 49.01421], [8.31245, 49.01458], [8.31181, 49.01459]]]}}, {"type": "Feature", "properties": {"area_ha": 0.031, "dist_km": 2.35, "node": "Daxlanden", "node_mw": 500, "osm_id": 110542056, "anchor_kind": "demand"}, "geometry": {"type": "Polygon", "coordinates": [[[8.31098, 49.01115], [8.31057, 49.01116], [8.31057, 49.01125], [8.31098, 49.01124], [8.31098, 49.01115]]]}}, {"type": "Feature", "properties": {"area_ha": 0.03, "dist_km": 2.35, "node": "Daxlanden", "node_mw": 500, "osm_id": 110542058, "anchor_kind": "demand"}, "geometry": {"type": "Polygon", "coordinates": [[[8.3108, 49.01158], [8.31119, 49.01157], [8.31118, 49.01148], [8.31115, 49.01148], [8.31115, 49.01147], [8.31106, 49.01147], [8.31106, 49.01149], [8.31079, 49.01149], [8.3108, 49.01158]]]}}, {"type": "Feature", "properties": {"area_ha": 0.077, "dist_km": 2.353, "node": "Daxlanden", "node_mw": 500, "osm_id": 110542059, "anchor_kind": "demand"}, "geometry": {"type": "Polygon", "coordinates": [[[8.3112, 49.01138], [8.31106, 49.01138], [8.31106, 49.01147], [8.31106, 49.01149], [8.31079, 49.01149], [8.31065, 49.01149], [8.31065, 49.01144], [8.31064, 49.0113], [8.31119, 49.01129], [8.3112, 49.01138]]]}}, {"type": "Feature", "properties": {"area_ha": 0.064, "dist_km": 2.382, "node": "Daxlanden", "node_mw": 500, "osm_id": 110542065, "anchor_kind": "demand"}, "geometry": {"type": "Polygon", "coordinates": [[[8.311, 49.01167], [8.311, 49.01183], [8.31052, 49.01184], [8.31051, 49.01167], [8.311, 49.01167]]]}}, {"type": "Feature", "properties": {"area_ha": 0.055, "dist_km": 2.39, "node": "Daxlanden", "node_mw": 500, "osm_id": 110542068, "anchor_kind": "demand"}, "geometry": {"type": "Polygon", "coordinates": [[[8.31066, 49.01207], [8.31082, 49.01207], [8.31082, 49.01203], [8.31107, 49.01202], [8.31106, 49.01188], [8.31065, 49.01189], [8.31066, 49.01207]]]}}, {"type": "Feature", "properties": {"area_ha": 0.341, "dist_km": 2.194, "node": "Daxlanden", "node_mw": 500, "osm_id": 110548855, "anchor_kind": "demand"}, "geometry": {"type": "Polygon", "coordinates": [[[8.31477, 49.01315], [8.31554, 49.01281], [8.31593, 49.01318], [8.31546, 49.01339], [8.31516, 49.01353], [8.31477, 49.01315]]]}}, {"type": "Feature", "properties": {"area_ha": 0.995, "dist_km": 1.664, "node": "Daxlanden", "node_mw": 500, "osm_id": 110552856, "anchor_kind": "demand"}, "geometry": {"type": "Polygon", "coordinates": [[[8.3208, 49.01021], [8.32148, 49.00991], [8.32266, 49.01105], [8.32243, 49.01115], [8.32258, 49.01129], [8.32213, 49.01149], [8.322, 49.01137], [8.32155, 49.01093], [8.32091, 49.01032], [8.3208, 49.01021]]]}}, {"type": "Feature", "properties": {"area_ha": 0.692, "dist_km": 1.542, "node": "Daxlanden", "node_mw": 500, "osm_id": 110552898, "anchor_kind": "demand"}, "geometry": {"type": "Polygon", "coordinates": [[[8.32064, 49.00876], [8.32086, 49.00865], [8.32089, 49.00868], [8.32127, 49.00851], [8.32149, 49.00872], [8.32171, 49.00862], [8.32182, 49.00871], [8.32188, 49.00868], [8.32221, 49.00899], [8.32215, 49.00902], [8.32223, 49.0091], [8.322, 49.00921], [8.32204, 49.00924], [8.32143, 49.00951], [8.32064, 49.00876]]]}}, {"type": "Feature", "properties": {"area_ha": 2.397, "dist_km": 1.521, "node": "Daxlanden", "node_mw": 500, "osm_id": 110552903, "anchor_kind": "demand"}, "geometry": {"type": "Polygon", "coordinates": [[[8.32167, 49.00976], [8.32288, 49.00922], [8.32316, 49.00909], [8.32318, 49.00911], [8.32325, 49.00918], [8.3239, 49.0098], [8.32391, 49.0098], [8.32405, 49.00993], [8.32429, 49.01017], [8.32455, 49.01041], [8.32305, 49.01109], [8.323, 49.01111], [8.32245, 49.01058], [8.3225, 49.01056], [8.32167, 49.00976]]]}}, {"type": "Feature", "properties": {"area_ha": 0.098, "dist_km": 1.426, "node": "Daxlanden", "node_mw": 500, "osm_id": 110552904, "anchor_kind": "demand"}, "geometry": {"type": "Polygon", "coordinates": [[[8.32228, 49.00832], [8.32237, 49.00842], [8.32279, 49.00834], [8.32289, 49.00832], [8.32293, 49.00832], [8.32298, 49.00832], [8.32302, 49.00833], [8.32305, 49.00834], [8.32316, 49.00845], [8.32331, 49.00838], [8.32319, 49.00828], [8.32314, 49.00825], [8.32308, 49.00822], [8.32302, 49.0082], [8.32295, 49.0082], [8.32287, 49.00821], [8.32278, 49.00822], [8.32228, 49.00832]]]}}, {"type": "Feature", "properties": {"area_ha": 0.468, "dist_km": 1.404, "node": "Daxlanden", "node_mw": 500, "osm_id": 110552910, "anchor_kind": "demand"}, "geometry": {"type": "Polygon", "coordinates": [[[8.324, 49.00884], [8.32429, 49.00871], [8.32555, 49.00991], [8.32557, 49.00993], [8.32561, 49.00997], [8.32565, 49.01], [8.32567, 49.01002], [8.32568, 49.01003], [8.32566, 49.01004], [8.32539, 49.01016], [8.32538, 49.01016], [8.32535, 49.01013], [8.32532, 49.0101], [8.32528, 49.01007], [8.32526, 49.01004], [8.324, 49.00884]]]}}, {"type": "Feature", "properties": {"area_ha": 0.451, "dist_km": 1.296, "node": "Daxlanden", "node_mw": 500, "osm_id": 110552917, "anchor_kind": "demand"}, "geometry": {"type": "Polygon", "coordinates": [[[8.32589, 49.00863], [8.3267, 49.00941], [8.32624, 49.00961], [8.32543, 49.00883], [8.32575, 49.00869], [8.32557, 49.00852], [8.32571, 49.00846], [8.32589, 49.00863]]]}}, {"type": "Feature", "properties": {"area_ha": 0.178, "dist_km": 1.687, "node": "Daxlanden", "node_mw": 500, "osm_id": 110552924, "anchor_kind": "demand"}, "geometry": {"type": "Polygon", "coordinates": [[[8.31972, 49.00893], [8.31937, 49.00909], [8.31979, 49.0095], [8.31954, 49.00961], [8.31904, 49.00911], [8.31964, 49.00885], [8.31972, 49.00893]]]}}, {"type": "Feature", "properties": {"area_ha": 0.374, "dist_km": 1.455, "node": "Daxlanden", "node_mw": 500, "osm_id": 110552928, "anchor_kind": "demand"}, "geometry": {"type": "Polygon", "coordinates": [[[8.32246, 49.00859], [8.32281, 49.00843], [8.32299, 49.00859], [8.32321, 49.00849], [8.32316, 49.00845], [8.32331, 49.00838], [8.32351, 49.00858], [8.32243, 49.00907], [8.32189, 49.00855], [8.32212, 49.00845], [8.32251, 49.00881], [8.32263, 49.00876], [8.32246, 49.00859]]]}}, {"type": "Feature", "properties": {"area_ha": 0.385, "dist_km": 1.334, "node": "Daxlanden", "node_mw": 500, "osm_id": 110552933, "anchor_kind": "demand"}, "geometry": {"type": "Polygon", "coordinates": [[[8.32374, 49.00847], [8.32476, 49.00801], [8.32445, 49.00772], [8.3244, 49.00774], [8.32434, 49.00768], [8.32422, 49.00774], [8.32428, 49.00779], [8.32366, 49.00807], [8.32359, 49.00801], [8.32337, 49.00812], [8.32374, 49.00847]]]}}, {"type": "Feature", "properties": {"area_ha": 0.089, "dist_km": 1.133, "node": "Daxlanden", "node_mw": 500, "osm_id": 110552949, "anchor_kind": "demand"}, "geometry": {"type": "Polygon", "coordinates": [[[8.32832, 49.00857], [8.32845, 49.00859], [8.3285, 49.00839], [8.32846, 49.00838], [8.32848, 49.0083], [8.3282, 49.00827], [8.32821, 49.00824], [8.32796, 49.00822], [8.32791, 49.0084], [8.32835, 49.00844], [8.32832, 49.00857]]]}}, {"type": "Feature", "properties": {"area_ha": 0.072, "dist_km": 1.583, "node": "Daxlanden", "node_mw": 500, "osm_id": 110553500, "anchor_kind": "demand"}, "geometry": {"type": "Polygon", "coordinates": [[[8.32017, 49.00817], [8.3205, 49.00815], [8.32055, 49.00841], [8.32022, 49.00844], [8.32017, 49.00817]]]}}, {"type": "Feature", "properties": {"area_ha": 0.122, "dist_km": 1.55, "node": "Daxlanden", "node_mw": 500, "osm_id": 110553521, "anchor_kind": "demand"}, "geometry": {"type": "Polygon", "coordinates": [[[8.32083, 49.0078], [8.32056, 49.00782], [8.32058, 49.00796], [8.3206, 49.00808], [8.32061, 49.0081], [8.32066, 49.00837], [8.32093, 49.00834], [8.32083, 49.0078]]]}}, {"type": "Feature", "properties": {"area_ha": 0.054, "dist_km": 1.471, "node": "Daxlanden", "node_mw": 500, "osm_id": 110553524, "anchor_kind": "demand"}, "geometry": {"type": "Polygon", "coordinates": [[[8.32194, 49.0078], [8.32199, 49.00813], [8.32179, 49.00815], [8.32174, 49.00784], [8.32174, 49.00782], [8.32194, 49.0078]]]}}, {"type": "Feature", "properties": {"area_ha": 0.049, "dist_km": 1.563, "node": "Daxlanden", "node_mw": 500, "osm_id": 110553529, "anchor_kind": "demand"}, "geometry": {"type": "Polygon", "coordinates": [[[8.32011, 49.00789], [8.32056, 49.00782], [8.32058, 49.00796], [8.32015, 49.00802], [8.32011, 49.00789]]]}}, {"type": "Feature", "properties": {"area_ha": 0.122, "dist_km": 1.625, "node": "Daxlanden", "node_mw": 500, "osm_id": 110642119, "anchor_kind": "demand"}, "geometry": {"type": "Polygon", "coordinates": [[[8.3286, 49.01426], [8.32955, 49.01383], [8.32966, 49.01394], [8.32871, 49.01437], [8.3286, 49.01426]]]}}, {"type": "Feature", "properties": {"area_ha": 0.031, "dist_km": 1.196, "node": "Daxlanden", "node_mw": 500, "osm_id": 110642122, "anchor_kind": "demand"}, "geometry": {"type": "Polygon", "coordinates": [[[8.3364, 49.01152], [8.33657, 49.01152], [8.33658, 49.01174], [8.33641, 49.01175], [8.3364, 49.01152]]]}}, {"type": "Feature", "properties": {"area_ha": 0.061, "dist_km": 1.317, "node": "Daxlanden", "node_mw": 500, "osm_id": 110642123, "anchor_kind": "demand"}, "geometry": {"type": "Polygon", "coordinates": [[[8.33377, 49.01207], [8.33385, 49.01214], [8.33344, 49.01232], [8.33346, 49.01234], [8.33325, 49.01244], [8.33315, 49.01234], [8.33377, 49.01207]]]}}, {"type": "Feature", "properties": {"area_ha": 0.369, "dist_km": 1.192, "node": "Daxlanden", "node_mw": 500, "osm_id": 110642124, "anchor_kind": "demand"}, "geometry": {"type": "Polygon", "coordinates": [[[8.33832, 49.01181], [8.3367, 49.01183], [8.33669, 49.01155], [8.33831, 49.01153], [8.33832, 49.01181]]]}}, {"type": "Feature", "properties": {"area_ha": 0.087, "dist_km": 1.224, "node": "Daxlanden", "node_mw": 500, "osm_id": 110642125, "anchor_kind": "demand"}, "geometry": {"type": "Polygon", "coordinates": [[[8.33509, 49.01159], [8.33545, 49.01158], [8.33547, 49.01187], [8.3351, 49.01188], [8.33509, 49.01159]]]}}, {"type": "Feature", "properties": {"area_ha": 0.037, "dist_km": 1.275, "node": "Daxlanden", "node_mw": 500, "osm_id": 110642126, "anchor_kind": "demand"}, "geometry": {"type": "Polygon", "coordinates": [[[8.33496, 49.012], [8.3351, 49.012], [8.33511, 49.01233], [8.33497, 49.01233], [8.33496, 49.012]]]}}, {"type": "Feature", "properties": {"area_ha": 0.013, "dist_km": 1.252, "node": "Daxlanden", "node_mw": 500, "osm_id": 110642127, "anchor_kind": "demand"}, "geometry": {"type": "Polygon", "coordinates": [[[8.33459, 49.01183], [8.3346, 49.0119], [8.33436, 49.0119], [8.33436, 49.01183], [8.33459, 49.01183]]]}}, {"type": "Feature", "properties": {"area_ha": 0.062, "dist_km": 1.231, "node": "Daxlanden", "node_mw": 500, "osm_id": 110642130, "anchor_kind": "demand"}, "geometry": {"type": "Polygon", "coordinates": [[[8.33447, 49.0118], [8.33443, 49.01174], [8.33508, 49.01158], [8.33509, 49.01159], [8.3351, 49.01188], [8.33497, 49.01188], [8.33496, 49.01168], [8.33447, 49.0118]]]}}, {"type": "Feature", "properties": {"area_ha": 0.053, "dist_km": 1.445, "node": "Daxlanden", "node_mw": 500, "osm_id": 110642132, "anchor_kind": "demand"}, "geometry": {"type": "Polygon", "coordinates": [[[8.33156, 49.01296], [8.33177, 49.01287], [8.33185, 49.01294], [8.33152, 49.01309], [8.33152, 49.01308], [8.33143, 49.01312], [8.3314, 49.01309], [8.33132, 49.01312], [8.33129, 49.01309], [8.33126, 49.01306], [8.33124, 49.01304], [8.33152, 49.01292], [8.33154, 49.01294], [8.33156, 49.01296]]]}}, {"type": "Feature", "properties": {"area_ha": 0.012, "dist_km": 1.251, "node": "Daxlanden", "node_mw": 500, "osm_id": 110642135, "anchor_kind": "demand"}, "geometry": {"type": "Polygon", "coordinates": [[[8.33581, 49.01201], [8.33593, 49.012], [8.33594, 49.01207], [8.33596, 49.01207], [8.33596, 49.01211], [8.33581, 49.01211], [8.33581, 49.01201]]]}}, {"type": "Feature", "properties": {"area_ha": 0.094, "dist_km": 1.283, "node": "Daxlanden", "node_mw": 500, "osm_id": 110642140, "anchor_kind": "demand"}, "geometry": {"type": "Polygon", "coordinates": [[[8.33445, 49.01201], [8.33479, 49.012], [8.3348, 49.01234], [8.33446, 49.01234], [8.33445, 49.01201]]]}}, {"type": "Feature", "properties": {"area_ha": 0.093, "dist_km": 1.174, "node": "Daxlanden", "node_mw": 500, "osm_id": 110642147, "anchor_kind": "demand"}, "geometry": {"type": "Polygon", "coordinates": [[[8.33846, 49.0118], [8.3387, 49.0118], [8.3387, 49.0117], [8.33879, 49.0117], [8.33879, 49.01154], [8.3387, 49.01154], [8.3387, 49.01147], [8.3388, 49.01146], [8.3388, 49.01141], [8.33869, 49.01141], [8.33869, 49.01142], [8.33844, 49.01143], [8.33846, 49.0118]]]}}, {"type": "Feature", "properties": {"area_ha": 0.044, "dist_km": 1.177, "node": "Daxlanden", "node_mw": 500, "osm_id": 110643439, "anchor_kind": "demand"}, "geometry": {"type": "Polygon", "coordinates": [[[8.33902, 49.01141], [8.33903, 49.01181], [8.33897, 49.01181], [8.33896, 49.01166], [8.33884, 49.01166], [8.33884, 49.01144], [8.33889, 49.01144], [8.33889, 49.01141], [8.33902, 49.01141]]]}}, {"type": "Feature", "properties": {"area_ha": 0.701, "dist_km": 1.282, "node": "Daxlanden", "node_mw": 500, "osm_id": 110644632, "anchor_kind": "demand"}, "geometry": {"type": "Polygon", "coordinates": [[[8.34483, 49.0123], [8.34502, 49.01223], [8.34501, 49.01222], [8.34512, 49.01218], [8.34513, 49.01218], [8.34482, 49.01187], [8.34484, 49.01186], [8.3444, 49.01146], [8.3439, 49.01115], [8.3434, 49.01155], [8.34386, 49.01179], [8.34392, 49.01178], [8.34396, 49.01184], [8.344, 49.01183], [8.34404, 49.01189], [8.34407, 49.01188], [8.34411, 49.01194], [8.34414, 49.01193], [8.34418, 49.012], [8.34422, 49.01199], [8.34426, 49.01205], [8.34428, 49.01204], [8.34445, 49.0123], [8.34442, 49.01231], [8.34449, 49.01242], [8.34482, 49.0123], [8.34483, 49.0123]]]}}, {"type": "Feature", "properties": {"area_ha": 3.044, "dist_km": 1.333, "node": "Daxlanden", "node_mw": 500, "osm_id": 110644636, "anchor_kind": "demand"}, "geometry": {"type": "Polygon", "coordinates": [[[8.34575, 49.01306], [8.345, 49.01328], [8.34449, 49.01344], [8.34428, 49.0135], [8.34464, 49.01402], [8.34434, 49.01411], [8.34417, 49.01416], [8.34361, 49.01365], [8.34336, 49.01334], [8.34325, 49.01319], [8.34323, 49.01319], [8.34301, 49.01289], [8.34296, 49.0129], [8.34266, 49.01247], [8.34263, 49.01248], [8.3422, 49.01186], [8.34228, 49.01184], [8.34224, 49.01178], [8.34256, 49.01168], [8.34254, 49.01165], [8.34276, 49.01158], [8.34279, 49.01162], [8.34315, 49.01151], [8.34322, 49.01148], [8.34325, 49.01153], [8.34333, 49.01151], [8.3434, 49.01155], [8.34386, 49.01179], [8.34378, 49.01182], [8.34416, 49.01238], [8.34425, 49.01236], [8.34455, 49.01278], [8.34457, 49.01278], [8.34468, 49.01293], [8.3453, 49.01275], [8.34534, 49.0128], [8.34544, 49.01277], [8.34549, 49.01283], [8.34558, 49.0128], [8.34575, 49.01306]]]}}, {"type": "Feature", "properties": {"area_ha": 0.425, "dist_km": 1.154, "node": "Daxlanden", "node_mw": 500, "osm_id": 110644637, "anchor_kind": "demand"}, "geometry": {"type": "Polygon", "coordinates": [[[8.34238, 49.01124], [8.34248, 49.01126], [8.34249, 49.01125], [8.34276, 49.0113], [8.34293, 49.01126], [8.34295, 49.01122], [8.34325, 49.0113], [8.3433, 49.01122], [8.34331, 49.01122], [8.34347, 49.01096], [8.34228, 49.01064], [8.34223, 49.01064], [8.34216, 49.01097], [8.34222, 49.01103], [8.34223, 49.01099], [8.34249, 49.01106], [8.34238, 49.01124]]]}}, {"type": "Feature", "properties": {"area_ha": 0.151, "dist_km": 1.263, "node": "Daxlanden", "node_mw": 500, "osm_id": 110646110, "anchor_kind": "demand"}, "geometry": {"type": "Polygon", "coordinates": [[[8.32889, 49.01075], [8.3288, 49.01067], [8.32931, 49.01044], [8.32932, 49.01045], [8.32956, 49.01034], [8.32955, 49.01033], [8.32962, 49.01029], [8.32965, 49.01032], [8.32963, 49.01033], [8.32968, 49.01037], [8.32966, 49.01038], [8.32989, 49.01059], [8.32957, 49.01074], [8.32956, 49.01072], [8.32936, 49.01053], [8.32889, 49.01075]]]}}, {"type": "Feature", "properties": {"area_ha": 0.005, "dist_km": 1.536, "node": "Daxlanden", "node_mw": 500, "osm_id": 110646129, "anchor_kind": "demand"}, "geometry": {"type": "Polygon", "coordinates": [[[8.32639, 49.01209], [8.32647, 49.01206], [8.32652, 49.01211], [8.32644, 49.01214], [8.32639, 49.01209]]]}}, {"type": "Feature", "properties": {"area_ha": 0.031, "dist_km": 1.521, "node": "Daxlanden", "node_mw": 500, "osm_id": 110646130, "anchor_kind": "demand"}, "geometry": {"type": "Polygon", "coordinates": [[[8.32642, 49.01199], [8.32664, 49.01189], [8.32676, 49.012], [8.32654, 49.0121], [8.32642, 49.01199]]]}}, {"type": "Feature", "properties": {"area_ha": 0.031, "dist_km": 1.055, "node": "Daxlanden", "node_mw": 500, "osm_id": 110648391, "anchor_kind": "demand"}, "geometry": {"type": "Polygon", "coordinates": [[[8.33057, 49.00886], [8.33092, 49.0087], [8.33102, 49.00879], [8.3309, 49.00885], [8.33087, 49.00882], [8.33063, 49.00892], [8.33057, 49.00886]]]}}, {"type": "Feature", "properties": {"area_ha": 0.15, "dist_km": 1.109, "node": "Daxlanden", "node_mw": 500, "osm_id": 110648394, "anchor_kind": "demand"}, "geometry": {"type": "Polygon", "coordinates": [[[8.32973, 49.00909], [8.33035, 49.00881], [8.33055, 49.00899], [8.32987, 49.0093], [8.32968, 49.00911], [8.32973, 49.00909]]]}}, {"type": "Feature", "properties": {"area_ha": 0.035, "dist_km": 2.616, "node": "Daxlanden", "node_mw": 500, "osm_id": 113510869, "anchor_kind": "demand"}, "geometry": {"type": "Polygon", "coordinates": [[[8.37173, 49.01029], [8.37184, 49.01047], [8.37193, 49.01045], [8.37204, 49.01042], [8.37193, 49.01023], [8.37173, 49.01029]]]}}, {"type": "Feature", "properties": {"area_ha": 0.028, "dist_km": 2.6, "node": "Daxlanden", "node_mw": 500, "osm_id": 113510870, "anchor_kind": "demand"}, "geometry": {"type": "Polygon", "coordinates": [[[8.37163, 49.01014], [8.37173, 49.01029], [8.37193, 49.01023], [8.37184, 49.01009], [8.37163, 49.01014]]]}}, {"type": "Feature", "properties": {"area_ha": 0.032, "dist_km": 2.737, "node": "Daxlanden", "node_mw": 500, "osm_id": 114874035, "anchor_kind": "demand"}, "geometry": {"type": "Polygon", "coordinates": [[[8.37353, 48.99165], [8.37364, 48.99177], [8.37388, 48.99167], [8.37377, 48.99155], [8.37353, 48.99165]]]}}, {"type": "Feature", "properties": {"area_ha": 0.083, "dist_km": 1.204, "node": "Daxlanden", "node_mw": 500, "osm_id": 118422035, "anchor_kind": "demand"}, "geometry": {"type": "Polygon", "coordinates": [[[8.35523, 49.00251], [8.35556, 49.00263], [8.35573, 49.00242], [8.35539, 49.0023], [8.35528, 49.00225], [8.3552, 49.00231], [8.35532, 49.00236], [8.35527, 49.00241], [8.35531, 49.00242], [8.35523, 49.00251]]]}}, {"type": "Feature", "properties": {"area_ha": 0.024, "dist_km": 1.207, "node": "Daxlanden", "node_mw": 500, "osm_id": 118422289, "anchor_kind": "demand"}, "geometry": {"type": "Polygon", "coordinates": [[[8.35552, 49.00089], [8.35564, 49.00087], [8.35555, 49.00062], [8.35544, 49.00064], [8.35552, 49.00089]]]}}, {"type": "Feature", "properties": {"area_ha": 0.07, "dist_km": 1.181, "node": "Daxlanden", "node_mw": 500, "osm_id": 118422290, "anchor_kind": "demand"}, "geometry": {"type": "Polygon", "coordinates": [[[8.3554, 49.00054], [8.35529, 49.00024], [8.35505, 49.00028], [8.35502, 49.00028], [8.35505, 49.00035], [8.35513, 49.00058], [8.3554, 49.00054]]]}}, {"type": "Feature", "properties": {"area_ha": 0.085, "dist_km": 1.194, "node": "Daxlanden", "node_mw": 500, "osm_id": 118422292, "anchor_kind": "demand"}, "geometry": {"type": "Polygon", "coordinates": [[[8.35528, 49.00095], [8.35553, 49.00091], [8.35552, 49.00089], [8.35544, 49.00064], [8.3554, 49.00054], [8.35513, 49.00058], [8.35526, 49.00094], [8.35528, 49.00095]]]}}, {"type": "Feature", "properties": {"area_ha": 0.065, "dist_km": 2.608, "node": "Daxlanden", "node_mw": 500, "osm_id": 119240428, "anchor_kind": "demand"}, "geometry": {"type": "Polygon", "coordinates": [[[8.3644, 49.01745], [8.36443, 49.01743], [8.36446, 49.01741], [8.36453, 49.01744], [8.36457, 49.01746], [8.36445, 49.01756], [8.36441, 49.01754], [8.36398, 49.01791], [8.36386, 49.01785], [8.36396, 49.01776], [8.36415, 49.0176], [8.3642, 49.01762], [8.3644, 49.01745]]]}}, {"type": "Feature", "properties": {"area_ha": 0.019, "dist_km": 2.631, "node": "Daxlanden", "node_mw": 500, "osm_id": 119240469, "anchor_kind": "demand"}, "geometry": {"type": "Polygon", "coordinates": [[[8.3639, 49.01801], [8.36396, 49.01796], [8.36398, 49.01796], [8.36422, 49.01808], [8.36416, 49.01814], [8.3639, 49.01801]]]}}, {"type": "Feature", "properties": {"area_ha": 0.126, "dist_km": 2.577, "node": "Daxlanden", "node_mw": 500, "osm_id": 119240506, "anchor_kind": "demand"}, "geometry": {"type": "Polygon", "coordinates": [[[8.36333, 49.01769], [8.36383, 49.01726], [8.36405, 49.01738], [8.36389, 49.01752], [8.36374, 49.01764], [8.36355, 49.0178], [8.36333, 49.01769]]]}}, {"type": "Feature", "properties": {"area_ha": 0.064, "dist_km": 2.597, "node": "Daxlanden", "node_mw": 500, "osm_id": 119240539, "anchor_kind": "demand"}, "geometry": {"type": "Polygon", "coordinates": [[[8.36396, 49.01756], [8.36401, 49.01752], [8.36406, 49.01754], [8.36425, 49.01738], [8.3644, 49.01745], [8.3642, 49.01762], [8.36415, 49.0176], [8.36396, 49.01776], [8.36382, 49.01768], [8.36396, 49.01756]]]}}, {"type": "Feature", "properties": {"area_ha": 0.014, "dist_km": 2.259, "node": "Daxlanden", "node_mw": 500, "osm_id": 119507852, "anchor_kind": "demand"}, "geometry": {"type": "Polygon", "coordinates": [[[8.3606, 49.0155], [8.36053, 49.01557], [8.3605, 49.01556], [8.36046, 49.0156], [8.36055, 49.01564], [8.36059, 49.01559], [8.36058, 49.01559], [8.3606, 49.01556], [8.3607, 49.0156], [8.36074, 49.01555], [8.36065, 49.01551], [8.3606, 49.0155]]]}}, {"type": "Feature", "properties": {"area_ha": 0.01, "dist_km": 1.941, "node": "Daxlanden", "node_mw": 500, "osm_id": 119791995, "anchor_kind": "demand"}, "geometry": {"type": "Polygon", "coordinates": [[[8.35833, 49.01303], [8.35852, 49.01295], [8.35847, 49.0129], [8.3583, 49.01297], [8.35831, 49.01299], [8.3583, 49.013], [8.35833, 49.01303]]]}}, {"type": "Feature", "properties": {"area_ha": 0.026, "dist_km": 1.958, "node": "Daxlanden", "node_mw": 500, "osm_id": 119792013, "anchor_kind": "demand"}, "geometry": {"type": "Polygon", "coordinates": [[[8.35833, 49.01322], [8.35839, 49.01328], [8.35797, 49.01345], [8.35792, 49.0134], [8.35833, 49.01322]]]}}, {"type": "Feature", "properties": {"area_ha": 0.013, "dist_km": 1.946, "node": "Daxlanden", "node_mw": 500, "osm_id": 119792030, "anchor_kind": "demand"}, "geometry": {"type": "Polygon", "coordinates": [[[8.35834, 49.01316], [8.35843, 49.01312], [8.35833, 49.01303], [8.3583, 49.013], [8.35821, 49.01303], [8.35834, 49.01316]]]}}, {"type": "Feature", "properties": {"area_ha": 0.005, "dist_km": 1.956, "node": "Daxlanden", "node_mw": 500, "osm_id": 119792061, "anchor_kind": "demand"}, "geometry": {"type": "Polygon", "coordinates": [[[8.35855, 49.01308], [8.35862, 49.01305], [8.35856, 49.01299], [8.35849, 49.01302], [8.35855, 49.01308]]]}}, {"type": "Feature", "properties": {"area_ha": 0.101, "dist_km": 1.941, "node": "Daxlanden", "node_mw": 500, "osm_id": 119792075, "anchor_kind": "demand"}, "geometry": {"type": "Polygon", "coordinates": [[[8.35787, 49.01335], [8.35791, 49.01339], [8.35792, 49.0134], [8.35833, 49.01322], [8.35838, 49.0132], [8.35838, 49.0132], [8.35834, 49.01316], [8.35821, 49.01303], [8.35811, 49.01307], [8.35809, 49.01305], [8.35806, 49.01306], [8.35799, 49.01309], [8.35798, 49.01308], [8.35791, 49.01311], [8.35792, 49.01312], [8.35773, 49.0132], [8.3578, 49.01328], [8.35787, 49.01335]]]}}, {"type": "Feature", "properties": {"area_ha": 0.025, "dist_km": 1.931, "node": "Daxlanden", "node_mw": 500, "osm_id": 119792085, "anchor_kind": "demand"}, "geometry": {"type": "Polygon", "coordinates": [[[8.35809, 49.01305], [8.35802, 49.01297], [8.35801, 49.01296], [8.35807, 49.01294], [8.35821, 49.01288], [8.3583, 49.01297], [8.35831, 49.01299], [8.3583, 49.013], [8.35821, 49.01303], [8.35811, 49.01307], [8.35809, 49.01305]]]}}, {"type": "Feature", "properties": {"area_ha": 0.009, "dist_km": 1.813, "node": "Daxlanden", "node_mw": 500, "osm_id": 119851577, "anchor_kind": "demand"}, "geometry": {"type": "Polygon", "coordinates": [[[8.35855, 49.01097], [8.35862, 49.01101], [8.35868, 49.01105], [8.35865, 49.01107], [8.3586, 49.01104], [8.35855, 49.01108], [8.35847, 49.01102], [8.35855, 49.01097]]]}}, {"type": "Feature", "properties": {"area_ha": 0.01, "dist_km": 1.689, "node": "Daxlanden", "node_mw": 500, "osm_id": 119931108, "anchor_kind": "demand"}, "geometry": {"type": "Polygon", "coordinates": [[[8.35721, 49.01045], [8.35712, 49.01052], [8.35708, 49.0105], [8.35703, 49.01053], [8.35699, 49.01051], [8.35713, 49.0104], [8.35721, 49.01045]]]}}, {"type": "Feature", "properties": {"area_ha": 0.071, "dist_km": 2.057, "node": "Daxlanden", "node_mw": 500, "osm_id": 119958334, "anchor_kind": "demand"}, "geometry": {"type": "Polygon", "coordinates": [[[8.35404, 49.01664], [8.35414, 49.01657], [8.35432, 49.01644], [8.35438, 49.0164], [8.35441, 49.01642], [8.35458, 49.01652], [8.35425, 49.01676], [8.35404, 49.01664]]]}}, {"type": "Feature", "properties": {"area_ha": 0.052, "dist_km": 2.043, "node": "Daxlanden", "node_mw": 500, "osm_id": 119958342, "anchor_kind": "demand"}, "geometry": {"type": "Polygon", "coordinates": [[[8.35441, 49.01642], [8.3545, 49.01635], [8.35456, 49.01631], [8.35453, 49.0163], [8.35457, 49.01626], [8.35439, 49.01616], [8.35414, 49.01634], [8.35426, 49.0164], [8.35427, 49.01641], [8.35432, 49.01644], [8.35438, 49.0164], [8.35441, 49.01642]]]}}, {"type": "Feature", "properties": {"area_ha": 0.218, "dist_km": 1.613, "node": "Daxlanden", "node_mw": 500, "osm_id": 120082943, "anchor_kind": "demand"}, "geometry": {"type": "Polygon", "coordinates": [[[8.35842, 49.00738], [8.3589, 49.00696], [8.35917, 49.0071], [8.35936, 49.00719], [8.35902, 49.00749], [8.35892, 49.00744], [8.35883, 49.0074], [8.3587, 49.00751], [8.35842, 49.00738]]]}}, {"type": "Feature", "properties": {"area_ha": 0.038, "dist_km": 1.758, "node": "Daxlanden", "node_mw": 500, "osm_id": 120088035, "anchor_kind": "demand"}, "geometry": {"type": "Polygon", "coordinates": [[[8.36232, 49.00455], [8.36256, 49.00433], [8.3627, 49.0044], [8.36246, 49.00461], [8.36232, 49.00455]]]}}, {"type": "Feature", "properties": {"area_ha": 0.262, "dist_km": 1.816, "node": "Daxlanden", "node_mw": 500, "osm_id": 120088037, "anchor_kind": "demand"}, "geometry": {"type": "Polygon", "coordinates": [[[8.363, 49.00377], [8.36366, 49.00317], [8.36398, 49.00332], [8.36401, 49.00333], [8.36335, 49.00393], [8.363, 49.00377]]]}}, {"type": "Feature", "properties": {"area_ha": 0.119, "dist_km": 1.876, "node": "Daxlanden", "node_mw": 500, "osm_id": 120088041, "anchor_kind": "demand"}, "geometry": {"type": "Polygon", "coordinates": [[[8.36414, 49.00341], [8.36413, 49.00341], [8.36441, 49.00316], [8.36462, 49.00297], [8.36474, 49.00303], [8.36478, 49.00304], [8.36448, 49.00331], [8.36463, 49.00338], [8.36443, 49.00355], [8.36441, 49.00354], [8.36414, 49.00341]]]}}, {"type": "Feature", "properties": {"area_ha": 0.027, "dist_km": 1.873, "node": "Daxlanden", "node_mw": 500, "osm_id": 120088042, "anchor_kind": "demand"}, "geometry": {"type": "Polygon", "coordinates": [[[8.36441, 49.00316], [8.36462, 49.00297], [8.36459, 49.00295], [8.3645, 49.0029], [8.36431, 49.00311], [8.36441, 49.00316]]]}}, {"type": "Feature", "properties": {"area_ha": 0.01, "dist_km": 1.886, "node": "Daxlanden", "node_mw": 500, "osm_id": 120088046, "anchor_kind": "demand"}, "geometry": {"type": "Polygon", "coordinates": [[[8.36462, 49.00297], [8.36459, 49.00295], [8.36465, 49.0029], [8.36466, 49.0029], [8.3648, 49.00297], [8.36474, 49.00303], [8.36462, 49.00297]]]}}, {"type": "Feature", "properties": {"area_ha": 0.089, "dist_km": 1.81, "node": "Daxlanden", "node_mw": 500, "osm_id": 120088050, "anchor_kind": "demand"}, "geometry": {"type": "Polygon", "coordinates": [[[8.36332, 49.00272], [8.36358, 49.00249], [8.36364, 49.00252], [8.36389, 49.00264], [8.36386, 49.00267], [8.36381, 49.00271], [8.36363, 49.00287], [8.36332, 49.00272]]]}}, {"type": "Feature", "properties": {"area_ha": 0.117, "dist_km": 1.791, "node": "Daxlanden", "node_mw": 500, "osm_id": 120088064, "anchor_kind": "demand"}, "geometry": {"type": "Polygon", "coordinates": [[[8.36301, 49.00299], [8.36332, 49.00272], [8.36332, 49.00272], [8.36363, 49.00287], [8.36366, 49.00288], [8.36335, 49.00316], [8.36301, 49.00299]]]}}, {"type": "Feature", "properties": {"area_ha": 0.053, "dist_km": 1.973, "node": "Daxlanden", "node_mw": 500, "osm_id": 120143878, "anchor_kind": "demand"}, "geometry": {"type": "Polygon", "coordinates": [[[8.36585, 49.00113], [8.36591, 49.00116], [8.36599, 49.0012], [8.36606, 49.00113], [8.36632, 49.0009], [8.36618, 49.00083], [8.36585, 49.00113]]]}}, {"type": "Feature", "properties": {"area_ha": 0.078, "dist_km": 2.042, "node": "Daxlanden", "node_mw": 500, "osm_id": 120143888, "anchor_kind": "demand"}, "geometry": {"type": "Polygon", "coordinates": [[[8.3667, 49.00109], [8.36677, 49.00103], [8.36707, 49.00074], [8.36724, 49.00082], [8.36713, 49.00093], [8.36712, 49.00092], [8.36706, 49.00098], [8.3671, 49.001], [8.36691, 49.00118], [8.36681, 49.00114], [8.3667, 49.00109]]]}}, {"type": "Feature", "properties": {"area_ha": 0.032, "dist_km": 1.923, "node": "Daxlanden", "node_mw": 500, "osm_id": 120143900, "anchor_kind": "demand"}, "geometry": {"type": "Polygon", "coordinates": [[[8.36511, 49.00094], [8.36523, 49.00083], [8.36528, 49.00086], [8.36537, 49.0009], [8.36533, 49.00094], [8.3654, 49.00097], [8.36541, 49.00096], [8.36547, 49.00099], [8.36547, 49.001], [8.36548, 49.00101], [8.3654, 49.00108], [8.36511, 49.00094]]]}}, {"type": "Feature", "properties": {"area_ha": 0.035, "dist_km": 2.08, "node": "Daxlanden", "node_mw": 500, "osm_id": 120143902, "anchor_kind": "demand"}, "geometry": {"type": "Polygon", "coordinates": [[[8.36745, 49.00089], [8.36769, 49.001], [8.36755, 49.00115], [8.36753, 49.00115], [8.36752, 49.00112], [8.36745, 49.00113], [8.36739, 49.00094], [8.36745, 49.00089]]]}}, {"type": "Feature", "properties": {"area_ha": 0.02, "dist_km": 1.929, "node": "Daxlanden", "node_mw": 500, "osm_id": 120143905, "anchor_kind": "demand"}, "geometry": {"type": "Polygon", "coordinates": [[[8.36528, 49.00086], [8.36544, 49.00071], [8.36553, 49.00076], [8.3655, 49.00079], [8.36551, 49.0008], [8.36549, 49.00082], [8.3655, 49.00082], [8.36541, 49.0009], [8.3654, 49.0009], [8.36538, 49.00091], [8.36537, 49.0009], [8.36528, 49.00086]]]}}, {"type": "Feature", "properties": {"area_ha": 0.034, "dist_km": 2.127, "node": "Daxlanden", "node_mw": 500, "osm_id": 120150197, "anchor_kind": "demand"}, "geometry": {"type": "Polygon", "coordinates": [[[8.36836, 49.00052], [8.36824, 49.0006], [8.36794, 49.00046], [8.36803, 49.00037], [8.36836, 49.00052]]]}}, {"type": "Feature", "properties": {"area_ha": 0.15, "dist_km": 2.176, "node": "Daxlanden", "node_mw": 500, "osm_id": 120150225, "anchor_kind": "demand"}, "geometry": {"type": "Polygon", "coordinates": [[[8.36928, 48.99966], [8.36908, 48.99984], [8.36906, 48.99985], [8.3688, 48.99972], [8.36881, 48.99972], [8.36876, 48.99969], [8.36882, 48.99964], [8.3684, 48.99945], [8.36849, 48.99937], [8.36839, 48.99932], [8.36845, 48.99926], [8.36928, 48.99966]]]}}, {"type": "Feature", "properties": {"area_ha": 0.052, "dist_km": 2.134, "node": "Daxlanden", "node_mw": 500, "osm_id": 120150229, "anchor_kind": "demand"}, "geometry": {"type": "Polygon", "coordinates": [[[8.36812, 49.00029], [8.36817, 49.00024], [8.36852, 49.00041], [8.36836, 49.00052], [8.36803, 49.00037], [8.36812, 49.00029]]]}}, {"type": "Feature", "properties": {"area_ha": 0.242, "dist_km": 2.068, "node": "Daxlanden", "node_mw": 500, "osm_id": 120150280, "anchor_kind": "demand"}, "geometry": {"type": "Polygon", "coordinates": [[[8.36736, 48.99923], [8.36726, 48.99932], [8.36731, 48.99935], [8.36681, 48.99981], [8.36668, 48.99975], [8.36653, 48.99967], [8.36652, 48.99967], [8.36703, 48.9992], [8.36706, 48.99922], [8.36723, 48.99907], [8.3672, 48.99906], [8.3674, 48.99887], [8.36741, 48.99888], [8.36744, 48.99889], [8.36747, 48.99893], [8.36747, 48.99894], [8.36749, 48.99898], [8.36748, 48.99905], [8.36746, 48.9991], [8.36744, 48.99914], [8.36739, 48.9992], [8.36736, 48.99923]]]}}, {"type": "Feature", "properties": {"area_ha": 0.011, "dist_km": 2.149, "node": "Daxlanden", "node_mw": 500, "osm_id": 120150322, "anchor_kind": "demand"}, "geometry": {"type": "Polygon", "coordinates": [[[8.36845, 48.99926], [8.36828, 48.99918], [8.36822, 48.99924], [8.36839, 48.99932], [8.36845, 48.99926]]]}}, {"type": "Feature", "properties": {"area_ha": 0.262, "dist_km": 2.459, "node": "Daxlanden", "node_mw": 500, "osm_id": 120175266, "anchor_kind": "demand"}, "geometry": {"type": "Polygon", "coordinates": [[[8.37172, 48.99544], [8.37176, 48.99546], [8.37204, 48.99559], [8.37203, 48.9956], [8.37184, 48.99577], [8.37162, 48.99596], [8.37106, 48.99569], [8.37148, 48.99532], [8.37172, 48.99544]]]}}, {"type": "Feature", "properties": {"area_ha": 0.34, "dist_km": 2.667, "node": "Daxlanden", "node_mw": 500, "osm_id": 120197056, "anchor_kind": "demand"}, "geometry": {"type": "Polygon", "coordinates": [[[8.37362, 48.99343], [8.37385, 48.99353], [8.37388, 48.9935], [8.37405, 48.99357], [8.37403, 48.9936], [8.37422, 48.99368], [8.37374, 48.99416], [8.37314, 48.9939], [8.37362, 48.99343]]]}}, {"type": "Feature", "properties": {"area_ha": 0.061, "dist_km": 2.563, "node": "Daxlanden", "node_mw": 500, "osm_id": 120197074, "anchor_kind": "demand"}, "geometry": {"type": "Polygon", "coordinates": [[[8.3728, 48.99467], [8.37308, 48.99479], [8.37289, 48.99498], [8.37261, 48.99486], [8.3728, 48.99467]]]}}, {"type": "Feature", "properties": {"area_ha": 0.158, "dist_km": 1.669, "node": "Daxlanden", "node_mw": 500, "osm_id": 122164524, "anchor_kind": "demand"}, "geometry": {"type": "Polygon", "coordinates": [[[8.36111, 49.00254], [8.36113, 49.0026], [8.36175, 49.00278], [8.36184, 49.0027], [8.36189, 49.00272], [8.36232, 49.00234], [8.36219, 49.00207], [8.36203, 49.0021], [8.36214, 49.00233], [8.36176, 49.00266], [8.36127, 49.00252], [8.36111, 49.00254]]]}}, {"type": "Feature", "properties": {"area_ha": 0.89, "dist_km": 1.507, "node": "Daxlanden", "node_mw": 500, "osm_id": 122164526, "anchor_kind": "demand"}, "geometry": {"type": "Polygon", "coordinates": [[[8.36006, 49.00042], [8.35915, 49.00069], [8.3591, 49.00062], [8.35899, 49.00066], [8.35969, 49.00168], [8.35981, 49.00164], [8.35976, 49.00156], [8.36066, 49.00129], [8.36006, 49.00042]]]}}, {"type": "Feature", "properties": {"area_ha": 0.073, "dist_km": 1.666, "node": "Daxlanden", "node_mw": 500, "osm_id": 122164537, "anchor_kind": "demand"}, "geometry": {"type": "Polygon", "coordinates": [[[8.3612, 48.9986], [8.36126, 48.99858], [8.36125, 48.99857], [8.36164, 48.99845], [8.36165, 48.99846], [8.36184, 48.9984], [8.36186, 48.99843], [8.36185, 48.99843], [8.36191, 48.99852], [8.36134, 48.99869], [8.36132, 48.99867], [8.36126, 48.99869], [8.3612, 48.9986]]]}}, {"type": "Feature", "properties": {"area_ha": 0.198, "dist_km": 1.434, "node": "Daxlanden", "node_mw": 500, "osm_id": 122164621, "anchor_kind": "demand"}, "geometry": {"type": "Polygon", "coordinates": [[[8.35813, 49.00012], [8.35799, 48.99992], [8.35904, 48.99961], [8.35917, 48.9998], [8.35813, 49.00012]]]}}, {"type": "Feature", "properties": {"area_ha": 0.09, "dist_km": 1.656, "node": "Daxlanden", "node_mw": 500, "osm_id": 122164715, "anchor_kind": "demand"}, "geometry": {"type": "Polygon", "coordinates": [[[8.3613, 49.00221], [8.36138, 49.0024], [8.36144, 49.00238], [8.36186, 49.00231], [8.36192, 49.0023], [8.36184, 49.00211], [8.3613, 49.00221]]]}}, {"type": "Feature", "properties": {"area_ha": 0.114, "dist_km": 1.469, "node": "Daxlanden", "node_mw": 500, "osm_id": 122164764, "anchor_kind": "demand"}, "geometry": {"type": "Polygon", "coordinates": [[[8.3587, 49.00004], [8.3593, 48.99987], [8.35943, 49.00006], [8.35918, 49.00014], [8.35919, 49.00015], [8.35904, 49.00019], [8.35903, 49.00018], [8.35884, 49.00024], [8.3587, 49.00004]]]}}, {"type": "Feature", "properties": {"area_ha": 0.002, "dist_km": 1.722, "node": "Daxlanden", "node_mw": 500, "osm_id": 122191172, "anchor_kind": "demand"}, "geometry": {"type": "Polygon", "coordinates": [[[8.36259, 49.00153], [8.36255, 49.00154], [8.36258, 49.00159], [8.36261, 49.00159], [8.36259, 49.00153]]]}}, {"type": "Feature", "properties": {"area_ha": 0.141, "dist_km": 1.385, "node": "Daxlanden", "node_mw": 500, "osm_id": 122261338, "anchor_kind": "demand"}, "geometry": {"type": "Polygon", "coordinates": [[[8.35732, 48.99835], [8.35784, 48.99818], [8.35799, 48.99837], [8.35786, 48.99842], [8.35792, 48.99848], [8.35767, 48.99857], [8.35767, 48.99857], [8.35753, 48.99862], [8.3575, 48.99859], [8.3574, 48.99862], [8.35735, 48.99855], [8.35745, 48.99851], [8.35742, 48.99848], [8.35738, 48.99843], [8.35732, 48.99835]]]}}, {"type": "Feature", "properties": {"area_ha": 0.025, "dist_km": 1.392, "node": "Daxlanden", "node_mw": 500, "osm_id": 122261381, "anchor_kind": "demand"}, "geometry": {"type": "Polygon", "coordinates": [[[8.35805, 49.00078], [8.35818, 49.00076], [8.3581, 49.00053], [8.35797, 49.00056], [8.35805, 49.00078]]]}}, {"type": "Feature", "properties": {"area_ha": 0.078, "dist_km": 1.244, "node": "Daxlanden", "node_mw": 500, "osm_id": 122261391, "anchor_kind": "demand"}, "geometry": {"type": "Polygon", "coordinates": [[[8.35608, 49.00031], [8.35586, 49.00034], [8.35601, 49.00076], [8.35623, 49.00073], [8.35608, 49.00031]]]}}, {"type": "Feature", "properties": {"area_ha": 0.184, "dist_km": 1.399, "node": "Daxlanden", "node_mw": 500, "osm_id": 122261413, "anchor_kind": "demand"}, "geometry": {"type": "Polygon", "coordinates": [[[8.35761, 48.99888], [8.3577, 48.99885], [8.35801, 48.99876], [8.35817, 48.99871], [8.3584, 48.99906], [8.35783, 48.99921], [8.35761, 48.99888], [8.35761, 48.99888]]]}}, {"type": "Feature", "properties": {"area_ha": 0.183, "dist_km": 1.286, "node": "Daxlanden", "node_mw": 500, "osm_id": 122261421, "anchor_kind": "demand"}, "geometry": {"type": "Polygon", "coordinates": [[[8.35649, 49.00025], [8.35608, 49.00031], [8.35623, 49.00073], [8.35698, 49.00061], [8.35694, 49.0005], [8.35694, 49.00049], [8.35659, 49.00054], [8.35649, 49.00025]]]}}, {"type": "Feature", "properties": {"area_ha": 1.306, "dist_km": 1.346, "node": "Daxlanden", "node_mw": 500, "osm_id": 122261425, "anchor_kind": "demand"}, "geometry": {"type": "Polygon", "coordinates": [[[8.35718, 49.00228], [8.35721, 49.00227], [8.35727, 49.00226], [8.35744, 49.00223], [8.35852, 49.00206], [8.35805, 49.00078], [8.35797, 49.00056], [8.35717, 49.00068], [8.35748, 49.00151], [8.35751, 49.00161], [8.357, 49.00169], [8.35696, 49.00169], [8.35698, 49.00174], [8.3571, 49.00206], [8.35718, 49.00228]]]}}, {"type": "Feature", "properties": {"area_ha": 0.126, "dist_km": 0.5, "node": "Daxlanden", "node_mw": 500, "osm_id": 123231027, "anchor_kind": "demand"}, "geometry": {"type": "Polygon", "coordinates": [[[8.34383, 48.99772], [8.34378, 48.99773], [8.34388, 48.99819], [8.34421, 48.99815], [8.34411, 48.9977], [8.34383, 48.99772]]]}}, {"type": "Feature", "properties": {"area_ha": 0.081, "dist_km": 0.54, "node": "Daxlanden", "node_mw": 500, "osm_id": 123231028, "anchor_kind": "demand"}, "geometry": {"type": "Polygon", "coordinates": [[[8.34584, 48.99919], [8.34605, 48.9991], [8.34569, 48.99877], [8.34549, 48.99886], [8.3456, 48.99897], [8.34584, 48.99919]]]}}, {"type": "Feature", "properties": {"area_ha": 0.049, "dist_km": 1.395, "node": "Daxlanden", "node_mw": 500, "osm_id": 123529229, "anchor_kind": "demand"}, "geometry": {"type": "Polygon", "coordinates": [[[8.35719, 49.00448], [8.35727, 49.00447], [8.35737, 49.00445], [8.35745, 49.00444], [8.35758, 49.00443], [8.35763, 49.00442], [8.35761, 49.00434], [8.35759, 49.00429], [8.35715, 49.00435], [8.35717, 49.00443], [8.35719, 49.00448]]]}}, {"type": "Feature", "properties": {"area_ha": 0.055, "dist_km": 1.37, "node": "Daxlanden", "node_mw": 500, "osm_id": 123529271, "anchor_kind": "demand"}, "geometry": {"type": "Polygon", "coordinates": [[[8.35744, 49.00348], [8.35739, 49.00322], [8.35734, 49.00322], [8.35732, 49.00313], [8.35753, 49.00311], [8.35754, 49.00316], [8.35756, 49.00316], [8.35762, 49.00346], [8.35744, 49.00348]]]}}, {"type": "Feature", "properties": {"area_ha": 0.649, "dist_km": 2.376, "node": "Daxlanden", "node_mw": 500, "osm_id": 123661052, "anchor_kind": "demand"}, "geometry": {"type": "Polygon", "coordinates": [[[8.37054, 48.99451], [8.37042, 48.9945], [8.37047, 48.99431], [8.37028, 48.99429], [8.36971, 48.99422], [8.36966, 48.99441], [8.36964, 48.99447], [8.36962, 48.99453], [8.3696, 48.99459], [8.36959, 48.99465], [8.36957, 48.99472], [8.36955, 48.99478], [8.36953, 48.99484], [8.36952, 48.9949], [8.3695, 48.99496], [8.36945, 48.99515], [8.37021, 48.99524], [8.37026, 48.99506], [8.37038, 48.99507], [8.3704, 48.99501], [8.37041, 48.99495], [8.37043, 48.99488], [8.37045, 48.99482], [8.37045, 48.99481], [8.37046, 48.99478], [8.37047, 48.99476], [8.37047, 48.99475], [8.37048, 48.99471], [8.37048, 48.9947], [8.37049, 48.99468], [8.3705, 48.99465], [8.3705, 48.99464], [8.37051, 48.99462], [8.37052, 48.99458], [8.37054, 48.99451]]]}}, {"type": "Feature", "properties": {"area_ha": 0.106, "dist_km": 2.778, "node": "Daxlanden", "node_mw": 500, "osm_id": 123792647, "anchor_kind": "demand"}, "geometry": {"type": "Polygon", "coordinates": [[[8.37445, 48.99169], [8.3741, 48.99184], [8.37398, 48.99171], [8.37405, 48.99168], [8.37394, 48.99157], [8.37435, 48.99139], [8.37442, 48.99146], [8.37446, 48.9915], [8.37433, 48.99156], [8.37436, 48.99159], [8.37438, 48.99158], [8.37441, 48.99161], [8.37438, 48.99162], [8.37445, 48.99169]]]}}, {"type": "Feature", "properties": {"area_ha": 0.027, "dist_km": 2.612, "node": "Daxlanden", "node_mw": 500, "osm_id": 123792669, "anchor_kind": "demand"}, "geometry": {"type": "Polygon", "coordinates": [[[8.37158, 48.99139], [8.37145, 48.99126], [8.37162, 48.99119], [8.37175, 48.99132], [8.37158, 48.99139]]]}}, {"type": "Feature", "properties": {"area_ha": 0.15, "dist_km": 2.531, "node": "Daxlanden", "node_mw": 500, "osm_id": 123792689, "anchor_kind": "demand"}, "geometry": {"type": "Polygon", "coordinates": [[[8.3713, 48.99318], [8.37163, 48.993], [8.37164, 48.99301], [8.37205, 48.99333], [8.37172, 48.99351], [8.37166, 48.99346], [8.37136, 48.99323], [8.3713, 48.99318]]]}}, {"type": "Feature", "properties": {"area_ha": 0.01, "dist_km": 2.361, "node": "Daxlanden", "node_mw": 500, "osm_id": 124238479, "anchor_kind": "demand"}, "geometry": {"type": "Polygon", "coordinates": [[[8.32406, 48.98221], [8.32407, 48.98222], [8.32402, 48.98226], [8.324, 48.98225], [8.32399, 48.98226], [8.32396, 48.98225], [8.32398, 48.98224], [8.32392, 48.98221], [8.32385, 48.98217], [8.32385, 48.98216], [8.32388, 48.98214], [8.3239, 48.98212], [8.3239, 48.98213], [8.32406, 48.98221]]]}}, {"type": "Feature", "properties": {"area_ha": 0.133, "dist_km": 2.361, "node": "Daxlanden", "node_mw": 500, "osm_id": 124238484, "anchor_kind": "demand"}, "geometry": {"type": "Polygon", "coordinates": [[[8.32433, 48.98211], [8.32409, 48.9822], [8.32406, 48.98221], [8.3239, 48.98213], [8.32398, 48.98208], [8.32474, 48.98179], [8.32485, 48.98191], [8.32491, 48.98198], [8.32455, 48.98212], [8.32448, 48.98205], [8.32444, 48.98207], [8.32433, 48.98211]]]}}, {"type": "Feature", "properties": {"area_ha": 0.002, "dist_km": 2.371, "node": "Daxlanden", "node_mw": 500, "osm_id": 124238503, "anchor_kind": "demand"}, "geometry": {"type": "Polygon", "coordinates": [[[8.32388, 48.98214], [8.32383, 48.98211], [8.32379, 48.98213], [8.32385, 48.98216], [8.32388, 48.98214]]]}}, {"type": "Feature", "properties": {"area_ha": 0.052, "dist_km": 2.257, "node": "Daxlanden", "node_mw": 500, "osm_id": 124238609, "anchor_kind": "demand"}, "geometry": {"type": "Polygon", "coordinates": [[[8.32548, 48.98285], [8.32531, 48.98271], [8.3253, 48.98271], [8.32519, 48.98277], [8.32503, 48.98285], [8.32521, 48.98299], [8.32548, 48.98285]]]}}, {"type": "Feature", "properties": {"area_ha": 0.093, "dist_km": 1.659, "node": "Daxlanden", "node_mw": 500, "osm_id": 130435665, "anchor_kind": "demand"}, "geometry": {"type": "Polygon", "coordinates": [[[8.34806, 49.01477], [8.34885, 49.01454], [8.34886, 49.01455], [8.3489, 49.01453], [8.34882, 49.01442], [8.34853, 49.01451], [8.34852, 49.01449], [8.34849, 49.0145], [8.3485, 49.01452], [8.34841, 49.01454], [8.3484, 49.01453], [8.34798, 49.01465], [8.34806, 49.01477]]]}}, {"type": "Feature", "properties": {"area_ha": 0.173, "dist_km": 1.644, "node": "Daxlanden", "node_mw": 500, "osm_id": 130435675, "anchor_kind": "demand"}, "geometry": {"type": "Polygon", "coordinates": [[[8.34798, 49.01465], [8.34784, 49.0147], [8.34784, 49.0147], [8.34782, 49.01471], [8.34782, 49.0147], [8.34773, 49.01473], [8.34754, 49.01479], [8.34754, 49.01479], [8.34753, 49.01478], [8.34752, 49.01477], [8.34753, 49.01477], [8.34749, 49.01471], [8.34748, 49.01472], [8.34744, 49.01465], [8.34745, 49.01465], [8.34741, 49.0146], [8.3474, 49.0146], [8.34739, 49.01459], [8.34743, 49.01457], [8.34769, 49.0145], [8.34825, 49.01433], [8.34827, 49.01432], [8.34832, 49.0144], [8.34841, 49.01453], [8.3484, 49.01453], [8.34798, 49.01465]]]}}, {"type": "Feature", "properties": {"area_ha": 0.066, "dist_km": 1.619, "node": "Daxlanden", "node_mw": 500, "osm_id": 130435698, "anchor_kind": "demand"}, "geometry": {"type": "Polygon", "coordinates": [[[8.34761, 49.01438], [8.34772, 49.01434], [8.34788, 49.01429], [8.34817, 49.01421], [8.34825, 49.01433], [8.34769, 49.0145], [8.34761, 49.01438]]]}}, {"type": "Feature", "properties": {"area_ha": 0.015, "dist_km": 1.07, "node": "Daxlanden", "node_mw": 500, "osm_id": 130445895, "anchor_kind": "demand"}, "geometry": {"type": "Polygon", "coordinates": [[[8.33607, 49.01035], [8.33611, 49.01033], [8.33622, 49.01044], [8.33626, 49.01043], [8.3363, 49.01047], [8.33611, 49.01055], [8.33607, 49.01051], [8.33618, 49.01046], [8.33607, 49.01035]]]}}, {"type": "Feature", "properties": {"area_ha": 0.078, "dist_km": 1.871, "node": "Daxlanden", "node_mw": 500, "osm_id": 130576187, "anchor_kind": "demand"}, "geometry": {"type": "Polygon", "coordinates": [[[8.34408, 49.01745], [8.34415, 49.01742], [8.34413, 49.01741], [8.34416, 49.01739], [8.34417, 49.0174], [8.34428, 49.01734], [8.34436, 49.01741], [8.34433, 49.01742], [8.34467, 49.01769], [8.3445, 49.01778], [8.34408, 49.01745]]]}}, {"type": "Feature", "properties": {"area_ha": 0.057, "dist_km": 1.921, "node": "Daxlanden", "node_mw": 500, "osm_id": 130576192, "anchor_kind": "demand"}, "geometry": {"type": "Polygon", "coordinates": [[[8.34245, 49.01795], [8.34257, 49.01806], [8.34223, 49.01824], [8.34208, 49.01831], [8.34199, 49.01823], [8.34224, 49.01809], [8.34245, 49.01795]]]}}, {"type": "Feature", "properties": {"area_ha": 0.004, "dist_km": 2.286, "node": "Daxlanden", "node_mw": 500, "osm_id": 130576195, "anchor_kind": "demand"}, "geometry": {"type": "Polygon", "coordinates": [[[8.33796, 49.02152], [8.33805, 49.02152], [8.33804, 49.02157], [8.33795, 49.02157], [8.33796, 49.02152]]]}}, {"type": "Feature", "properties": {"area_ha": 0.008, "dist_km": 1.912, "node": "Daxlanden", "node_mw": 500, "osm_id": 130576216, "anchor_kind": "demand"}, "geometry": {"type": "Polygon", "coordinates": [[[8.34309, 49.01798], [8.34322, 49.01791], [8.34327, 49.01796], [8.34314, 49.01803], [8.34309, 49.01798]]]}}, {"type": "Feature", "properties": {"area_ha": 0.019, "dist_km": 1.941, "node": "Daxlanden", "node_mw": 500, "osm_id": 130576218, "anchor_kind": "demand"}, "geometry": {"type": "Polygon", "coordinates": [[[8.34246, 49.01832], [8.34267, 49.01821], [8.34275, 49.01827], [8.34254, 49.01839], [8.34246, 49.01832]]]}}, {"type": "Feature", "properties": {"area_ha": 0.025, "dist_km": 1.956, "node": "Daxlanden", "node_mw": 500, "osm_id": 130576237, "anchor_kind": "demand"}, "geometry": {"type": "Polygon", "coordinates": [[[8.34217, 49.01843], [8.34247, 49.01838], [8.3425, 49.01845], [8.34201, 49.01854], [8.34199, 49.0185], [8.34219, 49.01847], [8.34217, 49.01843]]]}}, {"type": "Feature", "properties": {"area_ha": 0.071, "dist_km": 1.856, "node": "Daxlanden", "node_mw": 500, "osm_id": 130576240, "anchor_kind": "demand"}, "geometry": {"type": "Polygon", "coordinates": [[[8.34322, 49.01747], [8.34315, 49.01742], [8.34349, 49.01724], [8.34368, 49.01739], [8.34334, 49.01757], [8.34331, 49.01755], [8.34322, 49.01747]]]}}, {"type": "Feature", "properties": {"area_ha": 0.015, "dist_km": 2.161, "node": "Daxlanden", "node_mw": 500, "osm_id": 130654289, "anchor_kind": "demand"}, "geometry": {"type": "Polygon", "coordinates": [[[8.34179, 49.02036], [8.34181, 49.02037], [8.3418, 49.02038], [8.34181, 49.02039], [8.34182, 49.02039], [8.34182, 49.02039], [8.34194, 49.02033], [8.34202, 49.02029], [8.34205, 49.02028], [8.34199, 49.02023], [8.34176, 49.02033], [8.34177, 49.02034], [8.34179, 49.02036]]]}}, {"type": "Feature", "properties": {"area_ha": 0.242, "dist_km": 2.182, "node": "Daxlanden", "node_mw": 500, "osm_id": 130654290, "anchor_kind": "demand"}, "geometry": {"type": "Polygon", "coordinates": [[[8.34234, 49.02098], [8.34271, 49.0208], [8.34266, 49.02076], [8.34214, 49.02028], [8.34206, 49.02032], [8.34202, 49.02029], [8.34194, 49.02033], [8.34197, 49.02036], [8.34177, 49.02046], [8.34234, 49.02098]]]}}, {"type": "Feature", "properties": {"area_ha": 0.121, "dist_km": 2.165, "node": "Daxlanden", "node_mw": 500, "osm_id": 130654312, "anchor_kind": "demand"}, "geometry": {"type": "Polygon", "coordinates": [[[8.34351, 49.0204], [8.34357, 49.02037], [8.34363, 49.02043], [8.34369, 49.0204], [8.34363, 49.02034], [8.34369, 49.02032], [8.34312, 49.0198], [8.34294, 49.01989], [8.34351, 49.0204]]]}}, {"type": "Feature", "properties": {"area_ha": 0.005, "dist_km": 2.756, "node": "Daxlanden", "node_mw": 500, "osm_id": 131880652, "anchor_kind": "demand"}, "geometry": {"type": "Polygon", "coordinates": [[[8.36178, 49.02074], [8.36187, 49.0207], [8.36191, 49.02075], [8.36182, 49.02078], [8.36178, 49.02074]]]}}, {"type": "Feature", "properties": {"area_ha": 1.028, "dist_km": 1.61, "node": "Daxlanden", "node_mw": 500, "osm_id": 132833515, "anchor_kind": "demand"}, "geometry": {"type": "Polygon", "coordinates": [[[8.35693, 49.00848], [8.35689, 49.00852], [8.35687, 49.00855], [8.35686, 49.00859], [8.35686, 49.00863], [8.35686, 49.00866], [8.35686, 49.00871], [8.35685, 49.00874], [8.35684, 49.00877], [8.35681, 49.00879], [8.35678, 49.00881], [8.35734, 49.00873], [8.35823, 49.00859], [8.35886, 49.00848], [8.35914, 49.00841], [8.35923, 49.00835], [8.35928, 49.0083], [8.3593, 49.00822], [8.35928, 49.00816], [8.35924, 49.00811], [8.35919, 49.00806], [8.35914, 49.00804], [8.35908, 49.00801], [8.35897, 49.00798], [8.35887, 49.00798], [8.35872, 49.00798], [8.35795, 49.00802], [8.35785, 49.008], [8.3577, 49.00797], [8.35766, 49.00796], [8.35693, 49.00848]]]}}, {"type": "Feature", "properties": {"area_ha": 0.112, "dist_km": 1.833, "node": "Ragow (RAG)", "node_mw": 500, "osm_id": 136758245, "anchor_kind": "demand"}, "geometry": {"type": "Polygon", "coordinates": [[[13.92376, 51.86478], [13.92368, 51.86462], [13.92333, 51.86469], [13.92352, 51.86507], [13.92387, 51.865], [13.92386, 51.86498], [13.92376, 51.86478]]]}}, {"type": "Feature", "properties": {"area_ha": 0.053, "dist_km": 0.313, "node": "Ragow (RAG)", "node_mw": 500, "osm_id": 136778719, "anchor_kind": "demand"}, "geometry": {"type": "Polygon", "coordinates": [[[13.9079, 51.87487], [13.90812, 51.87495], [13.90834, 51.87471], [13.90811, 51.87464], [13.9079, 51.87487]]]}}, {"type": "Feature", "properties": {"area_ha": 0.909, "dist_km": 2.75, "node": "Daxlanden", "node_mw": 500, "osm_id": 138293896, "anchor_kind": "demand"}, "geometry": {"type": "Polygon", "coordinates": [[[8.37416, 48.99112], [8.37429, 48.99107], [8.37423, 48.991], [8.3738, 48.99055], [8.37376, 48.9905], [8.37373, 48.99047], [8.37383, 48.99042], [8.3738, 48.99039], [8.37365, 48.99045], [8.37367, 48.99046], [8.37356, 48.9905], [8.37357, 48.99052], [8.37331, 48.99063], [8.37334, 48.99065], [8.37214, 48.99114], [8.37266, 48.9917], [8.37281, 48.99164], [8.37274, 48.99156], [8.37295, 48.99147], [8.37294, 48.99146], [8.37305, 48.99141], [8.37307, 48.99144], [8.37363, 48.99121], [8.3736, 48.99118], [8.37404, 48.991], [8.37416, 48.99112]]]}}, {"type": "Feature", "properties": {"area_ha": 2.381, "dist_km": 1.861, "node": "Daxlanden", "node_mw": 500, "osm_id": 142386505, "anchor_kind": "demand"}, "geometry": {"type": "Polygon", "coordinates": [[[8.34868, 49.01526], [8.34809, 49.01548], [8.34812, 49.0158], [8.34813, 49.01592], [8.34809, 49.01598], [8.34805, 49.01602], [8.34802, 49.01605], [8.34797, 49.01608], [8.34791, 49.01612], [8.34782, 49.01615], [8.34776, 49.01616], [8.34768, 49.01617], [8.34762, 49.01617], [8.34755, 49.01618], [8.34749, 49.0162], [8.34742, 49.01624], [8.34737, 49.01628], [8.34734, 49.01633], [8.34733, 49.01637], [8.3473, 49.01646], [8.34728, 49.01659], [8.34722, 49.01694], [8.34719, 49.01708], [8.3479, 49.01714], [8.34775, 49.01753], [8.34712, 49.01744], [8.34708, 49.01777], [8.34709, 49.01779], [8.34712, 49.0178], [8.34726, 49.01783], [8.34736, 49.01784], [8.34733, 49.01791], [8.34725, 49.01816], [8.348, 49.01827], [8.34813, 49.01795], [8.34821, 49.01781], [8.3483, 49.01758], [8.3484, 49.01725], [8.34846, 49.01706], [8.34913, 49.01526], [8.34887, 49.01522], [8.34868, 49.01526]]]}}, {"type": "Feature", "properties": {"area_ha": 29.374, "dist_km": 2.724, "node": "Daxlanden", "node_mw": 500, "osm_id": 152261126, "anchor_kind": "demand"}, "geometry": {"type": "Polygon", "coordinates": [[[8.30776, 49.01089], [8.30778, 49.0109], [8.30779, 49.01091], [8.30782, 49.01091], [8.30785, 49.01091], [8.30787, 49.01093], [8.30788, 49.01094], [8.30791, 49.01095], [8.30793, 49.01095], [8.30803, 49.01096], [8.30818, 49.01097], [8.30843, 49.01101], [8.30859, 49.01106], [8.30873, 49.01111], [8.30885, 49.01115], [8.309, 49.01123], [8.3091, 49.0113], [8.30919, 49.01137], [8.30924, 49.01141], [8.3093, 49.01147], [8.3094, 49.01158], [8.30946, 49.01168], [8.30952, 49.01181], [8.30955, 49.01191], [8.30956, 49.01202], [8.30965, 49.01367], [8.30943, 49.01364], [8.30942, 49.01366], [8.30941, 49.01368], [8.30937, 49.01371], [8.30934, 49.01372], [8.3093, 49.01373], [8.30919, 49.01373], [8.30919, 49.01378], [8.30917, 49.01378], [8.30915, 49.01378], [8.30915, 49.01385], [8.30921, 49.01385], [8.30921, 49.01386], [8.30929, 49.01386], [8.3093, 49.01391], [8.30958, 49.01391], [8.30959, 49.01403], [8.30961, 49.01412], [8.30967, 49.01433], [8.30958, 49.01433], [8.30958, 49.01435], [8.30958, 49.0144], [8.30958, 49.0144], [8.3096, 49.0144], [8.30962, 49.0144], [8.30963, 49.0144], [8.30964, 49.0144], [8.30969, 49.0144], [8.30972, 49.01451], [8.30978, 49.01462], [8.30988, 49.01476], [8.30997, 49.01487], [8.30998, 49.01488], [8.30988, 49.01498], [8.3099, 49.01537], [8.30986, 49.01537], [8.30987, 49.01544], [8.30929, 49.01545], [8.30929, 49.01547], [8.3093, 49.01552], [8.3093, 49.01554], [8.30907, 49.01554], [8.3088, 49.01554], [8.30879, 49.01554], [8.30849, 49.01555], [8.30849, 49.01558], [8.30849, 49.01564], [8.30719, 49.01567], [8.30719, 49.01569], [8.30719, 49.01573], [8.30332, 49.01581], [8.30297, 49.01582], [8.30296, 49.01576], [8.30287, 49.01576], [8.30287, 49.01573], [8.30232, 49.01575], [8.30229, 49.01574], [8.30226, 49.01573], [8.30224, 49.01571], [8.30221, 49.01568], [8.30208, 49.01532], [8.30213, 49.01528], [8.3017, 49.01413], [8.30152, 49.01375], [8.30158, 49.01374], [8.3013, 49.01303], [8.30091, 49.01195], [8.3009, 49.01179], [8.30087, 49.01179], [8.30087, 49.01175], [8.30091, 49.01169], [8.30099, 49.01168], [8.3012, 49.01167], [8.30139, 49.01166], [8.30139, 49.01168], [8.30149, 49.01168], [8.30149, 49.01166], [8.30149, 49.01164], [8.30234, 49.01152], [8.30238, 49.01157], [8.30253, 49.01157], [8.30253, 49.01154], [8.30253, 49.0115], [8.30315, 49.01143], [8.3034, 49.01137], [8.30343, 49.0114], [8.30345, 49.01142], [8.3036, 49.01135], [8.30374, 49.01133], [8.30384, 49.01133], [8.30392, 49.01133], [8.30393, 49.01131], [8.30395, 49.0113], [8.30401, 49.01127], [8.30408, 49.01126], [8.30411, 49.01127], [8.30415, 49.01128], [8.30418, 49.01124], [8.30424, 49.01122], [8.30437, 49.0112], [8.30448, 49.01118], [8.30452, 49.01131], [8.30454, 49.01138], [8.30514, 49.01129], [8.30722, 49.01095], [8.30719, 49.01086], [8.30731, 49.0109], [8.30737, 49.0109], [8.30755, 49.0109], [8.30776, 49.01089]]]}}, {"type": "Feature", "properties": {"area_ha": 0.594, "dist_km": 1.035, "node": "Daxlanden", "node_mw": 500, "osm_id": 160218824, "anchor_kind": "demand"}, "geometry": {"type": "Polygon", "coordinates": [[[8.32407, 49.00208], [8.32519, 49.00183], [8.32551, 49.0024], [8.32538, 49.00243], [8.32539, 49.00245], [8.32472, 49.00261], [8.32445, 49.00267], [8.32407, 49.00208]]]}}, {"type": "Feature", "properties": {"area_ha": 2.436, "dist_km": 1.56, "node": "Daxlanden", "node_mw": 500, "osm_id": 160742149, "anchor_kind": "demand"}, "geometry": {"type": "Polygon", "coordinates": [[[8.35902, 49.00414], [8.35918, 49.00397], [8.35929, 49.00384], [8.35936, 49.00374], [8.35944, 49.00359], [8.35958, 49.00333], [8.35976, 49.00272], [8.35983, 49.00275], [8.35996, 49.00281], [8.36009, 49.00285], [8.36033, 49.0029], [8.36076, 49.003], [8.36124, 49.00313], [8.36133, 49.00314], [8.3614, 49.00313], [8.36144, 49.00314], [8.36146, 49.00317], [8.36142, 49.00321], [8.35989, 49.00458], [8.35986, 49.00459], [8.35984, 49.00458], [8.35981, 49.00458], [8.35976, 49.00463], [8.35976, 49.00464], [8.35976, 49.00465], [8.35978, 49.00467], [8.3598, 49.00469], [8.3598, 49.0047], [8.3598, 49.00472], [8.3598, 49.00473], [8.35978, 49.00475], [8.35971, 49.00482], [8.35952, 49.00498], [8.35931, 49.00517], [8.35927, 49.00516], [8.35835, 49.00472], [8.35855, 49.00456], [8.3587, 49.00442], [8.35902, 49.00414]]]}}, {"type": "Feature", "properties": {"area_ha": 0.986, "dist_km": 1.628, "node": "Daxlanden", "node_mw": 500, "osm_id": 160742597, "anchor_kind": "demand"}, "geometry": {"type": "Polygon", "coordinates": [[[8.36181, 49.00282], [8.36192, 49.00273], [8.36235, 49.00236], [8.36236, 49.00233], [8.36236, 49.00232], [8.36234, 49.00229], [8.36233, 49.00227], [8.3622, 49.00206], [8.36213, 49.00204], [8.36183, 49.00209], [8.36128, 49.0022], [8.36091, 49.00228], [8.3607, 49.00233], [8.36056, 49.00237], [8.36032, 49.00245], [8.36028, 49.00247], [8.36026, 49.00249], [8.36025, 49.00253], [8.36026, 49.00256], [8.36027, 49.00259], [8.36028, 49.00262], [8.36031, 49.00265], [8.36034, 49.00268], [8.36039, 49.00271], [8.36045, 49.00274], [8.3605, 49.00276], [8.36134, 49.003], [8.36139, 49.00301], [8.36144, 49.00301], [8.36149, 49.003], [8.36154, 49.00299], [8.3616, 49.00296], [8.36165, 49.00293], [8.36181, 49.00282]]]}}, {"type": "Feature", "properties": {"area_ha": 5.508, "dist_km": 1.381, "node": "Daxlanden", "node_mw": 500, "osm_id": 160832479, "anchor_kind": "demand"}, "geometry": {"type": "Polygon", "coordinates": [[[8.35693, 48.99992], [8.35496, 49.00022], [8.35554, 49.00181], [8.35692, 49.00159], [8.35698, 49.00174], [8.3571, 49.00206], [8.35718, 49.00228], [8.35727, 49.00226], [8.35731, 49.00238], [8.35733, 49.00242], [8.35738, 49.00256], [8.35728, 49.00257], [8.35736, 49.00281], [8.35819, 49.00273], [8.35861, 49.00268], [8.35878, 49.00265], [8.35897, 49.00262], [8.35928, 49.00254], [8.3594, 49.00251], [8.35942, 49.00249], [8.35943, 49.00248], [8.35943, 49.00245], [8.35941, 49.00243], [8.35933, 49.0023], [8.35932, 49.0023], [8.3581, 49.00047], [8.35717, 49.00061], [8.35703, 49.0002], [8.35695, 48.99997], [8.35693, 48.99992]]]}}, {"type": "Feature", "properties": {"area_ha": 14.872, "dist_km": 1.543, "node": "Daxlanden", "node_mw": 500, "osm_id": 160973194, "anchor_kind": "demand"}, "geometry": {"type": "Polygon", "coordinates": [[[8.3631, 49.00148], [8.36255, 48.99982], [8.36203, 48.99842], [8.36175, 48.99763], [8.36168, 48.99746], [8.36145, 48.9975], [8.36135, 48.99731], [8.36122, 48.99735], [8.36115, 48.99727], [8.36056, 48.99748], [8.36033, 48.9972], [8.36023, 48.99723], [8.36028, 48.99729], [8.35955, 48.99755], [8.36038, 48.99852], [8.36061, 48.99881], [8.36001, 48.99902], [8.35978, 48.99874], [8.35941, 48.9983], [8.35881, 48.99762], [8.35829, 48.99779], [8.35843, 48.99797], [8.35787, 48.99816], [8.35786, 48.99815], [8.35701, 48.99843], [8.35767, 48.99941], [8.35781, 48.99967], [8.35782, 48.99969], [8.35781, 48.99974], [8.35795, 48.99993], [8.3581, 49.00016], [8.35833, 49.00051], [8.35845, 49.00047], [8.3585, 49.00055], [8.3586, 49.00069], [8.35849, 49.00072], [8.35877, 49.00113], [8.35949, 49.0022], [8.35951, 49.00222], [8.35982, 49.0022], [8.36012, 49.00217], [8.36035, 49.00213], [8.36034, 49.00211], [8.36049, 49.00207], [8.36051, 49.00209], [8.36124, 49.00194], [8.36161, 49.00187], [8.36223, 49.00174], [8.36258, 49.00166], [8.36258, 49.0016], [8.36261, 49.00159], [8.36302, 49.00151], [8.36307, 49.0015], [8.3631, 49.00148]]]}}, {"type": "Feature", "properties": {"area_ha": 3.651, "dist_km": 1.763, "node": "Daxlanden", "node_mw": 500, "osm_id": 161049883, "anchor_kind": "demand"}, "geometry": {"type": "Polygon", "coordinates": [[[8.36271, 49.00411], [8.36359, 49.00434], [8.36366, 49.00435], [8.36421, 49.00387], [8.36505, 49.00312], [8.36507, 49.00311], [8.36507, 49.0031], [8.36507, 49.00308], [8.36503, 49.00304], [8.36494, 49.00296], [8.36484, 49.00288], [8.36473, 49.00281], [8.36462, 49.00276], [8.36456, 49.00273], [8.36428, 49.00262], [8.3642, 49.00256], [8.3641, 49.00249], [8.36402, 49.00245], [8.36407, 49.00241], [8.3637, 49.00225], [8.36349, 49.00241], [8.36328, 49.00259], [8.36313, 49.00274], [8.36297, 49.0029], [8.36292, 49.00294], [8.36284, 49.00302], [8.36275, 49.0031], [8.36269, 49.00318], [8.36248, 49.00339], [8.36242, 49.00345], [8.36225, 49.00361], [8.3618, 49.00401], [8.36188, 49.00405], [8.36182, 49.00411], [8.36169, 49.00422], [8.36158, 49.00417], [8.36119, 49.00453], [8.36098, 49.00471], [8.36063, 49.00502], [8.36037, 49.00524], [8.36049, 49.00529], [8.36084, 49.00546], [8.36095, 49.00535], [8.36099, 49.00531], [8.36103, 49.00534], [8.3611, 49.0053], [8.36115, 49.00526], [8.3614, 49.00507], [8.36152, 49.00497], [8.36166, 49.00485], [8.36172, 49.0048], [8.36233, 49.00425], [8.36245, 49.00415], [8.36251, 49.00413], [8.36258, 49.00411], [8.36266, 49.00411], [8.36271, 49.00411]]]}}, {"type": "Feature", "properties": {"area_ha": 2.392, "dist_km": 2.052, "node": "Daxlanden", "node_mw": 500, "osm_id": 161056442, "anchor_kind": "demand"}, "geometry": {"type": "Polygon", "coordinates": [[[8.36511, 49.00094], [8.36523, 49.00083], [8.36543, 49.00066], [8.36555, 49.00056], [8.3658, 49.00034], [8.36606, 49.00009], [8.36609, 49.00007], [8.36611, 49.00005], [8.36617, 48.99999], [8.36653, 48.99967], [8.36652, 48.99967], [8.36703, 48.9992], [8.36706, 48.99922], [8.36723, 48.99907], [8.3672, 48.99906], [8.3674, 48.99887], [8.36749, 48.99879], [8.3675, 48.9988], [8.36752, 48.99878], [8.36751, 48.99877], [8.36761, 48.99868], [8.3677, 48.99872], [8.36784, 48.99877], [8.36849, 48.99908], [8.36904, 48.99935], [8.3695, 48.99958], [8.36917, 48.99989], [8.36895, 49.00008], [8.36886, 49.00015], [8.36862, 49.00034], [8.36716, 48.99965], [8.36716, 48.99965], [8.36701, 48.99978], [8.36694, 48.99985], [8.36684, 48.99981], [8.36587, 49.00067], [8.36566, 49.00086], [8.3654, 49.00108], [8.36511, 49.00094]]]}}, {"type": "Feature", "properties": {"area_ha": 7.378, "dist_km": 1.841, "node": "Daxlanden", "node_mw": 500, "osm_id": 161077919, "anchor_kind": "demand"}, "geometry": {"type": "Polygon", "coordinates": [[[8.36329, 49.00142], [8.36317, 49.00105], [8.36316, 49.00101], [8.363, 49.00052], [8.36283, 49.00005], [8.36271, 48.9997], [8.36263, 48.99945], [8.36256, 48.99925], [8.36231, 48.99854], [8.36231, 48.99851], [8.36233, 48.99848], [8.36235, 48.99846], [8.36237, 48.99845], [8.36241, 48.99843], [8.36341, 48.99828], [8.3637, 48.99824], [8.36381, 48.99823], [8.36485, 48.99807], [8.36521, 48.99801], [8.36538, 48.99798], [8.36544, 48.99799], [8.3656, 48.99796], [8.36562, 48.99796], [8.36649, 48.99841], [8.36679, 48.99856], [8.36688, 48.99845], [8.36698, 48.99849], [8.36635, 48.99916], [8.36583, 48.99969], [8.36388, 49.0014], [8.3638, 49.00141], [8.3638, 49.00141], [8.36368, 49.0013], [8.36329, 49.00142]]]}}, {"type": "Feature", "properties": {"area_ha": 0.205, "dist_km": 2.551, "node": "Daxlanden", "node_mw": 500, "osm_id": 184459665, "anchor_kind": "demand"}, "geometry": {"type": "Polygon", "coordinates": [[[8.33251, 49.02369], [8.33257, 49.02369], [8.33258, 49.02374], [8.33265, 49.02374], [8.33265, 49.02376], [8.33297, 49.02374], [8.33296, 49.02371], [8.33304, 49.02371], [8.33304, 49.02366], [8.3331, 49.02365], [8.33309, 49.02361], [8.33306, 49.02339], [8.33306, 49.02338], [8.33304, 49.0233], [8.33304, 49.02328], [8.33245, 49.02332], [8.33251, 49.02369]]]}}, {"type": "Feature", "properties": {"area_ha": 0.342, "dist_km": 1.692, "node": "Daxlanden", "node_mw": 500, "osm_id": 193775324, "anchor_kind": "demand"}, "geometry": {"type": "Polygon", "coordinates": [[[8.36162, 49.00481], [8.36163, 49.00481], [8.36167, 49.00478], [8.36204, 49.00445], [8.36165, 49.00427], [8.36124, 49.00463], [8.36085, 49.00498], [8.36122, 49.00516], [8.36136, 49.00504], [8.36162, 49.00481]]]}}, {"type": "Feature", "properties": {"area_ha": 0.708, "dist_km": 2.826, "node": "Daxlanden", "node_mw": 500, "osm_id": 194446352, "anchor_kind": "demand"}, "geometry": {"type": "Polygon", "coordinates": [[[8.3047, 49.01326], [8.30474, 49.01323], [8.30478, 49.01319], [8.30483, 49.01316], [8.30488, 49.01314], [8.30494, 49.01311], [8.305, 49.01309], [8.30507, 49.01308], [8.30514, 49.01307], [8.3052, 49.01306], [8.30527, 49.01306], [8.30533, 49.01306], [8.30541, 49.01307], [8.30547, 49.01309], [8.30553, 49.0131], [8.30559, 49.01313], [8.30565, 49.01315], [8.3057, 49.01318], [8.30575, 49.01321], [8.30579, 49.01325], [8.30582, 49.01329], [8.30585, 49.01333], [8.30588, 49.01337], [8.30589, 49.01341], [8.3059, 49.01346], [8.3059, 49.0135], [8.30589, 49.01355], [8.30588, 49.01359], [8.30586, 49.01363], [8.30584, 49.01367], [8.3058, 49.01371], [8.30576, 49.01375], [8.30572, 49.01378], [8.30567, 49.01382], [8.30562, 49.01384], [8.30556, 49.01387], [8.3055, 49.01388], [8.30543, 49.0139], [8.30537, 49.01391], [8.3053, 49.01391], [8.30523, 49.01392], [8.30516, 49.01391], [8.30509, 49.0139], [8.30503, 49.01389], [8.30497, 49.01387], [8.30491, 49.01385], [8.30485, 49.01383], [8.3048, 49.0138], [8.30475, 49.01376], [8.30471, 49.01373], [8.30468, 49.01369], [8.30465, 49.01365], [8.30463, 49.01361], [8.30461, 49.01356], [8.3046, 49.01352], [8.3046, 49.01348], [8.30461, 49.01343], [8.30462, 49.01339], [8.30464, 49.01334], [8.30466, 49.0133], [8.3047, 49.01326]]]}}, {"type": "Feature", "properties": {"area_ha": 1.111, "dist_km": 2.688, "node": "Daxlanden", "node_mw": 500, "osm_id": 194446359, "anchor_kind": "demand"}, "geometry": {"type": "Polygon", "coordinates": [[[8.30733, 49.01382], [8.30733, 49.0138], [8.30733, 49.01377], [8.30715, 49.01377], [8.30715, 49.0138], [8.30648, 49.01381], [8.30645, 49.01312], [8.30645, 49.0131], [8.30638, 49.0131], [8.30638, 49.01304], [8.30645, 49.01304], [8.30644, 49.013], [8.30644, 49.01288], [8.30643, 49.01279], [8.30702, 49.01278], [8.30705, 49.01277], [8.3071, 49.01277], [8.30712, 49.01312], [8.30729, 49.01312], [8.30729, 49.01319], [8.30743, 49.01319], [8.30757, 49.01319], [8.30757, 49.01321], [8.30769, 49.01321], [8.30778, 49.0132], [8.30805, 49.0132], [8.30806, 49.01334], [8.30806, 49.0135], [8.30807, 49.01351], [8.30814, 49.01351], [8.30814, 49.01357], [8.30807, 49.01358], [8.30807, 49.01364], [8.30808, 49.01381], [8.308, 49.01381], [8.30801, 49.01395], [8.30734, 49.01396], [8.30733, 49.01382], [8.30733, 49.01382]]]}}, {"type": "Feature", "properties": {"area_ha": 3.587, "dist_km": 2.186, "node": "Daxlanden", "node_mw": 500, "osm_id": 196016177, "anchor_kind": "demand"}, "geometry": {"type": "Polygon", "coordinates": [[[8.32413, 49.017], [8.3241, 49.01636], [8.3241, 49.01632], [8.32409, 49.01621], [8.32439, 49.0162], [8.32439, 49.01609], [8.32351, 49.01611], [8.32352, 49.01622], [8.31856, 49.01632], [8.31857, 49.01643], [8.31857, 49.01647], [8.31857, 49.01649], [8.3186, 49.01706], [8.31866, 49.0171], [8.31961, 49.01708], [8.3196, 49.01703], [8.31965, 49.01703], [8.31971, 49.01703], [8.31971, 49.01706], [8.31971, 49.01707], [8.32021, 49.01706], [8.32023, 49.01706], [8.32032, 49.01706], [8.3204, 49.01706], [8.32043, 49.01706], [8.32314, 49.01701], [8.32413, 49.017]]]}}, {"type": "Feature", "properties": {"area_ha": 0.002, "dist_km": 1.907, "node": "Daxlanden", "node_mw": 500, "osm_id": 232450337, "anchor_kind": "demand"}, "geometry": {"type": "Polygon", "coordinates": [[[8.34057, 49.01815], [8.34061, 49.01815], [8.3406, 49.01809], [8.34057, 49.01809], [8.34057, 49.01815]]]}}, {"type": "Feature", "properties": {"area_ha": 0.516, "dist_km": 2.641, "node": "Daxlanden", "node_mw": 500, "osm_id": 251965369, "anchor_kind": "demand"}, "geometry": {"type": "Polygon", "coordinates": [[[8.34883, 49.02368], [8.35026, 49.02427], [8.35058, 49.02394], [8.34938, 49.02345], [8.3493, 49.02353], [8.34907, 49.02343], [8.34883, 49.02368]]]}}, {"type": "Feature", "properties": {"area_ha": 1.179, "dist_km": 1.759, "node": "Daxlanden", "node_mw": 500, "osm_id": 256221186, "anchor_kind": "demand"}, "geometry": {"type": "Polygon", "coordinates": [[[8.36233, 49.00425], [8.36245, 49.00415], [8.36296, 49.00366], [8.3642, 49.00256], [8.3641, 49.00249], [8.36402, 49.00245], [8.36407, 49.00241], [8.3637, 49.00225], [8.36349, 49.00241], [8.36328, 49.00259], [8.36313, 49.00274], [8.36297, 49.0029], [8.36292, 49.00294], [8.36284, 49.00302], [8.36275, 49.0031], [8.36269, 49.00318], [8.36248, 49.00339], [8.36242, 49.00345], [8.36225, 49.00361], [8.3618, 49.00401], [8.36188, 49.00405], [8.36182, 49.00411], [8.362, 49.0042], [8.36208, 49.00413], [8.36233, 49.00425]]]}}, {"type": "Feature", "properties": {"area_ha": 0.062, "dist_km": 2.57, "node": "Daxlanden", "node_mw": 500, "osm_id": 272645240, "anchor_kind": "demand"}, "geometry": {"type": "Polygon", "coordinates": [[[8.30902, 49.0135], [8.30902, 49.01347], [8.30912, 49.01346], [8.30912, 49.01344], [8.30912, 49.01335], [8.30911, 49.01318], [8.30913, 49.01318], [8.30929, 49.01318], [8.30931, 49.01317], [8.30931, 49.01327], [8.30936, 49.01327], [8.30937, 49.01349], [8.30902, 49.0135]]]}}, {"type": "Feature", "properties": {"area_ha": 0.043, "dist_km": 2.547, "node": "Daxlanden", "node_mw": 500, "osm_id": 272645241, "anchor_kind": "demand"}, "geometry": {"type": "Polygon", "coordinates": [[[8.30912, 49.01301], [8.30913, 49.01318], [8.30929, 49.01318], [8.30928, 49.01301], [8.30929, 49.01288], [8.30929, 49.01284], [8.30927, 49.01286], [8.30924, 49.01287], [8.30921, 49.01287], [8.30917, 49.01287], [8.30914, 49.01287], [8.30911, 49.01286], [8.3091, 49.01285], [8.3091, 49.0129], [8.30912, 49.01301]]]}}, {"type": "Feature", "properties": {"area_ha": 0.025, "dist_km": 2.56, "node": "Daxlanden", "node_mw": 500, "osm_id": 272645243, "anchor_kind": "demand"}, "geometry": {"type": "Polygon", "coordinates": [[[8.30907, 49.01282], [8.30867, 49.01283], [8.30868, 49.01282], [8.30868, 49.0128], [8.30868, 49.01278], [8.30867, 49.01277], [8.30867, 49.01275], [8.30906, 49.01274], [8.30905, 49.01276], [8.30905, 49.01278], [8.30905, 49.0128], [8.30907, 49.01282]]]}}, {"type": "Feature", "properties": {"area_ha": 0.138, "dist_km": 2.55, "node": "Daxlanden", "node_mw": 500, "osm_id": 272646934, "anchor_kind": "demand"}, "geometry": {"type": "Polygon", "coordinates": [[[8.30827, 49.01266], [8.30826, 49.01252], [8.30875, 49.01251], [8.30875, 49.01257], [8.30933, 49.01256], [8.30934, 49.01271], [8.30931, 49.01273], [8.30929, 49.01271], [8.30926, 49.0127], [8.30924, 49.01269], [8.30921, 49.01269], [8.30918, 49.01269], [8.30915, 49.01269], [8.30912, 49.0127], [8.3091, 49.01271], [8.30908, 49.01273], [8.30906, 49.01274], [8.30905, 49.01276], [8.30876, 49.01277], [8.30875, 49.01265], [8.3084, 49.01266], [8.30841, 49.01272], [8.30835, 49.01272], [8.30835, 49.01266], [8.30827, 49.01266]]]}}, {"type": "Feature", "properties": {"area_ha": 0.16, "dist_km": 2.094, "node": "Daxlanden", "node_mw": 500, "osm_id": 286749586, "anchor_kind": "demand"}, "geometry": {"type": "Polygon", "coordinates": [[[8.33049, 49.01914], [8.33073, 49.01882], [8.33122, 49.01897], [8.33098, 49.0193], [8.33049, 49.01914]]]}}, {"type": "Feature", "properties": {"area_ha": 0.01, "dist_km": 2.066, "node": "Daxlanden", "node_mw": 500, "osm_id": 286749587, "anchor_kind": "demand"}, "geometry": {"type": "Polygon", "coordinates": [[[8.32984, 49.01864], [8.32992, 49.01854], [8.33001, 49.01857], [8.32994, 49.01867], [8.32984, 49.01864]]]}}, {"type": "Feature", "properties": {"area_ha": 0.004, "dist_km": 2.082, "node": "Daxlanden", "node_mw": 500, "osm_id": 286749590, "anchor_kind": "demand"}, "geometry": {"type": "Polygon", "coordinates": [[[8.32977, 49.01874], [8.3298, 49.0187], [8.32992, 49.01874], [8.32989, 49.01878], [8.32977, 49.01874]]]}}, {"type": "Feature", "properties": {"area_ha": 0.32, "dist_km": 2.094, "node": "Daxlanden", "node_mw": 500, "osm_id": 286749591, "anchor_kind": "demand"}, "geometry": {"type": "Polygon", "coordinates": [[[8.32765, 49.01818], [8.32764, 49.01818], [8.32763, 49.01805], [8.32806, 49.01805], [8.32807, 49.01817], [8.32803, 49.01817], [8.32803, 49.01834], [8.32806, 49.01907], [8.32769, 49.01907], [8.32765, 49.01818]]]}}, {"type": "Feature", "properties": {"area_ha": 0.038, "dist_km": 2.162, "node": "Daxlanden", "node_mw": 500, "osm_id": 286749592, "anchor_kind": "demand"}, "geometry": {"type": "Polygon", "coordinates": [[[8.32607, 49.01862], [8.3265, 49.01861], [8.32649, 49.0185], [8.32606, 49.01851], [8.32607, 49.01862]]]}}, {"type": "Feature", "properties": {"area_ha": 0.151, "dist_km": 2.136, "node": "Daxlanden", "node_mw": 500, "osm_id": 286749593, "anchor_kind": "demand"}, "geometry": {"type": "Polygon", "coordinates": [[[8.32573, 49.01847], [8.32649, 49.01845], [8.32648, 49.01821], [8.32628, 49.01821], [8.32628, 49.0182], [8.3262, 49.0182], [8.3262, 49.01821], [8.32572, 49.01822], [8.32573, 49.01847]]]}}, {"type": "Feature", "properties": {"area_ha": 0.623, "dist_km": 2.193, "node": "Daxlanden", "node_mw": 500, "osm_id": 286749595, "anchor_kind": "demand"}, "geometry": {"type": "Polygon", "coordinates": [[[8.32561, 49.01925], [8.3256, 49.01911], [8.32583, 49.0191], [8.32582, 49.01894], [8.32574, 49.01894], [8.32573, 49.01868], [8.32657, 49.01867], [8.32657, 49.01865], [8.32721, 49.01863], [8.32721, 49.01876], [8.32691, 49.01876], [8.32692, 49.01891], [8.32692, 49.01897], [8.32697, 49.01897], [8.32698, 49.01905], [8.32698, 49.01912], [8.32704, 49.01912], [8.32704, 49.01909], [8.32729, 49.01908], [8.3273, 49.01922], [8.32705, 49.01923], [8.32705, 49.01915], [8.32697, 49.01915], [8.32697, 49.01922], [8.32561, 49.01925]]]}}, {"type": "Feature", "properties": {"area_ha": 0.007, "dist_km": 2.179, "node": "Daxlanden", "node_mw": 500, "osm_id": 286749596, "anchor_kind": "demand"}, "geometry": {"type": "Polygon", "coordinates": [[[8.32574, 49.01854], [8.32585, 49.01854], [8.32586, 49.01862], [8.32574, 49.01862], [8.32574, 49.01854]]]}}, {"type": "Feature", "properties": {"area_ha": 0.051, "dist_km": 2.258, "node": "Daxlanden", "node_mw": 500, "osm_id": 286749597, "anchor_kind": "demand"}, "geometry": {"type": "Polygon", "coordinates": [[[8.32495, 49.0191], [8.32496, 49.01926], [8.32527, 49.01925], [8.32527, 49.01919], [8.3254, 49.01919], [8.32539, 49.01909], [8.32495, 49.0191]]]}}, {"type": "Feature", "properties": {"area_ha": 0.123, "dist_km": 2.166, "node": "Daxlanden", "node_mw": 500, "osm_id": 286749598, "anchor_kind": "demand"}, "geometry": {"type": "Polygon", "coordinates": [[[8.32494, 49.01833], [8.32526, 49.01832], [8.32526, 49.01828], [8.32547, 49.01828], [8.32546, 49.01814], [8.32533, 49.01814], [8.32532, 49.01808], [8.32474, 49.01809], [8.32475, 49.0183], [8.32494, 49.0183], [8.32494, 49.01833]]]}}, {"type": "Feature", "properties": {"area_ha": 0.066, "dist_km": 2.201, "node": "Daxlanden", "node_mw": 500, "osm_id": 286749599, "anchor_kind": "demand"}, "geometry": {"type": "Polygon", "coordinates": [[[8.32404, 49.01839], [8.32432, 49.01839], [8.32431, 49.0181], [8.32402, 49.0181], [8.32404, 49.01839]]]}}, {"type": "Feature", "properties": {"area_ha": 0.139, "dist_km": 2.231, "node": "Daxlanden", "node_mw": 500, "osm_id": 286749600, "anchor_kind": "demand"}, "geometry": {"type": "Polygon", "coordinates": [[[8.32339, 49.01814], [8.32358, 49.01814], [8.32359, 49.01832], [8.32373, 49.01832], [8.32372, 49.01814], [8.32391, 49.01813], [8.32392, 49.01832], [8.32389, 49.01832], [8.32389, 49.0184], [8.32392, 49.0184], [8.32393, 49.01856], [8.32373, 49.01856], [8.32373, 49.01841], [8.3236, 49.01841], [8.32361, 49.01857], [8.32341, 49.01857], [8.3234, 49.01841], [8.32343, 49.01841], [8.32343, 49.01832], [8.3234, 49.01833], [8.32339, 49.01814]]]}}, {"type": "Feature", "properties": {"area_ha": 0.051, "dist_km": 2.244, "node": "Daxlanden", "node_mw": 500, "osm_id": 286749601, "anchor_kind": "demand"}, "geometry": {"type": "Polygon", "coordinates": [[[8.32316, 49.01813], [8.32331, 49.01813], [8.32333, 49.01854], [8.32318, 49.01855], [8.32316, 49.01813]]]}}, {"type": "Feature", "properties": {"area_ha": 0.124, "dist_km": 2.255, "node": "Daxlanden", "node_mw": 500, "osm_id": 286749602, "anchor_kind": "demand"}, "geometry": {"type": "Polygon", "coordinates": [[[8.32282, 49.01868], [8.32313, 49.01867], [8.32311, 49.01822], [8.32291, 49.01822], [8.32291, 49.01813], [8.32276, 49.01813], [8.32277, 49.01823], [8.3228, 49.01822], [8.32282, 49.01868]]]}}, {"type": "Feature", "properties": {"area_ha": 0.055, "dist_km": 2.275, "node": "Daxlanden", "node_mw": 500, "osm_id": 286749604, "anchor_kind": "demand"}, "geometry": {"type": "Polygon", "coordinates": [[[8.32235, 49.01853], [8.32269, 49.01853], [8.32268, 49.01835], [8.32264, 49.01835], [8.32264, 49.0183], [8.32253, 49.0183], [8.32253, 49.01835], [8.32234, 49.01835], [8.32235, 49.01853]]]}}, {"type": "Feature", "properties": {"area_ha": 0.043, "dist_km": 2.308, "node": "Daxlanden", "node_mw": 500, "osm_id": 286749606, "anchor_kind": "demand"}, "geometry": {"type": "Polygon", "coordinates": [[[8.32213, 49.01873], [8.32212, 49.01862], [8.32224, 49.01862], [8.32224, 49.01864], [8.32231, 49.01864], [8.32231, 49.01863], [8.32272, 49.01862], [8.32273, 49.01871], [8.32213, 49.01873]]]}}, {"type": "Feature", "properties": {"area_ha": 0.033, "dist_km": 2.32, "node": "Daxlanden", "node_mw": 500, "osm_id": 286749607, "anchor_kind": "demand"}, "geometry": {"type": "Polygon", "coordinates": [[[8.32186, 49.01873], [8.32206, 49.01873], [8.32205, 49.0185], [8.32191, 49.0185], [8.32192, 49.01859], [8.32185, 49.01859], [8.32186, 49.01873]]]}}, {"type": "Feature", "properties": {"area_ha": 0.185, "dist_km": 2.306, "node": "Daxlanden", "node_mw": 500, "osm_id": 286749608, "anchor_kind": "demand"}, "geometry": {"type": "Polygon", "coordinates": [[[8.32203, 49.01815], [8.32204, 49.01838], [8.32178, 49.01839], [8.32178, 49.01855], [8.32136, 49.01856], [8.32135, 49.01817], [8.32203, 49.01815]]]}}, {"type": "Feature", "properties": {"area_ha": 0.107, "dist_km": 2.361, "node": "Daxlanden", "node_mw": 500, "osm_id": 286749609, "anchor_kind": "demand"}, "geometry": {"type": "Polygon", "coordinates": [[[8.3218, 49.01903], [8.32146, 49.01904], [8.32146, 49.01894], [8.32139, 49.01894], [8.32138, 49.01877], [8.32138, 49.0187], [8.32178, 49.01869], [8.3218, 49.01903]]]}}, {"type": "Feature", "properties": {"area_ha": 0.137, "dist_km": 2.423, "node": "Daxlanden", "node_mw": 500, "osm_id": 286749612, "anchor_kind": "demand"}, "geometry": {"type": "Polygon", "coordinates": [[[8.31949, 49.01904], [8.32006, 49.01903], [8.32004, 49.01852], [8.31981, 49.01853], [8.31982, 49.01864], [8.31982, 49.0187], [8.31976, 49.0187], [8.31977, 49.01892], [8.31948, 49.01893], [8.31949, 49.01904]]]}}, {"type": "Feature", "properties": {"area_ha": 0.03, "dist_km": 2.455, "node": "Daxlanden", "node_mw": 500, "osm_id": 286749615, "anchor_kind": "demand"}, "geometry": {"type": "Polygon", "coordinates": [[[8.31969, 49.01911], [8.31978, 49.01911], [8.31978, 49.0191], [8.32007, 49.01909], [8.32007, 49.01919], [8.31979, 49.0192], [8.31979, 49.01919], [8.31969, 49.01919], [8.31969, 49.01911]]]}}, {"type": "Feature", "properties": {"area_ha": 0.006, "dist_km": 2.464, "node": "Daxlanden", "node_mw": 500, "osm_id": 286749616, "anchor_kind": "demand"}, "geometry": {"type": "Polygon", "coordinates": [[[8.31996, 49.01928], [8.32002, 49.01928], [8.32004, 49.01929], [8.32004, 49.01936], [8.32002, 49.01937], [8.31996, 49.01937], [8.31996, 49.01928]]]}}, {"type": "Feature", "properties": {"area_ha": 0.212, "dist_km": 2.44, "node": "Daxlanden", "node_mw": 500, "osm_id": 286749619, "anchor_kind": "demand"}, "geometry": {"type": "Polygon", "coordinates": [[[8.32022, 49.01929], [8.32022, 49.01922], [8.32018, 49.01922], [8.32018, 49.01948], [8.32024, 49.01948], [8.32024, 49.01952], [8.32054, 49.01951], [8.32054, 49.01952], [8.32069, 49.01952], [8.32069, 49.01951], [8.32084, 49.01951], [8.32084, 49.01947], [8.32089, 49.01947], [8.32088, 49.01944], [8.32112, 49.01944], [8.32111, 49.01926], [8.32082, 49.01927], [8.32081, 49.01915], [8.32078, 49.01915], [8.32078, 49.0192], [8.32069, 49.0192], [8.32069, 49.01927], [8.32066, 49.01927], [8.32066, 49.01921], [8.32061, 49.01921], [8.32061, 49.01918], [8.32041, 49.01919], [8.3204, 49.01913], [8.32026, 49.01913], [8.32026, 49.01918], [8.32025, 49.01918], [8.32025, 49.01929], [8.32022, 49.01929]]]}}, {"type": "Feature", "properties": {"area_ha": 0.037, "dist_km": 2.326, "node": "Daxlanden", "node_mw": 500, "osm_id": 286815767, "anchor_kind": "demand"}, "geometry": {"type": "Polygon", "coordinates": [[[8.31977, 49.01783], [8.32011, 49.01783], [8.3201, 49.01769], [8.31976, 49.0177], [8.31977, 49.01783]]]}}, {"type": "Feature", "properties": {"area_ha": 0.027, "dist_km": 2.286, "node": "Daxlanden", "node_mw": 500, "osm_id": 286815768, "anchor_kind": "demand"}, "geometry": {"type": "Polygon", "coordinates": [[[8.31969, 49.01733], [8.32001, 49.01732], [8.32, 49.01722], [8.31969, 49.01723], [8.31969, 49.01733]]]}}, {"type": "Feature", "properties": {"area_ha": 0.01, "dist_km": 2.277, "node": "Daxlanden", "node_mw": 500, "osm_id": 286815769, "anchor_kind": "demand"}, "geometry": {"type": "Polygon", "coordinates": [[[8.32002, 49.01734], [8.32018, 49.01734], [8.32018, 49.01726], [8.32002, 49.01726], [8.32002, 49.01734]]]}}, {"type": "Feature", "properties": {"area_ha": 0.029, "dist_km": 2.271, "node": "Daxlanden", "node_mw": 500, "osm_id": 286815770, "anchor_kind": "demand"}, "geometry": {"type": "Polygon", "coordinates": [[[8.32031, 49.01726], [8.32046, 49.01725], [8.32047, 49.01748], [8.32032, 49.01749], [8.32031, 49.01726]]]}}, {"type": "Feature", "properties": {"area_ha": 0.031, "dist_km": 2.296, "node": "Daxlanden", "node_mw": 500, "osm_id": 286815771, "anchor_kind": "demand"}, "geometry": {"type": "Polygon", "coordinates": [[[8.32033, 49.01778], [8.32048, 49.01778], [8.32047, 49.01753], [8.32032, 49.01754], [8.32033, 49.01778]]]}}, {"type": "Feature", "properties": {"area_ha": 0.074, "dist_km": 1.928, "node": "Daxlanden", "node_mw": 500, "osm_id": 286815774, "anchor_kind": "demand"}, "geometry": {"type": "Polygon", "coordinates": [[[8.34028, 49.01844], [8.34027, 49.01821], [8.33986, 49.01822], [8.33987, 49.01844], [8.34028, 49.01844]]]}}, {"type": "Feature", "properties": {"area_ha": 0.005, "dist_km": 1.946, "node": "Daxlanden", "node_mw": 500, "osm_id": 286815775, "anchor_kind": "demand"}, "geometry": {"type": "Polygon", "coordinates": [[[8.33719, 49.01844], [8.3372, 49.0185], [8.33711, 49.0185], [8.33711, 49.01842], [8.33719, 49.01842], [8.33719, 49.01844]]]}}, {"type": "Feature", "properties": {"area_ha": 0.071, "dist_km": 1.467, "node": "Daxlanden", "node_mw": 500, "osm_id": 290193090, "anchor_kind": "demand"}, "geometry": {"type": "Polygon", "coordinates": [[[8.32429, 49.01017], [8.32454, 49.01006], [8.32429, 49.00982], [8.32405, 49.00993], [8.32429, 49.01017]]]}}, {"type": "Feature", "properties": {"area_ha": 0.068, "dist_km": 1.466, "node": "Daxlanden", "node_mw": 500, "osm_id": 290193091, "anchor_kind": "demand"}, "geometry": {"type": "Polygon", "coordinates": [[[8.32325, 49.00918], [8.32334, 49.00914], [8.32399, 49.00976], [8.32391, 49.0098], [8.3239, 49.0098], [8.32325, 49.00918]]]}}, {"type": "Feature", "properties": {"area_ha": 0.019, "dist_km": 1.468, "node": "Daxlanden", "node_mw": 500, "osm_id": 290193093, "anchor_kind": "demand"}, "geometry": {"type": "Polygon", "coordinates": [[[8.32318, 49.00911], [8.32327, 49.00907], [8.32321, 49.00901], [8.32321, 49.00901], [8.32284, 49.00918], [8.32288, 49.00922], [8.32316, 49.00909], [8.32318, 49.00911]]]}}, {"type": "Feature", "properties": {"area_ha": 0.003, "dist_km": 2.066, "node": "Daxlanden", "node_mw": 500, "osm_id": 290228798, "anchor_kind": "demand"}, "geometry": {"type": "Polygon", "coordinates": [[[8.33018, 49.01868], [8.33021, 49.01864], [8.33028, 49.01866], [8.33026, 49.0187], [8.33018, 49.01868]]]}}, {"type": "Feature", "properties": {"area_ha": 0.014, "dist_km": 1.35, "node": "Daxlanden", "node_mw": 500, "osm_id": 323268236, "anchor_kind": "demand"}, "geometry": {"type": "Polygon", "coordinates": [[[8.32856, 49.0111], [8.32864, 49.01106], [8.3285, 49.01093], [8.32842, 49.01097], [8.32856, 49.0111]]]}}, {"type": "Feature", "properties": {"area_ha": 0.012, "dist_km": 1.562, "node": "Daxlanden", "node_mw": 500, "osm_id": 323268238, "anchor_kind": "demand"}, "geometry": {"type": "Polygon", "coordinates": [[[8.3269, 49.01266], [8.32676, 49.01254], [8.32684, 49.0125], [8.32698, 49.01262], [8.3269, 49.01266]]]}}, {"type": "Feature", "properties": {"area_ha": 0.004, "dist_km": 1.58, "node": "Daxlanden", "node_mw": 500, "osm_id": 323268241, "anchor_kind": "demand"}, "geometry": {"type": "Polygon", "coordinates": [[[8.32677, 49.0128], [8.32687, 49.01275], [8.32685, 49.01272], [8.32684, 49.01271], [8.32673, 49.01276], [8.32677, 49.0128]]]}}, {"type": "Feature", "properties": {"area_ha": 0.015, "dist_km": 1.47, "node": "Daxlanden", "node_mw": 500, "osm_id": 323268243, "anchor_kind": "demand"}, "geometry": {"type": "Polygon", "coordinates": [[[8.33122, 49.01317], [8.33099, 49.01328], [8.33095, 49.01324], [8.33129, 49.01309], [8.33132, 49.01312], [8.33122, 49.01317]]]}}, {"type": "Feature", "properties": {"area_ha": 0.023, "dist_km": 1.387, "node": "Daxlanden", "node_mw": 500, "osm_id": 323268247, "anchor_kind": "demand"}, "geometry": {"type": "Polygon", "coordinates": [[[8.3317, 49.01268], [8.33163, 49.01261], [8.33184, 49.01252], [8.33187, 49.01254], [8.332, 49.01248], [8.33204, 49.01253], [8.3317, 49.01268]]]}}, {"type": "Feature", "properties": {"area_ha": 0.012, "dist_km": 1.469, "node": "Daxlanden", "node_mw": 500, "osm_id": 323268249, "anchor_kind": "demand"}, "geometry": {"type": "Polygon", "coordinates": [[[8.33141, 49.01333], [8.33136, 49.01329], [8.33141, 49.01326], [8.33142, 49.01328], [8.33163, 49.01318], [8.33166, 49.01322], [8.33159, 49.01325], [8.33141, 49.01333]]]}}, {"type": "Feature", "properties": {"area_ha": 0.008, "dist_km": 1.57, "node": "Daxlanden", "node_mw": 500, "osm_id": 323268250, "anchor_kind": "demand"}, "geometry": {"type": "Polygon", "coordinates": [[[8.32687, 49.01275], [8.32703, 49.01267], [8.32698, 49.01262], [8.3269, 49.01266], [8.32688, 49.01267], [8.32691, 49.01269], [8.32685, 49.01272], [8.32687, 49.01275]]]}}, {"type": "Feature", "properties": {"area_ha": 0.017, "dist_km": 1.461, "node": "Daxlanden", "node_mw": 500, "osm_id": 323268251, "anchor_kind": "demand"}, "geometry": {"type": "Polygon", "coordinates": [[[8.33141, 49.01326], [8.33142, 49.01328], [8.33163, 49.01318], [8.33152, 49.01309], [8.33152, 49.01308], [8.33143, 49.01312], [8.33149, 49.01318], [8.33137, 49.01323], [8.33141, 49.01326]]]}}, {"type": "Feature", "properties": {"area_ha": 0.022, "dist_km": 1.466, "node": "Daxlanden", "node_mw": 500, "osm_id": 323268253, "anchor_kind": "demand"}, "geometry": {"type": "Polygon", "coordinates": [[[8.33141, 49.01326], [8.33136, 49.01329], [8.33134, 49.01329], [8.33122, 49.01317], [8.33132, 49.01312], [8.3314, 49.01309], [8.33143, 49.01312], [8.33149, 49.01318], [8.33137, 49.01323], [8.33141, 49.01326]]]}}, {"type": "Feature", "properties": {"area_ha": 0.047, "dist_km": 1.218, "node": "Daxlanden", "node_mw": 500, "osm_id": 323268255, "anchor_kind": "demand"}, "geometry": {"type": "Polygon", "coordinates": [[[8.33547, 49.01187], [8.33567, 49.01187], [8.33565, 49.01158], [8.33545, 49.01158], [8.33547, 49.01187]]]}}, {"type": "Feature", "properties": {"area_ha": 0.017, "dist_km": 2.378, "node": "Daxlanden", "node_mw": 500, "osm_id": 323681797, "anchor_kind": "demand"}, "geometry": {"type": "Polygon", "coordinates": [[[8.31066, 49.01157], [8.31057, 49.01158], [8.31051, 49.01158], [8.3105, 49.01144], [8.31065, 49.01144], [8.31065, 49.01149], [8.31065, 49.01151], [8.31063, 49.01151], [8.31063, 49.01152], [8.31066, 49.01152], [8.31066, 49.01157]]]}}, {"type": "Feature", "properties": {"area_ha": 0.033, "dist_km": 2.44, "node": "Daxlanden", "node_mw": 500, "osm_id": 323681809, "anchor_kind": "demand"}, "geometry": {"type": "Polygon", "coordinates": [[[8.31087, 49.01275], [8.31057, 49.01279], [8.31053, 49.01266], [8.31083, 49.01262], [8.31087, 49.01275]]]}}, {"type": "Feature", "properties": {"area_ha": 0.036, "dist_km": 2.415, "node": "Daxlanden", "node_mw": 500, "osm_id": 323681855, "anchor_kind": "demand"}, "geometry": {"type": "Polygon", "coordinates": [[[8.31079, 49.01231], [8.31054, 49.01232], [8.31054, 49.01213], [8.31078, 49.01213], [8.31079, 49.01231]]]}}, {"type": "Feature", "properties": {"area_ha": 0.056, "dist_km": 2.905, "node": "Daxlanden", "node_mw": 500, "osm_id": 326235552, "anchor_kind": "demand"}, "geometry": {"type": "Polygon", "coordinates": [[[8.34605, 49.02687], [8.34563, 49.0267], [8.34574, 49.02659], [8.34616, 49.02676], [8.34605, 49.02687]]]}}, {"type": "Feature", "properties": {"area_ha": 0.004, "dist_km": 1.914, "node": "Daxlanden", "node_mw": 500, "osm_id": 326255761, "anchor_kind": "demand"}, "geometry": {"type": "Polygon", "coordinates": [[[8.33556, 49.0181], [8.33563, 49.0181], [8.33562, 49.01804], [8.33556, 49.01804], [8.33556, 49.0181]]]}}, {"type": "Feature", "properties": {"area_ha": 0.037, "dist_km": 2.324, "node": "Daxlanden", "node_mw": 500, "osm_id": 328658514, "anchor_kind": "demand"}, "geometry": {"type": "Polygon", "coordinates": [[[8.33638, 49.02196], [8.33664, 49.02194], [8.33662, 49.02181], [8.33661, 49.02181], [8.3366, 49.02175], [8.33636, 49.02177], [8.33637, 49.02183], [8.33637, 49.02183], [8.33638, 49.02196]]]}}, {"type": "Feature", "properties": {"area_ha": 0.095, "dist_km": 2.335, "node": "Daxlanden", "node_mw": 500, "osm_id": 340450455, "anchor_kind": "demand"}, "geometry": {"type": "Polygon", "coordinates": [[[8.3704, 48.99589], [8.37006, 48.99618], [8.36981, 48.99605], [8.3699, 48.99597], [8.37009, 48.99581], [8.37014, 48.99576], [8.3704, 48.99589]]]}}, {"type": "Feature", "properties": {"area_ha": 0.073, "dist_km": 2.304, "node": "Daxlanden", "node_mw": 500, "osm_id": 340450456, "anchor_kind": "demand"}, "geometry": {"type": "Polygon", "coordinates": [[[8.36955, 48.99577], [8.36949, 48.99577], [8.36928, 48.99574], [8.36937, 48.99543], [8.36964, 48.99546], [8.36964, 48.99547], [8.36955, 48.99577]]]}}, {"type": "Feature", "properties": {"area_ha": 0.024, "dist_km": 2.559, "node": "Daxlanden", "node_mw": 500, "osm_id": 342477646, "anchor_kind": "demand"}, "geometry": {"type": "Polygon", "coordinates": [[[8.31347, 49.01673], [8.31319, 49.01673], [8.31318, 49.01663], [8.31347, 49.01663], [8.31347, 49.01673]]]}}, {"type": "Feature", "properties": {"area_ha": 0.007, "dist_km": 1.442, "node": "Daxlanden", "node_mw": 500, "osm_id": 345751078, "anchor_kind": "demand"}, "geometry": {"type": "Polygon", "coordinates": [[[8.32768, 49.01158], [8.32753, 49.01164], [8.32749, 49.0116], [8.32763, 49.01154], [8.32768, 49.01158]]]}}, {"type": "Feature", "properties": {"area_ha": 0.055, "dist_km": 2.198, "node": "Ragow (RAG)", "node_mw": 500, "osm_id": 421488674, "anchor_kind": "demand"}, "geometry": {"type": "Polygon", "coordinates": [[[13.93273, 51.86773], [13.93274, 51.86761], [13.93305, 51.86762], [13.93305, 51.8676], [13.9333, 51.86762], [13.93329, 51.86775], [13.93273, 51.86773]]]}}, {"type": "Feature", "properties": {"area_ha": 0.008, "dist_km": 2.165, "node": "Ragow (RAG)", "node_mw": 500, "osm_id": 421488675, "anchor_kind": "demand"}, "geometry": {"type": "Polygon", "coordinates": [[[13.93256, 51.86788], [13.93256, 51.86781], [13.93272, 51.86781], [13.93271, 51.86789], [13.93256, 51.86788]]]}}, {"type": "Feature", "properties": {"area_ha": 0.051, "dist_km": 2.187, "node": "Ragow (RAG)", "node_mw": 500, "osm_id": 421488676, "anchor_kind": "demand"}, "geometry": {"type": "Polygon", "coordinates": [[[13.93272, 51.86792], [13.93273, 51.86782], [13.93338, 51.86785], [13.93337, 51.86796], [13.9331, 51.86795], [13.9331, 51.86792], [13.93291, 51.86791], [13.93291, 51.86793], [13.93272, 51.86792]]]}}, {"type": "Feature", "properties": {"area_ha": 0.006, "dist_km": 2.137, "node": "Ragow (RAG)", "node_mw": 500, "osm_id": 421488677, "anchor_kind": "demand"}, "geometry": {"type": "Polygon", "coordinates": [[[13.93214, 51.86789], [13.93215, 51.8678], [13.93224, 51.8678], [13.93223, 51.86789], [13.93214, 51.86789]]]}}, {"type": "Feature", "properties": {"area_ha": 0.025, "dist_km": 2.155, "node": "Ragow (RAG)", "node_mw": 500, "osm_id": 421488678, "anchor_kind": "demand"}, "geometry": {"type": "Polygon", "coordinates": [[[13.93276, 51.86851], [13.93278, 51.8684], [13.93306, 51.86841], [13.93304, 51.86852], [13.93276, 51.86851]]]}}, {"type": "Feature", "properties": {"area_ha": 0.013, "dist_km": 2.12, "node": "Ragow (RAG)", "node_mw": 500, "osm_id": 421488679, "anchor_kind": "demand"}, "geometry": {"type": "Polygon", "coordinates": [[[13.93226, 51.86852], [13.93228, 51.86843], [13.93248, 51.86845], [13.93246, 51.86853], [13.93226, 51.86852]]]}}, {"type": "Feature", "properties": {"area_ha": 0.134, "dist_km": 2.075, "node": "Ragow (RAG)", "node_mw": 500, "osm_id": 421488680, "anchor_kind": "demand"}, "geometry": {"type": "Polygon", "coordinates": [[[13.93205, 51.86896], [13.93195, 51.86898], [13.93185, 51.86898], [13.93176, 51.86897], [13.93168, 51.86893], [13.93162, 51.86888], [13.93159, 51.86883], [13.93159, 51.86877], [13.93162, 51.86871], [13.93168, 51.86866], [13.93176, 51.86863], [13.93185, 51.86861], [13.93194, 51.86861], [13.93203, 51.86863], [13.93212, 51.86867], [13.93217, 51.86873], [13.93219, 51.86879], [13.93218, 51.86886], [13.93213, 51.86891], [13.93205, 51.86896]]]}}, {"type": "Feature", "properties": {"area_ha": 0.128, "dist_km": 2.12, "node": "Ragow (RAG)", "node_mw": 500, "osm_id": 421488681, "anchor_kind": "demand"}, "geometry": {"type": "Polygon", "coordinates": [[[13.93258, 51.86902], [13.93249, 51.869], [13.9324, 51.86896], [13.93235, 51.86891], [13.93232, 51.86885], [13.93233, 51.86879], [13.93237, 51.86873], [13.93244, 51.86869], [13.93253, 51.86866], [13.93263, 51.86865], [13.93273, 51.86867], [13.93281, 51.8687], [13.93287, 51.86874], [13.9329, 51.8688], [13.93291, 51.86885], [13.93289, 51.86891], [13.93284, 51.86896], [13.93276, 51.86899], [13.93268, 51.86901], [13.93258, 51.86902]]]}}, {"type": "Feature", "properties": {"area_ha": 0.024, "dist_km": 2.106, "node": "Ragow (RAG)", "node_mw": 500, "osm_id": 421488682, "anchor_kind": "demand"}, "geometry": {"type": "Polygon", "coordinates": [[[13.93215, 51.86851], [13.93211, 51.86851], [13.93207, 51.8685], [13.93204, 51.86849], [13.93201, 51.86846], [13.932, 51.86844], [13.932, 51.86841], [13.93202, 51.86839], [13.93204, 51.86837], [13.93208, 51.86836], [13.93212, 51.86835], [13.93216, 51.86835], [13.9322, 51.86836], [13.93223, 51.86838], [13.93225, 51.8684], [13.93226, 51.86843], [13.93225, 51.86846], [13.93223, 51.86848], [13.9322, 51.8685], [13.93215, 51.86851]]]}}, {"type": "Feature", "properties": {"area_ha": 0.159, "dist_km": 1.487, "node": "Ragow (RAG)", "node_mw": 500, "osm_id": 421489154, "anchor_kind": "demand"}, "geometry": {"type": "Polygon", "coordinates": [[[13.9037, 51.88954], [13.90392, 51.88958], [13.90406, 51.88961], [13.90434, 51.8891], [13.90398, 51.88902], [13.9037, 51.88954]]]}}, {"type": "Feature", "properties": {"area_ha": 0.241, "dist_km": 1.53, "node": "Ragow (RAG)", "node_mw": 500, "osm_id": 421489155, "anchor_kind": "demand"}, "geometry": {"type": "Polygon", "coordinates": [[[13.90214, 51.88967], [13.90225, 51.88948], [13.9037, 51.8898], [13.90359, 51.88999], [13.90251, 51.88975], [13.90214, 51.88967]]]}}, {"type": "Feature", "properties": {"area_ha": 0.051, "dist_km": 1.491, "node": "Ragow (RAG)", "node_mw": 500, "osm_id": 421489156, "anchor_kind": "demand"}, "geometry": {"type": "Polygon", "coordinates": [[[13.90291, 51.88933], [13.90295, 51.88925], [13.90368, 51.88941], [13.90362, 51.88951], [13.90351, 51.88948], [13.90352, 51.88946], [13.90348, 51.88945], [13.90329, 51.88941], [13.90292, 51.88933], [13.90291, 51.88933]]]}}, {"type": "Feature", "properties": {"area_ha": 0.155, "dist_km": 1.563, "node": "Ragow (RAG)", "node_mw": 500, "osm_id": 421489192, "anchor_kind": "demand"}, "geometry": {"type": "Polygon", "coordinates": [[[13.90148, 51.89021], [13.90176, 51.88969], [13.90211, 51.88976], [13.90183, 51.89028], [13.90148, 51.89021]]]}}, {"type": "Feature", "properties": {"area_ha": 0.189, "dist_km": 2.348, "node": "Daxlanden", "node_mw": 500, "osm_id": 445074580, "anchor_kind": "demand"}, "geometry": {"type": "Polygon", "coordinates": [[[8.33849, 49.02244], [8.33856, 49.02246], [8.33864, 49.02249], [8.33869, 49.0225], [8.33909, 49.02196], [8.33934, 49.02204], [8.33941, 49.02194], [8.33916, 49.02186], [8.33923, 49.02177], [8.33902, 49.0217], [8.33878, 49.02204], [8.3387, 49.02201], [8.33859, 49.02217], [8.33866, 49.02219], [8.33849, 49.02244]]]}}, {"type": "Feature", "properties": {"area_ha": 0.027, "dist_km": 2.77, "node": "Daxlanden", "node_mw": 500, "osm_id": 445113133, "anchor_kind": "demand"}, "geometry": {"type": "Polygon", "coordinates": [[[8.30792, 49.01551], [8.30814, 49.0155], [8.30814, 49.01547], [8.30814, 49.01538], [8.30808, 49.01538], [8.30807, 49.01533], [8.30802, 49.01533], [8.30796, 49.01533], [8.30797, 49.01538], [8.30791, 49.01539], [8.30791, 49.01548], [8.30792, 49.01551]]]}}, {"type": "Feature", "properties": {"area_ha": 0.009, "dist_km": 2.841, "node": "Daxlanden", "node_mw": 500, "osm_id": 445113134, "anchor_kind": "demand"}, "geometry": {"type": "Polygon", "coordinates": [[[8.30706, 49.01572], [8.30706, 49.01564], [8.30718, 49.01564], [8.30719, 49.01572], [8.30706, 49.01572]]]}}, {"type": "Feature", "properties": {"area_ha": 0.049, "dist_km": 1.54, "node": "Daxlanden", "node_mw": 500, "osm_id": 538513640, "anchor_kind": "demand"}, "geometry": {"type": "Polygon", "coordinates": [[[8.35012, 49.01294], [8.35023, 49.01291], [8.35022, 49.0129], [8.35026, 49.01289], [8.35021, 49.01283], [8.35028, 49.01281], [8.35026, 49.01277], [8.35028, 49.01276], [8.35028, 49.01275], [8.35027, 49.01275], [8.35025, 49.01275], [8.35024, 49.01274], [8.35023, 49.01273], [8.35018, 49.01265], [8.35011, 49.01267], [8.35008, 49.01263], [8.35005, 49.01264], [8.35004, 49.01263], [8.34993, 49.01266], [8.34998, 49.01273], [8.34998, 49.01274], [8.34999, 49.01275], [8.34999, 49.01276], [8.35003, 49.01281], [8.35003, 49.01281], [8.35004, 49.01282], [8.35004, 49.01283], [8.35004, 49.01283], [8.35005, 49.01284], [8.35012, 49.01294]]]}}, {"type": "Feature", "properties": {"area_ha": 0.225, "dist_km": 1.648, "node": "Daxlanden", "node_mw": 500, "osm_id": 538851174, "anchor_kind": "demand"}, "geometry": {"type": "Polygon", "coordinates": [[[8.3393, 49.01568], [8.33932, 49.0159], [8.33922, 49.0159], [8.33921, 49.0159], [8.33913, 49.0159], [8.33866, 49.01591], [8.33855, 49.01591], [8.33805, 49.01592], [8.33805, 49.01592], [8.33805, 49.01592], [8.33804, 49.01575], [8.33804, 49.01571], [8.33854, 49.01569], [8.33865, 49.01569], [8.33912, 49.01568], [8.3392, 49.01568], [8.3393, 49.01568]]]}}, {"type": "Feature", "properties": {"area_ha": 0.166, "dist_km": 1.656, "node": "Daxlanden", "node_mw": 500, "osm_id": 539099169, "anchor_kind": "demand"}, "geometry": {"type": "Polygon", "coordinates": [[[8.33774, 49.01572], [8.33775, 49.01592], [8.33762, 49.01592], [8.33676, 49.01594], [8.33675, 49.01574], [8.33774, 49.01572]]]}}, {"type": "Feature", "properties": {"area_ha": 1.789, "dist_km": 1.773, "node": "Daxlanden", "node_mw": 500, "osm_id": 539110124, "anchor_kind": "demand"}, "geometry": {"type": "Polygon", "coordinates": [[[8.33415, 49.01579], [8.33416, 49.01603], [8.33417, 49.01603], [8.33418, 49.01607], [8.33418, 49.01611], [8.33418, 49.01615], [8.33417, 49.01615], [8.3342, 49.01684], [8.33421, 49.01684], [8.33421, 49.01691], [8.33338, 49.01693], [8.33338, 49.01686], [8.33339, 49.01686], [8.33338, 49.0168], [8.33338, 49.0168], [8.33337, 49.01675], [8.33283, 49.01676], [8.33283, 49.01677], [8.33274, 49.01677], [8.33274, 49.01676], [8.3327, 49.01676], [8.33263, 49.01677], [8.33264, 49.01677], [8.33265, 49.01679], [8.33265, 49.01681], [8.33263, 49.01681], [8.3326, 49.01682], [8.33256, 49.01681], [8.33245, 49.01677], [8.33239, 49.01677], [8.33239, 49.01675], [8.33219, 49.01667], [8.33216, 49.01666], [8.33215, 49.01664], [8.33214, 49.01662], [8.33217, 49.01661], [8.3322, 49.01661], [8.33224, 49.01662], [8.33227, 49.01663], [8.33228, 49.01661], [8.33239, 49.01665], [8.33238, 49.01655], [8.3321, 49.01655], [8.3321, 49.01656], [8.33193, 49.01656], [8.3319, 49.01583], [8.33206, 49.01583], [8.33206, 49.01584], [8.3327, 49.01582], [8.3327, 49.01582], [8.33278, 49.01581], [8.33278, 49.01582], [8.33333, 49.01581], [8.33354, 49.0158], [8.33354, 49.0158], [8.33364, 49.0158], [8.33364, 49.0158], [8.33373, 49.0158], [8.33415, 49.01579]]]}}, {"type": "Feature", "properties": {"area_ha": 0.021, "dist_km": 2.879, "node": "Daxlanden", "node_mw": 500, "osm_id": 583244694, "anchor_kind": "demand"}, "geometry": {"type": "Polygon", "coordinates": [[[8.3771, 49.00734], [8.37715, 49.00743], [8.37743, 49.00737], [8.37737, 49.00728], [8.3771, 49.00734]]]}}, {"type": "Feature", "properties": {"area_ha": 0.017, "dist_km": 2.056, "node": "Daxlanden", "node_mw": 500, "osm_id": 654469405, "anchor_kind": "demand"}, "geometry": {"type": "Polygon", "coordinates": [[[8.35468, 49.01646], [8.35458, 49.01652], [8.35441, 49.01642], [8.3545, 49.01635], [8.35456, 49.01639], [8.35468, 49.01646]]]}}, {"type": "Feature", "properties": {"area_ha": 0.018, "dist_km": 2.032, "node": "Daxlanden", "node_mw": 500, "osm_id": 654469408, "anchor_kind": "demand"}, "geometry": {"type": "Polygon", "coordinates": [[[8.35439, 49.01616], [8.35448, 49.01609], [8.35467, 49.01619], [8.35457, 49.01626], [8.35439, 49.01616]]]}}, {"type": "Feature", "properties": {"area_ha": 0.025, "dist_km": 2.024, "node": "Daxlanden", "node_mw": 500, "osm_id": 654469415, "anchor_kind": "demand"}, "geometry": {"type": "Polygon", "coordinates": [[[8.35414, 49.01634], [8.35407, 49.0163], [8.35441, 49.01605], [8.35448, 49.01609], [8.35439, 49.01616], [8.35414, 49.01634]]]}}, {"type": "Feature", "properties": {"area_ha": 0.008, "dist_km": 1.691, "node": "Daxlanden", "node_mw": 500, "osm_id": 710520604, "anchor_kind": "demand"}, "geometry": {"type": "Polygon", "coordinates": [[[8.33469, 49.01602], [8.33469, 49.01595], [8.33468, 49.01595], [8.33467, 49.01591], [8.33477, 49.0159], [8.33479, 49.0159], [8.33479, 49.01595], [8.33477, 49.01595], [8.33476, 49.01595], [8.33476, 49.01602], [8.33469, 49.01602]]]}}, {"type": "Feature", "properties": {"area_ha": 0.02, "dist_km": 1.963, "node": "Daxlanden", "node_mw": 500, "osm_id": 710528563, "anchor_kind": "demand"}, "geometry": {"type": "Polygon", "coordinates": [[[8.33251, 49.01821], [8.33251, 49.01814], [8.33276, 49.01814], [8.33276, 49.01815], [8.33293, 49.01815], [8.33293, 49.01819], [8.33276, 49.01819], [8.33276, 49.01821], [8.33251, 49.01821]]]}}, {"type": "Feature", "properties": {"area_ha": 0.001, "dist_km": 1.907, "node": "Daxlanden", "node_mw": 500, "osm_id": 710528576, "anchor_kind": "demand"}, "geometry": {"type": "Polygon", "coordinates": [[[8.33559, 49.01803], [8.33562, 49.01803], [8.33562, 49.01799], [8.33559, 49.01799], [8.33559, 49.01803]]]}}, {"type": "Feature", "properties": {"area_ha": 0.009, "dist_km": 1.914, "node": "Daxlanden", "node_mw": 500, "osm_id": 710528577, "anchor_kind": "demand"}, "geometry": {"type": "Polygon", "coordinates": [[[8.33541, 49.0181], [8.33541, 49.01804], [8.33542, 49.01804], [8.33542, 49.01799], [8.33553, 49.01799], [8.33553, 49.01805], [8.33554, 49.01805], [8.33554, 49.0181], [8.33551, 49.0181], [8.33551, 49.01807], [8.33545, 49.01807], [8.33545, 49.0181], [8.33541, 49.0181]]]}}, {"type": "Feature", "properties": {"area_ha": 0.072, "dist_km": 1.901, "node": "Daxlanden", "node_mw": 500, "osm_id": 710528581, "anchor_kind": "demand"}, "geometry": {"type": "Polygon", "coordinates": [[[8.33664, 49.01815], [8.33704, 49.01814], [8.33703, 49.01792], [8.33663, 49.01793], [8.33664, 49.01815]]]}}, {"type": "Feature", "properties": {"area_ha": 0.015, "dist_km": 1.947, "node": "Daxlanden", "node_mw": 500, "osm_id": 710528592, "anchor_kind": "demand"}, "geometry": {"type": "Polygon", "coordinates": [[[8.3372, 49.0185], [8.33719, 49.01844], [8.33749, 49.01843], [8.33749, 49.0185], [8.3372, 49.0185], [8.3372, 49.0185]]]}}, {"type": "Feature", "properties": {"area_ha": 0.037, "dist_km": 1.922, "node": "Daxlanden", "node_mw": 500, "osm_id": 710528593, "anchor_kind": "demand"}, "geometry": {"type": "Polygon", "coordinates": [[[8.33594, 49.01839], [8.33604, 49.01839], [8.33602, 49.01795], [8.33591, 49.01795], [8.33594, 49.01839]]]}}, {"type": "Feature", "properties": {"area_ha": 0.002, "dist_km": 1.957, "node": "Daxlanden", "node_mw": 500, "osm_id": 710528594, "anchor_kind": "demand"}, "geometry": {"type": "Polygon", "coordinates": [[[8.3358, 49.01848], [8.3358, 49.01846], [8.33573, 49.01846], [8.33573, 49.01849], [8.3358, 49.01848]]]}}, {"type": "Feature", "properties": {"area_ha": 0.023, "dist_km": 2.066, "node": "Daxlanden", "node_mw": 500, "osm_id": 710541197, "anchor_kind": "demand"}, "geometry": {"type": "Polygon", "coordinates": [[[8.32458, 49.01698], [8.32457, 49.01688], [8.3243, 49.01688], [8.32431, 49.01699], [8.32458, 49.01698]]]}}, {"type": "Feature", "properties": {"area_ha": 0.042, "dist_km": 2.043, "node": "Daxlanden", "node_mw": 500, "osm_id": 710541198, "anchor_kind": "demand"}, "geometry": {"type": "Polygon", "coordinates": [[[8.32479, 49.01698], [8.32478, 49.01685], [8.32518, 49.01684], [8.32519, 49.01697], [8.32479, 49.01698]]]}}, {"type": "Feature", "properties": {"area_ha": 0.097, "dist_km": 2.276, "node": "Daxlanden", "node_mw": 500, "osm_id": 710567653, "anchor_kind": "demand"}, "geometry": {"type": "Polygon", "coordinates": [[[8.33839, 49.02165], [8.33843, 49.02135], [8.33843, 49.02131], [8.33839, 49.02131], [8.3382, 49.02129], [8.33817, 49.02136], [8.33815, 49.02139], [8.33809, 49.02143], [8.33802, 49.02146], [8.3379, 49.02148], [8.3379, 49.02158], [8.33795, 49.02159], [8.33813, 49.0216], [8.33823, 49.02161], [8.33839, 49.02165]]]}}, {"type": "Feature", "properties": {"area_ha": 0.032, "dist_km": 2.369, "node": "Daxlanden", "node_mw": 500, "osm_id": 710567680, "anchor_kind": "demand"}, "geometry": {"type": "Polygon", "coordinates": [[[8.32139, 49.01894], [8.32138, 49.01877], [8.32115, 49.01877], [8.32116, 49.01894], [8.32139, 49.01894]]]}}, {"type": "Feature", "properties": {"area_ha": 0.076, "dist_km": 1.097, "node": "Daxlanden", "node_mw": 500, "osm_id": 724719557, "anchor_kind": "demand"}, "geometry": {"type": "Polygon", "coordinates": [[[8.33035, 49.00881], [8.32973, 49.00909], [8.32962, 49.00899], [8.33024, 49.0087], [8.33035, 49.00881]]]}}, {"type": "Feature", "properties": {"area_ha": 0.693, "dist_km": 1.344, "node": "Daxlanden", "node_mw": 500, "osm_id": 777993047, "anchor_kind": "demand"}, "geometry": {"type": "Polygon", "coordinates": [[[8.3581, 49.00047], [8.35806, 49.00042], [8.35786, 49.00014], [8.35771, 48.99997], [8.35753, 48.9997], [8.35732, 48.99941], [8.35679, 48.99949], [8.35695, 48.99992], [8.35693, 48.99992], [8.35695, 48.99997], [8.35703, 49.0002], [8.35717, 49.00061], [8.3581, 49.00047]]]}}, {"type": "Feature", "properties": {"area_ha": 0.472, "dist_km": 1.454, "node": "Daxlanden", "node_mw": 500, "osm_id": 777993049, "anchor_kind": "demand"}, "geometry": {"type": "Polygon", "coordinates": [[[8.35765, 49.00423], [8.35882, 49.00416], [8.35905, 49.00393], [8.35921, 49.00372], [8.35916, 49.00369], [8.35794, 49.00376], [8.35795, 49.00394], [8.35761, 49.00396], [8.35765, 49.00423]]]}}, {"type": "Feature", "properties": {"area_ha": 2.517, "dist_km": 2.349, "node": "Daxlanden", "node_mw": 500, "osm_id": 779344552, "anchor_kind": "demand"}, "geometry": {"type": "Polygon", "coordinates": [[[8.36986, 48.99392], [8.36973, 48.99388], [8.36961, 48.99428], [8.36947, 48.99481], [8.36937, 48.99522], [8.36925, 48.9957], [8.36923, 48.99577], [8.36922, 48.99582], [8.36922, 48.99585], [8.36929, 48.99584], [8.36939, 48.99583], [8.36936, 48.99585], [8.36933, 48.99587], [8.36931, 48.99592], [8.36931, 48.99593], [8.36931, 48.99596], [8.36932, 48.99599], [8.36934, 48.99601], [8.36936, 48.99603], [8.36942, 48.99605], [8.36949, 48.99606], [8.36955, 48.99604], [8.36958, 48.99603], [8.3696, 48.99602], [8.36968, 48.99602], [8.37008, 48.99621], [8.37058, 48.99581], [8.3706, 48.9958], [8.3716, 48.99493], [8.37169, 48.99486], [8.37162, 48.99482], [8.37154, 48.99478], [8.37138, 48.99469], [8.37125, 48.99461], [8.37116, 48.9947], [8.37102, 48.99463], [8.37095, 48.9946], [8.37039, 48.99419], [8.37015, 48.994], [8.37011, 48.99397], [8.37009, 48.99396], [8.37006, 48.99395], [8.36986, 48.99392]]]}}, {"type": "Feature", "properties": {"area_ha": 0.002, "dist_km": 2.145, "node": "Daxlanden", "node_mw": 500, "osm_id": 813734799, "anchor_kind": "demand"}, "geometry": {"type": "Polygon", "coordinates": [[[8.3382, 48.98175], [8.33818, 48.9817], [8.33819, 48.9817], [8.33822, 48.98169], [8.33825, 48.98174], [8.33821, 48.98174], [8.3382, 48.98175]]]}}, {"type": "Feature", "properties": {"area_ha": 0.004, "dist_km": 2.356, "node": "Daxlanden", "node_mw": 500, "osm_id": 841977510, "anchor_kind": "demand"}, "geometry": {"type": "Polygon", "coordinates": [[[8.32444, 48.98207], [8.32447, 48.9821], [8.32436, 48.98214], [8.32433, 48.98211], [8.32444, 48.98207]]]}}, {"type": "Feature", "properties": {"area_ha": 0.054, "dist_km": 2.478, "node": "Daxlanden", "node_mw": 500, "osm_id": 872016902, "anchor_kind": "demand"}, "geometry": {"type": "Polygon", "coordinates": [[[8.31178, 49.01401], [8.31181, 49.01459], [8.3117, 49.0146], [8.31167, 49.01401], [8.31178, 49.01401]]]}}, {"type": "Feature", "properties": {"area_ha": 0.014, "dist_km": 2.505, "node": "Daxlanden", "node_mw": 500, "osm_id": 923130702, "anchor_kind": "demand"}, "geometry": {"type": "Polygon", "coordinates": [[[8.30917, 49.01227], [8.30921, 49.01227], [8.30925, 49.01229], [8.30928, 49.0123], [8.30934, 49.0123], [8.30934, 49.01218], [8.30917, 49.01218], [8.30917, 49.01227]]]}}, {"type": "Feature", "properties": {"area_ha": 0.018, "dist_km": 2.105, "node": "Daxlanden", "node_mw": 500, "osm_id": 1001843290, "anchor_kind": "demand"}, "geometry": {"type": "Polygon", "coordinates": [[[8.35351, 49.01727], [8.35366, 49.01732], [8.35359, 49.01743], [8.35343, 49.01739], [8.35351, 49.01727]]]}}, {"type": "Feature", "properties": {"area_ha": 0.747, "dist_km": 1.491, "node": "Daxlanden", "node_mw": 500, "osm_id": 1040750314, "anchor_kind": "demand"}, "geometry": {"type": "Polygon", "coordinates": [[[8.33886, 49.01456], [8.33885, 49.01437], [8.33884, 49.01414], [8.34103, 49.01409], [8.34104, 49.01443], [8.34105, 49.01452], [8.33967, 49.01454], [8.3396, 49.01454], [8.33886, 49.01456]]]}}, {"type": "Feature", "properties": {"area_ha": 1.926, "dist_km": 1.548, "node": "Ragow (RAG)", "node_mw": 500, "osm_id": 1046306390, "anchor_kind": "demand"}, "geometry": {"type": "Polygon", "coordinates": [[[13.90251, 51.88975], [13.90198, 51.89068], [13.90139, 51.89058], [13.90086, 51.89052], [13.90054, 51.89046], [13.90059, 51.89029], [13.90062, 51.89029], [13.90061, 51.89036], [13.90062, 51.89039], [13.90066, 51.89042], [13.90072, 51.89045], [13.90088, 51.89048], [13.90126, 51.89052], [13.90173, 51.88966], [13.9021, 51.88974], [13.90241, 51.88916], [13.90281, 51.88922], [13.90303, 51.88884], [13.9032, 51.88857], [13.90402, 51.88895], [13.90437, 51.88908], [13.90434, 51.8891], [13.90406, 51.88961], [13.90392, 51.88958], [13.90371, 51.89], [13.90359, 51.88999], [13.90251, 51.88975]]]}}, {"type": "Feature", "properties": {"area_ha": 0.094, "dist_km": 1.396, "node": "Daxlanden", "node_mw": 500, "osm_id": 1052698797, "anchor_kind": "demand"}, "geometry": {"type": "Polygon", "coordinates": [[[8.33988, 49.01362], [8.33988, 49.01349], [8.33901, 49.0135], [8.33901, 49.01351], [8.33902, 49.01363], [8.33988, 49.01362]]]}}, {"type": "Feature", "properties": {"area_ha": 0.008, "dist_km": 1.629, "node": "Daxlanden", "node_mw": 500, "osm_id": 1052698814, "anchor_kind": "demand"}, "geometry": {"type": "Polygon", "coordinates": [[[8.34395, 49.01533], [8.34408, 49.01532], [8.34407, 49.01525], [8.34404, 49.01525], [8.34395, 49.01525], [8.34395, 49.01533]]]}}, {"type": "Feature", "properties": {"area_ha": 0.013, "dist_km": 1.172, "node": "Daxlanden", "node_mw": 500, "osm_id": 1052735165, "anchor_kind": "demand"}, "geometry": {"type": "Polygon", "coordinates": [[[8.32888, 49.00913], [8.32879, 49.00905], [8.32865, 49.00911], [8.32874, 49.00919], [8.32888, 49.00913]]]}}, {"type": "Feature", "properties": {"area_ha": 0.025, "dist_km": 1.153, "node": "Daxlanden", "node_mw": 500, "osm_id": 1052735167, "anchor_kind": "demand"}, "geometry": {"type": "Polygon", "coordinates": [[[8.32913, 49.00907], [8.32898, 49.00892], [8.32884, 49.00899], [8.32899, 49.00913], [8.32913, 49.00907]]]}}, {"type": "Feature", "properties": {"area_ha": 3.51, "dist_km": 2.113, "node": "Daxlanden", "node_mw": 500, "osm_id": 1245534771, "anchor_kind": "demand"}, "geometry": {"type": "Polygon", "coordinates": [[[8.34061, 49.02068], [8.34106, 49.02046], [8.34089, 49.02032], [8.33988, 49.01941], [8.3408, 49.01911], [8.34081, 49.0189], [8.34065, 49.0189], [8.34048, 49.0189], [8.33916, 49.01893], [8.33878, 49.01915], [8.33875, 49.01919], [8.33872, 49.01925], [8.33871, 49.01932], [8.33869, 49.01967], [8.33863, 49.01974], [8.3384, 49.01983], [8.3385, 49.02003], [8.33856, 49.02018], [8.33861, 49.02051], [8.33859, 49.02073], [8.33852, 49.02132], [8.33849, 49.02164], [8.3386, 49.02163], [8.33918, 49.02136], [8.34022, 49.02086], [8.34061, 49.02068]]]}}, {"type": "Feature", "properties": {"area_ha": 0.017, "dist_km": 3.007, "node": "Daxlanden", "node_mw": 500, "osm_id": 1414744814, "anchor_kind": "demand"}, "geometry": {"type": "Polygon", "coordinates": [[[8.30285, 49.01415], [8.3029, 49.01415], [8.30296, 49.01415], [8.30299, 49.01415], [8.30302, 49.01414], [8.30304, 49.01414], [8.30307, 49.01414], [8.30306, 49.01404], [8.3029, 49.01405], [8.30285, 49.01405], [8.30285, 49.01406], [8.30285, 49.01411], [8.30285, 49.01415]]]}}, {"type": "Feature", "properties": {"area_ha": 0.131, "dist_km": 2.932, "node": "Daxlanden", "node_mw": 500, "osm_id": 1414744815, "anchor_kind": "demand"}, "geometry": {"type": "Polygon", "coordinates": [[[8.30296, 49.01212], [8.30279, 49.01212], [8.30284, 49.01306], [8.30301, 49.01305], [8.30296, 49.01212]]]}}, {"type": "Feature", "properties": {"area_ha": 0.008, "dist_km": 2.909, "node": "Daxlanden", "node_mw": 500, "osm_id": 1414744816, "anchor_kind": "demand"}, "geometry": {"type": "Polygon", "coordinates": [[[8.30362, 49.01304], [8.30361, 49.01298], [8.30353, 49.01298], [8.30353, 49.01293], [8.30349, 49.01293], [8.30349, 49.01305], [8.30362, 49.01304]]]}}, {"type": "Feature", "properties": {"area_ha": 0.004, "dist_km": 2.978, "node": "Daxlanden", "node_mw": 500, "osm_id": 1414744818, "anchor_kind": "demand"}, "geometry": {"type": "Polygon", "coordinates": [[[8.30274, 49.01338], [8.30282, 49.01338], [8.30282, 49.01333], [8.30274, 49.01333], [8.30274, 49.01338]]]}}, {"type": "Feature", "properties": {"area_ha": 0.059, "dist_km": 2.942, "node": "Daxlanden", "node_mw": 500, "osm_id": 1414744819, "anchor_kind": "demand"}, "geometry": {"type": "Polygon", "coordinates": [[[8.30366, 49.014], [8.30355, 49.014], [8.30353, 49.01368], [8.30352, 49.01368], [8.30351, 49.01339], [8.30363, 49.01339], [8.30363, 49.01344], [8.30366, 49.014]]]}}, {"type": "Feature", "properties": {"area_ha": 0.302, "dist_km": 2.973, "node": "Daxlanden", "node_mw": 500, "osm_id": 1414744820, "anchor_kind": "demand"}, "geometry": {"type": "Polygon", "coordinates": [[[8.30303, 49.0134], [8.30351, 49.01339], [8.30352, 49.01368], [8.30353, 49.01368], [8.30355, 49.014], [8.30356, 49.01416], [8.30342, 49.01416], [8.30304, 49.01417], [8.30304, 49.01414], [8.30307, 49.01414], [8.30306, 49.01404], [8.30303, 49.01343], [8.30303, 49.0134]]]}}, {"type": "Feature", "properties": {"area_ha": 0.021, "dist_km": 2.96, "node": "Daxlanden", "node_mw": 500, "osm_id": 1414744821, "anchor_kind": "demand"}, "geometry": {"type": "Polygon", "coordinates": [[[8.30356, 49.01416], [8.30355, 49.014], [8.30366, 49.014], [8.30372, 49.014], [8.30372, 49.01411], [8.30373, 49.01416], [8.30356, 49.01416]]]}}, {"type": "Feature", "properties": {"area_ha": 0.081, "dist_km": 2.985, "node": "Daxlanden", "node_mw": 500, "osm_id": 1414744822, "anchor_kind": "demand"}, "geometry": {"type": "Polygon", "coordinates": [[[8.30286, 49.01343], [8.30303, 49.01343], [8.30306, 49.01404], [8.3029, 49.01405], [8.30288, 49.01367], [8.30287, 49.01367], [8.30286, 49.01344], [8.30286, 49.01343]]]}}, {"type": "Feature", "properties": {"area_ha": 0.067, "dist_km": 2.999, "node": "Daxlanden", "node_mw": 500, "osm_id": 1414744823, "anchor_kind": "demand"}, "geometry": {"type": "Polygon", "coordinates": [[[8.30286, 49.01344], [8.30287, 49.01367], [8.30257, 49.01368], [8.30257, 49.01369], [8.30253, 49.01369], [8.30251, 49.01345], [8.30252, 49.01345], [8.30252, 49.01345], [8.30286, 49.01344]]]}}, {"type": "Feature", "properties": {"area_ha": 1.227, "dist_km": 0.432, "node": "Ragow (RAG)", "node_mw": 500, "osm_id": 1453186186, "anchor_kind": "demand"}, "geometry": {"type": "Polygon", "coordinates": [[[13.91162, 51.8754], [13.9114, 51.87564], [13.91096, 51.87613], [13.91064, 51.876], [13.91043, 51.87591], [13.9102, 51.87578], [13.9101, 51.87572], [13.90955, 51.87548], [13.90921, 51.87507], [13.90913, 51.87487], [13.90933, 51.87473], [13.90976, 51.87488], [13.91063, 51.87512], [13.91162, 51.8754]]]}}, {"type": "Feature", "properties": {"area_ha": 3.979, "dist_km": 2.63, "node": "Mannheim Ost", "node_mw": 500, "osm_id": 68437823, "anchor_kind": "demand"}, "geometry": {"type": "Polygon", "coordinates": [[[8.46514, 49.49594], [8.46501, 49.49578], [8.46477, 49.49556], [8.46467, 49.49551], [8.46458, 49.49549], [8.46417, 49.49557], [8.46235, 49.49599], [8.4622, 49.49604], [8.46154, 49.49622], [8.46119, 49.49634], [8.46058, 49.49664], [8.46017, 49.49689], [8.45996, 49.49711], [8.45989, 49.49727], [8.45987, 49.49733], [8.45982, 49.49744], [8.45976, 49.49756], [8.45965, 49.49764], [8.45975, 49.49782], [8.45985, 49.49794], [8.45989, 49.49799], [8.4599, 49.49799], [8.45997, 49.49793], [8.46068, 49.49767], [8.46114, 49.49749], [8.46171, 49.49728], [8.46236, 49.49704], [8.46281, 49.49688], [8.46335, 49.49667], [8.46356, 49.4966], [8.46403, 49.49642], [8.46466, 49.49619], [8.46512, 49.49602], [8.46511, 49.49601], [8.46511, 49.49601], [8.46511, 49.496], [8.46511, 49.496], [8.46518, 49.49599], [8.46514, 49.49594]]]}}, {"type": "Feature", "properties": {"area_ha": 9.953, "dist_km": 1.726, "node": "Mannheim Ost", "node_mw": 500, "osm_id": 74213580, "anchor_kind": "demand"}, "geometry": {"type": "Polygon", "coordinates": [[[8.47093, 49.50177], [8.47118, 49.50107], [8.47145, 49.50039], [8.47145, 49.50037], [8.47147, 49.50036], [8.47149, 49.50035], [8.47151, 49.50035], [8.47232, 49.50026], [8.47232, 49.50024], [8.47246, 49.50023], [8.47247, 49.50024], [8.47273, 49.50021], [8.47284, 49.5002], [8.47291, 49.50019], [8.47298, 49.50018], [8.47441, 49.49999], [8.47476, 49.49994], [8.47527, 49.49988], [8.47539, 49.49986], [8.47542, 49.49996], [8.4761, 49.50238], [8.47619, 49.50272], [8.4762, 49.50276], [8.47621, 49.50287], [8.47557, 49.50295], [8.47467, 49.50305], [8.47445, 49.50307], [8.47429, 49.50251], [8.47432, 49.50251], [8.47426, 49.50228], [8.47423, 49.50229], [8.47409, 49.5023], [8.47385, 49.50233], [8.47364, 49.50236], [8.47375, 49.50275], [8.47377, 49.50282], [8.47381, 49.50295], [8.47383, 49.50302], [8.47383, 49.50303], [8.47369, 49.50305], [8.47362, 49.50305], [8.47348, 49.50304], [8.47337, 49.50303], [8.47333, 49.50322], [8.47331, 49.50331], [8.47331, 49.50334], [8.47328, 49.50351], [8.47322, 49.50351], [8.47316, 49.50355], [8.47308, 49.50361], [8.47307, 49.50361], [8.47307, 49.50366], [8.47294, 49.50365], [8.47284, 49.50364], [8.47288, 49.5034], [8.47214, 49.50335], [8.47215, 49.50333], [8.4722, 49.50302], [8.47222, 49.50289], [8.47224, 49.50276], [8.47225, 49.50273], [8.47227, 49.5026], [8.47229, 49.50245], [8.47232, 49.50234], [8.47237, 49.50209], [8.47237, 49.50202], [8.47237, 49.50195], [8.47112, 49.50194], [8.47093, 49.50177]]]}}, {"type": "Feature", "properties": {"area_ha": 9.894, "dist_km": 2.873, "node": "Mannheim Ost", "node_mw": 500, "osm_id": 86143396, "anchor_kind": "demand"}, "geometry": {"type": "Polygon", "coordinates": [[[8.48273, 49.52922], [8.48271, 49.52883], [8.48274, 49.52847], [8.48278, 49.5282], [8.48278, 49.52815], [8.48282, 49.52788], [8.48286, 49.52747], [8.48289, 49.52662], [8.48289, 49.52652], [8.48289, 49.52632], [8.48445, 49.52638], [8.48639, 49.52647], [8.4877, 49.52855], [8.4877, 49.52855], [8.4876, 49.52859], [8.48511, 49.52962], [8.48513, 49.52942], [8.48536, 49.52943], [8.48548, 49.52938], [8.48549, 49.52926], [8.4855, 49.52912], [8.48462, 49.52908], [8.48459, 49.5294], [8.48452, 49.5294], [8.48452, 49.52944], [8.48433, 49.52943], [8.48431, 49.52964], [8.48426, 49.5297], [8.48273, 49.52922]]]}}, {"type": "Feature", "properties": {"area_ha": 3.938, "dist_km": 0.069, "node": "Eichstetten", "node_mw": 500, "osm_id": 87653464, "anchor_kind": "demand"}, "geometry": {"type": "Polygon", "coordinates": [[[7.75116, 48.09683], [7.75094, 48.09667], [7.75096, 48.09663], [7.75092, 48.0966], [7.75087, 48.09657], [7.75081, 48.09659], [7.75003, 48.09602], [7.74969, 48.0957], [7.74994, 48.09557], [7.75002, 48.09561], [7.75005, 48.09559], [7.75008, 48.09557], [7.75016, 48.09553], [7.75037, 48.09542], [7.75033, 48.09539], [7.75092, 48.09511], [7.75106, 48.09512], [7.7511, 48.09514], [7.75113, 48.09511], [7.75116, 48.0951], [7.7538, 48.09707], [7.75429, 48.09743], [7.75426, 48.09745], [7.75424, 48.09746], [7.75421, 48.09748], [7.75419, 48.0975], [7.75411, 48.09755], [7.75408, 48.09757], [7.75404, 48.09759], [7.75399, 48.09755], [7.75402, 48.09753], [7.75396, 48.0975], [7.75387, 48.09755], [7.75376, 48.09762], [7.75367, 48.09768], [7.75243, 48.09732], [7.75214, 48.09724], [7.7519, 48.09716], [7.75182, 48.09713], [7.75165, 48.09707], [7.75142, 48.09697], [7.75116, 48.09683]]]}}, {"type": "Feature", "properties": {"area_ha": 0.806, "dist_km": 3.003, "node": "Eichstetten", "node_mw": 500, "osm_id": 91813621, "anchor_kind": "demand"}, "geometry": {"type": "Polygon", "coordinates": [[[7.76142, 48.06995], [7.7616, 48.06985], [7.76164, 48.06988], [7.76187, 48.06975], [7.76232, 48.0701], [7.76234, 48.0701], [7.76245, 48.06996], [7.76227, 48.06991], [7.7623, 48.06985], [7.76238, 48.06987], [7.76257, 48.06958], [7.76263, 48.0696], [7.76264, 48.06958], [7.7627, 48.06959], [7.76305, 48.06908], [7.76336, 48.06917], [7.76336, 48.06917], [7.76333, 48.06921], [7.76324, 48.06934], [7.76315, 48.06946], [7.76327, 48.06949], [7.76297, 48.06994], [7.76291, 48.06992], [7.76287, 48.06996], [7.76282, 48.06996], [7.76264, 48.07021], [7.7626, 48.07027], [7.76275, 48.07029], [7.76283, 48.07029], [7.76283, 48.07026], [7.76328, 48.0703], [7.76326, 48.07039], [7.76325, 48.07044], [7.76279, 48.0704], [7.76255, 48.07038], [7.76254, 48.07044], [7.76234, 48.07042], [7.76213, 48.07038], [7.76215, 48.07032], [7.76189, 48.07027], [7.76187, 48.07029], [7.76142, 48.06995]]]}}, {"type": "Feature", "properties": {"area_ha": 25.674, "dist_km": 0.632, "node": "Mannheim Ost", "node_mw": 500, "osm_id": 96575965, "anchor_kind": "demand"}, "geometry": {"type": "Polygon", "coordinates": [[[8.49738, 49.5087], [8.49764, 49.50848], [8.5017, 49.50518], [8.50441, 49.50659], [8.5053, 49.50705], [8.50547, 49.50725], [8.50553, 49.50749], [8.50544, 49.50749], [8.50538, 49.50752], [8.50533, 49.50756], [8.50532, 49.50764], [8.50618, 49.50966], [8.50464, 49.51014], [8.50371, 49.50962], [8.50307, 49.50928], [8.50305, 49.50927], [8.503, 49.50925], [8.50267, 49.50907], [8.50233, 49.50936], [8.50262, 49.50952], [8.50006, 49.51158], [8.4982, 49.51061], [8.49727, 49.51012], [8.49649, 49.50971], [8.49669, 49.50954], [8.49687, 49.5094], [8.49691, 49.50922], [8.49694, 49.50906], [8.49738, 49.5087]]]}}, {"type": "Feature", "properties": {"area_ha": 0.577, "dist_km": 1.902, "node": "Mannheim Ost", "node_mw": 500, "osm_id": 96632956, "anchor_kind": "demand"}, "geometry": {"type": "Polygon", "coordinates": [[[8.52091, 49.51041], [8.52101, 49.51058], [8.52162, 49.51074], [8.52167, 49.5112], [8.52166, 49.51122], [8.52164, 49.51125], [8.52033, 49.51092], [8.52016, 49.51059], [8.52091, 49.51041]]]}}, {"type": "Feature", "properties": {"area_ha": 0.076, "dist_km": 0.403, "node": "Eichstetten", "node_mw": 500, "osm_id": 98718147, "anchor_kind": "demand"}, "geometry": {"type": "Polygon", "coordinates": [[[7.7524, 48.09261], [7.75256, 48.09254], [7.75245, 48.09243], [7.75249, 48.09241], [7.7524, 48.09232], [7.75235, 48.09234], [7.75217, 48.09216], [7.75201, 48.09223], [7.7524, 48.09261]]]}}, {"type": "Feature", "properties": {"area_ha": 0.109, "dist_km": 0.461, "node": "Eichstetten", "node_mw": 500, "osm_id": 98718149, "anchor_kind": "demand"}, "geometry": {"type": "Polygon", "coordinates": [[[7.75253, 48.09207], [7.75298, 48.09192], [7.7528, 48.09169], [7.75235, 48.09183], [7.75253, 48.09207]]]}}, {"type": "Feature", "properties": {"area_ha": 0.24, "dist_km": 0.324, "node": "Eichstetten", "node_mw": 500, "osm_id": 98718156, "anchor_kind": "demand"}, "geometry": {"type": "Polygon", "coordinates": [[[7.75091, 48.09308], [7.75046, 48.09289], [7.75007, 48.09331], [7.75029, 48.0934], [7.75022, 48.09348], [7.75045, 48.09358], [7.75091, 48.09308]]]}}, {"type": "Feature", "properties": {"area_ha": 0.097, "dist_km": 1.966, "node": "Mannheim Ost", "node_mw": 500, "osm_id": 112314589, "anchor_kind": "demand"}, "geometry": {"type": "Polygon", "coordinates": [[[8.48797, 49.52086], [8.48794, 49.52068], [8.48863, 49.52064], [8.48865, 49.52082], [8.48797, 49.52086]]]}}, {"type": "Feature", "properties": {"area_ha": 3.435, "dist_km": 1.874, "node": "Mannheim Ost", "node_mw": 500, "osm_id": 112314590, "anchor_kind": "demand"}, "geometry": {"type": "Polygon", "coordinates": [[[8.48709, 49.52057], [8.48765, 49.52054], [8.4885, 49.5205], [8.48864, 49.5205], [8.48874, 49.52049], [8.48905, 49.52048], [8.48876, 49.5183], [8.4868, 49.51841], [8.4868, 49.51843], [8.48696, 49.51962], [8.48709, 49.52057]]]}}, {"type": "Feature", "properties": {"area_ha": 0.911, "dist_km": 1.712, "node": "Mannheim Ost", "node_mw": 500, "osm_id": 112314591, "anchor_kind": "demand"}, "geometry": {"type": "Polygon", "coordinates": [[[8.4868, 49.51841], [8.48675, 49.51841], [8.48669, 49.51787], [8.48873, 49.51775], [8.48881, 49.5183], [8.48876, 49.5183], [8.4868, 49.51841]]]}}, {"type": "Feature", "properties": {"area_ha": 1.241, "dist_km": 2.638, "node": "Mannheim Ost", "node_mw": 500, "osm_id": 113019857, "anchor_kind": "demand"}, "geometry": {"type": "Polygon", "coordinates": [[[8.46413, 49.49549], [8.46395, 49.49553], [8.46324, 49.49568], [8.46289, 49.49576], [8.46266, 49.49582], [8.46235, 49.49589], [8.46211, 49.49509], [8.46225, 49.49507], [8.4624, 49.49505], [8.46245, 49.49505], [8.46244, 49.49502], [8.46241, 49.49492], [8.46239, 49.49487], [8.46238, 49.49484], [8.46235, 49.49476], [8.46234, 49.4947], [8.46327, 49.49458], [8.46334, 49.49457], [8.46337, 49.49467], [8.46339, 49.49474], [8.46342, 49.49482], [8.46343, 49.49489], [8.46344, 49.49492], [8.46359, 49.4951], [8.46375, 49.49529], [8.46392, 49.49524], [8.46398, 49.49531], [8.46402, 49.49535], [8.46406, 49.49541], [8.4641, 49.49546], [8.46413, 49.49549]]]}}, {"type": "Feature", "properties": {"area_ha": 0.268, "dist_km": 2.184, "node": "Mannheim Ost", "node_mw": 500, "osm_id": 121455013, "anchor_kind": "demand"}, "geometry": {"type": "Polygon", "coordinates": [[[8.52715, 49.50825], [8.52742, 49.50803], [8.52652, 49.50756], [8.52639, 49.50767], [8.52633, 49.50765], [8.5262, 49.50776], [8.52715, 49.50825]]]}}, {"type": "Feature", "properties": {"area_ha": 1.456, "dist_km": 1.811, "node": "Mannheim Ost", "node_mw": 500, "osm_id": 122576036, "anchor_kind": "demand"}, "geometry": {"type": "Polygon", "coordinates": [[[8.5099, 49.51869], [8.51013, 49.51861], [8.51017, 49.51865], [8.51075, 49.51842], [8.51061, 49.51823], [8.5107, 49.5182], [8.51024, 49.51754], [8.50998, 49.51716], [8.50982, 49.51713], [8.50907, 49.51735], [8.50895, 49.51737], [8.50863, 49.5175], [8.50985, 49.5187], [8.5099, 49.51869]]]}}, {"type": "Feature", "properties": {"area_ha": 0.053, "dist_km": 2.778, "node": "Mannheim Ost", "node_mw": 500, "osm_id": 129870062, "anchor_kind": "demand"}, "geometry": {"type": "Polygon", "coordinates": [[[8.45878, 49.50155], [8.45896, 49.50145], [8.45885, 49.50137], [8.45896, 49.50131], [8.45886, 49.50123], [8.45855, 49.5014], [8.45858, 49.50143], [8.45856, 49.50144], [8.4586, 49.50147], [8.45865, 49.50145], [8.45878, 49.50155]]]}}, {"type": "Feature", "properties": {"area_ha": 0.215, "dist_km": 1.538, "node": "Mannheim Ost", "node_mw": 500, "osm_id": 132068938, "anchor_kind": "demand"}, "geometry": {"type": "Polygon", "coordinates": [[[8.48076, 49.51356], [8.48076, 49.51353], [8.48081, 49.51334], [8.48076, 49.51334], [8.4807, 49.51333], [8.48071, 49.5133], [8.48082, 49.51331], [8.48088, 49.51308], [8.48092, 49.51309], [8.48103, 49.5131], [8.48181, 49.51318], [8.48183, 49.51318], [8.48181, 49.51329], [8.48177, 49.51328], [8.48176, 49.51331], [8.48163, 49.51329], [8.48162, 49.51332], [8.48146, 49.5133], [8.48145, 49.51333], [8.48134, 49.51331], [8.48131, 49.51342], [8.48129, 49.51342], [8.48076, 49.51356]]]}}, {"type": "Feature", "properties": {"area_ha": 0.225, "dist_km": 1.819, "node": "Mannheim Ost", "node_mw": 500, "osm_id": 132278242, "anchor_kind": "demand"}, "geometry": {"type": "Polygon", "coordinates": [[[8.52045, 49.51029], [8.52002, 49.51008], [8.5204, 49.50976], [8.52048, 49.5098], [8.52062, 49.50969], [8.52096, 49.50987], [8.52045, 49.51029]]]}}, {"type": "Feature", "properties": {"area_ha": 4.264, "dist_km": 0.784, "node": "Mannheim Ost", "node_mw": 500, "osm_id": 134221553, "anchor_kind": "demand"}, "geometry": {"type": "Polygon", "coordinates": [[[8.50012, 49.49901], [8.50213, 49.49719], [8.50215, 49.49719], [8.50217, 49.49718], [8.50219, 49.49718], [8.50221, 49.49717], [8.50224, 49.49718], [8.50225, 49.49718], [8.50347, 49.49785], [8.50346, 49.49791], [8.50351, 49.49794], [8.50355, 49.49796], [8.50359, 49.49793], [8.50364, 49.49794], [8.50401, 49.49814], [8.50404, 49.49817], [8.50402, 49.4982], [8.50259, 49.49931], [8.5018, 49.49991], [8.50162, 49.49982], [8.50012, 49.49901]]]}}, {"type": "Feature", "properties": {"area_ha": 0.03, "dist_km": 0.404, "node": "Eichstetten", "node_mw": 500, "osm_id": 137088177, "anchor_kind": "demand"}, "geometry": {"type": "Polygon", "coordinates": [[[7.75294, 48.09254], [7.75317, 48.09243], [7.75306, 48.09232], [7.75283, 48.09243], [7.75294, 48.09254]]]}}, {"type": "Feature", "properties": {"area_ha": 0.86, "dist_km": 0.808, "node": "Mannheim Ost", "node_mw": 500, "osm_id": 142545454, "anchor_kind": "demand"}, "geometry": {"type": "Polygon", "coordinates": [[[8.49799, 49.51167], [8.49809, 49.51172], [8.49801, 49.51179], [8.49666, 49.51108], [8.49674, 49.51101], [8.49685, 49.51107], [8.49745, 49.51058], [8.4986, 49.51118], [8.49799, 49.51167]]]}}, {"type": "Feature", "properties": {"area_ha": 0.242, "dist_km": 1.124, "node": "Mannheim Ost", "node_mw": 500, "osm_id": 146179828, "anchor_kind": "demand"}, "geometry": {"type": "Polygon", "coordinates": [[[8.50633, 49.51245], [8.50582, 49.51254], [8.50572, 49.51256], [8.50567, 49.51244], [8.50577, 49.51242], [8.50589, 49.5124], [8.50567, 49.51188], [8.50598, 49.51183], [8.50607, 49.51181], [8.50619, 49.51209], [8.50625, 49.51225], [8.50627, 49.51228], [8.50628, 49.51233], [8.50633, 49.51245]]]}}, {"type": "Feature", "properties": {"area_ha": 0.029, "dist_km": 1.15, "node": "Mannheim Ost", "node_mw": 500, "osm_id": 146179833, "anchor_kind": "demand"}, "geometry": {"type": "Polygon", "coordinates": [[[8.50634, 49.51247], [8.50655, 49.51243], [8.50651, 49.51234], [8.50647, 49.51234], [8.50643, 49.51225], [8.50631, 49.51227], [8.50633, 49.51232], [8.50628, 49.51233], [8.50633, 49.51245], [8.50634, 49.51247]]]}}, {"type": "Feature", "properties": {"area_ha": 0.194, "dist_km": 1.202, "node": "Mannheim Ost", "node_mw": 500, "osm_id": 146179840, "anchor_kind": "demand"}, "geometry": {"type": "Polygon", "coordinates": [[[8.50595, 49.51286], [8.50612, 49.51327], [8.50597, 49.5133], [8.50601, 49.5134], [8.5058, 49.51343], [8.50569, 49.51345], [8.50549, 49.51297], [8.50548, 49.51295], [8.50575, 49.5129], [8.50595, 49.51286]]]}}, {"type": "Feature", "properties": {"area_ha": 0.042, "dist_km": 0.979, "node": "Mannheim Ost", "node_mw": 500, "osm_id": 154982880, "anchor_kind": "demand"}, "geometry": {"type": "Polygon", "coordinates": [[[8.50234, 49.49593], [8.50251, 49.49579], [8.50272, 49.49589], [8.50273, 49.49592], [8.50258, 49.49603], [8.50254, 49.49603], [8.50247, 49.496], [8.50245, 49.49601], [8.50242, 49.49599], [8.50244, 49.49598], [8.50234, 49.49593]]]}}, {"type": "Feature", "properties": {"area_ha": 0.045, "dist_km": 1.045, "node": "Mannheim Ost", "node_mw": 500, "osm_id": 154982885, "anchor_kind": "demand"}, "geometry": {"type": "Polygon", "coordinates": [[[8.50397, 49.49564], [8.50421, 49.49577], [8.50403, 49.49591], [8.5038, 49.49578], [8.50397, 49.49564]]]}}, {"type": "Feature", "properties": {"area_ha": 0.088, "dist_km": 1.03, "node": "Mannheim Ost", "node_mw": 500, "osm_id": 154982888, "anchor_kind": "demand"}, "geometry": {"type": "Polygon", "coordinates": [[[8.50327, 49.49598], [8.50382, 49.49556], [8.50397, 49.49564], [8.5038, 49.49578], [8.50342, 49.49607], [8.50327, 49.49598]]]}}, {"type": "Feature", "properties": {"area_ha": 0.252, "dist_km": 0.957, "node": "Mannheim Ost", "node_mw": 500, "osm_id": 154982889, "anchor_kind": "demand"}, "geometry": {"type": "Polygon", "coordinates": [[[8.50275, 49.49644], [8.50285, 49.49649], [8.50286, 49.4965], [8.50286, 49.4965], [8.50288, 49.49652], [8.50304, 49.4966], [8.50329, 49.49674], [8.50373, 49.4964], [8.5033, 49.49616], [8.50337, 49.4961], [8.50325, 49.49604], [8.5032, 49.49607], [8.50324, 49.49609], [8.50286, 49.49638], [8.50284, 49.49637], [8.50275, 49.49644]]]}}, {"type": "Feature", "properties": {"area_ha": 0.285, "dist_km": 0.877, "node": "Mannheim Ost", "node_mw": 500, "osm_id": 154982891, "anchor_kind": "demand"}, "geometry": {"type": "Polygon", "coordinates": [[[8.50437, 49.49819], [8.50508, 49.49836], [8.50545, 49.4977], [8.50507, 49.49761], [8.5048, 49.49808], [8.50447, 49.49801], [8.50437, 49.49819]]]}}, {"type": "Feature", "properties": {"area_ha": 0.026, "dist_km": 0.979, "node": "Mannheim Ost", "node_mw": 500, "osm_id": 154982892, "anchor_kind": "demand"}, "geometry": {"type": "Polygon", "coordinates": [[[8.50273, 49.49592], [8.50289, 49.49601], [8.50289, 49.49602], [8.50278, 49.49611], [8.50274, 49.49611], [8.50258, 49.49603], [8.50273, 49.49592]]]}}, {"type": "Feature", "properties": {"area_ha": 0.047, "dist_km": 0.768, "node": "Mannheim Ost", "node_mw": 500, "osm_id": 154982893, "anchor_kind": "demand"}, "geometry": {"type": "Polygon", "coordinates": [[[8.50382, 49.49887], [8.50395, 49.49877], [8.504, 49.49873], [8.50402, 49.49871], [8.50424, 49.49883], [8.50422, 49.49885], [8.50417, 49.49889], [8.50404, 49.49899], [8.50382, 49.49887]]]}}, {"type": "Feature", "properties": {"area_ha": 0.037, "dist_km": 0.505, "node": "Mannheim Ost", "node_mw": 500, "osm_id": 155114306, "anchor_kind": "demand"}, "geometry": {"type": "Polygon", "coordinates": [[[8.50275, 49.50159], [8.50269, 49.50156], [8.50291, 49.50136], [8.50306, 49.50143], [8.50285, 49.50163], [8.50275, 49.50159]]]}}, {"type": "Feature", "properties": {"area_ha": 0.039, "dist_km": 0.525, "node": "Mannheim Ost", "node_mw": 500, "osm_id": 155114307, "anchor_kind": "demand"}, "geometry": {"type": "Polygon", "coordinates": [[[8.50304, 49.50161], [8.50313, 49.50145], [8.50317, 49.50146], [8.5034, 49.50152], [8.50331, 49.50167], [8.50304, 49.50161]]]}}, {"type": "Feature", "properties": {"area_ha": 0.058, "dist_km": 0.574, "node": "Mannheim Ost", "node_mw": 500, "osm_id": 155114308, "anchor_kind": "demand"}, "geometry": {"type": "Polygon", "coordinates": [[[8.50339, 49.50119], [8.50357, 49.50088], [8.50377, 49.50094], [8.5036, 49.50124], [8.50357, 49.50124], [8.50339, 49.50119]]]}}, {"type": "Feature", "properties": {"area_ha": 0.061, "dist_km": 0.549, "node": "Mannheim Ost", "node_mw": 500, "osm_id": 155114309, "anchor_kind": "demand"}, "geometry": {"type": "Polygon", "coordinates": [[[8.50317, 49.50146], [8.50333, 49.50118], [8.50339, 49.50119], [8.50357, 49.50124], [8.5034, 49.50152], [8.50317, 49.50146]]]}}, {"type": "Feature", "properties": {"area_ha": 0.037, "dist_km": 0.491, "node": "Mannheim Ost", "node_mw": 500, "osm_id": 155114314, "anchor_kind": "demand"}, "geometry": {"type": "Polygon", "coordinates": [[[8.50281, 49.50182], [8.50284, 49.50183], [8.50289, 49.50186], [8.50295, 49.50176], [8.50291, 49.50174], [8.50284, 49.50171], [8.5029, 49.50165], [8.50285, 49.50163], [8.50275, 49.50159], [8.50261, 49.50173], [8.50281, 49.50182]]]}}, {"type": "Feature", "properties": {"area_ha": 1.151, "dist_km": 0.469, "node": "Mannheim Ost", "node_mw": 500, "osm_id": 155343455, "anchor_kind": "demand"}, "geometry": {"type": "Polygon", "coordinates": [[[8.50187, 49.50233], [8.50196, 49.50225], [8.50229, 49.50194], [8.50248, 49.50175], [8.50269, 49.50156], [8.50291, 49.50136], [8.50328, 49.50105], [8.50383, 49.50055], [8.50398, 49.50064], [8.50279, 49.50268], [8.5026, 49.50265], [8.50244, 49.50263], [8.50241, 49.50263], [8.50224, 49.50254], [8.50215, 49.50249], [8.50187, 49.50233]]]}}, {"type": "Feature", "properties": {"area_ha": 1.726, "dist_km": 0.922, "node": "Mannheim Ost", "node_mw": 500, "osm_id": 155567821, "anchor_kind": "demand"}, "geometry": {"type": "Polygon", "coordinates": [[[8.50364, 49.49653], [8.50385, 49.49636], [8.50366, 49.49626], [8.50428, 49.49578], [8.50477, 49.49605], [8.50449, 49.49695], [8.50419, 49.49788], [8.50412, 49.49795], [8.50401, 49.49794], [8.50393, 49.49791], [8.50273, 49.49726], [8.50276, 49.49724], [8.50364, 49.49653]]]}}, {"type": "Feature", "properties": {"area_ha": 0.107, "dist_km": 3.001, "node": "Mannheim Ost", "node_mw": 500, "osm_id": 158187075, "anchor_kind": "demand"}, "geometry": {"type": "Polygon", "coordinates": [[[8.45742, 49.49524], [8.45744, 49.49537], [8.45744, 49.49538], [8.45746, 49.49546], [8.45747, 49.49556], [8.45764, 49.49555], [8.45768, 49.49554], [8.45766, 49.49539], [8.45761, 49.49539], [8.45761, 49.49536], [8.4576, 49.49532], [8.45769, 49.49528], [8.45773, 49.49532], [8.45803, 49.4952], [8.45789, 49.49506], [8.45742, 49.49524]]]}}, {"type": "Feature", "properties": {"area_ha": 0.05, "dist_km": 1.654, "node": "Mannheim Ost", "node_mw": 500, "osm_id": 160071354, "anchor_kind": "demand"}, "geometry": {"type": "Polygon", "coordinates": [[[8.51924, 49.50728], [8.51924, 49.5073], [8.51931, 49.5073], [8.51931, 49.50733], [8.51952, 49.50732], [8.5196, 49.50732], [8.51941, 49.50709], [8.51935, 49.50709], [8.51923, 49.50709], [8.51924, 49.50728]]]}}, {"type": "Feature", "properties": {"area_ha": 71.762, "dist_km": 2.871, "node": "Mannheim Ost", "node_mw": 500, "osm_id": 161797469, "anchor_kind": "demand"}, "geometry": {"type": "Polygon", "coordinates": [[[8.46888, 49.5142], [8.46943, 49.51471], [8.46994, 49.51528], [8.47028, 49.51572], [8.47055, 49.51611], [8.47057, 49.51619], [8.47051, 49.51628], [8.4705, 49.51634], [8.47056, 49.51644], [8.47259, 49.51591], [8.47446, 49.51541], [8.47232, 49.5139], [8.47149, 49.51324], [8.47153, 49.51295], [8.47138, 49.51269], [8.47134, 49.51266], [8.47132, 49.51265], [8.4708, 49.51228], [8.47033, 49.51196], [8.46958, 49.51142], [8.46891, 49.51094], [8.46846, 49.51061], [8.46792, 49.51024], [8.46789, 49.51022], [8.46776, 49.51014], [8.46775, 49.51013], [8.46766, 49.51005], [8.46701, 49.50959], [8.46645, 49.50918], [8.46568, 49.50863], [8.46509, 49.50821], [8.46464, 49.50791], [8.46409, 49.50754], [8.46347, 49.50708], [8.46344, 49.50706], [8.46332, 49.50703], [8.4633, 49.50701], [8.46247, 49.50644], [8.46169, 49.50587], [8.46151, 49.5057], [8.46113, 49.50534], [8.46033, 49.50473], [8.46019, 49.50452], [8.45999, 49.50434], [8.45964, 49.50388], [8.45959, 49.50381], [8.45934, 49.50353], [8.45902, 49.50316], [8.45838, 49.50254], [8.45795, 49.50204], [8.45713, 49.50193], [8.45694, 49.50196], [8.45652, 49.50196], [8.45628, 49.50199], [8.45619, 49.50201], [8.45603, 49.50219], [8.45601, 49.50229], [8.45575, 49.50246], [8.45553, 49.50231], [8.45538, 49.50226], [8.4552, 49.50223], [8.45505, 49.50223], [8.45488, 49.50225], [8.45466, 49.50233], [8.45372, 49.50279], [8.45222, 49.50358], [8.45131, 49.50408], [8.44961, 49.50505], [8.4494, 49.5052], [8.44905, 49.5055], [8.44891, 49.50564], [8.44873, 49.50587], [8.44858, 49.50613], [8.44852, 49.50628], [8.44833, 49.50627], [8.44776, 49.50624], [8.44751, 49.50622], [8.4475, 49.50622], [8.44715, 49.50644], [8.44722, 49.50649], [8.44743, 49.50664], [8.44738, 49.50698], [8.44767, 49.507], [8.44771, 49.50673], [8.44825, 49.50676], [8.44842, 49.50684], [8.4485, 49.50689], [8.44847, 49.50708], [8.44823, 49.50707], [8.44802, 49.50706], [8.44638, 49.50694], [8.44624, 49.50693], [8.4461, 49.50699], [8.446, 49.50704], [8.446, 49.50706], [8.44617, 49.50707], [8.44619, 49.50708], [8.44817, 49.50722], [8.44828, 49.50723], [8.44848, 49.50724], [8.44849, 49.5072], [8.4486, 49.50717], [8.4487, 49.5071], [8.44873, 49.50704], [8.44887, 49.50704], [8.44989, 49.50711], [8.44989, 49.50716], [8.45122, 49.50726], [8.45122, 49.50722], [8.45311, 49.50737], [8.45335, 49.50735], [8.45353, 49.50731], [8.45373, 49.50726], [8.45385, 49.50718], [8.45396, 49.50706], [8.45405, 49.50688], [8.45407, 49.50678], [8.45396, 49.50614], [8.45392, 49.50535], [8.45401, 49.50468], [8.45424, 49.5036], [8.45429, 49.50355], [8.45437, 49.50354], [8.45523, 49.50375], [8.4553, 49.5038], [8.45533, 49.50385], [8.45531, 49.50419], [8.45532, 49.50447], [8.45536, 49.50487], [8.45545, 49.50511], [8.45557, 49.50525], [8.4557, 49.50533], [8.45604, 49.50548], [8.45909, 49.50681], [8.45928, 49.50688], [8.45962, 49.50701], [8.45967, 49.50701], [8.46023, 49.5067], [8.46031, 49.50668], [8.46039, 49.50668], [8.46052, 49.50671], [8.46342, 49.50883], [8.46436, 49.5095], [8.46419, 49.50963], [8.46026, 49.50792], [8.45639, 49.50622], [8.45618, 49.50614], [8.45611, 49.50614], [8.45601, 49.50615], [8.45596, 49.50618], [8.45589, 49.50626], [8.45583, 49.50639], [8.45582, 49.50647], [8.45583, 49.50657], [8.45591, 49.50676], [8.45606, 49.50703], [8.45621, 49.50725], [8.45646, 49.50759], [8.45682, 49.50796], [8.45718, 49.50829], [8.45756, 49.50856], [8.45821, 49.50896], [8.45892, 49.50927], [8.46176, 49.5105], [8.4657, 49.51219], [8.4667, 49.51271], [8.46759, 49.51322], [8.46839, 49.51378], [8.46888, 49.5142]]]}}, {"type": "Feature", "properties": {"area_ha": 0.024, "dist_km": 2.882, "node": "Mannheim Ost", "node_mw": 500, "osm_id": 161805606, "anchor_kind": "demand"}, "geometry": {"type": "Polygon", "coordinates": [[[8.45738, 49.50567], [8.4571, 49.50561], [8.45709, 49.50563], [8.45706, 49.50567], [8.45705, 49.50571], [8.45732, 49.50577], [8.45738, 49.50567]]]}}, {"type": "Feature", "properties": {"area_ha": 0.073, "dist_km": 2.79, "node": "Mannheim Ost", "node_mw": 500, "osm_id": 161805626, "anchor_kind": "demand"}, "geometry": {"type": "Polygon", "coordinates": [[[8.45812, 49.5048], [8.45839, 49.50502], [8.45864, 49.50486], [8.45836, 49.50467], [8.45812, 49.5048]]]}}, {"type": "Feature", "properties": {"area_ha": 0.157, "dist_km": 2.704, "node": "Mannheim Ost", "node_mw": 500, "osm_id": 161808442, "anchor_kind": "demand"}, "geometry": {"type": "Polygon", "coordinates": [[[8.45941, 49.50483], [8.45919, 49.50496], [8.45929, 49.50503], [8.45988, 49.50545], [8.45988, 49.50544], [8.46009, 49.50532], [8.45945, 49.50486], [8.45941, 49.50483]]]}}, {"type": "Feature", "properties": {"area_ha": 0.028, "dist_km": 2.409, "node": "Mannheim Ost", "node_mw": 500, "osm_id": 161815965, "anchor_kind": "demand"}, "geometry": {"type": "Polygon", "coordinates": [[[8.46421, 49.50717], [8.46411, 49.50722], [8.46389, 49.50706], [8.46394, 49.50703], [8.46382, 49.50694], [8.46386, 49.50692], [8.46397, 49.507], [8.46421, 49.50717]]]}}, {"type": "Feature", "properties": {"area_ha": 0.109, "dist_km": 2.392, "node": "Mannheim Ost", "node_mw": 500, "osm_id": 161907906, "anchor_kind": "demand"}, "geometry": {"type": "Polygon", "coordinates": [[[8.46422, 49.50851], [8.46431, 49.50857], [8.46434, 49.5086], [8.46463, 49.5088], [8.46472, 49.50886], [8.46473, 49.50887], [8.46481, 49.50882], [8.46483, 49.50884], [8.4649, 49.5088], [8.46491, 49.5088], [8.46497, 49.50877], [8.46491, 49.50873], [8.4649, 49.50874], [8.46442, 49.50839], [8.46422, 49.50851]]]}}, {"type": "Feature", "properties": {"area_ha": 0.088, "dist_km": 1.652, "node": "Mannheim Ost", "node_mw": 500, "osm_id": 161911408, "anchor_kind": "demand"}, "geometry": {"type": "Polygon", "coordinates": [[[8.47702, 49.51161], [8.47761, 49.5118], [8.47772, 49.51165], [8.47713, 49.51146], [8.47702, 49.51161]]]}}, {"type": "Feature", "properties": {"area_ha": 0.982, "dist_km": 1.629, "node": "Mannheim Ost", "node_mw": 500, "osm_id": 161911410, "anchor_kind": "demand"}, "geometry": {"type": "Polygon", "coordinates": [[[8.47747, 49.50976], [8.47686, 49.51055], [8.4763, 49.51123], [8.47664, 49.51134], [8.47671, 49.51137], [8.47696, 49.51145], [8.47705, 49.51133], [8.4775, 49.51078], [8.47813, 49.50998], [8.47747, 49.50976]]]}}, {"type": "Feature", "properties": {"area_ha": 76.499, "dist_km": 1.611, "node": "Mannheim Ost", "node_mw": 500, "osm_id": 161917800, "anchor_kind": "demand"}, "geometry": {"type": "Polygon", "coordinates": [[[8.48073, 49.51411], [8.47926, 49.51449], [8.47912, 49.51459], [8.47982, 49.51668], [8.47842, 49.51683], [8.47817, 49.51686], [8.47811, 49.51687], [8.47812, 49.51689], [8.47812, 49.51691], [8.47816, 49.51708], [8.47797, 49.51719], [8.47837, 49.51752], [8.4787, 49.5178], [8.47871, 49.51781], [8.47923, 49.51827], [8.47949, 49.51856], [8.47949, 49.51859], [8.47966, 49.51879], [8.48, 49.51917], [8.48033, 49.51958], [8.48049, 49.51977], [8.48086, 49.5203], [8.4812, 49.52081], [8.48147, 49.52127], [8.4817, 49.52171], [8.48205, 49.52234], [8.48235, 49.52289], [8.48257, 49.52285], [8.48262, 49.52211], [8.48271, 49.52211], [8.48287, 49.52212], [8.48301, 49.52212], [8.48297, 49.52237], [8.48294, 49.52274], [8.48346, 49.5229], [8.48401, 49.52262], [8.48467, 49.52229], [8.48462, 49.52222], [8.48461, 49.52219], [8.48472, 49.52218], [8.48508, 49.52216], [8.48559, 49.52205], [8.48627, 49.52197], [8.48655, 49.52192], [8.48664, 49.52191], [8.48666, 49.52187], [8.48662, 49.52152], [8.48663, 49.52148], [8.48666, 49.52145], [8.48671, 49.52143], [8.48696, 49.52142], [8.48718, 49.52178], [8.48717, 49.52192], [8.48722, 49.52198], [8.48739, 49.52207], [8.48762, 49.52243], [8.48774, 49.52252], [8.48844, 49.52268], [8.49101, 49.522], [8.49144, 49.52193], [8.49131, 49.52148], [8.49145, 49.52146], [8.49103, 49.51995], [8.49111, 49.51994], [8.49097, 49.51843], [8.49079, 49.51843], [8.49067, 49.51773], [8.49027, 49.51778], [8.49023, 49.51764], [8.48971, 49.51772], [8.48959, 49.5173], [8.48815, 49.51749], [8.4867, 49.51757], [8.48652, 49.51757], [8.48653, 49.51748], [8.48654, 49.51742], [8.48658, 49.51736], [8.48662, 49.51732], [8.48674, 49.51723], [8.48688, 49.51711], [8.48697, 49.51704], [8.48746, 49.51664], [8.48755, 49.51657], [8.48768, 49.51649], [8.48788, 49.5164], [8.48796, 49.51636], [8.48806, 49.5163], [8.48816, 49.51621], [8.48825, 49.51613], [8.48876, 49.51612], [8.48889, 49.51612], [8.48889, 49.51619], [8.48902, 49.51619], [8.48902, 49.51613], [8.4891, 49.51614], [8.4891, 49.51612], [8.4891, 49.5161], [8.48909, 49.51609], [8.48906, 49.51607], [8.48903, 49.51606], [8.48903, 49.51603], [8.48904, 49.51599], [8.48904, 49.51593], [8.49003, 49.51591], [8.49041, 49.51587], [8.4905, 49.51584], [8.49079, 49.51574], [8.49073, 49.51556], [8.49065, 49.51509], [8.49092, 49.51507], [8.49088, 49.51491], [8.49093, 49.5149], [8.49093, 49.51491], [8.49113, 49.51489], [8.49114, 49.51502], [8.49139, 49.51502], [8.49137, 49.51492], [8.49166, 49.5149], [8.49165, 49.51475], [8.49139, 49.51472], [8.49133, 49.51472], [8.49106, 49.51473], [8.49104, 49.51464], [8.49067, 49.51385], [8.49062, 49.51377], [8.49105, 49.5134], [8.49158, 49.51298], [8.4921, 49.51255], [8.49255, 49.51219], [8.49256, 49.51219], [8.49237, 49.51214], [8.49228, 49.51211], [8.49217, 49.51207], [8.49204, 49.51204], [8.49192, 49.51201], [8.4918, 49.51199], [8.49169, 49.51198], [8.49157, 49.51198], [8.49145, 49.51198], [8.49133, 49.51199], [8.49121, 49.512], [8.49107, 49.51203], [8.49095, 49.51206], [8.49008, 49.5123], [8.48959, 49.51243], [8.48945, 49.51247], [8.48928, 49.51252], [8.48885, 49.51267], [8.48839, 49.5128], [8.48827, 49.5128], [8.48604, 49.51339], [8.48584, 49.51344], [8.48566, 49.51348], [8.48543, 49.51352], [8.48525, 49.51355], [8.48507, 49.51358], [8.48487, 49.5136], [8.48476, 49.51362], [8.48401, 49.51369], [8.48364, 49.5137], [8.48316, 49.51371], [8.48316, 49.51372], [8.48287, 49.51373], [8.48288, 49.51374], [8.48288, 49.51376], [8.48288, 49.51378], [8.4828, 49.51379], [8.48235, 49.51382], [8.48209, 49.51384], [8.4818, 49.51386], [8.4815, 49.51391], [8.48104, 49.514], [8.48073, 49.51411]]]}}, {"type": "Feature", "properties": {"area_ha": 0.153, "dist_km": 2.383, "node": "Mannheim Ost", "node_mw": 500, "osm_id": 162356296, "anchor_kind": "demand"}, "geometry": {"type": "Polygon", "coordinates": [[[8.46579, 49.51194], [8.466, 49.51203], [8.46611, 49.51193], [8.46617, 49.51187], [8.46615, 49.51186], [8.46666, 49.51135], [8.46647, 49.51127], [8.46628, 49.51145], [8.46579, 49.51194]]]}}, {"type": "Feature", "properties": {"area_ha": 1.708, "dist_km": 1.686, "node": "Mannheim Ost", "node_mw": 500, "osm_id": 162362047, "anchor_kind": "demand"}, "geometry": {"type": "Polygon", "coordinates": [[[8.48256, 49.51439], [8.48092, 49.51456], [8.48124, 49.51583], [8.48143, 49.51581], [8.48143, 49.51582], [8.48153, 49.51581], [8.48152, 49.51579], [8.48188, 49.51575], [8.48188, 49.51578], [8.482, 49.51577], [8.48199, 49.51574], [8.48242, 49.51569], [8.48243, 49.51572], [8.48252, 49.51571], [8.48252, 49.51568], [8.48287, 49.51565], [8.48256, 49.51439]]]}}, {"type": "Feature", "properties": {"area_ha": 0.579, "dist_km": 1.511, "node": "Mannheim Ost", "node_mw": 500, "osm_id": 162362049, "anchor_kind": "demand"}, "geometry": {"type": "Polygon", "coordinates": [[[8.48181, 49.51387], [8.48188, 49.51423], [8.48381, 49.5141], [8.48374, 49.51373], [8.48181, 49.51387]]]}}, {"type": "Feature", "properties": {"area_ha": 1.315, "dist_km": 1.585, "node": "Mannheim Ost", "node_mw": 500, "osm_id": 162362051, "anchor_kind": "demand"}, "geometry": {"type": "Polygon", "coordinates": [[[8.48268, 49.51439], [8.48308, 49.51605], [8.48405, 49.51595], [8.48364, 49.51429], [8.48268, 49.51439]]]}}, {"type": "Feature", "properties": {"area_ha": 0.153, "dist_km": 2.136, "node": "Mannheim Ost", "node_mw": 500, "osm_id": 162377786, "anchor_kind": "demand"}, "geometry": {"type": "Polygon", "coordinates": [[[8.47268, 49.51551], [8.47273, 49.51569], [8.473, 49.51566], [8.47394, 49.51548], [8.47391, 49.51541], [8.47382, 49.51543], [8.47381, 49.51541], [8.47325, 49.5154], [8.47327, 49.51544], [8.47296, 49.5155], [8.47294, 49.51547], [8.47268, 49.51551]]]}}, {"type": "Feature", "properties": {"area_ha": 0.088, "dist_km": 2.268, "node": "Mannheim Ost", "node_mw": 500, "osm_id": 162386796, "anchor_kind": "demand"}, "geometry": {"type": "Polygon", "coordinates": [[[8.47081, 49.51488], [8.47063, 49.51497], [8.47044, 49.51508], [8.47038, 49.51511], [8.47051, 49.5152], [8.4706, 49.51525], [8.471, 49.51503], [8.47081, 49.51488]]]}}, {"type": "Feature", "properties": {"area_ha": 10.272, "dist_km": 3.074, "node": "Mannheim Ost", "node_mw": 500, "osm_id": 162476319, "anchor_kind": "demand"}, "geometry": {"type": "Polygon", "coordinates": [[[8.47149, 49.5254], [8.47557, 49.52679], [8.47565, 49.52681], [8.47617, 49.52699], [8.47673, 49.52718], [8.47649, 49.52746], [8.47735, 49.52774], [8.47727, 49.5278], [8.47651, 49.52827], [8.47524, 49.52905], [8.47408, 49.52863], [8.47347, 49.5284], [8.47278, 49.52815], [8.47026, 49.52722], [8.4706, 49.52672], [8.47082, 49.52637], [8.47103, 49.526], [8.47149, 49.5254]]]}}, {"type": "Feature", "properties": {"area_ha": 3.208, "dist_km": 0.887, "node": "Mannheim Ost", "node_mw": 500, "osm_id": 162823971, "anchor_kind": "demand"}, "geometry": {"type": "Polygon", "coordinates": [[[8.50794, 49.4977], [8.5083, 49.49786], [8.5084, 49.49791], [8.50607, 49.49985], [8.50584, 49.49973], [8.50586, 49.49966], [8.50552, 49.49958], [8.5055, 49.49962], [8.50518, 49.49954], [8.50513, 49.49953], [8.50526, 49.49929], [8.5055, 49.49886], [8.50557, 49.49875], [8.50574, 49.49847], [8.50593, 49.49815], [8.50629, 49.49751], [8.50645, 49.49721], [8.50683, 49.49733], [8.50794, 49.4977]]]}}, {"type": "Feature", "properties": {"area_ha": 0.863, "dist_km": 0.925, "node": "Mannheim Ost", "node_mw": 500, "osm_id": 162823980, "anchor_kind": "demand"}, "geometry": {"type": "Polygon", "coordinates": [[[8.50577, 49.49914], [8.50631, 49.49926], [8.50637, 49.49919], [8.50647, 49.49903], [8.50652, 49.49893], [8.50657, 49.49884], [8.50667, 49.49886], [8.50676, 49.49871], [8.50685, 49.49853], [8.50698, 49.49856], [8.50705, 49.49847], [8.50712, 49.49837], [8.50738, 49.49788], [8.50681, 49.49774], [8.50678, 49.49781], [8.50674, 49.49787], [8.50669, 49.49786], [8.50655, 49.49783], [8.50633, 49.49821], [8.50604, 49.49872], [8.50601, 49.49871], [8.50577, 49.49914]]]}}, {"type": "Feature", "properties": {"area_ha": 0.004, "dist_km": 2.372, "node": "Mannheim Ost", "node_mw": 500, "osm_id": 163859712, "anchor_kind": "demand"}, "geometry": {"type": "Polygon", "coordinates": [[[8.51, 49.48446], [8.50997, 49.48441], [8.51006, 49.48438], [8.51009, 49.48443], [8.51005, 49.48444], [8.51, 49.48446]]]}}, {"type": "Feature", "properties": {"area_ha": 0.004, "dist_km": 2.36, "node": "Mannheim Ost", "node_mw": 500, "osm_id": 163859713, "anchor_kind": "demand"}, "geometry": {"type": "Polygon", "coordinates": [[[8.5101, 49.4846], [8.51008, 49.48458], [8.51007, 49.48455], [8.51011, 49.48454], [8.51016, 49.48453], [8.51018, 49.48455], [8.51019, 49.48457], [8.51015, 49.48458], [8.5101, 49.4846]]]}}, {"type": "Feature", "properties": {"area_ha": 0.004, "dist_km": 2.349, "node": "Mannheim Ost", "node_mw": 500, "osm_id": 163859714, "anchor_kind": "demand"}, "geometry": {"type": "Polygon", "coordinates": [[[8.5102, 49.48474], [8.51024, 49.48473], [8.5103, 49.48472], [8.51027, 49.48468], [8.51027, 49.48467], [8.51022, 49.48469], [8.51017, 49.4847], [8.5102, 49.48474]]]}}, {"type": "Feature", "properties": {"area_ha": 0.005, "dist_km": 2.356, "node": "Mannheim Ost", "node_mw": 500, "osm_id": 163859928, "anchor_kind": "demand"}, "geometry": {"type": "Polygon", "coordinates": [[[8.51022, 49.48469], [8.51015, 49.48458], [8.51019, 49.48457], [8.51027, 49.48467], [8.51022, 49.48469]]]}}, {"type": "Feature", "properties": {"area_ha": 0.005, "dist_km": 2.368, "node": "Mannheim Ost", "node_mw": 500, "osm_id": 163859929, "anchor_kind": "demand"}, "geometry": {"type": "Polygon", "coordinates": [[[8.51011, 49.48454], [8.51005, 49.48444], [8.51009, 49.48443], [8.51016, 49.48453], [8.51011, 49.48454]]]}}, {"type": "Feature", "properties": {"area_ha": 0.014, "dist_km": 2.351, "node": "Mannheim Ost", "node_mw": 500, "osm_id": 164003857, "anchor_kind": "demand"}, "geometry": {"type": "Polygon", "coordinates": [[[8.51035, 49.48473], [8.51026, 49.48475], [8.51025, 49.48474], [8.51024, 49.48473], [8.5103, 49.48472], [8.51027, 49.48468], [8.5103, 49.48467], [8.51029, 49.48465], [8.51041, 49.48462], [8.51048, 49.48471], [8.51036, 49.48475], [8.51035, 49.48473]]]}}, {"type": "Feature", "properties": {"area_ha": 0.034, "dist_km": 2.634, "node": "Mannheim Ost", "node_mw": 500, "osm_id": 172433091, "anchor_kind": "demand"}, "geometry": {"type": "Polygon", "coordinates": [[[8.53345, 49.50609], [8.53312, 49.50597], [8.53328, 49.50589], [8.53354, 49.50599], [8.53345, 49.50609]]]}}, {"type": "Feature", "properties": {"area_ha": 0.082, "dist_km": 2.221, "node": "Mannheim Ost", "node_mw": 500, "osm_id": 177018052, "anchor_kind": "demand"}, "geometry": {"type": "Polygon", "coordinates": [[[8.52586, 49.51142], [8.52566, 49.51158], [8.52527, 49.51139], [8.52547, 49.51122], [8.52586, 49.51142]]]}}, {"type": "Feature", "properties": {"area_ha": 0.119, "dist_km": 1.851, "node": "Mannheim Ost", "node_mw": 500, "osm_id": 177884213, "anchor_kind": "demand"}, "geometry": {"type": "Polygon", "coordinates": [[[8.52216, 49.5056], [8.5221, 49.50542], [8.5229, 49.50529], [8.52297, 49.50547], [8.52216, 49.5056]]]}}, {"type": "Feature", "properties": {"area_ha": 0.21, "dist_km": 1.083, "node": "Mannheim Ost", "node_mw": 500, "osm_id": 178953596, "anchor_kind": "demand"}, "geometry": {"type": "Polygon", "coordinates": [[[8.49133, 49.49545], [8.49079, 49.49515], [8.4903, 49.49488], [8.49049, 49.49473], [8.49152, 49.4953], [8.49133, 49.49545]]]}}, {"type": "Feature", "properties": {"area_ha": 0.028, "dist_km": 1.134, "node": "Mannheim Ost", "node_mw": 500, "osm_id": 178953597, "anchor_kind": "demand"}, "geometry": {"type": "Polygon", "coordinates": [[[8.4903, 49.49488], [8.49016, 49.4948], [8.49035, 49.49466], [8.49049, 49.49473], [8.4903, 49.49488]]]}}, {"type": "Feature", "properties": {"area_ha": 0.003, "dist_km": 0.991, "node": "Mannheim Ost", "node_mw": 500, "osm_id": 178954810, "anchor_kind": "demand"}, "geometry": {"type": "Polygon", "coordinates": [[[8.49067, 49.49613], [8.49063, 49.49611], [8.4907, 49.49605], [8.49074, 49.49608], [8.49067, 49.49613]]]}}, {"type": "Feature", "properties": {"area_ha": 0.169, "dist_km": 0.957, "node": "Mannheim Ost", "node_mw": 500, "osm_id": 178956447, "anchor_kind": "demand"}, "geometry": {"type": "Polygon", "coordinates": [[[8.4916, 49.49636], [8.49149, 49.49644], [8.49135, 49.49655], [8.49079, 49.49625], [8.4908, 49.49624], [8.49073, 49.4962], [8.49096, 49.49601], [8.4916, 49.49636]]]}}, {"type": "Feature", "properties": {"area_ha": 0.101, "dist_km": 0.908, "node": "Mannheim Ost", "node_mw": 500, "osm_id": 178956449, "anchor_kind": "demand"}, "geometry": {"type": "Polygon", "coordinates": [[[8.49182, 49.49686], [8.4913, 49.49658], [8.49135, 49.49655], [8.49149, 49.49644], [8.492, 49.49672], [8.49182, 49.49686]]]}}, {"type": "Feature", "properties": {"area_ha": 0.032, "dist_km": 0.869, "node": "Mannheim Ost", "node_mw": 500, "osm_id": 178956790, "anchor_kind": "demand"}, "geometry": {"type": "Polygon", "coordinates": [[[8.49201, 49.49698], [8.49182, 49.49687], [8.49186, 49.49684], [8.49188, 49.49682], [8.49198, 49.4968], [8.49209, 49.49686], [8.49213, 49.49683], [8.49221, 49.49689], [8.49211, 49.49697], [8.49207, 49.49695], [8.49204, 49.49695], [8.49201, 49.49698]]]}}, {"type": "Feature", "properties": {"area_ha": 0.137, "dist_km": 1.112, "node": "Mannheim Ost", "node_mw": 500, "osm_id": 178966819, "anchor_kind": "demand"}, "geometry": {"type": "Polygon", "coordinates": [[[8.49058, 49.4953], [8.49054, 49.49528], [8.49037, 49.49518], [8.4902, 49.49509], [8.4901, 49.49504], [8.48998, 49.49498], [8.48996, 49.49496], [8.4901, 49.49485], [8.49006, 49.49483], [8.49012, 49.49478], [8.49016, 49.4948], [8.4903, 49.49488], [8.49079, 49.49515], [8.49058, 49.4953]]]}}, {"type": "Feature", "properties": {"area_ha": 0.038, "dist_km": 1.035, "node": "Mannheim Ost", "node_mw": 500, "osm_id": 178971341, "anchor_kind": "demand"}, "geometry": {"type": "Polygon", "coordinates": [[[8.49098, 49.49567], [8.4909, 49.49562], [8.49075, 49.49554], [8.4909, 49.49542], [8.49113, 49.49555], [8.4911, 49.49557], [8.49098, 49.49567]]]}}, {"type": "Feature", "properties": {"area_ha": 0.019, "dist_km": 1.016, "node": "Mannheim Ost", "node_mw": 500, "osm_id": 178973569, "anchor_kind": "demand"}, "geometry": {"type": "Polygon", "coordinates": [[[8.49036, 49.49586], [8.49044, 49.4958], [8.49058, 49.49587], [8.49061, 49.49584], [8.49073, 49.49591], [8.49065, 49.49596], [8.4905, 49.49588], [8.49046, 49.49592], [8.49036, 49.49586]]]}}, {"type": "Feature", "properties": {"area_ha": 0.026, "dist_km": 1.024, "node": "Mannheim Ost", "node_mw": 500, "osm_id": 178973574, "anchor_kind": "demand"}, "geometry": {"type": "Polygon", "coordinates": [[[8.49058, 49.49587], [8.49044, 49.4958], [8.49063, 49.49566], [8.49076, 49.49573], [8.49061, 49.49584], [8.49058, 49.49587]]]}}, {"type": "Feature", "properties": {"area_ha": 0.023, "dist_km": 1.035, "node": "Mannheim Ost", "node_mw": 500, "osm_id": 178973576, "anchor_kind": "demand"}, "geometry": {"type": "Polygon", "coordinates": [[[8.49076, 49.49573], [8.4909, 49.49562], [8.49075, 49.49554], [8.49067, 49.4956], [8.49061, 49.49565], [8.49063, 49.49566], [8.49076, 49.49573]]]}}, {"type": "Feature", "properties": {"area_ha": 0.071, "dist_km": 3.012, "node": "Mannheim Ost", "node_mw": 500, "osm_id": 181387788, "anchor_kind": "demand"}, "geometry": {"type": "Polygon", "coordinates": [[[8.4718, 49.52557], [8.47247, 49.52579], [8.47239, 49.52589], [8.47172, 49.52567], [8.4718, 49.52557]]]}}, {"type": "Feature", "properties": {"area_ha": 0.048, "dist_km": 2.984, "node": "Mannheim Ost", "node_mw": 500, "osm_id": 181387789, "anchor_kind": "demand"}, "geometry": {"type": "Polygon", "coordinates": [[[8.47484, 49.52659], [8.47521, 49.52672], [8.4752, 49.52673], [8.47516, 49.52678], [8.4751, 49.52684], [8.47474, 49.52672], [8.47484, 49.52659]]]}}, {"type": "Feature", "properties": {"area_ha": 0.008, "dist_km": 2.98, "node": "Mannheim Ost", "node_mw": 500, "osm_id": 181387848, "anchor_kind": "demand"}, "geometry": {"type": "Polygon", "coordinates": [[[8.4752, 49.52673], [8.47535, 49.52678], [8.47531, 49.52683], [8.47516, 49.52678], [8.4752, 49.52673]]]}}, {"type": "Feature", "properties": {"area_ha": 0.161, "dist_km": 2.591, "node": "Mannheim Ost", "node_mw": 500, "osm_id": 182836899, "anchor_kind": "demand"}, "geometry": {"type": "Polygon", "coordinates": [[[8.48342, 49.52618], [8.48364, 49.52619], [8.4837, 49.52559], [8.48373, 49.52559], [8.48373, 49.52557], [8.4838, 49.52558], [8.4838, 49.52556], [8.4838, 49.52555], [8.48371, 49.52554], [8.48373, 49.52533], [8.4835, 49.52532], [8.48342, 49.52618]]]}}, {"type": "Feature", "properties": {"area_ha": 0.205, "dist_km": 2.675, "node": "Mannheim Ost", "node_mw": 500, "osm_id": 182836904, "anchor_kind": "demand"}, "geometry": {"type": "Polygon", "coordinates": [[[8.4829, 49.5265], [8.48442, 49.52656], [8.48444, 49.52639], [8.48293, 49.52634], [8.4829, 49.5265]]]}}, {"type": "Feature", "properties": {"area_ha": 0.064, "dist_km": 1.889, "node": "Mannheim Ost", "node_mw": 500, "osm_id": 188145318, "anchor_kind": "demand"}, "geometry": {"type": "Polygon", "coordinates": [[[8.52117, 49.51101], [8.52066, 49.51089], [8.52074, 49.51075], [8.52083, 49.51077], [8.52125, 49.51088], [8.52117, 49.51101]]]}}, {"type": "Feature", "properties": {"area_ha": 0.04, "dist_km": 1.917, "node": "Mannheim Ost", "node_mw": 500, "osm_id": 188145319, "anchor_kind": "demand"}, "geometry": {"type": "Polygon", "coordinates": [[[8.52136, 49.51106], [8.52117, 49.51101], [8.52125, 49.51088], [8.5213, 49.51078], [8.5214, 49.51081], [8.52149, 49.51083], [8.52136, 49.51106]]]}}, {"type": "Feature", "properties": {"area_ha": 5.058, "dist_km": 2.881, "node": "Mannheim Ost", "node_mw": 500, "osm_id": 195742945, "anchor_kind": "demand"}, "geometry": {"type": "Polygon", "coordinates": [[[8.45905, 49.50914], [8.4593, 49.50889], [8.45949, 49.5087], [8.45952, 49.50866], [8.4597, 49.50848], [8.45972, 49.50846], [8.46008, 49.5081], [8.46026, 49.50792], [8.45639, 49.50622], [8.45618, 49.50614], [8.45611, 49.50614], [8.45601, 49.50615], [8.45596, 49.50618], [8.45589, 49.50626], [8.45583, 49.50639], [8.45582, 49.50647], [8.45583, 49.50657], [8.45591, 49.50676], [8.45606, 49.50703], [8.45621, 49.50725], [8.45646, 49.50759], [8.45682, 49.50796], [8.45718, 49.50829], [8.45756, 49.50856], [8.45821, 49.50896], [8.45892, 49.50927], [8.45905, 49.50914]]]}}, {"type": "Feature", "properties": {"area_ha": 5.709, "dist_km": 1.076, "node": "Mannheim Ost", "node_mw": 500, "osm_id": 196639951, "anchor_kind": "demand"}, "geometry": {"type": "Polygon", "coordinates": [[[8.49209, 49.49705], [8.48962, 49.49573], [8.48973, 49.49564], [8.48968, 49.49562], [8.48983, 49.4955], [8.48952, 49.49534], [8.48996, 49.49496], [8.48957, 49.49476], [8.49014, 49.49428], [8.49049, 49.494], [8.4907, 49.49411], [8.49083, 49.49407], [8.49109, 49.49422], [8.49146, 49.49442], [8.49159, 49.49449], [8.49172, 49.49434], [8.49197, 49.49447], [8.49196, 49.49462], [8.49227, 49.49478], [8.49239, 49.49468], [8.49292, 49.49498], [8.49295, 49.49499], [8.49308, 49.4949], [8.49356, 49.49515], [8.49305, 49.49552], [8.49338, 49.49568], [8.49321, 49.49583], [8.49342, 49.49593], [8.49209, 49.49705]]]}}, {"type": "Feature", "properties": {"area_ha": 0.23, "dist_km": 1.67, "node": "Mannheim Ost", "node_mw": 500, "osm_id": 196958914, "anchor_kind": "demand"}, "geometry": {"type": "Polygon", "coordinates": [[[8.474, 49.50122], [8.4739, 49.50086], [8.47467, 49.50077], [8.47477, 49.50113], [8.474, 49.50122]]]}}, {"type": "Feature", "properties": {"area_ha": 0.195, "dist_km": 1.655, "node": "Mannheim Ost", "node_mw": 500, "osm_id": 196958927, "anchor_kind": "demand"}, "geometry": {"type": "Polygon", "coordinates": [[[8.4749, 49.5012], [8.47495, 49.50139], [8.47484, 49.50141], [8.47373, 49.50154], [8.47375, 49.50134], [8.4749, 49.5012]]]}}, {"type": "Feature", "properties": {"area_ha": 0.05, "dist_km": 1.058, "node": "Mannheim Ost", "node_mw": 500, "osm_id": 197029851, "anchor_kind": "demand"}, "geometry": {"type": "Polygon", "coordinates": [[[8.49957, 49.51351], [8.49946, 49.5136], [8.49904, 49.51338], [8.49906, 49.51337], [8.49907, 49.51336], [8.49911, 49.51333], [8.49915, 49.51329], [8.49957, 49.51351]]]}}, {"type": "Feature", "properties": {"area_ha": 0.019, "dist_km": 2.817, "node": "Eichstetten", "node_mw": 500, "osm_id": 198818517, "anchor_kind": "demand"}, "geometry": {"type": "Polygon", "coordinates": [[[7.782, 48.11141], [7.78202, 48.11132], [7.78217, 48.11133], [7.78224, 48.11134], [7.78223, 48.11142], [7.78223, 48.11144], [7.782, 48.11141]]]}}, {"type": "Feature", "properties": {"area_ha": 0.035, "dist_km": 2.129, "node": "Mannheim Ost", "node_mw": 500, "osm_id": 204527348, "anchor_kind": "demand"}, "geometry": {"type": "Polygon", "coordinates": [[[8.47144, 49.51362], [8.47143, 49.51362], [8.47126, 49.51357], [8.47127, 49.51355], [8.47131, 49.51351], [8.47134, 49.51346], [8.47136, 49.51344], [8.47167, 49.51354], [8.47165, 49.51357], [8.47162, 49.51361], [8.4716, 49.51363], [8.47152, 49.51361], [8.47144, 49.51362]]]}}, {"type": "Feature", "properties": {"area_ha": 0.152, "dist_km": 0.312, "node": "Eichstetten", "node_mw": 500, "osm_id": 223184318, "anchor_kind": "demand"}, "geometry": {"type": "Polygon", "coordinates": [[[7.75335, 48.09327], [7.75374, 48.09364], [7.75347, 48.09376], [7.75309, 48.09339], [7.75318, 48.09335], [7.75316, 48.09332], [7.75302, 48.09328], [7.75318, 48.0931], [7.75332, 48.09315], [7.75328, 48.0932], [7.7533, 48.09321], [7.75326, 48.09327], [7.75329, 48.0933], [7.75335, 48.09327]]]}}, {"type": "Feature", "properties": {"area_ha": 0.04, "dist_km": 0.422, "node": "Eichstetten", "node_mw": 500, "osm_id": 223184339, "anchor_kind": "demand"}, "geometry": {"type": "Polygon", "coordinates": [[[7.75278, 48.09237], [7.75263, 48.09223], [7.75288, 48.09212], [7.75302, 48.09225], [7.75278, 48.09237]]]}}, {"type": "Feature", "properties": {"area_ha": 0.021, "dist_km": 1.762, "node": "Mannheim Ost", "node_mw": 500, "osm_id": 223925411, "anchor_kind": "demand"}, "geometry": {"type": "Polygon", "coordinates": [[[8.47271, 49.50354], [8.47274, 49.50343], [8.47252, 49.50341], [8.47249, 49.50352], [8.47271, 49.50354]]]}}, {"type": "Feature", "properties": {"area_ha": 0.028, "dist_km": 1.732, "node": "Mannheim Ost", "node_mw": 500, "osm_id": 223925412, "anchor_kind": "demand"}, "geometry": {"type": "Polygon", "coordinates": [[[8.47309, 49.50234], [8.47313, 49.50211], [8.47328, 49.50213], [8.47324, 49.50235], [8.47309, 49.50234], [8.47309, 49.50234]]]}}, {"type": "Feature", "properties": {"area_ha": 0.026, "dist_km": 1.784, "node": "Mannheim Ost", "node_mw": 500, "osm_id": 223925417, "anchor_kind": "demand"}, "geometry": {"type": "Polygon", "coordinates": [[[8.47227, 49.5026], [8.47229, 49.50245], [8.47252, 49.50247], [8.47249, 49.50261], [8.47227, 49.5026]]]}}, {"type": "Feature", "properties": {"area_ha": 0.08, "dist_km": 1.755, "node": "Mannheim Ost", "node_mw": 500, "osm_id": 223925418, "anchor_kind": "demand"}, "geometry": {"type": "Polygon", "coordinates": [[[8.47303, 49.50266], [8.47305, 49.50255], [8.47298, 49.50255], [8.47299, 49.50246], [8.47253, 49.50242], [8.47252, 49.50247], [8.47249, 49.50261], [8.47303, 49.50266]]]}}, {"type": "Feature", "properties": {"area_ha": 0.521, "dist_km": 1.768, "node": "Mannheim Ost", "node_mw": 500, "osm_id": 223925419, "anchor_kind": "demand"}, "geometry": {"type": "Polygon", "coordinates": [[[8.47215, 49.50333], [8.4722, 49.50302], [8.47222, 49.50289], [8.47224, 49.50276], [8.47225, 49.50273], [8.47227, 49.5026], [8.47249, 49.50261], [8.47303, 49.50266], [8.47305, 49.50255], [8.47315, 49.50256], [8.47299, 49.5034], [8.47288, 49.50339], [8.47215, 49.50333]]]}}, {"type": "Feature", "properties": {"area_ha": 0.388, "dist_km": 2.881, "node": "Mannheim Ost", "node_mw": 500, "osm_id": 230955058, "anchor_kind": "demand"}, "geometry": {"type": "Polygon", "coordinates": [[[8.4855, 49.52912], [8.48462, 49.52908], [8.48464, 49.52876], [8.48492, 49.52877], [8.48492, 49.52869], [8.48482, 49.52869], [8.48483, 49.5286], [8.48462, 49.52859], [8.48463, 49.52843], [8.48494, 49.52845], [8.48493, 49.52855], [8.48555, 49.52857], [8.4855, 49.52912]]]}}, {"type": "Feature", "properties": {"area_ha": 1.27, "dist_km": 2.736, "node": "Mannheim Ost", "node_mw": 500, "osm_id": 231083164, "anchor_kind": "demand"}, "geometry": {"type": "Polygon", "coordinates": [[[8.4829, 49.5265], [8.48289, 49.52657], [8.48293, 49.52658], [8.4829, 49.52687], [8.48315, 49.52688], [8.48332, 49.52688], [8.48323, 49.52785], [8.4843, 49.52789], [8.48442, 49.52656], [8.4829, 49.5265]]]}}, {"type": "Feature", "properties": {"area_ha": 1.122, "dist_km": 1.702, "node": "Mannheim Ost", "node_mw": 500, "osm_id": 238211398, "anchor_kind": "demand"}, "geometry": {"type": "Polygon", "coordinates": [[[8.4724, 49.50195], [8.47244, 49.50135], [8.47291, 49.50136], [8.47302, 49.50137], [8.47316, 49.50137], [8.47318, 49.50098], [8.47376, 49.50099], [8.47375, 49.50134], [8.47373, 49.50154], [8.47484, 49.50141], [8.47489, 49.50159], [8.47454, 49.50163], [8.47456, 49.50168], [8.47463, 49.50167], [8.47467, 49.50183], [8.47355, 49.50196], [8.4724, 49.50195]]]}}, {"type": "Feature", "properties": {"area_ha": 0.108, "dist_km": 1.696, "node": "Mannheim Ost", "node_mw": 500, "osm_id": 238211400, "anchor_kind": "demand"}, "geometry": {"type": "Polygon", "coordinates": [[[8.47398, 49.50035], [8.47394, 49.50023], [8.47394, 49.50022], [8.47392, 49.50016], [8.47451, 49.50008], [8.47457, 49.50007], [8.47457, 49.50008], [8.47463, 49.50026], [8.4743, 49.5003], [8.47431, 49.50033], [8.47414, 49.50035], [8.47414, 49.50032], [8.47398, 49.50035]]]}}, {"type": "Feature", "properties": {"area_ha": 0.449, "dist_km": 1.606, "node": "Mannheim Ost", "node_mw": 500, "osm_id": 238211401, "anchor_kind": "demand"}, "geometry": {"type": "Polygon", "coordinates": [[[8.47523, 49.50167], [8.47509, 49.50117], [8.47502, 49.50118], [8.47496, 49.50099], [8.47504, 49.50098], [8.47497, 49.50072], [8.47552, 49.50065], [8.47579, 49.5016], [8.47523, 49.50167]]]}}, {"type": "Feature", "properties": {"area_ha": 0.096, "dist_km": 1.609, "node": "Mannheim Ost", "node_mw": 500, "osm_id": 238211402, "anchor_kind": "demand"}, "geometry": {"type": "Polygon", "coordinates": [[[8.47506, 49.50273], [8.47511, 49.50292], [8.47451, 49.50299], [8.47445, 49.5028], [8.47506, 49.50273]]]}}, {"type": "Feature", "properties": {"area_ha": 0.073, "dist_km": 1.786, "node": "Mannheim Ost", "node_mw": 500, "osm_id": 238211403, "anchor_kind": "demand"}, "geometry": {"type": "Polygon", "coordinates": [[[8.47284, 49.50085], [8.47272, 49.50043], [8.47281, 49.50042], [8.4728, 49.50038], [8.47281, 49.50038], [8.47291, 49.50037], [8.47292, 49.5004], [8.47303, 49.50083], [8.47284, 49.50085]]]}}, {"type": "Feature", "properties": {"area_ha": 0.072, "dist_km": 1.585, "node": "Mannheim Ost", "node_mw": 500, "osm_id": 238211404, "anchor_kind": "demand"}, "geometry": {"type": "Polygon", "coordinates": [[[8.47519, 49.50223], [8.47533, 49.50274], [8.47516, 49.50276], [8.47502, 49.50225], [8.47519, 49.50223]]]}}, {"type": "Feature", "properties": {"area_ha": 0.032, "dist_km": 1.616, "node": "Mannheim Ost", "node_mw": 500, "osm_id": 238211405, "anchor_kind": "demand"}, "geometry": {"type": "Polygon", "coordinates": [[[8.47475, 49.5018], [8.47472, 49.50169], [8.47485, 49.50168], [8.47483, 49.50164], [8.47499, 49.50162], [8.475, 49.50166], [8.47503, 49.50165], [8.47505, 49.50175], [8.47493, 49.50176], [8.47493, 49.50178], [8.47475, 49.5018]]]}}, {"type": "Feature", "properties": {"area_ha": 0.167, "dist_km": 1.88, "node": "Mannheim Ost", "node_mw": 500, "osm_id": 238211409, "anchor_kind": "demand"}, "geometry": {"type": "Polygon", "coordinates": [[[8.47118, 49.50107], [8.47093, 49.50177], [8.47112, 49.50194], [8.47133, 49.50194], [8.47133, 49.50186], [8.47119, 49.50186], [8.47118, 49.50177], [8.47135, 49.50131], [8.47142, 49.50111], [8.47118, 49.50107]]]}}, {"type": "Feature", "properties": {"area_ha": 2.166, "dist_km": 1.779, "node": "Mannheim Ost", "node_mw": 500, "osm_id": 239929230, "anchor_kind": "demand"}, "geometry": {"type": "Polygon", "coordinates": [[[8.48418, 49.5166], [8.484, 49.51657], [8.48398, 49.51662], [8.48377, 49.51659], [8.48369, 49.5168], [8.48257, 49.51662], [8.48205, 49.51793], [8.48217, 49.51796], [8.48204, 49.51828], [8.48342, 49.51852], [8.48418, 49.5166]]]}}, {"type": "Feature", "properties": {"area_ha": 2.78, "dist_km": 2.026, "node": "Mannheim Ost", "node_mw": 500, "osm_id": 239929231, "anchor_kind": "demand"}, "geometry": {"type": "Polygon", "coordinates": [[[8.49007, 49.52045], [8.49092, 49.5204], [8.49106, 49.52154], [8.49, 49.52183], [8.48875, 49.52216], [8.48784, 49.52238], [8.48747, 49.52178], [8.48737, 49.52181], [8.48718, 49.52149], [8.48776, 49.52135], [8.48785, 49.5215], [8.48874, 49.52127], [8.48884, 49.52125], [8.49012, 49.5209], [8.49007, 49.52045]]]}}, {"type": "Feature", "properties": {"area_ha": 0.752, "dist_km": 1.763, "node": "Mannheim Ost", "node_mw": 500, "osm_id": 239929232, "anchor_kind": "demand"}, "geometry": {"type": "Polygon", "coordinates": [[[8.4908, 49.51952], [8.49067, 49.51846], [8.49008, 49.51849], [8.49014, 49.519], [8.49031, 49.51899], [8.49033, 49.51914], [8.48989, 49.51917], [8.49001, 49.52007], [8.49045, 49.52004], [8.49038, 49.51955], [8.4908, 49.51952]]]}}, {"type": "Feature", "properties": {"area_ha": 0.848, "dist_km": 1.961, "node": "Mannheim Ost", "node_mw": 500, "osm_id": 239929236, "anchor_kind": "demand"}, "geometry": {"type": "Polygon", "coordinates": [[[8.48304, 49.5195], [8.48338, 49.51863], [8.48224, 49.51845], [8.4819, 49.51931], [8.48304, 49.5195]]]}}, {"type": "Feature", "properties": {"area_ha": 0.058, "dist_km": 2.175, "node": "Mannheim Ost", "node_mw": 500, "osm_id": 239929238, "anchor_kind": "demand"}, "geometry": {"type": "Polygon", "coordinates": [[[8.48382, 49.52142], [8.48351, 49.52144], [8.48354, 49.52167], [8.48385, 49.52166], [8.48382, 49.52142]]]}}, {"type": "Feature", "properties": {"area_ha": 1.595, "dist_km": 1.516, "node": "Mannheim Ost", "node_mw": 500, "osm_id": 239929242, "anchor_kind": "demand"}, "geometry": {"type": "Polygon", "coordinates": [[[8.48428, 49.51593], [8.48541, 49.51581], [8.48507, 49.51414], [8.48388, 49.51426], [8.48428, 49.51593]]]}}, {"type": "Feature", "properties": {"area_ha": 0.404, "dist_km": 2.043, "node": "Mannheim Ost", "node_mw": 500, "osm_id": 239929244, "anchor_kind": "demand"}, "geometry": {"type": "Polygon", "coordinates": [[[8.48288, 49.52003], [8.48304, 49.51963], [8.48188, 49.51943], [8.48172, 49.51984], [8.48288, 49.52003]]]}}, {"type": "Feature", "properties": {"area_ha": 0.458, "dist_km": 2.179, "node": "Mannheim Ost", "node_mw": 500, "osm_id": 239929245, "anchor_kind": "demand"}, "geometry": {"type": "Polygon", "coordinates": [[[8.48255, 49.52151], [8.48276, 49.5208], [8.48199, 49.5207], [8.48177, 49.52141], [8.48255, 49.52151]]]}}, {"type": "Feature", "properties": {"area_ha": 0.666, "dist_km": 2.127, "node": "Mannheim Ost", "node_mw": 500, "osm_id": 239929246, "anchor_kind": "demand"}, "geometry": {"type": "Polygon", "coordinates": [[[8.48276, 49.5208], [8.48296, 49.5203], [8.48141, 49.52008], [8.48124, 49.52059], [8.48199, 49.5207], [8.48276, 49.5208]]]}}, {"type": "Feature", "properties": {"area_ha": 0.025, "dist_km": 1.537, "node": "Mannheim Ost", "node_mw": 500, "osm_id": 239929247, "anchor_kind": "demand"}, "geometry": {"type": "Polygon", "coordinates": [[[8.48587, 49.51578], [8.48563, 49.51579], [8.4856, 49.51566], [8.48584, 49.51565], [8.48587, 49.51578]]]}}, {"type": "Feature", "properties": {"area_ha": 1.039, "dist_km": 1.31, "node": "Mannheim Ost", "node_mw": 500, "osm_id": 239929248, "anchor_kind": "demand"}, "geometry": {"type": "Polygon", "coordinates": [[[8.4852, 49.51398], [8.48837, 49.51365], [8.48827, 49.5132], [8.48642, 49.51341], [8.48551, 49.51366], [8.48514, 49.51369], [8.4852, 49.51398]]]}}, {"type": "Feature", "properties": {"area_ha": 0.434, "dist_km": 1.842, "node": "Mannheim Ost", "node_mw": 500, "osm_id": 239929249, "anchor_kind": "demand"}, "geometry": {"type": "Polygon", "coordinates": [[[8.49007, 49.52045], [8.49001, 49.52007], [8.49045, 49.52004], [8.49038, 49.51955], [8.4908, 49.51952], [8.49092, 49.5204], [8.49007, 49.52045]]]}}, {"type": "Feature", "properties": {"area_ha": 0.154, "dist_km": 2.191, "node": "Mannheim Ost", "node_mw": 500, "osm_id": 239929250, "anchor_kind": "demand"}, "geometry": {"type": "Polygon", "coordinates": [[[8.4835, 49.52196], [8.48417, 49.52192], [8.48415, 49.52178], [8.48414, 49.52164], [8.48411, 49.52164], [8.48385, 49.52166], [8.48354, 49.52167], [8.48347, 49.52168], [8.48349, 49.52183], [8.4835, 49.52196]]]}}, {"type": "Feature", "properties": {"area_ha": 0.703, "dist_km": 2.112, "node": "Mannheim Ost", "node_mw": 500, "osm_id": 240027021, "anchor_kind": "demand"}, "geometry": {"type": "Polygon", "coordinates": [[[8.48504, 49.52187], [8.48636, 49.52179], [8.48627, 49.52114], [8.48495, 49.52121], [8.48504, 49.52187]]]}}, {"type": "Feature", "properties": {"area_ha": 1.435, "dist_km": 1.88, "node": "Mannheim Ost", "node_mw": 500, "osm_id": 240027025, "anchor_kind": "demand"}, "geometry": {"type": "Polygon", "coordinates": [[[8.48537, 49.51884], [8.4849, 49.51887], [8.48464, 49.51912], [8.4847, 49.51957], [8.48534, 49.51954], [8.48536, 49.5197], [8.48655, 49.51964], [8.48638, 49.51845], [8.48532, 49.51851], [8.48537, 49.51884]]]}}, {"type": "Feature", "properties": {"area_ha": 1.607, "dist_km": 1.958, "node": "Mannheim Ost", "node_mw": 500, "osm_id": 240027027, "anchor_kind": "demand"}, "geometry": {"type": "Polygon", "coordinates": [[[8.48655, 49.51964], [8.48655, 49.51971], [8.48663, 49.5197], [8.48674, 49.52059], [8.48465, 49.5207], [8.4846, 49.52027], [8.48453, 49.51974], [8.48536, 49.5197], [8.48655, 49.51964]]]}}, {"type": "Feature", "properties": {"area_ha": 0.07, "dist_km": 0.948, "node": "Mannheim Ost", "node_mw": 500, "osm_id": 240991265, "anchor_kind": "demand"}, "geometry": {"type": "Polygon", "coordinates": [[[8.50643, 49.49777], [8.50622, 49.49816], [8.50602, 49.49811], [8.50623, 49.49772], [8.50643, 49.49777]]]}}, {"type": "Feature", "properties": {"area_ha": 0.083, "dist_km": 0.826, "node": "Mannheim Ost", "node_mw": 500, "osm_id": 240991266, "anchor_kind": "demand"}, "geometry": {"type": "Polygon", "coordinates": [[[8.50533, 49.49929], [8.50553, 49.49933], [8.50579, 49.49887], [8.50559, 49.49882], [8.50533, 49.49929]]]}}, {"type": "Feature", "properties": {"area_ha": 0.008, "dist_km": 0.861, "node": "Mannheim Ost", "node_mw": 500, "osm_id": 240991267, "anchor_kind": "demand"}, "geometry": {"type": "Polygon", "coordinates": [[[8.50563, 49.49876], [8.5057, 49.49878], [8.50577, 49.49865], [8.5057, 49.49864], [8.50563, 49.49876]]]}}, {"type": "Feature", "properties": {"area_ha": 0.052, "dist_km": 1.649, "node": "Mannheim Ost", "node_mw": 500, "osm_id": 241819159, "anchor_kind": "demand"}, "geometry": {"type": "Polygon", "coordinates": [[[8.47481, 49.50015], [8.47478, 49.50015], [8.47475, 49.50006], [8.47475, 49.50005], [8.47476, 49.50005], [8.47528, 49.49998], [8.47533, 49.49998], [8.47536, 49.50009], [8.47481, 49.50015]]]}}, {"type": "Feature", "properties": {"area_ha": 7.221, "dist_km": 2.929, "node": "Eichstetten", "node_mw": 500, "osm_id": 244362150, "anchor_kind": "demand"}, "geometry": {"type": "Polygon", "coordinates": [[[7.76016, 48.07028], [7.76078, 48.07035], [7.76154, 48.07042], [7.76151, 48.07032], [7.76141, 48.0702], [7.76124, 48.06999], [7.76111, 48.06983], [7.76107, 48.06978], [7.76094, 48.06961], [7.76177, 48.06932], [7.76204, 48.06936], [7.76213, 48.06943], [7.7622, 48.06949], [7.76226, 48.06955], [7.76267, 48.06935], [7.76281, 48.06912], [7.76306, 48.06902], [7.76315, 48.06898], [7.76369, 48.06906], [7.7637, 48.06904], [7.76391, 48.06909], [7.76414, 48.06912], [7.76442, 48.07009], [7.76454, 48.07056], [7.76423, 48.07063], [7.76396, 48.07068], [7.76392, 48.07073], [7.76384, 48.0708], [7.76371, 48.07088], [7.76359, 48.07097], [7.7634, 48.07112], [7.76323, 48.07131], [7.76325, 48.07139], [7.76323, 48.07143], [7.76311, 48.07144], [7.76285, 48.07172], [7.76277, 48.0718], [7.76246, 48.07214], [7.76212, 48.07253], [7.76209, 48.07253], [7.76206, 48.07252], [7.76202, 48.0725], [7.76199, 48.07248], [7.76007, 48.07112], [7.76002, 48.07109], [7.75998, 48.07106], [7.76008, 48.07098], [7.76019, 48.07091], [7.76049, 48.07066], [7.76054, 48.07057], [7.76054, 48.07049], [7.76054, 48.07047], [7.76045, 48.07042], [7.76013, 48.07038], [7.75993, 48.07036], [7.75995, 48.07032], [7.75998, 48.07027], [7.75999, 48.07026], [7.76016, 48.07028]]]}}, {"type": "Feature", "properties": {"area_ha": 0.029, "dist_km": 2.407, "node": "Mannheim Ost", "node_mw": 500, "osm_id": 251268564, "anchor_kind": "demand"}, "geometry": {"type": "Polygon", "coordinates": [[[8.49586, 49.52576], [8.4958, 49.52569], [8.49592, 49.52565], [8.49591, 49.52564], [8.49599, 49.52561], [8.49607, 49.52558], [8.4961, 49.52561], [8.49621, 49.52557], [8.49626, 49.52562], [8.49586, 49.52576]]]}}, {"type": "Feature", "properties": {"area_ha": 0.416, "dist_km": 0.768, "node": "Mannheim Ost", "node_mw": 500, "osm_id": 252039153, "anchor_kind": "demand"}, "geometry": {"type": "Polygon", "coordinates": [[[8.50257, 49.49778], [8.50207, 49.49817], [8.50286, 49.49859], [8.50292, 49.49855], [8.50335, 49.4982], [8.50266, 49.49783], [8.50257, 49.49778]]]}}, {"type": "Feature", "properties": {"area_ha": 0.48, "dist_km": 0.78, "node": "Mannheim Ost", "node_mw": 500, "osm_id": 252039155, "anchor_kind": "demand"}, "geometry": {"type": "Polygon", "coordinates": [[[8.50204, 49.49819], [8.50207, 49.49817], [8.50257, 49.49778], [8.50266, 49.49783], [8.50292, 49.49764], [8.50228, 49.49728], [8.5015, 49.49789], [8.50196, 49.49815], [8.50204, 49.49819]]]}}, {"type": "Feature", "properties": {"area_ha": 0.414, "dist_km": 1.873, "node": "Mannheim Ost", "node_mw": 500, "osm_id": 252210007, "anchor_kind": "demand"}, "geometry": {"type": "Polygon", "coordinates": [[[8.52141, 49.50774], [8.52184, 49.50738], [8.52186, 49.50739], [8.52187, 49.50738], [8.5219, 49.50739], [8.52272, 49.50781], [8.5227, 49.50783], [8.52261, 49.50791], [8.52259, 49.50792], [8.52257, 49.50794], [8.52255, 49.50796], [8.52244, 49.50804], [8.52243, 49.50805], [8.5224, 49.50808], [8.52231, 49.50815], [8.52227, 49.50818], [8.52192, 49.508], [8.52141, 49.50774]]]}}, {"type": "Feature", "properties": {"area_ha": 16.157, "dist_km": 2.566, "node": "Mannheim Ost", "node_mw": 500, "osm_id": 264144229, "anchor_kind": "demand"}, "geometry": {"type": "Polygon", "coordinates": [[[8.47693, 49.52075], [8.47692, 49.52079], [8.47522, 49.5205], [8.47514, 49.52041], [8.47407, 49.52023], [8.4739, 49.52065], [8.47359, 49.52071], [8.47344, 49.52084], [8.47208, 49.5206], [8.47216, 49.52196], [8.47256, 49.52203], [8.47249, 49.52218], [8.47219, 49.52214], [8.47216, 49.52293], [8.47208, 49.52341], [8.47189, 49.52414], [8.47407, 49.5245], [8.47428, 49.52394], [8.475, 49.52408], [8.47509, 49.52387], [8.47679, 49.52418], [8.47714, 49.52417], [8.47737, 49.52407], [8.47742, 49.52398], [8.47754, 49.52365], [8.47831, 49.52162], [8.47751, 49.52144], [8.47766, 49.52091], [8.4777, 49.52081], [8.47713, 49.52072], [8.47711, 49.52078], [8.47693, 49.52075]]]}}, {"type": "Feature", "properties": {"area_ha": 0.018, "dist_km": 2.077, "node": "Mannheim Ost", "node_mw": 500, "osm_id": 270846833, "anchor_kind": "demand"}, "geometry": {"type": "Polygon", "coordinates": [[[8.49154, 49.52237], [8.49161, 49.52244], [8.49183, 49.52234], [8.49176, 49.52227], [8.49154, 49.52237]]]}}, {"type": "Feature", "properties": {"area_ha": 0.016, "dist_km": 2.1, "node": "Mannheim Ost", "node_mw": 500, "osm_id": 270846836, "anchor_kind": "demand"}, "geometry": {"type": "Polygon", "coordinates": [[[8.49109, 49.52257], [8.491, 49.52249], [8.49115, 49.52242], [8.49124, 49.52251], [8.49109, 49.52257]]]}}, {"type": "Feature", "properties": {"area_ha": 0.016, "dist_km": 2.089, "node": "Mannheim Ost", "node_mw": 500, "osm_id": 270846837, "anchor_kind": "demand"}, "geometry": {"type": "Polygon", "coordinates": [[[8.49095, 49.52244], [8.491, 49.52249], [8.49115, 49.52242], [8.49133, 49.52234], [8.49129, 49.5223], [8.49095, 49.52244]]]}}, {"type": "Feature", "properties": {"area_ha": 0.004, "dist_km": 2.108, "node": "Mannheim Ost", "node_mw": 500, "osm_id": 272551618, "anchor_kind": "demand"}, "geometry": {"type": "Polygon", "coordinates": [[[8.49017, 49.52243], [8.49027, 49.52241], [8.4903, 49.52245], [8.49021, 49.52248], [8.49017, 49.52243]]]}}, {"type": "Feature", "properties": {"area_ha": 0.039, "dist_km": 2.167, "node": "Mannheim Ost", "node_mw": 500, "osm_id": 272551620, "anchor_kind": "demand"}, "geometry": {"type": "Polygon", "coordinates": [[[8.49118, 49.52311], [8.49093, 49.52321], [8.4908, 49.52308], [8.49105, 49.52297], [8.49118, 49.52311]]]}}, {"type": "Feature", "properties": {"area_ha": 0.037, "dist_km": 2.182, "node": "Mannheim Ost", "node_mw": 500, "osm_id": 272551621, "anchor_kind": "demand"}, "geometry": {"type": "Polygon", "coordinates": [[[8.49093, 49.52321], [8.49069, 49.52331], [8.49056, 49.52318], [8.4908, 49.52308], [8.49093, 49.52321]]]}}, {"type": "Feature", "properties": {"area_ha": 0.027, "dist_km": 2.153, "node": "Mannheim Ost", "node_mw": 500, "osm_id": 272551626, "anchor_kind": "demand"}, "geometry": {"type": "Polygon", "coordinates": [[[8.49132, 49.52305], [8.49113, 49.52287], [8.491, 49.52293], [8.49105, 49.52297], [8.49118, 49.52311], [8.49132, 49.52305]]]}}, {"type": "Feature", "properties": {"area_ha": 0.017, "dist_km": 2.114, "node": "Mannheim Ost", "node_mw": 500, "osm_id": 272551631, "anchor_kind": "demand"}, "geometry": {"type": "Polygon", "coordinates": [[[8.49032, 49.52259], [8.49028, 49.52255], [8.49023, 49.5225], [8.49021, 49.52248], [8.4903, 49.52245], [8.49035, 49.52243], [8.49046, 49.52254], [8.49032, 49.52259]]]}}, {"type": "Feature", "properties": {"area_ha": 0.098, "dist_km": 1.88, "node": "Mannheim Ost", "node_mw": 500, "osm_id": 273214152, "anchor_kind": "demand"}, "geometry": {"type": "Polygon", "coordinates": [[[8.52272, 49.50781], [8.52273, 49.50781], [8.52283, 49.50772], [8.52201, 49.5073], [8.5219, 49.50739], [8.52272, 49.50781]]]}}, {"type": "Feature", "properties": {"area_ha": 0.045, "dist_km": 1.606, "node": "Mannheim Ost", "node_mw": 500, "osm_id": 273214154, "anchor_kind": "demand"}, "geometry": {"type": "Polygon", "coordinates": [[[8.51883, 49.50729], [8.51883, 49.5071], [8.51883, 49.50706], [8.51863, 49.50706], [8.51863, 49.5071], [8.51858, 49.5071], [8.51858, 49.50729], [8.51883, 49.50729]]]}}, {"type": "Feature", "properties": {"area_ha": 0.062, "dist_km": 1.63, "node": "Mannheim Ost", "node_mw": 500, "osm_id": 273214155, "anchor_kind": "demand"}, "geometry": {"type": "Polygon", "coordinates": [[[8.51923, 49.50709], [8.51883, 49.5071], [8.51883, 49.50729], [8.51924, 49.50728], [8.51923, 49.50709]]]}}, {"type": "Feature", "properties": {"area_ha": 0.329, "dist_km": 0.315, "node": "Mannheim Ost", "node_mw": 500, "osm_id": 274911941, "anchor_kind": "demand"}, "geometry": {"type": "Polygon", "coordinates": [[[8.49587, 49.50151], [8.49595, 49.50155], [8.49598, 49.50157], [8.49634, 49.50128], [8.4963, 49.50126], [8.49674, 49.50091], [8.49647, 49.50077], [8.49638, 49.50084], [8.49594, 49.50119], [8.49578, 49.50111], [8.49565, 49.50104], [8.49539, 49.50125], [8.49572, 49.50143], [8.4957, 49.50144], [8.49585, 49.50152], [8.49587, 49.50151]]]}}, {"type": "Feature", "properties": {"area_ha": 0.038, "dist_km": 0.368, "node": "Mannheim Ost", "node_mw": 500, "osm_id": 274911963, "anchor_kind": "demand"}, "geometry": {"type": "Polygon", "coordinates": [[[8.49651, 49.50074], [8.49647, 49.50072], [8.49639, 49.50067], [8.49623, 49.50059], [8.4961, 49.50069], [8.49616, 49.50072], [8.49638, 49.50084], [8.49647, 49.50077], [8.49651, 49.50074]]]}}, {"type": "Feature", "properties": {"area_ha": 0.159, "dist_km": 2.19, "node": "Mannheim Ost", "node_mw": 500, "osm_id": 281289731, "anchor_kind": "demand"}, "geometry": {"type": "Polygon", "coordinates": [[[8.48687, 49.52285], [8.48726, 49.52277], [8.48702, 49.52232], [8.48663, 49.5224], [8.48687, 49.52285]]]}}, {"type": "Feature", "properties": {"area_ha": 0.033, "dist_km": 2.147, "node": "Mannheim Ost", "node_mw": 500, "osm_id": 281289743, "anchor_kind": "demand"}, "geometry": {"type": "Polygon", "coordinates": [[[8.48848, 49.52257], [8.48842, 49.52247], [8.48869, 49.5224], [8.48877, 49.52254], [8.48858, 49.52259], [8.48855, 49.52255], [8.48848, 49.52257]]]}}, {"type": "Feature", "properties": {"area_ha": 0.403, "dist_km": 1.831, "node": "Mannheim Ost", "node_mw": 500, "osm_id": 293781400, "anchor_kind": "demand"}, "geometry": {"type": "Polygon", "coordinates": [[[8.4868, 49.51843], [8.48638, 49.51845], [8.48655, 49.51964], [8.48696, 49.51962], [8.4868, 49.51843]]]}}, {"type": "Feature", "properties": {"area_ha": 0.021, "dist_km": 2.952, "node": "Mannheim Ost", "node_mw": 500, "osm_id": 296801963, "anchor_kind": "demand"}, "geometry": {"type": "Polygon", "coordinates": [[[8.49436, 49.5306], [8.49464, 49.5305], [8.4946, 49.53046], [8.49441, 49.53053], [8.49433, 49.53043], [8.49424, 49.53046], [8.49436, 49.5306]]]}}, {"type": "Feature", "properties": {"area_ha": 0.21, "dist_km": 2.156, "node": "Mannheim Ost", "node_mw": 500, "osm_id": 297234221, "anchor_kind": "demand"}, "geometry": {"type": "Polygon", "coordinates": [[[8.51979, 49.51632], [8.51975, 49.51626], [8.51974, 49.51625], [8.51975, 49.51624], [8.52002, 49.51613], [8.52005, 49.51612], [8.52023, 49.51605], [8.52042, 49.51598], [8.52051, 49.51607], [8.52079, 49.51638], [8.52049, 49.51647], [8.52032, 49.51652], [8.52026, 49.51645], [8.52006, 49.51624], [8.51979, 49.51632]]]}}, {"type": "Feature", "properties": {"area_ha": 0.255, "dist_km": 1.089, "node": "Mannheim Ost", "node_mw": 500, "osm_id": 325206817, "anchor_kind": "demand"}, "geometry": {"type": "Polygon", "coordinates": [[[8.50455, 49.51279], [8.50434, 49.51229], [8.50432, 49.51223], [8.50486, 49.51214], [8.50498, 49.51242], [8.50509, 49.51269], [8.50455, 49.51279]]]}}, {"type": "Feature", "properties": {"area_ha": 0.076, "dist_km": 1.058, "node": "Mannheim Ost", "node_mw": 500, "osm_id": 325206819, "anchor_kind": "demand"}, "geometry": {"type": "Polygon", "coordinates": [[[8.50432, 49.51223], [8.50434, 49.51229], [8.50405, 49.51234], [8.50399, 49.5122], [8.50482, 49.51205], [8.50486, 49.51214], [8.50432, 49.51223]]]}}, {"type": "Feature", "properties": {"area_ha": 0.148, "dist_km": 1.081, "node": "Mannheim Ost", "node_mw": 500, "osm_id": 325206821, "anchor_kind": "demand"}, "geometry": {"type": "Polygon", "coordinates": [[[8.50482, 49.51205], [8.50486, 49.51214], [8.50498, 49.51242], [8.50543, 49.51235], [8.50528, 49.51197], [8.50482, 49.51205]]]}}, {"type": "Feature", "properties": {"area_ha": 0.083, "dist_km": 1.124, "node": "Mannheim Ost", "node_mw": 500, "osm_id": 325206823, "anchor_kind": "demand"}, "geometry": {"type": "Polygon", "coordinates": [[[8.50572, 49.51256], [8.50573, 49.51258], [8.50518, 49.51267], [8.50514, 49.51258], [8.50538, 49.51254], [8.50531, 49.51238], [8.50545, 49.51236], [8.50546, 49.51238], [8.50564, 49.51235], [8.50567, 49.51244], [8.50572, 49.51256]]]}}, {"type": "Feature", "properties": {"area_ha": 0.062, "dist_km": 1.133, "node": "Mannheim Ost", "node_mw": 500, "osm_id": 325207867, "anchor_kind": "demand"}, "geometry": {"type": "Polygon", "coordinates": [[[8.50625, 49.51225], [8.50619, 49.51209], [8.50628, 49.51207], [8.50664, 49.51201], [8.5067, 49.51217], [8.50668, 49.51217], [8.50625, 49.51225]]]}}, {"type": "Feature", "properties": {"area_ha": 0.086, "dist_km": 1.01, "node": "Mannheim Ost", "node_mw": 500, "osm_id": 325209996, "anchor_kind": "demand"}, "geometry": {"type": "Polygon", "coordinates": [[[8.50572, 49.51123], [8.50554, 49.51102], [8.50575, 49.51094], [8.50578, 49.51093], [8.50585, 49.51092], [8.506, 49.51089], [8.50609, 49.51111], [8.50595, 49.51114], [8.50585, 49.51118], [8.50572, 49.51123]]]}}, {"type": "Feature", "properties": {"area_ha": 5.13, "dist_km": 1.405, "node": "Mannheim Ost", "node_mw": 500, "osm_id": 335251577, "anchor_kind": "demand"}, "geometry": {"type": "Polygon", "coordinates": [[[8.4856, 49.51566], [8.48523, 49.51413], [8.48886, 49.51376], [8.48978, 49.51425], [8.4887, 49.51511], [8.48862, 49.51512], [8.48863, 49.51517], [8.48793, 49.51569], [8.48587, 49.51578], [8.48584, 49.51565], [8.4856, 49.51566]]]}}, {"type": "Feature", "properties": {"area_ha": 3.268, "dist_km": 1.792, "node": "Mannheim Ost", "node_mw": 500, "osm_id": 335251580, "anchor_kind": "demand"}, "geometry": {"type": "Polygon", "coordinates": [[[8.48513, 49.51653], [8.48511, 49.51661], [8.48449, 49.51652], [8.48369, 49.51861], [8.48362, 49.51861], [8.48306, 49.52004], [8.48326, 49.52007], [8.4835, 49.51971], [8.48365, 49.51952], [8.48405, 49.51903], [8.48467, 49.51843], [8.48529, 49.51789], [8.4865, 49.51695], [8.48666, 49.5165], [8.48668, 49.51646], [8.486, 49.51649], [8.48513, 49.51653]]]}}, {"type": "Feature", "properties": {"area_ha": 0.06, "dist_km": 1.532, "node": "Mannheim Ost", "node_mw": 500, "osm_id": 335251582, "anchor_kind": "demand"}, "geometry": {"type": "Polygon", "coordinates": [[[8.48675, 49.51624], [8.48734, 49.51623], [8.48733, 49.5161], [8.48675, 49.51611], [8.48675, 49.51624]]]}}, {"type": "Feature", "properties": {"area_ha": 0.049, "dist_km": 2.719, "node": "Mannheim Ost", "node_mw": 500, "osm_id": 345141541, "anchor_kind": "demand"}, "geometry": {"type": "Polygon", "coordinates": [[[8.45991, 49.50671], [8.45977, 49.50661], [8.4595, 49.5068], [8.45942, 49.50675], [8.45935, 49.50678], [8.45955, 49.50687], [8.45965, 49.50687], [8.45991, 49.50671]]]}}, {"type": "Feature", "properties": {"area_ha": 0.047, "dist_km": 2.108, "node": "Mannheim Ost", "node_mw": 500, "osm_id": 381202202, "anchor_kind": "demand"}, "geometry": {"type": "Polygon", "coordinates": [[[8.47271, 49.51467], [8.47295, 49.51455], [8.47277, 49.51441], [8.47269, 49.51445], [8.47267, 49.51443], [8.47259, 49.51447], [8.47262, 49.51449], [8.47254, 49.51453], [8.47271, 49.51467]]]}}, {"type": "Feature", "properties": {"area_ha": 0.002, "dist_km": 2.108, "node": "Mannheim Ost", "node_mw": 500, "osm_id": 401114973, "anchor_kind": "demand"}, "geometry": {"type": "Polygon", "coordinates": [[[8.52356, 49.51189], [8.52353, 49.51188], [8.52358, 49.51183], [8.52361, 49.51185], [8.52356, 49.51189]]]}}, {"type": "Feature", "properties": {"area_ha": 0.007, "dist_km": 2.399, "node": "Mannheim Ost", "node_mw": 500, "osm_id": 401533549, "anchor_kind": "demand"}, "geometry": {"type": "Polygon", "coordinates": [[[8.49584, 49.52557], [8.49599, 49.52561], [8.49607, 49.52558], [8.49594, 49.52553], [8.49591, 49.52555], [8.49584, 49.52557]]]}}, {"type": "Feature", "properties": {"area_ha": 0.027, "dist_km": 2.402, "node": "Mannheim Ost", "node_mw": 500, "osm_id": 401533557, "anchor_kind": "demand"}, "geometry": {"type": "Polygon", "coordinates": [[[8.49584, 49.52557], [8.49591, 49.52555], [8.49584, 49.52548], [8.49558, 49.52557], [8.49558, 49.52557], [8.4955, 49.5256], [8.49554, 49.52564], [8.49557, 49.52568], [8.49584, 49.52557]]]}}, {"type": "Feature", "properties": {"area_ha": 0.115, "dist_km": 3.024, "node": "Mannheim Ost", "node_mw": 500, "osm_id": 479416930, "anchor_kind": "demand"}, "geometry": {"type": "Polygon", "coordinates": [[[8.45622, 49.51034], [8.45655, 49.51018], [8.45623, 49.5099], [8.45604, 49.51], [8.4559, 49.51007], [8.45622, 49.51034]]]}}, {"type": "Feature", "properties": {"area_ha": 0.005, "dist_km": 1.024, "node": "Mannheim Ost", "node_mw": 500, "osm_id": 500490381, "anchor_kind": "demand"}, "geometry": {"type": "Polygon", "coordinates": [[[8.50694, 49.49746], [8.50685, 49.49743], [8.50689, 49.49738], [8.50698, 49.4974], [8.50694, 49.49746]]]}}, {"type": "Feature", "properties": {"area_ha": 0.09, "dist_km": 1.043, "node": "Mannheim Ost", "node_mw": 500, "osm_id": 500490383, "anchor_kind": "demand"}, "geometry": {"type": "Polygon", "coordinates": [[[8.50793, 49.49771], [8.5083, 49.49787], [8.50804, 49.49809], [8.50772, 49.49795], [8.50783, 49.49783], [8.50793, 49.49771]]]}}, {"type": "Feature", "properties": {"area_ha": 0.018, "dist_km": 2.069, "node": "Mannheim Ost", "node_mw": 500, "osm_id": 574985560, "anchor_kind": "demand"}, "geometry": {"type": "Polygon", "coordinates": [[[8.52532, 49.50783], [8.52488, 49.5076], [8.52492, 49.50757], [8.52498, 49.50761], [8.52508, 49.50766], [8.52536, 49.5078], [8.52532, 49.50783]]]}}, {"type": "Feature", "properties": {"area_ha": 0.019, "dist_km": 2.058, "node": "Mannheim Ost", "node_mw": 500, "osm_id": 574985561, "anchor_kind": "demand"}, "geometry": {"type": "Polygon", "coordinates": [[[8.52509, 49.50803], [8.52505, 49.50806], [8.5246, 49.50783], [8.52464, 49.50779], [8.52509, 49.50803]]]}}, {"type": "Feature", "properties": {"area_ha": 0.114, "dist_km": 1.765, "node": "Mannheim Ost", "node_mw": 500, "osm_id": 619771918, "anchor_kind": "demand"}, "geometry": {"type": "Polygon", "coordinates": [[[8.47318, 49.50098], [8.47316, 49.50137], [8.47302, 49.50137], [8.47302, 49.5013], [8.47291, 49.5013], [8.4729, 49.5013], [8.47291, 49.50115], [8.47267, 49.50115], [8.47268, 49.50096], [8.47318, 49.50098]]]}}, {"type": "Feature", "properties": {"area_ha": 0.051, "dist_km": 1.875, "node": "Mannheim Ost", "node_mw": 500, "osm_id": 620974517, "anchor_kind": "demand"}, "geometry": {"type": "Polygon", "coordinates": [[[8.47133, 49.50186], [8.47119, 49.50186], [8.47118, 49.50177], [8.47135, 49.50131], [8.4714, 49.50131], [8.47133, 49.50186]]]}}, {"type": "Feature", "properties": {"area_ha": 0.523, "dist_km": 1.832, "node": "Mannheim Ost", "node_mw": 500, "osm_id": 620974519, "anchor_kind": "demand"}, "geometry": {"type": "Polygon", "coordinates": [[[8.4724, 49.50195], [8.47237, 49.50195], [8.47133, 49.50194], [8.47133, 49.50186], [8.4714, 49.50131], [8.47244, 49.50135], [8.4724, 49.50195]]]}}, {"type": "Feature", "properties": {"area_ha": 0.184, "dist_km": 1.87, "node": "Mannheim Ost", "node_mw": 500, "osm_id": 625150955, "anchor_kind": "demand"}, "geometry": {"type": "Polygon", "coordinates": [[[8.47235, 49.50037], [8.4716, 49.50046], [8.47139, 49.50103], [8.47145, 49.50104], [8.47142, 49.50111], [8.47118, 49.50107], [8.47145, 49.50039], [8.47145, 49.50037], [8.47147, 49.50036], [8.47149, 49.50035], [8.47151, 49.50035], [8.47232, 49.50026], [8.47233, 49.50029], [8.47235, 49.50037]]]}}, {"type": "Feature", "properties": {"area_ha": 0.535, "dist_km": 2.795, "node": "Mannheim Ost", "node_mw": 500, "osm_id": 826211461, "anchor_kind": "demand"}, "geometry": {"type": "Polygon", "coordinates": [[[8.4581, 49.50191], [8.45797, 49.50174], [8.45823, 49.50157], [8.45793, 49.50139], [8.45808, 49.5013], [8.45882, 49.50119], [8.45909, 49.50113], [8.45929, 49.50122], [8.45888, 49.50183], [8.4581, 49.50191]]]}}, {"type": "Feature", "properties": {"area_ha": 0.057, "dist_km": 1.882, "node": "Mannheim Ost", "node_mw": 500, "osm_id": 913274143, "anchor_kind": "demand"}, "geometry": {"type": "Polygon", "coordinates": [[[8.52275, 49.50726], [8.52235, 49.50706], [8.52249, 49.50695], [8.52288, 49.50715], [8.52275, 49.50726]]]}}, {"type": "Feature", "properties": {"area_ha": 0.029, "dist_km": 1.905, "node": "Mannheim Ost", "node_mw": 500, "osm_id": 913274144, "anchor_kind": "demand"}, "geometry": {"type": "Polygon", "coordinates": [[[8.52293, 49.50734], [8.5229, 49.50736], [8.52274, 49.50727], [8.52275, 49.50726], [8.52288, 49.50715], [8.52289, 49.50714], [8.52306, 49.50723], [8.52303, 49.50726], [8.52293, 49.50734]]]}}, {"type": "Feature", "properties": {"area_ha": 0.15, "dist_km": 2.722, "node": "Mannheim Ost", "node_mw": 500, "osm_id": 1016731935, "anchor_kind": "demand"}, "geometry": {"type": "Polygon", "coordinates": [[[8.4635, 49.51562], [8.46405, 49.51601], [8.46431, 49.51585], [8.46376, 49.51546], [8.4635, 49.51562]]]}}, {"type": "Feature", "properties": {"area_ha": 0.02, "dist_km": 1.136, "node": "Mannheim Ost", "node_mw": 500, "osm_id": 1034821865, "anchor_kind": "demand"}, "geometry": {"type": "Polygon", "coordinates": [[[8.49006, 49.49475], [8.49012, 49.49478], [8.49006, 49.49483], [8.4901, 49.49485], [8.48996, 49.49496], [8.48984, 49.49491], [8.49006, 49.49475]]]}}, {"type": "Feature", "properties": {"area_ha": 0.021, "dist_km": 1.115, "node": "Mannheim Ost", "node_mw": 500, "osm_id": 1034821866, "anchor_kind": "demand"}, "geometry": {"type": "Polygon", "coordinates": [[[8.48949, 49.49528], [8.48955, 49.49531], [8.48982, 49.49508], [8.48974, 49.49504], [8.48949, 49.49528]]]}}, {"type": "Feature", "properties": {"area_ha": 0.017, "dist_km": 1.05, "node": "Mannheim Ost", "node_mw": 500, "osm_id": 1034972175, "anchor_kind": "demand"}, "geometry": {"type": "Polygon", "coordinates": [[[8.49065, 49.49558], [8.49067, 49.4956], [8.49075, 49.49554], [8.49063, 49.49547], [8.49059, 49.49547], [8.49056, 49.49547], [8.49053, 49.49548], [8.49051, 49.49549], [8.49051, 49.49552], [8.4905, 49.49555], [8.49053, 49.49557], [8.49057, 49.49559], [8.49065, 49.49558]]]}}, {"type": "Feature", "properties": {"area_ha": 0.047, "dist_km": 1.02, "node": "Mannheim Ost", "node_mw": 500, "osm_id": 1034972176, "anchor_kind": "demand"}, "geometry": {"type": "Polygon", "coordinates": [[[8.49074, 49.49592], [8.49115, 49.4956], [8.4911, 49.49557], [8.49098, 49.49567], [8.4909, 49.49562], [8.49076, 49.49573], [8.49061, 49.49584], [8.49073, 49.49591], [8.49074, 49.49592]]]}}, {"type": "Feature", "properties": {"area_ha": 0.066, "dist_km": 1.107, "node": "Mannheim Ost", "node_mw": 500, "osm_id": 1034980436, "anchor_kind": "demand"}, "geometry": {"type": "Polygon", "coordinates": [[[8.4897, 49.49538], [8.48955, 49.49531], [8.48996, 49.49496], [8.4901, 49.49504], [8.48979, 49.49531], [8.4897, 49.49538]]]}}, {"type": "Feature", "properties": {"area_ha": 0.06, "dist_km": 1.963, "node": "Mannheim Ost", "node_mw": 500, "osm_id": 1059293256, "anchor_kind": "demand"}, "geometry": {"type": "Polygon", "coordinates": [[[8.48874, 49.52127], [8.48864, 49.5205], [8.48874, 49.52049], [8.48875, 49.52058], [8.48878, 49.52085], [8.48884, 49.52125], [8.48874, 49.52127]]]}}, {"type": "Feature", "properties": {"area_ha": 0.066, "dist_km": 1.948, "node": "Mannheim Ost", "node_mw": 500, "osm_id": 1059293257, "anchor_kind": "demand"}, "geometry": {"type": "Polygon", "coordinates": [[[8.48878, 49.52085], [8.48913, 49.52084], [8.48917, 49.52083], [8.48919, 49.52082], [8.48921, 49.5208], [8.48922, 49.52078], [8.48922, 49.52074], [8.48908, 49.52074], [8.48906, 49.52065], [8.48892, 49.52066], [8.4889, 49.52057], [8.48875, 49.52058], [8.48878, 49.52085]]]}}, {"type": "Feature", "properties": {"area_ha": 0.039, "dist_km": 1.676, "node": "Mannheim Ost", "node_mw": 500, "osm_id": 1059293258, "anchor_kind": "demand"}, "geometry": {"type": "Polygon", "coordinates": [[[8.48981, 49.51845], [8.48978, 49.51827], [8.49004, 49.51825], [8.49007, 49.51844], [8.48981, 49.51845]]]}}, {"type": "Feature", "properties": {"area_ha": 0.061, "dist_km": 1.633, "node": "Mannheim Ost", "node_mw": 500, "osm_id": 1059293259, "anchor_kind": "demand"}, "geometry": {"type": "Polygon", "coordinates": [[[8.48977, 49.51812], [8.48972, 49.51777], [8.48986, 49.51776], [8.48988, 49.51793], [8.49002, 49.51792], [8.49004, 49.51811], [8.48977, 49.51812]]]}}, {"type": "Feature", "properties": {"area_ha": 0.026, "dist_km": 1.796, "node": "Mannheim Ost", "node_mw": 500, "osm_id": 1059293261, "anchor_kind": "demand"}, "geometry": {"type": "Polygon", "coordinates": [[[8.47954, 49.51548], [8.47961, 49.51567], [8.47961, 49.51568], [8.47972, 49.51566], [8.47971, 49.51565], [8.47978, 49.51564], [8.47979, 49.51566], [8.47989, 49.51565], [8.47986, 49.51557], [8.47969, 49.5156], [8.47964, 49.51547], [8.47954, 49.51548]]]}}, {"type": "Feature", "properties": {"area_ha": 0.018, "dist_km": 1.863, "node": "Mannheim Ost", "node_mw": 500, "osm_id": 1059293264, "anchor_kind": "demand"}, "geometry": {"type": "Polygon", "coordinates": [[[8.48004, 49.51671], [8.48, 49.51672], [8.47998, 49.51664], [8.47994, 49.5165], [8.48004, 49.51649], [8.48005, 49.51649], [8.4801, 49.51668], [8.48003, 49.51669], [8.48004, 49.51671]]]}}, {"type": "Feature", "properties": {"area_ha": 0.005, "dist_km": 1.872, "node": "Mannheim Ost", "node_mw": 500, "osm_id": 1059293265, "anchor_kind": "demand"}, "geometry": {"type": "Polygon", "coordinates": [[[8.48, 49.51672], [8.47993, 49.51673], [8.47991, 49.51667], [8.47991, 49.51664], [8.47998, 49.51664], [8.48, 49.51672]]]}}, {"type": "Feature", "properties": {"area_ha": 0.009, "dist_km": 1.497, "node": "Mannheim Ost", "node_mw": 500, "osm_id": 1064948430, "anchor_kind": "demand"}, "geometry": {"type": "Polygon", "coordinates": [[[8.4801, 49.49613], [8.48014, 49.49613], [8.48027, 49.49611], [8.48032, 49.4961], [8.48031, 49.49606], [8.48009, 49.49609], [8.4801, 49.49613]]]}}, {"type": "Feature", "properties": {"area_ha": 0.026, "dist_km": 2.833, "node": "Eichstetten", "node_mw": 500, "osm_id": 1078982025, "anchor_kind": "demand"}, "geometry": {"type": "Polygon", "coordinates": [[[7.78262, 48.11117], [7.78276, 48.11119], [7.78278, 48.11108], [7.78283, 48.11108], [7.78285, 48.11107], [7.78286, 48.11101], [7.78284, 48.111], [7.78266, 48.11098], [7.78265, 48.11103], [7.78262, 48.11117]]]}}, {"type": "Feature", "properties": {"area_ha": 0.024, "dist_km": 2.83, "node": "Eichstetten", "node_mw": 500, "osm_id": 1117461428, "anchor_kind": "demand"}, "geometry": {"type": "Polygon", "coordinates": [[[7.76025, 48.1209], [7.76044, 48.12091], [7.76047, 48.12076], [7.76027, 48.12075], [7.76025, 48.1209]]]}}, {"type": "Feature", "properties": {"area_ha": 0.184, "dist_km": 1.64, "node": "Mannheim Ost", "node_mw": 500, "osm_id": 1163024513, "anchor_kind": "demand"}, "geometry": {"type": "Polygon", "coordinates": [[[8.47679, 49.51125], [8.47673, 49.51123], [8.47717, 49.51067], [8.4775, 49.51078], [8.47705, 49.51133], [8.47679, 49.51125]]]}}, {"type": "Feature", "properties": {"area_ha": 0.23, "dist_km": 1.657, "node": "Mannheim Ost", "node_mw": 500, "osm_id": 1163025009, "anchor_kind": "demand"}, "geometry": {"type": "Polygon", "coordinates": [[[8.47673, 49.51123], [8.47664, 49.51134], [8.4763, 49.51123], [8.47686, 49.51055], [8.47717, 49.51067], [8.47673, 49.51123]]]}}, {"type": "Feature", "properties": {"area_ha": 0.187, "dist_km": 1.563, "node": "Mannheim Ost", "node_mw": 500, "osm_id": 1163338258, "anchor_kind": "demand"}, "geometry": {"type": "Polygon", "coordinates": [[[8.47534, 49.50208], [8.47538, 49.5022], [8.47532, 49.50221], [8.47539, 49.50246], [8.47545, 49.50245], [8.47601, 49.50238], [8.4759, 49.50201], [8.47543, 49.50206], [8.47534, 49.50208]]]}}, {"type": "Feature", "properties": {"area_ha": 0.189, "dist_km": 1.568, "node": "Mannheim Ost", "node_mw": 500, "osm_id": 1163338259, "anchor_kind": "demand"}, "geometry": {"type": "Polygon", "coordinates": [[[8.47523, 49.50167], [8.47524, 49.50169], [8.47534, 49.50208], [8.47543, 49.50206], [8.4759, 49.50201], [8.47587, 49.5019], [8.47579, 49.5016], [8.47523, 49.50167]]]}}, {"type": "Feature", "properties": {"area_ha": 0.203, "dist_km": 2.036, "node": "Mannheim Ost", "node_mw": 500, "osm_id": 1164107025, "anchor_kind": "demand"}, "geometry": {"type": "Polygon", "coordinates": [[[8.52373, 49.49932], [8.52364, 49.49908], [8.52462, 49.49893], [8.52471, 49.49917], [8.52373, 49.49932]]]}}, {"type": "Feature", "properties": {"area_ha": 0.13, "dist_km": 1.83, "node": "Mannheim Ost", "node_mw": 500, "osm_id": 1164120859, "anchor_kind": "demand"}, "geometry": {"type": "Polygon", "coordinates": [[[8.52093, 49.49929], [8.52084, 49.49905], [8.52148, 49.49895], [8.52157, 49.49919], [8.52093, 49.49929]]]}}, {"type": "Feature", "properties": {"area_ha": 0.71, "dist_km": 2.917, "node": "Mannheim Ost", "node_mw": 500, "osm_id": 1202800914, "anchor_kind": "demand"}, "geometry": {"type": "Polygon", "coordinates": [[[8.46482, 49.52085], [8.46521, 49.52086], [8.46522, 49.52078], [8.46695, 49.52086], [8.46697, 49.52065], [8.46545, 49.52058], [8.46546, 49.52043], [8.46696, 49.5205], [8.46698, 49.5203], [8.4654, 49.52023], [8.4654, 49.52028], [8.46502, 49.52026], [8.46497, 49.52077], [8.46482, 49.52077], [8.46482, 49.52085]]]}}, {"type": "Feature", "properties": {"area_ha": 15.165, "dist_km": 1.756, "node": "Mannheim Ost", "node_mw": 500, "osm_id": 1224026272, "anchor_kind": "demand"}, "geometry": {"type": "Polygon", "coordinates": [[[8.47415, 49.5139], [8.47431, 49.51376], [8.47406, 49.51363], [8.47413, 49.51357], [8.47408, 49.51354], [8.47401, 49.5134], [8.47381, 49.51345], [8.47377, 49.51339], [8.47354, 49.51345], [8.47327, 49.5133], [8.47341, 49.51319], [8.47323, 49.51294], [8.47317, 49.51296], [8.4731, 49.51286], [8.47316, 49.51284], [8.47317, 49.51279], [8.47317, 49.51276], [8.47324, 49.51275], [8.47305, 49.51205], [8.47297, 49.51206], [8.47295, 49.51203], [8.47287, 49.51203], [8.47281, 49.51179], [8.47321, 49.51175], [8.47309, 49.51129], [8.47361, 49.51131], [8.47582, 49.51143], [8.47579, 49.51147], [8.47598, 49.51152], [8.47593, 49.51159], [8.47563, 49.51153], [8.47526, 49.51153], [8.47541, 49.512], [8.47567, 49.51197], [8.47576, 49.51182], [8.47614, 49.51184], [8.47639, 49.51189], [8.47665, 49.51197], [8.47678, 49.51218], [8.477, 49.51219], [8.47722, 49.51224], [8.47752, 49.51238], [8.47764, 49.51205], [8.47954, 49.51251], [8.47965, 49.51248], [8.47991, 49.51256], [8.48091, 49.51228], [8.48122, 49.51219], [8.4814, 49.5121], [8.48183, 49.51195], [8.48216, 49.51249], [8.48218, 49.51249], [8.48221, 49.5125], [8.48224, 49.51251], [8.48226, 49.51254], [8.48252, 49.51294], [8.48265, 49.51315], [8.48135, 49.51351], [8.48045, 49.51374], [8.48041, 49.51375], [8.47954, 49.51398], [8.47913, 49.51408], [8.47909, 49.51407], [8.47866, 49.51418], [8.47862, 49.51412], [8.47778, 49.51434], [8.47581, 49.51485], [8.47415, 49.5139]]]}}, {"type": "Feature", "properties": {"area_ha": 0.166, "dist_km": 2.117, "node": "Mannheim Ost", "node_mw": 500, "osm_id": 1224048809, "anchor_kind": "demand"}, "geometry": {"type": "Polygon", "coordinates": [[[8.47483, 49.51684], [8.47499, 49.51664], [8.47537, 49.51676], [8.47569, 49.51686], [8.47578, 49.51689], [8.47562, 49.51708], [8.47551, 49.51709], [8.47483, 49.51684]]]}}, {"type": "Feature", "properties": {"area_ha": 0.054, "dist_km": 1.221, "node": "Mannheim Ost", "node_mw": 500, "osm_id": 1237353465, "anchor_kind": "demand"}, "geometry": {"type": "Polygon", "coordinates": [[[8.48249, 49.49798], [8.48291, 49.49791], [8.48329, 49.49782], [8.48347, 49.49778], [8.48343, 49.49772], [8.48329, 49.49775], [8.48326, 49.49776], [8.48315, 49.49778], [8.48288, 49.49785], [8.48247, 49.49792], [8.48248, 49.49795], [8.48249, 49.49798]]]}}, {"type": "Feature", "properties": {"area_ha": 0.093, "dist_km": 1.825, "node": "Mannheim Ost", "node_mw": 500, "osm_id": 1290643052, "anchor_kind": "demand"}, "geometry": {"type": "Polygon", "coordinates": [[[8.47204, 49.50093], [8.4724, 49.50094], [8.47241, 49.50061], [8.47205, 49.50061], [8.47204, 49.50093]]]}}, {"type": "Feature", "properties": {"area_ha": 0.008, "dist_km": 1.639, "node": "Mannheim Ost", "node_mw": 500, "osm_id": 1292409280, "anchor_kind": "demand"}, "geometry": {"type": "Polygon", "coordinates": [[[8.47435, 49.50253], [8.47434, 49.5025], [8.47434, 49.50248], [8.47453, 49.50246], [8.47454, 49.50251], [8.47435, 49.50253]]]}}, {"type": "Feature", "properties": {"area_ha": 0.005, "dist_km": 1.639, "node": "Mannheim Ost", "node_mw": 500, "osm_id": 1292409443, "anchor_kind": "demand"}, "geometry": {"type": "Polygon", "coordinates": [[[8.47439, 49.50273], [8.47443, 49.50272], [8.4744, 49.5026], [8.47435, 49.5026], [8.47439, 49.50273]]]}}, {"type": "Feature", "properties": {"area_ha": 0.263, "dist_km": 1.627, "node": "Mannheim Ost", "node_mw": 500, "osm_id": 1293458451, "anchor_kind": "demand"}, "geometry": {"type": "Polygon", "coordinates": [[[8.47497, 49.50072], [8.47481, 49.50015], [8.47536, 49.50009], [8.47552, 49.50065], [8.47497, 49.50072]]]}}, {"type": "Feature", "properties": {"area_ha": 0.42, "dist_km": 1.819, "node": "Mannheim Ost", "node_mw": 500, "osm_id": 1300743685, "anchor_kind": "demand"}, "geometry": {"type": "Polygon", "coordinates": [[[8.4722, 49.50302], [8.47162, 49.50296], [8.4716, 49.50305], [8.47158, 49.50315], [8.47158, 49.50316], [8.47156, 49.50328], [8.47156, 49.50331], [8.47155, 49.50333], [8.47153, 49.50351], [8.47153, 49.50353], [8.47154, 49.50354], [8.47156, 49.50355], [8.47163, 49.50356], [8.47184, 49.50357], [8.47209, 49.50359], [8.47284, 49.50364], [8.47288, 49.5034], [8.47214, 49.50335], [8.4722, 49.50302]]]}}, {"type": "Feature", "properties": {"area_ha": 0.242, "dist_km": 2.967, "node": "Eichstetten", "node_mw": 500, "osm_id": 1380295925, "anchor_kind": "demand"}, "geometry": {"type": "Polygon", "coordinates": [[[7.77282, 48.07355], [7.77251, 48.07321], [7.77287, 48.07301], [7.77295, 48.07296], [7.77351, 48.07347], [7.77344, 48.07349], [7.77331, 48.07355], [7.77315, 48.07339], [7.77282, 48.07355]]]}}, {"type": "Feature", "properties": {"area_ha": 0.462, "dist_km": 1.316, "node": "Mannheim Ost", "node_mw": 500, "osm_id": 1459507437, "anchor_kind": "demand"}, "geometry": {"type": "Polygon", "coordinates": [[[8.48474, 49.51341], [8.48472, 49.5134], [8.48462, 49.51325], [8.48458, 49.51318], [8.48456, 49.51315], [8.48504, 49.51302], [8.48498, 49.51293], [8.48515, 49.51287], [8.48523, 49.51283], [8.48525, 49.51273], [8.48625, 49.51265], [8.48634, 49.51282], [8.48625, 49.51286], [8.48608, 49.51291], [8.4859, 49.51298], [8.48559, 49.51311], [8.48555, 49.51312], [8.48529, 49.51323], [8.48504, 49.51332], [8.48497, 49.51335], [8.48487, 49.51338], [8.48474, 49.51341]]]}}, {"type": "Feature", "properties": {"area_ha": 0.09, "dist_km": 1.149, "node": "Mannheim Ost", "node_mw": 500, "osm_id": 1459517770, "anchor_kind": "demand"}, "geometry": {"type": "Polygon", "coordinates": [[[8.48773, 49.51266], [8.48764, 49.51252], [8.48824, 49.51236], [8.48836, 49.51256], [8.48826, 49.51258], [8.48817, 49.51261], [8.48813, 49.51256], [8.48773, 49.51266]]]}}, {"type": "Feature", "properties": {"area_ha": 0.018, "dist_km": 1.039, "node": "Mannheim Ost", "node_mw": 500, "osm_id": 1459617540, "anchor_kind": "demand"}, "geometry": {"type": "Polygon", "coordinates": [[[8.48954, 49.51212], [8.48948, 49.51206], [8.48946, 49.51204], [8.48983, 49.51195], [8.48985, 49.51197], [8.48954, 49.51212]]]}}, {"type": "Feature", "properties": {"area_ha": 0.188, "dist_km": 1.156, "node": "Mannheim Ost", "node_mw": 500, "osm_id": 1459882826, "anchor_kind": "demand"}, "geometry": {"type": "Polygon", "coordinates": [[[8.48777, 49.5128], [8.48795, 49.51275], [8.48798, 49.51274], [8.48806, 49.51272], [8.4881, 49.51271], [8.48815, 49.5127], [8.4883, 49.51266], [8.48835, 49.51265], [8.48839, 49.51264], [8.48847, 49.51262], [8.48829, 49.51233], [8.48759, 49.51251], [8.48777, 49.5128]]]}}, {"type": "Feature", "properties": {"area_ha": 0.111, "dist_km": 2.31, "node": "Mannheim Ost", "node_mw": 500, "osm_id": 1481752870, "anchor_kind": "demand"}, "geometry": {"type": "Polygon", "coordinates": [[[8.46619, 49.50931], [8.46558, 49.50888], [8.46575, 49.50878], [8.46636, 49.50921], [8.46619, 49.50931]]]}}, {"type": "Feature", "properties": {"area_ha": 1.572, "dist_km": 2.302, "node": "Mannheim Ost", "node_mw": 500, "osm_id": 1481979799, "anchor_kind": "demand"}, "geometry": {"type": "Polygon", "coordinates": [[[8.46696, 49.51061], [8.46704, 49.51056], [8.46706, 49.51055], [8.4672, 49.51046], [8.4673, 49.5104], [8.46731, 49.5104], [8.46733, 49.51039], [8.46754, 49.51027], [8.4677, 49.51017], [8.46773, 49.51015], [8.46577, 49.50877], [8.46575, 49.50878], [8.46558, 49.50888], [8.46511, 49.50916], [8.4651, 49.50916], [8.465, 49.50922], [8.46508, 49.50927], [8.46564, 49.50967], [8.46576, 49.50975], [8.46644, 49.51024], [8.46649, 49.51027], [8.46654, 49.51031], [8.46696, 49.51061]]]}}, {"type": "Feature", "properties": {"area_ha": 0.663, "dist_km": 2.391, "node": "Mannheim Ost", "node_mw": 500, "osm_id": 1482295550, "anchor_kind": "demand"}, "geometry": {"type": "Polygon", "coordinates": [[[8.4651, 49.50916], [8.46511, 49.50916], [8.46558, 49.50888], [8.46575, 49.50878], [8.46478, 49.50807], [8.46429, 49.50836], [8.46412, 49.50846], [8.46416, 49.50849], [8.4642, 49.50852], [8.46427, 49.50857], [8.46431, 49.50857], [8.46434, 49.5086], [8.46463, 49.5088], [8.46472, 49.50886], [8.4647, 49.50887], [8.46472, 49.50889], [8.46477, 49.50893], [8.46482, 49.50896], [8.46484, 49.50897], [8.4651, 49.50916]]]}}, {"type": "Feature", "properties": {"area_ha": 0.151, "dist_km": 2.22, "node": "Mannheim Ost", "node_mw": 500, "osm_id": 1482591222, "anchor_kind": "demand"}, "geometry": {"type": "Polygon", "coordinates": [[[8.46803, 49.51123], [8.46797, 49.5112], [8.46775, 49.51104], [8.46779, 49.51101], [8.46783, 49.51099], [8.46821, 49.51076], [8.46824, 49.51075], [8.46826, 49.51073], [8.46844, 49.51086], [8.46852, 49.51091], [8.46854, 49.51093], [8.46852, 49.51095], [8.46803, 49.51123]]]}}, {"type": "Feature", "properties": {"area_ha": 0.177, "dist_km": 2.218, "node": "Mannheim Ost", "node_mw": 500, "osm_id": 1482857897, "anchor_kind": "demand"}, "geometry": {"type": "Polygon", "coordinates": [[[8.46836, 49.51147], [8.46833, 49.51145], [8.46828, 49.51142], [8.46825, 49.51139], [8.46805, 49.51125], [8.46803, 49.51123], [8.46854, 49.51093], [8.46887, 49.51116], [8.46884, 49.51118], [8.46836, 49.51147]]]}}, {"type": "Feature", "properties": {"area_ha": 0.235, "dist_km": 2.139, "node": "Mannheim Ost", "node_mw": 500, "osm_id": 1486924328, "anchor_kind": "demand"}, "geometry": {"type": "Polygon", "coordinates": [[[8.47273, 49.5157], [8.47273, 49.51569], [8.47268, 49.51551], [8.47268, 49.51547], [8.47266, 49.51544], [8.47265, 49.51543], [8.47262, 49.51532], [8.4726, 49.51527], [8.47276, 49.5153], [8.47287, 49.51533], [8.473, 49.51535], [8.47312, 49.51537], [8.47325, 49.51538], [8.47339, 49.5154], [8.47354, 49.51541], [8.47364, 49.51541], [8.47374, 49.51541], [8.47383, 49.51541], [8.4739, 49.51541], [8.47396, 49.51541], [8.47399, 49.51547], [8.47385, 49.5155], [8.473, 49.51566], [8.47273, 49.5157]]]}}, {"type": "Feature", "properties": {"area_ha": 0.037, "dist_km": 2.76, "node": "Eichstetten", "node_mw": 500, "osm_id": 1512099789, "anchor_kind": "demand"}, "geometry": {"type": "Polygon", "coordinates": [[[7.76176, 48.11985], [7.76208, 48.11984], [7.76209, 48.11998], [7.76176, 48.11999], [7.76176, 48.11985]]]}}, {"type": "Feature", "properties": {"area_ha": 0.01, "dist_km": 2.751, "node": "Eichstetten", "node_mw": 500, "osm_id": 1512099791, "anchor_kind": "demand"}, "geometry": {"type": "Polygon", "coordinates": [[[7.76142, 48.11995], [7.76158, 48.11995], [7.76157, 48.11987], [7.76141, 48.11987], [7.76142, 48.11995]]]}}, {"type": "Feature", "properties": {"area_ha": 23.563, "dist_km": 1.822, "node": "Philippsburg", "node_mw": 500, "osm_id": 25536244, "anchor_kind": "demand"}, "geometry": {"type": "Polygon", "coordinates": [[[8.46361, 49.21927], [8.46373, 49.21875], [8.46378, 49.21862], [8.46468, 49.2187], [8.46493, 49.21873], [8.46522, 49.21875], [8.46515, 49.21933], [8.46519, 49.21933], [8.46732, 49.21964], [8.46707, 49.22011], [8.46712, 49.22012], [8.46768, 49.22024], [8.46758, 49.22045], [8.4674, 49.22081], [8.46719, 49.2213], [8.46705, 49.22167], [8.46689, 49.22201], [8.46669, 49.22255], [8.46602, 49.22404], [8.46608, 49.22415], [8.46598, 49.22443], [8.46576, 49.22511], [8.46525, 49.22662], [8.46201, 49.22619], [8.462, 49.22622], [8.46148, 49.2261], [8.46173, 49.22568], [8.46157, 49.22565], [8.46176, 49.22515], [8.46316, 49.22069], [8.46322, 49.22048], [8.46361, 49.21927]]]}}, {"type": "Feature", "properties": {"area_ha": 34.749, "dist_km": 1.756, "node": "Philippsburg", "node_mw": 500, "osm_id": 25536247, "anchor_kind": "demand"}, "geometry": {"type": "Polygon", "coordinates": [[[8.45505, 49.22582], [8.45496, 49.2255], [8.45449, 49.22423], [8.45438, 49.22393], [8.45422, 49.22347], [8.45406, 49.22288], [8.45399, 49.22278], [8.45406, 49.22084], [8.4544, 49.2204], [8.45489, 49.21995], [8.45573, 49.21934], [8.45624, 49.21871], [8.45664, 49.21782], [8.45687, 49.2177], [8.45713, 49.21743], [8.45745, 49.21716], [8.45763, 49.21723], [8.45787, 49.21732], [8.45824, 49.21685], [8.45915, 49.21671], [8.46063, 49.21734], [8.46038, 49.21836], [8.46014, 49.21987], [8.45979, 49.22106], [8.45961, 49.22178], [8.45956, 49.22234], [8.45946, 49.22297], [8.45944, 49.224], [8.45936, 49.22459], [8.45916, 49.22602], [8.4577, 49.22579], [8.45744, 49.22585], [8.45734, 49.22598], [8.45505, 49.22582]]]}}, {"type": "Feature", "properties": {"area_ha": 19.944, "dist_km": 2.634, "node": "Philippsburg", "node_mw": 500, "osm_id": 27392454, "anchor_kind": "demand"}, "geometry": {"type": "Polygon", "coordinates": [[[8.41935, 49.22855], [8.41933, 49.22854], [8.41765, 49.22778], [8.41747, 49.22791], [8.41697, 49.2276], [8.41627, 49.22717], [8.41623, 49.22719], [8.41431, 49.22783], [8.41444, 49.22852], [8.41516, 49.22875], [8.41636, 49.22912], [8.41686, 49.22927], [8.41673, 49.22934], [8.41658, 49.22939], [8.41654, 49.22941], [8.41706, 49.22972], [8.41616, 49.23054], [8.41787, 49.23153], [8.41758, 49.23171], [8.4179, 49.23191], [8.41869, 49.2324], [8.41907, 49.23247], [8.41972, 49.23172], [8.4208, 49.23063], [8.42082, 49.23061], [8.42088, 49.23055], [8.4224, 49.23098], [8.4244, 49.23153], [8.42631, 49.2321], [8.42729, 49.2324], [8.42757, 49.23198], [8.42695, 49.23158], [8.42572, 49.23106], [8.42509, 49.23061], [8.42514, 49.23053], [8.42491, 49.23045], [8.4248, 49.23041], [8.42464, 49.23039], [8.42405, 49.23022], [8.42346, 49.23], [8.42286, 49.2298], [8.42244, 49.22968], [8.42123, 49.22926], [8.42083, 49.22912], [8.41953, 49.22857], [8.4195, 49.22858], [8.41935, 49.22855]]]}}, {"type": "Feature", "properties": {"area_ha": 1.125, "dist_km": 2.602, "node": "Philippsburg", "node_mw": 500, "osm_id": 27401615, "anchor_kind": "demand"}, "geometry": {"type": "Polygon", "coordinates": [[[8.48582, 49.24936], [8.48605, 49.24921], [8.48639, 49.24899], [8.48661, 49.24911], [8.48676, 49.24896], [8.48643, 49.24873], [8.48627, 49.24862], [8.48534, 49.24799], [8.48459, 49.24843], [8.48494, 49.24874], [8.48551, 49.24925], [8.48557, 49.24922], [8.48576, 49.24933], [8.48582, 49.24936]]]}}, {"type": "Feature", "properties": {"area_ha": 0.113, "dist_km": 1.285, "node": "Gurtweil", "node_mw": 500, "osm_id": 88958911, "anchor_kind": "demand"}, "geometry": {"type": "Polygon", "coordinates": [[[8.25885, 47.62487], [8.25887, 47.62482], [8.25891, 47.62477], [8.25897, 47.62479], [8.25908, 47.62475], [8.25896, 47.62458], [8.25891, 47.62459], [8.25889, 47.62455], [8.2587, 47.62461], [8.25868, 47.62458], [8.25862, 47.6246], [8.25864, 47.62463], [8.25846, 47.62469], [8.25849, 47.62473], [8.25844, 47.62474], [8.25843, 47.62475], [8.25856, 47.62492], [8.25867, 47.62489], [8.2587, 47.62483], [8.25885, 47.62487]]]}}, {"type": "Feature", "properties": {"area_ha": 0.169, "dist_km": 1.114, "node": "Gurtweil", "node_mw": 500, "osm_id": 88958917, "anchor_kind": "demand"}, "geometry": {"type": "Polygon", "coordinates": [[[8.25993, 47.62619], [8.25994, 47.62631], [8.25933, 47.62632], [8.25933, 47.62643], [8.25919, 47.62643], [8.25919, 47.62649], [8.25928, 47.62648], [8.25928, 47.6266], [8.25904, 47.6266], [8.25904, 47.62656], [8.25893, 47.62656], [8.25892, 47.62624], [8.25919, 47.62624], [8.25919, 47.6262], [8.25993, 47.62619]]]}}, {"type": "Feature", "properties": {"area_ha": 0.661, "dist_km": 1.063, "node": "Gurtweil", "node_mw": 500, "osm_id": 88958932, "anchor_kind": "demand"}, "geometry": {"type": "Polygon", "coordinates": [[[8.25915, 47.62708], [8.25942, 47.62703], [8.25939, 47.62698], [8.25947, 47.62696], [8.25945, 47.62691], [8.25975, 47.62685], [8.25984, 47.62689], [8.25987, 47.62685], [8.25993, 47.62687], [8.25995, 47.62684], [8.26002, 47.62685], [8.26005, 47.6268], [8.26014, 47.6268], [8.26017, 47.62688], [8.26033, 47.62685], [8.26035, 47.6269], [8.26059, 47.62686], [8.26063, 47.62695], [8.2607, 47.62694], [8.26081, 47.6272], [8.26028, 47.6273], [8.26012, 47.62733], [8.26016, 47.62741], [8.26017, 47.62744], [8.25998, 47.62748], [8.25976, 47.62752], [8.25938, 47.6276], [8.25915, 47.62708]]]}}, {"type": "Feature", "properties": {"area_ha": 2.484, "dist_km": 1.618, "node": "Gurtweil", "node_mw": 500, "osm_id": 89152528, "anchor_kind": "demand"}, "geometry": {"type": "Polygon", "coordinates": [[[8.26061, 47.62185], [8.26128, 47.62115], [8.26218, 47.62154], [8.26271, 47.62172], [8.26399, 47.62229], [8.26449, 47.62254], [8.26422, 47.6226], [8.26399, 47.62276], [8.26383, 47.62286], [8.26354, 47.62294], [8.26317, 47.6228], [8.26315, 47.62279], [8.26312, 47.62278], [8.26244, 47.62247], [8.26221, 47.6225], [8.26203, 47.62243], [8.262, 47.62241], [8.26195, 47.62239], [8.26182, 47.62253], [8.26179, 47.62256], [8.26102, 47.62224], [8.26116, 47.62209], [8.26061, 47.62185]]]}}, {"type": "Feature", "properties": {"area_ha": 2.386, "dist_km": 1.456, "node": "Gurtweil", "node_mw": 500, "osm_id": 89152529, "anchor_kind": "demand"}, "geometry": {"type": "Polygon", "coordinates": [[[8.26617, 47.62553], [8.26468, 47.62618], [8.26387, 47.62478], [8.26495, 47.62384], [8.265, 47.62387], [8.26519, 47.62407], [8.26604, 47.62534], [8.26612, 47.62546], [8.26617, 47.62553]]]}}, {"type": "Feature", "properties": {"area_ha": 6.872, "dist_km": 1.197, "node": "Gurtweil", "node_mw": 500, "osm_id": 89152531, "anchor_kind": "demand"}, "geometry": {"type": "Polygon", "coordinates": [[[8.26111, 47.62682], [8.26085, 47.6277], [8.26003, 47.62767], [8.25931, 47.62782], [8.25887, 47.62673], [8.25887, 47.62671], [8.25876, 47.6264], [8.25864, 47.62611], [8.2586, 47.62602], [8.2583, 47.62519], [8.25821, 47.62472], [8.25823, 47.62448], [8.25952, 47.62424], [8.25995, 47.62421], [8.26017, 47.62426], [8.26062, 47.62458], [8.26062, 47.62475], [8.26062, 47.62478], [8.26108, 47.62493], [8.26154, 47.62507], [8.262, 47.62522], [8.26187, 47.62569], [8.26176, 47.62576], [8.26172, 47.62591], [8.26172, 47.62605], [8.26166, 47.62616], [8.26156, 47.62621], [8.26026, 47.62606], [8.26016, 47.62642], [8.2602, 47.62655], [8.2603, 47.62664], [8.26041, 47.62669], [8.26111, 47.62682]]]}}, {"type": "Feature", "properties": {"area_ha": 0.228, "dist_km": 0.892, "node": "Gurtweil", "node_mw": 500, "osm_id": 89152536, "anchor_kind": "demand"}, "geometry": {"type": "Polygon", "coordinates": [[[8.26379, 47.63069], [8.26381, 47.63066], [8.26388, 47.63057], [8.26402, 47.63039], [8.2633, 47.63014], [8.26307, 47.63045], [8.26379, 47.63069]]]}}, {"type": "Feature", "properties": {"area_ha": 0.288, "dist_km": 1.5, "node": "Gurtweil", "node_mw": 500, "osm_id": 89264442, "anchor_kind": "demand"}, "geometry": {"type": "Polygon", "coordinates": [[[8.24964, 47.62261], [8.2493, 47.62285], [8.25005, 47.62334], [8.25035, 47.62313], [8.25039, 47.6231], [8.24972, 47.62266], [8.24964, 47.62261]]]}}, {"type": "Feature", "properties": {"area_ha": 0.237, "dist_km": 1.517, "node": "Gurtweil", "node_mw": 500, "osm_id": 89264452, "anchor_kind": "demand"}, "geometry": {"type": "Polygon", "coordinates": [[[8.24976, 47.62264], [8.25009, 47.62241], [8.25073, 47.62283], [8.25041, 47.62306], [8.24976, 47.62264]]]}}, {"type": "Feature", "properties": {"area_ha": 0.021, "dist_km": 1.491, "node": "Gurtweil", "node_mw": 500, "osm_id": 89264468, "anchor_kind": "demand"}, "geometry": {"type": "Polygon", "coordinates": [[[8.25268, 47.62265], [8.25273, 47.62266], [8.25272, 47.62268], [8.25292, 47.62272], [8.25293, 47.62271], [8.25299, 47.62272], [8.253, 47.62265], [8.25272, 47.62259], [8.25268, 47.62265]]]}}, {"type": "Feature", "properties": {"area_ha": 0.059, "dist_km": 1.442, "node": "Gurtweil", "node_mw": 500, "osm_id": 89264480, "anchor_kind": "demand"}, "geometry": {"type": "Polygon", "coordinates": [[[8.25178, 47.62325], [8.25199, 47.62336], [8.25224, 47.62316], [8.25216, 47.62311], [8.25203, 47.62304], [8.25179, 47.62324], [8.25178, 47.62325]]]}}, {"type": "Feature", "properties": {"area_ha": 0.155, "dist_km": 1.296, "node": "Gurtweil", "node_mw": 500, "osm_id": 89264492, "anchor_kind": "demand"}, "geometry": {"type": "Polygon", "coordinates": [[[8.25253, 47.62422], [8.25267, 47.62441], [8.25195, 47.62465], [8.25194, 47.62464], [8.25188, 47.62466], [8.25181, 47.62457], [8.25183, 47.62456], [8.25182, 47.62455], [8.2518, 47.62455], [8.25177, 47.62452], [8.25184, 47.62449], [8.25181, 47.62446], [8.25253, 47.62422]]]}}, {"type": "Feature", "properties": {"area_ha": 5.282, "dist_km": 1.747, "node": "Philippsburg", "node_mw": 500, "osm_id": 89471647, "anchor_kind": "demand"}, "geometry": {"type": "Polygon", "coordinates": [[[8.46756, 49.22621], [8.46735, 49.22616], [8.46723, 49.22614], [8.46721, 49.22618], [8.46708, 49.22615], [8.46709, 49.22612], [8.4671, 49.2261], [8.46684, 49.22604], [8.46756, 49.22479], [8.46763, 49.22468], [8.4677, 49.22456], [8.46746, 49.2245], [8.46798, 49.22358], [8.46783, 49.22355], [8.4681, 49.22309], [8.4685, 49.22319], [8.46868, 49.22287], [8.46879, 49.22269], [8.46879, 49.22268], [8.46867, 49.22265], [8.46875, 49.22252], [8.46887, 49.22255], [8.46902, 49.22229], [8.46913, 49.22209], [8.46951, 49.22145], [8.47022, 49.22162], [8.46972, 49.22249], [8.46981, 49.22251], [8.46996, 49.22255], [8.46972, 49.22297], [8.47039, 49.22314], [8.4702, 49.22346], [8.47008, 49.22366], [8.4698, 49.22415], [8.46974, 49.22426], [8.46967, 49.22436], [8.46918, 49.22522], [8.4683, 49.225], [8.46826, 49.22499], [8.46781, 49.22577], [8.46774, 49.22589], [8.46756, 49.22621]]]}}, {"type": "Feature", "properties": {"area_ha": 0.251, "dist_km": 2.131, "node": "Philippsburg", "node_mw": 500, "osm_id": 89471658, "anchor_kind": "demand"}, "geometry": {"type": "Polygon", "coordinates": [[[8.47242, 49.22175], [8.47173, 49.22158], [8.47196, 49.22118], [8.47265, 49.22136], [8.47242, 49.22175]]]}}, {"type": "Feature", "properties": {"area_ha": 2.604, "dist_km": 1.695, "node": "Philippsburg", "node_mw": 500, "osm_id": 89471668, "anchor_kind": "demand"}, "geometry": {"type": "Polygon", "coordinates": [[[8.47075, 49.22658], [8.46958, 49.22629], [8.46952, 49.22628], [8.46952, 49.22627], [8.46946, 49.22625], [8.46959, 49.22602], [8.46973, 49.22578], [8.46995, 49.2254], [8.47004, 49.22542], [8.47006, 49.2254], [8.47009, 49.2254], [8.47019, 49.22523], [8.47006, 49.2252], [8.4703, 49.22479], [8.47043, 49.22483], [8.4709, 49.22402], [8.4709, 49.22402], [8.47207, 49.22431], [8.47075, 49.22658]]]}}, {"type": "Feature", "properties": {"area_ha": 0.071, "dist_km": 1.139, "node": "Gurtweil", "node_mw": 500, "osm_id": 93631825, "anchor_kind": "demand"}, "geometry": {"type": "Polygon", "coordinates": [[[8.24649, 47.64441], [8.24657, 47.64462], [8.2466, 47.64461], [8.24664, 47.64471], [8.24687, 47.64467], [8.24676, 47.64436], [8.24649, 47.64441]]]}}, {"type": "Feature", "properties": {"area_ha": 0.004, "dist_km": 0.954, "node": "Gurtweil", "node_mw": 500, "osm_id": 93782267, "anchor_kind": "demand"}, "geometry": {"type": "Polygon", "coordinates": [[[8.24284, 47.63863], [8.2429, 47.63861], [8.24295, 47.63868], [8.24289, 47.6387], [8.24284, 47.63863]]]}}, {"type": "Feature", "properties": {"area_ha": 0.063, "dist_km": 2.24, "node": "Philippsburg", "node_mw": 500, "osm_id": 94863692, "anchor_kind": "demand"}, "geometry": {"type": "Polygon", "coordinates": [[[8.43345, 49.25158], [8.43367, 49.25134], [8.43343, 49.25124], [8.43321, 49.25148], [8.43345, 49.25158]]]}}, {"type": "Feature", "properties": {"area_ha": 0.273, "dist_km": 2.04, "node": "Philippsburg", "node_mw": 500, "osm_id": 94873229, "anchor_kind": "demand"}, "geometry": {"type": "Polygon", "coordinates": [[[8.44093, 49.25259], [8.44117, 49.25269], [8.44104, 49.25283], [8.44106, 49.25284], [8.44103, 49.25288], [8.441, 49.25287], [8.44081, 49.25307], [8.4408, 49.25308], [8.44074, 49.25305], [8.44073, 49.25307], [8.44069, 49.25306], [8.44071, 49.25304], [8.44069, 49.25303], [8.44063, 49.25308], [8.44038, 49.25298], [8.44043, 49.25293], [8.44033, 49.25288], [8.44041, 49.2528], [8.44002, 49.25264], [8.4402, 49.25246], [8.44074, 49.25268], [8.44075, 49.25267], [8.44081, 49.25269], [8.44079, 49.25271], [8.44081, 49.25271], [8.44084, 49.25268], [8.44082, 49.25267], [8.44085, 49.25263], [8.44088, 49.25264], [8.44089, 49.25263], [8.44092, 49.2526], [8.44093, 49.25259]]]}}, {"type": "Feature", "properties": {"area_ha": 0.04, "dist_km": 2.265, "node": "Philippsburg", "node_mw": 500, "osm_id": 94874841, "anchor_kind": "demand"}, "geometry": {"type": "Polygon", "coordinates": [[[8.43341, 49.25164], [8.43363, 49.25173], [8.43366, 49.2517], [8.43376, 49.25174], [8.43364, 49.25188], [8.43353, 49.25183], [8.43355, 49.25181], [8.43348, 49.25178], [8.43342, 49.25184], [8.43334, 49.2518], [8.43339, 49.25175], [8.43333, 49.25172], [8.43341, 49.25164]]]}}, {"type": "Feature", "properties": {"area_ha": 0.074, "dist_km": 0.749, "node": "Gurtweil", "node_mw": 500, "osm_id": 100190513, "anchor_kind": "demand"}, "geometry": {"type": "Polygon", "coordinates": [[[8.26226, 47.63124], [8.26207, 47.63135], [8.26241, 47.63162], [8.2626, 47.6315], [8.26226, 47.63124]]]}}, {"type": "Feature", "properties": {"area_ha": 0.073, "dist_km": 0.763, "node": "Gurtweil", "node_mw": 500, "osm_id": 100190523, "anchor_kind": "demand"}, "geometry": {"type": "Polygon", "coordinates": [[[8.26277, 47.63166], [8.26271, 47.63179], [8.2633, 47.63193], [8.26337, 47.63179], [8.26277, 47.63166]]]}}, {"type": "Feature", "properties": {"area_ha": 0.122, "dist_km": 1.028, "node": "Gurtweil", "node_mw": 500, "osm_id": 100190540, "anchor_kind": "demand"}, "geometry": {"type": "Polygon", "coordinates": [[[8.26232, 47.628], [8.26211, 47.62819], [8.26216, 47.62822], [8.26259, 47.62844], [8.2628, 47.62825], [8.26232, 47.628]]]}}, {"type": "Feature", "properties": {"area_ha": 0.086, "dist_km": 1.002, "node": "Gurtweil", "node_mw": 500, "osm_id": 100190542, "anchor_kind": "demand"}, "geometry": {"type": "Polygon", "coordinates": [[[8.26255, 47.62877], [8.26277, 47.62889], [8.26312, 47.62862], [8.26289, 47.62849], [8.26255, 47.62877]]]}}, {"type": "Feature", "properties": {"area_ha": 0.123, "dist_km": 0.845, "node": "Gurtweil", "node_mw": 500, "osm_id": 100190543, "anchor_kind": "demand"}, "geometry": {"type": "Polygon", "coordinates": [[[8.2632, 47.63081], [8.26308, 47.63098], [8.26381, 47.63121], [8.26393, 47.63104], [8.2632, 47.63081]]]}}, {"type": "Feature", "properties": {"area_ha": 0.152, "dist_km": 0.858, "node": "Gurtweil", "node_mw": 500, "osm_id": 100190556, "anchor_kind": "demand"}, "geometry": {"type": "Polygon", "coordinates": [[[8.26223, 47.63055], [8.26246, 47.63063], [8.26283, 47.63016], [8.26277, 47.63014], [8.26283, 47.63007], [8.26248, 47.62994], [8.26238, 47.63006], [8.26256, 47.63013], [8.26223, 47.63055]]]}}, {"type": "Feature", "properties": {"area_ha": 0.151, "dist_km": 0.941, "node": "Gurtweil", "node_mw": 500, "osm_id": 100190557, "anchor_kind": "demand"}, "geometry": {"type": "Polygon", "coordinates": [[[8.26193, 47.62925], [8.26219, 47.6294], [8.26269, 47.62898], [8.26243, 47.62884], [8.26193, 47.62925]]]}}, {"type": "Feature", "properties": {"area_ha": 0.129, "dist_km": 0.707, "node": "Gurtweil", "node_mw": 500, "osm_id": 100190565, "anchor_kind": "demand"}, "geometry": {"type": "Polygon", "coordinates": [[[8.26215, 47.63221], [8.2626, 47.63245], [8.2628, 47.63228], [8.26275, 47.63225], [8.26282, 47.63219], [8.26256, 47.63205], [8.26249, 47.63211], [8.26236, 47.63203], [8.26215, 47.63221]]]}}, {"type": "Feature", "properties": {"area_ha": 18.628, "dist_km": 2.442, "node": "Gurtweil", "node_mw": 500, "osm_id": 103744433, "anchor_kind": "demand"}, "geometry": {"type": "Polygon", "coordinates": [[[8.27632, 47.62052], [8.27582, 47.6201], [8.27626, 47.61982], [8.27642, 47.61971], [8.2766, 47.61954], [8.27678, 47.61937], [8.27723, 47.61885], [8.27751, 47.61843], [8.27746, 47.61828], [8.27774, 47.61679], [8.27775, 47.61676], [8.27766, 47.61683], [8.27641, 47.61695], [8.27617, 47.61603], [8.27567, 47.61609], [8.27502, 47.61617], [8.27467, 47.61622], [8.27468, 47.61628], [8.27454, 47.6163], [8.27441, 47.61634], [8.27438, 47.61637], [8.27437, 47.61656], [8.2743, 47.61661], [8.27417, 47.6166], [8.27404, 47.61659], [8.27402, 47.61659], [8.27382, 47.61659], [8.2737, 47.61685], [8.27365, 47.61724], [8.2737, 47.61738], [8.27372, 47.6174], [8.27374, 47.61748], [8.27375, 47.61754], [8.27394, 47.6179], [8.27242, 47.61842], [8.2723, 47.61846], [8.27195, 47.61829], [8.27171, 47.618], [8.27082, 47.61834], [8.27074, 47.61837], [8.26979, 47.61881], [8.2703, 47.61919], [8.27052, 47.61909], [8.27096, 47.61939], [8.27034, 47.61957], [8.27138, 47.62029], [8.2718, 47.6205], [8.27299, 47.62007], [8.27341, 47.62032], [8.27258, 47.62094], [8.27347, 47.62145], [8.27435, 47.62094], [8.27489, 47.62133], [8.27632, 47.62052]]]}}, {"type": "Feature", "properties": {"area_ha": 2.713, "dist_km": 0.889, "node": "Philippsburg", "node_mw": 500, "osm_id": 103952507, "anchor_kind": "demand"}, "geometry": {"type": "Polygon", "coordinates": [[[8.45755, 49.24496], [8.45773, 49.24418], [8.45811, 49.24426], [8.45815, 49.24421], [8.4582, 49.24401], [8.45849, 49.244], [8.45884, 49.24403], [8.45974, 49.24418], [8.46016, 49.24425], [8.46082, 49.24441], [8.45993, 49.24552], [8.45926, 49.2454], [8.4583, 49.24532], [8.45807, 49.24529], [8.45815, 49.2451], [8.45755, 49.24496]]]}}, {"type": "Feature", "properties": {"area_ha": 0.02, "dist_km": 2.429, "node": "Philippsburg", "node_mw": 500, "osm_id": 103952521, "anchor_kind": "demand"}, "geometry": {"type": "Polygon", "coordinates": [[[8.47133, 49.25617], [8.47136, 49.25602], [8.4712, 49.25601], [8.47117, 49.25616], [8.47133, 49.25617]]]}}, {"type": "Feature", "properties": {"area_ha": 1.303, "dist_km": 2.375, "node": "Philippsburg", "node_mw": 500, "osm_id": 106212244, "anchor_kind": "demand"}, "geometry": {"type": "Polygon", "coordinates": [[[8.43353, 49.25307], [8.43351, 49.25306], [8.43343, 49.25313], [8.43331, 49.25326], [8.43351, 49.25334], [8.43305, 49.25382], [8.43296, 49.25391], [8.43345, 49.25411], [8.43354, 49.25402], [8.43358, 49.25397], [8.43364, 49.25391], [8.43372, 49.25383], [8.43379, 49.25385], [8.43377, 49.25387], [8.43388, 49.25392], [8.4339, 49.2539], [8.43408, 49.25397], [8.43417, 49.25388], [8.4341, 49.25385], [8.43425, 49.2537], [8.43424, 49.2537], [8.43428, 49.25365], [8.43429, 49.25366], [8.43478, 49.25314], [8.43475, 49.25313], [8.43483, 49.25304], [8.43487, 49.25306], [8.43491, 49.25302], [8.43487, 49.253], [8.435, 49.25286], [8.43437, 49.2526], [8.43432, 49.25258], [8.43405, 49.25247], [8.43381, 49.25272], [8.43362, 49.25264], [8.43348, 49.25279], [8.43357, 49.25282], [8.43371, 49.25288], [8.43366, 49.25292], [8.43353, 49.25307]]]}}, {"type": "Feature", "properties": {"area_ha": 0.01, "dist_km": 0.448, "node": "Gurtweil", "node_mw": 500, "osm_id": 116986260, "anchor_kind": "demand"}, "geometry": {"type": "Polygon", "coordinates": [[[8.25299, 47.63974], [8.25293, 47.63978], [8.25292, 47.63979], [8.25307, 47.63987], [8.25313, 47.63982], [8.25299, 47.63974]]]}}, {"type": "Feature", "properties": {"area_ha": 0.007, "dist_km": 0.496, "node": "Gurtweil", "node_mw": 500, "osm_id": 116986262, "anchor_kind": "demand"}, "geometry": {"type": "Polygon", "coordinates": [[[8.25229, 47.64003], [8.25224, 47.64007], [8.25236, 47.64014], [8.25241, 47.6401], [8.25229, 47.64003]]]}}, {"type": "Feature", "properties": {"area_ha": 0.066, "dist_km": 0.481, "node": "Gurtweil", "node_mw": 500, "osm_id": 116986272, "anchor_kind": "demand"}, "geometry": {"type": "Polygon", "coordinates": [[[8.25248, 47.64011], [8.25265, 47.64022], [8.25281, 47.64011], [8.25299, 47.63997], [8.25282, 47.63987], [8.25248, 47.64011]]]}}, {"type": "Feature", "properties": {"area_ha": 0.021, "dist_km": 0.666, "node": "Gurtweil", "node_mw": 500, "osm_id": 116986285, "anchor_kind": "demand"}, "geometry": {"type": "Polygon", "coordinates": [[[8.24631, 47.63654], [8.24628, 47.63662], [8.246, 47.63657], [8.24603, 47.63649], [8.24631, 47.63654]]]}}, {"type": "Feature", "properties": {"area_ha": 0.434, "dist_km": 2.654, "node": "Gurtweil", "node_mw": 500, "osm_id": 117681079, "anchor_kind": "demand"}, "geometry": {"type": "Polygon", "coordinates": [[[8.27593, 47.6174], [8.27587, 47.61716], [8.27592, 47.61715], [8.2759, 47.61706], [8.27643, 47.617], [8.27645, 47.61707], [8.27656, 47.61706], [8.27655, 47.61699], [8.27745, 47.61689], [8.27749, 47.61705], [8.27743, 47.61705], [8.27747, 47.61722], [8.27593, 47.6174]]]}}, {"type": "Feature", "properties": {"area_ha": 0.214, "dist_km": 2.534, "node": "Gurtweil", "node_mw": 500, "osm_id": 117681081, "anchor_kind": "demand"}, "geometry": {"type": "Polygon", "coordinates": [[[8.27469, 47.61752], [8.27483, 47.61803], [8.27503, 47.61801], [8.27521, 47.61798], [8.27508, 47.61748], [8.275, 47.61749], [8.27495, 47.61729], [8.27477, 47.61731], [8.27463, 47.61733], [8.27467, 47.61747], [8.27474, 47.61747], [8.27472, 47.61739], [8.27477, 47.61738], [8.2748, 47.61751], [8.27469, 47.61752]]]}}, {"type": "Feature", "properties": {"area_ha": 0.241, "dist_km": 2.597, "node": "Gurtweil", "node_mw": 500, "osm_id": 117681083, "anchor_kind": "demand"}, "geometry": {"type": "Polygon", "coordinates": [[[8.27601, 47.61752], [8.27614, 47.61799], [8.27666, 47.61792], [8.27663, 47.61781], [8.27672, 47.6178], [8.27679, 47.61753], [8.27657, 47.61751], [8.27651, 47.61751], [8.27631, 47.61753], [8.2763, 47.61749], [8.27601, 47.61752]]]}}, {"type": "Feature", "properties": {"area_ha": 0.14, "dist_km": 2.611, "node": "Gurtweil", "node_mw": 500, "osm_id": 118309383, "anchor_kind": "demand"}, "geometry": {"type": "Polygon", "coordinates": [[[8.27676, 47.61797], [8.27685, 47.61763], [8.27732, 47.61769], [8.27727, 47.61788], [8.27724, 47.61804], [8.27676, 47.61797]]]}}, {"type": "Feature", "properties": {"area_ha": 0.096, "dist_km": 2.471, "node": "Gurtweil", "node_mw": 500, "osm_id": 118309402, "anchor_kind": "demand"}, "geometry": {"type": "Polygon", "coordinates": [[[8.2743, 47.61794], [8.27471, 47.6179], [8.2748, 47.6182], [8.27451, 47.61823], [8.27449, 47.61815], [8.27437, 47.61815], [8.2743, 47.61794]]]}}, {"type": "Feature", "properties": {"area_ha": 0.077, "dist_km": 2.642, "node": "Gurtweil", "node_mw": 500, "osm_id": 118309411, "anchor_kind": "demand"}, "geometry": {"type": "Polygon", "coordinates": [[[8.27679, 47.61751], [8.27741, 47.61758], [8.27746, 47.61744], [8.27682, 47.61736], [8.27681, 47.61743], [8.27679, 47.61751]]]}}, {"type": "Feature", "properties": {"area_ha": 0.029, "dist_km": 2.376, "node": "Gurtweil", "node_mw": 500, "osm_id": 118309424, "anchor_kind": "demand"}, "geometry": {"type": "Polygon", "coordinates": [[[8.27158, 47.61792], [8.2715, 47.6178], [8.27174, 47.61773], [8.27182, 47.61785], [8.27158, 47.61792]]]}}, {"type": "Feature", "properties": {"area_ha": 0.026, "dist_km": 2.49, "node": "Gurtweil", "node_mw": 500, "osm_id": 118309426, "anchor_kind": "demand"}, "geometry": {"type": "Polygon", "coordinates": [[[8.27486, 47.61818], [8.27507, 47.61816], [8.27503, 47.61801], [8.27483, 47.61803], [8.27486, 47.61818]]]}}, {"type": "Feature", "properties": {"area_ha": 0.074, "dist_km": 2.288, "node": "Gurtweil", "node_mw": 500, "osm_id": 118697085, "anchor_kind": "demand"}, "geometry": {"type": "Polygon", "coordinates": [[[8.27142, 47.61875], [8.27185, 47.61861], [8.27197, 47.61878], [8.27153, 47.61892], [8.27142, 47.61875]]]}}, {"type": "Feature", "properties": {"area_ha": 0.086, "dist_km": 2.232, "node": "Gurtweil", "node_mw": 500, "osm_id": 118697087, "anchor_kind": "demand"}, "geometry": {"type": "Polygon", "coordinates": [[[8.27112, 47.6189], [8.27149, 47.61912], [8.27136, 47.61923], [8.2713, 47.6192], [8.27116, 47.6193], [8.27112, 47.61927], [8.27107, 47.61929], [8.27097, 47.61923], [8.27115, 47.6191], [8.27099, 47.61901], [8.27107, 47.61894], [8.27112, 47.6189]]]}}, {"type": "Feature", "properties": {"area_ha": 0.035, "dist_km": 1.617, "node": "Gurtweil", "node_mw": 500, "osm_id": 123934220, "anchor_kind": "demand"}, "geometry": {"type": "Polygon", "coordinates": [[[8.26251, 47.62239], [8.26286, 47.62254], [8.26294, 47.62246], [8.26259, 47.62231], [8.26251, 47.62239]]]}}, {"type": "Feature", "properties": {"area_ha": 0.037, "dist_km": 1.677, "node": "Gurtweil", "node_mw": 500, "osm_id": 123934222, "anchor_kind": "demand"}, "geometry": {"type": "Polygon", "coordinates": [[[8.26243, 47.6218], [8.26253, 47.62185], [8.26255, 47.62183], [8.26263, 47.62187], [8.26265, 47.62185], [8.26283, 47.62194], [8.2629, 47.62186], [8.26272, 47.62177], [8.26271, 47.62178], [8.26253, 47.6217], [8.26243, 47.6218]]]}}, {"type": "Feature", "properties": {"area_ha": 0.002, "dist_km": 1.646, "node": "Gurtweil", "node_mw": 500, "osm_id": 123934223, "anchor_kind": "demand"}, "geometry": {"type": "Polygon", "coordinates": [[[8.26382, 47.62247], [8.26386, 47.62249], [8.2639, 47.62244], [8.26386, 47.62242], [8.26382, 47.62247]]]}}, {"type": "Feature", "properties": {"area_ha": 0.014, "dist_km": 1.625, "node": "Gurtweil", "node_mw": 500, "osm_id": 123934224, "anchor_kind": "demand"}, "geometry": {"type": "Polygon", "coordinates": [[[8.26299, 47.62244], [8.2632, 47.62253], [8.26325, 47.62247], [8.26305, 47.62238], [8.26299, 47.62244]]]}}, {"type": "Feature", "properties": {"area_ha": 0.036, "dist_km": 1.659, "node": "Gurtweil", "node_mw": 500, "osm_id": 123934225, "anchor_kind": "demand"}, "geometry": {"type": "Polygon", "coordinates": [[[8.26319, 47.62221], [8.26339, 47.62229], [8.26341, 47.62228], [8.26348, 47.62229], [8.2635, 47.62224], [8.26346, 47.62223], [8.26336, 47.62219], [8.26347, 47.62207], [8.26334, 47.62201], [8.26323, 47.62214], [8.26325, 47.62214], [8.26319, 47.62221]]]}}, {"type": "Feature", "properties": {"area_ha": 0.02, "dist_km": 1.621, "node": "Gurtweil", "node_mw": 500, "osm_id": 123934226, "anchor_kind": "demand"}, "geometry": {"type": "Polygon", "coordinates": [[[8.26246, 47.62224], [8.26241, 47.62223], [8.26235, 47.62224], [8.26231, 47.62226], [8.26229, 47.6223], [8.2623, 47.62233], [8.26233, 47.62236], [8.26239, 47.62238], [8.26244, 47.62237], [8.26248, 47.62235], [8.2625, 47.62231], [8.26249, 47.62227], [8.26246, 47.62224]]]}}, {"type": "Feature", "properties": {"area_ha": 0.015, "dist_km": 0.678, "node": "Gurtweil", "node_mw": 500, "osm_id": 130414881, "anchor_kind": "demand"}, "geometry": {"type": "Polygon", "coordinates": [[[8.25107, 47.64157], [8.25118, 47.64161], [8.25129, 47.64149], [8.25117, 47.64145], [8.25107, 47.64157]]]}}, {"type": "Feature", "properties": {"area_ha": 0.046, "dist_km": 1.634, "node": "Gurtweil", "node_mw": 500, "osm_id": 141139653, "anchor_kind": "demand"}, "geometry": {"type": "Polygon", "coordinates": [[[8.26169, 47.62203], [8.26206, 47.6222], [8.26216, 47.62209], [8.26179, 47.62193], [8.26169, 47.62203]]]}}, {"type": "Feature", "properties": {"area_ha": 0.029, "dist_km": 1.643, "node": "Gurtweil", "node_mw": 500, "osm_id": 141139665, "anchor_kind": "demand"}, "geometry": {"type": "Polygon", "coordinates": [[[8.2627, 47.62211], [8.26268, 47.62208], [8.26264, 47.62206], [8.26259, 47.62204], [8.26254, 47.62204], [8.2625, 47.62206], [8.26246, 47.62208], [8.26244, 47.62211], [8.26244, 47.62215], [8.26247, 47.62218], [8.2625, 47.6222], [8.26255, 47.62221], [8.2626, 47.62221], [8.26264, 47.6222], [8.26268, 47.62218], [8.2627, 47.62214], [8.2627, 47.62211]]]}}, {"type": "Feature", "properties": {"area_ha": 0.109, "dist_km": 2.579, "node": "Gurtweil", "node_mw": 500, "osm_id": 142770028, "anchor_kind": "demand"}, "geometry": {"type": "Polygon", "coordinates": [[[8.27506, 47.61726], [8.2756, 47.6172], [8.27561, 47.61724], [8.27565, 47.61743], [8.27512, 47.61749], [8.27506, 47.61726]]]}}, {"type": "Feature", "properties": {"area_ha": 0.356, "dist_km": 2.55, "node": "Gurtweil", "node_mw": 500, "osm_id": 142770032, "anchor_kind": "demand"}, "geometry": {"type": "Polygon", "coordinates": [[[8.27512, 47.61749], [8.27565, 47.61743], [8.27582, 47.61742], [8.27585, 47.61741], [8.27595, 47.61785], [8.27589, 47.61786], [8.27592, 47.618], [8.27526, 47.61807], [8.27524, 47.61797], [8.27523, 47.61798], [8.27512, 47.61749]]]}}, {"type": "Feature", "properties": {"area_ha": 1.369, "dist_km": 2.162, "node": "Gurtweil", "node_mw": 500, "osm_id": 144480856, "anchor_kind": "demand"}, "geometry": {"type": "Polygon", "coordinates": [[[8.24545, 47.61814], [8.24557, 47.61809], [8.24567, 47.61804], [8.24574, 47.61779], [8.2459, 47.61726], [8.24585, 47.61721], [8.2459, 47.61704], [8.24578, 47.61703], [8.24449, 47.61686], [8.2443, 47.6175], [8.24419, 47.61788], [8.24441, 47.61792], [8.24448, 47.61797], [8.24451, 47.61802], [8.24464, 47.61804], [8.24466, 47.618], [8.24473, 47.618], [8.2449, 47.61802], [8.24494, 47.61802], [8.24493, 47.61807], [8.24545, 47.61814]]]}}, {"type": "Feature", "properties": {"area_ha": 0.135, "dist_km": 2.805, "node": "Philippsburg", "node_mw": 500, "osm_id": 148490633, "anchor_kind": "demand"}, "geometry": {"type": "Polygon", "coordinates": [[[8.473, 49.2149], [8.47311, 49.21491], [8.47372, 49.21494], [8.47372, 49.21493], [8.47375, 49.21471], [8.47311, 49.21468], [8.47311, 49.21465], [8.47303, 49.21465], [8.47303, 49.21467], [8.47302, 49.21467], [8.473, 49.2149]]]}}, {"type": "Feature", "properties": {"area_ha": 5.891, "dist_km": 2.527, "node": "Gurtweil", "node_mw": 500, "osm_id": 148701770, "anchor_kind": "demand"}, "geometry": {"type": "Polygon", "coordinates": [[[8.24992, 47.65666], [8.24896, 47.65639], [8.24872, 47.65635], [8.24864, 47.65637], [8.24884, 47.65672], [8.24904, 47.65691], [8.24938, 47.65708], [8.24977, 47.65728], [8.25013, 47.65759], [8.25042, 47.6579], [8.24928, 47.65914], [8.2495, 47.65943], [8.24928, 47.65958], [8.24906, 47.6594], [8.24901, 47.65948], [8.24907, 47.65972], [8.24919, 47.65995], [8.2494, 47.66023], [8.24958, 47.66045], [8.2498, 47.66066], [8.25014, 47.66095], [8.2504, 47.66127], [8.25055, 47.66162], [8.25076, 47.66137], [8.25056, 47.66093], [8.24975, 47.65996], [8.24934, 47.65963], [8.24959, 47.65947], [8.24998, 47.65977], [8.25079, 47.66057], [8.25097, 47.66052], [8.25012, 47.65968], [8.25034, 47.65941], [8.25083, 47.65917], [8.25115, 47.65896], [8.25151, 47.65892], [8.25185, 47.65894], [8.25237, 47.65813], [8.25237, 47.65798], [8.25237, 47.6579], [8.25237, 47.65725], [8.25212, 47.65717], [8.25197, 47.6571], [8.25181, 47.65703], [8.25151, 47.65718], [8.25164, 47.65746], [8.25148, 47.65751], [8.25141, 47.65734], [8.25129, 47.65715], [8.25109, 47.65673], [8.25104, 47.65674], [8.25097, 47.65676], [8.25089, 47.65677], [8.25069, 47.65684], [8.2506, 47.65681], [8.24992, 47.65666]]]}}, {"type": "Feature", "properties": {"area_ha": 0.289, "dist_km": 2.382, "node": "Gurtweil", "node_mw": 500, "osm_id": 148701774, "anchor_kind": "demand"}, "geometry": {"type": "Polygon", "coordinates": [[[8.24918, 47.65679], [8.24913, 47.65691], [8.24924, 47.65693], [8.24923, 47.65696], [8.24934, 47.65698], [8.24933, 47.65702], [8.24945, 47.65704], [8.24943, 47.65707], [8.24954, 47.65709], [8.24953, 47.65712], [8.24965, 47.65714], [8.24964, 47.65717], [8.24985, 47.6572], [8.24982, 47.65727], [8.24996, 47.65729], [8.24993, 47.65736], [8.25009, 47.65739], [8.25006, 47.65747], [8.2502, 47.65749], [8.25038, 47.65705], [8.2499, 47.65696], [8.24991, 47.65692], [8.24918, 47.65679]]]}}, {"type": "Feature", "properties": {"area_ha": 0.096, "dist_km": 2.393, "node": "Gurtweil", "node_mw": 500, "osm_id": 148701790, "anchor_kind": "demand"}, "geometry": {"type": "Polygon", "coordinates": [[[8.25045, 47.65697], [8.25066, 47.65701], [8.25051, 47.6574], [8.25046, 47.65739], [8.2504, 47.65754], [8.25024, 47.65751], [8.25045, 47.65697]]]}}, {"type": "Feature", "properties": {"area_ha": 0.019, "dist_km": 0.911, "node": "Gurtweil", "node_mw": 500, "osm_id": 149241120, "anchor_kind": "demand"}, "geometry": {"type": "Polygon", "coordinates": [[[8.26603, 47.63237], [8.26587, 47.63238], [8.26586, 47.63252], [8.26606, 47.6325], [8.26603, 47.63237]]]}}, {"type": "Feature", "properties": {"area_ha": 0.064, "dist_km": 0.934, "node": "Gurtweil", "node_mw": 500, "osm_id": 149241178, "anchor_kind": "demand"}, "geometry": {"type": "Polygon", "coordinates": [[[8.26602, 47.63236], [8.26603, 47.63237], [8.26606, 47.6325], [8.2666, 47.63244], [8.26656, 47.6323], [8.26602, 47.63236]]]}}, {"type": "Feature", "properties": {"area_ha": 0.023, "dist_km": 1.25, "node": "Gurtweil", "node_mw": 500, "osm_id": 149241182, "anchor_kind": "demand"}, "geometry": {"type": "Polygon", "coordinates": [[[8.27142, 47.63394], [8.2715, 47.6338], [8.27133, 47.63375], [8.27125, 47.63389], [8.27142, 47.63394]]]}}, {"type": "Feature", "properties": {"area_ha": 0.191, "dist_km": 1.217, "node": "Gurtweil", "node_mw": 500, "osm_id": 149241191, "anchor_kind": "demand"}, "geometry": {"type": "Polygon", "coordinates": [[[8.27142, 47.63394], [8.27115, 47.63439], [8.27094, 47.63434], [8.27103, 47.63418], [8.27094, 47.63415], [8.27084, 47.63431], [8.27078, 47.63429], [8.27085, 47.63417], [8.27064, 47.63411], [8.27078, 47.63387], [8.27104, 47.63395], [8.27102, 47.63398], [8.27107, 47.63399], [8.27114, 47.63386], [8.27125, 47.63389], [8.27142, 47.63394]]]}}, {"type": "Feature", "properties": {"area_ha": 0.343, "dist_km": 1.258, "node": "Gurtweil", "node_mw": 500, "osm_id": 149241225, "anchor_kind": "demand"}, "geometry": {"type": "Polygon", "coordinates": [[[8.27086, 47.63362], [8.27134, 47.63374], [8.27133, 47.63375], [8.2715, 47.6338], [8.27171, 47.63345], [8.27153, 47.6334], [8.27169, 47.63313], [8.2717, 47.63312], [8.27123, 47.63299], [8.27122, 47.633], [8.27107, 47.63326], [8.27087, 47.63361], [8.27086, 47.63362]]]}}, {"type": "Feature", "properties": {"area_ha": 0.042, "dist_km": 1.116, "node": "Gurtweil", "node_mw": 500, "osm_id": 149241260, "anchor_kind": "demand"}, "geometry": {"type": "Polygon", "coordinates": [[[8.2694, 47.63411], [8.26953, 47.63391], [8.26963, 47.63393], [8.26969, 47.63384], [8.26978, 47.63387], [8.26963, 47.63409], [8.26959, 47.63407], [8.26955, 47.63415], [8.2694, 47.63411]]]}}, {"type": "Feature", "properties": {"area_ha": 1.03, "dist_km": 1.235, "node": "Gurtweil", "node_mw": 500, "osm_id": 149241304, "anchor_kind": "demand"}, "geometry": {"type": "Polygon", "coordinates": [[[8.27045, 47.63362], [8.27051, 47.63352], [8.27075, 47.63315], [8.27101, 47.63323], [8.27117, 47.63297], [8.2717, 47.63312], [8.27169, 47.63313], [8.27207, 47.63322], [8.27159, 47.63384], [8.27122, 47.63442], [8.27089, 47.63434], [8.27095, 47.63421], [8.27057, 47.6341], [8.27083, 47.63371], [8.27045, 47.63362]]]}}, {"type": "Feature", "properties": {"area_ha": 0.384, "dist_km": 2.562, "node": "Gurtweil", "node_mw": 500, "osm_id": 152254817, "anchor_kind": "demand"}, "geometry": {"type": "Polygon", "coordinates": [[[8.2428, 47.61445], [8.24298, 47.61394], [8.24391, 47.61408], [8.24375, 47.61452], [8.24354, 47.61451], [8.24328, 47.61448], [8.2428, 47.61445]]]}}, {"type": "Feature", "properties": {"area_ha": 0.026, "dist_km": 2.791, "node": "Gurtweil", "node_mw": 500, "osm_id": 153268169, "anchor_kind": "demand"}, "geometry": {"type": "Polygon", "coordinates": [[[8.29186, 47.63317], [8.29196, 47.63321], [8.29213, 47.63295], [8.29202, 47.63292], [8.29186, 47.63317]]]}}, {"type": "Feature", "properties": {"area_ha": 0.028, "dist_km": 2.791, "node": "Gurtweil", "node_mw": 500, "osm_id": 153268249, "anchor_kind": "demand"}, "geometry": {"type": "Polygon", "coordinates": [[[8.29176, 47.63284], [8.29196, 47.63254], [8.29205, 47.63257], [8.292, 47.63265], [8.29185, 47.63287], [8.29176, 47.63284]]]}}, {"type": "Feature", "properties": {"area_ha": 0.069, "dist_km": 2.806, "node": "Gurtweil", "node_mw": 500, "osm_id": 153268252, "anchor_kind": "demand"}, "geometry": {"type": "Polygon", "coordinates": [[[8.29185, 47.63287], [8.292, 47.63265], [8.29215, 47.63269], [8.29223, 47.63259], [8.29231, 47.63261], [8.29224, 47.63272], [8.29227, 47.63273], [8.29213, 47.63295], [8.29202, 47.63292], [8.29185, 47.63287]]]}}, {"type": "Feature", "properties": {"area_ha": 0.068, "dist_km": 2.779, "node": "Gurtweil", "node_mw": 500, "osm_id": 153268258, "anchor_kind": "demand"}, "geometry": {"type": "Polygon", "coordinates": [[[8.29159, 47.63309], [8.29186, 47.63317], [8.29202, 47.63292], [8.29185, 47.63287], [8.29176, 47.63284], [8.29159, 47.63309]]]}}, {"type": "Feature", "properties": {"area_ha": 0.019, "dist_km": 1.905, "node": "Philippsburg", "node_mw": 500, "osm_id": 156501261, "anchor_kind": "demand"}, "geometry": {"type": "Polygon", "coordinates": [[[8.46531, 49.22121], [8.46528, 49.22128], [8.46529, 49.22128], [8.46545, 49.22131], [8.46545, 49.22132], [8.46557, 49.22134], [8.4656, 49.22125], [8.46532, 49.22121], [8.46531, 49.22121]]]}}, {"type": "Feature", "properties": {"area_ha": 0.032, "dist_km": 2.12, "node": "Gurtweil", "node_mw": 500, "osm_id": 158611296, "anchor_kind": "demand"}, "geometry": {"type": "Polygon", "coordinates": [[[8.24221, 47.61879], [8.24219, 47.61884], [8.2429, 47.61896], [8.24291, 47.61891], [8.24221, 47.61879]]]}}, {"type": "Feature", "properties": {"area_ha": 0.086, "dist_km": 2.192, "node": "Gurtweil", "node_mw": 500, "osm_id": 158611301, "anchor_kind": "demand"}, "geometry": {"type": "Polygon", "coordinates": [[[8.24287, 47.61808], [8.24286, 47.61825], [8.24232, 47.61823], [8.24222, 47.61805], [8.24287, 47.61808]]]}}, {"type": "Feature", "properties": {"area_ha": 0.01, "dist_km": 2.169, "node": "Gurtweil", "node_mw": 500, "osm_id": 158611307, "anchor_kind": "demand"}, "geometry": {"type": "Polygon", "coordinates": [[[8.24235, 47.61837], [8.24248, 47.61839], [8.24243, 47.61851], [8.24238, 47.6185], [8.2424, 47.61845], [8.24232, 47.61844], [8.24235, 47.61837]]]}}, {"type": "Feature", "properties": {"area_ha": 0.031, "dist_km": 2.155, "node": "Gurtweil", "node_mw": 500, "osm_id": 158611308, "anchor_kind": "demand"}, "geometry": {"type": "Polygon", "coordinates": [[[8.24257, 47.61846], [8.24255, 47.6185], [8.24264, 47.61852], [8.24257, 47.61868], [8.24238, 47.61864], [8.24247, 47.61844], [8.24257, 47.61846]]]}}, {"type": "Feature", "properties": {"area_ha": 58.692, "dist_km": 2.105, "node": "Philippsburg", "node_mw": 500, "osm_id": 161909939, "anchor_kind": "demand"}, "geometry": {"type": "Polygon", "coordinates": [[[8.43482, 49.24977], [8.43531, 49.24916], [8.43538, 49.24913], [8.43543, 49.2491], [8.43622, 49.24813], [8.43655, 49.24781], [8.43867, 49.24867], [8.43958, 49.24905], [8.44001, 49.24918], [8.44044, 49.24931], [8.44067, 49.24939], [8.441, 49.24952], [8.4414, 49.24969], [8.44181, 49.24986], [8.44217, 49.25], [8.44236, 49.25006], [8.44236, 49.25008], [8.44233, 49.25012], [8.4423, 49.25018], [8.44229, 49.25021], [8.44262, 49.25024], [8.44284, 49.25024], [8.44302, 49.25023], [8.44321, 49.2502], [8.44432, 49.24988], [8.4449, 49.25002], [8.44515, 49.25098], [8.44524, 49.2513], [8.44524, 49.25141], [8.44524, 49.25149], [8.44522, 49.25158], [8.44517, 49.25169], [8.44507, 49.25182], [8.44376, 49.25318], [8.44364, 49.25319], [8.44271, 49.25415], [8.44262, 49.25425], [8.44225, 49.25463], [8.43961, 49.2574], [8.4393, 49.25742], [8.43727, 49.25632], [8.43729, 49.2563], [8.43739, 49.25622], [8.43713, 49.25609], [8.43704, 49.25604], [8.43698, 49.25609], [8.43684, 49.25601], [8.43678, 49.25607], [8.43567, 49.2555], [8.4351, 49.25522], [8.43453, 49.25492], [8.43462, 49.25484], [8.43459, 49.25482], [8.43451, 49.25478], [8.43437, 49.2547], [8.43409, 49.25473], [8.43326, 49.25434], [8.43304, 49.25421], [8.43224, 49.25387], [8.43152, 49.25356], [8.4315, 49.25352], [8.43167, 49.25335], [8.43179, 49.25328], [8.43181, 49.25326], [8.43224, 49.25271], [8.43207, 49.25264], [8.43212, 49.25259], [8.43225, 49.25246], [8.43271, 49.252], [8.43274, 49.25196], [8.43247, 49.25184], [8.43245, 49.25181], [8.43242, 49.25176], [8.43258, 49.25158], [8.43284, 49.25155], [8.43378, 49.25056], [8.43404, 49.2505], [8.4341, 49.25048], [8.43416, 49.25047], [8.43427, 49.25044], [8.43482, 49.24977]]]}}, {"type": "Feature", "properties": {"area_ha": 0.009, "dist_km": 2.172, "node": "Gurtweil", "node_mw": 500, "osm_id": 175637733, "anchor_kind": "demand"}, "geometry": {"type": "Polygon", "coordinates": [[[8.24252, 47.61842], [8.24259, 47.61843], [8.24263, 47.61828], [8.24256, 47.61827], [8.24252, 47.61842]]]}}, {"type": "Feature", "properties": {"area_ha": 0.214, "dist_km": 2.69, "node": "Gurtweil", "node_mw": 500, "osm_id": 177042157, "anchor_kind": "demand"}, "geometry": {"type": "Polygon", "coordinates": [[[8.24878, 47.61209], [8.2489, 47.61188], [8.24995, 47.61213], [8.24984, 47.61235], [8.24878, 47.61209]]]}}, {"type": "Feature", "properties": {"area_ha": 0.046, "dist_km": 1.608, "node": "Gurtweil", "node_mw": 500, "osm_id": 177042159, "anchor_kind": "demand"}, "geometry": {"type": "Polygon", "coordinates": [[[8.26123, 47.62217], [8.26131, 47.62208], [8.26174, 47.62226], [8.26165, 47.62235], [8.26123, 47.62217]]]}}, {"type": "Feature", "properties": {"area_ha": 0.34, "dist_km": 2.783, "node": "Gurtweil", "node_mw": 500, "osm_id": 177042166, "anchor_kind": "demand"}, "geometry": {"type": "Polygon", "coordinates": [[[8.24928, 47.61145], [8.24889, 47.61139], [8.24891, 47.61133], [8.24893, 47.61133], [8.24895, 47.6113], [8.24907, 47.61112], [8.24927, 47.61118], [8.24932, 47.6111], [8.24947, 47.61089], [8.24989, 47.61102], [8.24979, 47.61118], [8.24989, 47.61121], [8.24986, 47.61127], [8.2503, 47.6114], [8.25018, 47.61157], [8.24936, 47.61132], [8.24928, 47.61145]]]}}, {"type": "Feature", "properties": {"area_ha": 0.214, "dist_km": 2.203, "node": "Gurtweil", "node_mw": 500, "osm_id": 177042195, "anchor_kind": "demand"}, "geometry": {"type": "Polygon", "coordinates": [[[8.27248, 47.61984], [8.27241, 47.61973], [8.27234, 47.61962], [8.27136, 47.6199], [8.27151, 47.62012], [8.27248, 47.61984]]]}}, {"type": "Feature", "properties": {"area_ha": 2.203, "dist_km": 1.599, "node": "Philippsburg", "node_mw": 500, "osm_id": 193453333, "anchor_kind": "demand"}, "geometry": {"type": "Polygon", "coordinates": [[[8.47075, 49.22658], [8.46958, 49.22629], [8.46896, 49.22735], [8.47107, 49.22787], [8.47116, 49.22789], [8.47129, 49.22766], [8.47137, 49.22768], [8.47137, 49.22768], [8.47135, 49.22767], [8.4718, 49.22693], [8.47183, 49.22694], [8.47188, 49.22686], [8.47185, 49.22685], [8.47185, 49.22685], [8.47075, 49.22658]]]}}, {"type": "Feature", "properties": {"area_ha": 0.026, "dist_km": 0.489, "node": "Gurtweil", "node_mw": 500, "osm_id": 204988475, "anchor_kind": "demand"}, "geometry": {"type": "Polygon", "coordinates": [[[8.25135, 47.63952], [8.25146, 47.63958], [8.25126, 47.63974], [8.25115, 47.63967], [8.25135, 47.63952]]]}}, {"type": "Feature", "properties": {"area_ha": 0.01, "dist_km": 0.504, "node": "Gurtweil", "node_mw": 500, "osm_id": 204988485, "anchor_kind": "demand"}, "geometry": {"type": "Polygon", "coordinates": [[[8.25285, 47.64022], [8.25293, 47.64024], [8.25285, 47.64037], [8.25277, 47.64034], [8.25285, 47.64022]]]}}, {"type": "Feature", "properties": {"area_ha": 0.022, "dist_km": 2.391, "node": "Philippsburg", "node_mw": 500, "osm_id": 224968473, "anchor_kind": "demand"}, "geometry": {"type": "Polygon", "coordinates": [[[8.4708, 49.25581], [8.47084, 49.25573], [8.47091, 49.25574], [8.47107, 49.25577], [8.47114, 49.25578], [8.47111, 49.25586], [8.47107, 49.25586], [8.47103, 49.25585], [8.471, 49.25584], [8.47096, 49.25584], [8.47092, 49.25583], [8.47088, 49.25583], [8.47084, 49.25582], [8.4708, 49.25581]]]}}, {"type": "Feature", "properties": {"area_ha": 0.956, "dist_km": 2.379, "node": "Philippsburg", "node_mw": 500, "osm_id": 224968482, "anchor_kind": "demand"}, "geometry": {"type": "Polygon", "coordinates": [[[8.47091, 49.25555], [8.47075, 49.25552], [8.47074, 49.25548], [8.47071, 49.25545], [8.47068, 49.25544], [8.47065, 49.25544], [8.47061, 49.25541], [8.47054, 49.25539], [8.4705, 49.25539], [8.47021, 49.25549], [8.47021, 49.25551], [8.47022, 49.25553], [8.47031, 49.25555], [8.47039, 49.2556], [8.47051, 49.25566], [8.47067, 49.25572], [8.47064, 49.25581], [8.47063, 49.25583], [8.47059, 49.25593], [8.47063, 49.25594], [8.47065, 49.25592], [8.47066, 49.25586], [8.47069, 49.25579], [8.47075, 49.2558], [8.4708, 49.25581], [8.47084, 49.25582], [8.47088, 49.25583], [8.47092, 49.25583], [8.47096, 49.25584], [8.471, 49.25584], [8.47103, 49.25585], [8.47107, 49.25586], [8.47111, 49.25586], [8.47107, 49.25598], [8.47119, 49.25599], [8.47112, 49.2563], [8.47134, 49.25633], [8.4714, 49.25633], [8.47146, 49.25637], [8.47149, 49.25634], [8.47156, 49.25639], [8.47238, 49.2558], [8.47238, 49.25576], [8.47174, 49.25538], [8.47172, 49.25538], [8.47171, 49.25538], [8.47169, 49.25539], [8.47158, 49.25559], [8.47155, 49.25559], [8.47153, 49.25558], [8.47154, 49.25554], [8.47157, 49.25539], [8.47162, 49.25511], [8.4714, 49.25514], [8.47132, 49.25514], [8.47129, 49.25515], [8.47114, 49.25516], [8.47111, 49.25527], [8.47112, 49.25533], [8.47118, 49.25542], [8.47123, 49.25551], [8.47124, 49.2556], [8.47121, 49.2556], [8.47116, 49.25559], [8.4711, 49.25558], [8.47105, 49.25557], [8.47099, 49.25556], [8.47094, 49.25555], [8.47091, 49.25555]]]}}, {"type": "Feature", "properties": {"area_ha": 0.361, "dist_km": 1.969, "node": "Philippsburg", "node_mw": 500, "osm_id": 241275639, "anchor_kind": "demand"}, "geometry": {"type": "Polygon", "coordinates": [[[8.44133, 49.25266], [8.442, 49.25196], [8.44243, 49.25214], [8.44209, 49.25251], [8.44215, 49.25254], [8.44193, 49.25277], [8.44186, 49.25275], [8.44177, 49.25284], [8.44133, 49.25266]]]}}, {"type": "Feature", "properties": {"area_ha": 0.192, "dist_km": 2.772, "node": "Philippsburg", "node_mw": 500, "osm_id": 275236936, "anchor_kind": "demand"}, "geometry": {"type": "Polygon", "coordinates": [[[8.41863, 49.23095], [8.41796, 49.23058], [8.41774, 49.23075], [8.41773, 49.23074], [8.41768, 49.23078], [8.41836, 49.23115], [8.41863, 49.23095]]]}}, {"type": "Feature", "properties": {"area_ha": 0.178, "dist_km": 1.321, "node": "Philippsburg", "node_mw": 500, "osm_id": 279398593, "anchor_kind": "demand"}, "geometry": {"type": "Polygon", "coordinates": [[[8.46173, 49.22568], [8.46214, 49.22579], [8.46201, 49.22619], [8.462, 49.22622], [8.46148, 49.2261], [8.46173, 49.22568]]]}}, {"type": "Feature", "properties": {"area_ha": 0.059, "dist_km": 2.832, "node": "Philippsburg", "node_mw": 500, "osm_id": 291909042, "anchor_kind": "demand"}, "geometry": {"type": "Polygon", "coordinates": [[[8.41698, 49.23043], [8.41711, 49.23033], [8.41723, 49.2304], [8.41753, 49.23058], [8.4175, 49.23061], [8.4174, 49.23068], [8.41698, 49.23043]]]}}, {"type": "Feature", "properties": {"area_ha": 0.105, "dist_km": 2.823, "node": "Philippsburg", "node_mw": 500, "osm_id": 291909061, "anchor_kind": "demand"}, "geometry": {"type": "Polygon", "coordinates": [[[8.41737, 49.2303], [8.41723, 49.2304], [8.41753, 49.23058], [8.4175, 49.23061], [8.41758, 49.23066], [8.41783, 49.23047], [8.41729, 49.23016], [8.41721, 49.23021], [8.41737, 49.2303]]]}}, {"type": "Feature", "properties": {"area_ha": 0.041, "dist_km": 2.219, "node": "Philippsburg", "node_mw": 500, "osm_id": 318072960, "anchor_kind": "demand"}, "geometry": {"type": "Polygon", "coordinates": [[[8.4355, 49.25257], [8.43556, 49.2525], [8.43562, 49.25244], [8.43568, 49.25238], [8.43574, 49.25232], [8.43572, 49.25231], [8.43573, 49.2523], [8.43565, 49.25227], [8.43564, 49.25228], [8.43555, 49.25224], [8.43549, 49.2523], [8.43558, 49.25234], [8.43552, 49.2524], [8.43544, 49.25237], [8.43538, 49.25243], [8.43546, 49.25246], [8.4354, 49.25252], [8.43548, 49.25255], [8.43548, 49.25256], [8.4355, 49.25257]]]}}, {"type": "Feature", "properties": {"area_ha": 0.066, "dist_km": 2.627, "node": "Gurtweil", "node_mw": 500, "osm_id": 324282194, "anchor_kind": "demand"}, "geometry": {"type": "Polygon", "coordinates": [[[8.27727, 47.61788], [8.27741, 47.6179], [8.27748, 47.61762], [8.27687, 47.61755], [8.27685, 47.61763], [8.27732, 47.61769], [8.27727, 47.61788]]]}}, {"type": "Feature", "properties": {"area_ha": 0.019, "dist_km": 2.621, "node": "Gurtweil", "node_mw": 500, "osm_id": 324282195, "anchor_kind": "demand"}, "geometry": {"type": "Polygon", "coordinates": [[[8.27651, 47.61751], [8.2765, 47.61746], [8.27681, 47.61743], [8.27679, 47.61751], [8.27679, 47.61753], [8.27657, 47.61751], [8.27651, 47.61751]]]}}, {"type": "Feature", "properties": {"area_ha": 5.797, "dist_km": 2.463, "node": "Gurtweil", "node_mw": 500, "osm_id": 324283122, "anchor_kind": "demand"}, "geometry": {"type": "Polygon", "coordinates": [[[8.27523, 47.61837], [8.27531, 47.61836], [8.27527, 47.61824], [8.27622, 47.61811], [8.27666, 47.61809], [8.277, 47.61817], [8.27717, 47.61823], [8.27726, 47.61827], [8.27733, 47.61833], [8.27734, 47.61845], [8.2773, 47.61855], [8.27724, 47.61865], [8.2771, 47.61883], [8.27687, 47.61898], [8.2765, 47.61957], [8.27632, 47.61972], [8.27611, 47.61986], [8.27576, 47.62006], [8.27503, 47.62048], [8.27269, 47.61898], [8.2725, 47.61884], [8.27229, 47.61858], [8.27247, 47.61852], [8.27393, 47.61803], [8.27401, 47.61801], [8.27421, 47.61828], [8.27432, 47.61838], [8.27506, 47.61842], [8.27523, 47.61837]]]}}, {"type": "Feature", "properties": {"area_ha": 0.195, "dist_km": 2.651, "node": "Gurtweil", "node_mw": 500, "osm_id": 331824653, "anchor_kind": "demand"}, "geometry": {"type": "Polygon", "coordinates": [[[8.27552, 47.617], [8.27534, 47.61626], [8.27565, 47.61623], [8.27583, 47.61696], [8.27552, 47.617]]]}}, {"type": "Feature", "properties": {"area_ha": 0.341, "dist_km": 2.692, "node": "Gurtweil", "node_mw": 500, "osm_id": 331824654, "anchor_kind": "demand"}, "geometry": {"type": "Polygon", "coordinates": [[[8.27598, 47.6162], [8.27618, 47.61693], [8.27672, 47.61686], [8.27652, 47.61613], [8.27598, 47.6162]]]}}, {"type": "Feature", "properties": {"area_ha": 0.265, "dist_km": 1.363, "node": "Philippsburg", "node_mw": 500, "osm_id": 338878203, "anchor_kind": "demand"}, "geometry": {"type": "Polygon", "coordinates": [[[8.46206, 49.22613], [8.4627, 49.22621], [8.46282, 49.22584], [8.4628, 49.22584], [8.46278, 49.22581], [8.46281, 49.2258], [8.46282, 49.22578], [8.46279, 49.22576], [8.46276, 49.22576], [8.46273, 49.22577], [8.46271, 49.22575], [8.46268, 49.22575], [8.46266, 49.22576], [8.46265, 49.22578], [8.46266, 49.22579], [8.46265, 49.22582], [8.46248, 49.22579], [8.46255, 49.22557], [8.46225, 49.22553], [8.46206, 49.22613]]]}}, {"type": "Feature", "properties": {"area_ha": 0.051, "dist_km": 1.359, "node": "Philippsburg", "node_mw": 500, "osm_id": 338878204, "anchor_kind": "demand"}, "geometry": {"type": "Polygon", "coordinates": [[[8.46277, 49.22606], [8.46297, 49.22609], [8.46306, 49.22579], [8.46286, 49.22576], [8.46277, 49.22606]]]}}, {"type": "Feature", "properties": {"area_ha": 0.05, "dist_km": 1.38, "node": "Philippsburg", "node_mw": 500, "osm_id": 338878205, "anchor_kind": "demand"}, "geometry": {"type": "Polygon", "coordinates": [[[8.46342, 49.22608], [8.46351, 49.22609], [8.4639, 49.22593], [8.46391, 49.22588], [8.46365, 49.22584], [8.46364, 49.22589], [8.46356, 49.22593], [8.46348, 49.22592], [8.46342, 49.22608]]]}}, {"type": "Feature", "properties": {"area_ha": 0.189, "dist_km": 1.377, "node": "Philippsburg", "node_mw": 500, "osm_id": 338878206, "anchor_kind": "demand"}, "geometry": {"type": "Polygon", "coordinates": [[[8.46363, 49.22619], [8.46454, 49.22632], [8.46462, 49.22606], [8.4639, 49.22595], [8.4638, 49.22599], [8.46377, 49.22608], [8.46367, 49.22606], [8.46363, 49.22619]]]}}, {"type": "Feature", "properties": {"area_ha": 0.217, "dist_km": 1.476, "node": "Philippsburg", "node_mw": 500, "osm_id": 338878208, "anchor_kind": "demand"}, "geometry": {"type": "Polygon", "coordinates": [[[8.46556, 49.22555], [8.46552, 49.22555], [8.46539, 49.22596], [8.46526, 49.22594], [8.46506, 49.22587], [8.46518, 49.2255], [8.46499, 49.22547], [8.465, 49.22542], [8.46504, 49.22531], [8.46506, 49.22525], [8.46559, 49.22533], [8.46553, 49.22549], [8.46558, 49.2255], [8.46556, 49.22555]]]}}, {"type": "Feature", "properties": {"area_ha": 0.015, "dist_km": 1.522, "node": "Philippsburg", "node_mw": 500, "osm_id": 338878209, "anchor_kind": "demand"}, "geometry": {"type": "Polygon", "coordinates": [[[8.46563, 49.22528], [8.46568, 49.22512], [8.46557, 49.2251], [8.46552, 49.22526], [8.46563, 49.22528]]]}}, {"type": "Feature", "properties": {"area_ha": 0.076, "dist_km": 1.53, "node": "Philippsburg", "node_mw": 500, "osm_id": 338878210, "anchor_kind": "demand"}, "geometry": {"type": "Polygon", "coordinates": [[[8.46543, 49.22524], [8.46549, 49.22507], [8.46556, 49.22508], [8.46561, 49.22495], [8.46553, 49.22494], [8.46554, 49.2249], [8.4654, 49.22488], [8.46539, 49.22491], [8.46516, 49.22488], [8.46511, 49.22502], [8.46535, 49.22505], [8.46533, 49.22512], [8.4653, 49.22518], [8.46529, 49.22522], [8.46543, 49.22524]]]}}, {"type": "Feature", "properties": {"area_ha": 0.009, "dist_km": 1.58, "node": "Philippsburg", "node_mw": 500, "osm_id": 338878211, "anchor_kind": "demand"}, "geometry": {"type": "Polygon", "coordinates": [[[8.46536, 49.22459], [8.46543, 49.2246], [8.46548, 49.22446], [8.4654, 49.22445], [8.46536, 49.22459]]]}}, {"type": "Feature", "properties": {"area_ha": 0.096, "dist_km": 1.11, "node": "Philippsburg", "node_mw": 500, "osm_id": 340658221, "anchor_kind": "demand"}, "geometry": {"type": "Polygon", "coordinates": [[[8.46977, 49.2344], [8.46976, 49.23442], [8.46976, 49.23445], [8.46976, 49.23448], [8.46947, 49.23448], [8.46948, 49.23416], [8.46989, 49.23417], [8.4699, 49.23428], [8.46989, 49.23437], [8.46983, 49.2344], [8.46977, 49.2344]]]}}, {"type": "Feature", "properties": {"area_ha": 0.008, "dist_km": 1.67, "node": "Gurtweil", "node_mw": 500, "osm_id": 378012635, "anchor_kind": "demand"}, "geometry": {"type": "Polygon", "coordinates": [[[8.26298, 47.62203], [8.26301, 47.62203], [8.26304, 47.62202], [8.26306, 47.62201], [8.26307, 47.62199], [8.26307, 47.62197], [8.26305, 47.62195], [8.26302, 47.62194], [8.26299, 47.62194], [8.26296, 47.62194], [8.26294, 47.62196], [8.26293, 47.62198], [8.26294, 47.622], [8.26295, 47.62202], [8.26298, 47.62203]]]}}, {"type": "Feature", "properties": {"area_ha": 0.01, "dist_km": 1.646, "node": "Gurtweil", "node_mw": 500, "osm_id": 378012639, "anchor_kind": "demand"}, "geometry": {"type": "Polygon", "coordinates": [[[8.26292, 47.62225], [8.26296, 47.62225], [8.26299, 47.62224], [8.26301, 47.62223], [8.26302, 47.62221], [8.26302, 47.62218], [8.263, 47.62216], [8.26297, 47.62215], [8.26294, 47.62215], [8.2629, 47.62216], [8.26288, 47.62217], [8.26287, 47.6222], [8.26287, 47.62222], [8.26289, 47.62224], [8.26292, 47.62225]]]}}, {"type": "Feature", "properties": {"area_ha": 0.008, "dist_km": 1.668, "node": "Gurtweil", "node_mw": 500, "osm_id": 378012642, "anchor_kind": "demand"}, "geometry": {"type": "Polygon", "coordinates": [[[8.26312, 47.62208], [8.26315, 47.62208], [8.26318, 47.62208], [8.2632, 47.62206], [8.26321, 47.62204], [8.2632, 47.62202], [8.26319, 47.622], [8.26316, 47.62199], [8.26313, 47.62199], [8.2631, 47.622], [8.26308, 47.62201], [8.26307, 47.62203], [8.26307, 47.62205], [8.26309, 47.62207], [8.26312, 47.62208]]]}}, {"type": "Feature", "properties": {"area_ha": 0.01, "dist_km": 1.643, "node": "Gurtweil", "node_mw": 500, "osm_id": 378012645, "anchor_kind": "demand"}, "geometry": {"type": "Polygon", "coordinates": [[[8.2631, 47.62232], [8.26313, 47.62233], [8.26316, 47.62232], [8.26319, 47.6223], [8.2632, 47.62228], [8.26319, 47.62226], [8.26317, 47.62224], [8.26314, 47.62223], [8.26311, 47.62222], [8.26308, 47.62223], [8.26305, 47.62225], [8.26304, 47.62227], [8.26305, 47.62229], [8.26307, 47.62231], [8.2631, 47.62232]]]}}, {"type": "Feature", "properties": {"area_ha": 0.002, "dist_km": 1.643, "node": "Gurtweil", "node_mw": 500, "osm_id": 378012691, "anchor_kind": "demand"}, "geometry": {"type": "Polygon", "coordinates": [[[8.263, 47.62229], [8.26306, 47.62224], [8.26305, 47.62223], [8.26302, 47.62222], [8.26297, 47.62228], [8.263, 47.62229]]]}}, {"type": "Feature", "properties": {"area_ha": 0.002, "dist_km": 1.609, "node": "Gurtweil", "node_mw": 500, "osm_id": 378012810, "anchor_kind": "demand"}, "geometry": {"type": "Polygon", "coordinates": [[[8.26331, 47.62269], [8.26334, 47.62271], [8.2634, 47.62266], [8.26337, 47.62264], [8.26331, 47.62269]]]}}, {"type": "Feature", "properties": {"area_ha": 0.003, "dist_km": 1.662, "node": "Gurtweil", "node_mw": 500, "osm_id": 378012902, "anchor_kind": "demand"}, "geometry": {"type": "Polygon", "coordinates": [[[8.26352, 47.62217], [8.26345, 47.62216], [8.26343, 47.6222], [8.2635, 47.62221], [8.26352, 47.62217]]]}}, {"type": "Feature", "properties": {"area_ha": 0.012, "dist_km": 2.45, "node": "Philippsburg", "node_mw": 500, "osm_id": 383656689, "anchor_kind": "demand"}, "geometry": {"type": "Polygon", "coordinates": [[[8.433, 49.25376], [8.43309, 49.25367], [8.43297, 49.25362], [8.4329, 49.2537], [8.43289, 49.25371], [8.433, 49.25376]]]}}, {"type": "Feature", "properties": {"area_ha": 0.025, "dist_km": 2.47, "node": "Philippsburg", "node_mw": 500, "osm_id": 383656720, "anchor_kind": "demand"}, "geometry": {"type": "Polygon", "coordinates": [[[8.43289, 49.25394], [8.43266, 49.25384], [8.43274, 49.25375], [8.43298, 49.25384], [8.43289, 49.25394]]]}}, {"type": "Feature", "properties": {"area_ha": 0.034, "dist_km": 2.311, "node": "Philippsburg", "node_mw": 500, "osm_id": 383656728, "anchor_kind": "demand"}, "geometry": {"type": "Polygon", "coordinates": [[[8.43379, 49.25265], [8.43364, 49.25258], [8.43383, 49.25238], [8.43399, 49.25245], [8.43379, 49.25265]]]}}, {"type": "Feature", "properties": {"area_ha": 0.194, "dist_km": 2.258, "node": "Gurtweil", "node_mw": 500, "osm_id": 396579110, "anchor_kind": "demand"}, "geometry": {"type": "Polygon", "coordinates": [[[8.2745, 47.62099], [8.27473, 47.62117], [8.27542, 47.62078], [8.27514, 47.62056], [8.27509, 47.62059], [8.2749, 47.6207], [8.27495, 47.62074], [8.2745, 47.62099]]]}}, {"type": "Feature", "properties": {"area_ha": 0.215, "dist_km": 2.182, "node": "Gurtweil", "node_mw": 500, "osm_id": 396579117, "anchor_kind": "demand"}, "geometry": {"type": "Polygon", "coordinates": [[[8.27261, 47.61991], [8.27275, 47.62013], [8.27179, 47.62042], [8.27164, 47.6202], [8.27261, 47.61991]]]}}, {"type": "Feature", "properties": {"area_ha": 0.016, "dist_km": 2.442, "node": "Philippsburg", "node_mw": 500, "osm_id": 403531287, "anchor_kind": "demand"}, "geometry": {"type": "Polygon", "coordinates": [[[8.47133, 49.25617], [8.47117, 49.25616], [8.47114, 49.25628], [8.4713, 49.2563], [8.47133, 49.25617]]]}}, {"type": "Feature", "properties": {"area_ha": 0.066, "dist_km": 2.677, "node": "Philippsburg", "node_mw": 500, "osm_id": 403531356, "anchor_kind": "demand"}, "geometry": {"type": "Polygon", "coordinates": [[[8.48019, 49.25474], [8.48009, 49.25446], [8.48033, 49.2544], [8.48035, 49.25441], [8.48038, 49.25441], [8.48044, 49.2547], [8.48019, 49.25474]]]}}, {"type": "Feature", "properties": {"area_ha": 0.028, "dist_km": 2.776, "node": "Philippsburg", "node_mw": 500, "osm_id": 436157870, "anchor_kind": "demand"}, "geometry": {"type": "Polygon", "coordinates": [[[8.4729, 49.21508], [8.47292, 49.2149], [8.473, 49.2149], [8.47311, 49.21491], [8.47309, 49.21509], [8.4729, 49.21508]]]}}, {"type": "Feature", "properties": {"area_ha": 0.027, "dist_km": 2.504, "node": "Philippsburg", "node_mw": 500, "osm_id": 441747723, "anchor_kind": "demand"}, "geometry": {"type": "Polygon", "coordinates": [[[8.43446, 49.25503], [8.43483, 49.25521], [8.43478, 49.25527], [8.43464, 49.2552], [8.43454, 49.25516], [8.4345, 49.25514], [8.4344, 49.2551], [8.43446, 49.25503]]]}}, {"type": "Feature", "properties": {"area_ha": 0.016, "dist_km": 2.839, "node": "Gurtweil", "node_mw": 500, "osm_id": 468048851, "anchor_kind": "demand"}, "geometry": {"type": "Polygon", "coordinates": [[[8.29257, 47.63266], [8.29244, 47.63262], [8.29252, 47.6325], [8.29265, 47.63254], [8.29257, 47.63266]]]}}, {"type": "Feature", "properties": {"area_ha": 0.433, "dist_km": 2.325, "node": "Gurtweil", "node_mw": 500, "osm_id": 488766318, "anchor_kind": "demand"}, "geometry": {"type": "Polygon", "coordinates": [[[8.27492, 47.62021], [8.27524, 47.61997], [8.27405, 47.61925], [8.27373, 47.61949], [8.27492, 47.62021]]]}}, {"type": "Feature", "properties": {"area_ha": 0.43, "dist_km": 1.875, "node": "Philippsburg", "node_mw": 500, "osm_id": 495444709, "anchor_kind": "demand"}, "geometry": {"type": "Polygon", "coordinates": [[[8.436, 49.24918], [8.43601, 49.24919], [8.43612, 49.24923], [8.43651, 49.24939], [8.43698, 49.2489], [8.43709, 49.24879], [8.43713, 49.24875], [8.43722, 49.24864], [8.43706, 49.24858], [8.43671, 49.24844], [8.43657, 49.24858], [8.436, 49.24918]]]}}, {"type": "Feature", "properties": {"area_ha": 0.035, "dist_km": 1.829, "node": "Philippsburg", "node_mw": 500, "osm_id": 495444710, "anchor_kind": "demand"}, "geometry": {"type": "Polygon", "coordinates": [[[8.43671, 49.24844], [8.43706, 49.24858], [8.43714, 49.24849], [8.4368, 49.24835], [8.43671, 49.24844]]]}}, {"type": "Feature", "properties": {"area_ha": 0.029, "dist_km": 1.85, "node": "Philippsburg", "node_mw": 500, "osm_id": 495444712, "anchor_kind": "demand"}, "geometry": {"type": "Polygon", "coordinates": [[[8.43698, 49.2489], [8.43709, 49.24879], [8.43713, 49.24875], [8.43722, 49.24878], [8.43716, 49.24884], [8.4373, 49.2489], [8.43721, 49.24899], [8.43707, 49.24893], [8.43707, 49.24894], [8.43698, 49.2489]]]}}, {"type": "Feature", "properties": {"area_ha": 0.763, "dist_km": 1.951, "node": "Gurtweil", "node_mw": 500, "osm_id": 508019331, "anchor_kind": "demand"}, "geometry": {"type": "Polygon", "coordinates": [[[8.24753, 47.61897], [8.24826, 47.61848], [8.24919, 47.6191], [8.24847, 47.6196], [8.24753, 47.61897]]]}}, {"type": "Feature", "properties": {"area_ha": 0.462, "dist_km": 1.416, "node": "Gurtweil", "node_mw": 500, "osm_id": 508019333, "anchor_kind": "demand"}, "geometry": {"type": "Polygon", "coordinates": [[[8.24802, 47.62381], [8.24896, 47.62446], [8.24939, 47.62417], [8.24845, 47.62352], [8.24802, 47.62381]]]}}, {"type": "Feature", "properties": {"area_ha": 0.462, "dist_km": 1.394, "node": "Gurtweil", "node_mw": 500, "osm_id": 508019335, "anchor_kind": "demand"}, "geometry": {"type": "Polygon", "coordinates": [[[8.24751, 47.62415], [8.24845, 47.62479], [8.24889, 47.62451], [8.24795, 47.62386], [8.24751, 47.62415]]]}}, {"type": "Feature", "properties": {"area_ha": 0.114, "dist_km": 1.401, "node": "Philippsburg", "node_mw": 500, "osm_id": 537114720, "anchor_kind": "demand"}, "geometry": {"type": "Polygon", "coordinates": [[[8.4709, 49.22998], [8.47088, 49.22996], [8.47088, 49.22994], [8.47088, 49.22992], [8.47088, 49.22991], [8.47089, 49.22989], [8.47091, 49.22987], [8.47095, 49.22985], [8.47098, 49.22985], [8.47103, 49.22986], [8.47107, 49.22987], [8.47109, 49.22988], [8.4711, 49.22991], [8.47111, 49.22992], [8.47114, 49.22994], [8.47119, 49.22994], [8.47122, 49.22995], [8.47126, 49.22996], [8.47129, 49.22998], [8.4713, 49.23001], [8.4713, 49.23004], [8.47128, 49.23007], [8.47125, 49.23008], [8.47122, 49.23009], [8.47118, 49.23009], [8.47113, 49.23008], [8.47111, 49.23008], [8.47107, 49.23011], [8.4712, 49.23017], [8.47111, 49.23026], [8.47102, 49.23021], [8.47098, 49.23024], [8.47066, 49.23009], [8.47076, 49.23], [8.47075, 49.23], [8.47079, 49.22997], [8.47085, 49.23], [8.47088, 49.22997], [8.47089, 49.22998], [8.4709, 49.22998]]]}}, {"type": "Feature", "properties": {"area_ha": 43.418, "dist_km": 2.092, "node": "Philippsburg", "node_mw": 500, "osm_id": 537168914, "anchor_kind": "demand"}, "geometry": {"type": "Polygon", "coordinates": [[[8.46761, 49.22747], [8.46753, 49.22742], [8.46743, 49.22737], [8.46757, 49.22711], [8.4675, 49.22706], [8.46747, 49.22703], [8.46746, 49.227], [8.46745, 49.22696], [8.46746, 49.22691], [8.46764, 49.2266], [8.46632, 49.22629], [8.46644, 49.2259], [8.46648, 49.22573], [8.46646, 49.22554], [8.4675, 49.2236], [8.46719, 49.22352], [8.46733, 49.22326], [8.46764, 49.22335], [8.46896, 49.22115], [8.46913, 49.2211], [8.46942, 49.22117], [8.46958, 49.22086], [8.47048, 49.22108], [8.47068, 49.22071], [8.46881, 49.22017], [8.46876, 49.22017], [8.46937, 49.21907], [8.46945, 49.219], [8.4695, 49.21898], [8.46956, 49.21898], [8.46959, 49.21894], [8.46962, 49.21889], [8.46968, 49.2189], [8.4697, 49.21887], [8.46983, 49.21867], [8.46978, 49.21866], [8.46989, 49.2185], [8.47051, 49.21774], [8.47083, 49.21735], [8.47099, 49.21713], [8.47115, 49.21687], [8.47135, 49.21655], [8.47148, 49.2163], [8.47165, 49.21582], [8.47173, 49.21571], [8.47184, 49.21562], [8.47193, 49.21564], [8.47222, 49.21617], [8.47211, 49.21633], [8.47199, 49.21642], [8.47183, 49.2165], [8.47173, 49.21662], [8.47143, 49.21705], [8.47126, 49.21724], [8.47093, 49.21763], [8.47092, 49.21785], [8.47098, 49.21793], [8.47115, 49.21804], [8.47145, 49.21809], [8.47178, 49.21823], [8.47228, 49.21829], [8.47252, 49.21864], [8.47272, 49.21877], [8.47251, 49.21893], [8.47179, 49.21946], [8.47333, 49.21987], [8.47367, 49.21993], [8.47436, 49.22008], [8.47372, 49.22126], [8.47349, 49.22134], [8.47288, 49.22119], [8.47264, 49.22162], [8.4727, 49.22187], [8.47394, 49.22218], [8.4739, 49.22225], [8.4747, 49.22246], [8.4751, 49.22245], [8.47521, 49.22252], [8.4742, 49.22451], [8.47349, 49.22581], [8.47262, 49.22734], [8.47227, 49.22789], [8.47201, 49.22818], [8.47072, 49.22799], [8.469, 49.22775], [8.46807, 49.22759], [8.46761, 49.22747]]]}}, {"type": "Feature", "properties": {"area_ha": 0.248, "dist_km": 0.505, "node": "Philippsburg", "node_mw": 500, "osm_id": 537169556, "anchor_kind": "demand"}, "geometry": {"type": "Polygon", "coordinates": [[[8.45168, 49.24084], [8.45168, 49.24073], [8.45167, 49.2407], [8.45167, 49.2407], [8.45167, 49.24068], [8.45051, 49.24098], [8.45043, 49.24135], [8.45168, 49.24084]]]}}, {"type": "Feature", "properties": {"area_ha": 5.173, "dist_km": 0.76, "node": "Philippsburg", "node_mw": 500, "osm_id": 537169557, "anchor_kind": "demand"}, "geometry": {"type": "Polygon", "coordinates": [[[8.44912, 49.24194], [8.44967, 49.24172], [8.44946, 49.24149], [8.44946, 49.24121], [8.45044, 49.24101], [8.45053, 49.24066], [8.44902, 49.24101], [8.44891, 49.24103], [8.44877, 49.24107], [8.44867, 49.24091], [8.44789, 49.24099], [8.44801, 49.24116], [8.44805, 49.24122], [8.44678, 49.2415], [8.44615, 49.24158], [8.44529, 49.24156], [8.44525, 49.24233], [8.44529, 49.24238], [8.44539, 49.24242], [8.4458, 49.24244], [8.44604, 49.24252], [8.44605, 49.24298], [8.44617, 49.24306], [8.44733, 49.24309], [8.44788, 49.24307], [8.44813, 49.24303], [8.4483, 49.24298], [8.44845, 49.24288], [8.44853, 49.2428], [8.44856, 49.24264], [8.44856, 49.24254], [8.44844, 49.24241], [8.44903, 49.24224], [8.44912, 49.24194]]]}}, {"type": "Feature", "properties": {"area_ha": 1.27, "dist_km": 1.05, "node": "Philippsburg", "node_mw": 500, "osm_id": 537266666, "anchor_kind": "demand"}, "geometry": {"type": "Polygon", "coordinates": [[[8.46071, 49.22723], [8.46024, 49.2278], [8.45976, 49.22832], [8.45935, 49.22869], [8.4594, 49.22873], [8.45976, 49.22897], [8.46002, 49.22917], [8.46039, 49.2288], [8.46055, 49.22864], [8.46087, 49.22838], [8.46087, 49.22833], [8.46068, 49.22825], [8.46131, 49.22759], [8.46145, 49.22746], [8.46117, 49.22737], [8.46071, 49.22723]]]}}, {"type": "Feature", "properties": {"area_ha": 0.797, "dist_km": 0.629, "node": "Philippsburg", "node_mw": 500, "osm_id": 537267284, "anchor_kind": "demand"}, "geometry": {"type": "Polygon", "coordinates": [[[8.45541, 49.23175], [8.45546, 49.23178], [8.45551, 49.23179], [8.45558, 49.23178], [8.4557, 49.23174], [8.45606, 49.23158], [8.45666, 49.23135], [8.4564, 49.23104], [8.45657, 49.23098], [8.45641, 49.23077], [8.45629, 49.23064], [8.45546, 49.23106], [8.45513, 49.23123], [8.45509, 49.23127], [8.4551, 49.2313], [8.45519, 49.23148], [8.4553, 49.2316], [8.45541, 49.23175]]]}}, {"type": "Feature", "properties": {"area_ha": 28.581, "dist_km": 3.087, "node": "Philippsburg", "node_mw": 500, "osm_id": 538941641, "anchor_kind": "demand"}, "geometry": {"type": "Polygon", "coordinates": [[[8.47404, 49.21494], [8.4741, 49.21493], [8.47418, 49.21491], [8.47443, 49.21558], [8.47537, 49.2158], [8.47615, 49.21589], [8.47646, 49.21481], [8.47661, 49.21367], [8.47649, 49.21285], [8.47672, 49.21237], [8.47681, 49.21226], [8.47694, 49.2121], [8.47713, 49.21183], [8.47877, 49.21042], [8.47907, 49.21015], [8.47954, 49.20926], [8.47963, 49.20902], [8.47281, 49.20778], [8.47278, 49.21007], [8.4721, 49.21131], [8.47168, 49.21207], [8.47281, 49.21401], [8.47329, 49.21396], [8.4737, 49.21414], [8.47404, 49.21494]]]}}, {"type": "Feature", "properties": {"area_ha": 0.165, "dist_km": 0.847, "node": "Philippsburg", "node_mw": 500, "osm_id": 579812451, "anchor_kind": "demand"}, "geometry": {"type": "Polygon", "coordinates": [[[8.45877, 49.22982], [8.45836, 49.22997], [8.45819, 49.22982], [8.45804, 49.22971], [8.45842, 49.22942], [8.45851, 49.2295], [8.45877, 49.22982]]]}}, {"type": "Feature", "properties": {"area_ha": 0.389, "dist_km": 2.105, "node": "Philippsburg", "node_mw": 500, "osm_id": 616738938, "anchor_kind": "demand"}, "geometry": {"type": "Polygon", "coordinates": [[[8.46478, 49.21939], [8.46484, 49.21919], [8.46491, 49.2192], [8.46493, 49.21913], [8.46486, 49.21912], [8.46491, 49.21897], [8.46383, 49.21883], [8.4637, 49.21926], [8.46478, 49.21939]]]}}, {"type": "Feature", "properties": {"area_ha": 0.099, "dist_km": 2.532, "node": "Gurtweil", "node_mw": 500, "osm_id": 640855127, "anchor_kind": "demand"}, "geometry": {"type": "Polygon", "coordinates": [[[8.25159, 47.65848], [8.25149, 47.65878], [8.25187, 47.65884], [8.25197, 47.65854], [8.25159, 47.65848]]]}}, {"type": "Feature", "properties": {"area_ha": 2.31, "dist_km": 1.747, "node": "Philippsburg", "node_mw": 500, "osm_id": 686950495, "anchor_kind": "demand"}, "geometry": {"type": "Polygon", "coordinates": [[[8.47207, 49.22431], [8.47075, 49.22658], [8.47185, 49.22685], [8.47185, 49.22685], [8.47317, 49.22459], [8.47207, 49.22431]]]}}, {"type": "Feature", "properties": {"area_ha": 4.247, "dist_km": 1.94, "node": "Philippsburg", "node_mw": 500, "osm_id": 686950496, "anchor_kind": "demand"}, "geometry": {"type": "Polygon", "coordinates": [[[8.47201, 49.22211], [8.47093, 49.22396], [8.47093, 49.22397], [8.4709, 49.22402], [8.47207, 49.22431], [8.47317, 49.22459], [8.47319, 49.22459], [8.47323, 49.22453], [8.4732, 49.22453], [8.47434, 49.22257], [8.47207, 49.222], [8.47201, 49.22211]]]}}, {"type": "Feature", "properties": {"area_ha": 0.022, "dist_km": 1.957, "node": "Philippsburg", "node_mw": 500, "osm_id": 691626997, "anchor_kind": "demand"}, "geometry": {"type": "Polygon", "coordinates": [[[8.46378, 49.22043], [8.46382, 49.22032], [8.46405, 49.22035], [8.46401, 49.22046], [8.46378, 49.22043]]]}}, {"type": "Feature", "properties": {"area_ha": 0.044, "dist_km": 1.98, "node": "Philippsburg", "node_mw": 500, "osm_id": 691627000, "anchor_kind": "demand"}, "geometry": {"type": "Polygon", "coordinates": [[[8.46383, 49.22023], [8.46387, 49.22011], [8.46428, 49.22016], [8.46424, 49.22029], [8.46383, 49.22023]]]}}, {"type": "Feature", "properties": {"area_ha": 0.06, "dist_km": 2.171, "node": "Philippsburg", "node_mw": 500, "osm_id": 691627037, "anchor_kind": "demand"}, "geometry": {"type": "Polygon", "coordinates": [[[8.46927, 49.22002], [8.46906, 49.21996], [8.46924, 49.21966], [8.46945, 49.21971], [8.46927, 49.22002]]]}}, {"type": "Feature", "properties": {"area_ha": 0.105, "dist_km": 2.794, "node": "Philippsburg", "node_mw": 500, "osm_id": 691627041, "anchor_kind": "demand"}, "geometry": {"type": "Polygon", "coordinates": [[[8.47372, 49.21494], [8.47372, 49.21493], [8.47381, 49.21494], [8.47379, 49.21512], [8.47309, 49.21509], [8.47311, 49.21491], [8.47372, 49.21494]]]}}, {"type": "Feature", "properties": {"area_ha": 0.441, "dist_km": 1.903, "node": "Philippsburg", "node_mw": 500, "osm_id": 753490560, "anchor_kind": "demand"}, "geometry": {"type": "Polygon", "coordinates": [[[8.43602, 49.25004], [8.43707, 49.24894], [8.43707, 49.24893], [8.43721, 49.24899], [8.43743, 49.24908], [8.43638, 49.25018], [8.43602, 49.25004]]]}}, {"type": "Feature", "properties": {"area_ha": 0.01, "dist_km": 1.937, "node": "Philippsburg", "node_mw": 500, "osm_id": 753490561, "anchor_kind": "demand"}, "geometry": {"type": "Polygon", "coordinates": [[[8.43612, 49.24923], [8.43601, 49.24919], [8.43594, 49.24927], [8.43605, 49.24931], [8.43612, 49.24923]]]}}, {"type": "Feature", "properties": {"area_ha": 0.005, "dist_km": 2.225, "node": "Philippsburg", "node_mw": 500, "osm_id": 753496281, "anchor_kind": "demand"}, "geometry": {"type": "Polygon", "coordinates": [[[8.43416, 49.25173], [8.43423, 49.25166], [8.43417, 49.25163], [8.4341, 49.25171], [8.43416, 49.25173]]]}}, {"type": "Feature", "properties": {"area_ha": 0.154, "dist_km": 2.277, "node": "Philippsburg", "node_mw": 500, "osm_id": 753496285, "anchor_kind": "demand"}, "geometry": {"type": "Polygon", "coordinates": [[[8.435, 49.25286], [8.43503, 49.25287], [8.43504, 49.25286], [8.43507, 49.25287], [8.43511, 49.25283], [8.43508, 49.25281], [8.43509, 49.2528], [8.43507, 49.25279], [8.43521, 49.25265], [8.43457, 49.25239], [8.43437, 49.2526], [8.435, 49.25286]]]}}, {"type": "Feature", "properties": {"area_ha": 0.017, "dist_km": 1.975, "node": "Philippsburg", "node_mw": 500, "osm_id": 804562606, "anchor_kind": "demand"}, "geometry": {"type": "Polygon", "coordinates": [[[8.43786, 49.25085], [8.43792, 49.25079], [8.43815, 49.25088], [8.43809, 49.25095], [8.43786, 49.25085]]]}}, {"type": "Feature", "properties": {"area_ha": 0.009, "dist_km": 1.98, "node": "Philippsburg", "node_mw": 500, "osm_id": 804562607, "anchor_kind": "demand"}, "geometry": {"type": "Polygon", "coordinates": [[[8.43757, 49.25077], [8.43765, 49.25068], [8.43774, 49.25072], [8.43765, 49.25081], [8.43757, 49.25077]]]}}, {"type": "Feature", "properties": {"area_ha": 0.043, "dist_km": 1.893, "node": "Philippsburg", "node_mw": 500, "osm_id": 804569762, "anchor_kind": "demand"}, "geometry": {"type": "Polygon", "coordinates": [[[8.44381, 49.25244], [8.44389, 49.25236], [8.44339, 49.25216], [8.44332, 49.25224], [8.44375, 49.25241], [8.44381, 49.25244]]]}}, {"type": "Feature", "properties": {"area_ha": 1.129, "dist_km": 0.517, "node": "Philippsburg", "node_mw": 500, "osm_id": 851935166, "anchor_kind": "demand"}, "geometry": {"type": "Polygon", "coordinates": [[[8.45046, 49.23363], [8.44981, 49.23396], [8.44947, 49.23415], [8.44931, 49.23425], [8.44922, 49.23437], [8.4491, 49.23458], [8.44906, 49.23469], [8.44908, 49.23477], [8.4491, 49.23481], [8.44912, 49.23485], [8.44911, 49.23487], [8.44905, 49.23492], [8.4485, 49.23519], [8.44717, 49.23494], [8.44727, 49.23473], [8.44798, 49.23451], [8.44838, 49.23438], [8.44871, 49.23425], [8.44903, 49.23414], [8.44934, 49.23402], [8.44972, 49.23386], [8.4503, 49.23361], [8.45041, 49.23355], [8.45048, 49.23362], [8.45046, 49.23363]]]}}, {"type": "Feature", "properties": {"area_ha": 0.41, "dist_km": 0.684, "node": "Philippsburg", "node_mw": 500, "osm_id": 851937475, "anchor_kind": "demand"}, "geometry": {"type": "Polygon", "coordinates": [[[8.45444, 49.23051], [8.45441, 49.23068], [8.45414, 49.23082], [8.45382, 49.23102], [8.45374, 49.23112], [8.45409, 49.23141], [8.45483, 49.23101], [8.45478, 49.23082], [8.45475, 49.23074], [8.45473, 49.23051], [8.45444, 49.23051]]]}}, {"type": "Feature", "properties": {"area_ha": 0.063, "dist_km": 0.528, "node": "Philippsburg", "node_mw": 500, "osm_id": 878611096, "anchor_kind": "demand"}, "geometry": {"type": "Polygon", "coordinates": [[[8.46195, 49.23849], [8.46195, 49.2385], [8.46189, 49.23881], [8.46177, 49.2388], [8.46158, 49.23873], [8.46184, 49.23844], [8.46195, 49.23849]]]}}, {"type": "Feature", "properties": {"area_ha": 0.023, "dist_km": 2.203, "node": "Gurtweil", "node_mw": 500, "osm_id": 885315306, "anchor_kind": "demand"}, "geometry": {"type": "Polygon", "coordinates": [[[8.24232, 47.61823], [8.24218, 47.61827], [8.24208, 47.61809], [8.24222, 47.61805], [8.24232, 47.61823]]]}}, {"type": "Feature", "properties": {"area_ha": 0.462, "dist_km": 1.296, "node": "Gurtweil", "node_mw": 500, "osm_id": 885315312, "anchor_kind": "demand"}, "geometry": {"type": "Polygon", "coordinates": [[[8.24852, 47.62484], [8.24946, 47.62548], [8.24989, 47.6252], [8.24895, 47.62455], [8.24852, 47.62484]]]}}, {"type": "Feature", "properties": {"area_ha": 0.462, "dist_km": 1.32, "node": "Gurtweil", "node_mw": 500, "osm_id": 885315313, "anchor_kind": "demand"}, "geometry": {"type": "Polygon", "coordinates": [[[8.24902, 47.6245], [8.24996, 47.62515], [8.25039, 47.62486], [8.24946, 47.62421], [8.24902, 47.6245]]]}}, {"type": "Feature", "properties": {"area_ha": 2.536, "dist_km": 1.288, "node": "Gurtweil", "node_mw": 500, "osm_id": 886502579, "anchor_kind": "demand"}, "geometry": {"type": "Polygon", "coordinates": [[[8.24746, 47.62414], [8.24845, 47.62349], [8.25107, 47.62526], [8.25084, 47.62535], [8.25056, 47.62532], [8.25018, 47.62547], [8.24987, 47.62526], [8.24945, 47.62551], [8.24746, 47.62414]]]}}, {"type": "Feature", "properties": {"area_ha": 0.838, "dist_km": 1.524, "node": "Gurtweil", "node_mw": 500, "osm_id": 886502580, "anchor_kind": "demand"}, "geometry": {"type": "Polygon", "coordinates": [[[8.25035, 47.62313], [8.25005, 47.62334], [8.2493, 47.62285], [8.24964, 47.62261], [8.24972, 47.62266], [8.24974, 47.62265], [8.24976, 47.62264], [8.25009, 47.62241], [8.25014, 47.62241], [8.25032, 47.62238], [8.25054, 47.62238], [8.25078, 47.6224], [8.25109, 47.62249], [8.25125, 47.62256], [8.25128, 47.62257], [8.2504, 47.62316], [8.25035, 47.62313]]]}}, {"type": "Feature", "properties": {"area_ha": 0.011, "dist_km": 2.603, "node": "Gurtweil", "node_mw": 500, "osm_id": 966700250, "anchor_kind": "demand"}, "geometry": {"type": "Polygon", "coordinates": [[[8.2499, 47.65918], [8.24996, 47.6591], [8.25009, 47.65914], [8.25004, 47.65922], [8.2499, 47.65918]]]}}, {"type": "Feature", "properties": {"area_ha": 1.758, "dist_km": 2.784, "node": "Philippsburg", "node_mw": 500, "osm_id": 1008397102, "anchor_kind": "demand"}, "geometry": {"type": "Polygon", "coordinates": [[[8.41982, 49.22836], [8.42134, 49.22733], [8.42016, 49.22677], [8.41946, 49.22739], [8.4191, 49.22772], [8.41813, 49.22732], [8.41795, 49.22754], [8.41976, 49.22835], [8.41982, 49.22836]]]}}, {"type": "Feature", "properties": {"area_ha": 0.077, "dist_km": 2.768, "node": "Philippsburg", "node_mw": 500, "osm_id": 1030673806, "anchor_kind": "demand"}, "geometry": {"type": "Polygon", "coordinates": [[[8.4723, 49.21486], [8.47226, 49.21486], [8.47189, 49.21484], [8.47192, 49.21461], [8.47233, 49.21464], [8.4723, 49.21486]]]}}, {"type": "Feature", "properties": {"area_ha": 0.031, "dist_km": 1.989, "node": "Philippsburg", "node_mw": 500, "osm_id": 1066795747, "anchor_kind": "demand"}, "geometry": {"type": "Polygon", "coordinates": [[[8.4673, 49.22091], [8.46724, 49.22106], [8.467, 49.22102], [8.46706, 49.22087], [8.4673, 49.22091]]]}}, {"type": "Feature", "properties": {"area_ha": 0.103, "dist_km": 2.061, "node": "Philippsburg", "node_mw": 500, "osm_id": 1185049308, "anchor_kind": "demand"}, "geometry": {"type": "Polygon", "coordinates": [[[8.44217, 49.25366], [8.44233, 49.2535], [8.44176, 49.25327], [8.4416, 49.25343], [8.44217, 49.25366]]]}}, {"type": "Feature", "properties": {"area_ha": 0.102, "dist_km": 2.704, "node": "Philippsburg", "node_mw": 500, "osm_id": 1201794787, "anchor_kind": "demand"}, "geometry": {"type": "Polygon", "coordinates": [[[8.41834, 49.23168], [8.41849, 49.23176], [8.41913, 49.23126], [8.41898, 49.23118], [8.41834, 49.23168]]]}}, {"type": "Feature", "properties": {"area_ha": 4.067, "dist_km": 1.364, "node": "Philippsburg", "node_mw": 500, "osm_id": 1328569961, "anchor_kind": "demand"}, "geometry": {"type": "Polygon", "coordinates": [[[8.45265, 49.24931], [8.4528, 49.24942], [8.45294, 49.24952], [8.4531, 49.24959], [8.4535, 49.24972], [8.45383, 49.24977], [8.45411, 49.24979], [8.45448, 49.24981], [8.45488, 49.24982], [8.4554, 49.24982], [8.45583, 49.24981], [8.45617, 49.2498], [8.45607, 49.24924], [8.45599, 49.24877], [8.45594, 49.24822], [8.45405, 49.24837], [8.4529, 49.24847], [8.45193, 49.24856], [8.45196, 49.24865], [8.45199, 49.24871], [8.45221, 49.24892], [8.45248, 49.24915], [8.45259, 49.24925], [8.45265, 49.24931]]]}}, {"type": "Feature", "properties": {"area_ha": 1.42, "dist_km": 1.323, "node": "Philippsburg", "node_mw": 500, "osm_id": 1328569963, "anchor_kind": "demand"}, "geometry": {"type": "Polygon", "coordinates": [[[8.45399, 49.24867], [8.45539, 49.24856], [8.45542, 49.24872], [8.45549, 49.24871], [8.45556, 49.24871], [8.45563, 49.2487], [8.4557, 49.24869], [8.45587, 49.24959], [8.4542, 49.24973], [8.45399, 49.24867]]]}}, {"type": "Feature", "properties": {"area_ha": 0.319, "dist_km": 2.629, "node": "Gurtweil", "node_mw": 500, "osm_id": 1333659376, "anchor_kind": "demand"}, "geometry": {"type": "Polygon", "coordinates": [[[8.27483, 47.61632], [8.27502, 47.61705], [8.27552, 47.617], [8.27534, 47.61626], [8.27483, 47.61632]]]}}, {"type": "Feature", "properties": {"area_ha": 0.143, "dist_km": 2.188, "node": "Gurtweil", "node_mw": 500, "osm_id": 1333659378, "anchor_kind": "demand"}, "geometry": {"type": "Polygon", "coordinates": [[[8.27386, 47.62112], [8.27402, 47.62102], [8.27418, 47.62093], [8.27402, 47.6208], [8.27395, 47.62085], [8.27381, 47.62074], [8.27335, 47.62101], [8.27354, 47.62116], [8.27375, 47.62103], [8.27386, 47.62112]]]}}], "properties": {"source": "OpenStreetMap via Overpass (ODbL) — landuse=industrial / building~industrial|warehouse|factory within 3.0 km of a DE ≥20 MW TSO load-connection node (50Hertz + TransnetBW)", "note": "Candidate sites ONLY — target-then-verify. A building's connected power is not publicly screenable (CUPS/DSO enquiry or equivalent only). area_ha uses a simple planar approximation, indicative only."}}