{"type": "FeatureCollection", "features": [{"type": "Feature", "properties": {"area_ha": 10.621, "dist_km": 1.499, "node": "CABRA 400", "node_mw": 827, "osm_id": 248628909, "municipio": "Cabra"}, "geometry": {"type": "Polygon", "coordinates": [[[-4.49357, 37.46994], [-4.49323, 37.47012], [-4.49316, 37.47003], [-4.49278, 37.47021], [-4.49246, 37.47049], [-4.4924, 37.47058], [-4.49229, 37.47096], [-4.49281, 37.47092], [-4.49287, 37.47135], [-4.49309, 37.47133], [-4.4933, 37.47267], [-4.49515, 37.47242], [-4.49523, 37.47215], [-4.49575, 37.47194], [-4.49627, 37.47171], [-4.49636, 37.47164], [-4.49637, 37.47168], [-4.49648, 37.47168], [-4.49676, 37.4716], [-4.49696, 37.47151], [-4.49695, 37.47143], [-4.49703, 37.47142], [-4.49694, 37.47069], [-4.49682, 37.47024], [-4.49681, 37.46999], [-4.49676, 37.46977], [-4.49667, 37.46958], [-4.49659, 37.46952], [-4.49648, 37.46947], [-4.49639, 37.46931], [-4.4961, 37.46925], [-4.49575, 37.46927], [-4.49556, 37.46921], [-4.49536, 37.46922], [-4.49477, 37.46934], [-4.49469, 37.46942], [-4.49437, 37.46947], [-4.49372, 37.46984], [-4.49357, 37.46994]]]}}, {"type": "Feature", "properties": {"area_ha": 2.352, "dist_km": 3.074, "node": "CABRA 400", "node_mw": 827, "osm_id": 260466688, "municipio": "Cabra"}, "geometry": {"type": "Polygon", "coordinates": [[[-4.48074, 37.48154], [-4.47988, 37.48301], [-4.4784, 37.48276], [-4.47923, 37.4813], [-4.48074, 37.48154]]]}}, {"type": "Feature", "properties": {"area_ha": 1.722, "dist_km": 1.634, "node": "CABRA 400", "node_mw": 827, "osm_id": 1305913333, "municipio": "Cabra"}, "geometry": {"type": "Polygon", "coordinates": [[[-4.4933, 37.47267], [-4.49309, 37.47133], [-4.49287, 37.47135], [-4.49281, 37.47092], [-4.49229, 37.47096], [-4.49204, 37.47098], [-4.49202, 37.47124], [-4.49212, 37.47147], [-4.4922, 37.47159], [-4.49225, 37.47171], [-4.49226, 37.4718], [-4.49226, 37.47189], [-4.49214, 37.47223], [-4.49217, 37.47277], [-4.49236, 37.47281], [-4.4933, 37.47267]]]}}, {"type": "Feature", "properties": {"area_ha": 2.517, "dist_km": 2.747, "node": "CABRA 400", "node_mw": 827, "osm_id": 1306233636, "municipio": "Cabra"}, "geometry": {"type": "Polygon", "coordinates": [[[-4.48147, 37.4345], [-4.4809, 37.43439], [-4.48074, 37.43455], [-4.48012, 37.43458], [-4.48013, 37.43489], [-4.48005, 37.43489], [-4.48005, 37.4355], [-4.48066, 37.43549], [-4.48189, 37.4357], [-4.48198, 37.43457], [-4.48229, 37.43459], [-4.48266, 37.43415], [-4.48193, 37.43375], [-4.48159, 37.43419], [-4.48147, 37.4345]]]}}, {"type": "Feature", "properties": {"area_ha": 0.1, "dist_km": 2.111, "node": "CABRA 400", "node_mw": 827, "osm_id": 1306732622, "municipio": "Cabra"}, "geometry": {"type": "Polygon", "coordinates": [[[-4.47292, 37.46571], [-4.47302, 37.4657], [-4.47308, 37.46542], [-4.47273, 37.46536], [-4.47268, 37.46561], [-4.47292, 37.46571]]]}}, {"type": "Feature", "properties": {"area_ha": 44.717, "dist_km": 3.149, "node": "ABANILLA 400", "node_mw": 753, "osm_id": 256942000, "municipio": "Abanilla"}, "geometry": {"type": "Polygon", "coordinates": [[[-1.05472, 38.17922], [-1.05621, 38.17892], [-1.05626, 38.17874], [-1.05613, 38.17834], [-1.05843, 38.17797], [-1.05804, 38.17649], [-1.05774, 38.17647], [-1.05733, 38.1765], [-1.05696, 38.17652], [-1.0568, 38.1765], [-1.05659, 38.17645], [-1.05645, 38.17635], [-1.05626, 38.17552], [-1.0554, 38.17522], [-1.05511, 38.17507], [-1.05392, 38.1747], [-1.0532, 38.17479], [-1.05336, 38.17548], [-1.05069, 38.1759], [-1.05033, 38.17522], [-1.04906, 38.17557], [-1.04923, 38.17592], [-1.04873, 38.17603], [-1.04886, 38.17642], [-1.04622, 38.17691], [-1.04644, 38.178], [-1.04641, 38.17825], [-1.04643, 38.17856], [-1.04673, 38.17874], [-1.04713, 38.18012], [-1.04737, 38.18021], [-1.0498, 38.1795], [-1.04984, 38.18059], [-1.0496, 38.18135], [-1.0486, 38.18195], [-1.04857, 38.18257], [-1.04995, 38.1826], [-1.05037, 38.18243], [-1.05083, 38.1819], [-1.05076, 38.18182], [-1.05011, 38.18167], [-1.05016, 38.18082], [-1.05062, 38.18074], [-1.0533, 38.18002], [-1.05344, 38.17988], [-1.05322, 38.17891], [-1.05411, 38.17875], [-1.05424, 38.17918], [-1.05472, 38.17922]]]}}, {"type": "Feature", "properties": {"area_ha": 7.815, "dist_km": 2.888, "node": "ABANILLA 400", "node_mw": 753, "osm_id": 747115195, "municipio": "Abanilla"}, "geometry": {"type": "Polygon", "coordinates": [[[-1.00888, 38.211], [-1.0078, 38.21147], [-1.00668, 38.21149], [-1.00648, 38.21116], [-1.00672, 38.21053], [-1.00676, 38.20904], [-1.00834, 38.209], [-1.00987, 38.20848], [-1.01062, 38.20832], [-1.01083, 38.20845], [-1.0106, 38.20862], [-1.01053, 38.20879], [-1.01067, 38.20947], [-1.01042, 38.20995], [-1.00902, 38.21049], [-1.00868, 38.21066], [-1.00888, 38.211]]]}}, {"type": "Feature", "properties": {"area_ha": 0.3, "dist_km": 2.84, "node": "ABANILLA 400", "node_mw": 753, "osm_id": 747115196, "municipio": "Abanilla"}, "geometry": {"type": "Polygon", "coordinates": [[[-1.00974, 38.20958], [-1.00916, 38.20965], [-1.00903, 38.20916], [-1.00964, 38.20907], [-1.00974, 38.20958]]]}}, {"type": "Feature", "properties": {"area_ha": 0.043, "dist_km": 2.763, "node": "ABANILLA 400", "node_mw": 753, "osm_id": 747115197, "municipio": "Abanilla"}, "geometry": {"type": "Polygon", "coordinates": [[[-1.01036, 38.20897], [-1.01006, 38.20901], [-1.01004, 38.20889], [-1.01034, 38.20881], [-1.01036, 38.20897]]]}}, {"type": "Feature", "properties": {"area_ha": 0.233, "dist_km": 2.964, "node": "ABANILLA 400", "node_mw": 753, "osm_id": 747115198, "municipio": "Abanilla"}, "geometry": {"type": "Polygon", "coordinates": [[[-1.00762, 38.20922], [-1.00776, 38.20983], [-1.00808, 38.20977], [-1.00802, 38.20956], [-1.00815, 38.20955], [-1.00808, 38.20928], [-1.00803, 38.20929], [-1.008, 38.20916], [-1.00762, 38.20922]]]}}, {"type": "Feature", "properties": {"area_ha": 1.383, "dist_km": 2.994, "node": "BEARIZ 400", "node_mw": 653, "osm_id": 1497273183, "municipio": "Beariz"}, "geometry": {"type": "Polygon", "coordinates": [[[-8.2503, 42.48947], [-8.25058, 42.48931], [-8.25068, 42.48926], [-8.24989, 42.4885], [-8.24835, 42.48937], [-8.24893, 42.48994], [-8.24999, 42.48934], [-8.2503, 42.48947]]]}}, {"type": "Feature", "properties": {"area_ha": 12.05, "dist_km": 2.731, "node": "ASOMADA 400", "node_mw": 620, "osm_id": 40129009, "municipio": "Asomada"}, "geometry": {"type": "Polygon", "coordinates": [[[-0.95332, 37.65774], [-0.94903, 37.6583], [-0.94857, 37.65718], [-0.9491, 37.65706], [-0.94771, 37.65521], [-0.94961, 37.65406], [-0.95016, 37.65563], [-0.95154, 37.65519], [-0.95332, 37.65774]]]}}, {"type": "Feature", "properties": {"area_ha": 1.597, "dist_km": 0.892, "node": "ASOMADA 400", "node_mw": 620, "osm_id": 57816936, "municipio": "Asomada"}, "geometry": {"type": "Polygon", "coordinates": [[[-0.97152, 37.63115], [-0.97011, 37.63158], [-0.96971, 37.63042], [-0.97086, 37.6301], [-0.97089, 37.6301], [-0.97152, 37.63115]]]}}, {"type": "Feature", "properties": {"area_ha": 1.144, "dist_km": 0.857, "node": "ASOMADA 400", "node_mw": 620, "osm_id": 57816937, "municipio": "Asomada"}, "geometry": {"type": "Polygon", "coordinates": [[[-0.96971, 37.63042], [-0.96969, 37.63038], [-0.96964, 37.63027], [-0.96948, 37.62988], [-0.96942, 37.62974], [-0.96939, 37.62968], [-0.96937, 37.62962], [-0.9696, 37.62948], [-0.97028, 37.62904], [-0.97086, 37.6301], [-0.96971, 37.63042]]]}}, {"type": "Feature", "properties": {"area_ha": 4.22, "dist_km": 0.858, "node": "ASOMADA 400", "node_mw": 620, "osm_id": 57817002, "municipio": "Asomada"}, "geometry": {"type": "Polygon", "coordinates": [[[-0.95204, 37.63347], [-0.95207, 37.63332], [-0.95331, 37.63344], [-0.95342, 37.63261], [-0.95269, 37.63255], [-0.95271, 37.63242], [-0.95346, 37.63248], [-0.95284, 37.63206], [-0.95103, 37.63231], [-0.95037, 37.63225], [-0.95001, 37.63252], [-0.94959, 37.63283], [-0.94946, 37.63288], [-0.94885, 37.63312], [-0.94896, 37.63327], [-0.95204, 37.63347]]]}}, {"type": "Feature", "properties": {"area_ha": 0.321, "dist_km": 0.919, "node": "ASOMADA 400", "node_mw": 620, "osm_id": 221400864, "municipio": "Asomada"}, "geometry": {"type": "Polygon", "coordinates": [[[-0.97134, 37.63279], [-0.97182, 37.63244], [-0.9716, 37.63202], [-0.97104, 37.63221], [-0.97134, 37.63279]]]}}, {"type": "Feature", "properties": {"area_ha": 3.288, "dist_km": 2.776, "node": "ASOMADA 400", "node_mw": 620, "osm_id": 224036879, "municipio": "Asomada"}, "geometry": {"type": "Polygon", "coordinates": [[[-0.92807, 37.63553], [-0.92977, 37.63728], [-0.93126, 37.63654], [-0.93067, 37.63615], [-0.93014, 37.63578], [-0.92955, 37.63528], [-0.9292, 37.63494], [-0.92915, 37.63488], [-0.92807, 37.63553]]]}}, {"type": "Feature", "properties": {"area_ha": 0.282, "dist_km": 1.217, "node": "ASOMADA 400", "node_mw": 620, "osm_id": 225730717, "municipio": "Asomada"}, "geometry": {"type": "Polygon", "coordinates": [[[-0.95101, 37.62551], [-0.95153, 37.62589], [-0.95117, 37.62619], [-0.95066, 37.62581], [-0.95101, 37.62551]]]}}, {"type": "Feature", "properties": {"area_ha": 6.884, "dist_km": 2.662, "node": "ASOMADA 400", "node_mw": 620, "osm_id": 240573136, "municipio": "Asomada"}, "geometry": {"type": "Polygon", "coordinates": [[[-0.98536, 37.65005], [-0.98411, 37.64967], [-0.98394, 37.65001], [-0.98379, 37.64989], [-0.98365, 37.64978], [-0.9835, 37.6496], [-0.98339, 37.64941], [-0.98281, 37.64944], [-0.9828, 37.64979], [-0.98244, 37.64979], [-0.98234, 37.6484], [-0.9835, 37.64741], [-0.9849, 37.64785], [-0.9854, 37.64781], [-0.98635, 37.6481], [-0.98536, 37.65005]]]}}, {"type": "Feature", "properties": {"area_ha": 1.506, "dist_km": 2.725, "node": "ASOMADA 400", "node_mw": 620, "osm_id": 242764047, "municipio": "Asomada"}, "geometry": {"type": "Polygon", "coordinates": [[[-0.9923, 37.63336], [-0.99204, 37.63347], [-0.99193, 37.63351], [-0.99109, 37.63404], [-0.9908, 37.63417], [-0.99179, 37.63504], [-0.99232, 37.6344], [-0.9925, 37.63415], [-0.9926, 37.63397], [-0.99264, 37.63383], [-0.99242, 37.63353], [-0.9923, 37.63336]]]}}, {"type": "Feature", "properties": {"area_ha": 9.588, "dist_km": 2.514, "node": "ASOMADA 400", "node_mw": 620, "osm_id": 243438484, "municipio": "Asomada"}, "geometry": {"type": "Polygon", "coordinates": [[[-0.9886, 37.6386], [-0.9886, 37.63854], [-0.98859, 37.63847], [-0.98857, 37.63843], [-0.98855, 37.63838], [-0.98852, 37.63834], [-0.98845, 37.63827], [-0.98843, 37.63825], [-0.98838, 37.63821], [-0.98845, 37.63819], [-0.9886, 37.63822], [-0.9887, 37.63822], [-0.98873, 37.63747], [-0.98924, 37.63745], [-0.98934, 37.63745], [-0.98963, 37.63712], [-0.99005, 37.63673], [-0.98948, 37.63637], [-0.9895, 37.6358], [-0.99024, 37.63615], [-0.99044, 37.63637], [-0.99103, 37.63588], [-0.99169, 37.63639], [-0.99168, 37.63656], [-0.99169, 37.63672], [-0.99212, 37.63746], [-0.99181, 37.63879], [-0.99166, 37.63938], [-0.99048, 37.63944], [-0.98907, 37.63876], [-0.9882, 37.63989], [-0.98795, 37.64021], [-0.98789, 37.64029], [-0.98753, 37.6402], [-0.98722, 37.64007], [-0.98755, 37.63959], [-0.98761, 37.63947], [-0.98767, 37.63935], [-0.98769, 37.6392], [-0.98767, 37.63897], [-0.98787, 37.63904], [-0.98802, 37.63905], [-0.98808, 37.63905], [-0.98814, 37.63904], [-0.98818, 37.63903], [-0.98824, 37.63902], [-0.98832, 37.63898], [-0.98837, 37.63896], [-0.98841, 37.63893], [-0.98843, 37.63891], [-0.98847, 37.63888], [-0.98852, 37.63883], [-0.98854, 37.63879], [-0.98856, 37.63875], [-0.98859, 37.63869], [-0.9886, 37.63866], [-0.9886, 37.6386]]]}}, {"type": "Feature", "properties": {"area_ha": 3.391, "dist_km": 0.687, "node": "ASOMADA 400", "node_mw": 620, "osm_id": 243441256, "municipio": "Asomada"}, "geometry": {"type": "Polygon", "coordinates": [[[-0.96735, 37.62864], [-0.96723, 37.62817], [-0.96709, 37.62784], [-0.96635, 37.62786], [-0.96567, 37.62788], [-0.96557, 37.62789], [-0.96544, 37.62791], [-0.96531, 37.62802], [-0.96529, 37.62811], [-0.96528, 37.62821], [-0.96433, 37.62829], [-0.96405, 37.6287], [-0.96433, 37.62936], [-0.96438, 37.62946], [-0.96608, 37.62906], [-0.96624, 37.62902], [-0.96646, 37.62897], [-0.96739, 37.62874], [-0.96735, 37.62864]]]}}, {"type": "Feature", "properties": {"area_ha": 1.524, "dist_km": 2.037, "node": "ASOMADA 400", "node_mw": 620, "osm_id": 257626170, "municipio": "Asomada"}, "geometry": {"type": "Polygon", "coordinates": [[[-0.95119, 37.61784], [-0.95024, 37.61681], [-0.95065, 37.61657], [-0.95073, 37.61666], [-0.95112, 37.61649], [-0.95102, 37.61634], [-0.95158, 37.61636], [-0.95209, 37.61724], [-0.9521, 37.6173], [-0.95119, 37.61784]]]}}, {"type": "Feature", "properties": {"area_ha": 1.077, "dist_km": 0.224, "node": "ASOMADA 400", "node_mw": 620, "osm_id": 258831659, "municipio": "Asomada"}, "geometry": {"type": "Polygon", "coordinates": [[[-0.96406, 37.63501], [-0.96189, 37.6349], [-0.962, 37.63441], [-0.9642, 37.6345], [-0.96406, 37.63501]]]}}, {"type": "Feature", "properties": {"area_ha": 0.202, "dist_km": 2.895, "node": "ASOMADA 400", "node_mw": 620, "osm_id": 265134173, "municipio": "Asomada"}, "geometry": {"type": "Polygon", "coordinates": [[[-0.98168, 37.65417], [-0.98145, 37.65414], [-0.98166, 37.65326], [-0.98188, 37.65329], [-0.98168, 37.65417]]]}}, {"type": "Feature", "properties": {"area_ha": 0.822, "dist_km": 2.931, "node": "ASOMADA 400", "node_mw": 620, "osm_id": 265134179, "municipio": "Asomada"}, "geometry": {"type": "Polygon", "coordinates": [[[-0.98241, 37.65353], [-0.9823, 37.65377], [-0.98183, 37.65392], [-0.98177, 37.65424], [-0.98199, 37.65426], [-0.98222, 37.65439], [-0.98219, 37.65444], [-0.98214, 37.65451], [-0.98132, 37.65426], [-0.98138, 37.65395], [-0.98156, 37.6531], [-0.98225, 37.6533], [-0.98236, 37.65345], [-0.98241, 37.65353]]]}}, {"type": "Feature", "properties": {"area_ha": 0.798, "dist_km": 3.016, "node": "ASOMADA 400", "node_mw": 620, "osm_id": 266910433, "municipio": "Asomada"}, "geometry": {"type": "Polygon", "coordinates": [[[-0.97249, 37.60812], [-0.97161, 37.60812], [-0.9716, 37.60782], [-0.97207, 37.60783], [-0.97207, 37.60782], [-0.97207, 37.6078], [-0.97207, 37.60777], [-0.97217, 37.60772], [-0.97245, 37.60771], [-0.97242, 37.60737], [-0.97329, 37.60735], [-0.97329, 37.60761], [-0.97311, 37.60782], [-0.97297, 37.60782], [-0.97298, 37.60794], [-0.97293, 37.60801], [-0.97294, 37.60811], [-0.97288, 37.60813], [-0.97249, 37.60812]]]}}, {"type": "Feature", "properties": {"area_ha": 0.295, "dist_km": 2.942, "node": "ASOMADA 400", "node_mw": 620, "osm_id": 266910453, "municipio": "Asomada"}, "geometry": {"type": "Polygon", "coordinates": [[[-0.97123, 37.60843], [-0.97123, 37.60791], [-0.97154, 37.60787], [-0.97154, 37.60783], [-0.97036, 37.60796], [-0.97037, 37.60801], [-0.97061, 37.60799], [-0.97061, 37.60801], [-0.97076, 37.60802], [-0.97077, 37.60821], [-0.97073, 37.60821], [-0.97072, 37.60837], [-0.97093, 37.60844], [-0.97123, 37.60843]]]}}, {"type": "Feature", "properties": {"area_ha": 0.233, "dist_km": 1.145, "node": "ASOMADA 400", "node_mw": 620, "osm_id": 277253974, "municipio": "Asomada"}, "geometry": {"type": "Polygon", "coordinates": [[[-0.95195, 37.6264], [-0.95169, 37.6262], [-0.95176, 37.62614], [-0.95167, 37.62607], [-0.95205, 37.62577], [-0.9524, 37.62604], [-0.95195, 37.6264]]]}}, {"type": "Feature", "properties": {"area_ha": 0.057, "dist_km": 1.141, "node": "ASOMADA 400", "node_mw": 620, "osm_id": 277254047, "municipio": "Asomada"}, "geometry": {"type": "Polygon", "coordinates": [[[-0.95149, 37.6268], [-0.95114, 37.62654], [-0.95125, 37.62645], [-0.95159, 37.62671], [-0.95149, 37.6268]]]}}, {"type": "Feature", "properties": {"area_ha": 0.405, "dist_km": 1.442, "node": "ASOMADA 400", "node_mw": 620, "osm_id": 277257293, "municipio": "Asomada"}, "geometry": {"type": "Polygon", "coordinates": [[[-0.95597, 37.62148], [-0.95564, 37.62123], [-0.95641, 37.62058], [-0.95675, 37.62084], [-0.95597, 37.62148]]]}}, {"type": "Feature", "properties": {"area_ha": 0.073, "dist_km": 2.8, "node": "ASOMADA 400", "node_mw": 620, "osm_id": 290149878, "municipio": "Asomada"}, "geometry": {"type": "Polygon", "coordinates": [[[-0.99306, 37.63175], [-0.99302, 37.63193], [-0.99261, 37.63188], [-0.99264, 37.6317], [-0.99306, 37.63175]]]}}, {"type": "Feature", "properties": {"area_ha": 0.251, "dist_km": 2.581, "node": "ASOMADA 400", "node_mw": 620, "osm_id": 300840178, "municipio": "Asomada"}, "geometry": {"type": "Polygon", "coordinates": [[[-0.99009, 37.63838], [-0.98934, 37.63801], [-0.98954, 37.63776], [-0.99029, 37.63813], [-0.99009, 37.63838]]]}}, {"type": "Feature", "properties": {"area_ha": 0.03, "dist_km": 0.934, "node": "ASOMADA 400", "node_mw": 620, "osm_id": 321700672, "municipio": "Asomada"}, "geometry": {"type": "Polygon", "coordinates": [[[-0.95353, 37.62737], [-0.95343, 37.62745], [-0.95363, 37.6276], [-0.95373, 37.62752], [-0.95353, 37.62737]]]}}, {"type": "Feature", "properties": {"area_ha": 0.01, "dist_km": 0.207, "node": "LLERENA 400", "node_mw": 627, "osm_id": 359862672, "municipio": "Llerena"}, "geometry": {"type": "Polygon", "coordinates": [[[-6.0144, 38.23298], [-6.0144, 38.23301], [-6.01439, 38.23301], [-6.01439, 38.23303], [-6.01439, 38.23309], [-6.01436, 38.23309], [-6.01429, 38.23309], [-6.01428, 38.23309], [-6.0143, 38.23301], [-6.01431, 38.23298], [-6.0144, 38.23298]]]}}, {"type": "Feature", "properties": {"area_ha": 138.937, "dist_km": 0.957, "node": "ASOMADA 400", "node_mw": 620, "osm_id": 362257605, "municipio": "Asomada"}, "geometry": {"type": "Polygon", "coordinates": [[[-0.9557, 37.61679], [-0.95599, 37.61701], [-0.95645, 37.61736], [-0.95701, 37.61779], [-0.95739, 37.61822], [-0.96001, 37.62022], [-0.96117, 37.61991], [-0.9666, 37.62142], [-0.96674, 37.62162], [-0.96712, 37.62177], [-0.96673, 37.6227], [-0.96678, 37.62298], [-0.96655, 37.6239], [-0.96695, 37.62443], [-0.96732, 37.62455], [-0.96708, 37.62593], [-0.96683, 37.62625], [-0.96678, 37.62625], [-0.96666, 37.62625], [-0.96639, 37.62652], [-0.96622, 37.62653], [-0.96614, 37.62653], [-0.96589, 37.6268], [-0.9656, 37.62699], [-0.96513, 37.62784], [-0.96469, 37.62767], [-0.96454, 37.62798], [-0.96407, 37.62808], [-0.96375, 37.62789], [-0.96359, 37.62815], [-0.96322, 37.6291], [-0.96298, 37.6292], [-0.96288, 37.62957], [-0.96282, 37.62972], [-0.96283, 37.62985], [-0.96278, 37.63022], [-0.96231, 37.63229], [-0.96228, 37.6323], [-0.96064, 37.63201], [-0.9601, 37.63193], [-0.95858, 37.63281], [-0.95822, 37.63242], [-0.95839, 37.6322], [-0.95792, 37.63167], [-0.95866, 37.63124], [-0.95755, 37.63032], [-0.9582, 37.62948], [-0.95833, 37.62929], [-0.9582, 37.62921], [-0.95819, 37.62916], [-0.95802, 37.62895], [-0.95802, 37.6289], [-0.95803, 37.62884], [-0.95808, 37.62879], [-0.95816, 37.62875], [-0.95825, 37.62874], [-0.95834, 37.62874], [-0.95845, 37.62882], [-0.95862, 37.6288], [-0.95861, 37.62898], [-0.95994, 37.62939], [-0.96052, 37.62948], [-0.96044, 37.62715], [-0.95984, 37.627], [-0.95608, 37.6261], [-0.95622, 37.6267], [-0.95531, 37.62692], [-0.95499, 37.62699], [-0.95418, 37.62716], [-0.954, 37.62729], [-0.95373, 37.62752], [-0.95363, 37.6276], [-0.95323, 37.62793], [-0.95304, 37.6281], [-0.95285, 37.62826], [-0.95243, 37.628], [-0.95204, 37.62832], [-0.9515, 37.62847], [-0.95015, 37.62884], [-0.95004, 37.62885], [-0.94997, 37.62883], [-0.94987, 37.62876], [-0.94971, 37.62866], [-0.94957, 37.62854], [-0.94947, 37.62841], [-0.94936, 37.62828], [-0.94923, 37.62802], [-0.94917, 37.62782], [-0.94915, 37.62765], [-0.94915, 37.6276], [-0.94918, 37.62758], [-0.94942, 37.62765], [-0.94948, 37.62771], [-0.94955, 37.62774], [-0.94962, 37.62775], [-0.94969, 37.62774], [-0.94983, 37.62746], [-0.95147, 37.62611], [-0.953, 37.62482], [-0.95359, 37.62432], [-0.9537, 37.62422], [-0.95367, 37.6242], [-0.95361, 37.62415], [-0.95151, 37.62257], [-0.95148, 37.62255], [-0.95139, 37.62248], [-0.95136, 37.62245], [-0.95003, 37.62146], [-0.94996, 37.62142], [-0.95138, 37.62022], [-0.95147, 37.62013], [-0.95153, 37.62015], [-0.95166, 37.62004], [-0.9517, 37.61999], [-0.95173, 37.61995], [-0.95175, 37.6199], [-0.95176, 37.61984], [-0.95185, 37.61985], [-0.95189, 37.61981], [-0.95434, 37.61776], [-0.9544, 37.61768], [-0.95442, 37.61761], [-0.9544, 37.61754], [-0.95434, 37.6175], [-0.95434, 37.61733], [-0.9544, 37.61722], [-0.95446, 37.61718], [-0.95469, 37.61711], [-0.95478, 37.61712], [-0.95549, 37.61664], [-0.95556, 37.61669], [-0.9557, 37.61679]]]}}, {"type": "Feature", "properties": {"area_ha": 4.974, "dist_km": 2.114, "node": "ASOMADA 400", "node_mw": 620, "osm_id": 458282062, "municipio": "Asomada"}, "geometry": {"type": "Polygon", "coordinates": [[[-0.98102, 37.64611], [-0.97846, 37.64773], [-0.97827, 37.64737], [-0.97907, 37.64705], [-0.97864, 37.64634], [-0.97894, 37.64617], [-0.97809, 37.64499], [-0.97852, 37.6448], [-0.97984, 37.64415], [-0.98102, 37.64611]]]}}, {"type": "Feature", "properties": {"area_ha": 1.94, "dist_km": 1.732, "node": "ASOMADA 400", "node_mw": 620, "osm_id": 458282068, "municipio": "Asomada"}, "geometry": {"type": "Polygon", "coordinates": [[[-0.95816, 37.64944], [-0.9583, 37.64888], [-0.95602, 37.64828], [-0.95611, 37.64791], [-0.95555, 37.6476], [-0.95512, 37.64812], [-0.95549, 37.6483], [-0.95525, 37.64861], [-0.95651, 37.64908], [-0.95662, 37.64888], [-0.95816, 37.64944]]]}}, {"type": "Feature", "properties": {"area_ha": 1.535, "dist_km": 1.847, "node": "ASOMADA 400", "node_mw": 620, "osm_id": 458282704, "municipio": "Asomada"}, "geometry": {"type": "Polygon", "coordinates": [[[-0.95387, 37.6487], [-0.95359, 37.64942], [-0.95257, 37.64904], [-0.95269, 37.64889], [-0.95208, 37.64866], [-0.95225, 37.64829], [-0.95188, 37.64806], [-0.95216, 37.64772], [-0.95387, 37.6487]]]}}, {"type": "Feature", "properties": {"area_ha": 0.102, "dist_km": 0.914, "node": "LLERENA 400", "node_mw": 627, "osm_id": 465383316, "municipio": "Llerena"}, "geometry": {"type": "Polygon", "coordinates": [[[-6.0161, 38.24171], [-6.016, 38.24166], [-6.01595, 38.24164], [-6.01587, 38.24159], [-6.01583, 38.24157], [-6.01577, 38.24154], [-6.01572, 38.24151], [-6.01551, 38.24139], [-6.01575, 38.24129], [-6.01581, 38.24127], [-6.01584, 38.24138], [-6.01584, 38.24138], [-6.01587, 38.24142], [-6.01592, 38.24144], [-6.016, 38.24149], [-6.01603, 38.24151], [-6.01609, 38.24153], [-6.0162, 38.2416], [-6.0161, 38.24171]]]}}, {"type": "Feature", "properties": {"area_ha": 0.014, "dist_km": 0.482, "node": "LLERENA 400", "node_mw": 627, "osm_id": 467242488, "municipio": "Llerena"}, "geometry": {"type": "Polygon", "coordinates": [[[-6.02021, 38.23677], [-6.0202, 38.23676], [-6.02009, 38.23664], [-6.02008, 38.23662], [-6.02015, 38.23659], [-6.02019, 38.23664], [-6.0202, 38.23663], [-6.02028, 38.23673], [-6.02021, 38.23677]]]}}, {"type": "Feature", "properties": {"area_ha": 0.015, "dist_km": 0.772, "node": "LLERENA 400", "node_mw": 627, "osm_id": 470737007, "municipio": "Llerena"}, "geometry": {"type": "Polygon", "coordinates": [[[-6.01797, 38.2401], [-6.01801, 38.24013], [-6.01803, 38.24015], [-6.01785, 38.24027], [-6.01779, 38.24022], [-6.01797, 38.2401]]]}}, {"type": "Feature", "properties": {"area_ha": 0.187, "dist_km": 2.624, "node": "ASOMADA 400", "node_mw": 620, "osm_id": 545336154, "municipio": "Asomada"}, "geometry": {"type": "Polygon", "coordinates": [[[-0.9846, 37.64849], [-0.9847, 37.64828], [-0.9839, 37.64803], [-0.9838, 37.64823], [-0.9846, 37.64849]]]}}, {"type": "Feature", "properties": {"area_ha": 0.024, "dist_km": 2.697, "node": "ASOMADA 400", "node_mw": 620, "osm_id": 545336156, "municipio": "Asomada"}, "geometry": {"type": "Polygon", "coordinates": [[[-0.9842, 37.64945], [-0.98427, 37.64931], [-0.98412, 37.64927], [-0.98405, 37.64941], [-0.9842, 37.64945]]]}}, {"type": "Feature", "properties": {"area_ha": 0.372, "dist_km": 2.713, "node": "ASOMADA 400", "node_mw": 620, "osm_id": 545336157, "municipio": "Asomada"}, "geometry": {"type": "Polygon", "coordinates": [[[-0.98599, 37.64855], [-0.98619, 37.64813], [-0.9854, 37.6479], [-0.98537, 37.64796], [-0.9852, 37.64832], [-0.98599, 37.64855]]]}}, {"type": "Feature", "properties": {"area_ha": 0.374, "dist_km": 2.74, "node": "ASOMADA 400", "node_mw": 620, "osm_id": 545336158, "municipio": "Asomada"}, "geometry": {"type": "Polygon", "coordinates": [[[-0.98577, 37.64906], [-0.98596, 37.64863], [-0.98517, 37.6484], [-0.98497, 37.64883], [-0.98577, 37.64906]]]}}, {"type": "Feature", "properties": {"area_ha": 0.457, "dist_km": 2.754, "node": "ASOMADA 400", "node_mw": 620, "osm_id": 545336159, "municipio": "Asomada"}, "geometry": {"type": "Polygon", "coordinates": [[[-0.98572, 37.64918], [-0.9849, 37.64895], [-0.98479, 37.64922], [-0.98485, 37.64923], [-0.98473, 37.64949], [-0.98548, 37.64971], [-0.98572, 37.64918]]]}}, {"type": "Feature", "properties": {"area_ha": 0.143, "dist_km": 2.78, "node": "ASOMADA 400", "node_mw": 620, "osm_id": 545336160, "municipio": "Asomada"}, "geometry": {"type": "Polygon", "coordinates": [[[-0.98522, 37.64998], [-0.98531, 37.64977], [-0.98469, 37.64959], [-0.9846, 37.64979], [-0.98522, 37.64998]]]}}, {"type": "Feature", "properties": {"area_ha": 0.025, "dist_km": 2.758, "node": "ASOMADA 400", "node_mw": 620, "osm_id": 545336168, "municipio": "Asomada"}, "geometry": {"type": "Polygon", "coordinates": [[[-0.98194, 37.65206], [-0.98194, 37.65195], [-0.98171, 37.65195], [-0.98171, 37.65206], [-0.98194, 37.65206]]]}}, {"type": "Feature", "properties": {"area_ha": 0.243, "dist_km": 2.504, "node": "ASOMADA 400", "node_mw": 620, "osm_id": 545336169, "municipio": "Asomada"}, "geometry": {"type": "Polygon", "coordinates": [[[-0.98569, 37.64513], [-0.98479, 37.64517], [-0.98481, 37.64545], [-0.98571, 37.64541], [-0.98569, 37.64513]]]}}, {"type": "Feature", "properties": {"area_ha": 0.051, "dist_km": 2.482, "node": "ASOMADA 400", "node_mw": 620, "osm_id": 545336170, "municipio": "Asomada"}, "geometry": {"type": "Polygon", "coordinates": [[[-0.98566, 37.64472], [-0.98566, 37.64461], [-0.98518, 37.64463], [-0.98519, 37.64474], [-0.98566, 37.64472]]]}}, {"type": "Feature", "properties": {"area_ha": 0.17, "dist_km": 2.527, "node": "ASOMADA 400", "node_mw": 620, "osm_id": 545336171, "municipio": "Asomada"}, "geometry": {"type": "Polygon", "coordinates": [[[-0.98538, 37.64661], [-0.98542, 37.64642], [-0.98468, 37.64632], [-0.98422, 37.64626], [-0.98421, 37.64629], [-0.98429, 37.6463], [-0.98427, 37.64636], [-0.9847, 37.64642], [-0.98468, 37.64651], [-0.98538, 37.64661]]]}}, {"type": "Feature", "properties": {"area_ha": 0.006, "dist_km": 2.625, "node": "ASOMADA 400", "node_mw": 620, "osm_id": 545336180, "municipio": "Asomada"}, "geometry": {"type": "Polygon", "coordinates": [[[-0.98708, 37.64509], [-0.98706, 37.64501], [-0.98698, 37.64502], [-0.987, 37.6451], [-0.98708, 37.64509]]]}}, {"type": "Feature", "properties": {"area_ha": 0.1, "dist_km": 2.988, "node": "ASOMADA 400", "node_mw": 620, "osm_id": 545346487, "municipio": "Asomada"}, "geometry": {"type": "Polygon", "coordinates": [[[-0.9926, 37.64456], [-0.99261, 37.64449], [-0.99195, 37.64445], [-0.99195, 37.64439], [-0.99153, 37.64437], [-0.99152, 37.6445], [-0.9926, 37.64456]]]}}, {"type": "Feature", "properties": {"area_ha": 0.171, "dist_km": 1.802, "node": "ASOMADA 400", "node_mw": 620, "osm_id": 554749433, "municipio": "Asomada"}, "geometry": {"type": "Polygon", "coordinates": [[[-0.94671, 37.64452], [-0.94665, 37.64477], [-0.94631, 37.64494], [-0.94618, 37.64479], [-0.94627, 37.64445], [-0.94671, 37.64452]]]}}, {"type": "Feature", "properties": {"area_ha": 0.034, "dist_km": 2.65, "node": "ASOMADA 400", "node_mw": 620, "osm_id": 778598404, "municipio": "Asomada"}, "geometry": {"type": "Polygon", "coordinates": [[[-0.98737, 37.64528], [-0.9873, 37.64518], [-0.98705, 37.6453], [-0.98705, 37.64534], [-0.9871, 37.64541], [-0.98737, 37.64528]]]}}, {"type": "Feature", "properties": {"area_ha": 0.004, "dist_km": 2.503, "node": "ASOMADA 400", "node_mw": 620, "osm_id": 778598405, "municipio": "Asomada"}, "geometry": {"type": "Polygon", "coordinates": [[[-0.98567, 37.6448], [-0.98567, 37.64473], [-0.98561, 37.64474], [-0.98562, 37.6448], [-0.98567, 37.6448]]]}}, {"type": "Feature", "properties": {"area_ha": 0.063, "dist_km": 2.553, "node": "ASOMADA 400", "node_mw": 620, "osm_id": 778598413, "municipio": "Asomada"}, "geometry": {"type": "Polygon", "coordinates": [[[-0.98542, 37.64642], [-0.98544, 37.64634], [-0.9847, 37.64624], [-0.98468, 37.64632], [-0.98542, 37.64642]]]}}, {"type": "Feature", "properties": {"area_ha": 0.264, "dist_km": 2.521, "node": "ASOMADA 400", "node_mw": 620, "osm_id": 778598414, "municipio": "Asomada"}, "geometry": {"type": "Polygon", "coordinates": [[[-0.98544, 37.64634], [-0.98549, 37.64607], [-0.98455, 37.64594], [-0.98455, 37.64595], [-0.98453, 37.64595], [-0.98448, 37.6462], [-0.98544, 37.64634]]]}}, {"type": "Feature", "properties": {"area_ha": 0.29, "dist_km": 2.678, "node": "ASOMADA 400", "node_mw": 620, "osm_id": 778598423, "municipio": "Asomada"}, "geometry": {"type": "Polygon", "coordinates": [[[-0.98401, 37.64985], [-0.9842, 37.64945], [-0.98379, 37.64933], [-0.98383, 37.64925], [-0.98348, 37.64914], [-0.98341, 37.64913], [-0.9835, 37.64946], [-0.98362, 37.6495], [-0.98357, 37.64957], [-0.98364, 37.6497], [-0.98379, 37.64982], [-0.9838, 37.64978], [-0.98401, 37.64985]]]}}, {"type": "Feature", "properties": {"area_ha": 0.722, "dist_km": 2.771, "node": "ASOMADA 400", "node_mw": 620, "osm_id": 893908654, "municipio": "Asomada"}, "geometry": {"type": "Polygon", "coordinates": [[[-0.92977, 37.63704], [-0.92925, 37.63653], [-0.92946, 37.63638], [-0.92934, 37.63627], [-0.92939, 37.63624], [-0.92957, 37.63612], [-0.92995, 37.63587], [-0.93007, 37.63599], [-0.93011, 37.63596], [-0.93049, 37.63633], [-0.93036, 37.63641], [-0.9304, 37.63645], [-0.92988, 37.63678], [-0.92999, 37.6369], [-0.92977, 37.63704]]]}}, {"type": "Feature", "properties": {"area_ha": 0.555, "dist_km": 2.785, "node": "LOMBA 220", "node_mw": 602, "osm_id": 61593105, "municipio": "Lomba"}, "geometry": {"type": "Polygon", "coordinates": [[[-6.64378, 42.56542], [-6.64295, 42.56529], [-6.64299, 42.56462], [-6.64403, 42.56484], [-6.64378, 42.56542]]]}}, {"type": "Feature", "properties": {"area_ha": 0.104, "dist_km": 2.993, "node": "LOMBA 220", "node_mw": 602, "osm_id": 88259482, "municipio": "Lomba"}, "geometry": {"type": "Polygon", "coordinates": [[[-6.60794, 42.56184], [-6.60745, 42.56182], [-6.60747, 42.5615], [-6.60772, 42.5615], [-6.60771, 42.56171], [-6.60796, 42.56172], [-6.60794, 42.56184]]]}}, {"type": "Feature", "properties": {"area_ha": 0.597, "dist_km": 3.055, "node": "LOMBA 220", "node_mw": 602, "osm_id": 88259484, "municipio": "Lomba"}, "geometry": {"type": "Polygon", "coordinates": [[[-6.6072, 42.56196], [-6.60646, 42.56192], [-6.60666, 42.56153], [-6.60669, 42.56127], [-6.60663, 42.56126], [-6.6066, 42.5609], [-6.60729, 42.56094], [-6.6072, 42.56196]]]}}, {"type": "Feature", "properties": {"area_ha": 6.598, "dist_km": 2.611, "node": "LOMBA 220", "node_mw": 602, "osm_id": 203936100, "municipio": "Lomba"}, "geometry": {"type": "Polygon", "coordinates": [[[-6.64121, 42.56725], [-6.64152, 42.56641], [-6.64181, 42.56558], [-6.64203, 42.56483], [-6.64214, 42.56446], [-6.64101, 42.56427], [-6.64072, 42.56473], [-6.63988, 42.56462], [-6.63916, 42.5647], [-6.63896, 42.56512], [-6.63815, 42.56493], [-6.6379, 42.56491], [-6.638, 42.56536], [-6.63801, 42.56584], [-6.64107, 42.56718], [-6.64121, 42.56725]]]}}, {"type": "Feature", "properties": {"area_ha": 0.396, "dist_km": 3.011, "node": "LOMBA 220", "node_mw": 602, "osm_id": 328553477, "municipio": "Lomba"}, "geometry": {"type": "Polygon", "coordinates": [[[-6.60548, 42.56279], [-6.60461, 42.56277], [-6.60447, 42.56245], [-6.60485, 42.56238], [-6.60486, 42.56238], [-6.60553, 42.56227], [-6.60557, 42.5624], [-6.60564, 42.56244], [-6.60556, 42.56262], [-6.60549, 42.56262], [-6.60548, 42.56279]]]}}, {"type": "Feature", "properties": {"area_ha": 2.211, "dist_km": 2.353, "node": "LOMBA 220", "node_mw": 602, "osm_id": 332216282, "municipio": "Lomba"}, "geometry": {"type": "Polygon", "coordinates": [[[-6.59947, 42.59746], [-6.59925, 42.59785], [-6.60054, 42.59855], [-6.60122, 42.5982], [-6.60207, 42.59868], [-6.60228, 42.59837], [-6.60127, 42.59783], [-6.60142, 42.59768], [-6.59992, 42.59686], [-6.59975, 42.59704], [-6.59956, 42.59724], [-6.59947, 42.59746]]]}}, {"type": "Feature", "properties": {"area_ha": 0.081, "dist_km": 3.021, "node": "LOMBA 220", "node_mw": 602, "osm_id": 337262162, "municipio": "Lomba"}, "geometry": {"type": "Polygon", "coordinates": [[[-6.60892, 42.56116], [-6.60833, 42.56113], [-6.60834, 42.56098], [-6.60895, 42.56101], [-6.60892, 42.56116]]]}}, {"type": "Feature", "properties": {"area_ha": 3.069, "dist_km": 2.611, "node": "LOMBA 220", "node_mw": 602, "osm_id": 344117515, "municipio": "Lomba"}, "geometry": {"type": "Polygon", "coordinates": [[[-6.60849, 42.56709], [-6.60853, 42.56702], [-6.60872, 42.56667], [-6.60907, 42.56676], [-6.60921, 42.56642], [-6.6085, 42.56628], [-6.60859, 42.56604], [-6.60814, 42.56597], [-6.60827, 42.56558], [-6.60768, 42.56549], [-6.60706, 42.56542], [-6.60716, 42.56507], [-6.60609, 42.56499], [-6.60594, 42.56499], [-6.60551, 42.56508], [-6.60558, 42.56525], [-6.60559, 42.56527], [-6.60564, 42.56539], [-6.60569, 42.56551], [-6.60642, 42.56562], [-6.60686, 42.5657], [-6.60685, 42.56574], [-6.60695, 42.56576], [-6.60692, 42.56587], [-6.60691, 42.56591], [-6.60688, 42.56597], [-6.60668, 42.56628], [-6.60643, 42.56621], [-6.60657, 42.56656], [-6.60849, 42.56709]]]}}, {"type": "Feature", "properties": {"area_ha": 0.072, "dist_km": 2.522, "node": "LOMBA 220", "node_mw": 602, "osm_id": 346515697, "municipio": "Lomba"}, "geometry": {"type": "Polygon", "coordinates": [[[-6.64097, 42.56698], [-6.64083, 42.56692], [-6.64105, 42.56642], [-6.64118, 42.56648], [-6.64097, 42.56698]]]}}, {"type": "Feature", "properties": {"area_ha": 0.085, "dist_km": 2.519, "node": "LOMBA 220", "node_mw": 602, "osm_id": 346515699, "municipio": "Lomba"}, "geometry": {"type": "Polygon", "coordinates": [[[-6.64074, 42.56687], [-6.64057, 42.5668], [-6.64075, 42.56636], [-6.64094, 42.5664], [-6.64074, 42.56687]]]}}, {"type": "Feature", "properties": {"area_ha": 0.343, "dist_km": 2.719, "node": "LOMBA 220", "node_mw": 602, "osm_id": 346515704, "municipio": "Lomba"}, "geometry": {"type": "Polygon", "coordinates": [[[-6.64163, 42.56511], [-6.64095, 42.56497], [-6.64115, 42.56446], [-6.64184, 42.5646], [-6.64163, 42.56511]]]}}, {"type": "Feature", "properties": {"area_ha": 0.173, "dist_km": 2.334, "node": "LOMBA 220", "node_mw": 602, "osm_id": 346515708, "municipio": "Lomba"}, "geometry": {"type": "Polygon", "coordinates": [[[-6.63312, 42.56606], [-6.6328, 42.566], [-6.63301, 42.56544], [-6.63333, 42.56551], [-6.63312, 42.56606]]]}}, {"type": "Feature", "properties": {"area_ha": 0.069, "dist_km": 2.783, "node": "LOMBA 220", "node_mw": 602, "osm_id": 346515712, "municipio": "Lomba"}, "geometry": {"type": "Polygon", "coordinates": [[[-6.64363, 42.56519], [-6.64315, 42.56509], [-6.64321, 42.56494], [-6.64327, 42.56495], [-6.64368, 42.56504], [-6.64363, 42.56519]]]}}, {"type": "Feature", "properties": {"area_ha": 0.029, "dist_km": 2.792, "node": "LOMBA 220", "node_mw": 602, "osm_id": 346515717, "municipio": "Lomba"}, "geometry": {"type": "Polygon", "coordinates": [[[-6.64341, 42.56488], [-6.6433, 42.56486], [-6.64327, 42.56495], [-6.64321, 42.56494], [-6.64311, 42.56493], [-6.64316, 42.56477], [-6.64343, 42.56483], [-6.64341, 42.56488]]]}}, {"type": "Feature", "properties": {"area_ha": 0.236, "dist_km": 2.95, "node": "LOMBA 220", "node_mw": 602, "osm_id": 449606818, "municipio": "Lomba"}, "geometry": {"type": "Polygon", "coordinates": [[[-6.62037, 42.55892], [-6.62029, 42.55903], [-6.62035, 42.55905], [-6.61999, 42.55961], [-6.62018, 42.55976], [-6.62016, 42.5598], [-6.61991, 42.55961], [-6.6197, 42.55944], [-6.62013, 42.55883], [-6.62037, 42.55892]]]}}, {"type": "Feature", "properties": {"area_ha": 0.341, "dist_km": 2.397, "node": "LOMBA 220", "node_mw": 602, "osm_id": 449608216, "municipio": "Lomba"}, "geometry": {"type": "Polygon", "coordinates": [[[-6.64493, 42.57012], [-6.64464, 42.57046], [-6.64396, 42.57017], [-6.64402, 42.5701], [-6.6439, 42.57005], [-6.64402, 42.56989], [-6.64408, 42.56991], [-6.64417, 42.5698], [-6.64414, 42.56978], [-6.64419, 42.56973], [-6.64426, 42.56977], [-6.64424, 42.56979], [-6.64493, 42.57012]]]}}, {"type": "Feature", "properties": {"area_ha": 0.027, "dist_km": 2.474, "node": "LOMBA 220", "node_mw": 602, "osm_id": 449608218, "municipio": "Lomba"}, "geometry": {"type": "Polygon", "coordinates": [[[-6.63513, 42.56483], [-6.63498, 42.56502], [-6.63508, 42.56507], [-6.63525, 42.56488], [-6.63513, 42.56483]]]}}, {"type": "Feature", "properties": {"area_ha": 0.062, "dist_km": 2.531, "node": "LOMBA 220", "node_mw": 602, "osm_id": 449608225, "municipio": "Lomba"}, "geometry": {"type": "Polygon", "coordinates": [[[-6.63595, 42.56447], [-6.63574, 42.56458], [-6.63562, 42.56472], [-6.63591, 42.56483], [-6.63598, 42.56447], [-6.63595, 42.56447]]]}}, {"type": "Feature", "properties": {"area_ha": 0.12, "dist_km": 2.435, "node": "LOMBA 220", "node_mw": 602, "osm_id": 449608226, "municipio": "Lomba"}, "geometry": {"type": "Polygon", "coordinates": [[[-6.64052, 42.5672], [-6.64014, 42.56704], [-6.63994, 42.5673], [-6.64031, 42.56746], [-6.64052, 42.5672]]]}}, {"type": "Feature", "properties": {"area_ha": 0.307, "dist_km": 2.534, "node": "LOMBA 220", "node_mw": 602, "osm_id": 501817810, "municipio": "Lomba"}, "geometry": {"type": "Polygon", "coordinates": [[[-6.6389, 42.56531], [-6.63853, 42.56577], [-6.63846, 42.56574], [-6.63842, 42.56579], [-6.63819, 42.56582], [-6.63812, 42.56567], [-6.63817, 42.56561], [-6.63815, 42.56561], [-6.63816, 42.56559], [-6.63812, 42.56557], [-6.63825, 42.5654], [-6.63813, 42.56535], [-6.6383, 42.56515], [-6.63838, 42.56518], [-6.63847, 42.56507], [-6.63855, 42.56511], [-6.6385, 42.56517], [-6.63868, 42.56525], [-6.63871, 42.56523], [-6.6389, 42.56531]]]}}, {"type": "Feature", "properties": {"area_ha": 0.011, "dist_km": 2.809, "node": "LOMBA 220", "node_mw": 602, "osm_id": 543405127, "municipio": "Lomba"}, "geometry": {"type": "Polygon", "coordinates": [[[-6.6058, 42.56436], [-6.6058, 42.56429], [-6.60599, 42.56431], [-6.60599, 42.56437], [-6.6058, 42.56436]]]}}, {"type": "Feature", "properties": {"area_ha": 0.279, "dist_km": 3.038, "node": "LOMBA 220", "node_mw": 602, "osm_id": 543546597, "municipio": "Lomba"}, "geometry": {"type": "Polygon", "coordinates": [[[-6.6168, 42.55935], [-6.61666, 42.55928], [-6.61678, 42.55916], [-6.61675, 42.55914], [-6.61682, 42.55907], [-6.61684, 42.55909], [-6.61691, 42.55903], [-6.61678, 42.55895], [-6.61668, 42.55905], [-6.61661, 42.55902], [-6.61716, 42.55845], [-6.61723, 42.55848], [-6.61719, 42.55853], [-6.61733, 42.5586], [-6.61736, 42.55856], [-6.6175, 42.55864], [-6.6168, 42.55935]]]}}, {"type": "Feature", "properties": {"area_ha": 0.013, "dist_km": 2.961, "node": "LOMBA 220", "node_mw": 602, "osm_id": 543546695, "municipio": "Lomba"}, "geometry": {"type": "Polygon", "coordinates": [[[-6.61825, 42.55938], [-6.61833, 42.55941], [-6.61825, 42.55953], [-6.61816, 42.5595], [-6.61824, 42.55938], [-6.61825, 42.55938]]]}}, {"type": "Feature", "properties": {"area_ha": 0.052, "dist_km": 2.768, "node": "LOMBA 220", "node_mw": 602, "osm_id": 543547988, "municipio": "Lomba"}, "geometry": {"type": "Polygon", "coordinates": [[[-6.62274, 42.56097], [-6.62285, 42.56065], [-6.62302, 42.56069], [-6.62291, 42.56101], [-6.62274, 42.56097]]]}}, {"type": "Feature", "properties": {"area_ha": 0.08, "dist_km": 2.987, "node": "LOMBA 220", "node_mw": 602, "osm_id": 543547990, "municipio": "Lomba"}, "geometry": {"type": "Polygon", "coordinates": [[[-6.6199, 42.55873], [-6.62002, 42.55878], [-6.61959, 42.55936], [-6.61948, 42.55928], [-6.6199, 42.55873]]]}}, {"type": "Feature", "properties": {"area_ha": 0.036, "dist_km": 2.857, "node": "LOMBA 220", "node_mw": 602, "osm_id": 543560266, "municipio": "Lomba"}, "geometry": {"type": "Polygon", "coordinates": [[[-6.6135, 42.56141], [-6.61338, 42.56138], [-6.61353, 42.56108], [-6.61364, 42.56111], [-6.6135, 42.56141]]]}}, {"type": "Feature", "properties": {"area_ha": 0.159, "dist_km": 2.79, "node": "LOMBA 220", "node_mw": 602, "osm_id": 543560274, "municipio": "Lomba"}, "geometry": {"type": "Polygon", "coordinates": [[[-6.61349, 42.56153], [-6.61372, 42.56161], [-6.61357, 42.56192], [-6.61341, 42.56223], [-6.61317, 42.56215], [-6.61349, 42.56153]]]}}, {"type": "Feature", "properties": {"area_ha": 0.051, "dist_km": 2.758, "node": "LOMBA 220", "node_mw": 602, "osm_id": 543560283, "municipio": "Lomba"}, "geometry": {"type": "Polygon", "coordinates": [[[-6.62594, 42.56112], [-6.62576, 42.56106], [-6.62587, 42.56087], [-6.62589, 42.56088], [-6.62595, 42.56079], [-6.6261, 42.56085], [-6.62594, 42.56112]]]}}, {"type": "Feature", "properties": {"area_ha": 0.028, "dist_km": 2.732, "node": "LOMBA 220", "node_mw": 602, "osm_id": 543560285, "municipio": "Lomba"}, "geometry": {"type": "Polygon", "coordinates": [[[-6.62576, 42.56106], [-6.62594, 42.56112], [-6.62585, 42.56126], [-6.62567, 42.56121], [-6.6257, 42.56116], [-6.62576, 42.56106]]]}}, {"type": "Feature", "properties": {"area_ha": 0.029, "dist_km": 2.657, "node": "LOMBA 220", "node_mw": 602, "osm_id": 564397523, "municipio": "Lomba"}, "geometry": {"type": "Polygon", "coordinates": [[[-6.65109, 42.57239], [-6.65088, 42.57231], [-6.65088, 42.57231], [-6.65091, 42.57227], [-6.65095, 42.57223], [-6.65102, 42.57226], [-6.65105, 42.57222], [-6.65113, 42.57226], [-6.65118, 42.5722], [-6.65123, 42.57222], [-6.65109, 42.57239]]]}}, {"type": "Feature", "properties": {"area_ha": 0.019, "dist_km": 2.645, "node": "LOMBA 220", "node_mw": 602, "osm_id": 564397524, "municipio": "Lomba"}, "geometry": {"type": "Polygon", "coordinates": [[[-6.65067, 42.57222], [-6.65075, 42.57213], [-6.65089, 42.57219], [-6.65085, 42.57224], [-6.65091, 42.57227], [-6.65088, 42.57231], [-6.65088, 42.57231], [-6.65067, 42.57222]]]}}, {"type": "Feature", "properties": {"area_ha": 0.025, "dist_km": 2.766, "node": "LOMBA 220", "node_mw": 602, "osm_id": 564397532, "municipio": "Lomba"}, "geometry": {"type": "Polygon", "coordinates": [[[-6.65352, 42.57332], [-6.65371, 42.5734], [-6.65363, 42.57351], [-6.65344, 42.57343], [-6.6535, 42.57335], [-6.65352, 42.57332]]]}}, {"type": "Feature", "properties": {"area_ha": 0.025, "dist_km": 2.755, "node": "LOMBA 220", "node_mw": 602, "osm_id": 564397533, "municipio": "Lomba"}, "geometry": {"type": "Polygon", "coordinates": [[[-6.65328, 42.57325], [-6.6535, 42.57335], [-6.65344, 42.57343], [-6.65343, 42.57344], [-6.65321, 42.57334], [-6.65328, 42.57325]]]}}, {"type": "Feature", "properties": {"area_ha": 0.023, "dist_km": 2.802, "node": "LOMBA 220", "node_mw": 602, "osm_id": 564397536, "municipio": "Lomba"}, "geometry": {"type": "Polygon", "coordinates": [[[-6.65423, 42.57372], [-6.65411, 42.57367], [-6.65423, 42.5735], [-6.65434, 42.57355], [-6.65423, 42.57372]]]}}, {"type": "Feature", "properties": {"area_ha": 0.061, "dist_km": 2.734, "node": "LOMBA 220", "node_mw": 602, "osm_id": 564397549, "municipio": "Lomba"}, "geometry": {"type": "Polygon", "coordinates": [[[-6.65134, 42.57165], [-6.65152, 42.57141], [-6.65173, 42.57149], [-6.65161, 42.57165], [-6.65154, 42.57174], [-6.65134, 42.57165]]]}}, {"type": "Feature", "properties": {"area_ha": 0.091, "dist_km": 2.593, "node": "LOMBA 220", "node_mw": 602, "osm_id": 564410521, "municipio": "Lomba"}, "geometry": {"type": "Polygon", "coordinates": [[[-6.64879, 42.57138], [-6.6491, 42.571], [-6.64929, 42.57108], [-6.64898, 42.57146], [-6.64879, 42.57138]]]}}, {"type": "Feature", "properties": {"area_ha": 0.115, "dist_km": 2.632, "node": "LOMBA 220", "node_mw": 602, "osm_id": 564410528, "municipio": "Lomba"}, "geometry": {"type": "Polygon", "coordinates": [[[-6.64993, 42.57189], [-6.65012, 42.57165], [-6.65004, 42.57162], [-6.65006, 42.57159], [-6.64995, 42.57155], [-6.65004, 42.57143], [-6.65041, 42.5716], [-6.65012, 42.57197], [-6.64993, 42.57189]]]}}, {"type": "Feature", "properties": {"area_ha": 0.061, "dist_km": 2.626, "node": "LOMBA 220", "node_mw": 602, "osm_id": 564410530, "municipio": "Lomba"}, "geometry": {"type": "Polygon", "coordinates": [[[-6.64992, 42.57136], [-6.64999, 42.57139], [-6.65005, 42.57142], [-6.65004, 42.57143], [-6.64995, 42.57155], [-6.64975, 42.5718], [-6.64962, 42.57174], [-6.64967, 42.57168], [-6.6497, 42.57164], [-6.64975, 42.57158], [-6.64976, 42.57157], [-6.64986, 42.57144], [-6.6499, 42.5714], [-6.64991, 42.57137], [-6.64992, 42.57136]]]}}, {"type": "Feature", "properties": {"area_ha": 0.35, "dist_km": 2.708, "node": "LOMBA 220", "node_mw": 602, "osm_id": 716760259, "municipio": "Lomba"}, "geometry": {"type": "Polygon", "coordinates": [[[-6.60705, 42.56545], [-6.60618, 42.56531], [-6.60605, 42.56529], [-6.60603, 42.56529], [-6.606, 42.56521], [-6.60603, 42.56521], [-6.60603, 42.56515], [-6.60591, 42.56513], [-6.60595, 42.56501], [-6.60601, 42.56501], [-6.606, 42.56504], [-6.60606, 42.56505], [-6.60607, 42.56503], [-6.60607, 42.56501], [-6.60692, 42.56506], [-6.60716, 42.56507], [-6.60706, 42.56542], [-6.60718, 42.56544], [-6.60717, 42.56547], [-6.60705, 42.56545]]]}}, {"type": "Feature", "properties": {"area_ha": 0.087, "dist_km": 2.611, "node": "LOMBA 220", "node_mw": 602, "osm_id": 716760260, "municipio": "Lomba"}, "geometry": {"type": "Polygon", "coordinates": [[[-6.60692, 42.56587], [-6.60695, 42.56576], [-6.60697, 42.56571], [-6.60723, 42.56576], [-6.60731, 42.56577], [-6.60729, 42.56583], [-6.60735, 42.56583], [-6.60757, 42.56587], [-6.60753, 42.566], [-6.60692, 42.56587]]]}}, {"type": "Feature", "properties": {"area_ha": 0.005, "dist_km": 2.634, "node": "LOMBA 220", "node_mw": 602, "osm_id": 716760262, "municipio": "Lomba"}, "geometry": {"type": "Polygon", "coordinates": [[[-6.60695, 42.56576], [-6.60685, 42.56574], [-6.60686, 42.5657], [-6.60697, 42.56571], [-6.60695, 42.56576]]]}}, {"type": "Feature", "properties": {"area_ha": 0.041, "dist_km": 2.68, "node": "LOMBA 220", "node_mw": 602, "osm_id": 716760263, "municipio": "Lomba"}, "geometry": {"type": "Polygon", "coordinates": [[[-6.60597, 42.56562], [-6.60594, 42.56563], [-6.6059, 42.56554], [-6.60611, 42.56558], [-6.60616, 42.56558], [-6.60642, 42.56562], [-6.60639, 42.56573], [-6.60598, 42.56564], [-6.60597, 42.56562]]]}}, {"type": "Feature", "properties": {"area_ha": 0.308, "dist_km": 2.668, "node": "LOMBA 220", "node_mw": 602, "osm_id": 716760264, "municipio": "Lomba"}, "geometry": {"type": "Polygon", "coordinates": [[[-6.60615, 42.56542], [-6.60608, 42.56541], [-6.60604, 42.5653], [-6.60605, 42.56529], [-6.60618, 42.56531], [-6.60705, 42.56545], [-6.60717, 42.56547], [-6.60738, 42.56551], [-6.60731, 42.56577], [-6.60723, 42.56576], [-6.60697, 42.56571], [-6.60686, 42.5657], [-6.60642, 42.56562], [-6.60616, 42.56558], [-6.60611, 42.56547], [-6.60614, 42.56547], [-6.60615, 42.56542]]]}}, {"type": "Feature", "properties": {"area_ha": 0.009, "dist_km": 2.722, "node": "LOMBA 220", "node_mw": 602, "osm_id": 716760265, "municipio": "Lomba"}, "geometry": {"type": "Polygon", "coordinates": [[[-6.60595, 42.56531], [-6.60587, 42.56533], [-6.60583, 42.56522], [-6.60591, 42.5652], [-6.60595, 42.56531]]]}}, {"type": "Feature", "properties": {"area_ha": 0.085, "dist_km": 2.611, "node": "LOMBA 220", "node_mw": 602, "osm_id": 716760266, "municipio": "Lomba"}, "geometry": {"type": "Polygon", "coordinates": [[[-6.60735, 42.56583], [-6.60729, 42.56583], [-6.60731, 42.56577], [-6.60738, 42.56551], [-6.60767, 42.56556], [-6.60757, 42.56587], [-6.60735, 42.56583]]]}}, {"type": "Feature", "properties": {"area_ha": 0.044, "dist_km": 2.932, "node": "LOMBA 220", "node_mw": 602, "osm_id": 719695192, "municipio": "Lomba"}, "geometry": {"type": "Polygon", "coordinates": [[[-6.60674, 42.56264], [-6.60653, 42.56258], [-6.60638, 42.56284], [-6.60638, 42.56285], [-6.60642, 42.56286], [-6.60647, 42.56278], [-6.60653, 42.5628], [-6.60654, 42.56279], [-6.60663, 42.56282], [-6.60674, 42.56264]]]}}, {"type": "Feature", "properties": {"area_ha": 0.105, "dist_km": 2.956, "node": "LOMBA 220", "node_mw": 602, "osm_id": 719695201, "municipio": "Lomba"}, "geometry": {"type": "Polygon", "coordinates": [[[-6.60655, 42.56256], [-6.60653, 42.56258], [-6.60638, 42.56284], [-6.60622, 42.56279], [-6.60657, 42.5622], [-6.60676, 42.5622], [-6.60655, 42.56256]]]}}, {"type": "Feature", "properties": {"area_ha": 0.007, "dist_km": 2.975, "node": "LOMBA 220", "node_mw": 602, "osm_id": 719695202, "municipio": "Lomba"}, "geometry": {"type": "Polygon", "coordinates": [[[-6.60679, 42.56215], [-6.6069, 42.56215], [-6.60689, 42.56223], [-6.60689, 42.56224], [-6.60685, 42.56223], [-6.60686, 42.56221], [-6.60677, 42.5622], [-6.60677, 42.56218], [-6.60679, 42.56215]]]}}, {"type": "Feature", "properties": {"area_ha": 0.019, "dist_km": 2.976, "node": "LOMBA 220", "node_mw": 602, "osm_id": 719695208, "municipio": "Lomba"}, "geometry": {"type": "Polygon", "coordinates": [[[-6.60848, 42.56159], [-6.60846, 42.56166], [-6.60818, 42.56165], [-6.60819, 42.56158], [-6.60848, 42.56159]]]}}, {"type": "Feature", "properties": {"area_ha": 0.004, "dist_km": 2.62, "node": "LOMBA 220", "node_mw": 602, "osm_id": 719929515, "municipio": "Lomba"}, "geometry": {"type": "Polygon", "coordinates": [[[-6.60627, 42.56615], [-6.60629, 42.56611], [-6.60639, 42.56614], [-6.60637, 42.56618], [-6.60635, 42.56618], [-6.60627, 42.56615]]]}}, {"type": "Feature", "properties": {"area_ha": 0.033, "dist_km": 2.616, "node": "LOMBA 220", "node_mw": 602, "osm_id": 719929517, "municipio": "Lomba"}, "geometry": {"type": "Polygon", "coordinates": [[[-6.60643, 42.56638], [-6.60624, 42.56633], [-6.60617, 42.56617], [-6.60617, 42.56613], [-6.60627, 42.56615], [-6.60635, 42.56618], [-6.60643, 42.56638]]]}}, {"type": "Feature", "properties": {"area_ha": 0.053, "dist_km": 2.5, "node": "LOMBA 220", "node_mw": 602, "osm_id": 719929518, "municipio": "Lomba"}, "geometry": {"type": "Polygon", "coordinates": [[[-6.60796, 42.56663], [-6.60803, 42.56649], [-6.60804, 42.56648], [-6.60816, 42.56651], [-6.60815, 42.56652], [-6.60794, 42.56693], [-6.60782, 42.5669], [-6.60796, 42.56663]]]}}, {"type": "Feature", "properties": {"area_ha": 0.428, "dist_km": 2.505, "node": "LOMBA 220", "node_mw": 602, "osm_id": 719929519, "municipio": "Lomba"}, "geometry": {"type": "Polygon", "coordinates": [[[-6.60837, 42.56656], [-6.6083, 42.56654], [-6.60816, 42.56651], [-6.60804, 42.56648], [-6.60803, 42.56649], [-6.60796, 42.56663], [-6.60791, 42.56662], [-6.6075, 42.56651], [-6.60764, 42.56637], [-6.6077, 42.56639], [-6.60775, 42.5663], [-6.60783, 42.56615], [-6.60918, 42.56645], [-6.60904, 42.56674], [-6.60873, 42.56666], [-6.6086, 42.56662], [-6.60844, 42.56658], [-6.60837, 42.56656]]]}}, {"type": "Feature", "properties": {"area_ha": 0.24, "dist_km": 2.589, "node": "LOMBA 220", "node_mw": 602, "osm_id": 719929520, "municipio": "Lomba"}, "geometry": {"type": "Polygon", "coordinates": [[[-6.60691, 42.56591], [-6.60751, 42.56607], [-6.60731, 42.56645], [-6.60668, 42.56628], [-6.60688, 42.56597], [-6.60691, 42.56591]]]}}, {"type": "Feature", "properties": {"area_ha": 0.016, "dist_km": 2.553, "node": "LOMBA 220", "node_mw": 602, "osm_id": 719929521, "municipio": "Lomba"}, "geometry": {"type": "Polygon", "coordinates": [[[-6.60776, 42.5662], [-6.60767, 42.56618], [-6.60772, 42.56612], [-6.60783, 42.56615], [-6.60775, 42.5663], [-6.60765, 42.56627], [-6.60769, 42.5662], [-6.60775, 42.56621], [-6.60776, 42.5662]]]}}, {"type": "Feature", "properties": {"area_ha": 0.125, "dist_km": 2.586, "node": "LOMBA 220", "node_mw": 602, "osm_id": 719929522, "municipio": "Lomba"}, "geometry": {"type": "Polygon", "coordinates": [[[-6.6081, 42.56602], [-6.60772, 42.56596], [-6.60782, 42.56561], [-6.60795, 42.56564], [-6.60791, 42.56573], [-6.60796, 42.56573], [-6.60798, 42.56564], [-6.60822, 42.56568], [-6.6081, 42.56602]]]}}, {"type": "Feature", "properties": {"area_ha": 0.06, "dist_km": 2.457, "node": "LOMBA 220", "node_mw": 602, "osm_id": 719929523, "municipio": "Lomba"}, "geometry": {"type": "Polygon", "coordinates": [[[-6.60849, 42.56709], [-6.60836, 42.56705], [-6.60838, 42.56702], [-6.60841, 42.56696], [-6.60859, 42.56664], [-6.6086, 42.56662], [-6.60873, 42.56666], [-6.60872, 42.56667], [-6.60853, 42.56702], [-6.60849, 42.56709]]]}}, {"type": "Feature", "properties": {"area_ha": 0.069, "dist_km": 2.465, "node": "LOMBA 220", "node_mw": 602, "osm_id": 719929525, "municipio": "Lomba"}, "geometry": {"type": "Polygon", "coordinates": [[[-6.60838, 42.56702], [-6.60836, 42.56705], [-6.60821, 42.56701], [-6.60823, 42.56697], [-6.60824, 42.56695], [-6.60843, 42.5666], [-6.60844, 42.56658], [-6.6086, 42.56662], [-6.60859, 42.56664], [-6.60841, 42.56696], [-6.60838, 42.56702]]]}}, {"type": "Feature", "properties": {"area_ha": 0.063, "dist_km": 2.476, "node": "LOMBA 220", "node_mw": 602, "osm_id": 719929526, "municipio": "Lomba"}, "geometry": {"type": "Polygon", "coordinates": [[[-6.60837, 42.56656], [-6.60844, 42.56658], [-6.60843, 42.5666], [-6.60824, 42.56695], [-6.60823, 42.56697], [-6.60821, 42.56701], [-6.60808, 42.56697], [-6.60809, 42.56695], [-6.60829, 42.56656], [-6.6083, 42.56654], [-6.60837, 42.56656]]]}}, {"type": "Feature", "properties": {"area_ha": 0.06, "dist_km": 2.485, "node": "LOMBA 220", "node_mw": 602, "osm_id": 719929527, "municipio": "Lomba"}, "geometry": {"type": "Polygon", "coordinates": [[[-6.60816, 42.56651], [-6.6083, 42.56654], [-6.60829, 42.56656], [-6.60809, 42.56695], [-6.60808, 42.56697], [-6.608, 42.56695], [-6.60794, 42.56693], [-6.60815, 42.56652], [-6.60816, 42.56651]]]}}, {"type": "Feature", "properties": {"area_ha": 0.101, "dist_km": 2.852, "node": "LOMBA 220", "node_mw": 602, "osm_id": 762295404, "municipio": "Lomba"}, "geometry": {"type": "Polygon", "coordinates": [[[-6.5985, 42.56852], [-6.59835, 42.56871], [-6.59815, 42.56863], [-6.5983, 42.56844], [-6.59848, 42.5682], [-6.59868, 42.56829], [-6.5985, 42.56852]]]}}, {"type": "Feature", "properties": {"area_ha": 0.013, "dist_km": 2.684, "node": "LOMBA 220", "node_mw": 602, "osm_id": 762295406, "municipio": "Lomba"}, "geometry": {"type": "Polygon", "coordinates": [[[-6.60052, 42.56881], [-6.60068, 42.56911], [-6.60064, 42.56912], [-6.60048, 42.56882], [-6.60052, 42.56881]]]}}, {"type": "Feature", "properties": {"area_ha": 0.324, "dist_km": 2.801, "node": "LOMBA 220", "node_mw": 602, "osm_id": 762295407, "municipio": "Lomba"}, "geometry": {"type": "Polygon", "coordinates": [[[-6.59871, 42.56891], [-6.59852, 42.56881], [-6.59859, 42.56873], [-6.59905, 42.56815], [-6.59943, 42.56831], [-6.59931, 42.56847], [-6.59922, 42.56859], [-6.59915, 42.56868], [-6.59899, 42.56889], [-6.59894, 42.56897], [-6.59891, 42.569], [-6.59871, 42.56891]]]}}, {"type": "Feature", "properties": {"area_ha": 0.121, "dist_km": 2.781, "node": "LOMBA 220", "node_mw": 602, "osm_id": 762295410, "municipio": "Lomba"}, "geometry": {"type": "Polygon", "coordinates": [[[-6.59942, 42.56867], [-6.59935, 42.56877], [-6.59918, 42.56898], [-6.59912, 42.56905], [-6.59894, 42.56897], [-6.59899, 42.56889], [-6.59915, 42.56868], [-6.59922, 42.56859], [-6.59931, 42.56847], [-6.59944, 42.56853], [-6.59947, 42.56848], [-6.59954, 42.56851], [-6.59942, 42.56867]]]}}, {"type": "Feature", "properties": {"area_ha": 0.003, "dist_km": 2.663, "node": "LOMBA 220", "node_mw": 602, "osm_id": 762295412, "municipio": "Lomba"}, "geometry": {"type": "Polygon", "coordinates": [[[-6.59903, 42.5705], [-6.59907, 42.57052], [-6.59903, 42.57057], [-6.59899, 42.57055], [-6.59903, 42.5705]]]}}, {"type": "Feature", "properties": {"area_ha": 0.002, "dist_km": 2.636, "node": "LOMBA 220", "node_mw": 602, "osm_id": 762295413, "municipio": "Lomba"}, "geometry": {"type": "Polygon", "coordinates": [[[-6.59977, 42.57029], [-6.59974, 42.57023], [-6.59978, 42.57022], [-6.59981, 42.57028], [-6.59977, 42.57029]]]}}, {"type": "Feature", "properties": {"area_ha": 0.006, "dist_km": 2.637, "node": "LOMBA 220", "node_mw": 602, "osm_id": 762295415, "municipio": "Lomba"}, "geometry": {"type": "Polygon", "coordinates": [[[-6.59988, 42.57011], [-6.59993, 42.57021], [-6.59987, 42.57022], [-6.59982, 42.57012], [-6.59988, 42.57011]]]}}, {"type": "Feature", "properties": {"area_ha": 0.002, "dist_km": 2.856, "node": "LOMBA 220", "node_mw": 602, "osm_id": 762295416, "municipio": "Lomba"}, "geometry": {"type": "Polygon", "coordinates": [[[-6.59869, 42.56816], [-6.59872, 42.56812], [-6.59876, 42.56814], [-6.59873, 42.56818], [-6.59869, 42.56816]]]}}, {"type": "Feature", "properties": {"area_ha": 0.009, "dist_km": 2.696, "node": "LOMBA 220", "node_mw": 602, "osm_id": 762295418, "municipio": "Lomba"}, "geometry": {"type": "Polygon", "coordinates": [[[-6.60066, 42.56887], [-6.60054, 42.5687], [-6.60058, 42.56868], [-6.60071, 42.56885], [-6.60066, 42.56887]]]}}, {"type": "Feature", "properties": {"area_ha": 0.009, "dist_km": 2.864, "node": "LOMBA 220", "node_mw": 602, "osm_id": 762295571, "municipio": "Lomba"}, "geometry": {"type": "Polygon", "coordinates": [[[-6.60349, 42.5648], [-6.60352, 42.56481], [-6.6035, 42.56483], [-6.60374, 42.56496], [-6.60372, 42.56498], [-6.60371, 42.56498], [-6.60345, 42.56484], [-6.60349, 42.5648]]]}}, {"type": "Feature", "properties": {"area_ha": 0.005, "dist_km": 2.754, "node": "LOMBA 220", "node_mw": 602, "osm_id": 762295576, "municipio": "Lomba"}, "geometry": {"type": "Polygon", "coordinates": [[[-6.60331, 42.56635], [-6.60323, 42.56631], [-6.60326, 42.56626], [-6.60335, 42.56631], [-6.60331, 42.56635]]]}}, {"type": "Feature", "properties": {"area_ha": 0.008, "dist_km": 2.847, "node": "LOMBA 220", "node_mw": 602, "osm_id": 762295650, "municipio": "Lomba"}, "geometry": {"type": "Polygon", "coordinates": [[[-6.60268, 42.56559], [-6.60278, 42.56547], [-6.60284, 42.56549], [-6.60274, 42.56561], [-6.6027, 42.5656], [-6.60268, 42.56559]]]}}, {"type": "Feature", "properties": {"area_ha": 0.0, "dist_km": 2.858, "node": "LOMBA 220", "node_mw": 602, "osm_id": 762295656, "municipio": "Lomba"}, "geometry": {"type": "Polygon", "coordinates": [[[-6.60221, 42.56573], [-6.60223, 42.56574], [-6.60221, 42.56576], [-6.60219, 42.56574], [-6.60221, 42.56573]]]}}, {"type": "Feature", "properties": {"area_ha": 0.003, "dist_km": 2.895, "node": "LOMBA 220", "node_mw": 602, "osm_id": 762295674, "municipio": "Lomba"}, "geometry": {"type": "Polygon", "coordinates": [[[-6.60336, 42.56462], [-6.60343, 42.56467], [-6.60341, 42.5647], [-6.60333, 42.56465], [-6.60336, 42.56462]]]}}, {"type": "Feature", "properties": {"area_ha": 0.005, "dist_km": 2.987, "node": "LOMBA 220", "node_mw": 602, "osm_id": 762295719, "municipio": "Lomba"}, "geometry": {"type": "Polygon", "coordinates": [[[-6.60087, 42.56501], [-6.60092, 42.56503], [-6.60088, 42.5651], [-6.60082, 42.56508], [-6.60087, 42.56501]]]}}, {"type": "Feature", "properties": {"area_ha": 0.002, "dist_km": 2.991, "node": "LOMBA 220", "node_mw": 602, "osm_id": 762295754, "municipio": "Lomba"}, "geometry": {"type": "Polygon", "coordinates": [[[-6.60094, 42.565], [-6.60089, 42.56496], [-6.60092, 42.56494], [-6.60096, 42.56497], [-6.60094, 42.565]]]}}, {"type": "Feature", "properties": {"area_ha": 0.007, "dist_km": 2.879, "node": "LOMBA 220", "node_mw": 602, "osm_id": 762295783, "municipio": "Lomba"}, "geometry": {"type": "Polygon", "coordinates": [[[-6.60059, 42.56647], [-6.60064, 42.56649], [-6.60057, 42.56661], [-6.60052, 42.56659], [-6.60058, 42.56651], [-6.60057, 42.5665], [-6.60059, 42.56647]]]}}, {"type": "Feature", "properties": {"area_ha": 0.001, "dist_km": 2.901, "node": "LOMBA 220", "node_mw": 602, "osm_id": 762295808, "municipio": "Lomba"}, "geometry": {"type": "Polygon", "coordinates": [[[-6.60091, 42.56607], [-6.60088, 42.56606], [-6.6009, 42.56601], [-6.60094, 42.56603], [-6.60091, 42.56607]]]}}, {"type": "Feature", "properties": {"area_ha": 0.005, "dist_km": 2.902, "node": "LOMBA 220", "node_mw": 602, "osm_id": 762295879, "municipio": "Lomba"}, "geometry": {"type": "Polygon", "coordinates": [[[-6.60096, 42.56599], [-6.60101, 42.56592], [-6.60105, 42.56592], [-6.60102, 42.56597], [-6.60104, 42.56598], [-6.60102, 42.56602], [-6.60096, 42.56599]]]}}, {"type": "Feature", "properties": {"area_ha": 0.112, "dist_km": 2.659, "node": "LOMBA 220", "node_mw": 602, "osm_id": 762331174, "municipio": "Lomba"}, "geometry": {"type": "Polygon", "coordinates": [[[-6.63249, 42.56223], [-6.63263, 42.56225], [-6.6324, 42.56293], [-6.63221, 42.56285], [-6.63249, 42.56223]]]}}, {"type": "Feature", "properties": {"area_ha": 0.155, "dist_km": 2.655, "node": "LOMBA 220", "node_mw": 602, "osm_id": 762331175, "municipio": "Lomba"}, "geometry": {"type": "Polygon", "coordinates": [[[-6.63284, 42.56228], [-6.63306, 42.56231], [-6.63279, 42.5631], [-6.6326, 42.56302], [-6.63284, 42.56228]]]}}, {"type": "Feature", "properties": {"area_ha": 0.143, "dist_km": 2.657, "node": "LOMBA 220", "node_mw": 602, "osm_id": 762331176, "municipio": "Lomba"}, "geometry": {"type": "Polygon", "coordinates": [[[-6.63263, 42.56225], [-6.63284, 42.56228], [-6.6326, 42.56302], [-6.6324, 42.56293], [-6.63263, 42.56225]]]}}, {"type": "Feature", "properties": {"area_ha": 0.002, "dist_km": 2.635, "node": "LOMBA 220", "node_mw": 602, "osm_id": 762331248, "municipio": "Lomba"}, "geometry": {"type": "Polygon", "coordinates": [[[-6.63094, 42.56252], [-6.63103, 42.56254], [-6.63102, 42.56256], [-6.63093, 42.56254], [-6.63094, 42.56252]]]}}, {"type": "Feature", "properties": {"area_ha": 0.008, "dist_km": 2.656, "node": "LOMBA 220", "node_mw": 602, "osm_id": 762331258, "municipio": "Lomba"}, "geometry": {"type": "Polygon", "coordinates": [[[-6.63052, 42.56226], [-6.63069, 42.56229], [-6.63074, 42.56229], [-6.63073, 42.56233], [-6.63054, 42.5623], [-6.6305, 42.56229], [-6.6305, 42.56226], [-6.63052, 42.56226]]]}}, {"type": "Feature", "properties": {"area_ha": 0.009, "dist_km": 2.97, "node": "LOMBA 220", "node_mw": 602, "osm_id": 762363536, "municipio": "Lomba"}, "geometry": {"type": "Polygon", "coordinates": [[[-6.62833, 42.55909], [-6.6284, 42.55909], [-6.62839, 42.55924], [-6.62832, 42.55924], [-6.62833, 42.55909]]]}}, {"type": "Feature", "properties": {"area_ha": 0.006, "dist_km": 2.957, "node": "LOMBA 220", "node_mw": 602, "osm_id": 762363540, "municipio": "Lomba"}, "geometry": {"type": "Polygon", "coordinates": [[[-6.62839, 42.55924], [-6.62839, 42.55933], [-6.62832, 42.55933], [-6.62832, 42.55924], [-6.62839, 42.55924]]]}}, {"type": "Feature", "properties": {"area_ha": 0.004, "dist_km": 2.945, "node": "LOMBA 220", "node_mw": 602, "osm_id": 762363596, "municipio": "Lomba"}, "geometry": {"type": "Polygon", "coordinates": [[[-6.62914, 42.55942], [-6.62914, 42.55943], [-6.62915, 42.55948], [-6.62915, 42.5595], [-6.62915, 42.55951], [-6.6291, 42.55951], [-6.62909, 42.55942], [-6.62914, 42.55942]]]}}, {"type": "Feature", "properties": {"area_ha": 0.007, "dist_km": 2.812, "node": "LOMBA 220", "node_mw": 602, "osm_id": 762363627, "municipio": "Lomba"}, "geometry": {"type": "Polygon", "coordinates": [[[-6.62998, 42.5607], [-6.63003, 42.5607], [-6.63004, 42.56084], [-6.62998, 42.56085], [-6.62998, 42.5607]]]}}, {"type": "Feature", "properties": {"area_ha": 0.003, "dist_km": 2.944, "node": "LOMBA 220", "node_mw": 602, "osm_id": 762363641, "municipio": "Lomba"}, "geometry": {"type": "Polygon", "coordinates": [[[-6.62898, 42.55943], [-6.62904, 42.55943], [-6.62904, 42.55949], [-6.62898, 42.55949], [-6.62898, 42.55943]]]}}, {"type": "Feature", "properties": {"area_ha": 0.004, "dist_km": 2.82, "node": "LOMBA 220", "node_mw": 602, "osm_id": 762363701, "municipio": "Lomba"}, "geometry": {"type": "Polygon", "coordinates": [[[-6.62967, 42.56064], [-6.62977, 42.56064], [-6.62977, 42.56068], [-6.62968, 42.56069], [-6.62967, 42.56064]]]}}, {"type": "Feature", "properties": {"area_ha": 0.003, "dist_km": 2.965, "node": "LOMBA 220", "node_mw": 602, "osm_id": 762363711, "municipio": "Lomba"}, "geometry": {"type": "Polygon", "coordinates": [[[-6.6298, 42.55933], [-6.62981, 42.55937], [-6.62974, 42.55938], [-6.62973, 42.55933], [-6.6298, 42.55933]]]}}, {"type": "Feature", "properties": {"area_ha": 0.065, "dist_km": 2.855, "node": "LOMBA 220", "node_mw": 602, "osm_id": 762369803, "municipio": "Lomba"}, "geometry": {"type": "Polygon", "coordinates": [[[-6.62622, 42.55995], [-6.62615, 42.56003], [-6.62614, 42.56004], [-6.62609, 42.5601], [-6.62599, 42.56027], [-6.62599, 42.56028], [-6.6258, 42.56019], [-6.62581, 42.56019], [-6.62598, 42.55997], [-6.62599, 42.55996], [-6.62604, 42.5599], [-6.62606, 42.55988], [-6.62622, 42.55995]]]}}, {"type": "Feature", "properties": {"area_ha": 0.007, "dist_km": 2.799, "node": "LOMBA 220", "node_mw": 602, "osm_id": 762369810, "municipio": "Lomba"}, "geometry": {"type": "Polygon", "coordinates": [[[-6.62705, 42.56057], [-6.62716, 42.56059], [-6.62714, 42.56066], [-6.62703, 42.56064], [-6.62705, 42.56057]]]}}, {"type": "Feature", "properties": {"area_ha": 0.005, "dist_km": 3.002, "node": "LOMBA 220", "node_mw": 602, "osm_id": 762450916, "municipio": "Lomba"}, "geometry": {"type": "Polygon", "coordinates": [[[-6.62325, 42.55871], [-6.62328, 42.55867], [-6.62338, 42.55872], [-6.62335, 42.55875], [-6.62325, 42.55871]]]}}, {"type": "Feature", "properties": {"area_ha": 0.024, "dist_km": 2.974, "node": "LOMBA 220", "node_mw": 602, "osm_id": 762450988, "municipio": "Lomba"}, "geometry": {"type": "Polygon", "coordinates": [[[-6.62344, 42.55897], [-6.62339, 42.55907], [-6.62316, 42.55897], [-6.62319, 42.55893], [-6.62323, 42.55888], [-6.62344, 42.55897]]]}}, {"type": "Feature", "properties": {"area_ha": 0.006, "dist_km": 3.001, "node": "LOMBA 220", "node_mw": 602, "osm_id": 762451065, "municipio": "Lomba"}, "geometry": {"type": "Polygon", "coordinates": [[[-6.6235, 42.55866], [-6.62355, 42.55868], [-6.6235, 42.55875], [-6.62349, 42.55876], [-6.6234, 42.55873], [-6.62342, 42.5587], [-6.62345, 42.55872], [-6.6235, 42.55866]]]}}, {"type": "Feature", "properties": {"area_ha": 0.003, "dist_km": 2.989, "node": "LOMBA 220", "node_mw": 602, "osm_id": 762451107, "municipio": "Lomba"}, "geometry": {"type": "Polygon", "coordinates": [[[-6.62253, 42.55881], [-6.62257, 42.55883], [-6.62254, 42.55886], [-6.62253, 42.55888], [-6.62253, 42.55888], [-6.62248, 42.55886], [-6.62253, 42.55881]]]}}, {"type": "Feature", "properties": {"area_ha": 0.034, "dist_km": 2.982, "node": "LOMBA 220", "node_mw": 602, "osm_id": 762451203, "municipio": "Lomba"}, "geometry": {"type": "Polygon", "coordinates": [[[-6.62543, 42.55889], [-6.62542, 42.55893], [-6.62542, 42.55893], [-6.62539, 42.55906], [-6.62524, 42.55904], [-6.62528, 42.5589], [-6.62528, 42.5589], [-6.6253, 42.55881], [-6.6253, 42.5588], [-6.62545, 42.55882], [-6.62544, 42.55883], [-6.62543, 42.55888], [-6.62543, 42.55889]]]}}, {"type": "Feature", "properties": {"area_ha": 0.007, "dist_km": 2.958, "node": "LOMBA 220", "node_mw": 602, "osm_id": 762451212, "municipio": "Lomba"}, "geometry": {"type": "Polygon", "coordinates": [[[-6.62487, 42.55911], [-6.62489, 42.55906], [-6.62499, 42.55909], [-6.62503, 42.5591], [-6.62506, 42.5591], [-6.62505, 42.55914], [-6.62487, 42.55911]]]}}, {"type": "Feature", "properties": {"area_ha": 0.006, "dist_km": 2.95, "node": "LOMBA 220", "node_mw": 602, "osm_id": 762451290, "municipio": "Lomba"}, "geometry": {"type": "Polygon", "coordinates": [[[-6.62549, 42.55918], [-6.62552, 42.55915], [-6.62558, 42.55916], [-6.62568, 42.5592], [-6.62566, 42.55923], [-6.62558, 42.5592], [-6.62557, 42.5592], [-6.62549, 42.55918]]]}}, {"type": "Feature", "properties": {"area_ha": 0.06, "dist_km": 2.819, "node": "LOMBA 220", "node_mw": 602, "osm_id": 762452658, "municipio": "Lomba"}, "geometry": {"type": "Polygon", "coordinates": [[[-6.63197, 42.56092], [-6.632, 42.561], [-6.6315, 42.56108], [-6.63161, 42.56086], [-6.63197, 42.56092]]]}}, {"type": "Feature", "properties": {"area_ha": 0.005, "dist_km": 2.832, "node": "LOMBA 220", "node_mw": 602, "osm_id": 762452725, "municipio": "Lomba"}, "geometry": {"type": "Polygon", "coordinates": [[[-6.63194, 42.56083], [-6.63201, 42.56085], [-6.63198, 42.56091], [-6.6319, 42.5609], [-6.63194, 42.56083]]]}}, {"type": "Feature", "properties": {"area_ha": 0.009, "dist_km": 2.874, "node": "LOMBA 220", "node_mw": 602, "osm_id": 762452727, "municipio": "Lomba"}, "geometry": {"type": "Polygon", "coordinates": [[[-6.63152, 42.56038], [-6.6315, 42.56047], [-6.63139, 42.56045], [-6.63142, 42.56036], [-6.63152, 42.56038]]]}}, {"type": "Feature", "properties": {"area_ha": 0.034, "dist_km": 2.853, "node": "LOMBA 220", "node_mw": 602, "osm_id": 762452741, "municipio": "Lomba"}, "geometry": {"type": "Polygon", "coordinates": [[[-6.63368, 42.56102], [-6.63365, 42.56101], [-6.63362, 42.56105], [-6.63358, 42.56104], [-6.63366, 42.56094], [-6.63372, 42.56096], [-6.63386, 42.56099], [-6.63401, 42.56103], [-6.63397, 42.56112], [-6.63366, 42.56104], [-6.63368, 42.56102]]]}}, {"type": "Feature", "properties": {"area_ha": 0.007, "dist_km": 2.379, "node": "LOMBA 220", "node_mw": 602, "osm_id": 762557418, "municipio": "Lomba"}, "geometry": {"type": "Polygon", "coordinates": [[[-6.60736, 42.56823], [-6.60741, 42.56818], [-6.60751, 42.56822], [-6.60746, 42.56828], [-6.60736, 42.56823]]]}}, {"type": "Feature", "properties": {"area_ha": 0.005, "dist_km": 2.393, "node": "LOMBA 220", "node_mw": 602, "osm_id": 762557419, "municipio": "Lomba"}, "geometry": {"type": "Polygon", "coordinates": [[[-6.60755, 42.56796], [-6.60759, 42.56797], [-6.60761, 42.568], [-6.60759, 42.56803], [-6.60758, 42.56802], [-6.60755, 42.56801], [-6.60752, 42.56806], [-6.60749, 42.56805], [-6.60755, 42.56796]]]}}, {"type": "Feature", "properties": {"area_ha": 0.076, "dist_km": 2.43, "node": "LOMBA 220", "node_mw": 602, "osm_id": 762557426, "municipio": "Lomba"}, "geometry": {"type": "Polygon", "coordinates": [[[-6.60824, 42.56731], [-6.60801, 42.56761], [-6.60784, 42.56754], [-6.60786, 42.56751], [-6.6079, 42.56746], [-6.60795, 42.56737], [-6.60805, 42.56723], [-6.60808, 42.56718], [-6.60825, 42.56725], [-6.60828, 42.56726], [-6.60824, 42.56731]]]}}, {"type": "Feature", "properties": {"area_ha": 0.008, "dist_km": 2.43, "node": "LOMBA 220", "node_mw": 602, "osm_id": 762557432, "municipio": "Lomba"}, "geometry": {"type": "Polygon", "coordinates": [[[-6.6077, 42.56742], [-6.60783, 42.56749], [-6.60786, 42.56751], [-6.60784, 42.56754], [-6.60783, 42.56755], [-6.60767, 42.56746], [-6.6077, 42.56742]]]}}, {"type": "Feature", "properties": {"area_ha": 0.004, "dist_km": 2.36, "node": "LOMBA 220", "node_mw": 602, "osm_id": 762557448, "municipio": "Lomba"}, "geometry": {"type": "Polygon", "coordinates": [[[-6.61221, 42.56638], [-6.61223, 42.56634], [-6.61233, 42.56637], [-6.6123, 42.56641], [-6.61221, 42.56638]]]}}, {"type": "Feature", "properties": {"area_ha": 0.006, "dist_km": 2.472, "node": "LOMBA 220", "node_mw": 602, "osm_id": 762557450, "municipio": "Lomba"}, "geometry": {"type": "Polygon", "coordinates": [[[-6.61117, 42.56569], [-6.61121, 42.56556], [-6.61126, 42.56557], [-6.61122, 42.5657], [-6.61117, 42.56569]]]}}, {"type": "Feature", "properties": {"area_ha": 0.008, "dist_km": 2.687, "node": "LOMBA 220", "node_mw": 602, "osm_id": 762557488, "municipio": "Lomba"}, "geometry": {"type": "Polygon", "coordinates": [[[-6.6092, 42.56428], [-6.60902, 42.56424], [-6.60903, 42.56419], [-6.60922, 42.56423], [-6.6092, 42.56428]]]}}, {"type": "Feature", "properties": {"area_ha": 0.018, "dist_km": 2.724, "node": "LOMBA 220", "node_mw": 602, "osm_id": 762557493, "municipio": "Lomba"}, "geometry": {"type": "Polygon", "coordinates": [[[-6.60999, 42.56345], [-6.61016, 42.5635], [-6.61011, 42.5636], [-6.60994, 42.56356], [-6.60999, 42.56345]]]}}, {"type": "Feature", "properties": {"area_ha": 0.062, "dist_km": 2.757, "node": "LOMBA 220", "node_mw": 602, "osm_id": 762557494, "municipio": "Lomba"}, "geometry": {"type": "Polygon", "coordinates": [[[-6.61022, 42.56297], [-6.61046, 42.56303], [-6.61031, 42.56329], [-6.6101, 42.56324], [-6.61022, 42.56297]]]}}, {"type": "Feature", "properties": {"area_ha": 0.022, "dist_km": 2.862, "node": "LOMBA 220", "node_mw": 602, "osm_id": 762557495, "municipio": "Lomba"}, "geometry": {"type": "Polygon", "coordinates": [[[-6.60899, 42.56256], [-6.60893, 42.56266], [-6.60881, 42.56262], [-6.60873, 42.56259], [-6.60879, 42.56249], [-6.60887, 42.56252], [-6.60894, 42.56255], [-6.60899, 42.56256]]]}}, {"type": "Feature", "properties": {"area_ha": 0.009, "dist_km": 2.782, "node": "LOMBA 220", "node_mw": 602, "osm_id": 762557523, "municipio": "Lomba"}, "geometry": {"type": "Polygon", "coordinates": [[[-6.6089, 42.56341], [-6.60889, 42.56344], [-6.60874, 42.56344], [-6.60877, 42.56333], [-6.60883, 42.56332], [-6.60882, 42.56341], [-6.6089, 42.56341]]]}}, {"type": "Feature", "properties": {"area_ha": 0.001, "dist_km": 2.838, "node": "LOMBA 220", "node_mw": 602, "osm_id": 762557534, "municipio": "Lomba"}, "geometry": {"type": "Polygon", "coordinates": [[[-6.60862, 42.56289], [-6.60864, 42.56287], [-6.60869, 42.56289], [-6.60868, 42.56291], [-6.60862, 42.56289]]]}}, {"type": "Feature", "properties": {"area_ha": 0.017, "dist_km": 2.48, "node": "LOMBA 220", "node_mw": 602, "osm_id": 762558382, "municipio": "Lomba"}, "geometry": {"type": "Polygon", "coordinates": [[[-6.60468, 42.56865], [-6.60483, 42.56853], [-6.60496, 42.5684], [-6.605, 42.56843], [-6.60473, 42.56868], [-6.60472, 42.56869], [-6.60468, 42.56865]]]}}, {"type": "Feature", "properties": {"area_ha": 0.009, "dist_km": 2.482, "node": "LOMBA 220", "node_mw": 602, "osm_id": 762558384, "municipio": "Lomba"}, "geometry": {"type": "Polygon", "coordinates": [[[-6.60664, 42.56744], [-6.60673, 42.56753], [-6.60666, 42.56758], [-6.60659, 42.56751], [-6.60659, 42.56749], [-6.60664, 42.56744]]]}}, {"type": "Feature", "properties": {"area_ha": 0.138, "dist_km": 2.528, "node": "LOMBA 220", "node_mw": 602, "osm_id": 762558402, "municipio": "Lomba"}, "geometry": {"type": "Polygon", "coordinates": [[[-6.60472, 42.56826], [-6.60481, 42.56833], [-6.60465, 42.56844], [-6.60456, 42.56837], [-6.60426, 42.56813], [-6.60422, 42.5681], [-6.60442, 42.56796], [-6.60446, 42.568], [-6.60453, 42.56795], [-6.60483, 42.56819], [-6.60472, 42.56826]]]}}, {"type": "Feature", "properties": {"area_ha": 0.01, "dist_km": 2.5, "node": "LOMBA 220", "node_mw": 602, "osm_id": 762558414, "municipio": "Lomba"}, "geometry": {"type": "Polygon", "coordinates": [[[-6.60647, 42.56732], [-6.60656, 42.56728], [-6.60661, 42.56737], [-6.60661, 42.56738], [-6.60653, 42.56741], [-6.60647, 42.56732]]]}}, {"type": "Feature", "properties": {"area_ha": 0.002, "dist_km": 2.622, "node": "LOMBA 220", "node_mw": 602, "osm_id": 762558429, "municipio": "Lomba"}, "geometry": {"type": "Polygon", "coordinates": [[[-6.60568, 42.56647], [-6.60566, 42.56644], [-6.60574, 42.56642], [-6.60575, 42.56645], [-6.60571, 42.56646], [-6.60568, 42.56647]]]}}, {"type": "Feature", "properties": {"area_ha": 0.176, "dist_km": 2.534, "node": "LOMBA 220", "node_mw": 602, "osm_id": 762558431, "municipio": "Lomba"}, "geometry": {"type": "Polygon", "coordinates": [[[-6.60439, 42.56784], [-6.6046, 42.56767], [-6.60475, 42.56778], [-6.60478, 42.56776], [-6.60513, 42.56804], [-6.60513, 42.56808], [-6.6049, 42.56824], [-6.60483, 42.56819], [-6.60453, 42.56795], [-6.60439, 42.56784]]]}}, {"type": "Feature", "properties": {"area_ha": 0.006, "dist_km": 2.605, "node": "LOMBA 220", "node_mw": 602, "osm_id": 762558432, "municipio": "Lomba"}, "geometry": {"type": "Polygon", "coordinates": [[[-6.60592, 42.5665], [-6.60595, 42.56657], [-6.60585, 42.56659], [-6.60582, 42.56652], [-6.60592, 42.5665]]]}}, {"type": "Feature", "properties": {"area_ha": 0.066, "dist_km": 2.527, "node": "LOMBA 220", "node_mw": 602, "osm_id": 762558439, "municipio": "Lomba"}, "geometry": {"type": "Polygon", "coordinates": [[[-6.60426, 42.56813], [-6.60456, 42.56837], [-6.6044, 42.56848], [-6.6041, 42.56824], [-6.60426, 42.56813]]]}}, {"type": "Feature", "properties": {"area_ha": 0.019, "dist_km": 2.505, "node": "LOMBA 220", "node_mw": 602, "osm_id": 762558441, "municipio": "Lomba"}, "geometry": {"type": "Polygon", "coordinates": [[[-6.60718, 42.56701], [-6.60717, 42.56701], [-6.60714, 42.56699], [-6.60705, 42.56695], [-6.60712, 42.56688], [-6.60722, 42.56692], [-6.60724, 42.56693], [-6.60731, 42.56696], [-6.60729, 42.56698], [-6.60724, 42.56704], [-6.60718, 42.56701]]]}}, {"type": "Feature", "properties": {"area_ha": 0.004, "dist_km": 2.359, "node": "LOMBA 220", "node_mw": 602, "osm_id": 762723721, "municipio": "Lomba"}, "geometry": {"type": "Polygon", "coordinates": [[[-6.62288, 42.56448], [-6.62297, 42.5645], [-6.62295, 42.56454], [-6.62286, 42.56452], [-6.62288, 42.56448]]]}}, {"type": "Feature", "properties": {"area_ha": 0.004, "dist_km": 2.333, "node": "LOMBA 220", "node_mw": 602, "osm_id": 762723765, "municipio": "Lomba"}, "geometry": {"type": "Polygon", "coordinates": [[[-6.62362, 42.56469], [-6.62371, 42.56471], [-6.62369, 42.56476], [-6.62359, 42.56473], [-6.6236, 42.56473], [-6.62362, 42.56469]]]}}, {"type": "Feature", "properties": {"area_ha": 0.003, "dist_km": 2.327, "node": "LOMBA 220", "node_mw": 602, "osm_id": 762723767, "municipio": "Lomba"}, "geometry": {"type": "Polygon", "coordinates": [[[-6.62462, 42.56474], [-6.62461, 42.56481], [-6.62455, 42.5648], [-6.62457, 42.56474], [-6.62462, 42.56474]]]}}, {"type": "Feature", "properties": {"area_ha": 0.005, "dist_km": 2.359, "node": "LOMBA 220", "node_mw": 602, "osm_id": 762723797, "municipio": "Lomba"}, "geometry": {"type": "Polygon", "coordinates": [[[-6.62799, 42.56465], [-6.62803, 42.56466], [-6.62803, 42.56467], [-6.62812, 42.56469], [-6.6281, 42.56472], [-6.62797, 42.56469], [-6.62799, 42.56465]]]}}, {"type": "Feature", "properties": {"area_ha": 0.004, "dist_km": 2.406, "node": "LOMBA 220", "node_mw": 602, "osm_id": 762723798, "municipio": "Lomba"}, "geometry": {"type": "Polygon", "coordinates": [[[-6.62816, 42.56428], [-6.62818, 42.56423], [-6.62825, 42.56424], [-6.62823, 42.5643], [-6.62816, 42.56428]]]}}, {"type": "Feature", "properties": {"area_ha": 0.007, "dist_km": 2.205, "node": "LOMBA 220", "node_mw": 602, "osm_id": 762723821, "municipio": "Lomba"}, "geometry": {"type": "Polygon", "coordinates": [[[-6.62849, 42.56607], [-6.62848, 42.56617], [-6.6284, 42.56617], [-6.62841, 42.56607], [-6.62849, 42.56607]]]}}, {"type": "Feature", "properties": {"area_ha": 0.008, "dist_km": 2.5, "node": "LOMBA 220", "node_mw": 602, "osm_id": 762723837, "municipio": "Lomba"}, "geometry": {"type": "Polygon", "coordinates": [[[-6.62917, 42.56346], [-6.62923, 42.56349], [-6.62924, 42.56349], [-6.62915, 42.56358], [-6.62908, 42.56354], [-6.62917, 42.56346]]]}}, {"type": "Feature", "properties": {"area_ha": 0.004, "dist_km": 2.469, "node": "LOMBA 220", "node_mw": 602, "osm_id": 762723847, "municipio": "Lomba"}, "geometry": {"type": "Polygon", "coordinates": [[[-6.62963, 42.56387], [-6.62963, 42.56387], [-6.62965, 42.56383], [-6.62972, 42.56385], [-6.6297, 42.5639], [-6.62963, 42.56388], [-6.62963, 42.56387]]]}}, {"type": "Feature", "properties": {"area_ha": 0.003, "dist_km": 2.419, "node": "LOMBA 220", "node_mw": 602, "osm_id": 762723848, "municipio": "Lomba"}, "geometry": {"type": "Polygon", "coordinates": [[[-6.62919, 42.56424], [-6.62919, 42.56427], [-6.62908, 42.56427], [-6.62908, 42.56424], [-6.62919, 42.56424]]]}}, {"type": "Feature", "properties": {"area_ha": 0.005, "dist_km": 2.249, "node": "LOMBA 220", "node_mw": 602, "osm_id": 762723866, "municipio": "Lomba"}, "geometry": {"type": "Polygon", "coordinates": [[[-6.63279, 42.56654], [-6.63274, 42.56649], [-6.63282, 42.56645], [-6.63287, 42.56649], [-6.63279, 42.56654]]]}}, {"type": "Feature", "properties": {"area_ha": 0.006, "dist_km": 2.43, "node": "LOMBA 220", "node_mw": 602, "osm_id": 762723869, "municipio": "Lomba"}, "geometry": {"type": "Polygon", "coordinates": [[[-6.63267, 42.56478], [-6.63249, 42.56474], [-6.63251, 42.56471], [-6.63253, 42.56472], [-6.63253, 42.56471], [-6.63269, 42.56475], [-6.63267, 42.56478]]]}}, {"type": "Feature", "properties": {"area_ha": 0.007, "dist_km": 2.415, "node": "LOMBA 220", "node_mw": 602, "osm_id": 762723886, "municipio": "Lomba"}, "geometry": {"type": "Polygon", "coordinates": [[[-6.63081, 42.56449], [-6.63093, 42.56455], [-6.63089, 42.56459], [-6.63077, 42.56454], [-6.63077, 42.56453], [-6.63081, 42.56449]]]}}, {"type": "Feature", "properties": {"area_ha": 0.005, "dist_km": 2.391, "node": "LOMBA 220", "node_mw": 602, "osm_id": 762723907, "municipio": "Lomba"}, "geometry": {"type": "Polygon", "coordinates": [[[-6.63252, 42.56511], [-6.6324, 42.56508], [-6.63241, 42.56504], [-6.63253, 42.56506], [-6.63252, 42.56511]]]}}, {"type": "Feature", "properties": {"area_ha": 0.005, "dist_km": 2.402, "node": "LOMBA 220", "node_mw": 602, "osm_id": 762723915, "municipio": "Lomba"}, "geometry": {"type": "Polygon", "coordinates": [[[-6.63127, 42.56472], [-6.63127, 42.56473], [-6.6313, 42.56474], [-6.63129, 42.56475], [-6.63128, 42.56476], [-6.63114, 42.56471], [-6.63117, 42.56468], [-6.63127, 42.56472]]]}}, {"type": "Feature", "properties": {"area_ha": 0.032, "dist_km": 2.578, "node": "LOMBA 220", "node_mw": 602, "osm_id": 762723939, "municipio": "Lomba"}, "geometry": {"type": "Polygon", "coordinates": [[[-6.63397, 42.56352], [-6.63411, 42.56352], [-6.63405, 42.56374], [-6.63404, 42.56379], [-6.63392, 42.56378], [-6.63397, 42.56352]]]}}, {"type": "Feature", "properties": {"area_ha": 0.004, "dist_km": 2.522, "node": "LOMBA 220", "node_mw": 602, "osm_id": 762723964, "municipio": "Lomba"}, "geometry": {"type": "Polygon", "coordinates": [[[-6.63318, 42.56405], [-6.63311, 42.56402], [-6.63316, 42.56396], [-6.6332, 42.56398], [-6.63318, 42.56405]]]}}, {"type": "Feature", "properties": {"area_ha": 0.029, "dist_km": 2.53, "node": "LOMBA 220", "node_mw": 602, "osm_id": 762723965, "municipio": "Lomba"}, "geometry": {"type": "Polygon", "coordinates": [[[-6.63288, 42.56376], [-6.6331, 42.56386], [-6.63307, 42.5639], [-6.63291, 42.56383], [-6.63287, 42.56388], [-6.63302, 42.56395], [-6.63298, 42.564], [-6.63277, 42.56391], [-6.63284, 42.56382], [-6.63283, 42.56382], [-6.63288, 42.56376]]]}}, {"type": "Feature", "properties": {"area_ha": 0.008, "dist_km": 2.503, "node": "LOMBA 220", "node_mw": 602, "osm_id": 762723981, "municipio": "Lomba"}, "geometry": {"type": "Polygon", "coordinates": [[[-6.63324, 42.56417], [-6.63332, 42.56418], [-6.63338, 42.5642], [-6.63336, 42.56426], [-6.63322, 42.56423], [-6.63324, 42.56417]]]}}, {"type": "Feature", "properties": {"area_ha": 0.057, "dist_km": 2.579, "node": "LOMBA 220", "node_mw": 602, "osm_id": 762723985, "municipio": "Lomba"}, "geometry": {"type": "Polygon", "coordinates": [[[-6.63379, 42.56347], [-6.63398, 42.56349], [-6.63397, 42.56352], [-6.63392, 42.56378], [-6.6337, 42.56377], [-6.63373, 42.56366], [-6.63374, 42.56364], [-6.63374, 42.56363], [-6.63375, 42.56358], [-6.63376, 42.56354], [-6.63379, 42.56347]]]}}, {"type": "Feature", "properties": {"area_ha": 0.013, "dist_km": 2.47, "node": "LOMBA 220", "node_mw": 602, "osm_id": 762723990, "municipio": "Lomba"}, "geometry": {"type": "Polygon", "coordinates": [[[-6.63528, 42.56517], [-6.63523, 42.56515], [-6.63539, 42.56494], [-6.63544, 42.56497], [-6.63528, 42.56517]]]}}, {"type": "Feature", "properties": {"area_ha": 0.006, "dist_km": 2.44, "node": "LOMBA 220", "node_mw": 602, "osm_id": 762723994, "municipio": "Lomba"}, "geometry": {"type": "Polygon", "coordinates": [[[-6.63498, 42.5652], [-6.63512, 42.56528], [-6.63508, 42.56531], [-6.63495, 42.56524], [-6.63498, 42.5652]]]}}, {"type": "Feature", "properties": {"area_ha": 0.0, "dist_km": 2.542, "node": "LOMBA 220", "node_mw": 602, "osm_id": 762724046, "municipio": "Lomba"}, "geometry": {"type": "Polygon", "coordinates": [[[-6.62743, 42.56297], [-6.62744, 42.56295], [-6.62746, 42.56295], [-6.62746, 42.56297], [-6.62743, 42.56297]]]}}, {"type": "Feature", "properties": {"area_ha": 0.004, "dist_km": 2.83, "node": "LOMBA 220", "node_mw": 602, "osm_id": 762724078, "municipio": "Lomba"}, "geometry": {"type": "Polygon", "coordinates": [[[-6.62006, 42.56044], [-6.62009, 42.56039], [-6.62015, 42.56041], [-6.62013, 42.56046], [-6.62006, 42.56044]]]}}, {"type": "Feature", "properties": {"area_ha": 0.002, "dist_km": 2.762, "node": "LOMBA 220", "node_mw": 602, "osm_id": 762724092, "municipio": "Lomba"}, "geometry": {"type": "Polygon", "coordinates": [[[-6.6208, 42.56097], [-6.62081, 42.56097], [-6.62085, 42.56098], [-6.62084, 42.56101], [-6.62079, 42.561], [-6.6208, 42.56097]]]}}, {"type": "Feature", "properties": {"area_ha": 0.011, "dist_km": 2.879, "node": "LOMBA 220", "node_mw": 602, "osm_id": 762724106, "municipio": "Lomba"}, "geometry": {"type": "Polygon", "coordinates": [[[-6.62111, 42.55992], [-6.62107, 42.55998], [-6.62091, 42.55993], [-6.62093, 42.5599], [-6.62095, 42.55987], [-6.62099, 42.55989], [-6.62101, 42.55989], [-6.62111, 42.55992]]]}}, {"type": "Feature", "properties": {"area_ha": 0.009, "dist_km": 2.736, "node": "LOMBA 220", "node_mw": 602, "osm_id": 762724184, "municipio": "Lomba"}, "geometry": {"type": "Polygon", "coordinates": [[[-6.61897, 42.56139], [-6.61891, 42.56149], [-6.61885, 42.56148], [-6.61894, 42.56133], [-6.61896, 42.56134], [-6.619, 42.56135], [-6.61897, 42.56139]]]}}, {"type": "Feature", "properties": {"area_ha": 0.003, "dist_km": 2.717, "node": "LOMBA 220", "node_mw": 602, "osm_id": 762724198, "municipio": "Lomba"}, "geometry": {"type": "Polygon", "coordinates": [[[-6.62244, 42.5613], [-6.62245, 42.56127], [-6.62255, 42.56129], [-6.62254, 42.56132], [-6.62244, 42.5613]]]}}, {"type": "Feature", "properties": {"area_ha": 0.015, "dist_km": 2.816, "node": "LOMBA 220", "node_mw": 602, "osm_id": 762724222, "municipio": "Lomba"}, "geometry": {"type": "Polygon", "coordinates": [[[-6.61707, 42.56085], [-6.617, 42.56104], [-6.61692, 42.56102], [-6.61698, 42.56085], [-6.61707, 42.56085]]]}}, {"type": "Feature", "properties": {"area_ha": 0.052, "dist_km": 3.017, "node": "LOMBA 220", "node_mw": 602, "osm_id": 762724237, "municipio": "Lomba"}, "geometry": {"type": "Polygon", "coordinates": [[[-6.62079, 42.55881], [-6.62074, 42.55889], [-6.62063, 42.55884], [-6.62068, 42.55878], [-6.62063, 42.55876], [-6.62068, 42.55868], [-6.62057, 42.55863], [-6.62061, 42.55856], [-6.62067, 42.55847], [-6.62083, 42.55854], [-6.62078, 42.55862], [-6.62077, 42.55864], [-6.62074, 42.55868], [-6.62073, 42.5587], [-6.62083, 42.55875], [-6.62083, 42.55875], [-6.62079, 42.55881]]]}}, {"type": "Feature", "properties": {"area_ha": 0.005, "dist_km": 2.952, "node": "LOMBA 220", "node_mw": 602, "osm_id": 762724244, "municipio": "Lomba"}, "geometry": {"type": "Polygon", "coordinates": [[[-6.62116, 42.55929], [-6.62108, 42.55926], [-6.62111, 42.55921], [-6.6212, 42.55923], [-6.62116, 42.55929]]]}}, {"type": "Feature", "properties": {"area_ha": 0.018, "dist_km": 2.681, "node": "LOMBA 220", "node_mw": 602, "osm_id": 762724254, "municipio": "Lomba"}, "geometry": {"type": "Polygon", "coordinates": [[[-6.61682, 42.56217], [-6.61691, 42.56218], [-6.6169, 42.56226], [-6.61679, 42.56226], [-6.61668, 42.56225], [-6.61669, 42.56217], [-6.61682, 42.56217]]]}}, {"type": "Feature", "properties": {"area_ha": 0.004, "dist_km": 2.923, "node": "LOMBA 220", "node_mw": 602, "osm_id": 762724279, "municipio": "Lomba"}, "geometry": {"type": "Polygon", "coordinates": [[[-6.62033, 42.55952], [-6.62039, 42.55954], [-6.62036, 42.5596], [-6.6203, 42.55958], [-6.62033, 42.55952]]]}}, {"type": "Feature", "properties": {"area_ha": 0.007, "dist_km": 2.828, "node": "LOMBA 220", "node_mw": 602, "osm_id": 762724306, "municipio": "Lomba"}, "geometry": {"type": "Polygon", "coordinates": [[[-6.61707, 42.5608], [-6.61707, 42.56085], [-6.61698, 42.56085], [-6.61695, 42.56085], [-6.61694, 42.56077], [-6.61707, 42.5608]]]}}, {"type": "Feature", "properties": {"area_ha": 0.007, "dist_km": 2.95, "node": "LOMBA 220", "node_mw": 602, "osm_id": 762724329, "municipio": "Lomba"}, "geometry": {"type": "Polygon", "coordinates": [[[-6.6206, 42.55929], [-6.62056, 42.55936], [-6.62046, 42.55932], [-6.62046, 42.55932], [-6.6205, 42.55926], [-6.62058, 42.55929], [-6.6206, 42.55929]]]}}, {"type": "Feature", "properties": {"area_ha": 0.002, "dist_km": 2.935, "node": "LOMBA 220", "node_mw": 602, "osm_id": 762724337, "municipio": "Lomba"}, "geometry": {"type": "Polygon", "coordinates": [[[-6.62049, 42.55947], [-6.62044, 42.55946], [-6.62047, 42.55942], [-6.62052, 42.55943], [-6.62049, 42.55947]]]}}, {"type": "Feature", "properties": {"area_ha": 0.007, "dist_km": 2.988, "node": "LOMBA 220", "node_mw": 602, "osm_id": 762724375, "municipio": "Lomba"}, "geometry": {"type": "Polygon", "coordinates": [[[-6.62082, 42.55892], [-6.62076, 42.559], [-6.62068, 42.55897], [-6.62074, 42.55889], [-6.62082, 42.55892]]]}}, {"type": "Feature", "properties": {"area_ha": 0.004, "dist_km": 2.764, "node": "LOMBA 220", "node_mw": 602, "osm_id": 762724407, "municipio": "Lomba"}, "geometry": {"type": "Polygon", "coordinates": [[[-6.62248, 42.56084], [-6.62256, 42.56086], [-6.62254, 42.56091], [-6.62246, 42.56089], [-6.62248, 42.56084]]]}}, {"type": "Feature", "properties": {"area_ha": 0.004, "dist_km": 2.763, "node": "LOMBA 220", "node_mw": 602, "osm_id": 762724430, "municipio": "Lomba"}, "geometry": {"type": "Polygon", "coordinates": [[[-6.62054, 42.56095], [-6.62058, 42.56095], [-6.62055, 42.56105], [-6.6205, 42.56104], [-6.62054, 42.56095]]]}}, {"type": "Feature", "properties": {"area_ha": 0.022, "dist_km": 2.951, "node": "LOMBA 220", "node_mw": 602, "osm_id": 762724450, "municipio": "Lomba"}, "geometry": {"type": "Polygon", "coordinates": [[[-6.62098, 42.55927], [-6.62099, 42.55927], [-6.62097, 42.55931], [-6.62089, 42.55929], [-6.62089, 42.55929], [-6.62088, 42.55928], [-6.62087, 42.55928], [-6.62085, 42.55932], [-6.62082, 42.55931], [-6.62074, 42.55928], [-6.62081, 42.55917], [-6.62093, 42.5592], [-6.621, 42.55923], [-6.62098, 42.55927]]]}}, {"type": "Feature", "properties": {"area_ha": 0.004, "dist_km": 2.991, "node": "LOMBA 220", "node_mw": 602, "osm_id": 762724481, "municipio": "Lomba"}, "geometry": {"type": "Polygon", "coordinates": [[[-6.62048, 42.55889], [-6.62062, 42.55895], [-6.62061, 42.55897], [-6.62047, 42.55892], [-6.62048, 42.55889]]]}}, {"type": "Feature", "properties": {"area_ha": 0.006, "dist_km": 2.685, "node": "LOMBA 220", "node_mw": 602, "osm_id": 762724518, "municipio": "Lomba"}, "geometry": {"type": "Polygon", "coordinates": [[[-6.62178, 42.56158], [-6.62192, 42.56159], [-6.6219, 42.56163], [-6.62187, 42.56163], [-6.62179, 42.56163], [-6.62178, 42.56163], [-6.62178, 42.56161], [-6.62178, 42.56158]]]}}, {"type": "Feature", "properties": {"area_ha": 0.02, "dist_km": 2.969, "node": "LOMBA 220", "node_mw": 602, "osm_id": 762724578, "municipio": "Lomba"}, "geometry": {"type": "Polygon", "coordinates": [[[-6.62046, 42.55932], [-6.62041, 42.5593], [-6.62061, 42.55899], [-6.62066, 42.559], [-6.62064, 42.55904], [-6.62063, 42.55906], [-6.62058, 42.55914], [-6.6205, 42.55926], [-6.62046, 42.55932]]]}}, {"type": "Feature", "properties": {"area_ha": 0.016, "dist_km": 2.684, "node": "LOMBA 220", "node_mw": 602, "osm_id": 762724681, "municipio": "Lomba"}, "geometry": {"type": "Polygon", "coordinates": [[[-6.62026, 42.56181], [-6.62018, 42.56181], [-6.62018, 42.56174], [-6.61997, 42.56174], [-6.61997, 42.5617], [-6.62026, 42.5617], [-6.62026, 42.56181]]]}}, {"type": "Feature", "properties": {"area_ha": 0.007, "dist_km": 2.58, "node": "LOMBA 220", "node_mw": 602, "osm_id": 762724718, "municipio": "Lomba"}, "geometry": {"type": "Polygon", "coordinates": [[[-6.62183, 42.56254], [-6.62182, 42.56261], [-6.62172, 42.56261], [-6.62174, 42.56253], [-6.62183, 42.56254]]]}}, {"type": "Feature", "properties": {"area_ha": 0.001, "dist_km": 2.889, "node": "LOMBA 220", "node_mw": 602, "osm_id": 762724734, "municipio": "Lomba"}, "geometry": {"type": "Polygon", "coordinates": [[[-6.62032, 42.55988], [-6.6203, 42.5599], [-6.62027, 42.55989], [-6.62028, 42.55987], [-6.62032, 42.55988]]]}}, {"type": "Feature", "properties": {"area_ha": 0.008, "dist_km": 2.739, "node": "LOMBA 220", "node_mw": 602, "osm_id": 762724816, "municipio": "Lomba"}, "geometry": {"type": "Polygon", "coordinates": [[[-6.61974, 42.56127], [-6.61976, 42.56127], [-6.61975, 42.5613], [-6.61981, 42.56131], [-6.61984, 42.56126], [-6.61984, 42.56126], [-6.61985, 42.56123], [-6.61991, 42.56124], [-6.61986, 42.56134], [-6.61971, 42.56131], [-6.61973, 42.56129], [-6.61974, 42.56127]]]}}, {"type": "Feature", "properties": {"area_ha": 0.008, "dist_km": 2.728, "node": "LOMBA 220", "node_mw": 602, "osm_id": 762724832, "municipio": "Lomba"}, "geometry": {"type": "Polygon", "coordinates": [[[-6.62014, 42.56137], [-6.62, 42.56134], [-6.62002, 42.5613], [-6.62021, 42.56134], [-6.62019, 42.56139], [-6.62017, 42.56138], [-6.62014, 42.56137]]]}}, {"type": "Feature", "properties": {"area_ha": 0.002, "dist_km": 2.819, "node": "LOMBA 220", "node_mw": 602, "osm_id": 762724845, "municipio": "Lomba"}, "geometry": {"type": "Polygon", "coordinates": [[[-6.62015, 42.5605], [-6.6202, 42.56051], [-6.62018, 42.56055], [-6.62013, 42.56053], [-6.62015, 42.5605]]]}}, {"type": "Feature", "properties": {"area_ha": 0.008, "dist_km": 2.791, "node": "LOMBA 220", "node_mw": 602, "osm_id": 762724854, "municipio": "Lomba"}, "geometry": {"type": "Polygon", "coordinates": [[[-6.62279, 42.5606], [-6.62275, 42.5607], [-6.62267, 42.56068], [-6.62268, 42.56064], [-6.6227, 42.56059], [-6.6227, 42.56058], [-6.62274, 42.56059], [-6.62279, 42.5606]]]}}, {"type": "Feature", "properties": {"area_ha": 0.003, "dist_km": 2.947, "node": "LOMBA 220", "node_mw": 602, "osm_id": 762724876, "municipio": "Lomba"}, "geometry": {"type": "Polygon", "coordinates": [[[-6.62125, 42.55925], [-6.62129, 42.55926], [-6.62129, 42.55927], [-6.62127, 42.55929], [-6.62126, 42.55932], [-6.62122, 42.55931], [-6.62122, 42.55931], [-6.62125, 42.55925]]]}}, {"type": "Feature", "properties": {"area_ha": 0.002, "dist_km": 2.722, "node": "LOMBA 220", "node_mw": 602, "osm_id": 762724886, "municipio": "Lomba"}, "geometry": {"type": "Polygon", "coordinates": [[[-6.62033, 42.56141], [-6.62036, 42.56135], [-6.62039, 42.56135], [-6.62036, 42.56142], [-6.62033, 42.56141]]]}}, {"type": "Feature", "properties": {"area_ha": 0.023, "dist_km": 2.934, "node": "LOMBA 220", "node_mw": 602, "osm_id": 762724900, "municipio": "Lomba"}, "geometry": {"type": "Polygon", "coordinates": [[[-6.62081, 42.55939], [-6.62091, 42.55942], [-6.62085, 42.55952], [-6.62076, 42.55949], [-6.62064, 42.55946], [-6.6207, 42.55935], [-6.62079, 42.55939], [-6.62081, 42.55939]]]}}, {"type": "Feature", "properties": {"area_ha": 0.014, "dist_km": 2.822, "node": "LOMBA 220", "node_mw": 602, "osm_id": 762724914, "municipio": "Lomba"}, "geometry": {"type": "Polygon", "coordinates": [[[-6.61853, 42.56057], [-6.61883, 42.56066], [-6.61881, 42.5607], [-6.6187, 42.56067], [-6.6187, 42.56068], [-6.6185, 42.56062], [-6.61853, 42.56057]]]}}, {"type": "Feature", "properties": {"area_ha": 0.008, "dist_km": 2.742, "node": "LOMBA 220", "node_mw": 602, "osm_id": 762724978, "municipio": "Lomba"}, "geometry": {"type": "Polygon", "coordinates": [[[-6.62403, 42.56099], [-6.62401, 42.56106], [-6.624, 42.56106], [-6.62399, 42.56109], [-6.62388, 42.56107], [-6.62389, 42.56104], [-6.62389, 42.56104], [-6.62393, 42.56105], [-6.62396, 42.56097], [-6.62403, 42.56099]]]}}, {"type": "Feature", "properties": {"area_ha": 0.002, "dist_km": 2.718, "node": "LOMBA 220", "node_mw": 602, "osm_id": 762725001, "municipio": "Lomba"}, "geometry": {"type": "Polygon", "coordinates": [[[-6.6244, 42.56127], [-6.62441, 42.56124], [-6.62444, 42.56125], [-6.62448, 42.56125], [-6.62447, 42.56128], [-6.6244, 42.56127]]]}}, {"type": "Feature", "properties": {"area_ha": 0.006, "dist_km": 2.725, "node": "LOMBA 220", "node_mw": 602, "osm_id": 762725020, "municipio": "Lomba"}, "geometry": {"type": "Polygon", "coordinates": [[[-6.62449, 42.56114], [-6.62444, 42.56125], [-6.62441, 42.56124], [-6.62439, 42.56124], [-6.62439, 42.56123], [-6.62442, 42.56115], [-6.62443, 42.56112], [-6.62449, 42.56114]]]}}, {"type": "Feature", "properties": {"area_ha": 0.007, "dist_km": 2.784, "node": "LOMBA 220", "node_mw": 602, "osm_id": 762725026, "municipio": "Lomba"}, "geometry": {"type": "Polygon", "coordinates": [[[-6.62329, 42.56072], [-6.62323, 42.56071], [-6.62323, 42.56068], [-6.62319, 42.56067], [-6.6232, 42.56062], [-6.62331, 42.56064], [-6.62329, 42.56072]]]}}, {"type": "Feature", "properties": {"area_ha": 0.007, "dist_km": 2.643, "node": "LOMBA 220", "node_mw": 602, "osm_id": 762725125, "municipio": "Lomba"}, "geometry": {"type": "Polygon", "coordinates": [[[-6.61602, 42.56266], [-6.61604, 42.56266], [-6.61615, 42.56268], [-6.61615, 42.56268], [-6.61612, 42.56274], [-6.616, 42.56272], [-6.61602, 42.56266]]]}}, {"type": "Feature", "properties": {"area_ha": 0.004, "dist_km": 2.613, "node": "LOMBA 220", "node_mw": 602, "osm_id": 762725126, "municipio": "Lomba"}, "geometry": {"type": "Polygon", "coordinates": [[[-6.61634, 42.56297], [-6.61629, 42.56296], [-6.61633, 42.56288], [-6.61638, 42.5629], [-6.61634, 42.56297]]]}}, {"type": "Feature", "properties": {"area_ha": 0.006, "dist_km": 2.616, "node": "LOMBA 220", "node_mw": 602, "osm_id": 762725132, "municipio": "Lomba"}, "geometry": {"type": "Polygon", "coordinates": [[[-6.61613, 42.56294], [-6.61617, 42.56288], [-6.61626, 42.56291], [-6.61623, 42.56297], [-6.61613, 42.56294]]]}}, {"type": "Feature", "properties": {"area_ha": 0.009, "dist_km": 2.633, "node": "LOMBA 220", "node_mw": 602, "osm_id": 762725149, "municipio": "Lomba"}, "geometry": {"type": "Polygon", "coordinates": [[[-6.61627, 42.5627], [-6.61638, 42.56272], [-6.61643, 42.56273], [-6.61648, 42.56274], [-6.61645, 42.56278], [-6.61623, 42.56275], [-6.61627, 42.5627]]]}}, {"type": "Feature", "properties": {"area_ha": 0.007, "dist_km": 2.429, "node": "LOMBA 220", "node_mw": 602, "osm_id": 762725244, "municipio": "Lomba"}, "geometry": {"type": "Polygon", "coordinates": [[[-6.62368, 42.56386], [-6.62358, 42.56385], [-6.62358, 42.56382], [-6.62374, 42.56383], [-6.62372, 42.5639], [-6.62368, 42.56389], [-6.62368, 42.56386]]]}}, {"type": "Feature", "properties": {"area_ha": 0.01, "dist_km": 2.519, "node": "LOMBA 220", "node_mw": 602, "osm_id": 762725272, "municipio": "Lomba"}, "geometry": {"type": "Polygon", "coordinates": [[[-6.62402, 42.563], [-6.62413, 42.563], [-6.62412, 42.56309], [-6.62401, 42.56309], [-6.62402, 42.563]]]}}, {"type": "Feature", "properties": {"area_ha": 0.004, "dist_km": 2.472, "node": "LOMBA 220", "node_mw": 602, "osm_id": 762725312, "municipio": "Lomba"}, "geometry": {"type": "Polygon", "coordinates": [[[-6.62559, 42.56346], [-6.62561, 42.56347], [-6.62559, 42.56354], [-6.62553, 42.56353], [-6.62555, 42.56346], [-6.62559, 42.56346]]]}}, {"type": "Feature", "properties": {"area_ha": 0.007, "dist_km": 2.461, "node": "LOMBA 220", "node_mw": 602, "osm_id": 762725338, "municipio": "Lomba"}, "geometry": {"type": "Polygon", "coordinates": [[[-6.62614, 42.56367], [-6.62609, 42.56364], [-6.62616, 42.56359], [-6.62617, 42.5636], [-6.62622, 42.56357], [-6.62628, 42.56359], [-6.62619, 42.56364], [-6.62614, 42.56367]]]}}, {"type": "Feature", "properties": {"area_ha": 0.009, "dist_km": 2.492, "node": "LOMBA 220", "node_mw": 602, "osm_id": 762725373, "municipio": "Lomba"}, "geometry": {"type": "Polygon", "coordinates": [[[-6.62882, 42.56356], [-6.62878, 42.56361], [-6.62872, 42.56358], [-6.62875, 42.56354], [-6.62879, 42.56347], [-6.62886, 42.5635], [-6.62882, 42.56356]]]}}, {"type": "Feature", "properties": {"area_ha": 0.007, "dist_km": 2.445, "node": "LOMBA 220", "node_mw": 602, "osm_id": 762725396, "municipio": "Lomba"}, "geometry": {"type": "Polygon", "coordinates": [[[-6.62086, 42.5638], [-6.62094, 42.5638], [-6.62094, 42.5638], [-6.62093, 42.5639], [-6.62086, 42.5639], [-6.62086, 42.5638]]]}}, {"type": "Feature", "properties": {"area_ha": 0.006, "dist_km": 2.362, "node": "LOMBA 220", "node_mw": 602, "osm_id": 762725456, "municipio": "Lomba"}, "geometry": {"type": "Polygon", "coordinates": [[[-6.62091, 42.56463], [-6.62078, 42.56462], [-6.6208, 42.56457], [-6.62092, 42.56458], [-6.62091, 42.56463]]]}}, {"type": "Feature", "properties": {"area_ha": 0.003, "dist_km": 2.357, "node": "LOMBA 220", "node_mw": 602, "osm_id": 762725457, "municipio": "Lomba"}, "geometry": {"type": "Polygon", "coordinates": [[[-6.62209, 42.56457], [-6.6221, 42.56453], [-6.62219, 42.56454], [-6.62218, 42.56457], [-6.62217, 42.56457], [-6.62211, 42.56457], [-6.62209, 42.56457]]]}}, {"type": "Feature", "properties": {"area_ha": 0.002, "dist_km": 2.354, "node": "LOMBA 220", "node_mw": 602, "osm_id": 762725467, "municipio": "Lomba"}, "geometry": {"type": "Polygon", "coordinates": [[[-6.62211, 42.56457], [-6.62217, 42.56457], [-6.62217, 42.56459], [-6.62215, 42.56459], [-6.62215, 42.56461], [-6.6221, 42.5646], [-6.62211, 42.56457]]]}}, {"type": "Feature", "properties": {"area_ha": 0.007, "dist_km": 2.371, "node": "LOMBA 220", "node_mw": 602, "osm_id": 762725468, "municipio": "Lomba"}, "geometry": {"type": "Polygon", "coordinates": [[[-6.62185, 42.56441], [-6.62193, 42.56441], [-6.62195, 42.56441], [-6.62194, 42.56449], [-6.62184, 42.56449], [-6.62185, 42.56441]]]}}, {"type": "Feature", "properties": {"area_ha": 0.007, "dist_km": 2.443, "node": "LOMBA 220", "node_mw": 602, "osm_id": 762725485, "municipio": "Lomba"}, "geometry": {"type": "Polygon", "coordinates": [[[-6.61733, 42.56425], [-6.61739, 42.56427], [-6.61733, 42.56438], [-6.61727, 42.56437], [-6.61733, 42.56425]]]}}, {"type": "Feature", "properties": {"area_ha": 0.003, "dist_km": 2.325, "node": "LOMBA 220", "node_mw": 602, "osm_id": 762725517, "municipio": "Lomba"}, "geometry": {"type": "Polygon", "coordinates": [[[-6.61543, 42.56584], [-6.61545, 42.56577], [-6.6155, 42.56578], [-6.61548, 42.56585], [-6.61543, 42.56584]]]}}, {"type": "Feature", "properties": {"area_ha": 0.029, "dist_km": 2.325, "node": "LOMBA 220", "node_mw": 602, "osm_id": 762725541, "municipio": "Lomba"}, "geometry": {"type": "Polygon", "coordinates": [[[-6.61714, 42.56536], [-6.61721, 42.56538], [-6.61712, 42.56557], [-6.6171, 42.56556], [-6.61686, 42.56549], [-6.61691, 42.5654], [-6.61712, 42.56547], [-6.61713, 42.56544], [-6.61711, 42.56544], [-6.61714, 42.56536]]]}}, {"type": "Feature", "properties": {"area_ha": 0.033, "dist_km": 2.369, "node": "LOMBA 220", "node_mw": 602, "osm_id": 762725550, "municipio": "Lomba"}, "geometry": {"type": "Polygon", "coordinates": [[[-6.6151, 42.56558], [-6.61502, 42.56556], [-6.61484, 42.56551], [-6.61488, 42.56539], [-6.61516, 42.56546], [-6.6151, 42.56558]]]}}, {"type": "Feature", "properties": {"area_ha": 0.004, "dist_km": 2.302, "node": "LOMBA 220", "node_mw": 602, "osm_id": 762725552, "municipio": "Lomba"}, "geometry": {"type": "Polygon", "coordinates": [[[-6.61724, 42.56568], [-6.61717, 42.56567], [-6.6172, 42.56561], [-6.61727, 42.56562], [-6.61724, 42.56568]]]}}, {"type": "Feature", "properties": {"area_ha": 0.003, "dist_km": 2.845, "node": "LOMBA 220", "node_mw": 602, "osm_id": 762907947, "municipio": "Lomba"}, "geometry": {"type": "Polygon", "coordinates": [[[-6.6139, 42.5613], [-6.61385, 42.56129], [-6.61388, 42.56124], [-6.61393, 42.56125], [-6.6139, 42.5613]]]}}, {"type": "Feature", "properties": {"area_ha": 0.007, "dist_km": 2.848, "node": "LOMBA 220", "node_mw": 602, "osm_id": 762907957, "municipio": "Lomba"}, "geometry": {"type": "Polygon", "coordinates": [[[-6.61404, 42.56117], [-6.61401, 42.56122], [-6.61405, 42.56123], [-6.61403, 42.56127], [-6.61393, 42.56125], [-6.61394, 42.56123], [-6.61397, 42.56118], [-6.61398, 42.56116], [-6.61404, 42.56117]]]}}, {"type": "Feature", "properties": {"area_ha": 0.03, "dist_km": 2.988, "node": "LOMBA 220", "node_mw": 602, "osm_id": 762907968, "municipio": "Lomba"}, "geometry": {"type": "Polygon", "coordinates": [[[-6.61225, 42.56017], [-6.61238, 42.56018], [-6.61234, 42.56044], [-6.61221, 42.56042], [-6.61225, 42.56017]]]}}, {"type": "Feature", "properties": {"area_ha": 0.003, "dist_km": 3.002, "node": "LOMBA 220", "node_mw": 602, "osm_id": 762907971, "municipio": "Lomba"}, "geometry": {"type": "Polygon", "coordinates": [[[-6.61421, 42.55975], [-6.6141, 42.55975], [-6.61411, 42.55972], [-6.61421, 42.55972], [-6.61421, 42.55975]]]}}, {"type": "Feature", "properties": {"area_ha": 0.013, "dist_km": 2.905, "node": "LOMBA 220", "node_mw": 602, "osm_id": 762907985, "municipio": "Lomba"}, "geometry": {"type": "Polygon", "coordinates": [[[-6.61158, 42.56136], [-6.61138, 42.56132], [-6.61141, 42.56125], [-6.61161, 42.56129], [-6.61158, 42.56136]]]}}, {"type": "Feature", "properties": {"area_ha": 0.004, "dist_km": 2.852, "node": "LOMBA 220", "node_mw": 602, "osm_id": 762908000, "municipio": "Lomba"}, "geometry": {"type": "Polygon", "coordinates": [[[-6.61394, 42.56123], [-6.61386, 42.56121], [-6.61388, 42.56116], [-6.61397, 42.56118], [-6.61394, 42.56123]]]}}, {"type": "Feature", "properties": {"area_ha": 0.094, "dist_km": 2.858, "node": "LOMBA 220", "node_mw": 602, "osm_id": 762908018, "municipio": "Lomba"}, "geometry": {"type": "Polygon", "coordinates": [[[-6.6113, 42.56209], [-6.61111, 42.56206], [-6.61131, 42.56153], [-6.6115, 42.56157], [-6.6113, 42.56209]]]}}, {"type": "Feature", "properties": {"area_ha": 0.009, "dist_km": 0.96, "node": "LOMBA 220", "node_mw": 602, "osm_id": 762958305, "municipio": "Lomba"}, "geometry": {"type": "Polygon", "coordinates": [[[-6.617, 42.57888], [-6.61701, 42.57895], [-6.61688, 42.57897], [-6.61686, 42.5789], [-6.617, 42.57888]]]}}, {"type": "Feature", "properties": {"area_ha": 0.081, "dist_km": 0.95, "node": "LOMBA 220", "node_mw": 602, "osm_id": 762958307, "municipio": "Lomba"}, "geometry": {"type": "Polygon", "coordinates": [[[-6.61688, 42.57901], [-6.61693, 42.57925], [-6.61659, 42.5793], [-6.61652, 42.57906], [-6.61688, 42.57901]]]}}, {"type": "Feature", "properties": {"area_ha": 0.005, "dist_km": 1.041, "node": "LOMBA 220", "node_mw": 602, "osm_id": 762958308, "municipio": "Lomba"}, "geometry": {"type": "Polygon", "coordinates": [[[-6.61566, 42.57871], [-6.6158, 42.57869], [-6.61582, 42.57873], [-6.61567, 42.57875], [-6.61566, 42.57871]]]}}, {"type": "Feature", "properties": {"area_ha": 0.063, "dist_km": 1.085, "node": "LOMBA 220", "node_mw": 602, "osm_id": 762958318, "municipio": "Lomba"}, "geometry": {"type": "Polygon", "coordinates": [[[-6.61479, 42.57871], [-6.61476, 42.57862], [-6.61486, 42.57861], [-6.61511, 42.57857], [-6.61514, 42.57869], [-6.61524, 42.57868], [-6.61525, 42.57874], [-6.61492, 42.57878], [-6.61486, 42.57879], [-6.61482, 42.57879], [-6.61479, 42.57871]]]}}, {"type": "Feature", "properties": {"area_ha": 0.009, "dist_km": 1.12, "node": "LOMBA 220", "node_mw": 602, "osm_id": 762958319, "municipio": "Lomba"}, "geometry": {"type": "Polygon", "coordinates": [[[-6.61489, 42.5783], [-6.61491, 42.57838], [-6.6148, 42.5784], [-6.61477, 42.57832], [-6.61489, 42.5783]]]}}, {"type": "Feature", "properties": {"area_ha": 0.01, "dist_km": 1.126, "node": "LOMBA 220", "node_mw": 602, "osm_id": 762958321, "municipio": "Lomba"}, "geometry": {"type": "Polygon", "coordinates": [[[-6.61547, 42.5779], [-6.61542, 42.57782], [-6.61548, 42.5778], [-6.61551, 42.57784], [-6.61561, 42.57782], [-6.61563, 42.57786], [-6.61547, 42.5779]]]}}, {"type": "Feature", "properties": {"area_ha": 0.009, "dist_km": 1.132, "node": "LOMBA 220", "node_mw": 602, "osm_id": 762958325, "municipio": "Lomba"}, "geometry": {"type": "Polygon", "coordinates": [[[-6.61465, 42.57834], [-6.61468, 42.57842], [-6.61456, 42.57843], [-6.61454, 42.57836], [-6.61454, 42.57836], [-6.61458, 42.57835], [-6.61465, 42.57834]]]}}, {"type": "Feature", "properties": {"area_ha": 0.017, "dist_km": 0.961, "node": "LOMBA 220", "node_mw": 602, "osm_id": 762958339, "municipio": "Lomba"}, "geometry": {"type": "Polygon", "coordinates": [[[-6.61615, 42.57948], [-6.61615, 42.57953], [-6.61575, 42.57958], [-6.61574, 42.57953], [-6.61615, 42.57948], [-6.61615, 42.57948]]]}}, {"type": "Feature", "properties": {"area_ha": 0.013, "dist_km": 0.89, "node": "LOMBA 220", "node_mw": 602, "osm_id": 762958342, "municipio": "Lomba"}, "geometry": {"type": "Polygon", "coordinates": [[[-6.61699, 42.57972], [-6.61696, 42.57966], [-6.61715, 42.5796], [-6.61719, 42.57967], [-6.61699, 42.57972]]]}}, {"type": "Feature", "properties": {"area_ha": 0.095, "dist_km": 0.924, "node": "LOMBA 220", "node_mw": 602, "osm_id": 762958346, "municipio": "Lomba"}, "geometry": {"type": "Polygon", "coordinates": [[[-6.61619, 42.57982], [-6.61613, 42.57955], [-6.61648, 42.57952], [-6.61652, 42.5797], [-6.61659, 42.57969], [-6.61663, 42.57977], [-6.61619, 42.57982]]]}}, {"type": "Feature", "properties": {"area_ha": 0.04, "dist_km": 0.974, "node": "LOMBA 220", "node_mw": 602, "osm_id": 762958358, "municipio": "Lomba"}, "geometry": {"type": "Polygon", "coordinates": [[[-6.61652, 42.57906], [-6.61651, 42.57899], [-6.61627, 42.57902], [-6.61626, 42.57896], [-6.61658, 42.57892], [-6.61659, 42.57898], [-6.61687, 42.57895], [-6.61688, 42.57901], [-6.61652, 42.57906]]]}}, {"type": "Feature", "properties": {"area_ha": 0.008, "dist_km": 0.999, "node": "LOMBA 220", "node_mw": 602, "osm_id": 762958361, "municipio": "Lomba"}, "geometry": {"type": "Polygon", "coordinates": [[[-6.61656, 42.5787], [-6.61657, 42.57876], [-6.61642, 42.57878], [-6.61641, 42.57872], [-6.61656, 42.5787]]]}}, {"type": "Feature", "properties": {"area_ha": 0.018, "dist_km": 1.053, "node": "LOMBA 220", "node_mw": 602, "osm_id": 762958365, "municipio": "Lomba"}, "geometry": {"type": "Polygon", "coordinates": [[[-6.61735, 42.57756], [-6.61745, 42.57756], [-6.61745, 42.57776], [-6.61735, 42.57776], [-6.61735, 42.57756]]]}}, {"type": "Feature", "properties": {"area_ha": 0.018, "dist_km": 1.454, "node": "LOMBA 220", "node_mw": 602, "osm_id": 762958368, "municipio": "Lomba"}, "geometry": {"type": "Polygon", "coordinates": [[[-6.6092, 42.57849], [-6.60936, 42.57854], [-6.60941, 42.57855], [-6.6094, 42.57856], [-6.6094, 42.57857], [-6.60938, 42.5786], [-6.60931, 42.57858], [-6.60928, 42.57863], [-6.60923, 42.57861], [-6.60915, 42.57859], [-6.6092, 42.57849]]]}}, {"type": "Feature", "properties": {"area_ha": 0.018, "dist_km": 1.446, "node": "LOMBA 220", "node_mw": 602, "osm_id": 762958380, "municipio": "Lomba"}, "geometry": {"type": "Polygon", "coordinates": [[[-6.60975, 42.5783], [-6.60975, 42.57832], [-6.60973, 42.57835], [-6.60971, 42.57841], [-6.60955, 42.57838], [-6.60956, 42.57836], [-6.60957, 42.57832], [-6.60959, 42.57829], [-6.60959, 42.57827], [-6.6096, 42.57826], [-6.60976, 42.57829], [-6.60975, 42.5783]]]}}, {"type": "Feature", "properties": {"area_ha": 0.002, "dist_km": 1.497, "node": "LOMBA 220", "node_mw": 602, "osm_id": 762958388, "municipio": "Lomba"}, "geometry": {"type": "Polygon", "coordinates": [[[-6.60868, 42.57862], [-6.60866, 42.57865], [-6.60862, 42.57864], [-6.60863, 42.57861], [-6.60868, 42.57862]]]}}, {"type": "Feature", "properties": {"area_ha": 0.012, "dist_km": 1.399, "node": "LOMBA 220", "node_mw": 602, "osm_id": 762958394, "municipio": "Lomba"}, "geometry": {"type": "Polygon", "coordinates": [[[-6.61051, 42.57817], [-6.61046, 42.57809], [-6.6105, 42.57807], [-6.61055, 42.57816], [-6.61059, 42.57824], [-6.61049, 42.57827], [-6.61045, 42.57819], [-6.61051, 42.57817]]]}}, {"type": "Feature", "properties": {"area_ha": 0.042, "dist_km": 1.314, "node": "LOMBA 220", "node_mw": 602, "osm_id": 762958404, "municipio": "Lomba"}, "geometry": {"type": "Polygon", "coordinates": [[[-6.61163, 42.5781], [-6.61178, 42.57805], [-6.61193, 42.57832], [-6.61179, 42.57837], [-6.61163, 42.5781]]]}}, {"type": "Feature", "properties": {"area_ha": 0.004, "dist_km": 1.271, "node": "LOMBA 220", "node_mw": 602, "osm_id": 762958406, "municipio": "Lomba"}, "geometry": {"type": "Polygon", "coordinates": [[[-6.60969, 42.58151], [-6.60978, 42.58148], [-6.60979, 42.5815], [-6.60979, 42.58153], [-6.60972, 42.58155], [-6.60969, 42.58151]]]}}, {"type": "Feature", "properties": {"area_ha": 0.005, "dist_km": 1.301, "node": "LOMBA 220", "node_mw": 602, "osm_id": 762958415, "municipio": "Lomba"}, "geometry": {"type": "Polygon", "coordinates": [[[-6.60974, 42.58068], [-6.60995, 42.58066], [-6.60996, 42.58068], [-6.60974, 42.58071], [-6.60974, 42.58068]]]}}, {"type": "Feature", "properties": {"area_ha": 0.005, "dist_km": 1.315, "node": "LOMBA 220", "node_mw": 602, "osm_id": 762958421, "municipio": "Lomba"}, "geometry": {"type": "Polygon", "coordinates": [[[-6.60915, 42.58162], [-6.60916, 42.58169], [-6.60907, 42.58168], [-6.60907, 42.58162], [-6.60915, 42.58162]]]}}, {"type": "Feature", "properties": {"area_ha": 0.003, "dist_km": 1.287, "node": "LOMBA 220", "node_mw": 602, "osm_id": 762958423, "municipio": "Lomba"}, "geometry": {"type": "Polygon", "coordinates": [[[-6.61007, 42.5806], [-6.61011, 42.58059], [-6.61006, 42.58067], [-6.61002, 42.58068], [-6.61007, 42.5806]]]}}, {"type": "Feature", "properties": {"area_ha": 0.004, "dist_km": 1.373, "node": "LOMBA 220", "node_mw": 602, "osm_id": 762958426, "municipio": "Lomba"}, "geometry": {"type": "Polygon", "coordinates": [[[-6.60908, 42.58038], [-6.60909, 42.58045], [-6.60902, 42.58045], [-6.60901, 42.58038], [-6.60908, 42.58038]]]}}, {"type": "Feature", "properties": {"area_ha": 0.008, "dist_km": 1.288, "node": "LOMBA 220", "node_mw": 602, "osm_id": 762958450, "municipio": "Lomba"}, "geometry": {"type": "Polygon", "coordinates": [[[-6.60956, 42.58128], [-6.60963, 42.58126], [-6.6097, 42.58138], [-6.60963, 42.5814], [-6.60962, 42.58137], [-6.60956, 42.58128]]]}}, {"type": "Feature", "properties": {"area_ha": 0.006, "dist_km": 1.246, "node": "LOMBA 220", "node_mw": 602, "osm_id": 762958453, "municipio": "Lomba"}, "geometry": {"type": "Polygon", "coordinates": [[[-6.60987, 42.58177], [-6.60995, 42.58176], [-6.60999, 42.58184], [-6.60992, 42.58186], [-6.60987, 42.58177]]]}}, {"type": "Feature", "properties": {"area_ha": 0.001, "dist_km": 1.467, "node": "LOMBA 220", "node_mw": 602, "osm_id": 762958497, "municipio": "Lomba"}, "geometry": {"type": "Polygon", "coordinates": [[[-6.60654, 42.58355], [-6.60653, 42.58357], [-6.6065, 42.58357], [-6.60651, 42.58355], [-6.60654, 42.58355]]]}}, {"type": "Feature", "properties": {"area_ha": 0.006, "dist_km": 1.419, "node": "LOMBA 220", "node_mw": 602, "osm_id": 762958505, "municipio": "Lomba"}, "geometry": {"type": "Polygon", "coordinates": [[[-6.607, 42.58417], [-6.60695, 42.58416], [-6.607, 42.58403], [-6.60705, 42.58404], [-6.607, 42.58417]]]}}, {"type": "Feature", "properties": {"area_ha": 0.003, "dist_km": 1.597, "node": "LOMBA 220", "node_mw": 602, "osm_id": 762958527, "municipio": "Lomba"}, "geometry": {"type": "Polygon", "coordinates": [[[-6.60687, 42.59226], [-6.6068, 42.59225], [-6.6068, 42.59221], [-6.60687, 42.59221], [-6.60687, 42.59226]]]}}, {"type": "Feature", "properties": {"area_ha": 0.005, "dist_km": 1.62, "node": "LOMBA 220", "node_mw": 602, "osm_id": 762958532, "municipio": "Lomba"}, "geometry": {"type": "Polygon", "coordinates": [[[-6.6068, 42.59257], [-6.60681, 42.59265], [-6.60675, 42.59265], [-6.60673, 42.59257], [-6.6068, 42.59257]]]}}, {"type": "Feature", "properties": {"area_ha": 0.002, "dist_km": 1.629, "node": "LOMBA 220", "node_mw": 602, "osm_id": 762958534, "municipio": "Lomba"}, "geometry": {"type": "Polygon", "coordinates": [[[-6.60619, 42.59201], [-6.60618, 42.59198], [-6.60626, 42.59197], [-6.60627, 42.592], [-6.60619, 42.59201]]]}}, {"type": "Feature", "properties": {"area_ha": 0.031, "dist_km": 1.63, "node": "LOMBA 220", "node_mw": 602, "osm_id": 762958536, "municipio": "Lomba"}, "geometry": {"type": "Polygon", "coordinates": [[[-6.60609, 42.59173], [-6.60609, 42.59175], [-6.60625, 42.59174], [-6.60627, 42.59185], [-6.60621, 42.59186], [-6.60621, 42.59185], [-6.60616, 42.59185], [-6.60613, 42.59186], [-6.60616, 42.59191], [-6.6061, 42.59193], [-6.60607, 42.59188], [-6.60603, 42.5919], [-6.60598, 42.59182], [-6.60599, 42.59181], [-6.60598, 42.5918], [-6.60607, 42.59176], [-6.60606, 42.59174], [-6.60609, 42.59173]]]}}, {"type": "Feature", "properties": {"area_ha": 0.006, "dist_km": 1.528, "node": "LOMBA 220", "node_mw": 602, "osm_id": 762958546, "municipio": "Lomba"}, "geometry": {"type": "Polygon", "coordinates": [[[-6.60755, 42.5919], [-6.60762, 42.59191], [-6.60761, 42.592], [-6.60754, 42.592], [-6.60755, 42.5919]]]}}, {"type": "Feature", "properties": {"area_ha": 0.006, "dist_km": 1.578, "node": "LOMBA 220", "node_mw": 602, "osm_id": 762958547, "municipio": "Lomba"}, "geometry": {"type": "Polygon", "coordinates": [[[-6.60723, 42.59239], [-6.60714, 42.5924], [-6.60713, 42.59233], [-6.60722, 42.59233], [-6.60723, 42.59239]]]}}, {"type": "Feature", "properties": {"area_ha": 0.005, "dist_km": 1.657, "node": "LOMBA 220", "node_mw": 602, "osm_id": 762958554, "municipio": "Lomba"}, "geometry": {"type": "Polygon", "coordinates": [[[-6.60485, 42.59019], [-6.6049, 42.59016], [-6.60498, 42.59023], [-6.60492, 42.59025], [-6.60486, 42.5902], [-6.60485, 42.59019]]]}}, {"type": "Feature", "properties": {"area_ha": 0.131, "dist_km": 1.801, "node": "LOMBA 220", "node_mw": 602, "osm_id": 762958555, "municipio": "Lomba"}, "geometry": {"type": "Polygon", "coordinates": [[[-6.60298, 42.58923], [-6.60309, 42.58928], [-6.60269, 42.59005], [-6.60255, 42.58995], [-6.60288, 42.5893], [-6.60298, 42.58923]]]}}, {"type": "Feature", "properties": {"area_ha": 0.002, "dist_km": 1.824, "node": "LOMBA 220", "node_mw": 602, "osm_id": 762958556, "municipio": "Lomba"}, "geometry": {"type": "Polygon", "coordinates": [[[-6.60317, 42.59109], [-6.60321, 42.59111], [-6.60316, 42.59115], [-6.60312, 42.59112], [-6.60317, 42.59109]]]}}, {"type": "Feature", "properties": {"area_ha": 0.051, "dist_km": 1.717, "node": "LOMBA 220", "node_mw": 602, "osm_id": 762958557, "municipio": "Lomba"}, "geometry": {"type": "Polygon", "coordinates": [[[-6.6038, 42.58944], [-6.60376, 42.58941], [-6.60382, 42.58937], [-6.60385, 42.5894], [-6.60412, 42.58965], [-6.60399, 42.58973], [-6.60372, 42.58948], [-6.6038, 42.58944]]]}}, {"type": "Feature", "properties": {"area_ha": 0.001, "dist_km": 1.765, "node": "LOMBA 220", "node_mw": 602, "osm_id": 762958559, "municipio": "Lomba"}, "geometry": {"type": "Polygon", "coordinates": [[[-6.60416, 42.59163], [-6.60417, 42.59159], [-6.60422, 42.59161], [-6.6042, 42.59164], [-6.60416, 42.59163]]]}}, {"type": "Feature", "properties": {"area_ha": 0.034, "dist_km": 1.817, "node": "LOMBA 220", "node_mw": 602, "osm_id": 762958563, "municipio": "Lomba"}, "geometry": {"type": "Polygon", "coordinates": [[[-6.60324, 42.59126], [-6.60317, 42.59121], [-6.60325, 42.59115], [-6.60333, 42.59121], [-6.60356, 42.59139], [-6.60348, 42.59145], [-6.60324, 42.59126]]]}}, {"type": "Feature", "properties": {"area_ha": 0.01, "dist_km": 1.758, "node": "LOMBA 220", "node_mw": 602, "osm_id": 762958565, "municipio": "Lomba"}, "geometry": {"type": "Polygon", "coordinates": [[[-6.60428, 42.59143], [-6.60422, 42.59151], [-6.60412, 42.59148], [-6.60419, 42.59139], [-6.60428, 42.59143]]]}}, {"type": "Feature", "properties": {"area_ha": 0.048, "dist_km": 1.736, "node": "LOMBA 220", "node_mw": 602, "osm_id": 762958566, "municipio": "Lomba"}, "geometry": {"type": "Polygon", "coordinates": [[[-6.60365, 42.58968], [-6.60359, 42.58962], [-6.60366, 42.58958], [-6.60373, 42.58963], [-6.60397, 42.58984], [-6.60376, 42.59005], [-6.60369, 42.59], [-6.60384, 42.58985], [-6.60365, 42.58968]]]}}, {"type": "Feature", "properties": {"area_ha": 0.003, "dist_km": 1.658, "node": "LOMBA 220", "node_mw": 602, "osm_id": 762958567, "municipio": "Lomba"}, "geometry": {"type": "Polygon", "coordinates": [[[-6.60489, 42.5901], [-6.60485, 42.59013], [-6.60479, 42.59009], [-6.60483, 42.59006], [-6.60489, 42.5901]]]}}, {"type": "Feature", "properties": {"area_ha": 0.005, "dist_km": 1.805, "node": "LOMBA 220", "node_mw": 602, "osm_id": 762958570, "municipio": "Lomba"}, "geometry": {"type": "Polygon", "coordinates": [[[-6.60399, 42.59211], [-6.60403, 42.59214], [-6.60399, 42.59217], [-6.60395, 42.59221], [-6.60391, 42.59219], [-6.60395, 42.59214], [-6.60399, 42.59211]]]}}, {"type": "Feature", "properties": {"area_ha": 0.007, "dist_km": 1.869, "node": "LOMBA 220", "node_mw": 602, "osm_id": 762958573, "municipio": "Lomba"}, "geometry": {"type": "Polygon", "coordinates": [[[-6.60296, 42.59202], [-6.60306, 42.59195], [-6.60311, 42.59199], [-6.603, 42.59206], [-6.60296, 42.59202]]]}}, {"type": "Feature", "properties": {"area_ha": 0.07, "dist_km": 1.9, "node": "LOMBA 220", "node_mw": 602, "osm_id": 762958576, "municipio": "Lomba"}, "geometry": {"type": "Polygon", "coordinates": [[[-6.60259, 42.59188], [-6.6029, 42.59207], [-6.60273, 42.59222], [-6.60269, 42.59219], [-6.60243, 42.59204], [-6.60259, 42.59188]]]}}, {"type": "Feature", "properties": {"area_ha": 0.173, "dist_km": 1.873, "node": "LOMBA 220", "node_mw": 602, "osm_id": 762958577, "municipio": "Lomba"}, "geometry": {"type": "Polygon", "coordinates": [[[-6.60305, 42.59209], [-6.6037, 42.59255], [-6.60351, 42.5927], [-6.60286, 42.59224], [-6.60298, 42.59215], [-6.6029, 42.5921], [-6.60295, 42.59206], [-6.60303, 42.59211], [-6.60305, 42.59209]]]}}, {"type": "Feature", "properties": {"area_ha": 0.012, "dist_km": 1.914, "node": "LOMBA 220", "node_mw": 602, "osm_id": 762958579, "municipio": "Lomba"}, "geometry": {"type": "Polygon", "coordinates": [[[-6.60241, 42.59203], [-6.60242, 42.59203], [-6.60243, 42.59204], [-6.60269, 42.59219], [-6.60266, 42.59222], [-6.60238, 42.59206], [-6.60241, 42.59203]]]}}, {"type": "Feature", "properties": {"area_ha": 0.008, "dist_km": 1.927, "node": "LOMBA 220", "node_mw": 602, "osm_id": 762958597, "municipio": "Lomba"}, "geometry": {"type": "Polygon", "coordinates": [[[-6.60323, 42.59348], [-6.6033, 42.59352], [-6.60326, 42.59356], [-6.60323, 42.59354], [-6.60316, 42.59361], [-6.60312, 42.59359], [-6.60323, 42.59348]]]}}, {"type": "Feature", "properties": {"area_ha": 0.044, "dist_km": 1.919, "node": "LOMBA 220", "node_mw": 602, "osm_id": 762958599, "municipio": "Lomba"}, "geometry": {"type": "Polygon", "coordinates": [[[-6.60316, 42.59306], [-6.60307, 42.59313], [-6.60272, 42.59291], [-6.60281, 42.59283], [-6.60316, 42.59306]]]}}, {"type": "Feature", "properties": {"area_ha": 0.003, "dist_km": 2.071, "node": "LOMBA 220", "node_mw": 602, "osm_id": 762958604, "municipio": "Lomba"}, "geometry": {"type": "Polygon", "coordinates": [[[-6.60419, 42.59704], [-6.60421, 42.59707], [-6.60414, 42.5971], [-6.60412, 42.59706], [-6.60419, 42.59704]]]}}, {"type": "Feature", "properties": {"area_ha": 0.003, "dist_km": 2.08, "node": "LOMBA 220", "node_mw": 602, "osm_id": 762958623, "municipio": "Lomba"}, "geometry": {"type": "Polygon", "coordinates": [[[-6.60299, 42.59606], [-6.60303, 42.59602], [-6.60308, 42.59604], [-6.60303, 42.59609], [-6.60299, 42.59606]]]}}, {"type": "Feature", "properties": {"area_ha": 0.033, "dist_km": 2.105, "node": "LOMBA 220", "node_mw": 602, "osm_id": 762958624, "municipio": "Lomba"}, "geometry": {"type": "Polygon", "coordinates": [[[-6.60389, 42.59704], [-6.60392, 42.59708], [-6.6036, 42.59726], [-6.60346, 42.59719], [-6.6036, 42.5971], [-6.60363, 42.59712], [-6.6037, 42.59708], [-6.60375, 42.59713], [-6.60389, 42.59704]]]}}, {"type": "Feature", "properties": {"area_ha": 0.009, "dist_km": 2.016, "node": "LOMBA 220", "node_mw": 602, "osm_id": 762958632, "municipio": "Lomba"}, "geometry": {"type": "Polygon", "coordinates": [[[-6.60442, 42.59648], [-6.60458, 42.59656], [-6.60452, 42.5966], [-6.60449, 42.59658], [-6.60439, 42.59653], [-6.60438, 42.59653], [-6.60442, 42.59648]]]}}, {"type": "Feature", "properties": {"area_ha": 0.001, "dist_km": 2.232, "node": "LOMBA 220", "node_mw": 602, "osm_id": 762958644, "municipio": "Lomba"}, "geometry": {"type": "Polygon", "coordinates": [[[-6.60261, 42.59797], [-6.6026, 42.59797], [-6.60261, 42.59796], [-6.60257, 42.59794], [-6.60258, 42.59794], [-6.60256, 42.59793], [-6.60257, 42.59792], [-6.60263, 42.59795], [-6.60261, 42.59797]]]}}, {"type": "Feature", "properties": {"area_ha": 0.007, "dist_km": 2.248, "node": "LOMBA 220", "node_mw": 602, "osm_id": 762958645, "municipio": "Lomba"}, "geometry": {"type": "Polygon", "coordinates": [[[-6.60213, 42.59778], [-6.60205, 42.59774], [-6.60209, 42.5977], [-6.60212, 42.59767], [-6.60217, 42.59769], [-6.60213, 42.59774], [-6.60216, 42.59776], [-6.60213, 42.59778]]]}}, {"type": "Feature", "properties": {"area_ha": 0.002, "dist_km": 2.267, "node": "LOMBA 220", "node_mw": 602, "osm_id": 762958646, "municipio": "Lomba"}, "geometry": {"type": "Polygon", "coordinates": [[[-6.60164, 42.59749], [-6.60167, 42.5975], [-6.60163, 42.59755], [-6.6016, 42.59753], [-6.60164, 42.59749]]]}}, {"type": "Feature", "properties": {"area_ha": 0.002, "dist_km": 2.252, "node": "LOMBA 220", "node_mw": 602, "osm_id": 762958647, "municipio": "Lomba"}, "geometry": {"type": "Polygon", "coordinates": [[[-6.60201, 42.59773], [-6.60206, 42.59768], [-6.60209, 42.5977], [-6.60205, 42.59774], [-6.60201, 42.59773]]]}}, {"type": "Feature", "properties": {"area_ha": 0.089, "dist_km": 2.462, "node": "LOMBA 220", "node_mw": 602, "osm_id": 762958667, "municipio": "Lomba"}, "geometry": {"type": "Polygon", "coordinates": [[[-6.59988, 42.5988], [-6.59992, 42.59874], [-6.60008, 42.59856], [-6.60011, 42.59857], [-6.59995, 42.59875], [-6.60005, 42.5988], [-6.60013, 42.59885], [-6.59987, 42.59915], [-6.59967, 42.59905], [-6.59988, 42.5988]]]}}, {"type": "Feature", "properties": {"area_ha": 0.096, "dist_km": 2.557, "node": "LOMBA 220", "node_mw": 602, "osm_id": 762958669, "municipio": "Lomba"}, "geometry": {"type": "Polygon", "coordinates": [[[-6.59912, 42.59957], [-6.59891, 42.59948], [-6.59898, 42.5994], [-6.59906, 42.59944], [-6.59918, 42.59949], [-6.5993, 42.59934], [-6.59958, 42.59945], [-6.59941, 42.59967], [-6.59912, 42.59957]]]}}, {"type": "Feature", "properties": {"area_ha": 0.002, "dist_km": 2.509, "node": "LOMBA 220", "node_mw": 602, "osm_id": 762958674, "municipio": "Lomba"}, "geometry": {"type": "Polygon", "coordinates": [[[-6.59973, 42.59924], [-6.59971, 42.59927], [-6.59963, 42.59923], [-6.59966, 42.59921], [-6.59973, 42.59924]]]}}, {"type": "Feature", "properties": {"area_ha": 0.142, "dist_km": 2.36, "node": "LOMBA 220", "node_mw": 602, "osm_id": 762958700, "municipio": "Lomba"}, "geometry": {"type": "Polygon", "coordinates": [[[-6.60079, 42.59775], [-6.60053, 42.59802], [-6.60045, 42.59798], [-6.60056, 42.59787], [-6.59999, 42.59757], [-6.60002, 42.59754], [-6.6002, 42.59762], [-6.60036, 42.59746], [-6.6007, 42.59764], [-6.60067, 42.59768], [-6.60079, 42.59775]]]}}, {"type": "Feature", "properties": {"area_ha": 0.004, "dist_km": 2.51, "node": "COMPOSTILLA 220", "node_mw": 205, "osm_id": 762958703, "municipio": "Compostilla"}, "geometry": {"type": "Polygon", "coordinates": [[[-6.59869, 42.60505], [-6.5987, 42.60501], [-6.59885, 42.60503], [-6.59884, 42.60505], [-6.59877, 42.60504], [-6.59877, 42.60505], [-6.59869, 42.60505]]]}}, {"type": "Feature", "properties": {"area_ha": 0.01, "dist_km": 2.531, "node": "COMPOSTILLA 220", "node_mw": 205, "osm_id": 762958759, "municipio": "Compostilla"}, "geometry": {"type": "Polygon", "coordinates": [[[-6.59908, 42.60506], [-6.59893, 42.60502], [-6.59896, 42.60496], [-6.59911, 42.60499], [-6.59908, 42.60506]]]}}, {"type": "Feature", "properties": {"area_ha": 0.001, "dist_km": 2.35, "node": "COMPOSTILLA 220", "node_mw": 205, "osm_id": 762958940, "municipio": "Compostilla"}, "geometry": {"type": "Polygon", "coordinates": [[[-6.59609, 42.60262], [-6.59612, 42.60263], [-6.5961, 42.60265], [-6.59608, 42.60265], [-6.59609, 42.60262]]]}}, {"type": "Feature", "properties": {"area_ha": 0.058, "dist_km": 2.391, "node": "COMPOSTILLA 220", "node_mw": 205, "osm_id": 762959135, "municipio": "Compostilla"}, "geometry": {"type": "Polygon", "coordinates": [[[-6.59637, 42.60225], [-6.59622, 42.60221], [-6.59642, 42.60184], [-6.59657, 42.60188], [-6.59637, 42.60225]]]}}, {"type": "Feature", "properties": {"area_ha": 0.014, "dist_km": 1.965, "node": "LOMBA 220", "node_mw": 602, "osm_id": 763189017, "municipio": "Lomba"}, "geometry": {"type": "Polygon", "coordinates": [[[-6.64232, 42.57419], [-6.64225, 42.57419], [-6.64223, 42.57403], [-6.64224, 42.57397], [-6.6423, 42.57398], [-6.6423, 42.57399], [-6.64231, 42.57409], [-6.64231, 42.57411], [-6.64232, 42.57418], [-6.64232, 42.57419], [-6.64232, 42.57419]]]}}, {"type": "Feature", "properties": {"area_ha": 0.051, "dist_km": 2.277, "node": "LOMBA 220", "node_mw": 602, "osm_id": 763189087, "municipio": "Lomba"}, "geometry": {"type": "Polygon", "coordinates": [[[-6.60782, 42.56913], [-6.60787, 42.56925], [-6.60755, 42.56933], [-6.60749, 42.56935], [-6.60746, 42.56937], [-6.6074, 42.56923], [-6.60782, 42.56913]]]}}, {"type": "Feature", "properties": {"area_ha": 0.012, "dist_km": 2.339, "node": "LOMBA 220", "node_mw": 602, "osm_id": 763189093, "municipio": "Lomba"}, "geometry": {"type": "Polygon", "coordinates": [[[-6.60743, 42.56868], [-6.60745, 42.56873], [-6.60719, 42.56879], [-6.60717, 42.56874], [-6.60743, 42.56868]]]}}, {"type": "Feature", "properties": {"area_ha": 0.089, "dist_km": 2.29, "node": "LOMBA 220", "node_mw": 602, "osm_id": 763189095, "municipio": "Lomba"}, "geometry": {"type": "Polygon", "coordinates": [[[-6.60778, 42.56895], [-6.60794, 42.5691], [-6.60782, 42.56913], [-6.6074, 42.56923], [-6.60732, 42.56906], [-6.60778, 42.56895]]]}}, {"type": "Feature", "properties": {"area_ha": 0.012, "dist_km": 1.984, "node": "LOMBA 220", "node_mw": 602, "osm_id": 763189120, "municipio": "Lomba"}, "geometry": {"type": "Polygon", "coordinates": [[[-6.60789, 42.57261], [-6.60768, 42.57259], [-6.60771, 42.57252], [-6.60778, 42.57253], [-6.60789, 42.57255], [-6.6079, 42.57255], [-6.60789, 42.57261]]]}}, {"type": "Feature", "properties": {"area_ha": 0.005, "dist_km": 2.081, "node": "LOMBA 220", "node_mw": 602, "osm_id": 763189146, "municipio": "Lomba"}, "geometry": {"type": "Polygon", "coordinates": [[[-6.60611, 42.57261], [-6.60606, 42.57261], [-6.60606, 42.57252], [-6.60611, 42.57252], [-6.60611, 42.57253], [-6.60612, 42.57261], [-6.60611, 42.57261]]]}}, {"type": "Feature", "properties": {"area_ha": 0.007, "dist_km": 2.179, "node": "LOMBA 220", "node_mw": 602, "osm_id": 763189161, "municipio": "Lomba"}, "geometry": {"type": "Polygon", "coordinates": [[[-6.60663, 42.57098], [-6.60658, 42.57095], [-6.60656, 42.57093], [-6.60659, 42.57091], [-6.60665, 42.57096], [-6.60666, 42.57096], [-6.60677, 42.57102], [-6.60673, 42.57104], [-6.60663, 42.57098]]]}}, {"type": "Feature", "properties": {"area_ha": 0.015, "dist_km": 2.036, "node": "LOMBA 220", "node_mw": 602, "osm_id": 763189173, "municipio": "Lomba"}, "geometry": {"type": "Polygon", "coordinates": [[[-6.61284, 42.56936], [-6.61282, 42.5694], [-6.61284, 42.56941], [-6.61277, 42.56952], [-6.61274, 42.56951], [-6.61269, 42.5696], [-6.61266, 42.56959], [-6.61285, 42.56927], [-6.6129, 42.56928], [-6.61285, 42.56937], [-6.61284, 42.56936]]]}}, {"type": "Feature", "properties": {"area_ha": 0.496, "dist_km": 2.025, "node": "LOMBA 220", "node_mw": 602, "osm_id": 763189176, "municipio": "Lomba"}, "geometry": {"type": "Polygon", "coordinates": [[[-6.60884, 42.57171], [-6.60875, 42.57165], [-6.60864, 42.57159], [-6.6086, 42.57162], [-6.60847, 42.57154], [-6.60915, 42.57095], [-6.6092, 42.57097], [-6.60924, 42.57094], [-6.60929, 42.57097], [-6.60933, 42.57094], [-6.60945, 42.57102], [-6.60945, 42.57102], [-6.60951, 42.57106], [-6.60948, 42.57109], [-6.60971, 42.57124], [-6.60903, 42.57183], [-6.60884, 42.57171]]]}}, {"type": "Feature", "properties": {"area_ha": 0.008, "dist_km": 1.903, "node": "LOMBA 220", "node_mw": 602, "osm_id": 763207204, "municipio": "Lomba"}, "geometry": {"type": "Polygon", "coordinates": [[[-6.64246, 42.57513], [-6.64246, 42.5751], [-6.64254, 42.5751], [-6.64254, 42.57513], [-6.64254, 42.57521], [-6.64246, 42.57521], [-6.64246, 42.57513]]]}}, {"type": "Feature", "properties": {"area_ha": 0.006, "dist_km": 1.498, "node": "LOMBA 220", "node_mw": 602, "osm_id": 763374301, "municipio": "Lomba"}, "geometry": {"type": "Polygon", "coordinates": [[[-6.6385, 42.57732], [-6.63845, 42.57733], [-6.63845, 42.5773], [-6.63845, 42.57728], [-6.63845, 42.57727], [-6.63848, 42.57726], [-6.63855, 42.57725], [-6.63856, 42.5773], [-6.63854, 42.57731], [-6.63854, 42.57732], [-6.63853, 42.57732], [-6.6385, 42.57732]]]}}, {"type": "Feature", "properties": {"area_ha": 0.003, "dist_km": 1.568, "node": "LOMBA 220", "node_mw": 602, "osm_id": 763374338, "municipio": "Lomba"}, "geometry": {"type": "Polygon", "coordinates": [[[-6.63888, 42.57662], [-6.63893, 42.57663], [-6.63891, 42.57668], [-6.63887, 42.57667], [-6.63886, 42.57667], [-6.63888, 42.57663], [-6.63888, 42.57662]]]}}, {"type": "Feature", "properties": {"area_ha": 0.006, "dist_km": 1.736, "node": "LOMBA 220", "node_mw": 602, "osm_id": 763374396, "municipio": "Lomba"}, "geometry": {"type": "Polygon", "coordinates": [[[-6.64011, 42.57547], [-6.6401, 42.57543], [-6.64028, 42.57543], [-6.64028, 42.57547], [-6.64011, 42.57547]]]}}, {"type": "Feature", "properties": {"area_ha": 0.01, "dist_km": 1.481, "node": "LOMBA 220", "node_mw": 602, "osm_id": 763374411, "municipio": "Lomba"}, "geometry": {"type": "Polygon", "coordinates": [[[-6.63877, 42.57782], [-6.63877, 42.57783], [-6.63867, 42.57783], [-6.63867, 42.57783], [-6.63867, 42.57774], [-6.63883, 42.57773], [-6.63882, 42.57777], [-6.63877, 42.57777], [-6.63877, 42.57782]]]}}, {"type": "Feature", "properties": {"area_ha": 0.001, "dist_km": 1.553, "node": "LOMBA 220", "node_mw": 602, "osm_id": 763374422, "municipio": "Lomba"}, "geometry": {"type": "Polygon", "coordinates": [[[-6.63743, 42.57569], [-6.63749, 42.5757], [-6.63747, 42.57573], [-6.63742, 42.57571], [-6.63743, 42.57569]]]}}, {"type": "Feature", "properties": {"area_ha": 0.002, "dist_km": 1.636, "node": "LOMBA 220", "node_mw": 602, "osm_id": 763374434, "municipio": "Lomba"}, "geometry": {"type": "Polygon", "coordinates": [[[-6.64034, 42.57704], [-6.64029, 42.57703], [-6.64031, 42.57698], [-6.64036, 42.57699], [-6.64034, 42.57704]]]}}, {"type": "Feature", "properties": {"area_ha": 0.034, "dist_km": 1.496, "node": "LOMBA 220", "node_mw": 602, "osm_id": 763374465, "municipio": "Lomba"}, "geometry": {"type": "Polygon", "coordinates": [[[-6.63901, 42.57794], [-6.63901, 42.57793], [-6.63902, 42.57782], [-6.63908, 42.57782], [-6.63919, 42.57783], [-6.63918, 42.57794], [-6.63922, 42.57795], [-6.63922, 42.57796], [-6.63922, 42.57796], [-6.63921, 42.57801], [-6.6391, 42.57804], [-6.63902, 42.57805], [-6.63901, 42.57794]]]}}, {"type": "Feature", "properties": {"area_ha": 0.007, "dist_km": 1.817, "node": "LOMBA 220", "node_mw": 602, "osm_id": 763374466, "municipio": "Lomba"}, "geometry": {"type": "Polygon", "coordinates": [[[-6.64177, 42.57569], [-6.64184, 42.57569], [-6.64182, 42.5758], [-6.64175, 42.57579], [-6.64177, 42.57569]]]}}, {"type": "Feature", "properties": {"area_ha": 0.002, "dist_km": 1.603, "node": "LOMBA 220", "node_mw": 602, "osm_id": 763374470, "municipio": "Lomba"}, "geometry": {"type": "Polygon", "coordinates": [[[-6.63975, 42.57692], [-6.63979, 42.57693], [-6.63976, 42.57698], [-6.63973, 42.57697], [-6.63975, 42.57692]]]}}, {"type": "Feature", "properties": {"area_ha": 0.018, "dist_km": 1.771, "node": "LOMBA 220", "node_mw": 602, "osm_id": 763374472, "municipio": "Lomba"}, "geometry": {"type": "Polygon", "coordinates": [[[-6.63994, 42.57475], [-6.63993, 42.5748], [-6.63993, 42.5748], [-6.63981, 42.57479], [-6.63977, 42.57478], [-6.6398, 42.57467], [-6.6399, 42.57469], [-6.63991, 42.57465], [-6.63997, 42.57466], [-6.63994, 42.57475]]]}}, {"type": "Feature", "properties": {"area_ha": 0.056, "dist_km": 1.722, "node": "LOMBA 220", "node_mw": 602, "osm_id": 763374480, "municipio": "Lomba"}, "geometry": {"type": "Polygon", "coordinates": [[[-6.63834, 42.57416], [-6.63785, 42.57407], [-6.63787, 42.57401], [-6.63794, 42.57402], [-6.63794, 42.57401], [-6.63789, 42.574], [-6.63785, 42.57395], [-6.63787, 42.5739], [-6.63793, 42.57392], [-6.63796, 42.57397], [-6.63838, 42.57405], [-6.63834, 42.57416]]]}}, {"type": "Feature", "properties": {"area_ha": 0.013, "dist_km": 1.746, "node": "LOMBA 220", "node_mw": 602, "osm_id": 763374492, "municipio": "Lomba"}, "geometry": {"type": "Polygon", "coordinates": [[[-6.64028, 42.57535], [-6.64041, 42.57536], [-6.6404, 42.5754], [-6.6404, 42.57545], [-6.6404, 42.57546], [-6.64036, 42.57545], [-6.64035, 42.57549], [-6.64028, 42.57549], [-6.64028, 42.57547], [-6.64028, 42.57543], [-6.64028, 42.57535]]]}}, {"type": "Feature", "properties": {"area_ha": 0.003, "dist_km": 1.546, "node": "LOMBA 220", "node_mw": 602, "osm_id": 763374505, "municipio": "Lomba"}, "geometry": {"type": "Polygon", "coordinates": [[[-6.63881, 42.5769], [-6.63882, 42.5769], [-6.63886, 42.5769], [-6.63886, 42.57691], [-6.63887, 42.57697], [-6.63882, 42.57697], [-6.63881, 42.5769]]]}}, {"type": "Feature", "properties": {"area_ha": 0.021, "dist_km": 1.721, "node": "LOMBA 220", "node_mw": 602, "osm_id": 763374507, "municipio": "Lomba"}, "geometry": {"type": "Polygon", "coordinates": [[[-6.63753, 42.57395], [-6.63747, 42.57394], [-6.63759, 42.57355], [-6.63765, 42.57356], [-6.63753, 42.57395]]]}}, {"type": "Feature", "properties": {"area_ha": 0.008, "dist_km": 1.629, "node": "LOMBA 220", "node_mw": 602, "osm_id": 763374508, "municipio": "Lomba"}, "geometry": {"type": "Polygon", "coordinates": [[[-6.63919, 42.57599], [-6.63918, 42.57603], [-6.63898, 42.576], [-6.63899, 42.57596], [-6.63919, 42.57598], [-6.63919, 42.57599]]]}}, {"type": "Feature", "properties": {"area_ha": 0.008, "dist_km": 1.522, "node": "LOMBA 220", "node_mw": 602, "osm_id": 763374510, "municipio": "Lomba"}, "geometry": {"type": "Polygon", "coordinates": [[[-6.63852, 42.57691], [-6.63855, 42.5769], [-6.63859, 42.57694], [-6.63857, 42.57695], [-6.63849, 42.57698], [-6.6384, 42.57701], [-6.63838, 42.57697], [-6.63847, 42.57696], [-6.63846, 42.57694], [-6.63852, 42.57691]]]}}, {"type": "Feature", "properties": {"area_ha": 0.014, "dist_km": 1.642, "node": "LOMBA 220", "node_mw": 602, "osm_id": 763374511, "municipio": "Lomba"}, "geometry": {"type": "Polygon", "coordinates": [[[-6.63929, 42.57597], [-6.63929, 42.57599], [-6.63919, 42.57599], [-6.63919, 42.57598], [-6.63919, 42.57597], [-6.63922, 42.57581], [-6.6393, 42.57582], [-6.63929, 42.57597]]]}}, {"type": "Feature", "properties": {"area_ha": 0.013, "dist_km": 1.739, "node": "LOMBA 220", "node_mw": 602, "osm_id": 763374519, "municipio": "Lomba"}, "geometry": {"type": "Polygon", "coordinates": [[[-6.63877, 42.57434], [-6.63867, 42.57434], [-6.63867, 42.57431], [-6.63859, 42.57431], [-6.63859, 42.57428], [-6.63889, 42.5743], [-6.63889, 42.57432], [-6.63889, 42.57433], [-6.63888, 42.57435], [-6.63877, 42.57434]]]}}, {"type": "Feature", "properties": {"area_ha": 0.003, "dist_km": 1.681, "node": "LOMBA 220", "node_mw": 602, "osm_id": 763374539, "municipio": "Lomba"}, "geometry": {"type": "Polygon", "coordinates": [[[-6.64091, 42.57693], [-6.64093, 42.57693], [-6.64102, 42.57694], [-6.64101, 42.57698], [-6.64094, 42.57697], [-6.64094, 42.57695], [-6.64091, 42.57695], [-6.64091, 42.57693]]]}}, {"type": "Feature", "properties": {"area_ha": 0.01, "dist_km": 1.519, "node": "LOMBA 220", "node_mw": 602, "osm_id": 763374540, "municipio": "Lomba"}, "geometry": {"type": "Polygon", "coordinates": [[[-6.6369, 42.57576], [-6.63683, 42.57574], [-6.63685, 42.57569], [-6.63702, 42.57573], [-6.63698, 42.5758], [-6.6369, 42.57577], [-6.6369, 42.57576]]]}}, {"type": "Feature", "properties": {"area_ha": 0.008, "dist_km": 1.436, "node": "LOMBA 220", "node_mw": 602, "osm_id": 763374560, "municipio": "Lomba"}, "geometry": {"type": "Polygon", "coordinates": [[[-6.63831, 42.57812], [-6.63828, 42.57801], [-6.63836, 42.578], [-6.63838, 42.57811], [-6.63831, 42.57812]]]}}, {"type": "Feature", "properties": {"area_ha": 0.003, "dist_km": 1.503, "node": "LOMBA 220", "node_mw": 602, "osm_id": 763374602, "municipio": "Lomba"}, "geometry": {"type": "Polygon", "coordinates": [[[-6.63894, 42.57758], [-6.63895, 42.57766], [-6.6389, 42.57766], [-6.6389, 42.57758], [-6.63894, 42.57758]]]}}, {"type": "Feature", "properties": {"area_ha": 0.002, "dist_km": 1.803, "node": "LOMBA 220", "node_mw": 602, "osm_id": 763374607, "municipio": "Lomba"}, "geometry": {"type": "Polygon", "coordinates": [[[-6.64173, 42.57587], [-6.64176, 42.57588], [-6.64176, 42.57593], [-6.64172, 42.57593], [-6.64173, 42.57587]]]}}, {"type": "Feature", "properties": {"area_ha": 0.002, "dist_km": 1.453, "node": "LOMBA 220", "node_mw": 602, "osm_id": 763374616, "municipio": "Lomba"}, "geometry": {"type": "Polygon", "coordinates": [[[-6.63846, 42.57797], [-6.63848, 42.57793], [-6.63852, 42.57794], [-6.6385, 42.57798], [-6.63846, 42.57797]]]}}, {"type": "Feature", "properties": {"area_ha": 0.007, "dist_km": 1.648, "node": "LOMBA 220", "node_mw": 602, "osm_id": 763374631, "municipio": "Lomba"}, "geometry": {"type": "Polygon", "coordinates": [[[-6.64008, 42.57661], [-6.63999, 42.5766], [-6.64003, 42.57652], [-6.64012, 42.57653], [-6.64008, 42.57661]]]}}, {"type": "Feature", "properties": {"area_ha": 0.01, "dist_km": 1.534, "node": "LOMBA 220", "node_mw": 602, "osm_id": 763374636, "municipio": "Lomba"}, "geometry": {"type": "Polygon", "coordinates": [[[-6.63734, 42.57591], [-6.63729, 42.5759], [-6.63724, 42.57589], [-6.63727, 42.5758], [-6.63732, 42.57581], [-6.6373, 42.57586], [-6.63735, 42.57588], [-6.63737, 42.57582], [-6.63742, 42.57583], [-6.63738, 42.57592], [-6.63734, 42.57591]]]}}, {"type": "Feature", "properties": {"area_ha": 0.006, "dist_km": 1.498, "node": "LOMBA 220", "node_mw": 602, "osm_id": 763374653, "municipio": "Lomba"}, "geometry": {"type": "Polygon", "coordinates": [[[-6.63891, 42.57769], [-6.639, 42.57769], [-6.63897, 42.57777], [-6.63889, 42.57776], [-6.63891, 42.57769]]]}}, {"type": "Feature", "properties": {"area_ha": 0.03, "dist_km": 1.786, "node": "LOMBA 220", "node_mw": 602, "osm_id": 763374666, "municipio": "Lomba"}, "geometry": {"type": "Polygon", "coordinates": [[[-6.63999, 42.5746], [-6.63989, 42.57459], [-6.63988, 42.57461], [-6.63983, 42.5746], [-6.63978, 42.57459], [-6.6398, 42.57455], [-6.63981, 42.57452], [-6.63973, 42.57449], [-6.63975, 42.57446], [-6.63979, 42.57437], [-6.63988, 42.57443], [-6.63984, 42.57447], [-6.63983, 42.57448], [-6.63991, 42.57451], [-6.63997, 42.57455], [-6.63998, 42.57457], [-6.64005, 42.57457], [-6.64006, 42.5746], [-6.64007, 42.57459], [-6.64008, 42.57463], [-6.63999, 42.57464], [-6.63999, 42.5746]]]}}, {"type": "Feature", "properties": {"area_ha": 0.007, "dist_km": 1.867, "node": "LOMBA 220", "node_mw": 602, "osm_id": 763374682, "municipio": "Lomba"}, "geometry": {"type": "Polygon", "coordinates": [[[-6.64035, 42.57377], [-6.64035, 42.57383], [-6.64021, 42.57383], [-6.64021, 42.57377], [-6.64035, 42.57377]]]}}, {"type": "Feature", "properties": {"area_ha": 0.016, "dist_km": 1.719, "node": "LOMBA 220", "node_mw": 602, "osm_id": 763374705, "municipio": "Lomba"}, "geometry": {"type": "Polygon", "coordinates": [[[-6.63843, 42.57426], [-6.63852, 42.57426], [-6.63851, 42.57439], [-6.63842, 42.57438], [-6.63843, 42.57433], [-6.63827, 42.57432], [-6.63827, 42.57428], [-6.63843, 42.57429], [-6.63843, 42.57426]]]}}, {"type": "Feature", "properties": {"area_ha": 0.017, "dist_km": 1.488, "node": "LOMBA 220", "node_mw": 602, "osm_id": 763374714, "municipio": "Lomba"}, "geometry": {"type": "Polygon", "coordinates": [[[-6.63901, 42.57793], [-6.63901, 42.57794], [-6.63885, 42.57793], [-6.63888, 42.57781], [-6.63902, 42.57782], [-6.63901, 42.57793]]]}}, {"type": "Feature", "properties": {"area_ha": 0.006, "dist_km": 1.537, "node": "LOMBA 220", "node_mw": 602, "osm_id": 763374716, "municipio": "Lomba"}, "geometry": {"type": "Polygon", "coordinates": [[[-6.63708, 42.57558], [-6.63711, 42.57559], [-6.63707, 42.57566], [-6.63695, 42.57563], [-6.637, 42.57561], [-6.63705, 42.57562], [-6.63706, 42.57561], [-6.63702, 42.5756], [-6.63708, 42.57558]]]}}, {"type": "Feature", "properties": {"area_ha": 0.001, "dist_km": 1.571, "node": "LOMBA 220", "node_mw": 602, "osm_id": 763374717, "municipio": "Lomba"}, "geometry": {"type": "Polygon", "coordinates": [[[-6.63866, 42.57641], [-6.6387, 42.57642], [-6.63869, 42.57645], [-6.63866, 42.57644], [-6.63866, 42.57641]]]}}, {"type": "Feature", "properties": {"area_ha": 0.019, "dist_km": 1.682, "node": "LOMBA 220", "node_mw": 602, "osm_id": 763374738, "municipio": "Lomba"}, "geometry": {"type": "Polygon", "coordinates": [[[-6.63956, 42.57566], [-6.63947, 42.57569], [-6.63946, 42.57569], [-6.6394, 42.57559], [-6.63943, 42.57558], [-6.63941, 42.57554], [-6.63942, 42.57553], [-6.63947, 42.57552], [-6.63947, 42.57553], [-6.63952, 42.57552], [-6.63957, 42.57562], [-6.63957, 42.57563], [-6.63958, 42.57566], [-6.63956, 42.57566]]]}}, {"type": "Feature", "properties": {"area_ha": 0.005, "dist_km": 1.593, "node": "LOMBA 220", "node_mw": 602, "osm_id": 763374749, "municipio": "Lomba"}, "geometry": {"type": "Polygon", "coordinates": [[[-6.63948, 42.57689], [-6.63948, 42.57688], [-6.6395, 42.57684], [-6.63962, 42.57688], [-6.6396, 42.57692], [-6.63948, 42.57689]]]}}, {"type": "Feature", "properties": {"area_ha": 0.001, "dist_km": 1.463, "node": "LOMBA 220", "node_mw": 602, "osm_id": 763374750, "municipio": "Lomba"}, "geometry": {"type": "Polygon", "coordinates": [[[-6.63845, 42.5778], [-6.63845, 42.5778], [-6.63845, 42.57777], [-6.6385, 42.57777], [-6.6385, 42.5778], [-6.63845, 42.5778]]]}}, {"type": "Feature", "properties": {"area_ha": 0.003, "dist_km": 1.548, "node": "LOMBA 220", "node_mw": 602, "osm_id": 763374769, "municipio": "Lomba"}, "geometry": {"type": "Polygon", "coordinates": [[[-6.63886, 42.57691], [-6.63891, 42.5769], [-6.63892, 42.57696], [-6.63887, 42.57697], [-6.63886, 42.57691]]]}}, {"type": "Feature", "properties": {"area_ha": 0.015, "dist_km": 1.612, "node": "LOMBA 220", "node_mw": 602, "osm_id": 763374779, "municipio": "Lomba"}, "geometry": {"type": "Polygon", "coordinates": [[[-6.63871, 42.57604], [-6.63874, 42.57598], [-6.63901, 42.57602], [-6.63899, 42.57608], [-6.63871, 42.57604]]]}}, {"type": "Feature", "properties": {"area_ha": 0.003, "dist_km": 1.767, "node": "LOMBA 220", "node_mw": 602, "osm_id": 763374786, "municipio": "Lomba"}, "geometry": {"type": "Polygon", "coordinates": [[[-6.64213, 42.57681], [-6.64214, 42.57686], [-6.64208, 42.57686], [-6.64208, 42.57681], [-6.64213, 42.57681]]]}}, {"type": "Feature", "properties": {"area_ha": 0.008, "dist_km": 1.725, "node": "LOMBA 220", "node_mw": 602, "osm_id": 763374793, "municipio": "Lomba"}, "geometry": {"type": "Polygon", "coordinates": [[[-6.64197, 42.57731], [-6.64182, 42.57732], [-6.64182, 42.57726], [-6.64196, 42.57725], [-6.64197, 42.57731]]]}}, {"type": "Feature", "properties": {"area_ha": 0.003, "dist_km": 1.691, "node": "LOMBA 220", "node_mw": 602, "osm_id": 763374798, "municipio": "Lomba"}, "geometry": {"type": "Polygon", "coordinates": [[[-6.64201, 42.57806], [-6.64213, 42.57805], [-6.64214, 42.57808], [-6.64201, 42.57809], [-6.64201, 42.57806]]]}}, {"type": "Feature", "properties": {"area_ha": 0.001, "dist_km": 1.923, "node": "LOMBA 220", "node_mw": 602, "osm_id": 763374800, "municipio": "Lomba"}, "geometry": {"type": "Polygon", "coordinates": [[[-6.6451, 42.57776], [-6.6451, 42.57777], [-6.6451, 42.57779], [-6.64503, 42.57778], [-6.64503, 42.57776], [-6.6451, 42.57776]]]}}, {"type": "Feature", "properties": {"area_ha": 0.005, "dist_km": 1.767, "node": "LOMBA 220", "node_mw": 602, "osm_id": 763374801, "municipio": "Lomba"}, "geometry": {"type": "Polygon", "coordinates": [[[-6.64229, 42.57695], [-6.64229, 42.57702], [-6.64221, 42.57703], [-6.64222, 42.57696], [-6.64229, 42.57695]]]}}, {"type": "Feature", "properties": {"area_ha": 0.011, "dist_km": 1.746, "node": "LOMBA 220", "node_mw": 602, "osm_id": 763374803, "municipio": "Lomba"}, "geometry": {"type": "Polygon", "coordinates": [[[-6.64202, 42.57693], [-6.64203, 42.57699], [-6.642, 42.577], [-6.64192, 42.57701], [-6.64184, 42.57702], [-6.64184, 42.57694], [-6.64184, 42.57694], [-6.64189, 42.57693], [-6.64189, 42.57695], [-6.64202, 42.57693]]]}}, {"type": "Feature", "properties": {"area_ha": 0.003, "dist_km": 1.937, "node": "LOMBA 220", "node_mw": 602, "osm_id": 763374807, "municipio": "Lomba"}, "geometry": {"type": "Polygon", "coordinates": [[[-6.64532, 42.57786], [-6.64538, 42.57786], [-6.64537, 42.57792], [-6.64531, 42.57791], [-6.64532, 42.57786]]]}}, {"type": "Feature", "properties": {"area_ha": 0.004, "dist_km": 1.805, "node": "LOMBA 220", "node_mw": 602, "osm_id": 763374808, "municipio": "Lomba"}, "geometry": {"type": "Polygon", "coordinates": [[[-6.64306, 42.57724], [-6.64307, 42.57731], [-6.64302, 42.57731], [-6.643, 42.57724], [-6.64306, 42.57724]]]}}, {"type": "Feature", "properties": {"area_ha": 0.004, "dist_km": 1.717, "node": "LOMBA 220", "node_mw": 602, "osm_id": 763374811, "municipio": "Lomba"}, "geometry": {"type": "Polygon", "coordinates": [[[-6.64182, 42.57726], [-6.64182, 42.57732], [-6.64174, 42.57732], [-6.64175, 42.57726], [-6.64182, 42.57726]]]}}, {"type": "Feature", "properties": {"area_ha": 0.002, "dist_km": 1.747, "node": "LOMBA 220", "node_mw": 602, "osm_id": 763374814, "municipio": "Lomba"}, "geometry": {"type": "Polygon", "coordinates": [[[-6.6424, 42.57754], [-6.64241, 42.5775], [-6.64246, 42.57751], [-6.64245, 42.57755], [-6.6424, 42.57754]]]}}, {"type": "Feature", "properties": {"area_ha": 0.009, "dist_km": 2.075, "node": "LOMBA 220", "node_mw": 602, "osm_id": 763374815, "municipio": "Lomba"}, "geometry": {"type": "Polygon", "coordinates": [[[-6.64639, 42.57681], [-6.6464, 42.57664], [-6.64646, 42.57664], [-6.64645, 42.57681], [-6.64639, 42.57681]]]}}, {"type": "Feature", "properties": {"area_ha": 0.006, "dist_km": 2.032, "node": "LOMBA 220", "node_mw": 602, "osm_id": 763374817, "municipio": "Lomba"}, "geometry": {"type": "Polygon", "coordinates": [[[-6.64606, 42.57714], [-6.64607, 42.57704], [-6.64613, 42.57704], [-6.64613, 42.57715], [-6.64606, 42.57714]]]}}, {"type": "Feature", "properties": {"area_ha": 0.003, "dist_km": 1.824, "node": "LOMBA 220", "node_mw": 602, "osm_id": 763374818, "municipio": "Lomba"}, "geometry": {"type": "Polygon", "coordinates": [[[-6.64317, 42.57711], [-6.64322, 42.57711], [-6.64323, 42.57717], [-6.64318, 42.57717], [-6.64317, 42.57712], [-6.64317, 42.57711]]]}}, {"type": "Feature", "properties": {"area_ha": 0.009, "dist_km": 1.735, "node": "LOMBA 220", "node_mw": 602, "osm_id": 763374827, "municipio": "Lomba"}, "geometry": {"type": "Polygon", "coordinates": [[[-6.6421, 42.57724], [-6.64211, 42.57731], [-6.64206, 42.57731], [-6.64197, 42.57731], [-6.64196, 42.57725], [-6.64205, 42.57724], [-6.6421, 42.57724]]]}}, {"type": "Feature", "properties": {"area_ha": 0.015, "dist_km": 1.774, "node": "LOMBA 220", "node_mw": 602, "osm_id": 763374849, "municipio": "Lomba"}, "geometry": {"type": "Polygon", "coordinates": [[[-6.64293, 42.57749], [-6.64293, 42.57756], [-6.64288, 42.57756], [-6.64288, 42.57765], [-6.64276, 42.57765], [-6.64277, 42.5776], [-6.6428, 42.5776], [-6.6428, 42.57756], [-6.64282, 42.57756], [-6.64282, 42.57749], [-6.64293, 42.57749]]]}}, {"type": "Feature", "properties": {"area_ha": 0.009, "dist_km": 1.827, "node": "LOMBA 220", "node_mw": 602, "osm_id": 763374855, "municipio": "Lomba"}, "geometry": {"type": "Polygon", "coordinates": [[[-6.64357, 42.57739], [-6.64357, 42.57745], [-6.64348, 42.57745], [-6.64341, 42.57745], [-6.64341, 42.57744], [-6.64342, 42.57739], [-6.64357, 42.57739]]]}}, {"type": "Feature", "properties": {"area_ha": 0.003, "dist_km": 1.823, "node": "LOMBA 220", "node_mw": 602, "osm_id": 763374857, "municipio": "Lomba"}, "geometry": {"type": "Polygon", "coordinates": [[[-6.64359, 42.57765], [-6.64353, 42.57765], [-6.64352, 42.5776], [-6.64355, 42.5776], [-6.64355, 42.57759], [-6.64357, 42.5776], [-6.6436, 42.5776], [-6.6436, 42.57765], [-6.64359, 42.57765]]]}}, {"type": "Feature", "properties": {"area_ha": 0.001, "dist_km": 1.807, "node": "LOMBA 220", "node_mw": 602, "osm_id": 763374858, "municipio": "Lomba"}, "geometry": {"type": "Polygon", "coordinates": [[[-6.643, 42.57724], [-6.643, 42.57722], [-6.64306, 42.57721], [-6.64306, 42.57724], [-6.643, 42.57724]]]}}, {"type": "Feature", "properties": {"area_ha": 0.008, "dist_km": 1.804, "node": "LOMBA 220", "node_mw": 602, "osm_id": 763374865, "municipio": "Lomba"}, "geometry": {"type": "Polygon", "coordinates": [[[-6.64314, 42.57746], [-6.64314, 42.57741], [-6.64321, 42.57741], [-6.64321, 42.57746], [-6.64322, 42.57747], [-6.64322, 42.57753], [-6.64315, 42.57752], [-6.64314, 42.57746]]]}}, {"type": "Feature", "properties": {"area_ha": 0.004, "dist_km": 1.751, "node": "LOMBA 220", "node_mw": 602, "osm_id": 763374872, "municipio": "Lomba"}, "geometry": {"type": "Polygon", "coordinates": [[[-6.64217, 42.57709], [-6.64219, 42.57715], [-6.64214, 42.57716], [-6.64211, 42.57714], [-6.64209, 42.5771], [-6.64217, 42.57709]]]}}, {"type": "Feature", "properties": {"area_ha": 0.012, "dist_km": 1.864, "node": "LOMBA 220", "node_mw": 602, "osm_id": 763374874, "municipio": "Lomba"}, "geometry": {"type": "Polygon", "coordinates": [[[-6.64384, 42.57705], [-6.64385, 42.57711], [-6.64362, 42.57711], [-6.64361, 42.57706], [-6.64384, 42.57705]]]}}, {"type": "Feature", "properties": {"area_ha": 0.005, "dist_km": 1.823, "node": "LOMBA 220", "node_mw": 602, "osm_id": 763374881, "municipio": "Lomba"}, "geometry": {"type": "Polygon", "coordinates": [[[-6.64308, 42.57704], [-6.64316, 42.57703], [-6.64317, 42.57711], [-6.64309, 42.57711], [-6.64308, 42.57704]]]}}, {"type": "Feature", "properties": {"area_ha": 0.005, "dist_km": 1.807, "node": "LOMBA 220", "node_mw": 602, "osm_id": 763374885, "municipio": "Lomba"}, "geometry": {"type": "Polygon", "coordinates": [[[-6.64332, 42.57753], [-6.64322, 42.57753], [-6.64322, 42.57753], [-6.64322, 42.57747], [-6.6433, 42.57747], [-6.64332, 42.57753]]]}}, {"type": "Feature", "properties": {"area_ha": 0.012, "dist_km": 2.023, "node": "LOMBA 220", "node_mw": 602, "osm_id": 763374891, "municipio": "Lomba"}, "geometry": {"type": "Polygon", "coordinates": [[[-6.64605, 42.57727], [-6.64599, 42.57728], [-6.64598, 42.5772], [-6.64606, 42.5772], [-6.64606, 42.57714], [-6.64613, 42.57715], [-6.64612, 42.57726], [-6.64609, 42.57726], [-6.64609, 42.57727], [-6.64606, 42.57727], [-6.64605, 42.57727]]]}}, {"type": "Feature", "properties": {"area_ha": 0.009, "dist_km": 1.78, "node": "LOMBA 220", "node_mw": 602, "osm_id": 763374899, "municipio": "Lomba"}, "geometry": {"type": "Polygon", "coordinates": [[[-6.6433, 42.57813], [-6.64344, 42.57811], [-6.64345, 42.57817], [-6.64343, 42.57818], [-6.6434, 42.57818], [-6.64335, 42.57819], [-6.6433, 42.5782], [-6.6433, 42.57813]]]}}, {"type": "Feature", "properties": {"area_ha": 0.006, "dist_km": 1.838, "node": "LOMBA 220", "node_mw": 602, "osm_id": 763374900, "municipio": "Lomba"}, "geometry": {"type": "Polygon", "coordinates": [[[-6.64313, 42.57673], [-6.64314, 42.57681], [-6.64306, 42.57682], [-6.64304, 42.57674], [-6.64305, 42.57674], [-6.64313, 42.57673]]]}}, {"type": "Feature", "properties": {"area_ha": 0.005, "dist_km": 1.799, "node": "LOMBA 220", "node_mw": 602, "osm_id": 763374914, "municipio": "Lomba"}, "geometry": {"type": "Polygon", "coordinates": [[[-6.643, 42.57724], [-6.64302, 42.57731], [-6.64293, 42.57731], [-6.64293, 42.5773], [-6.64292, 42.57725], [-6.64293, 42.57725], [-6.643, 42.57724]]]}}, {"type": "Feature", "properties": {"area_ha": 0.011, "dist_km": 1.823, "node": "LOMBA 220", "node_mw": 602, "osm_id": 763374919, "municipio": "Lomba"}, "geometry": {"type": "Polygon", "coordinates": [[[-6.64357, 42.57745], [-6.64357, 42.5776], [-6.64355, 42.57759], [-6.64355, 42.5776], [-6.64352, 42.5776], [-6.6435, 42.5776], [-6.6435, 42.57754], [-6.64348, 42.57754], [-6.64348, 42.57745], [-6.64357, 42.57745]]]}}, {"type": "Feature", "properties": {"area_ha": 0.005, "dist_km": 1.82, "node": "LOMBA 220", "node_mw": 602, "osm_id": 763374922, "municipio": "Lomba"}, "geometry": {"type": "Polygon", "coordinates": [[[-6.64318, 42.57717], [-6.64309, 42.57718], [-6.64309, 42.57711], [-6.64317, 42.57711], [-6.64317, 42.57712], [-6.64318, 42.57717]]]}}, {"type": "Feature", "properties": {"area_ha": 0.005, "dist_km": 1.915, "node": "LOMBA 220", "node_mw": 602, "osm_id": 763374924, "municipio": "Lomba"}, "geometry": {"type": "Polygon", "coordinates": [[[-6.64502, 42.57774], [-6.64502, 42.57776], [-6.64502, 42.57778], [-6.64492, 42.57778], [-6.64492, 42.57776], [-6.64487, 42.57776], [-6.64487, 42.57774], [-6.64495, 42.57774], [-6.64502, 42.57774]]]}}, {"type": "Feature", "properties": {"area_ha": 4.486, "dist_km": 0.278, "node": "LOMBA 220", "node_mw": 602, "osm_id": 763374932, "municipio": "Lomba"}, "geometry": {"type": "Polygon", "coordinates": [[[-6.62171, 42.58581], [-6.62156, 42.58592], [-6.62099, 42.58621], [-6.62099, 42.58625], [-6.62099, 42.58633], [-6.62098, 42.58646], [-6.621, 42.58683], [-6.62176, 42.58649], [-6.62216, 42.58703], [-6.6217, 42.58767], [-6.62075, 42.58804], [-6.62065, 42.58811], [-6.62116, 42.58884], [-6.62143, 42.58934], [-6.62222, 42.58909], [-6.62239, 42.5888], [-6.62275, 42.5887], [-6.62357, 42.58868], [-6.62315, 42.58799], [-6.62364, 42.58784], [-6.62278, 42.58691], [-6.62171, 42.58581]]]}}, {"type": "Feature", "properties": {"area_ha": 0.263, "dist_km": 0.236, "node": "LOMBA 220", "node_mw": 602, "osm_id": 763374938, "municipio": "Lomba"}, "geometry": {"type": "Polygon", "coordinates": [[[-6.62109, 42.5862], [-6.62099, 42.58625], [-6.62099, 42.58621], [-6.62156, 42.58592], [-6.62192, 42.5863], [-6.62174, 42.5864], [-6.62174, 42.5864], [-6.62143, 42.58656], [-6.62109, 42.5862]]]}}, {"type": "Feature", "properties": {"area_ha": 0.003, "dist_km": 0.193, "node": "LOMBA 220", "node_mw": 602, "osm_id": 763374946, "municipio": "Lomba"}, "geometry": {"type": "Polygon", "coordinates": [[[-6.62301, 42.58426], [-6.6229, 42.58422], [-6.62292, 42.58419], [-6.62303, 42.58423], [-6.62301, 42.58426]]]}}, {"type": "Feature", "properties": {"area_ha": 0.005, "dist_km": 0.224, "node": "LOMBA 220", "node_mw": 602, "osm_id": 763374947, "municipio": "Lomba"}, "geometry": {"type": "Polygon", "coordinates": [[[-6.62232, 42.58419], [-6.62233, 42.58415], [-6.62249, 42.58419], [-6.62247, 42.58422], [-6.62232, 42.58419]]]}}, {"type": "Feature", "properties": {"area_ha": 0.006, "dist_km": 0.272, "node": "LOMBA 220", "node_mw": 602, "osm_id": 763374949, "municipio": "Lomba"}, "geometry": {"type": "Polygon", "coordinates": [[[-6.62099, 42.58633], [-6.62104, 42.58633], [-6.62104, 42.58646], [-6.62098, 42.58646], [-6.62099, 42.58633]]]}}, {"type": "Feature", "properties": {"area_ha": 0.007, "dist_km": 0.116, "node": "LOMBA 220", "node_mw": 602, "osm_id": 763374950, "municipio": "Lomba"}, "geometry": {"type": "Polygon", "coordinates": [[[-6.6233, 42.58492], [-6.62327, 42.58489], [-6.62345, 42.58479], [-6.62348, 42.58483], [-6.6233, 42.58492]]]}}, {"type": "Feature", "properties": {"area_ha": 0.018, "dist_km": 0.235, "node": "LOMBA 220", "node_mw": 602, "osm_id": 763374952, "municipio": "Lomba"}, "geometry": {"type": "Polygon", "coordinates": [[[-6.62137, 42.5857], [-6.62145, 42.58579], [-6.62129, 42.58587], [-6.62121, 42.58578], [-6.62137, 42.5857]]]}}, {"type": "Feature", "properties": {"area_ha": 0.038, "dist_km": 0.133, "node": "LOMBA 220", "node_mw": 602, "osm_id": 763374953, "municipio": "Lomba"}, "geometry": {"type": "Polygon", "coordinates": [[[-6.62383, 42.58441], [-6.62419, 42.58452], [-6.62413, 42.58462], [-6.62378, 42.58451], [-6.62383, 42.58441]]]}}, {"type": "Feature", "properties": {"area_ha": 0.01, "dist_km": 0.086, "node": "LOMBA 220", "node_mw": 602, "osm_id": 763374954, "municipio": "Lomba"}, "geometry": {"type": "Polygon", "coordinates": [[[-6.62408, 42.5849], [-6.62384, 42.58502], [-6.62382, 42.58499], [-6.62405, 42.58487], [-6.62408, 42.5849]]]}}, {"type": "Feature", "properties": {"area_ha": 0.003, "dist_km": 0.151, "node": "LOMBA 220", "node_mw": 602, "osm_id": 763374955, "municipio": "Lomba"}, "geometry": {"type": "Polygon", "coordinates": [[[-6.62362, 42.58444], [-6.62355, 42.58442], [-6.62358, 42.58438], [-6.62365, 42.58441], [-6.62362, 42.58444]]]}}, {"type": "Feature", "properties": {"area_ha": 0.009, "dist_km": 0.207, "node": "LOMBA 220", "node_mw": 602, "osm_id": 763374956, "municipio": "Lomba"}, "geometry": {"type": "Polygon", "coordinates": [[[-6.62283, 42.58421], [-6.62271, 42.58417], [-6.62275, 42.5841], [-6.62287, 42.58414], [-6.62283, 42.58421]]]}}, {"type": "Feature", "properties": {"area_ha": 0.007, "dist_km": 0.232, "node": "LOMBA 220", "node_mw": 602, "osm_id": 763374957, "municipio": "Lomba"}, "geometry": {"type": "Polygon", "coordinates": [[[-6.62237, 42.58401], [-6.62259, 42.58404], [-6.62258, 42.58407], [-6.62236, 42.58405], [-6.62237, 42.58401]]]}}, {"type": "Feature", "properties": {"area_ha": 0.002, "dist_km": 0.105, "node": "LOMBA 220", "node_mw": 602, "osm_id": 763374958, "municipio": "Lomba"}, "geometry": {"type": "Polygon", "coordinates": [[[-6.62318, 42.58518], [-6.62314, 42.5852], [-6.6231, 42.58516], [-6.62315, 42.58514], [-6.62318, 42.58518]]]}}, {"type": "Feature", "properties": {"area_ha": 0.02, "dist_km": 0.113, "node": "LOMBA 220", "node_mw": 602, "osm_id": 763374962, "municipio": "Lomba"}, "geometry": {"type": "Polygon", "coordinates": [[[-6.62422, 42.58482], [-6.62419, 42.58479], [-6.62462, 42.58457], [-6.62466, 42.5846], [-6.62422, 42.58482]]]}}, {"type": "Feature", "properties": {"area_ha": 0.01, "dist_km": 0.182, "node": "LOMBA 220", "node_mw": 602, "osm_id": 763374963, "municipio": "Lomba"}, "geometry": {"type": "Polygon", "coordinates": [[[-6.62321, 42.58432], [-6.62303, 42.58426], [-6.62306, 42.58421], [-6.62324, 42.58427], [-6.62321, 42.58432]]]}}, {"type": "Feature", "properties": {"area_ha": 0.027, "dist_km": 0.625, "node": "LOMBA 220", "node_mw": 602, "osm_id": 763374964, "municipio": "Lomba"}, "geometry": {"type": "Polygon", "coordinates": [[[-6.61843, 42.58924], [-6.61857, 42.58939], [-6.61841, 42.58947], [-6.61835, 42.5894], [-6.61839, 42.58938], [-6.61831, 42.5893], [-6.61843, 42.58924]]]}}, {"type": "Feature", "properties": {"area_ha": 0.002, "dist_km": 0.223, "node": "LOMBA 220", "node_mw": 602, "osm_id": 763374968, "municipio": "Lomba"}, "geometry": {"type": "Polygon", "coordinates": [[[-6.62264, 42.58409], [-6.62259, 42.58407], [-6.62261, 42.58404], [-6.62266, 42.58405], [-6.62264, 42.58409]]]}}, {"type": "Feature", "properties": {"area_ha": 0.054, "dist_km": 2.374, "node": "LOMBA 220", "node_mw": 602, "osm_id": 763484798, "municipio": "Lomba"}, "geometry": {"type": "Polygon", "coordinates": [[[-6.63566, 42.56617], [-6.63531, 42.56608], [-6.63539, 42.56593], [-6.63573, 42.56602], [-6.63566, 42.56617]]]}}, {"type": "Feature", "properties": {"area_ha": 0.001, "dist_km": 2.55, "node": "LOMBA 220", "node_mw": 602, "osm_id": 763484800, "municipio": "Lomba"}, "geometry": {"type": "Polygon", "coordinates": [[[-6.6373, 42.56489], [-6.63736, 42.5649], [-6.63736, 42.56492], [-6.6373, 42.56491], [-6.6373, 42.56489]]]}}, {"type": "Feature", "properties": {"area_ha": 0.052, "dist_km": 2.525, "node": "LOMBA 220", "node_mw": 602, "osm_id": 763484801, "municipio": "Lomba"}, "geometry": {"type": "Polygon", "coordinates": [[[-6.6373, 42.56528], [-6.63722, 42.56527], [-6.63721, 42.56532], [-6.6371, 42.56526], [-6.63723, 42.56494], [-6.63735, 42.56496], [-6.63735, 42.56498], [-6.63734, 42.56501], [-6.6373, 42.56528]]]}}, {"type": "Feature", "properties": {"area_ha": 0.067, "dist_km": 2.438, "node": "LOMBA 220", "node_mw": 602, "osm_id": 763484811, "municipio": "Lomba"}, "geometry": {"type": "Polygon", "coordinates": [[[-6.63654, 42.5656], [-6.63667, 42.56565], [-6.63653, 42.56584], [-6.63639, 42.56579], [-6.63636, 42.56583], [-6.63611, 42.56572], [-6.6362, 42.5656], [-6.63645, 42.56571], [-6.63647, 42.56568], [-6.63651, 42.56563], [-6.63654, 42.5656]]]}}, {"type": "Feature", "properties": {"area_ha": 0.003, "dist_km": 2.495, "node": "LOMBA 220", "node_mw": 602, "osm_id": 763484833, "municipio": "Lomba"}, "geometry": {"type": "Polygon", "coordinates": [[[-6.63847, 42.56584], [-6.63842, 42.5659], [-6.63839, 42.56589], [-6.63844, 42.56582], [-6.63847, 42.56584]]]}}, {"type": "Feature", "properties": {"area_ha": 0.081, "dist_km": 2.434, "node": "LOMBA 220", "node_mw": 602, "osm_id": 763484860, "municipio": "Lomba"}, "geometry": {"type": "Polygon", "coordinates": [[[-6.64189, 42.5678], [-6.64158, 42.56817], [-6.64141, 42.56809], [-6.64148, 42.568], [-6.64171, 42.56773], [-6.64189, 42.5678]]]}}, {"type": "Feature", "properties": {"area_ha": 0.009, "dist_km": 2.595, "node": "LOMBA 220", "node_mw": 602, "osm_id": 763484887, "municipio": "Lomba"}, "geometry": {"type": "Polygon", "coordinates": [[[-6.64353, 42.56716], [-6.64354, 42.56713], [-6.64356, 42.56714], [-6.64354, 42.56722], [-6.64355, 42.56722], [-6.64353, 42.56731], [-6.64346, 42.5673], [-6.64348, 42.56721], [-6.6435, 42.56721], [-6.64352, 42.56716], [-6.64353, 42.56716]]]}}, {"type": "Feature", "properties": {"area_ha": 0.002, "dist_km": 2.743, "node": "LOMBA 220", "node_mw": 602, "osm_id": 763484889, "municipio": "Lomba"}, "geometry": {"type": "Polygon", "coordinates": [[[-6.64332, 42.56544], [-6.64336, 42.56544], [-6.64335, 42.56549], [-6.64331, 42.56548], [-6.64332, 42.56544], [-6.64332, 42.56544]]]}}, {"type": "Feature", "properties": {"area_ha": 0.008, "dist_km": 2.464, "node": "LOMBA 220", "node_mw": 602, "osm_id": 763484908, "municipio": "Lomba"}, "geometry": {"type": "Polygon", "coordinates": [[[-6.64473, 42.56947], [-6.64485, 42.56952], [-6.64482, 42.56955], [-6.64483, 42.56956], [-6.6448, 42.56959], [-6.64476, 42.56957], [-6.64478, 42.56955], [-6.6447, 42.56951], [-6.64473, 42.56947]]]}}, {"type": "Feature", "properties": {"area_ha": 0.002, "dist_km": 2.766, "node": "LOMBA 220", "node_mw": 602, "osm_id": 763484930, "municipio": "Lomba"}, "geometry": {"type": "Polygon", "coordinates": [[[-6.64376, 42.56538], [-6.64374, 42.56543], [-6.6437, 42.56542], [-6.64372, 42.56537], [-6.64376, 42.56538]]]}}, {"type": "Feature", "properties": {"area_ha": 0.051, "dist_km": 2.57, "node": "LOMBA 220", "node_mw": 602, "osm_id": 763484949, "municipio": "Lomba"}, "geometry": {"type": "Polygon", "coordinates": [[[-6.64591, 42.56901], [-6.64584, 42.5691], [-6.64576, 42.56919], [-6.64558, 42.5691], [-6.64572, 42.56893], [-6.64587, 42.56899], [-6.64602, 42.5688], [-6.64606, 42.56882], [-6.64603, 42.56887], [-6.64595, 42.56897], [-6.64591, 42.56901]]]}}, {"type": "Feature", "properties": {"area_ha": 0.004, "dist_km": 2.622, "node": "LOMBA 220", "node_mw": 602, "osm_id": 763484951, "municipio": "Lomba"}, "geometry": {"type": "Polygon", "coordinates": [[[-6.64439, 42.56738], [-6.64447, 42.5674], [-6.64446, 42.56744], [-6.64437, 42.56742], [-6.64439, 42.56738]]]}}, {"type": "Feature", "properties": {"area_ha": 0.008, "dist_km": 2.657, "node": "LOMBA 220", "node_mw": 602, "osm_id": 763484987, "municipio": "Lomba"}, "geometry": {"type": "Polygon", "coordinates": [[[-6.64383, 42.56665], [-6.64361, 42.56662], [-6.64362, 42.56658], [-6.64383, 42.5666], [-6.64383, 42.56665]]]}}, {"type": "Feature", "properties": {"area_ha": 0.013, "dist_km": 2.505, "node": "LOMBA 220", "node_mw": 602, "osm_id": 763484989, "municipio": "Lomba"}, "geometry": {"type": "Polygon", "coordinates": [[[-6.64538, 42.56937], [-6.64537, 42.56937], [-6.64533, 42.56943], [-6.64531, 42.56945], [-6.64531, 42.56945], [-6.6452, 42.56941], [-6.6452, 42.5694], [-6.64527, 42.56932], [-6.64528, 42.56931], [-6.64539, 42.56936], [-6.64538, 42.56937]]]}}, {"type": "Feature", "properties": {"area_ha": 0.002, "dist_km": 2.745, "node": "LOMBA 220", "node_mw": 602, "osm_id": 763485009, "municipio": "Lomba"}, "geometry": {"type": "Polygon", "coordinates": [[[-6.64329, 42.56539], [-6.64333, 42.56539], [-6.64332, 42.56544], [-6.64332, 42.56544], [-6.64328, 42.56543], [-6.64329, 42.56539]]]}}, {"type": "Feature", "properties": {"area_ha": 0.013, "dist_km": 2.489, "node": "LOMBA 220", "node_mw": 602, "osm_id": 763485018, "municipio": "Lomba"}, "geometry": {"type": "Polygon", "coordinates": [[[-6.64488, 42.56942], [-6.645, 42.56927], [-6.64508, 42.5693], [-6.64495, 42.56945], [-6.64488, 42.56942]]]}}, {"type": "Feature", "properties": {"area_ha": 0.001, "dist_km": 2.765, "node": "LOMBA 220", "node_mw": 602, "osm_id": 763485029, "municipio": "Lomba"}, "geometry": {"type": "Polygon", "coordinates": [[[-6.64366, 42.56537], [-6.64369, 42.56538], [-6.64369, 42.5654], [-6.64366, 42.56539], [-6.64366, 42.56537]]]}}, {"type": "Feature", "properties": {"area_ha": 0.081, "dist_km": 2.552, "node": "LOMBA 220", "node_mw": 602, "osm_id": 763485031, "municipio": "Lomba"}, "geometry": {"type": "Polygon", "coordinates": [[[-6.64525, 42.56848], [-6.64543, 42.56857], [-6.64534, 42.56868], [-6.64524, 42.56881], [-6.64522, 42.56884], [-6.64517, 42.56889], [-6.64515, 42.56892], [-6.64497, 42.56883], [-6.64525, 42.56848]]]}}, {"type": "Feature", "properties": {"area_ha": 0.013, "dist_km": 2.728, "node": "LOMBA 220", "node_mw": 602, "osm_id": 763485038, "municipio": "Lomba"}, "geometry": {"type": "Polygon", "coordinates": [[[-6.64415, 42.56599], [-6.64427, 42.56604], [-6.64419, 42.56613], [-6.64408, 42.56609], [-6.64415, 42.56599]]]}}, {"type": "Feature", "properties": {"area_ha": 0.167, "dist_km": 2.541, "node": "LOMBA 220", "node_mw": 602, "osm_id": 763485063, "municipio": "Lomba"}, "geometry": {"type": "Polygon", "coordinates": [[[-6.64453, 42.56864], [-6.64422, 42.5685], [-6.64424, 42.56847], [-6.6445, 42.56815], [-6.64451, 42.56814], [-6.64488, 42.56831], [-6.64459, 42.56867], [-6.64453, 42.56864]]]}}, {"type": "Feature", "properties": {"area_ha": 0.005, "dist_km": 2.638, "node": "LOMBA 220", "node_mw": 602, "osm_id": 763485074, "municipio": "Lomba"}, "geometry": {"type": "Polygon", "coordinates": [[[-6.64236, 42.56617], [-6.64239, 42.56607], [-6.64246, 42.56608], [-6.64244, 42.56614], [-6.6424, 42.56613], [-6.64238, 42.56617], [-6.64236, 42.56617]]]}}, {"type": "Feature", "properties": {"area_ha": 0.053, "dist_km": 2.64, "node": "LOMBA 220", "node_mw": 602, "osm_id": 763485106, "municipio": "Lomba"}, "geometry": {"type": "Polygon", "coordinates": [[[-6.64881, 42.57033], [-6.64872, 42.57044], [-6.64854, 42.57036], [-6.6486, 42.57029], [-6.64864, 42.5703], [-6.64867, 42.57027], [-6.64881, 42.57009], [-6.64895, 42.57015], [-6.64881, 42.57033]]]}}, {"type": "Feature", "properties": {"area_ha": 0.066, "dist_km": 2.607, "node": "LOMBA 220", "node_mw": 602, "osm_id": 763485124, "municipio": "Lomba"}, "geometry": {"type": "Polygon", "coordinates": [[[-6.64768, 42.56985], [-6.64756, 42.56998], [-6.64742, 42.56992], [-6.6474, 42.56987], [-6.64749, 42.56976], [-6.6476, 42.56962], [-6.64779, 42.56971], [-6.64776, 42.56974], [-6.64775, 42.56976], [-6.64768, 42.56985]]]}}, {"type": "Feature", "properties": {"area_ha": 0.004, "dist_km": 2.684, "node": "LOMBA 220", "node_mw": 602, "osm_id": 763485145, "municipio": "Lomba"}, "geometry": {"type": "Polygon", "coordinates": [[[-6.64795, 42.56909], [-6.64787, 42.56906], [-6.64791, 42.56902], [-6.64798, 42.56906], [-6.64797, 42.56906], [-6.64795, 42.56909]]]}}, {"type": "Feature", "properties": {"area_ha": 0.013, "dist_km": 2.688, "node": "LOMBA 220", "node_mw": 602, "osm_id": 763485149, "municipio": "Lomba"}, "geometry": {"type": "Polygon", "coordinates": [[[-6.64775, 42.56881], [-6.64773, 42.56884], [-6.64771, 42.56887], [-6.64757, 42.56881], [-6.64759, 42.56879], [-6.64761, 42.56876], [-6.64763, 42.56873], [-6.64777, 42.56879], [-6.64775, 42.56881]]]}}, {"type": "Feature", "properties": {"area_ha": 0.007, "dist_km": 2.569, "node": "LOMBA 220", "node_mw": 602, "osm_id": 763485155, "municipio": "Lomba"}, "geometry": {"type": "Polygon", "coordinates": [[[-6.64868, 42.57133], [-6.64874, 42.57126], [-6.64882, 42.57129], [-6.64876, 42.57136], [-6.64868, 42.57133]]]}}, {"type": "Feature", "properties": {"area_ha": 0.023, "dist_km": 2.348, "node": "LOMBA 220", "node_mw": 602, "osm_id": 763485192, "municipio": "Lomba"}, "geometry": {"type": "Polygon", "coordinates": [[[-6.6467, 42.57276], [-6.64678, 42.57263], [-6.64694, 42.57269], [-6.64686, 42.57282], [-6.6467, 42.57276]]]}}, {"type": "Feature", "properties": {"area_ha": 0.059, "dist_km": 2.667, "node": "LOMBA 220", "node_mw": 602, "osm_id": 763485197, "municipio": "Lomba"}, "geometry": {"type": "Polygon", "coordinates": [[[-6.64698, 42.56863], [-6.64702, 42.56858], [-6.6471, 42.56861], [-6.6475, 42.56879], [-6.64747, 42.56883], [-6.64742, 42.56881], [-6.64739, 42.56884], [-6.64744, 42.56887], [-6.64741, 42.56891], [-6.64739, 42.5689], [-6.64735, 42.56888], [-6.64701, 42.56873], [-6.64706, 42.56866], [-6.64698, 42.56863]]]}}, {"type": "Feature", "properties": {"area_ha": 0.0, "dist_km": 2.714, "node": "LOMBA 220", "node_mw": 602, "osm_id": 763485213, "municipio": "Lomba"}, "geometry": {"type": "Polygon", "coordinates": [[[-6.64731, 42.56821], [-6.64734, 42.56821], [-6.64733, 42.56822], [-6.64731, 42.56822], [-6.64731, 42.56821]]]}}, {"type": "Feature", "properties": {"area_ha": 0.011, "dist_km": 2.675, "node": "LOMBA 220", "node_mw": 602, "osm_id": 763485221, "municipio": "Lomba"}, "geometry": {"type": "Polygon", "coordinates": [[[-6.6471, 42.56861], [-6.64702, 42.56858], [-6.64711, 42.56846], [-6.64718, 42.56849], [-6.6471, 42.56861]]]}}, {"type": "Feature", "properties": {"area_ha": 0.053, "dist_km": 2.886, "node": "LOMBA 220", "node_mw": 602, "osm_id": 763485236, "municipio": "Lomba"}, "geometry": {"type": "Polygon", "coordinates": [[[-6.64643, 42.56547], [-6.64668, 42.56552], [-6.64665, 42.56577], [-6.64653, 42.56572], [-6.64639, 42.56563], [-6.64643, 42.56547]]]}}, {"type": "Feature", "properties": {"area_ha": 0.062, "dist_km": 2.895, "node": "LOMBA 220", "node_mw": 602, "osm_id": 763485237, "municipio": "Lomba"}, "geometry": {"type": "Polygon", "coordinates": [[[-6.64669, 42.56552], [-6.64692, 42.56556], [-6.64687, 42.56588], [-6.64665, 42.56577], [-6.64668, 42.56552], [-6.64669, 42.56552]]]}}, {"type": "Feature", "properties": {"area_ha": 0.07, "dist_km": 2.899, "node": "LOMBA 220", "node_mw": 602, "osm_id": 763485248, "municipio": "Lomba"}, "geometry": {"type": "Polygon", "coordinates": [[[-6.64692, 42.56556], [-6.64712, 42.5656], [-6.64707, 42.56598], [-6.64687, 42.56588], [-6.64692, 42.56556]]]}}, {"type": "Feature", "properties": {"area_ha": 0.033, "dist_km": 2.91, "node": "LOMBA 220", "node_mw": 602, "osm_id": 763485307, "municipio": "Lomba"}, "geometry": {"type": "Polygon", "coordinates": [[[-6.64945, 42.56712], [-6.64948, 42.56733], [-6.64931, 42.56734], [-6.64927, 42.56714], [-6.64945, 42.56712]]]}}, {"type": "Feature", "properties": {"area_ha": 0.009, "dist_km": 2.82, "node": "LOMBA 220", "node_mw": 602, "osm_id": 763485329, "municipio": "Lomba"}, "geometry": {"type": "Polygon", "coordinates": [[[-6.64892, 42.56805], [-6.64876, 42.56797], [-6.6488, 42.56793], [-6.64896, 42.56801], [-6.64892, 42.56805], [-6.64892, 42.56805]]]}}, {"type": "Feature", "properties": {"area_ha": 0.007, "dist_km": 2.759, "node": "LOMBA 220", "node_mw": 602, "osm_id": 763485372, "municipio": "Lomba"}, "geometry": {"type": "Polygon", "coordinates": [[[-6.65098, 42.57074], [-6.65103, 42.57063], [-6.65109, 42.57065], [-6.65104, 42.57076], [-6.65098, 42.57074]]]}}, {"type": "Feature", "properties": {"area_ha": 0.015, "dist_km": 2.739, "node": "LOMBA 220", "node_mw": 602, "osm_id": 763485375, "municipio": "Lomba"}, "geometry": {"type": "Polygon", "coordinates": [[[-6.65081, 42.57069], [-6.6509, 42.5707], [-6.65083, 42.57088], [-6.65074, 42.57086], [-6.65081, 42.57069]]]}}, {"type": "Feature", "properties": {"area_ha": 0.013, "dist_km": 2.829, "node": "LOMBA 220", "node_mw": 602, "osm_id": 763485402, "municipio": "Lomba"}, "geometry": {"type": "Polygon", "coordinates": [[[-6.65115, 42.5699], [-6.65118, 42.56984], [-6.65142, 42.56992], [-6.6514, 42.56996], [-6.65132, 42.56994], [-6.65131, 42.56995], [-6.65115, 42.5699]]]}}, {"type": "Feature", "properties": {"area_ha": 0.01, "dist_km": 2.262, "node": "LOMBA 220", "node_mw": 602, "osm_id": 789815441, "municipio": "Lomba"}, "geometry": {"type": "Polygon", "coordinates": [[[-6.63983, 42.56896], [-6.6398, 42.56896], [-6.6398, 42.56892], [-6.6398, 42.56892], [-6.63981, 42.56892], [-6.63986, 42.56892], [-6.63992, 42.56892], [-6.63996, 42.56891], [-6.63996, 42.56895], [-6.63997, 42.56899], [-6.63984, 42.569], [-6.63983, 42.56896]]]}}, {"type": "Feature", "properties": {"area_ha": 0.044, "dist_km": 2.935, "node": "LOMBA 220", "node_mw": 602, "osm_id": 789846874, "municipio": "Lomba"}, "geometry": {"type": "Polygon", "coordinates": [[[-6.63611, 42.56066], [-6.63612, 42.56083], [-6.63584, 42.56084], [-6.63583, 42.56079], [-6.63582, 42.56068], [-6.63611, 42.56066]]]}}, {"type": "Feature", "properties": {"area_ha": 0.005, "dist_km": 2.11, "node": "LOMBA 220", "node_mw": 602, "osm_id": 789847084, "municipio": "Lomba"}, "geometry": {"type": "Polygon", "coordinates": [[[-6.60841, 42.57061], [-6.60849, 42.57068], [-6.60851, 42.57067], [-6.60853, 42.57069], [-6.60848, 42.57072], [-6.60838, 42.57062], [-6.60841, 42.57061]]]}}, {"type": "Feature", "properties": {"area_ha": 0.006, "dist_km": 2.171, "node": "LOMBA 220", "node_mw": 602, "osm_id": 789847090, "municipio": "Lomba"}, "geometry": {"type": "Polygon", "coordinates": [[[-6.60814, 42.5702], [-6.60801, 42.57026], [-6.60798, 42.57022], [-6.60811, 42.57017], [-6.60814, 42.5702]]]}}, {"type": "Feature", "properties": {"area_ha": 0.04, "dist_km": 1.954, "node": "LOMBA 220", "node_mw": 602, "osm_id": 789847103, "municipio": "Lomba"}, "geometry": {"type": "Polygon", "coordinates": [[[-6.6088, 42.57234], [-6.60873, 42.57237], [-6.6087, 42.57233], [-6.60869, 42.57232], [-6.60865, 42.57224], [-6.60889, 42.57213], [-6.609, 42.57225], [-6.6088, 42.57234]]]}}, {"type": "Feature", "properties": {"area_ha": 0.012, "dist_km": 1.802, "node": "LOMBA 220", "node_mw": 602, "osm_id": 789847107, "municipio": "Lomba"}, "geometry": {"type": "Polygon", "coordinates": [[[-6.61056, 42.57295], [-6.61061, 42.57303], [-6.6105, 42.57306], [-6.61039, 42.57301], [-6.61056, 42.57295]]]}}, {"type": "Feature", "properties": {"area_ha": 0.041, "dist_km": 1.739, "node": "LOMBA 220", "node_mw": 602, "osm_id": 789847114, "municipio": "Lomba"}, "geometry": {"type": "Polygon", "coordinates": [[[-6.61014, 42.574], [-6.61023, 42.57373], [-6.61042, 42.57376], [-6.61037, 42.57392], [-6.61029, 42.5739], [-6.61026, 42.57402], [-6.61014, 42.574]]]}}, {"type": "Feature", "properties": {"area_ha": 0.001, "dist_km": 1.517, "node": "LOMBA 220", "node_mw": 602, "osm_id": 789847118, "municipio": "Lomba"}, "geometry": {"type": "Polygon", "coordinates": [[[-6.61088, 42.57622], [-6.61088, 42.5762], [-6.61091, 42.5762], [-6.61091, 42.57622], [-6.61088, 42.57622]]]}}, {"type": "Feature", "properties": {"area_ha": 0.009, "dist_km": 1.541, "node": "LOMBA 220", "node_mw": 602, "osm_id": 789847123, "municipio": "Lomba"}, "geometry": {"type": "Polygon", "coordinates": [[[-6.61096, 42.57579], [-6.61101, 42.57588], [-6.61101, 42.57588], [-6.61093, 42.57589], [-6.61093, 42.57589], [-6.61085, 42.5758], [-6.61096, 42.57579]]]}}, {"type": "Feature", "properties": {"area_ha": 0.014, "dist_km": 1.337, "node": "LOMBA 220", "node_mw": 602, "osm_id": 789847125, "municipio": "Lomba"}, "geometry": {"type": "Polygon", "coordinates": [[[-6.61332, 42.57678], [-6.61325, 42.5767], [-6.61338, 42.57664], [-6.61346, 42.57672], [-6.61332, 42.57678]]]}}, {"type": "Feature", "properties": {"area_ha": 0.017, "dist_km": 1.308, "node": "LOMBA 220", "node_mw": 602, "osm_id": 789847127, "municipio": "Lomba"}, "geometry": {"type": "Polygon", "coordinates": [[[-6.61361, 42.57687], [-6.61369, 42.57693], [-6.6135, 42.57702], [-6.61344, 42.57695], [-6.61349, 42.57692], [-6.61356, 42.57689], [-6.61361, 42.57687]]]}}, {"type": "Feature", "properties": {"area_ha": 0.008, "dist_km": 1.257, "node": "LOMBA 220", "node_mw": 602, "osm_id": 789847136, "municipio": "Lomba"}, "geometry": {"type": "Polygon", "coordinates": [[[-6.61389, 42.57727], [-6.61397, 42.57723], [-6.61399, 42.57722], [-6.61407, 42.57729], [-6.61399, 42.57733], [-6.61395, 42.57728], [-6.61392, 42.5773], [-6.61389, 42.57727]]]}}, {"type": "Feature", "properties": {"area_ha": 0.006, "dist_km": 1.224, "node": "LOMBA 220", "node_mw": 602, "osm_id": 789847156, "municipio": "Lomba"}, "geometry": {"type": "Polygon", "coordinates": [[[-6.61471, 42.57715], [-6.61478, 42.5772], [-6.61472, 42.57724], [-6.61465, 42.57719], [-6.61471, 42.57715]]]}}, {"type": "Feature", "properties": {"area_ha": 0.004, "dist_km": 2.14, "node": "LOMBA 220", "node_mw": 602, "osm_id": 789848183, "municipio": "Lomba"}, "geometry": {"type": "Polygon", "coordinates": [[[-6.63401, 42.56783], [-6.634, 42.56786], [-6.63389, 42.56785], [-6.6339, 42.56782], [-6.63401, 42.56783]]]}}, {"type": "Feature", "properties": {"area_ha": 0.02, "dist_km": 1.751, "node": "LOMBA 220", "node_mw": 602, "osm_id": 789861733, "municipio": "Lomba"}, "geometry": {"type": "Polygon", "coordinates": [[[-6.61063, 42.57346], [-6.61058, 42.57359], [-6.61061, 42.57363], [-6.61054, 42.57368], [-6.6105, 42.57364], [-6.61048, 42.5736], [-6.61049, 42.57358], [-6.61054, 42.57344], [-6.61063, 42.57346]]]}}, {"type": "Feature", "properties": {"area_ha": 0.006, "dist_km": 1.694, "node": "LOMBA 220", "node_mw": 602, "osm_id": 789861749, "municipio": "Lomba"}, "geometry": {"type": "Polygon", "coordinates": [[[-6.61075, 42.57404], [-6.61081, 42.57405], [-6.61078, 42.57413], [-6.61076, 42.57413], [-6.61074, 42.57419], [-6.6107, 42.57418], [-6.61075, 42.57404]]]}}, {"type": "Feature", "properties": {"area_ha": 0.012, "dist_km": 1.692, "node": "LOMBA 220", "node_mw": 602, "osm_id": 789861751, "municipio": "Lomba"}, "geometry": {"type": "Polygon", "coordinates": [[[-6.61084, 42.57411], [-6.6109, 42.57396], [-6.61098, 42.57398], [-6.61092, 42.57413], [-6.61084, 42.57411]]]}}, {"type": "Feature", "properties": {"area_ha": 0.008, "dist_km": 1.697, "node": "LOMBA 220", "node_mw": 602, "osm_id": 789861754, "municipio": "Lomba"}, "geometry": {"type": "Polygon", "coordinates": [[[-6.61097, 42.5739], [-6.61102, 42.57384], [-6.61108, 42.57387], [-6.6111, 42.5739], [-6.61111, 42.5739], [-6.61107, 42.57395], [-6.61106, 42.57395], [-6.61102, 42.57393], [-6.61096, 42.5739], [-6.61097, 42.5739]]]}}, {"type": "Feature", "properties": {"area_ha": 0.003, "dist_km": 1.807, "node": "LOMBA 220", "node_mw": 602, "osm_id": 789861764, "municipio": "Lomba"}, "geometry": {"type": "Polygon", "coordinates": [[[-6.6113, 42.5725], [-6.61132, 42.57255], [-6.61125, 42.57256], [-6.61123, 42.5725], [-6.6113, 42.5725]]]}}, {"type": "Feature", "properties": {"area_ha": 0.003, "dist_km": 1.804, "node": "LOMBA 220", "node_mw": 602, "osm_id": 789861769, "municipio": "Lomba"}, "geometry": {"type": "Polygon", "coordinates": [[[-6.61138, 42.57249], [-6.61139, 42.57254], [-6.61132, 42.57255], [-6.6113, 42.5725], [-6.61138, 42.57249]]]}}, {"type": "Feature", "properties": {"area_ha": 0.005, "dist_km": 1.782, "node": "LOMBA 220", "node_mw": 602, "osm_id": 789861773, "municipio": "Lomba"}, "geometry": {"type": "Polygon", "coordinates": [[[-6.61169, 42.57253], [-6.61173, 42.57253], [-6.61173, 42.57253], [-6.61174, 42.57253], [-6.61174, 42.57254], [-6.61173, 42.57254], [-6.61174, 42.5726], [-6.61176, 42.5726], [-6.61177, 42.57263], [-6.6117, 42.57264], [-6.61169, 42.57253]]]}}, {"type": "Feature", "properties": {"area_ha": 0.004, "dist_km": 1.793, "node": "LOMBA 220", "node_mw": 602, "osm_id": 789861781, "municipio": "Lomba"}, "geometry": {"type": "Polygon", "coordinates": [[[-6.61133, 42.5726], [-6.61134, 42.5726], [-6.61138, 42.57259], [-6.61139, 42.57268], [-6.61137, 42.57268], [-6.61136, 42.57267], [-6.61134, 42.57267], [-6.61133, 42.5726]]]}}, {"type": "Feature", "properties": {"area_ha": 0.004, "dist_km": 1.829, "node": "LOMBA 220", "node_mw": 602, "osm_id": 789861787, "municipio": "Lomba"}, "geometry": {"type": "Polygon", "coordinates": [[[-6.61129, 42.57227], [-6.6113, 42.57231], [-6.61121, 42.57232], [-6.6112, 42.57228], [-6.61129, 42.57227]]]}}, {"type": "Feature", "properties": {"area_ha": 0.006, "dist_km": 1.791, "node": "LOMBA 220", "node_mw": 602, "osm_id": 789861788, "municipio": "Lomba"}, "geometry": {"type": "Polygon", "coordinates": [[[-6.61124, 42.57276], [-6.61124, 42.57278], [-6.61115, 42.57278], [-6.61115, 42.5727], [-6.61124, 42.5727], [-6.61124, 42.57272], [-6.61124, 42.57274], [-6.61124, 42.57276]]]}}, {"type": "Feature", "properties": {"area_ha": 0.011, "dist_km": 1.85, "node": "LOMBA 220", "node_mw": 602, "osm_id": 789861791, "municipio": "Lomba"}, "geometry": {"type": "Polygon", "coordinates": [[[-6.61125, 42.57215], [-6.61116, 42.57219], [-6.61109, 42.57207], [-6.61116, 42.57204], [-6.61125, 42.57215]]]}}, {"type": "Feature", "properties": {"area_ha": 0.011, "dist_km": 1.849, "node": "LOMBA 220", "node_mw": 602, "osm_id": 789861795, "municipio": "Lomba"}, "geometry": {"type": "Polygon", "coordinates": [[[-6.61116, 42.57204], [-6.61124, 42.57201], [-6.61134, 42.57212], [-6.61125, 42.57215], [-6.61116, 42.57204]]]}}, {"type": "Feature", "properties": {"area_ha": 0.021, "dist_km": 1.875, "node": "LOMBA 220", "node_mw": 602, "osm_id": 789861803, "municipio": "Lomba"}, "geometry": {"type": "Polygon", "coordinates": [[[-6.61076, 42.57201], [-6.61076, 42.57197], [-6.61084, 42.57194], [-6.61096, 42.57189], [-6.61101, 42.57198], [-6.61096, 42.572], [-6.61087, 42.57204], [-6.61081, 42.57207], [-6.61076, 42.57201]]]}}, {"type": "Feature", "properties": {"area_ha": 0.005, "dist_km": 2.125, "node": "LOMBA 220", "node_mw": 602, "osm_id": 789861807, "municipio": "Lomba"}, "geometry": {"type": "Polygon", "coordinates": [[[-6.60984, 42.56983], [-6.60981, 42.56982], [-6.60988, 42.56975], [-6.60987, 42.56975], [-6.60993, 42.56969], [-6.60996, 42.56971], [-6.60984, 42.56983]]]}}, {"type": "Feature", "properties": {"area_ha": 0.001, "dist_km": 2.116, "node": "LOMBA 220", "node_mw": 602, "osm_id": 789861813, "municipio": "Lomba"}, "geometry": {"type": "Polygon", "coordinates": [[[-6.6097, 42.56994], [-6.60972, 42.56991], [-6.60975, 42.56992], [-6.60972, 42.56995], [-6.6097, 42.56994]]]}}, {"type": "Feature", "properties": {"area_ha": 0.005, "dist_km": 2.129, "node": "LOMBA 220", "node_mw": 602, "osm_id": 789861832, "municipio": "Lomba"}, "geometry": {"type": "Polygon", "coordinates": [[[-6.60952, 42.56981], [-6.60955, 42.56979], [-6.60965, 42.56987], [-6.60967, 42.56988], [-6.60964, 42.56991], [-6.60962, 42.56989], [-6.60952, 42.56981]]]}}, {"type": "Feature", "properties": {"area_ha": 0.005, "dist_km": 2.097, "node": "LOMBA 220", "node_mw": 602, "osm_id": 789861834, "municipio": "Lomba"}, "geometry": {"type": "Polygon", "coordinates": [[[-6.60997, 42.56998], [-6.61004, 42.57001], [-6.60999, 42.57007], [-6.60992, 42.57003], [-6.60997, 42.56998]]]}}, {"type": "Feature", "properties": {"area_ha": 0.002, "dist_km": 2.133, "node": "LOMBA 220", "node_mw": 602, "osm_id": 789861846, "municipio": "Lomba"}, "geometry": {"type": "Polygon", "coordinates": [[[-6.61012, 42.56954], [-6.61013, 42.56953], [-6.61015, 42.56952], [-6.61022, 42.56955], [-6.61019, 42.56958], [-6.61012, 42.56954]]]}}, {"type": "Feature", "properties": {"area_ha": 0.002, "dist_km": 2.109, "node": "LOMBA 220", "node_mw": 602, "osm_id": 789861847, "municipio": "Lomba"}, "geometry": {"type": "Polygon", "coordinates": [[[-6.61023, 42.56979], [-6.6102, 42.56978], [-6.61024, 42.56973], [-6.61027, 42.56974], [-6.61023, 42.56979]]]}}, {"type": "Feature", "properties": {"area_ha": 0.013, "dist_km": 2.096, "node": "LOMBA 220", "node_mw": 602, "osm_id": 789861848, "municipio": "Lomba"}, "geometry": {"type": "Polygon", "coordinates": [[[-6.6099, 42.57013], [-6.60987, 42.57014], [-6.60986, 42.57016], [-6.60983, 42.57017], [-6.60966, 42.57003], [-6.6097, 42.57001], [-6.6099, 42.57013], [-6.6099, 42.57013]]]}}, {"type": "Feature", "properties": {"area_ha": 0.007, "dist_km": 2.035, "node": "LOMBA 220", "node_mw": 602, "osm_id": 789861870, "municipio": "Lomba"}, "geometry": {"type": "Polygon", "coordinates": [[[-6.6111, 42.57014], [-6.61119, 42.57005], [-6.61125, 42.57008], [-6.61115, 42.57017], [-6.6111, 42.57014]]]}}, {"type": "Feature", "properties": {"area_ha": 0.002, "dist_km": 2.003, "node": "LOMBA 220", "node_mw": 602, "osm_id": 789861871, "municipio": "Lomba"}, "geometry": {"type": "Polygon", "coordinates": [[[-6.61124, 42.5704], [-6.61124, 42.5704], [-6.61127, 42.57038], [-6.61131, 42.57042], [-6.61128, 42.57044], [-6.61124, 42.5704]]]}}, {"type": "Feature", "properties": {"area_ha": 0.032, "dist_km": 1.972, "node": "LOMBA 220", "node_mw": 602, "osm_id": 789861872, "municipio": "Lomba"}, "geometry": {"type": "Polygon", "coordinates": [[[-6.61144, 42.57054], [-6.61162, 42.5707], [-6.61142, 42.57082], [-6.61135, 42.57074], [-6.61143, 42.57069], [-6.61137, 42.57063], [-6.61145, 42.57059], [-6.61141, 42.57055], [-6.61144, 42.57054]]]}}, {"type": "Feature", "properties": {"area_ha": 0.005, "dist_km": 2.008, "node": "LOMBA 220", "node_mw": 602, "osm_id": 789861873, "municipio": "Lomba"}, "geometry": {"type": "Polygon", "coordinates": [[[-6.61124, 42.5704], [-6.61121, 42.57038], [-6.61132, 42.57029], [-6.61136, 42.57031], [-6.61127, 42.57038], [-6.61124, 42.5704]]]}}, {"type": "Feature", "properties": {"area_ha": 0.005, "dist_km": 2.165, "node": "LOMBA 220", "node_mw": 602, "osm_id": 789861876, "municipio": "Lomba"}, "geometry": {"type": "Polygon", "coordinates": [[[-6.60939, 42.56948], [-6.60949, 42.56955], [-6.60949, 42.56955], [-6.60947, 42.56957], [-6.60946, 42.56958], [-6.60935, 42.56952], [-6.60939, 42.56948]]]}}, {"type": "Feature", "properties": {"area_ha": 0.006, "dist_km": 1.889, "node": "LOMBA 220", "node_mw": 602, "osm_id": 789861909, "municipio": "Lomba"}, "geometry": {"type": "Polygon", "coordinates": [[[-6.60951, 42.57252], [-6.60954, 42.57257], [-6.60959, 42.57265], [-6.60952, 42.57267], [-6.60953, 42.57265], [-6.60953, 42.57265], [-6.60953, 42.57264], [-6.60951, 42.57261], [-6.6095, 42.57259], [-6.6095, 42.57258], [-6.60948, 42.57255], [-6.6095, 42.57253], [-6.60951, 42.57252]]]}}, {"type": "Feature", "properties": {"area_ha": 0.005, "dist_km": 1.905, "node": "LOMBA 220", "node_mw": 602, "osm_id": 789861910, "municipio": "Lomba"}, "geometry": {"type": "Polygon", "coordinates": [[[-6.60888, 42.57278], [-6.6089, 42.57285], [-6.60884, 42.57286], [-6.60881, 42.57279], [-6.60888, 42.57278]]]}}, {"type": "Feature", "properties": {"area_ha": 0.003, "dist_km": 1.926, "node": "LOMBA 220", "node_mw": 602, "osm_id": 789861924, "municipio": "Lomba"}, "geometry": {"type": "Polygon", "coordinates": [[[-6.60896, 42.57253], [-6.60893, 42.5725], [-6.60899, 42.57247], [-6.60902, 42.5725], [-6.60896, 42.57253]]]}}, {"type": "Feature", "properties": {"area_ha": 0.006, "dist_km": 1.892, "node": "LOMBA 220", "node_mw": 602, "osm_id": 789861968, "municipio": "Lomba"}, "geometry": {"type": "Polygon", "coordinates": [[[-6.61033, 42.57199], [-6.61045, 42.57212], [-6.61041, 42.57213], [-6.6103, 42.57201], [-6.61033, 42.57199]]]}}, {"type": "Feature", "properties": {"area_ha": 0.024, "dist_km": 1.937, "node": "LOMBA 220", "node_mw": 602, "osm_id": 789861977, "municipio": "Lomba"}, "geometry": {"type": "Polygon", "coordinates": [[[-6.60989, 42.57187], [-6.60977, 42.57195], [-6.60971, 42.57189], [-6.60983, 42.57182], [-6.61, 42.57172], [-6.61006, 42.57178], [-6.60989, 42.57187]]]}}, {"type": "Feature", "properties": {"area_ha": 0.017, "dist_km": 1.941, "node": "LOMBA 220", "node_mw": 602, "osm_id": 789861978, "municipio": "Lomba"}, "geometry": {"type": "Polygon", "coordinates": [[[-6.60963, 42.57206], [-6.60943, 42.57194], [-6.60949, 42.57188], [-6.60969, 42.572], [-6.60963, 42.57206]]]}}, {"type": "Feature", "properties": {"area_ha": 0.008, "dist_km": 1.548, "node": "LOMBA 220", "node_mw": 602, "osm_id": 789861987, "municipio": "Lomba"}, "geometry": {"type": "Polygon", "coordinates": [[[-6.61208, 42.5751], [-6.61208, 42.57514], [-6.61185, 42.57511], [-6.61185, 42.57507], [-6.61193, 42.57508], [-6.61193, 42.57508], [-6.61194, 42.57508], [-6.61208, 42.5751]]]}}, {"type": "Feature", "properties": {"area_ha": 0.004, "dist_km": 1.576, "node": "LOMBA 220", "node_mw": 602, "osm_id": 789861992, "municipio": "Lomba"}, "geometry": {"type": "Polygon", "coordinates": [[[-6.61161, 42.57497], [-6.61162, 42.57495], [-6.61162, 42.57495], [-6.61162, 42.57494], [-6.61163, 42.57494], [-6.61163, 42.57494], [-6.61168, 42.57495], [-6.61168, 42.57495], [-6.61166, 42.57502], [-6.6116, 42.57501], [-6.61161, 42.57497]]]}}, {"type": "Feature", "properties": {"area_ha": 0.026, "dist_km": 1.586, "node": "LOMBA 220", "node_mw": 602, "osm_id": 789861994, "municipio": "Lomba"}, "geometry": {"type": "Polygon", "coordinates": [[[-6.61155, 42.57496], [-6.61155, 42.57497], [-6.61153, 42.575], [-6.61151, 42.57506], [-6.6114, 42.57504], [-6.61144, 42.57486], [-6.61148, 42.57487], [-6.6115, 42.5748], [-6.61158, 42.57481], [-6.61156, 42.57489], [-6.61155, 42.57496]]]}}, {"type": "Feature", "properties": {"area_ha": 0.006, "dist_km": 1.576, "node": "LOMBA 220", "node_mw": 602, "osm_id": 789861999, "municipio": "Lomba"}, "geometry": {"type": "Polygon", "coordinates": [[[-6.61155, 42.57496], [-6.61161, 42.57497], [-6.6116, 42.57501], [-6.61158, 42.57507], [-6.61153, 42.57506], [-6.61151, 42.57506], [-6.61153, 42.575], [-6.61155, 42.57497], [-6.61155, 42.57496]]]}}, {"type": "Feature", "properties": {"area_ha": 0.003, "dist_km": 1.596, "node": "LOMBA 220", "node_mw": 602, "osm_id": 789862001, "municipio": "Lomba"}, "geometry": {"type": "Polygon", "coordinates": [[[-6.6115, 42.5748], [-6.61148, 42.57487], [-6.61144, 42.57486], [-6.61145, 42.57479], [-6.6115, 42.5748]]]}}, {"type": "Feature", "properties": {"area_ha": 0.011, "dist_km": 1.632, "node": "LOMBA 220", "node_mw": 602, "osm_id": 789862012, "municipio": "Lomba"}, "geometry": {"type": "Polygon", "coordinates": [[[-6.61164, 42.57438], [-6.61162, 42.57438], [-6.61162, 42.5744], [-6.61154, 42.5744], [-6.61154, 42.57435], [-6.61153, 42.57435], [-6.61152, 42.57433], [-6.61151, 42.57433], [-6.61151, 42.57431], [-6.61151, 42.57431], [-6.61151, 42.5743], [-6.61158, 42.57429], [-6.61162, 42.57428], [-6.61163, 42.57435], [-6.61168, 42.57434], [-6.61168, 42.57437], [-6.61164, 42.57438]]]}}, {"type": "Feature", "properties": {"area_ha": 0.011, "dist_km": 1.518, "node": "LOMBA 220", "node_mw": 602, "osm_id": 789862027, "municipio": "Lomba"}, "geometry": {"type": "Polygon", "coordinates": [[[-6.61369, 42.57451], [-6.61365, 42.57451], [-6.61362, 42.57451], [-6.61363, 42.57441], [-6.61367, 42.57441], [-6.61371, 42.57441], [-6.61375, 42.57442], [-6.61373, 42.57452], [-6.61369, 42.57451]]]}}, {"type": "Feature", "properties": {"area_ha": 0.004, "dist_km": 1.546, "node": "LOMBA 220", "node_mw": 602, "osm_id": 789862037, "municipio": "Lomba"}, "geometry": {"type": "Polygon", "coordinates": [[[-6.61332, 42.57435], [-6.61334, 42.57427], [-6.61339, 42.57428], [-6.61338, 42.57435], [-6.61332, 42.57435]]]}}, {"type": "Feature", "properties": {"area_ha": 0.018, "dist_km": 1.62, "node": "LOMBA 220", "node_mw": 602, "osm_id": 789862044, "municipio": "Lomba"}, "geometry": {"type": "Polygon", "coordinates": [[[-6.61034, 42.57538], [-6.61015, 42.57535], [-6.61017, 42.57528], [-6.61025, 42.57529], [-6.61045, 42.57533], [-6.61042, 42.57539], [-6.61034, 42.57538]]]}}, {"type": "Feature", "properties": {"area_ha": 0.015, "dist_km": 1.636, "node": "LOMBA 220", "node_mw": 602, "osm_id": 789862045, "municipio": "Lomba"}, "geometry": {"type": "Polygon", "coordinates": [[[-6.60857, 42.5765], [-6.60857, 42.57648], [-6.60868, 42.5765], [-6.60863, 42.5766], [-6.60848, 42.57657], [-6.60851, 42.57649], [-6.60857, 42.5765]]]}}, {"type": "Feature", "properties": {"area_ha": 0.012, "dist_km": 1.672, "node": "LOMBA 220", "node_mw": 602, "osm_id": 789862051, "municipio": "Lomba"}, "geometry": {"type": "Polygon", "coordinates": [[[-6.60813, 42.57632], [-6.60818, 42.57633], [-6.60809, 42.57654], [-6.60804, 42.57653], [-6.60813, 42.57632]]]}}, {"type": "Feature", "properties": {"area_ha": 0.008, "dist_km": 1.671, "node": "LOMBA 220", "node_mw": 602, "osm_id": 789862054, "municipio": "Lomba"}, "geometry": {"type": "Polygon", "coordinates": [[[-6.60831, 42.57621], [-6.60838, 42.57622], [-6.60834, 42.57633], [-6.60826, 42.57631], [-6.60831, 42.57621]]]}}, {"type": "Feature", "properties": {"area_ha": 0.003, "dist_km": 1.624, "node": "LOMBA 220", "node_mw": 602, "osm_id": 789862060, "municipio": "Lomba"}, "geometry": {"type": "Polygon", "coordinates": [[[-6.60906, 42.5763], [-6.60904, 42.57633], [-6.60896, 42.57632], [-6.60898, 42.57628], [-6.60906, 42.5763]]]}}, {"type": "Feature", "properties": {"area_ha": 0.01, "dist_km": 1.649, "node": "LOMBA 220", "node_mw": 602, "osm_id": 789862061, "municipio": "Lomba"}, "geometry": {"type": "Polygon", "coordinates": [[[-6.609, 42.57588], [-6.60906, 42.57589], [-6.60898, 42.57607], [-6.60893, 42.57605], [-6.609, 42.57588]]]}}, {"type": "Feature", "properties": {"area_ha": 0.007, "dist_km": 1.669, "node": "LOMBA 220", "node_mw": 602, "osm_id": 789862062, "municipio": "Lomba"}, "geometry": {"type": "Polygon", "coordinates": [[[-6.60818, 42.57633], [-6.60821, 42.57634], [-6.60812, 42.57655], [-6.60809, 42.57654], [-6.60818, 42.57633]]]}}, {"type": "Feature", "properties": {"area_ha": 0.01, "dist_km": 1.465, "node": "LOMBA 220", "node_mw": 602, "osm_id": 789862064, "municipio": "Lomba"}, "geometry": {"type": "Polygon", "coordinates": [[[-6.61013, 42.57747], [-6.61024, 42.57753], [-6.61018, 42.57759], [-6.61007, 42.57754], [-6.61013, 42.57747]]]}}, {"type": "Feature", "properties": {"area_ha": 0.102, "dist_km": 1.47, "node": "LOMBA 220", "node_mw": 602, "osm_id": 789862069, "municipio": "Lomba"}, "geometry": {"type": "Polygon", "coordinates": [[[-6.60974, 42.5778], [-6.60977, 42.57781], [-6.60988, 42.57791], [-6.60961, 42.57819], [-6.60961, 42.5782], [-6.6096, 42.5782], [-6.60959, 42.5782], [-6.60941, 42.57818], [-6.60944, 42.57812], [-6.6094, 42.5781], [-6.60944, 42.57802], [-6.60948, 42.57794], [-6.60952, 42.57795], [-6.60961, 42.57777], [-6.60974, 42.5778]]]}}, {"type": "Feature", "properties": {"area_ha": 0.01, "dist_km": 1.467, "node": "LOMBA 220", "node_mw": 602, "osm_id": 789862079, "municipio": "Lomba"}, "geometry": {"type": "Polygon", "coordinates": [[[-6.61035, 42.57741], [-6.61028, 42.57749], [-6.61017, 42.57743], [-6.61021, 42.57738], [-6.61024, 42.5774], [-6.61026, 42.57738], [-6.61035, 42.57741]]]}}, {"type": "Feature", "properties": {"area_ha": 0.002, "dist_km": 1.502, "node": "LOMBA 220", "node_mw": 602, "osm_id": 789862082, "municipio": "Lomba"}, "geometry": {"type": "Polygon", "coordinates": [[[-6.61077, 42.57646], [-6.61078, 42.57646], [-6.61082, 42.57647], [-6.61082, 42.5765], [-6.61076, 42.5765], [-6.61077, 42.57646]]]}}, {"type": "Feature", "properties": {"area_ha": 0.003, "dist_km": 1.524, "node": "LOMBA 220", "node_mw": 602, "osm_id": 789862099, "municipio": "Lomba"}, "geometry": {"type": "Polygon", "coordinates": [[[-6.6102, 42.57672], [-6.61014, 42.57671], [-6.61015, 42.57666], [-6.61021, 42.57667], [-6.6102, 42.57672]]]}}, {"type": "Feature", "properties": {"area_ha": 0.005, "dist_km": 1.493, "node": "LOMBA 220", "node_mw": 602, "osm_id": 789862102, "municipio": "Lomba"}, "geometry": {"type": "Polygon", "coordinates": [[[-6.6105, 42.57677], [-6.61051, 42.57676], [-6.61054, 42.57676], [-6.61055, 42.57675], [-6.6107, 42.57677], [-6.61067, 42.5768], [-6.6105, 42.57677]]]}}, {"type": "Feature", "properties": {"area_ha": 0.007, "dist_km": 1.498, "node": "LOMBA 220", "node_mw": 602, "osm_id": 789862120, "municipio": "Lomba"}, "geometry": {"type": "Polygon", "coordinates": [[[-6.61103, 42.57628], [-6.61113, 42.57637], [-6.6111, 42.5764], [-6.61105, 42.57637], [-6.61101, 42.57634], [-6.611, 42.57633], [-6.61098, 42.57631], [-6.61103, 42.57628]]]}}, {"type": "Feature", "properties": {"area_ha": 0.005, "dist_km": 1.494, "node": "LOMBA 220", "node_mw": 602, "osm_id": 789862123, "municipio": "Lomba"}, "geometry": {"type": "Polygon", "coordinates": [[[-6.61087, 42.57647], [-6.61101, 42.57647], [-6.61093, 42.57654], [-6.61087, 42.5765], [-6.61089, 42.57649], [-6.61087, 42.57649], [-6.61087, 42.57647]]]}}, {"type": "Feature", "properties": {"area_ha": 0.007, "dist_km": 1.514, "node": "LOMBA 220", "node_mw": 602, "osm_id": 789862143, "municipio": "Lomba"}, "geometry": {"type": "Polygon", "coordinates": [[[-6.6114, 42.57584], [-6.61142, 42.57579], [-6.61144, 42.5758], [-6.61144, 42.57579], [-6.61154, 42.57581], [-6.61151, 42.57587], [-6.6115, 42.57587], [-6.61147, 42.57586], [-6.61141, 42.57584], [-6.6114, 42.57584]]]}}, {"type": "Feature", "properties": {"area_ha": 0.008, "dist_km": 1.529, "node": "LOMBA 220", "node_mw": 602, "osm_id": 789862144, "municipio": "Lomba"}, "geometry": {"type": "Polygon", "coordinates": [[[-6.6116, 42.5755], [-6.61173, 42.57555], [-6.6117, 42.5756], [-6.61157, 42.57556], [-6.61156, 42.57555], [-6.61159, 42.57552], [-6.61159, 42.57552], [-6.6116, 42.5755]]]}}, {"type": "Feature", "properties": {"area_ha": 0.006, "dist_km": 1.501, "node": "LOMBA 220", "node_mw": 602, "osm_id": 789862146, "municipio": "Lomba"}, "geometry": {"type": "Polygon", "coordinates": [[[-6.61158, 42.57583], [-6.61167, 42.57586], [-6.61164, 42.57592], [-6.61163, 42.57591], [-6.61154, 42.57589], [-6.61158, 42.57583]]]}}, {"type": "Feature", "properties": {"area_ha": 0.004, "dist_km": 1.555, "node": "LOMBA 220", "node_mw": 602, "osm_id": 789862148, "municipio": "Lomba"}, "geometry": {"type": "Polygon", "coordinates": [[[-6.61215, 42.57483], [-6.61226, 42.57485], [-6.61225, 42.57489], [-6.61216, 42.57487], [-6.61215, 42.57483]]]}}, {"type": "Feature", "properties": {"area_ha": 0.002, "dist_km": 1.566, "node": "LOMBA 220", "node_mw": 602, "osm_id": 789862152, "municipio": "Lomba"}, "geometry": {"type": "Polygon", "coordinates": [[[-6.61223, 42.57466], [-6.6123, 42.5747], [-6.6123, 42.5747], [-6.61228, 42.57472], [-6.61221, 42.57468], [-6.61223, 42.57466]]]}}, {"type": "Feature", "properties": {"area_ha": 0.009, "dist_km": 1.535, "node": "LOMBA 220", "node_mw": 602, "osm_id": 789862156, "municipio": "Lomba"}, "geometry": {"type": "Polygon", "coordinates": [[[-6.61266, 42.57489], [-6.61257, 42.57487], [-6.6126, 42.57476], [-6.61269, 42.57477], [-6.61267, 42.57485], [-6.61266, 42.57489]]]}}, {"type": "Feature", "properties": {"area_ha": 0.007, "dist_km": 1.512, "node": "LOMBA 220", "node_mw": 602, "osm_id": 789862161, "municipio": "Lomba"}, "geometry": {"type": "Polygon", "coordinates": [[[-6.61273, 42.57498], [-6.61283, 42.57496], [-6.61285, 42.57503], [-6.61275, 42.57505], [-6.61273, 42.57498]]]}}, {"type": "Feature", "properties": {"area_ha": 0.006, "dist_km": 1.542, "node": "LOMBA 220", "node_mw": 602, "osm_id": 789862180, "municipio": "Lomba"}, "geometry": {"type": "Polygon", "coordinates": [[[-6.61251, 42.57487], [-6.61243, 42.57487], [-6.61235, 42.57485], [-6.61237, 42.57482], [-6.61252, 42.57484], [-6.61252, 42.57484], [-6.61252, 42.57484], [-6.61252, 42.57487], [-6.61251, 42.57487]]]}}, {"type": "Feature", "properties": {"area_ha": 0.02, "dist_km": 1.544, "node": "LOMBA 220", "node_mw": 602, "osm_id": 789862192, "municipio": "Lomba"}, "geometry": {"type": "Polygon", "coordinates": [[[-6.61257, 42.57487], [-6.61252, 42.57487], [-6.61252, 42.57484], [-6.61252, 42.57484], [-6.61252, 42.57484], [-6.61255, 42.57474], [-6.61256, 42.5747], [-6.61258, 42.57466], [-6.61263, 42.57466], [-6.61272, 42.57467], [-6.61269, 42.57477], [-6.6126, 42.57476], [-6.61257, 42.57487]]]}}, {"type": "Feature", "properties": {"area_ha": 0.002, "dist_km": 1.351, "node": "LOMBA 220", "node_mw": 602, "osm_id": 789862194, "municipio": "Lomba"}, "geometry": {"type": "Polygon", "coordinates": [[[-6.6137, 42.57631], [-6.61373, 42.57633], [-6.61365, 42.57637], [-6.61363, 42.57635], [-6.6137, 42.57631]]]}}, {"type": "Feature", "properties": {"area_ha": 0.014, "dist_km": 1.268, "node": "LOMBA 220", "node_mw": 602, "osm_id": 789862198, "municipio": "Lomba"}, "geometry": {"type": "Polygon", "coordinates": [[[-6.61433, 42.57695], [-6.6141, 42.57707], [-6.61407, 42.57704], [-6.61429, 42.57692], [-6.61436, 42.57688], [-6.61441, 42.57691], [-6.61433, 42.57695]]]}}, {"type": "Feature", "properties": {"area_ha": 0.016, "dist_km": 1.262, "node": "LOMBA 220", "node_mw": 602, "osm_id": 789862202, "municipio": "Lomba"}, "geometry": {"type": "Polygon", "coordinates": [[[-6.61437, 42.57699], [-6.61431, 42.57702], [-6.61421, 42.57706], [-6.61414, 42.5771], [-6.61413, 42.5771], [-6.6141, 42.57707], [-6.61433, 42.57695], [-6.61441, 42.57691], [-6.61446, 42.57694], [-6.61437, 42.57699]]]}}, {"type": "Feature", "properties": {"area_ha": 0.005, "dist_km": 1.355, "node": "LOMBA 220", "node_mw": 602, "osm_id": 789862228, "municipio": "Lomba"}, "geometry": {"type": "Polygon", "coordinates": [[[-6.61372, 42.57623], [-6.61377, 42.57619], [-6.61384, 42.57625], [-6.61379, 42.57628], [-6.61372, 42.57623]]]}}, {"type": "Feature", "properties": {"area_ha": 0.002, "dist_km": 1.286, "node": "LOMBA 220", "node_mw": 602, "osm_id": 789862238, "municipio": "Lomba"}, "geometry": {"type": "Polygon", "coordinates": [[[-6.61419, 42.57681], [-6.61416, 42.57679], [-6.61422, 42.57675], [-6.61425, 42.57678], [-6.61419, 42.57681]]]}}, {"type": "Feature", "properties": {"area_ha": 0.009, "dist_km": 1.288, "node": "LOMBA 220", "node_mw": 602, "osm_id": 789862240, "municipio": "Lomba"}, "geometry": {"type": "Polygon", "coordinates": [[[-6.61396, 42.57693], [-6.61391, 42.57689], [-6.61399, 42.57686], [-6.61409, 42.57682], [-6.61411, 42.57681], [-6.61412, 42.57681], [-6.61415, 42.57683], [-6.61413, 42.57684], [-6.61396, 42.57693]]]}}, {"type": "Feature", "properties": {"area_ha": 0.004, "dist_km": 1.351, "node": "LOMBA 220", "node_mw": 602, "osm_id": 789862256, "municipio": "Lomba"}, "geometry": {"type": "Polygon", "coordinates": [[[-6.61358, 42.57638], [-6.61361, 42.57642], [-6.61357, 42.57644], [-6.61352, 42.57646], [-6.61349, 42.57643], [-6.61351, 42.57642], [-6.61352, 42.57641], [-6.61357, 42.57639], [-6.61358, 42.57638]]]}}, {"type": "Feature", "properties": {"area_ha": 0.012, "dist_km": 1.272, "node": "LOMBA 220", "node_mw": 602, "osm_id": 789862260, "municipio": "Lomba"}, "geometry": {"type": "Polygon", "coordinates": [[[-6.61459, 42.57669], [-6.61463, 42.57673], [-6.6144, 42.57684], [-6.61436, 42.57679], [-6.61459, 42.57669]]]}}, {"type": "Feature", "properties": {"area_ha": 0.007, "dist_km": 1.469, "node": "LOMBA 220", "node_mw": 602, "osm_id": 789862271, "municipio": "Lomba"}, "geometry": {"type": "Polygon", "coordinates": [[[-6.61277, 42.5755], [-6.6128, 42.57553], [-6.61271, 42.57558], [-6.61268, 42.57559], [-6.61265, 42.57553], [-6.61277, 42.5755]]]}}, {"type": "Feature", "properties": {"area_ha": 0.008, "dist_km": 1.39, "node": "LOMBA 220", "node_mw": 602, "osm_id": 789862277, "municipio": "Lomba"}, "geometry": {"type": "Polygon", "coordinates": [[[-6.61367, 42.57597], [-6.61359, 42.57601], [-6.61351, 42.57593], [-6.61357, 42.57589], [-6.61359, 42.57592], [-6.61361, 42.57591], [-6.61367, 42.57597]]]}}, {"type": "Feature", "properties": {"area_ha": 0.018, "dist_km": 1.303, "node": "LOMBA 220", "node_mw": 602, "osm_id": 789862307, "municipio": "Lomba"}, "geometry": {"type": "Polygon", "coordinates": [[[-6.6181, 42.57485], [-6.6181, 42.57489], [-6.61807, 42.57488], [-6.61807, 42.57489], [-6.61803, 42.57489], [-6.61803, 42.57491], [-6.618, 42.57492], [-6.61794, 42.57492], [-6.61793, 42.57495], [-6.6179, 42.57495], [-6.61789, 42.57497], [-6.61788, 42.57498], [-6.61784, 42.57498], [-6.61784, 42.57489], [-6.61786, 42.57485], [-6.6181, 42.57485]]]}}, {"type": "Feature", "properties": {"area_ha": 0.002, "dist_km": 1.402, "node": "LOMBA 220", "node_mw": 602, "osm_id": 789862309, "municipio": "Lomba"}, "geometry": {"type": "Polygon", "coordinates": [[[-6.61592, 42.5747], [-6.61584, 42.57469], [-6.61584, 42.57466], [-6.61592, 42.57467], [-6.61592, 42.5747]]]}}, {"type": "Feature", "properties": {"area_ha": 0.007, "dist_km": 1.331, "node": "LOMBA 220", "node_mw": 602, "osm_id": 789862314, "municipio": "Lomba"}, "geometry": {"type": "Polygon", "coordinates": [[[-6.6172, 42.57489], [-6.61722, 42.57483], [-6.61735, 42.57485], [-6.61733, 42.57491], [-6.6172, 42.57489]]]}}, {"type": "Feature", "properties": {"area_ha": 0.004, "dist_km": 1.271, "node": "LOMBA 220", "node_mw": 602, "osm_id": 789862315, "municipio": "Lomba"}, "geometry": {"type": "Polygon", "coordinates": [[[-6.61627, 42.57592], [-6.61621, 42.57592], [-6.61622, 42.57585], [-6.61627, 42.57585], [-6.61627, 42.57592]]]}}, {"type": "Feature", "properties": {"area_ha": 0.043, "dist_km": 1.239, "node": "LOMBA 220", "node_mw": 602, "osm_id": 789862317, "municipio": "Lomba"}, "geometry": {"type": "Polygon", "coordinates": [[[-6.62007, 42.57495], [-6.62002, 42.57524], [-6.61992, 42.57523], [-6.61997, 42.57494], [-6.61999, 42.57479], [-6.6201, 42.5748], [-6.62007, 42.57495]]]}}, {"type": "Feature", "properties": {"area_ha": 0.011, "dist_km": 1.33, "node": "LOMBA 220", "node_mw": 602, "osm_id": 789862319, "municipio": "Lomba"}, "geometry": {"type": "Polygon", "coordinates": [[[-6.61937, 42.5742], [-6.61947, 42.57421], [-6.61948, 42.5743], [-6.61938, 42.57434], [-6.61937, 42.5742]]]}}, {"type": "Feature", "properties": {"area_ha": 0.003, "dist_km": 1.118, "node": "LOMBA 220", "node_mw": 602, "osm_id": 789862321, "municipio": "Lomba"}, "geometry": {"type": "Polygon", "coordinates": [[[-6.62173, 42.57585], [-6.62168, 42.57585], [-6.62168, 42.57578], [-6.62173, 42.57578], [-6.62173, 42.57585]]]}}, {"type": "Feature", "properties": {"area_ha": 0.002, "dist_km": 1.133, "node": "LOMBA 220", "node_mw": 602, "osm_id": 789862323, "municipio": "Lomba"}, "geometry": {"type": "Polygon", "coordinates": [[[-6.61994, 42.57598], [-6.61994, 42.57602], [-6.61989, 42.57603], [-6.61988, 42.57603], [-6.61988, 42.57598], [-6.61994, 42.57598]]]}}, {"type": "Feature", "properties": {"area_ha": 0.005, "dist_km": 1.103, "node": "LOMBA 220", "node_mw": 602, "osm_id": 789862324, "municipio": "Lomba"}, "geometry": {"type": "Polygon", "coordinates": [[[-6.62164, 42.57598], [-6.62165, 42.57596], [-6.62165, 42.57592], [-6.62173, 42.57592], [-6.62173, 42.57596], [-6.62173, 42.57599], [-6.62164, 42.57598]]]}}, {"type": "Feature", "properties": {"area_ha": 0.087, "dist_km": 1.246, "node": "LOMBA 220", "node_mw": 602, "osm_id": 789862325, "municipio": "Lomba"}, "geometry": {"type": "Polygon", "coordinates": [[[-6.61965, 42.57509], [-6.61964, 42.5752], [-6.61955, 42.57519], [-6.61956, 42.57512], [-6.61955, 42.57509], [-6.6196, 42.57469], [-6.61979, 42.5747], [-6.61981, 42.57489], [-6.61978, 42.5751], [-6.61965, 42.57509]]]}}, {"type": "Feature", "properties": {"area_ha": 0.017, "dist_km": 1.331, "node": "LOMBA 220", "node_mw": 602, "osm_id": 789862330, "municipio": "Lomba"}, "geometry": {"type": "Polygon", "coordinates": [[[-6.62112, 42.57409], [-6.62107, 42.57409], [-6.62102, 42.57378], [-6.62107, 42.57376], [-6.62112, 42.57405], [-6.62112, 42.57409]]]}}, {"type": "Feature", "properties": {"area_ha": 0.036, "dist_km": 1.307, "node": "LOMBA 220", "node_mw": 602, "osm_id": 789862331, "municipio": "Lomba"}, "geometry": {"type": "Polygon", "coordinates": [[[-6.61959, 42.57434], [-6.61961, 42.57455], [-6.61938, 42.57456], [-6.61937, 42.57443], [-6.61959, 42.57434]]]}}, {"type": "Feature", "properties": {"area_ha": 0.005, "dist_km": 1.631, "node": "LOMBA 220", "node_mw": 602, "osm_id": 789896654, "municipio": "Lomba"}, "geometry": {"type": "Polygon", "coordinates": [[[-6.61218, 42.57401], [-6.61224, 42.57391], [-6.61228, 42.57392], [-6.61226, 42.57398], [-6.61224, 42.57402], [-6.61218, 42.57401]]]}}, {"type": "Feature", "properties": {"area_ha": 0.006, "dist_km": 1.684, "node": "LOMBA 220", "node_mw": 602, "osm_id": 789896659, "municipio": "Lomba"}, "geometry": {"type": "Polygon", "coordinates": [[[-6.61228, 42.57341], [-6.61228, 42.57341], [-6.61221, 42.57342], [-6.61221, 42.57332], [-6.61228, 42.57332], [-6.61228, 42.57341]]]}}, {"type": "Feature", "properties": {"area_ha": 0.006, "dist_km": 1.61, "node": "LOMBA 220", "node_mw": 602, "osm_id": 789896661, "municipio": "Lomba"}, "geometry": {"type": "Polygon", "coordinates": [[[-6.61244, 42.57403], [-6.61254, 42.57406], [-6.61251, 42.57412], [-6.61248, 42.57411], [-6.61241, 42.57409], [-6.61244, 42.57403]]]}}, {"type": "Feature", "properties": {"area_ha": 0.018, "dist_km": 1.714, "node": "LOMBA 220", "node_mw": 602, "osm_id": 789896663, "municipio": "Lomba"}, "geometry": {"type": "Polygon", "coordinates": [[[-6.61193, 42.57333], [-6.61189, 42.57334], [-6.61188, 42.57329], [-6.61181, 42.57329], [-6.61179, 42.57314], [-6.6119, 42.57314], [-6.61191, 42.57319], [-6.61193, 42.57319], [-6.61193, 42.57333]]]}}, {"type": "Feature", "properties": {"area_ha": 0.002, "dist_km": 1.735, "node": "LOMBA 220", "node_mw": 602, "osm_id": 789896667, "municipio": "Lomba"}, "geometry": {"type": "Polygon", "coordinates": [[[-6.61171, 42.57306], [-6.61175, 42.57307], [-6.61175, 42.57311], [-6.6117, 42.5731], [-6.61171, 42.57306]]]}}, {"type": "Feature", "properties": {"area_ha": 0.007, "dist_km": 1.691, "node": "LOMBA 220", "node_mw": 602, "osm_id": 789896677, "municipio": "Lomba"}, "geometry": {"type": "Polygon", "coordinates": [[[-6.61208, 42.57343], [-6.61207, 42.57334], [-6.6121, 42.57333], [-6.61214, 42.57332], [-6.61215, 42.57343], [-6.61208, 42.57343]]]}}, {"type": "Feature", "properties": {"area_ha": 0.004, "dist_km": 1.641, "node": "LOMBA 220", "node_mw": 602, "osm_id": 789896680, "municipio": "Lomba"}, "geometry": {"type": "Polygon", "coordinates": [[[-6.61208, 42.57391], [-6.61214, 42.57393], [-6.61208, 42.57398], [-6.61203, 42.57395], [-6.61208, 42.57391]]]}}, {"type": "Feature", "properties": {"area_ha": 0.004, "dist_km": 1.66, "node": "LOMBA 220", "node_mw": 602, "osm_id": 789896681, "municipio": "Lomba"}, "geometry": {"type": "Polygon", "coordinates": [[[-6.61205, 42.5737], [-6.6121, 42.57371], [-6.61206, 42.57379], [-6.61202, 42.57378], [-6.61205, 42.5737]]]}}, {"type": "Feature", "properties": {"area_ha": 0.004, "dist_km": 1.624, "node": "LOMBA 220", "node_mw": 602, "osm_id": 789896682, "municipio": "Lomba"}, "geometry": {"type": "Polygon", "coordinates": [[[-6.61234, 42.57393], [-6.6124, 42.57395], [-6.61236, 42.57403], [-6.61233, 42.57403], [-6.61231, 42.57402], [-6.61232, 42.57399], [-6.61234, 42.57393]]]}}, {"type": "Feature", "properties": {"area_ha": 0.011, "dist_km": 1.698, "node": "LOMBA 220", "node_mw": 602, "osm_id": 789896683, "municipio": "Lomba"}, "geometry": {"type": "Polygon", "coordinates": [[[-6.61183, 42.5735], [-6.61183, 42.57352], [-6.61179, 42.57352], [-6.61176, 42.57352], [-6.61172, 42.57352], [-6.61171, 42.57344], [-6.61171, 42.57344], [-6.61173, 42.57343], [-6.61173, 42.57343], [-6.61185, 42.57343], [-6.61183, 42.5735]]]}}, {"type": "Feature", "properties": {"area_ha": 0.021, "dist_km": 1.707, "node": "LOMBA 220", "node_mw": 602, "osm_id": 789896702, "municipio": "Lomba"}, "geometry": {"type": "Polygon", "coordinates": [[[-6.61196, 42.57324], [-6.61196, 42.57314], [-6.61216, 42.57314], [-6.61216, 42.57316], [-6.61216, 42.57317], [-6.61215, 42.57317], [-6.61214, 42.57324], [-6.61214, 42.57328], [-6.61203, 42.57327], [-6.61203, 42.57324], [-6.61196, 42.57324]]]}}, {"type": "Feature", "properties": {"area_ha": 0.013, "dist_km": 1.636, "node": "LOMBA 220", "node_mw": 602, "osm_id": 789896706, "municipio": "Lomba"}, "geometry": {"type": "Polygon", "coordinates": [[[-6.61216, 42.57405], [-6.61212, 42.57403], [-6.61207, 42.574], [-6.61208, 42.57398], [-6.61214, 42.57393], [-6.61217, 42.57387], [-6.61219, 42.57388], [-6.61224, 42.5739], [-6.61224, 42.57391], [-6.61218, 42.57401], [-6.61216, 42.57405]]]}}, {"type": "Feature", "properties": {"area_ha": 0.004, "dist_km": 1.63, "node": "LOMBA 220", "node_mw": 602, "osm_id": 789896734, "municipio": "Lomba"}, "geometry": {"type": "Polygon", "coordinates": [[[-6.61226, 42.57398], [-6.61228, 42.57392], [-6.61231, 42.57392], [-6.61234, 42.57393], [-6.61232, 42.57399], [-6.61226, 42.57398]]]}}, {"type": "Feature", "properties": {"area_ha": 0.006, "dist_km": 1.636, "node": "LOMBA 220", "node_mw": 602, "osm_id": 789896740, "municipio": "Lomba"}, "geometry": {"type": "Polygon", "coordinates": [[[-6.61195, 42.57401], [-6.61202, 42.57406], [-6.61199, 42.57408], [-6.61197, 42.57409], [-6.61195, 42.57411], [-6.61189, 42.57405], [-6.61195, 42.57401]]]}}, {"type": "Feature", "properties": {"area_ha": 0.017, "dist_km": 1.747, "node": "LOMBA 220", "node_mw": 602, "osm_id": 789896746, "municipio": "Lomba"}, "geometry": {"type": "Polygon", "coordinates": [[[-6.6113, 42.57329], [-6.61122, 42.57334], [-6.61111, 42.57323], [-6.61108, 42.57318], [-6.61118, 42.57318], [-6.61121, 42.57318], [-6.61122, 42.57319], [-6.61132, 42.57328], [-6.6113, 42.57329]]]}}, {"type": "Feature", "properties": {"area_ha": 0.005, "dist_km": 1.776, "node": "LOMBA 220", "node_mw": 602, "osm_id": 789896748, "municipio": "Lomba"}, "geometry": {"type": "Polygon", "coordinates": [[[-6.61134, 42.57284], [-6.61135, 42.5729], [-6.61127, 42.57291], [-6.61126, 42.57284], [-6.61126, 42.57284], [-6.61134, 42.57284]]]}}, {"type": "Feature", "properties": {"area_ha": 0.004, "dist_km": 1.74, "node": "LOMBA 220", "node_mw": 602, "osm_id": 789896755, "municipio": "Lomba"}, "geometry": {"type": "Polygon", "coordinates": [[[-6.61166, 42.57302], [-6.61168, 42.57302], [-6.61177, 42.57302], [-6.61175, 42.57307], [-6.61171, 42.57306], [-6.61166, 42.57306], [-6.61166, 42.57302]]]}}, {"type": "Feature", "properties": {"area_ha": 0.009, "dist_km": 1.744, "node": "LOMBA 220", "node_mw": 602, "osm_id": 789896760, "municipio": "Lomba"}, "geometry": {"type": "Polygon", "coordinates": [[[-6.61169, 42.57293], [-6.61183, 42.57294], [-6.61177, 42.57302], [-6.61168, 42.57302], [-6.61169, 42.57293]]]}}, {"type": "Feature", "properties": {"area_ha": 0.007, "dist_km": 1.838, "node": "LOMBA 220", "node_mw": 602, "osm_id": 789979202, "municipio": "Lomba"}, "geometry": {"type": "Polygon", "coordinates": [[[-6.60198, 42.58771], [-6.60181, 42.58766], [-6.60183, 42.58762], [-6.602, 42.58766], [-6.60198, 42.58771]]]}}, {"type": "Feature", "properties": {"area_ha": 0.013, "dist_km": 1.763, "node": "LOMBA 220", "node_mw": 602, "osm_id": 789979204, "municipio": "Lomba"}, "geometry": {"type": "Polygon", "coordinates": [[[-6.60299, 42.5881], [-6.60287, 42.5881], [-6.60287, 42.58807], [-6.60284, 42.58807], [-6.60284, 42.588], [-6.603, 42.588], [-6.60299, 42.5881]]]}}, {"type": "Feature", "properties": {"area_ha": 0.002, "dist_km": 1.793, "node": "LOMBA 220", "node_mw": 602, "osm_id": 789979213, "municipio": "Lomba"}, "geometry": {"type": "Polygon", "coordinates": [[[-6.60239, 42.58737], [-6.60246, 42.58738], [-6.60244, 42.58742], [-6.60238, 42.5874], [-6.60239, 42.58737]]]}}, {"type": "Feature", "properties": {"area_ha": 0.003, "dist_km": 1.666, "node": "LOMBA 220", "node_mw": 602, "osm_id": 789979238, "municipio": "Lomba"}, "geometry": {"type": "Polygon", "coordinates": [[[-6.60391, 42.58592], [-6.60389, 42.58595], [-6.60381, 42.58594], [-6.60382, 42.5859], [-6.60391, 42.58592]]]}}, {"type": "Feature", "properties": {"area_ha": 0.011, "dist_km": 1.843, "node": "LOMBA 220", "node_mw": 602, "osm_id": 789979265, "municipio": "Lomba"}, "geometry": {"type": "Polygon", "coordinates": [[[-6.60164, 42.5846], [-6.60179, 42.58457], [-6.60182, 42.58465], [-6.60167, 42.58468], [-6.60164, 42.5846]]]}}, {"type": "Feature", "properties": {"area_ha": 0.002, "dist_km": 2.243, "node": "LOMBA 220", "node_mw": 602, "osm_id": 789979309, "municipio": "Lomba"}, "geometry": {"type": "Polygon", "coordinates": [[[-6.59688, 42.58416], [-6.59692, 42.5842], [-6.59688, 42.58422], [-6.59684, 42.58418], [-6.59688, 42.58416]]]}}, {"type": "Feature", "properties": {"area_ha": 0.004, "dist_km": 2.238, "node": "LOMBA 220", "node_mw": 602, "osm_id": 789979310, "municipio": "Lomba"}, "geometry": {"type": "Polygon", "coordinates": [[[-6.5969, 42.58506], [-6.59692, 42.58507], [-6.5969, 42.5851], [-6.59687, 42.58509], [-6.59687, 42.58511], [-6.59681, 42.58508], [-6.59684, 42.58504], [-6.5969, 42.58506]]]}}, {"type": "Feature", "properties": {"area_ha": 0.005, "dist_km": 2.236, "node": "LOMBA 220", "node_mw": 602, "osm_id": 789979311, "municipio": "Lomba"}, "geometry": {"type": "Polygon", "coordinates": [[[-6.59684, 42.58504], [-6.5969, 42.58496], [-6.59695, 42.58498], [-6.5969, 42.58506], [-6.59684, 42.58504]]]}}, {"type": "Feature", "properties": {"area_ha": 0.005, "dist_km": 2.24, "node": "LOMBA 220", "node_mw": 602, "osm_id": 789979312, "municipio": "Lomba"}, "geometry": {"type": "Polygon", "coordinates": [[[-6.59688, 42.58427], [-6.59688, 42.58426], [-6.59692, 42.58424], [-6.59693, 42.58426], [-6.59689, 42.58428], [-6.59692, 42.58432], [-6.59694, 42.58435], [-6.59692, 42.58436], [-6.59683, 42.5843], [-6.59688, 42.58427]]]}}, {"type": "Feature", "properties": {"area_ha": 0.017, "dist_km": 2.233, "node": "LOMBA 220", "node_mw": 602, "osm_id": 789979314, "municipio": "Lomba"}, "geometry": {"type": "Polygon", "coordinates": [[[-6.59705, 42.58429], [-6.59701, 42.58435], [-6.59713, 42.58438], [-6.59711, 42.58443], [-6.59701, 42.58441], [-6.59696, 42.5844], [-6.59695, 42.58439], [-6.59694, 42.5844], [-6.5969, 42.58438], [-6.59692, 42.58436], [-6.59694, 42.58435], [-6.59692, 42.58432], [-6.597, 42.58425], [-6.59705, 42.58429]]]}}, {"type": "Feature", "properties": {"area_ha": 0.009, "dist_km": 2.275, "node": "LOMBA 220", "node_mw": 602, "osm_id": 789979317, "municipio": "Lomba"}, "geometry": {"type": "Polygon", "coordinates": [[[-6.59634, 42.58471], [-6.5964, 42.58466], [-6.59645, 42.58468], [-6.59647, 42.58466], [-6.59652, 42.58469], [-6.5965, 42.58471], [-6.59647, 42.58476], [-6.59634, 42.58471]]]}}, {"type": "Feature", "properties": {"area_ha": 0.002, "dist_km": 2.198, "node": "LOMBA 220", "node_mw": 602, "osm_id": 789979319, "municipio": "Lomba"}, "geometry": {"type": "Polygon", "coordinates": [[[-6.59738, 42.58491], [-6.59742, 42.58493], [-6.59738, 42.58498], [-6.59734, 42.58496], [-6.59738, 42.58491]]]}}, {"type": "Feature", "properties": {"area_ha": 0.003, "dist_km": 2.409, "node": "LOMBA 220", "node_mw": 602, "osm_id": 789979324, "municipio": "Lomba"}, "geometry": {"type": "Polygon", "coordinates": [[[-6.59509, 42.5888], [-6.59503, 42.58879], [-6.59506, 42.58873], [-6.59511, 42.58875], [-6.59509, 42.5888]]]}}, {"type": "Feature", "properties": {"area_ha": 0.004, "dist_km": 1.985, "node": "LOMBA 220", "node_mw": 602, "osm_id": 789979339, "municipio": "Lomba"}, "geometry": {"type": "Polygon", "coordinates": [[[-6.60032, 42.58884], [-6.60037, 42.58884], [-6.60038, 42.58892], [-6.60034, 42.58892], [-6.60032, 42.58892], [-6.60032, 42.58884]]]}}, {"type": "Feature", "properties": {"area_ha": 0.005, "dist_km": 1.98, "node": "LOMBA 220", "node_mw": 602, "osm_id": 789979342, "municipio": "Lomba"}, "geometry": {"type": "Polygon", "coordinates": [[[-6.60052, 42.58891], [-6.60052, 42.58894], [-6.60034, 42.58895], [-6.60034, 42.58892], [-6.60038, 42.58892], [-6.60052, 42.58891]]]}}, {"type": "Feature", "properties": {"area_ha": 0.004, "dist_km": 1.943, "node": "LOMBA 220", "node_mw": 602, "osm_id": 789979343, "municipio": "Lomba"}, "geometry": {"type": "Polygon", "coordinates": [[[-6.60093, 42.58886], [-6.60093, 42.58889], [-6.60079, 42.58891], [-6.60079, 42.58888], [-6.60093, 42.58886]]]}}, {"type": "Feature", "properties": {"area_ha": 0.028, "dist_km": 2.064, "node": "LOMBA 220", "node_mw": 602, "osm_id": 789979351, "municipio": "Lomba"}, "geometry": {"type": "Polygon", "coordinates": [[[-6.59965, 42.58936], [-6.59968, 42.58944], [-6.59938, 42.5895], [-6.59932, 42.58941], [-6.59965, 42.58936]]]}}, {"type": "Feature", "properties": {"area_ha": 0.013, "dist_km": 1.198, "node": "LOMBA 220", "node_mw": 602, "osm_id": 789979358, "municipio": "Lomba"}, "geometry": {"type": "Polygon", "coordinates": [[[-6.60966, 42.58559], [-6.60957, 42.58562], [-6.60948, 42.58548], [-6.60956, 42.58545], [-6.60966, 42.58559]]]}}, {"type": "Feature", "properties": {"area_ha": 0.006, "dist_km": 1.191, "node": "LOMBA 220", "node_mw": 602, "osm_id": 789979383, "municipio": "Lomba"}, "geometry": {"type": "Polygon", "coordinates": [[[-6.60988, 42.58368], [-6.60989, 42.58359], [-6.60997, 42.58359], [-6.60995, 42.58368], [-6.60988, 42.58368]]]}}, {"type": "Feature", "properties": {"area_ha": 0.003, "dist_km": 1.19, "node": "LOMBA 220", "node_mw": 602, "osm_id": 789979389, "municipio": "Lomba"}, "geometry": {"type": "Polygon", "coordinates": [[[-6.60989, 42.5839], [-6.60991, 42.58397], [-6.60986, 42.58398], [-6.60984, 42.58393], [-6.60986, 42.58393], [-6.60986, 42.58391], [-6.60989, 42.5839]]]}}, {"type": "Feature", "properties": {"area_ha": 0.002, "dist_km": 1.297, "node": "LOMBA 220", "node_mw": 602, "osm_id": 789979403, "municipio": "Lomba"}, "geometry": {"type": "Polygon", "coordinates": [[[-6.61033, 42.58006], [-6.61034, 42.5801], [-6.6103, 42.58011], [-6.61028, 42.58007], [-6.61033, 42.58006]]]}}, {"type": "Feature", "properties": {"area_ha": 0.002, "dist_km": 1.255, "node": "LOMBA 220", "node_mw": 602, "osm_id": 789979409, "municipio": "Lomba"}, "geometry": {"type": "Polygon", "coordinates": [[[-6.61113, 42.5798], [-6.61115, 42.57983], [-6.6111, 42.57984], [-6.61108, 42.57981], [-6.61113, 42.5798]]]}}, {"type": "Feature", "properties": {"area_ha": 0.003, "dist_km": 1.246, "node": "LOMBA 220", "node_mw": 602, "osm_id": 789979416, "municipio": "Lomba"}, "geometry": {"type": "Polygon", "coordinates": [[[-6.61101, 42.58015], [-6.61102, 42.58018], [-6.61092, 42.58019], [-6.61091, 42.58017], [-6.61101, 42.58015]]]}}, {"type": "Feature", "properties": {"area_ha": 0.008, "dist_km": 1.312, "node": "LOMBA 220", "node_mw": 602, "osm_id": 789979419, "municipio": "Lomba"}, "geometry": {"type": "Polygon", "coordinates": [[[-6.61041, 42.57965], [-6.61047, 42.57973], [-6.61038, 42.57976], [-6.61033, 42.57968], [-6.61041, 42.57965]]]}}, {"type": "Feature", "properties": {"area_ha": 0.004, "dist_km": 1.246, "node": "LOMBA 220", "node_mw": 602, "osm_id": 789979423, "municipio": "Lomba"}, "geometry": {"type": "Polygon", "coordinates": [[[-6.61128, 42.57976], [-6.61131, 42.57981], [-6.61128, 42.57982], [-6.61127, 42.5798], [-6.61121, 42.57981], [-6.6112, 42.57978], [-6.61128, 42.57976]]]}}, {"type": "Feature", "properties": {"area_ha": 0.004, "dist_km": 1.284, "node": "LOMBA 220", "node_mw": 602, "osm_id": 789979424, "municipio": "Lomba"}, "geometry": {"type": "Polygon", "coordinates": [[[-6.61058, 42.58], [-6.6106, 42.58003], [-6.61049, 42.58006], [-6.61047, 42.58002], [-6.61058, 42.58]]]}}, {"type": "Feature", "properties": {"area_ha": 0.004, "dist_km": 1.42, "node": "LOMBA 220", "node_mw": 602, "osm_id": 789979425, "municipio": "Lomba"}, "geometry": {"type": "Polygon", "coordinates": [[[-6.60854, 42.58027], [-6.60847, 42.58026], [-6.60849, 42.58021], [-6.60856, 42.58022], [-6.60854, 42.58027]]]}}, {"type": "Feature", "properties": {"area_ha": 0.002, "dist_km": 1.241, "node": "LOMBA 220", "node_mw": 602, "osm_id": 789979426, "municipio": "Lomba"}, "geometry": {"type": "Polygon", "coordinates": [[[-6.61131, 42.57981], [-6.61133, 42.57986], [-6.6113, 42.57987], [-6.61128, 42.57982], [-6.61131, 42.57981]]]}}, {"type": "Feature", "properties": {"area_ha": 0.017, "dist_km": 2.046, "node": "LOMBA 220", "node_mw": 602, "osm_id": 789989609, "municipio": "Lomba"}, "geometry": {"type": "Polygon", "coordinates": [[[-6.63102, 42.56796], [-6.63105, 42.56803], [-6.63109, 42.56802], [-6.63108, 42.568], [-6.63118, 42.56798], [-6.63119, 42.56802], [-6.63124, 42.56802], [-6.63125, 42.56805], [-6.63095, 42.56806], [-6.63093, 42.56799], [-6.63102, 42.56796]]]}}, {"type": "Feature", "properties": {"area_ha": 0.003, "dist_km": 2.057, "node": "LOMBA 220", "node_mw": 602, "osm_id": 789989610, "municipio": "Lomba"}, "geometry": {"type": "Polygon", "coordinates": [[[-6.63158, 42.56798], [-6.63158, 42.56802], [-6.6315, 42.56803], [-6.6315, 42.56798], [-6.63158, 42.56798]]]}}, {"type": "Feature", "properties": {"area_ha": 0.005, "dist_km": 2.085, "node": "LOMBA 220", "node_mw": 602, "osm_id": 789989623, "municipio": "Lomba"}, "geometry": {"type": "Polygon", "coordinates": [[[-6.62545, 42.56694], [-6.62559, 42.56696], [-6.62557, 42.567], [-6.62544, 42.56698], [-6.62545, 42.56694]]]}}, {"type": "Feature", "properties": {"area_ha": 0.004, "dist_km": 2.21, "node": "LOMBA 220", "node_mw": 602, "osm_id": 789989630, "municipio": "Lomba"}, "geometry": {"type": "Polygon", "coordinates": [[[-6.62589, 42.56588], [-6.62591, 42.56584], [-6.62601, 42.56586], [-6.62599, 42.5659], [-6.62589, 42.56588]]]}}, {"type": "Feature", "properties": {"area_ha": 0.01, "dist_km": 2.354, "node": "LOMBA 220", "node_mw": 602, "osm_id": 789989641, "municipio": "Lomba"}, "geometry": {"type": "Polygon", "coordinates": [[[-6.60976, 42.56739], [-6.60968, 42.56754], [-6.60964, 42.56753], [-6.60969, 42.56743], [-6.60968, 42.56743], [-6.60969, 42.5674], [-6.60971, 42.56741], [-6.60972, 42.56738], [-6.6097, 42.56738], [-6.60974, 42.5673], [-6.6098, 42.56731], [-6.60976, 42.56739]]]}}, {"type": "Feature", "properties": {"area_ha": 0.005, "dist_km": 2.03, "node": "LOMBA 220", "node_mw": 602, "osm_id": 789989658, "municipio": "Lomba"}, "geometry": {"type": "Polygon", "coordinates": [[[-6.60796, 42.57186], [-6.60805, 42.57182], [-6.60808, 42.57187], [-6.608, 42.57191], [-6.60799, 42.57189], [-6.60796, 42.57186]]]}}, {"type": "Feature", "properties": {"area_ha": 0.002, "dist_km": 1.998, "node": "LOMBA 220", "node_mw": 602, "osm_id": 789989660, "municipio": "Lomba"}, "geometry": {"type": "Polygon", "coordinates": [[[-6.60814, 42.57215], [-6.60816, 42.57222], [-6.60813, 42.57223], [-6.6081, 42.57216], [-6.60811, 42.57216], [-6.60813, 42.57215], [-6.60814, 42.57215]]]}}, {"type": "Feature", "properties": {"area_ha": 0.003, "dist_km": 1.823, "node": "LOMBA 220", "node_mw": 602, "osm_id": 789989669, "municipio": "Lomba"}, "geometry": {"type": "Polygon", "coordinates": [[[-6.60561, 42.57674], [-6.60555, 42.57674], [-6.60554, 42.57674], [-6.60554, 42.5767], [-6.60561, 42.5767], [-6.60561, 42.57674]]]}}, {"type": "Feature", "properties": {"area_ha": 0.002, "dist_km": 2.189, "node": "LOMBA 220", "node_mw": 602, "osm_id": 790184914, "municipio": "Lomba"}, "geometry": {"type": "Polygon", "coordinates": [[[-6.63911, 42.56933], [-6.63911, 42.56936], [-6.63906, 42.56936], [-6.63905, 42.56933], [-6.63911, 42.56933]]]}}, {"type": "Feature", "properties": {"area_ha": 0.021, "dist_km": 2.321, "node": "LOMBA 220", "node_mw": 602, "osm_id": 790184928, "municipio": "Lomba"}, "geometry": {"type": "Polygon", "coordinates": [[[-6.63853, 42.56773], [-6.63849, 42.56773], [-6.63848, 42.56768], [-6.63852, 42.56768], [-6.63852, 42.56762], [-6.63864, 42.56761], [-6.63864, 42.56765], [-6.63865, 42.56772], [-6.63865, 42.56779], [-6.63855, 42.56779], [-6.63853, 42.56779], [-6.63853, 42.56773]]]}}, {"type": "Feature", "properties": {"area_ha": 0.009, "dist_km": 2.072, "node": "LOMBA 220", "node_mw": 602, "osm_id": 791051174, "municipio": "Lomba"}, "geometry": {"type": "Polygon", "coordinates": [[[-6.63913, 42.57065], [-6.63923, 42.57064], [-6.63924, 42.57069], [-6.63929, 42.57069], [-6.63929, 42.57072], [-6.6392, 42.57073], [-6.63914, 42.57073], [-6.63914, 42.5707], [-6.63913, 42.57065]]]}}, {"type": "Feature", "properties": {"area_ha": 0.002, "dist_km": 2.078, "node": "LOMBA 220", "node_mw": 602, "osm_id": 791051179, "municipio": "Lomba"}, "geometry": {"type": "Polygon", "coordinates": [[[-6.63918, 42.57058], [-6.63918, 42.57062], [-6.63913, 42.57062], [-6.63912, 42.57059], [-6.63918, 42.57058]]]}}, {"type": "Feature", "properties": {"area_ha": 0.041, "dist_km": 2.101, "node": "LOMBA 220", "node_mw": 602, "osm_id": 791051195, "municipio": "Lomba"}, "geometry": {"type": "Polygon", "coordinates": [[[-6.63934, 42.57049], [-6.63934, 42.57053], [-6.63914, 42.57054], [-6.63912, 42.5704], [-6.63933, 42.57039], [-6.63933, 42.57042], [-6.63938, 42.57041], [-6.63937, 42.57037], [-6.63949, 42.57036], [-6.6395, 42.57048], [-6.63934, 42.57049]]]}}, {"type": "Feature", "properties": {"area_ha": 0.004, "dist_km": 1.9, "node": "LOMBA 220", "node_mw": 602, "osm_id": 791051228, "municipio": "Lomba"}, "geometry": {"type": "Polygon", "coordinates": [[[-6.63904, 42.57249], [-6.63905, 42.57263], [-6.63902, 42.57263], [-6.639, 42.57249], [-6.63904, 42.57249]]]}}, {"type": "Feature", "properties": {"area_ha": 0.001, "dist_km": 1.88, "node": "LOMBA 220", "node_mw": 602, "osm_id": 791051250, "municipio": "Lomba"}, "geometry": {"type": "Polygon", "coordinates": [[[-6.63633, 42.57135], [-6.63629, 42.57135], [-6.63629, 42.57132], [-6.63633, 42.57131], [-6.63633, 42.57135]]]}}, {"type": "Feature", "properties": {"area_ha": 0.001, "dist_km": 2.075, "node": "LOMBA 220", "node_mw": 602, "osm_id": 791051266, "municipio": "Lomba"}, "geometry": {"type": "Polygon", "coordinates": [[[-6.63634, 42.5693], [-6.63634, 42.56932], [-6.63631, 42.56932], [-6.63631, 42.5693], [-6.63634, 42.5693]]]}}, {"type": "Feature", "properties": {"area_ha": 0.024, "dist_km": 2.064, "node": "LOMBA 220", "node_mw": 602, "osm_id": 791051268, "municipio": "Lomba"}, "geometry": {"type": "Polygon", "coordinates": [[[-6.63595, 42.56919], [-6.63618, 42.56925], [-6.63621, 42.5695], [-6.63614, 42.5695], [-6.63611, 42.56929], [-6.63593, 42.56923], [-6.63595, 42.56919]]]}}, {"type": "Feature", "properties": {"area_ha": 0.005, "dist_km": 2.135, "node": "LOMBA 220", "node_mw": 602, "osm_id": 791051329, "municipio": "Lomba"}, "geometry": {"type": "Polygon", "coordinates": [[[-6.63717, 42.56908], [-6.63711, 42.56908], [-6.63712, 42.56899], [-6.63718, 42.569], [-6.63717, 42.56908]]]}}, {"type": "Feature", "properties": {"area_ha": 0.025, "dist_km": 2.021, "node": "LOMBA 220", "node_mw": 602, "osm_id": 791051339, "municipio": "Lomba"}, "geometry": {"type": "Polygon", "coordinates": [[[-6.63788, 42.57058], [-6.63785, 42.57034], [-6.6379, 42.57034], [-6.63793, 42.57059], [-6.63804, 42.57058], [-6.63805, 42.57062], [-6.63793, 42.57062], [-6.63794, 42.57063], [-6.63783, 42.57064], [-6.63783, 42.57063], [-6.63764, 42.57064], [-6.63764, 42.5706], [-6.63783, 42.57059], [-6.63783, 42.57058], [-6.63788, 42.57058]]]}}, {"type": "Feature", "properties": {"area_ha": 0.041, "dist_km": 2.052, "node": "LOMBA 220", "node_mw": 602, "osm_id": 791051413, "municipio": "Lomba"}, "geometry": {"type": "Polygon", "coordinates": [[[-6.63584, 42.56915], [-6.63587, 42.56944], [-6.63597, 42.56943], [-6.63597, 42.56951], [-6.63577, 42.56952], [-6.63574, 42.56916], [-6.63584, 42.56915]]]}}, {"type": "Feature", "properties": {"area_ha": 0.006, "dist_km": 2.127, "node": "LOMBA 220", "node_mw": 602, "osm_id": 791109749, "municipio": "Lomba"}, "geometry": {"type": "Polygon", "coordinates": [[[-6.59818, 42.58543], [-6.59828, 42.58543], [-6.59827, 42.58549], [-6.59824, 42.58549], [-6.59823, 42.58551], [-6.5982, 42.5855], [-6.5982, 42.58549], [-6.59816, 42.58548], [-6.59818, 42.58543]]]}}, {"type": "Feature", "properties": {"area_ha": 0.005, "dist_km": 2.114, "node": "LOMBA 220", "node_mw": 602, "osm_id": 791109760, "municipio": "Lomba"}, "geometry": {"type": "Polygon", "coordinates": [[[-6.59841, 42.58537], [-6.59844, 42.58544], [-6.59836, 42.58545], [-6.59834, 42.58538], [-6.59841, 42.58537]]]}}, {"type": "Feature", "properties": {"area_ha": 0.006, "dist_km": 2.117, "node": "LOMBA 220", "node_mw": 602, "osm_id": 791109767, "municipio": "Lomba"}, "geometry": {"type": "Polygon", "coordinates": [[[-6.59836, 42.58529], [-6.59841, 42.58537], [-6.59834, 42.58538], [-6.59831, 42.58538], [-6.59828, 42.58531], [-6.59836, 42.58529]]]}}, {"type": "Feature", "properties": {"area_ha": 0.005, "dist_km": 2.12, "node": "LOMBA 220", "node_mw": 602, "osm_id": 791109770, "municipio": "Lomba"}, "geometry": {"type": "Polygon", "coordinates": [[[-6.59834, 42.58525], [-6.59836, 42.58529], [-6.59828, 42.58531], [-6.59826, 42.58525], [-6.59828, 42.58524], [-6.59832, 42.58523], [-6.59834, 42.58522], [-6.59834, 42.58525]]]}}, {"type": "Feature", "properties": {"area_ha": 0.004, "dist_km": 2.108, "node": "LOMBA 220", "node_mw": 602, "osm_id": 791109773, "municipio": "Lomba"}, "geometry": {"type": "Polygon", "coordinates": [[[-6.59839, 42.58587], [-6.59852, 42.58588], [-6.59851, 42.58591], [-6.59838, 42.5859], [-6.59839, 42.58587]]]}}, {"type": "Feature", "properties": {"area_ha": 0.015, "dist_km": 2.123, "node": "LOMBA 220", "node_mw": 602, "osm_id": 791109776, "municipio": "Lomba"}, "geometry": {"type": "Polygon", "coordinates": [[[-6.5982, 42.58592], [-6.59835, 42.58594], [-6.59834, 42.58598], [-6.59834, 42.58601], [-6.59828, 42.586], [-6.59826, 42.58607], [-6.59818, 42.58607], [-6.5982, 42.58592]]]}}, {"type": "Feature", "properties": {"area_ha": 0.005, "dist_km": 2.112, "node": "LOMBA 220", "node_mw": 602, "osm_id": 791109780, "municipio": "Lomba"}, "geometry": {"type": "Polygon", "coordinates": [[[-6.59835, 42.58594], [-6.5985, 42.58595], [-6.59849, 42.58598], [-6.59839, 42.58598], [-6.59838, 42.58598], [-6.59834, 42.58598], [-6.59835, 42.58594]]]}}, {"type": "Feature", "properties": {"area_ha": 0.003, "dist_km": 2.146, "node": "LOMBA 220", "node_mw": 602, "osm_id": 791109782, "municipio": "Lomba"}, "geometry": {"type": "Polygon", "coordinates": [[[-6.59793, 42.5859], [-6.59806, 42.58591], [-6.59806, 42.58595], [-6.59799, 42.58594], [-6.59799, 42.58592], [-6.59793, 42.58591], [-6.59793, 42.5859]]]}}, {"type": "Feature", "properties": {"area_ha": 0.003, "dist_km": 2.06, "node": "LOMBA 220", "node_mw": 602, "osm_id": 791109803, "municipio": "Lomba"}, "geometry": {"type": "Polygon", "coordinates": [[[-6.59908, 42.58599], [-6.59908, 42.58603], [-6.59901, 42.58604], [-6.59901, 42.58599], [-6.59908, 42.58599]]]}}, {"type": "Feature", "properties": {"area_ha": 0.006, "dist_km": 2.03, "node": "LOMBA 220", "node_mw": 602, "osm_id": 791109806, "municipio": "Lomba"}, "geometry": {"type": "Polygon", "coordinates": [[[-6.59938, 42.58652], [-6.59938, 42.58645], [-6.59947, 42.58645], [-6.59947, 42.58652], [-6.59938, 42.58652]]]}}, {"type": "Feature", "properties": {"area_ha": 0.004, "dist_km": 2.103, "node": "LOMBA 220", "node_mw": 602, "osm_id": 791109819, "municipio": "Lomba"}, "geometry": {"type": "Polygon", "coordinates": [[[-6.59853, 42.58577], [-6.59847, 42.58575], [-6.5985, 42.5857], [-6.59856, 42.5857], [-6.59853, 42.58577]]]}}, {"type": "Feature", "properties": {"area_ha": 0.012, "dist_km": 2.076, "node": "LOMBA 220", "node_mw": 602, "osm_id": 791109842, "municipio": "Lomba"}, "geometry": {"type": "Polygon", "coordinates": [[[-6.5989, 42.58626], [-6.59881, 42.58627], [-6.59877, 42.58627], [-6.59877, 42.58623], [-6.59873, 42.58623], [-6.59872, 42.5862], [-6.59881, 42.5862], [-6.59889, 42.58619], [-6.5989, 42.58623], [-6.59892, 42.58623], [-6.59892, 42.58622], [-6.59894, 42.58622], [-6.59895, 42.58627], [-6.5989, 42.58628], [-6.5989, 42.58626]]]}}, {"type": "Feature", "properties": {"area_ha": 0.004, "dist_km": 2.059, "node": "LOMBA 220", "node_mw": 602, "osm_id": 791109849, "municipio": "Lomba"}, "geometry": {"type": "Polygon", "coordinates": [[[-6.59901, 42.58593], [-6.59908, 42.58594], [-6.59908, 42.58598], [-6.59908, 42.58599], [-6.59901, 42.58599], [-6.59901, 42.58599], [-6.59901, 42.58593]]]}}, {"type": "Feature", "properties": {"area_ha": 0.002, "dist_km": 2.084, "node": "LOMBA 220", "node_mw": 602, "osm_id": 791109851, "municipio": "Lomba"}, "geometry": {"type": "Polygon", "coordinates": [[[-6.5988, 42.58652], [-6.59874, 42.58652], [-6.59874, 42.58648], [-6.5988, 42.58648], [-6.5988, 42.58652]]]}}, {"type": "Feature", "properties": {"area_ha": 0.003, "dist_km": 2.064, "node": "LOMBA 220", "node_mw": 602, "osm_id": 791109858, "municipio": "Lomba"}, "geometry": {"type": "Polygon", "coordinates": [[[-6.599, 42.58606], [-6.59903, 42.58606], [-6.59904, 42.58609], [-6.59896, 42.5861], [-6.59895, 42.58606], [-6.599, 42.58606]]]}}, {"type": "Feature", "properties": {"area_ha": 0.003, "dist_km": 2.045, "node": "LOMBA 220", "node_mw": 602, "osm_id": 791109863, "municipio": "Lomba"}, "geometry": {"type": "Polygon", "coordinates": [[[-6.59924, 42.58606], [-6.59927, 42.5861], [-6.59921, 42.58612], [-6.59917, 42.58608], [-6.59924, 42.58606]]]}}, {"type": "Feature", "properties": {"area_ha": 0.007, "dist_km": 2.068, "node": "LOMBA 220", "node_mw": 602, "osm_id": 791109865, "municipio": "Lomba"}, "geometry": {"type": "Polygon", "coordinates": [[[-6.59893, 42.58579], [-6.59901, 42.58581], [-6.59897, 42.5859], [-6.59889, 42.58589], [-6.59893, 42.58579], [-6.59893, 42.58579]]]}}, {"type": "Feature", "properties": {"area_ha": 0.003, "dist_km": 1.969, "node": "LOMBA 220", "node_mw": 602, "osm_id": 791109867, "municipio": "Lomba"}, "geometry": {"type": "Polygon", "coordinates": [[[-6.60022, 42.58626], [-6.60023, 42.58629], [-6.60012, 42.58629], [-6.60012, 42.58628], [-6.60012, 42.58627], [-6.60022, 42.58626]]]}}, {"type": "Feature", "properties": {"area_ha": 0.004, "dist_km": 2.053, "node": "LOMBA 220", "node_mw": 602, "osm_id": 791109872, "municipio": "Lomba"}, "geometry": {"type": "Polygon", "coordinates": [[[-6.59908, 42.58614], [-6.59916, 42.5861], [-6.59919, 42.58613], [-6.59909, 42.58618], [-6.59908, 42.58614]]]}}, {"type": "Feature", "properties": {"area_ha": 0.004, "dist_km": 2.076, "node": "LOMBA 220", "node_mw": 602, "osm_id": 791109879, "municipio": "Lomba"}, "geometry": {"type": "Polygon", "coordinates": [[[-6.59881, 42.58603], [-6.59888, 42.58602], [-6.59889, 42.58608], [-6.59881, 42.58608], [-6.59881, 42.58603]]]}}, {"type": "Feature", "properties": {"area_ha": 0.005, "dist_km": 2.057, "node": "LOMBA 220", "node_mw": 602, "osm_id": 791109887, "municipio": "Lomba"}, "geometry": {"type": "Polygon", "coordinates": [[[-6.59901, 42.58593], [-6.59907, 42.58584], [-6.59909, 42.58583], [-6.59911, 42.58585], [-6.59909, 42.58587], [-6.59908, 42.58594], [-6.59901, 42.58593]]]}}, {"type": "Feature", "properties": {"area_ha": 0.006, "dist_km": 2.062, "node": "LOMBA 220", "node_mw": 602, "osm_id": 791109889, "municipio": "Lomba"}, "geometry": {"type": "Polygon", "coordinates": [[[-6.59908, 42.58614], [-6.59897, 42.58615], [-6.59896, 42.5861], [-6.59904, 42.58609], [-6.59903, 42.58606], [-6.59907, 42.58605], [-6.59908, 42.58614]]]}}, {"type": "Feature", "properties": {"area_ha": 0.007, "dist_km": 2.041, "node": "LOMBA 220", "node_mw": 602, "osm_id": 791109895, "municipio": "Lomba"}, "geometry": {"type": "Polygon", "coordinates": [[[-6.5993, 42.58708], [-6.59935, 42.58706], [-6.59942, 42.58716], [-6.59934, 42.58718], [-6.59932, 42.58713], [-6.5993, 42.58708]]]}}, {"type": "Feature", "properties": {"area_ha": 0.003, "dist_km": 2.037, "node": "LOMBA 220", "node_mw": 602, "osm_id": 791109908, "municipio": "Lomba"}, "geometry": {"type": "Polygon", "coordinates": [[[-6.59941, 42.58697], [-6.59941, 42.58698], [-6.5994, 42.58699], [-6.59937, 42.587], [-6.59933, 42.58694], [-6.59938, 42.58693], [-6.59941, 42.58697]]]}}, {"type": "Feature", "properties": {"area_ha": 0.002, "dist_km": 2.018, "node": "LOMBA 220", "node_mw": 602, "osm_id": 791109909, "municipio": "Lomba"}, "geometry": {"type": "Polygon", "coordinates": [[[-6.59958, 42.58675], [-6.59959, 42.58674], [-6.59959, 42.58673], [-6.59962, 42.58673], [-6.59963, 42.58678], [-6.59958, 42.58679], [-6.59957, 42.58677], [-6.59958, 42.58675]]]}}, {"type": "Feature", "properties": {"area_ha": 0.002, "dist_km": 2.017, "node": "LOMBA 220", "node_mw": 602, "osm_id": 791109911, "municipio": "Lomba"}, "geometry": {"type": "Polygon", "coordinates": [[[-6.59958, 42.58685], [-6.59961, 42.58685], [-6.59961, 42.58684], [-6.59964, 42.58683], [-6.59965, 42.58687], [-6.59959, 42.58688], [-6.59958, 42.58685]]]}}, {"type": "Feature", "properties": {"area_ha": 0.007, "dist_km": 2.055, "node": "LOMBA 220", "node_mw": 602, "osm_id": 791109912, "municipio": "Lomba"}, "geometry": {"type": "Polygon", "coordinates": [[[-6.59921, 42.58716], [-6.59921, 42.58716], [-6.59924, 42.58722], [-6.59911, 42.58725], [-6.59909, 42.58719], [-6.5992, 42.58717], [-6.5992, 42.58716], [-6.59921, 42.58716]]]}}, {"type": "Feature", "properties": {"area_ha": 0.01, "dist_km": 2.102, "node": "LOMBA 220", "node_mw": 602, "osm_id": 791109933, "municipio": "Lomba"}, "geometry": {"type": "Polygon", "coordinates": [[[-6.59857, 42.58715], [-6.59858, 42.58703], [-6.59862, 42.58704], [-6.59862, 42.58711], [-6.59862, 42.58715], [-6.59862, 42.58725], [-6.59856, 42.58724], [-6.59857, 42.58715]]]}}, {"type": "Feature", "properties": {"area_ha": 0.007, "dist_km": 2.203, "node": "LOMBA 220", "node_mw": 602, "osm_id": 791109938, "municipio": "Lomba"}, "geometry": {"type": "Polygon", "coordinates": [[[-6.59731, 42.58522], [-6.59736, 42.5853], [-6.59729, 42.58531], [-6.59727, 42.58532], [-6.59723, 42.58524], [-6.59731, 42.58522]]]}}, {"type": "Feature", "properties": {"area_ha": 0.003, "dist_km": 2.213, "node": "LOMBA 220", "node_mw": 602, "osm_id": 791109941, "municipio": "Lomba"}, "geometry": {"type": "Polygon", "coordinates": [[[-6.59718, 42.58509], [-6.59723, 42.58511], [-6.59717, 42.58516], [-6.59713, 42.58514], [-6.59718, 42.58509]]]}}, {"type": "Feature", "properties": {"area_ha": 0.004, "dist_km": 2.194, "node": "LOMBA 220", "node_mw": 602, "osm_id": 791109942, "municipio": "Lomba"}, "geometry": {"type": "Polygon", "coordinates": [[[-6.59737, 42.5854], [-6.59737, 42.58539], [-6.59739, 42.58538], [-6.59738, 42.58536], [-6.5974, 42.58535], [-6.59743, 42.58535], [-6.59748, 42.58541], [-6.59741, 42.58541], [-6.59736, 42.58541], [-6.59737, 42.5854]]]}}, {"type": "Feature", "properties": {"area_ha": 0.001, "dist_km": 2.2, "node": "LOMBA 220", "node_mw": 602, "osm_id": 791109945, "municipio": "Lomba"}, "geometry": {"type": "Polygon", "coordinates": [[[-6.59736, 42.5853], [-6.59737, 42.58532], [-6.5973, 42.58534], [-6.59729, 42.58531], [-6.59736, 42.5853]]]}}, {"type": "Feature", "properties": {"area_ha": 0.003, "dist_km": 2.217, "node": "LOMBA 220", "node_mw": 602, "osm_id": 791109948, "municipio": "Lomba"}, "geometry": {"type": "Polygon", "coordinates": [[[-6.59713, 42.58507], [-6.59718, 42.58509], [-6.59713, 42.58514], [-6.59709, 42.58512], [-6.59713, 42.58507]]]}}, {"type": "Feature", "properties": {"area_ha": 0.021, "dist_km": 2.157, "node": "LOMBA 220", "node_mw": 602, "osm_id": 791109958, "municipio": "Lomba"}, "geometry": {"type": "Polygon", "coordinates": [[[-6.59784, 42.58531], [-6.59797, 42.58537], [-6.59787, 42.58554], [-6.59784, 42.58553], [-6.59782, 42.5855], [-6.59783, 42.58548], [-6.59778, 42.58546], [-6.59784, 42.58531]]]}}, {"type": "Feature", "properties": {"area_ha": 0.007, "dist_km": 2.227, "node": "LOMBA 220", "node_mw": 602, "osm_id": 791109967, "municipio": "Lomba"}, "geometry": {"type": "Polygon", "coordinates": [[[-6.59698, 42.58515], [-6.59701, 42.58511], [-6.59708, 42.58514], [-6.59703, 42.58522], [-6.597, 42.58521], [-6.59699, 42.58522], [-6.59695, 42.5852], [-6.59698, 42.58515]]]}}, {"type": "Feature", "properties": {"area_ha": 0.005, "dist_km": 2.16, "node": "LOMBA 220", "node_mw": 602, "osm_id": 791109970, "municipio": "Lomba"}, "geometry": {"type": "Polygon", "coordinates": [[[-6.59781, 42.58522], [-6.59787, 42.58523], [-6.59784, 42.58531], [-6.59778, 42.5853], [-6.59781, 42.58522]]]}}, {"type": "Feature", "properties": {"area_ha": 0.003, "dist_km": 2.26, "node": "LOMBA 220", "node_mw": 602, "osm_id": 791109974, "municipio": "Lomba"}, "geometry": {"type": "Polygon", "coordinates": [[[-6.59654, 42.58523], [-6.59658, 42.58521], [-6.59661, 42.58521], [-6.59662, 42.5852], [-6.59666, 42.58522], [-6.59662, 42.58525], [-6.59654, 42.58523]]]}}, {"type": "Feature", "properties": {"area_ha": 0.007, "dist_km": 2.276, "node": "LOMBA 220", "node_mw": 602, "osm_id": 791110028, "municipio": "Lomba"}, "geometry": {"type": "Polygon", "coordinates": [[[-6.59643, 42.58682], [-6.59651, 42.58683], [-6.59647, 42.58693], [-6.5964, 42.58691], [-6.59642, 42.58685], [-6.59643, 42.58682]]]}}, {"type": "Feature", "properties": {"area_ha": 0.014, "dist_km": 2.285, "node": "LOMBA 220", "node_mw": 602, "osm_id": 791110029, "municipio": "Lomba"}, "geometry": {"type": "Polygon", "coordinates": [[[-6.59626, 42.58691], [-6.59627, 42.58689], [-6.59635, 42.58672], [-6.59643, 42.58675], [-6.59639, 42.58684], [-6.59636, 42.5869], [-6.59631, 42.58689], [-6.5963, 42.58692], [-6.59626, 42.58691]]]}}, {"type": "Feature", "properties": {"area_ha": 0.007, "dist_km": 2.294, "node": "LOMBA 220", "node_mw": 602, "osm_id": 791110031, "municipio": "Lomba"}, "geometry": {"type": "Polygon", "coordinates": [[[-6.5962, 42.58739], [-6.59626, 42.58733], [-6.59634, 42.58736], [-6.59627, 42.58744], [-6.5962, 42.58739]]]}}, {"type": "Feature", "properties": {"area_ha": 0.006, "dist_km": 2.215, "node": "LOMBA 220", "node_mw": 602, "osm_id": 791110038, "municipio": "Lomba"}, "geometry": {"type": "Polygon", "coordinates": [[[-6.59729, 42.58734], [-6.59726, 42.58743], [-6.59719, 42.58742], [-6.59722, 42.58732], [-6.59729, 42.58734]]]}}, {"type": "Feature", "properties": {"area_ha": 0.022, "dist_km": 2.285, "node": "LOMBA 220", "node_mw": 602, "osm_id": 791110059, "municipio": "Lomba"}, "geometry": {"type": "Polygon", "coordinates": [[[-6.59643, 42.58727], [-6.59635, 42.58727], [-6.5962, 42.58723], [-6.59625, 42.58715], [-6.59639, 42.58719], [-6.59643, 42.58715], [-6.59652, 42.58718], [-6.59643, 42.58727]]]}}, {"type": "Feature", "properties": {"area_ha": 0.005, "dist_km": 2.247, "node": "LOMBA 220", "node_mw": 602, "osm_id": 791110068, "municipio": "Lomba"}, "geometry": {"type": "Polygon", "coordinates": [[[-6.5969, 42.58765], [-6.59694, 42.58766], [-6.5969, 42.58775], [-6.59684, 42.58774], [-6.59688, 42.58767], [-6.59689, 42.58767], [-6.5969, 42.58765]]]}}, {"type": "Feature", "properties": {"area_ha": 0.003, "dist_km": 2.248, "node": "LOMBA 220", "node_mw": 602, "osm_id": 791110070, "municipio": "Lomba"}, "geometry": {"type": "Polygon", "coordinates": [[[-6.59688, 42.58778], [-6.59694, 42.58782], [-6.5969, 42.58785], [-6.59684, 42.58781], [-6.59688, 42.58778]]]}}, {"type": "Feature", "properties": {"area_ha": 0.002, "dist_km": 2.192, "node": "LOMBA 220", "node_mw": 602, "osm_id": 791110079, "municipio": "Lomba"}, "geometry": {"type": "Polygon", "coordinates": [[[-6.5976, 42.58774], [-6.5976, 42.58779], [-6.59755, 42.58779], [-6.59755, 42.58774], [-6.5976, 42.58774]]]}}, {"type": "Feature", "properties": {"area_ha": 0.003, "dist_km": 2.204, "node": "LOMBA 220", "node_mw": 602, "osm_id": 791110087, "municipio": "Lomba"}, "geometry": {"type": "Polygon", "coordinates": [[[-6.59748, 42.58793], [-6.59749, 42.58794], [-6.59745, 42.58798], [-6.5974, 42.58796], [-6.59744, 42.58792], [-6.59748, 42.58793]]]}}, {"type": "Feature", "properties": {"area_ha": 0.003, "dist_km": 2.155, "node": "LOMBA 220", "node_mw": 602, "osm_id": 791110101, "municipio": "Lomba"}, "geometry": {"type": "Polygon", "coordinates": [[[-6.59807, 42.58788], [-6.59811, 42.58793], [-6.59806, 42.58794], [-6.59803, 42.58794], [-6.59801, 42.5879], [-6.59807, 42.58788]]]}}, {"type": "Feature", "properties": {"area_ha": 0.007, "dist_km": 2.123, "node": "LOMBA 220", "node_mw": 602, "osm_id": 791110120, "municipio": "Lomba"}, "geometry": {"type": "Polygon", "coordinates": [[[-6.5985, 42.58796], [-6.5985, 42.58799], [-6.5985, 42.588], [-6.59838, 42.588], [-6.59837, 42.58793], [-6.5985, 42.58794], [-6.5985, 42.58796]]]}}, {"type": "Feature", "properties": {"area_ha": 0.003, "dist_km": 2.118, "node": "LOMBA 220", "node_mw": 602, "osm_id": 791110129, "municipio": "Lomba"}, "geometry": {"type": "Polygon", "coordinates": [[[-6.59843, 42.58747], [-6.5985, 42.58751], [-6.59846, 42.58754], [-6.5984, 42.5875], [-6.59843, 42.58747]]]}}, {"type": "Feature", "properties": {"area_ha": 0.011, "dist_km": 2.2, "node": "LOMBA 220", "node_mw": 602, "osm_id": 791110130, "municipio": "Lomba"}, "geometry": {"type": "Polygon", "coordinates": [[[-6.59753, 42.58796], [-6.59754, 42.58797], [-6.59758, 42.58799], [-6.59759, 42.588], [-6.59754, 42.58804], [-6.59753, 42.58803], [-6.59749, 42.58807], [-6.59742, 42.58803], [-6.59746, 42.58799], [-6.59745, 42.58798], [-6.59749, 42.58794], [-6.59748, 42.58793], [-6.59751, 42.5879], [-6.59755, 42.58793], [-6.59751, 42.58795], [-6.59753, 42.58796]]]}}, {"type": "Feature", "properties": {"area_ha": 0.008, "dist_km": 2.157, "node": "LOMBA 220", "node_mw": 602, "osm_id": 791110137, "municipio": "Lomba"}, "geometry": {"type": "Polygon", "coordinates": [[[-6.598, 42.58796], [-6.59806, 42.58797], [-6.5981, 42.58804], [-6.59809, 42.58815], [-6.59805, 42.58815], [-6.59806, 42.58804], [-6.59801, 42.58804], [-6.59801, 42.58802], [-6.598, 42.58798], [-6.598, 42.58796]]]}}, {"type": "Feature", "properties": {"area_ha": 0.008, "dist_km": 1.99, "node": "LOMBA 220", "node_mw": 602, "osm_id": 791110163, "municipio": "Lomba"}, "geometry": {"type": "Polygon", "coordinates": [[[-6.60007, 42.58759], [-6.60009, 42.58767], [-6.59999, 42.58769], [-6.59997, 42.58761], [-6.60007, 42.58759]]]}}, {"type": "Feature", "properties": {"area_ha": 0.001, "dist_km": 1.967, "node": "LOMBA 220", "node_mw": 602, "osm_id": 791110168, "municipio": "Lomba"}, "geometry": {"type": "Polygon", "coordinates": [[[-6.60042, 42.58828], [-6.60046, 42.58828], [-6.60045, 42.58832], [-6.60041, 42.58832], [-6.60042, 42.58828]]]}}, {"type": "Feature", "properties": {"area_ha": 0.008, "dist_km": 2.041, "node": "LOMBA 220", "node_mw": 602, "osm_id": 791110183, "municipio": "Lomba"}, "geometry": {"type": "Polygon", "coordinates": [[[-6.59957, 42.58818], [-6.59957, 42.58823], [-6.59944, 42.58824], [-6.59943, 42.58815], [-6.59948, 42.58815], [-6.59948, 42.58819], [-6.59957, 42.58818]]]}}, {"type": "Feature", "properties": {"area_ha": 0.005, "dist_km": 2.045, "node": "LOMBA 220", "node_mw": 602, "osm_id": 791110184, "municipio": "Lomba"}, "geometry": {"type": "Polygon", "coordinates": [[[-6.59936, 42.58792], [-6.59935, 42.58786], [-6.59938, 42.58786], [-6.59938, 42.58785], [-6.59941, 42.58784], [-6.59943, 42.5879], [-6.59944, 42.58791], [-6.59944, 42.58793], [-6.59937, 42.58793], [-6.59936, 42.58792]]]}}, {"type": "Feature", "properties": {"area_ha": 0.005, "dist_km": 2.019, "node": "LOMBA 220", "node_mw": 602, "osm_id": 791110191, "municipio": "Lomba"}, "geometry": {"type": "Polygon", "coordinates": [[[-6.59972, 42.58797], [-6.59976, 42.58797], [-6.59976, 42.58807], [-6.59977, 42.58813], [-6.59973, 42.58813], [-6.59972, 42.58797]]]}}, {"type": "Feature", "properties": {"area_ha": 0.011, "dist_km": 1.812, "node": "LOMBA 220", "node_mw": 602, "osm_id": 791110241, "municipio": "Lomba"}, "geometry": {"type": "Polygon", "coordinates": [[[-6.6021, 42.58615], [-6.60198, 42.58609], [-6.60203, 42.58604], [-6.60204, 42.58602], [-6.60205, 42.58601], [-6.60212, 42.58605], [-6.60209, 42.58609], [-6.60215, 42.58611], [-6.60211, 42.58616], [-6.6021, 42.58615]]]}}, {"type": "Feature", "properties": {"area_ha": 0.003, "dist_km": 1.879, "node": "LOMBA 220", "node_mw": 602, "osm_id": 791110243, "municipio": "Lomba"}, "geometry": {"type": "Polygon", "coordinates": [[[-6.60122, 42.58613], [-6.60122, 42.58608], [-6.60128, 42.58608], [-6.60128, 42.58613], [-6.60122, 42.58613]]]}}, {"type": "Feature", "properties": {"area_ha": 0.004, "dist_km": 1.853, "node": "LOMBA 220", "node_mw": 602, "osm_id": 791110247, "municipio": "Lomba"}, "geometry": {"type": "Polygon", "coordinates": [[[-6.60164, 42.58643], [-6.60164, 42.58647], [-6.60155, 42.58651], [-6.60155, 42.58645], [-6.60164, 42.58643]]]}}, {"type": "Feature", "properties": {"area_ha": 0.002, "dist_km": 1.861, "node": "LOMBA 220", "node_mw": 602, "osm_id": 791110251, "municipio": "Lomba"}, "geometry": {"type": "Polygon", "coordinates": [[[-6.6015, 42.58664], [-6.60155, 42.58666], [-6.60152, 42.58671], [-6.60148, 42.5867], [-6.6015, 42.58664]]]}}, {"type": "Feature", "properties": {"area_ha": 0.017, "dist_km": 1.797, "node": "LOMBA 220", "node_mw": 602, "osm_id": 791110278, "municipio": "Lomba"}, "geometry": {"type": "Polygon", "coordinates": [[[-6.6023, 42.58519], [-6.60235, 42.58537], [-6.60224, 42.58539], [-6.60222, 42.58533], [-6.60228, 42.58532], [-6.60226, 42.58526], [-6.6022, 42.58527], [-6.60218, 42.58521], [-6.6023, 42.58519]]]}}, {"type": "Feature", "properties": {"area_ha": 0.014, "dist_km": 1.834, "node": "LOMBA 220", "node_mw": 602, "osm_id": 791110279, "municipio": "Lomba"}, "geometry": {"type": "Polygon", "coordinates": [[[-6.60179, 42.58617], [-6.60189, 42.58621], [-6.60184, 42.58628], [-6.60185, 42.58628], [-6.60184, 42.5863], [-6.60185, 42.5863], [-6.60183, 42.58632], [-6.60171, 42.58627], [-6.60174, 42.58622], [-6.60179, 42.58617]]]}}, {"type": "Feature", "properties": {"area_ha": 0.007, "dist_km": 1.826, "node": "LOMBA 220", "node_mw": 602, "osm_id": 791110282, "municipio": "Lomba"}, "geometry": {"type": "Polygon", "coordinates": [[[-6.60195, 42.58572], [-6.60193, 42.58579], [-6.60189, 42.58578], [-6.60188, 42.58578], [-6.60183, 42.58577], [-6.60183, 42.58576], [-6.60186, 42.5857], [-6.60192, 42.58571], [-6.60195, 42.58572], [-6.60195, 42.58572]]]}}, {"type": "Feature", "properties": {"area_ha": 0.003, "dist_km": 1.851, "node": "LOMBA 220", "node_mw": 602, "osm_id": 791110291, "municipio": "Lomba"}, "geometry": {"type": "Polygon", "coordinates": [[[-6.60156, 42.5863], [-6.60165, 42.58633], [-6.60165, 42.58636], [-6.60156, 42.58635], [-6.60156, 42.5863]]]}}, {"type": "Feature", "properties": {"area_ha": 0.004, "dist_km": 1.78, "node": "LOMBA 220", "node_mw": 602, "osm_id": 791110292, "municipio": "Lomba"}, "geometry": {"type": "Polygon", "coordinates": [[[-6.60249, 42.58648], [-6.60255, 42.5865], [-6.60249, 42.58654], [-6.60242, 42.58652], [-6.60249, 42.58648]]]}}, {"type": "Feature", "properties": {"area_ha": 0.005, "dist_km": 1.786, "node": "LOMBA 220", "node_mw": 602, "osm_id": 791110295, "municipio": "Lomba"}, "geometry": {"type": "Polygon", "coordinates": [[[-6.60236, 42.58505], [-6.60243, 42.58504], [-6.60245, 42.58512], [-6.60238, 42.58512], [-6.60236, 42.58505]]]}}, {"type": "Feature", "properties": {"area_ha": 0.004, "dist_km": 1.869, "node": "LOMBA 220", "node_mw": 602, "osm_id": 791110301, "municipio": "Lomba"}, "geometry": {"type": "Polygon", "coordinates": [[[-6.60139, 42.58687], [-6.60148, 42.58689], [-6.60146, 42.58693], [-6.60137, 42.58691], [-6.60139, 42.58687]]]}}, {"type": "Feature", "properties": {"area_ha": 0.005, "dist_km": 2.042, "node": "LOMBA 220", "node_mw": 602, "osm_id": 791110336, "municipio": "Lomba"}, "geometry": {"type": "Polygon", "coordinates": [[[-6.61358, 42.56904], [-6.61361, 42.56904], [-6.6136, 42.56906], [-6.61363, 42.56907], [-6.6136, 42.56916], [-6.61354, 42.56914], [-6.61358, 42.56904]]]}}, {"type": "Feature", "properties": {"area_ha": 0.005, "dist_km": 1.997, "node": "LOMBA 220", "node_mw": 602, "osm_id": 791110347, "municipio": "Lomba"}, "geometry": {"type": "Polygon", "coordinates": [[[-6.61543, 42.56888], [-6.61548, 42.5689], [-6.61541, 42.569], [-6.61537, 42.56899], [-6.61543, 42.56888]]]}}, {"type": "Feature", "properties": {"area_ha": 0.006, "dist_km": 2.104, "node": "LOMBA 220", "node_mw": 602, "osm_id": 791110349, "municipio": "Lomba"}, "geometry": {"type": "Polygon", "coordinates": [[[-6.61304, 42.5686], [-6.61311, 42.56861], [-6.61306, 42.56871], [-6.613, 42.56869], [-6.61304, 42.5686]]]}}, {"type": "Feature", "properties": {"area_ha": 0.007, "dist_km": 1.67, "node": "LOMBA 220", "node_mw": 602, "osm_id": 791110362, "municipio": "Lomba"}, "geometry": {"type": "Polygon", "coordinates": [[[-6.62237, 42.5708], [-6.6223, 42.57079], [-6.62233, 42.57069], [-6.6224, 42.57069], [-6.62237, 42.5708]]]}}, {"type": "Feature", "properties": {"area_ha": 0.006, "dist_km": 1.675, "node": "LOMBA 220", "node_mw": 602, "osm_id": 791110364, "municipio": "Lomba"}, "geometry": {"type": "Polygon", "coordinates": [[[-6.62219, 42.57077], [-6.62223, 42.57064], [-6.62227, 42.57065], [-6.62223, 42.57078], [-6.62219, 42.57077]]]}}, {"type": "Feature", "properties": {"area_ha": 0.011, "dist_km": 1.684, "node": "LOMBA 220", "node_mw": 602, "osm_id": 791110381, "municipio": "Lomba"}, "geometry": {"type": "Polygon", "coordinates": [[[-6.62431, 42.57059], [-6.62432, 42.57051], [-6.62447, 42.57052], [-6.62445, 42.57061], [-6.62431, 42.57059]]]}}, {"type": "Feature", "properties": {"area_ha": 0.004, "dist_km": 1.558, "node": "LOMBA 220", "node_mw": 602, "osm_id": 791110389, "municipio": "Lomba"}, "geometry": {"type": "Polygon", "coordinates": [[[-6.6248, 42.5717], [-6.62479, 42.57173], [-6.62474, 42.57173], [-6.62475, 42.57169], [-6.62477, 42.57165], [-6.62482, 42.57166], [-6.6248, 42.5717]]]}}, {"type": "Feature", "properties": {"area_ha": 0.009, "dist_km": 1.789, "node": "LOMBA 220", "node_mw": 602, "osm_id": 791110391, "municipio": "Lomba"}, "geometry": {"type": "Polygon", "coordinates": [[[-6.61817, 42.57017], [-6.61828, 42.5702], [-6.61824, 42.57028], [-6.61818, 42.57026], [-6.61813, 42.57025], [-6.61817, 42.57017]]]}}, {"type": "Feature", "properties": {"area_ha": 0.009, "dist_km": 1.805, "node": "LOMBA 220", "node_mw": 602, "osm_id": 791110392, "municipio": "Lomba"}, "geometry": {"type": "Polygon", "coordinates": [[[-6.61787, 42.57009], [-6.61799, 42.57012], [-6.61795, 42.5702], [-6.61783, 42.57016], [-6.61787, 42.57009]]]}}, {"type": "Feature", "properties": {"area_ha": 0.004, "dist_km": 1.772, "node": "LOMBA 220", "node_mw": 602, "osm_id": 791110401, "municipio": "Lomba"}, "geometry": {"type": "Polygon", "coordinates": [[[-6.61822, 42.57034], [-6.61829, 42.57036], [-6.61826, 42.57042], [-6.61819, 42.5704], [-6.61822, 42.57034]]]}}, {"type": "Feature", "properties": {"area_ha": 0.001, "dist_km": 1.656, "node": "LOMBA 220", "node_mw": 602, "osm_id": 791110412, "municipio": "Lomba"}, "geometry": {"type": "Polygon", "coordinates": [[[-6.61778, 42.57157], [-6.61776, 42.5716], [-6.61772, 42.57159], [-6.61774, 42.57156], [-6.61778, 42.57157]]]}}, {"type": "Feature", "properties": {"area_ha": 0.006, "dist_km": 1.694, "node": "LOMBA 220", "node_mw": 602, "osm_id": 791110414, "municipio": "Lomba"}, "geometry": {"type": "Polygon", "coordinates": [[[-6.62064, 42.57069], [-6.62063, 42.57075], [-6.62057, 42.57075], [-6.62057, 42.57069], [-6.62057, 42.57066], [-6.62066, 42.57066], [-6.62066, 42.57069], [-6.62064, 42.57069]]]}}, {"type": "Feature", "properties": {"area_ha": 0.025, "dist_km": 1.411, "node": "LOMBA 220", "node_mw": 602, "osm_id": 791110424, "municipio": "Lomba"}, "geometry": {"type": "Polygon", "coordinates": [[[-6.62111, 42.57311], [-6.62125, 42.5731], [-6.62128, 42.5733], [-6.62115, 42.57331], [-6.62111, 42.57311]]]}}, {"type": "Feature", "properties": {"area_ha": 0.026, "dist_km": 1.411, "node": "LOMBA 220", "node_mw": 602, "osm_id": 791110426, "municipio": "Lomba"}, "geometry": {"type": "Polygon", "coordinates": [[[-6.62141, 42.57309], [-6.62145, 42.57328], [-6.6213, 42.57329], [-6.62127, 42.57309], [-6.62141, 42.57309]]]}}, {"type": "Feature", "properties": {"area_ha": 0.004, "dist_km": 1.063, "node": "LOMBA 220", "node_mw": 602, "osm_id": 791110443, "municipio": "Lomba"}, "geometry": {"type": "Polygon", "coordinates": [[[-6.62737, 42.57644], [-6.62726, 42.57644], [-6.62726, 42.5764], [-6.62737, 42.57641], [-6.62737, 42.57644]]]}}, {"type": "Feature", "properties": {"area_ha": 0.012, "dist_km": 1.184, "node": "LOMBA 220", "node_mw": 602, "osm_id": 791110446, "municipio": "Lomba"}, "geometry": {"type": "Polygon", "coordinates": [[[-6.62987, 42.57598], [-6.62979, 42.57597], [-6.62979, 42.57581], [-6.62988, 42.57581], [-6.62987, 42.57598]]]}}, {"type": "Feature", "properties": {"area_ha": 0.006, "dist_km": 1.184, "node": "LOMBA 220", "node_mw": 602, "osm_id": 791110447, "municipio": "Lomba"}, "geometry": {"type": "Polygon", "coordinates": [[[-6.63014, 42.57606], [-6.63016, 42.57595], [-6.63022, 42.57596], [-6.63021, 42.57606], [-6.63014, 42.57606]]]}}, {"type": "Feature", "properties": {"area_ha": 0.002, "dist_km": 1.177, "node": "LOMBA 220", "node_mw": 602, "osm_id": 791110451, "municipio": "Lomba"}, "geometry": {"type": "Polygon", "coordinates": [[[-6.63011, 42.57606], [-6.63014, 42.57606], [-6.63021, 42.57606], [-6.6302, 42.57609], [-6.63011, 42.57608], [-6.63011, 42.57606]]]}}, {"type": "Feature", "properties": {"area_ha": 0.004, "dist_km": 0.999, "node": "LOMBA 220", "node_mw": 602, "osm_id": 791110452, "municipio": "Lomba"}, "geometry": {"type": "Polygon", "coordinates": [[[-6.62871, 42.57738], [-6.62872, 42.57735], [-6.62887, 42.57738], [-6.62886, 42.57741], [-6.62871, 42.57738]]]}}, {"type": "Feature", "properties": {"area_ha": 0.008, "dist_km": 1.003, "node": "LOMBA 220", "node_mw": 602, "osm_id": 791110453, "municipio": "Lomba"}, "geometry": {"type": "Polygon", "coordinates": [[[-6.62922, 42.57747], [-6.62938, 42.57749], [-6.62938, 42.5775], [-6.62937, 42.57755], [-6.62922, 42.57753], [-6.62922, 42.57747]]]}}, {"type": "Feature", "properties": {"area_ha": 0.001, "dist_km": 1.007, "node": "LOMBA 220", "node_mw": 602, "osm_id": 791110454, "municipio": "Lomba"}, "geometry": {"type": "Polygon", "coordinates": [[[-6.62883, 42.5773], [-6.62887, 42.57731], [-6.62886, 42.57733], [-6.62882, 42.57733], [-6.62883, 42.5773]]]}}, {"type": "Feature", "properties": {"area_ha": 0.008, "dist_km": 1.149, "node": "LOMBA 220", "node_mw": 602, "osm_id": 791110458, "municipio": "Lomba"}, "geometry": {"type": "Polygon", "coordinates": [[[-6.63018, 42.57628], [-6.63017, 42.57641], [-6.63011, 42.57641], [-6.63011, 42.57628], [-6.63018, 42.57628]]]}}, {"type": "Feature", "properties": {"area_ha": 0.019, "dist_km": 1.342, "node": "LOMBA 220", "node_mw": 602, "osm_id": 791110478, "municipio": "Lomba"}, "geometry": {"type": "Polygon", "coordinates": [[[-6.63651, 42.57767], [-6.63637, 42.5777], [-6.63625, 42.57773], [-6.63624, 42.5777], [-6.63635, 42.57767], [-6.63634, 42.57763], [-6.63648, 42.5776], [-6.63648, 42.57761], [-6.63658, 42.57759], [-6.63661, 42.57764], [-6.63651, 42.57767]]]}}, {"type": "Feature", "properties": {"area_ha": 0.016, "dist_km": 1.364, "node": "LOMBA 220", "node_mw": 602, "osm_id": 791110486, "municipio": "Lomba"}, "geometry": {"type": "Polygon", "coordinates": [[[-6.63515, 42.57639], [-6.63512, 42.57644], [-6.63499, 42.5764], [-6.63498, 42.57641], [-6.63488, 42.57635], [-6.63495, 42.57628], [-6.63506, 42.57634], [-6.63503, 42.57636], [-6.63515, 42.57639]]]}}, {"type": "Feature", "properties": {"area_ha": 0.013, "dist_km": 1.441, "node": "LOMBA 220", "node_mw": 602, "osm_id": 791110501, "municipio": "Lomba"}, "geometry": {"type": "Polygon", "coordinates": [[[-6.63536, 42.57566], [-6.63546, 42.57571], [-6.63549, 42.57571], [-6.63548, 42.57572], [-6.63544, 42.5758], [-6.6353, 42.57572], [-6.63536, 42.57566]]]}}, {"type": "Feature", "properties": {"area_ha": 0.002, "dist_km": 1.981, "node": "LOMBA 220", "node_mw": 602, "osm_id": 791110522, "municipio": "Lomba"}, "geometry": {"type": "Polygon", "coordinates": [[[-6.63406, 42.56946], [-6.63407, 42.56941], [-6.63411, 42.56941], [-6.63411, 42.56946], [-6.63406, 42.56946]]]}}, {"type": "Feature", "properties": {"area_ha": 0.001, "dist_km": 1.967, "node": "LOMBA 220", "node_mw": 602, "osm_id": 791110525, "municipio": "Lomba"}, "geometry": {"type": "Polygon", "coordinates": [[[-6.63349, 42.56941], [-6.63349, 42.56939], [-6.63356, 42.56939], [-6.63356, 42.56941], [-6.63349, 42.56941]]]}}, {"type": "Feature", "properties": {"area_ha": 0.083, "dist_km": 1.907, "node": "LOMBA 220", "node_mw": 602, "osm_id": 791110530, "municipio": "Lomba"}, "geometry": {"type": "Polygon", "coordinates": [[[-6.63412, 42.57034], [-6.63415, 42.57025], [-6.63413, 42.57025], [-6.63414, 42.57021], [-6.63466, 42.5703], [-6.63467, 42.57025], [-6.6348, 42.57027], [-6.63475, 42.57044], [-6.63412, 42.57034]]]}}, {"type": "Feature", "properties": {"area_ha": 0.009, "dist_km": 1.99, "node": "LOMBA 220", "node_mw": 602, "osm_id": 791110535, "municipio": "Lomba"}, "geometry": {"type": "Polygon", "coordinates": [[[-6.6207, 42.56799], [-6.62059, 42.56808], [-6.62056, 42.56805], [-6.62057, 42.56804], [-6.62053, 42.56801], [-6.62059, 42.56797], [-6.62059, 42.56797], [-6.62061, 42.56796], [-6.62064, 42.56798], [-6.62066, 42.56797], [-6.6207, 42.56799]]]}}, {"type": "Feature", "properties": {"area_ha": 0.01, "dist_km": 2.001, "node": "LOMBA 220", "node_mw": 602, "osm_id": 791110537, "municipio": "Lomba"}, "geometry": {"type": "Polygon", "coordinates": [[[-6.62076, 42.56782], [-6.62085, 42.56786], [-6.62076, 42.56795], [-6.62068, 42.5679], [-6.62076, 42.56782]]]}}, {"type": "Feature", "properties": {"area_ha": 0.002, "dist_km": 2.069, "node": "LOMBA 220", "node_mw": 602, "osm_id": 791446746, "municipio": "Lomba"}, "geometry": {"type": "Polygon", "coordinates": [[[-6.64524, 42.57544], [-6.64523, 42.5754], [-6.64528, 42.5754], [-6.64528, 42.57544], [-6.64524, 42.57544]]]}}, {"type": "Feature", "properties": {"area_ha": 0.008, "dist_km": 2.84, "node": "LOMBA 220", "node_mw": 602, "osm_id": 791446762, "municipio": "Lomba"}, "geometry": {"type": "Polygon", "coordinates": [[[-6.6562, 42.57583], [-6.65626, 42.57582], [-6.65627, 42.57596], [-6.65621, 42.57597], [-6.6562, 42.57583]]]}}, {"type": "Feature", "properties": {"area_ha": 0.019, "dist_km": 2.783, "node": "LOMBA 220", "node_mw": 602, "osm_id": 791446767, "municipio": "Lomba"}, "geometry": {"type": "Polygon", "coordinates": [[[-6.65507, 42.57507], [-6.6551, 42.57526], [-6.65499, 42.57527], [-6.65496, 42.57508], [-6.65507, 42.57507]]]}}, {"type": "Feature", "properties": {"area_ha": 0.002, "dist_km": 2.83, "node": "LOMBA 220", "node_mw": 602, "osm_id": 791446769, "municipio": "Lomba"}, "geometry": {"type": "Polygon", "coordinates": [[[-6.65588, 42.57542], [-6.65588, 42.57544], [-6.65579, 42.57545], [-6.65579, 42.57542], [-6.65588, 42.57542]]]}}, {"type": "Feature", "properties": {"area_ha": 0.003, "dist_km": 2.811, "node": "LOMBA 220", "node_mw": 602, "osm_id": 791446770, "municipio": "Lomba"}, "geometry": {"type": "Polygon", "coordinates": [[[-6.65453, 42.57392], [-6.65456, 42.57388], [-6.65461, 42.5739], [-6.65458, 42.57394], [-6.65453, 42.57392]]]}}, {"type": "Feature", "properties": {"area_ha": 0.003, "dist_km": 2.584, "node": "LOMBA 220", "node_mw": 602, "osm_id": 791446775, "municipio": "Lomba"}, "geometry": {"type": "Polygon", "coordinates": [[[-6.65313, 42.57635], [-6.65314, 42.57639], [-6.65308, 42.57639], [-6.65307, 42.57634], [-6.65313, 42.57635]]]}}, {"type": "Feature", "properties": {"area_ha": 0.014, "dist_km": 2.099, "node": "LOMBA 220", "node_mw": 602, "osm_id": 791446781, "municipio": "Lomba"}, "geometry": {"type": "Polygon", "coordinates": [[[-6.64875, 42.58045], [-6.64888, 42.58046], [-6.64889, 42.58046], [-6.64891, 42.58056], [-6.64878, 42.58057], [-6.64875, 42.58045]]]}}, {"type": "Feature", "properties": {"area_ha": 0.004, "dist_km": 2.196, "node": "LOMBA 220", "node_mw": 602, "osm_id": 791446784, "municipio": "Lomba"}, "geometry": {"type": "Polygon", "coordinates": [[[-6.65012, 42.58051], [-6.65013, 42.5806], [-6.65008, 42.5806], [-6.65007, 42.58051], [-6.65012, 42.58051]]]}}, {"type": "Feature", "properties": {"area_ha": 0.01, "dist_km": 2.185, "node": "LOMBA 220", "node_mw": 602, "osm_id": 791446785, "municipio": "Lomba"}, "geometry": {"type": "Polygon", "coordinates": [[[-6.64991, 42.58059], [-6.64989, 42.58044], [-6.64996, 42.58044], [-6.64997, 42.58052], [-6.64998, 42.58059], [-6.64991, 42.58059]]]}}, {"type": "Feature", "properties": {"area_ha": 0.003, "dist_km": 2.138, "node": "LOMBA 220", "node_mw": 602, "osm_id": 791446786, "municipio": "Lomba"}, "geometry": {"type": "Polygon", "coordinates": [[[-6.64934, 42.58055], [-6.64938, 42.58054], [-6.6494, 42.58063], [-6.64936, 42.58064], [-6.64934, 42.58055]]]}}, {"type": "Feature", "properties": {"area_ha": 0.002, "dist_km": 2.198, "node": "LOMBA 220", "node_mw": 602, "osm_id": 791446788, "municipio": "Lomba"}, "geometry": {"type": "Polygon", "coordinates": [[[-6.65005, 42.58043], [-6.6501, 42.58043], [-6.65011, 42.58046], [-6.65005, 42.58046], [-6.65005, 42.58043]]]}}, {"type": "Feature", "properties": {"area_ha": 0.003, "dist_km": 2.175, "node": "LOMBA 220", "node_mw": 602, "osm_id": 791446789, "municipio": "Lomba"}, "geometry": {"type": "Polygon", "coordinates": [[[-6.64992, 42.58097], [-6.65004, 42.58097], [-6.65004, 42.58099], [-6.64992, 42.581], [-6.64992, 42.58097]]]}}, {"type": "Feature", "properties": {"area_ha": 0.008, "dist_km": 1.753, "node": "LOMBA 220", "node_mw": 602, "osm_id": 791446796, "municipio": "Lomba"}, "geometry": {"type": "Polygon", "coordinates": [[[-6.63604, 42.57258], [-6.63605, 42.57258], [-6.63609, 42.57249], [-6.63616, 42.57251], [-6.63612, 42.5726], [-6.63607, 42.57259], [-6.63604, 42.57265], [-6.63601, 42.57264], [-6.63604, 42.57258]]]}}, {"type": "Feature", "properties": {"area_ha": 0.012, "dist_km": 1.795, "node": "LOMBA 220", "node_mw": 602, "osm_id": 791446797, "municipio": "Lomba"}, "geometry": {"type": "Polygon", "coordinates": [[[-6.63736, 42.57286], [-6.63739, 42.57278], [-6.63754, 42.57281], [-6.63751, 42.57289], [-6.63736, 42.57286]]]}}, {"type": "Feature", "properties": {"area_ha": 0.004, "dist_km": 1.346, "node": "LOMBA 220", "node_mw": 602, "osm_id": 791446828, "municipio": "Lomba"}, "geometry": {"type": "Polygon", "coordinates": [[[-6.63032, 42.57446], [-6.63037, 42.57447], [-6.63039, 42.57444], [-6.63042, 42.57444], [-6.6304, 42.57449], [-6.63038, 42.57448], [-6.63036, 42.57452], [-6.6303, 42.5745], [-6.63032, 42.57446]]]}}, {"type": "Feature", "properties": {"area_ha": 0.004, "dist_km": 1.485, "node": "LOMBA 220", "node_mw": 602, "osm_id": 791446846, "municipio": "Lomba"}, "geometry": {"type": "Polygon", "coordinates": [[[-6.62607, 42.57238], [-6.62612, 42.57239], [-6.6261, 42.57245], [-6.62605, 42.57244], [-6.62606, 42.57243], [-6.62602, 42.57243], [-6.62603, 42.5724], [-6.62606, 42.5724], [-6.62607, 42.57238]]]}}, {"type": "Feature", "properties": {"area_ha": 0.005, "dist_km": 1.521, "node": "LOMBA 220", "node_mw": 602, "osm_id": 791446847, "municipio": "Lomba"}, "geometry": {"type": "Polygon", "coordinates": [[[-6.6258, 42.5721], [-6.62582, 42.57206], [-6.62582, 42.57205], [-6.62591, 42.57204], [-6.62591, 42.57211], [-6.6258, 42.5721]]]}}, {"type": "Feature", "properties": {"area_ha": 0.011, "dist_km": 1.929, "node": "LOMBA 220", "node_mw": 602, "osm_id": 791446851, "municipio": "Lomba"}, "geometry": {"type": "Polygon", "coordinates": [[[-6.6165, 42.56937], [-6.61638, 42.56933], [-6.61644, 42.56925], [-6.61655, 42.56929], [-6.6165, 42.56937]]]}}, {"type": "Feature", "properties": {"area_ha": 0.006, "dist_km": 1.874, "node": "LOMBA 220", "node_mw": 602, "osm_id": 791446852, "municipio": "Lomba"}, "geometry": {"type": "Polygon", "coordinates": [[[-6.61719, 42.56964], [-6.61721, 42.5696], [-6.61734, 42.56965], [-6.61732, 42.56968], [-6.61719, 42.56964]]]}}, {"type": "Feature", "properties": {"area_ha": 0.004, "dist_km": 1.746, "node": "LOMBA 220", "node_mw": 602, "osm_id": 791446864, "municipio": "Lomba"}, "geometry": {"type": "Polygon", "coordinates": [[[-6.61449, 42.57167], [-6.61459, 42.57169], [-6.61458, 42.57173], [-6.61448, 42.57172], [-6.61449, 42.57167]]]}}, {"type": "Feature", "properties": {"area_ha": 0.007, "dist_km": 1.894, "node": "LOMBA 220", "node_mw": 602, "osm_id": 791446865, "municipio": "Lomba"}, "geometry": {"type": "Polygon", "coordinates": [[[-6.61454, 42.57016], [-6.61463, 42.57019], [-6.61459, 42.57027], [-6.6145, 42.57024], [-6.61454, 42.57016]]]}}, {"type": "Feature", "properties": {"area_ha": 0.006, "dist_km": 1.795, "node": "LOMBA 220", "node_mw": 602, "osm_id": 791446866, "municipio": "Lomba"}, "geometry": {"type": "Polygon", "coordinates": [[[-6.61374, 42.57154], [-6.61374, 42.57157], [-6.61354, 42.57157], [-6.61353, 42.57154], [-6.61374, 42.57154]]]}}, {"type": "Feature", "properties": {"area_ha": 0.002, "dist_km": 1.734, "node": "LOMBA 220", "node_mw": 602, "osm_id": 791446871, "municipio": "Lomba"}, "geometry": {"type": "Polygon", "coordinates": [[[-6.61444, 42.57183], [-6.61444, 42.57182], [-6.61459, 42.57184], [-6.61459, 42.57185], [-6.61444, 42.57183]]]}}, {"type": "Feature", "properties": {"area_ha": 0.013, "dist_km": 1.839, "node": "LOMBA 220", "node_mw": 602, "osm_id": 791446877, "municipio": "Lomba"}, "geometry": {"type": "Polygon", "coordinates": [[[-6.61411, 42.57091], [-6.61416, 42.57087], [-6.61429, 42.57079], [-6.61435, 42.57084], [-6.61421, 42.57092], [-6.6142, 42.57091], [-6.61415, 42.57094], [-6.61411, 42.57091]]]}}, {"type": "Feature", "properties": {"area_ha": 0.006, "dist_km": 1.777, "node": "LOMBA 220", "node_mw": 602, "osm_id": 791446878, "municipio": "Lomba"}, "geometry": {"type": "Polygon", "coordinates": [[[-6.61362, 42.57173], [-6.61363, 42.57169], [-6.61378, 42.57171], [-6.61377, 42.57175], [-6.61365, 42.57173], [-6.61362, 42.57173]]]}}, {"type": "Feature", "properties": {"area_ha": 0.019, "dist_km": 1.668, "node": "LOMBA 220", "node_mw": 602, "osm_id": 791446887, "municipio": "Lomba"}, "geometry": {"type": "Polygon", "coordinates": [[[-6.6137, 42.57295], [-6.61347, 42.57292], [-6.61349, 42.57284], [-6.61372, 42.57287], [-6.6137, 42.57295]]]}}, {"type": "Feature", "properties": {"area_ha": 0.009, "dist_km": 1.691, "node": "LOMBA 220", "node_mw": 602, "osm_id": 791446889, "municipio": "Lomba"}, "geometry": {"type": "Polygon", "coordinates": [[[-6.61323, 42.57284], [-6.61321, 42.5729], [-6.61302, 42.57288], [-6.61303, 42.57283], [-6.61323, 42.57284]]]}}, {"type": "Feature", "properties": {"area_ha": 0.002, "dist_km": 1.612, "node": "LOMBA 220", "node_mw": 602, "osm_id": 791446890, "municipio": "Lomba"}, "geometry": {"type": "Polygon", "coordinates": [[[-6.61347, 42.57357], [-6.6134, 42.57356], [-6.6134, 42.57354], [-6.61348, 42.57355], [-6.61347, 42.57357]]]}}, {"type": "Feature", "properties": {"area_ha": 0.003, "dist_km": 2.922, "node": "LOMBA 220", "node_mw": 602, "osm_id": 791929945, "municipio": "Lomba"}, "geometry": {"type": "Polygon", "coordinates": [[[-6.63911, 42.56184], [-6.63904, 42.56184], [-6.63904, 42.56179], [-6.63912, 42.56179], [-6.63911, 42.56184]]]}}, {"type": "Feature", "properties": {"area_ha": 0.12, "dist_km": 2.966, "node": "LOMBA 220", "node_mw": 602, "osm_id": 791929962, "municipio": "Lomba"}, "geometry": {"type": "Polygon", "coordinates": [[[-6.63955, 42.56178], [-6.63957, 42.56151], [-6.63986, 42.56153], [-6.64006, 42.56154], [-6.64004, 42.5618], [-6.63955, 42.56178]]]}}, {"type": "Feature", "properties": {"area_ha": 0.005, "dist_km": 2.973, "node": "LOMBA 220", "node_mw": 602, "osm_id": 791929963, "municipio": "Lomba"}, "geometry": {"type": "Polygon", "coordinates": [[[-6.64025, 42.56173], [-6.64016, 42.56172], [-6.64016, 42.56167], [-6.64025, 42.56167], [-6.64025, 42.56173]]]}}, {"type": "Feature", "properties": {"area_ha": 0.001, "dist_km": 2.881, "node": "LOMBA 220", "node_mw": 602, "osm_id": 791929965, "municipio": "Lomba"}, "geometry": {"type": "Polygon", "coordinates": [[[-6.63829, 42.56195], [-6.63829, 42.56197], [-6.63826, 42.56197], [-6.63826, 42.56195], [-6.63829, 42.56195]]]}}, {"type": "Feature", "properties": {"area_ha": 0.063, "dist_km": 3.016, "node": "LOMBA 220", "node_mw": 602, "osm_id": 791930050, "municipio": "Lomba"}, "geometry": {"type": "Polygon", "coordinates": [[[-6.6463, 42.56407], [-6.64684, 42.56409], [-6.64683, 42.56422], [-6.64629, 42.5642], [-6.6463, 42.56407]]]}}, {"type": "Feature", "properties": {"area_ha": 0.005, "dist_km": 2.945, "node": "LOMBA 220", "node_mw": 602, "osm_id": 791930120, "municipio": "Lomba"}, "geometry": {"type": "Polygon", "coordinates": [[[-6.64399, 42.56354], [-6.64398, 42.5636], [-6.64389, 42.56358], [-6.6439, 42.56353], [-6.64399, 42.56354]]]}}, {"type": "Feature", "properties": {"area_ha": 0.004, "dist_km": 1.478, "node": "LOMBA 220", "node_mw": 602, "osm_id": 795304618, "municipio": "Lomba"}, "geometry": {"type": "Polygon", "coordinates": [[[-6.60619, 42.58704], [-6.6063, 42.58706], [-6.60629, 42.58709], [-6.60618, 42.58708], [-6.60619, 42.58704]]]}}, {"type": "Feature", "properties": {"area_ha": 0.002, "dist_km": 1.645, "node": "LOMBA 220", "node_mw": 602, "osm_id": 795304619, "municipio": "Lomba"}, "geometry": {"type": "Polygon", "coordinates": [[[-6.60433, 42.58805], [-6.60435, 42.58801], [-6.6044, 42.58803], [-6.60438, 42.58807], [-6.60433, 42.58805]]]}}, {"type": "Feature", "properties": {"area_ha": 0.006, "dist_km": 1.52, "node": "LOMBA 220", "node_mw": 602, "osm_id": 795304624, "municipio": "Lomba"}, "geometry": {"type": "Polygon", "coordinates": [[[-6.60576, 42.58673], [-6.60575, 42.58679], [-6.60563, 42.58678], [-6.60564, 42.58673], [-6.60576, 42.58673]]]}}, {"type": "Feature", "properties": {"area_ha": 0.007, "dist_km": 1.591, "node": "LOMBA 220", "node_mw": 602, "osm_id": 795304640, "municipio": "Lomba"}, "geometry": {"type": "Polygon", "coordinates": [[[-6.60491, 42.58727], [-6.60492, 42.58727], [-6.6049, 42.58738], [-6.60484, 42.58737], [-6.60486, 42.58726], [-6.60491, 42.58727]]]}}, {"type": "Feature", "properties": {"area_ha": 0.003, "dist_km": 1.484, "node": "LOMBA 220", "node_mw": 602, "osm_id": 795304641, "municipio": "Lomba"}, "geometry": {"type": "Polygon", "coordinates": [[[-6.60616, 42.58713], [-6.60622, 42.58714], [-6.60621, 42.58718], [-6.60614, 42.58718], [-6.60616, 42.58713]]]}}, {"type": "Feature", "properties": {"area_ha": 0.007, "dist_km": 1.525, "node": "LOMBA 220", "node_mw": 602, "osm_id": 795304648, "municipio": "Lomba"}, "geometry": {"type": "Polygon", "coordinates": [[[-6.60557, 42.58692], [-6.60557, 42.58686], [-6.60572, 42.58686], [-6.60572, 42.58691], [-6.60557, 42.58692]]]}}, {"type": "Feature", "properties": {"area_ha": 0.003, "dist_km": 1.585, "node": "LOMBA 220", "node_mw": 602, "osm_id": 795304673, "municipio": "Lomba"}, "geometry": {"type": "Polygon", "coordinates": [[[-6.60855, 42.57726], [-6.60859, 42.57727], [-6.60855, 42.57736], [-6.60851, 42.57735], [-6.60855, 42.57726]]]}}, {"type": "Feature", "properties": {"area_ha": 0.007, "dist_km": 0.859, "node": "LOMBA 220", "node_mw": 602, "osm_id": 795304681, "municipio": "Lomba"}, "geometry": {"type": "Polygon", "coordinates": [[[-6.62197, 42.57811], [-6.6221, 42.57812], [-6.6221, 42.57818], [-6.62196, 42.57817], [-6.62197, 42.57811]]]}}, {"type": "Feature", "properties": {"area_ha": 0.003, "dist_km": 0.586, "node": "LOMBA 220", "node_mw": 602, "osm_id": 795304683, "municipio": "Lomba"}, "geometry": {"type": "Polygon", "coordinates": [[[-6.6221, 42.58069], [-6.62209, 42.58066], [-6.62211, 42.58066], [-6.6221, 42.58063], [-6.62215, 42.58062], [-6.62217, 42.58068], [-6.6221, 42.58069]]]}}, {"type": "Feature", "properties": {"area_ha": 0.01, "dist_km": 0.836, "node": "LOMBA 220", "node_mw": 602, "osm_id": 795304687, "municipio": "Lomba"}, "geometry": {"type": "Polygon", "coordinates": [[[-6.62154, 42.57854], [-6.62147, 42.57853], [-6.62147, 42.57837], [-6.62154, 42.57837], [-6.62154, 42.57854]]]}}, {"type": "Feature", "properties": {"area_ha": 0.005, "dist_km": 0.799, "node": "LOMBA 220", "node_mw": 602, "osm_id": 795304689, "municipio": "Lomba"}, "geometry": {"type": "Polygon", "coordinates": [[[-6.6196, 42.5793], [-6.61968, 42.5794], [-6.61964, 42.57941], [-6.61956, 42.57931], [-6.6196, 42.5793]]]}}, {"type": "Feature", "properties": {"area_ha": 0.002, "dist_km": 1.877, "node": "LOMBA 220", "node_mw": 602, "osm_id": 795675206, "municipio": "Lomba"}, "geometry": {"type": "Polygon", "coordinates": [[[-6.6044, 42.59423], [-6.60438, 42.59421], [-6.60436, 42.59421], [-6.6044, 42.59418], [-6.60444, 42.5942], [-6.6044, 42.59423]]]}}, {"type": "Feature", "properties": {"area_ha": 0.004, "dist_km": 1.784, "node": "LOMBA 220", "node_mw": 602, "osm_id": 795675208, "municipio": "Lomba"}, "geometry": {"type": "Polygon", "coordinates": [[[-6.6058, 42.59426], [-6.60588, 42.59433], [-6.60586, 42.59435], [-6.60582, 42.59432], [-6.6058, 42.59434], [-6.60578, 42.59432], [-6.6058, 42.5943], [-6.60577, 42.59428], [-6.6058, 42.59426]]]}}, {"type": "Feature", "properties": {"area_ha": 0.005, "dist_km": 1.778, "node": "LOMBA 220", "node_mw": 602, "osm_id": 795675212, "municipio": "Lomba"}, "geometry": {"type": "Polygon", "coordinates": [[[-6.60585, 42.59423], [-6.60592, 42.59428], [-6.60588, 42.59433], [-6.6058, 42.59426], [-6.60585, 42.59423]]]}}, {"type": "Feature", "properties": {"area_ha": 0.002, "dist_km": 1.794, "node": "LOMBA 220", "node_mw": 602, "osm_id": 795675213, "municipio": "Lomba"}, "geometry": {"type": "Polygon", "coordinates": [[[-6.60523, 42.59376], [-6.60529, 42.5938], [-6.60525, 42.59383], [-6.6052, 42.59379], [-6.60523, 42.59376]]]}}, {"type": "Feature", "properties": {"area_ha": 0.006, "dist_km": 1.886, "node": "LOMBA 220", "node_mw": 602, "osm_id": 795675219, "municipio": "Lomba"}, "geometry": {"type": "Polygon", "coordinates": [[[-6.60499, 42.59501], [-6.60505, 42.59504], [-6.60498, 42.59511], [-6.60492, 42.59508], [-6.60499, 42.59501]]]}}, {"type": "Feature", "properties": {"area_ha": 0.004, "dist_km": 1.64, "node": "LOMBA 220", "node_mw": 602, "osm_id": 795675229, "municipio": "Lomba"}, "geometry": {"type": "Polygon", "coordinates": [[[-6.60821, 42.59454], [-6.60815, 42.59457], [-6.6081, 42.59452], [-6.60815, 42.59449], [-6.60821, 42.59454]]]}}, {"type": "Feature", "properties": {"area_ha": 0.007, "dist_km": 1.603, "node": "LOMBA 220", "node_mw": 602, "osm_id": 795675234, "municipio": "Lomba"}, "geometry": {"type": "Polygon", "coordinates": [[[-6.60873, 42.5945], [-6.60866, 42.59455], [-6.60863, 42.59452], [-6.60866, 42.5945], [-6.6086, 42.59446], [-6.60865, 42.59443], [-6.60866, 42.59442], [-6.60874, 42.59449], [-6.60873, 42.5945]]]}}, {"type": "Feature", "properties": {"area_ha": 0.032, "dist_km": 1.573, "node": "LOMBA 220", "node_mw": 602, "osm_id": 795675243, "municipio": "Lomba"}, "geometry": {"type": "Polygon", "coordinates": [[[-6.60924, 42.59439], [-6.60933, 42.59449], [-6.60925, 42.59453], [-6.60923, 42.5945], [-6.60901, 42.59461], [-6.60895, 42.59453], [-6.60924, 42.59439]]]}}, {"type": "Feature", "properties": {"area_ha": 0.005, "dist_km": 1.517, "node": "LOMBA 220", "node_mw": 602, "osm_id": 795675247, "municipio": "Lomba"}, "geometry": {"type": "Polygon", "coordinates": [[[-6.61066, 42.59492], [-6.61068, 42.59494], [-6.61051, 42.59501], [-6.61049, 42.59498], [-6.61057, 42.59495], [-6.61066, 42.59492]]]}}, {"type": "Feature", "properties": {"area_ha": 0.005, "dist_km": 1.492, "node": "LOMBA 220", "node_mw": 602, "osm_id": 795675254, "municipio": "Lomba"}, "geometry": {"type": "Polygon", "coordinates": [[[-6.61094, 42.59483], [-6.61095, 42.59491], [-6.61089, 42.59491], [-6.61089, 42.59486], [-6.61086, 42.59486], [-6.61086, 42.59484], [-6.61094, 42.59483]]]}}, {"type": "Feature", "properties": {"area_ha": 0.01, "dist_km": 1.685, "node": "LOMBA 220", "node_mw": 602, "osm_id": 795675263, "municipio": "Lomba"}, "geometry": {"type": "Polygon", "coordinates": [[[-6.61111, 42.59754], [-6.61119, 42.59743], [-6.61123, 42.59744], [-6.61128, 42.59737], [-6.61131, 42.59738], [-6.61117, 42.59756], [-6.61111, 42.59754]]]}}, {"type": "Feature", "properties": {"area_ha": 0.004, "dist_km": 1.683, "node": "LOMBA 220", "node_mw": 602, "osm_id": 795675267, "municipio": "Lomba"}, "geometry": {"type": "Polygon", "coordinates": [[[-6.61169, 42.59767], [-6.61165, 42.59773], [-6.6116, 42.59771], [-6.61164, 42.59765], [-6.61169, 42.59767]]]}}, {"type": "Feature", "properties": {"area_ha": 0.045, "dist_km": 2.59, "node": "LOMBA 220", "node_mw": 602, "osm_id": 795675383, "municipio": "Lomba"}, "geometry": {"type": "Polygon", "coordinates": [[[-6.59638, 42.59676], [-6.59603, 42.59669], [-6.59608, 42.59655], [-6.59635, 42.5966], [-6.59634, 42.59663], [-6.59642, 42.59665], [-6.59638, 42.59676]]]}}, {"type": "Feature", "properties": {"area_ha": 0.192, "dist_km": 2.568, "node": "COMPOSTILLA 220", "node_mw": 205, "osm_id": 795675385, "municipio": "Compostilla"}, "geometry": {"type": "Polygon", "coordinates": [[[-6.59625, 42.59696], [-6.59609, 42.59748], [-6.59571, 42.59742], [-6.59587, 42.59689], [-6.59625, 42.59696]]]}}, {"type": "Feature", "properties": {"area_ha": 0.007, "dist_km": 2.553, "node": "LOMBA 220", "node_mw": 602, "osm_id": 795675386, "municipio": "Lomba"}, "geometry": {"type": "Polygon", "coordinates": [[[-6.59805, 42.5982], [-6.598, 42.59819], [-6.59798, 42.59818], [-6.59798, 42.59817], [-6.5979, 42.59815], [-6.59792, 42.59812], [-6.59802, 42.59814], [-6.59807, 42.59816], [-6.59809, 42.59816], [-6.59807, 42.59821], [-6.59805, 42.5982]]]}}, {"type": "Feature", "properties": {"area_ha": 0.01, "dist_km": 2.46, "node": "LOMBA 220", "node_mw": 602, "osm_id": 795675389, "municipio": "Lomba"}, "geometry": {"type": "Polygon", "coordinates": [[[-6.5977, 42.59602], [-6.59768, 42.59606], [-6.59767, 42.59608], [-6.59755, 42.59605], [-6.59756, 42.59603], [-6.59758, 42.59599], [-6.59759, 42.59597], [-6.59771, 42.596], [-6.5977, 42.59602]]]}}, {"type": "Feature", "properties": {"area_ha": 0.004, "dist_km": 2.585, "node": "COMPOSTILLA 220", "node_mw": 205, "osm_id": 795675391, "municipio": "Compostilla"}, "geometry": {"type": "Polygon", "coordinates": [[[-6.59743, 42.59894], [-6.5974, 42.59898], [-6.59732, 42.59895], [-6.59735, 42.59891], [-6.59743, 42.59894]]]}}, {"type": "Feature", "properties": {"area_ha": 0.071, "dist_km": 2.478, "node": "COMPOSTILLA 220", "node_mw": 205, "osm_id": 795675393, "municipio": "Compostilla"}, "geometry": {"type": "Polygon", "coordinates": [[[-6.59703, 42.60066], [-6.59719, 42.60073], [-6.59698, 42.60112], [-6.59682, 42.60108], [-6.59703, 42.60066]]]}}, {"type": "Feature", "properties": {"area_ha": 0.006, "dist_km": 2.532, "node": "COMPOSTILLA 220", "node_mw": 205, "osm_id": 795675397, "municipio": "Compostilla"}, "geometry": {"type": "Polygon", "coordinates": [[[-6.59643, 42.59846], [-6.59639, 42.59854], [-6.59632, 42.59852], [-6.59637, 42.59844], [-6.59643, 42.59846]]]}}, {"type": "Feature", "properties": {"area_ha": 0.055, "dist_km": 2.609, "node": "LOMBA 220", "node_mw": 602, "osm_id": 795675408, "municipio": "Lomba"}, "geometry": {"type": "Polygon", "coordinates": [[[-6.59914, 42.59998], [-6.599, 42.60014], [-6.59873, 42.60002], [-6.59886, 42.59986], [-6.59914, 42.59998]]]}}, {"type": "Feature", "properties": {"area_ha": 0.014, "dist_km": 2.621, "node": "LOMBA 220", "node_mw": 602, "osm_id": 795675412, "municipio": "Lomba"}, "geometry": {"type": "Polygon", "coordinates": [[[-6.59848, 42.59969], [-6.5986, 42.59974], [-6.59853, 42.59983], [-6.5984, 42.59978], [-6.59848, 42.59969]]]}}, {"type": "Feature", "properties": {"area_ha": 0.013, "dist_km": 2.349, "node": "LOMBA 220", "node_mw": 602, "osm_id": 795675420, "municipio": "Lomba"}, "geometry": {"type": "Polygon", "coordinates": [[[-6.6028, 42.59981], [-6.60287, 42.59979], [-6.60294, 42.59976], [-6.603, 42.59989], [-6.6029, 42.59992], [-6.60288, 42.5999], [-6.60292, 42.59989], [-6.60288, 42.59983], [-6.60282, 42.59985], [-6.6028, 42.59981]]]}}, {"type": "Feature", "properties": {"area_ha": 0.016, "dist_km": 2.385, "node": "LOMBA 220", "node_mw": 602, "osm_id": 795675422, "municipio": "Lomba"}, "geometry": {"type": "Polygon", "coordinates": [[[-6.60337, 42.60063], [-6.60317, 42.60069], [-6.60312, 42.60061], [-6.60326, 42.60057], [-6.60327, 42.60059], [-6.60333, 42.60057], [-6.60337, 42.60063]]]}}, {"type": "Feature", "properties": {"area_ha": 0.002, "dist_km": 2.561, "node": "LOMBA 220", "node_mw": 602, "osm_id": 795675427, "municipio": "Lomba"}, "geometry": {"type": "Polygon", "coordinates": [[[-6.60249, 42.60227], [-6.60255, 42.60232], [-6.60252, 42.60233], [-6.60247, 42.60228], [-6.60249, 42.60227]]]}}, {"type": "Feature", "properties": {"area_ha": 0.008, "dist_km": 2.557, "node": "LOMBA 220", "node_mw": 602, "osm_id": 795675428, "municipio": "Lomba"}, "geometry": {"type": "Polygon", "coordinates": [[[-6.60261, 42.60241], [-6.60264, 42.60237], [-6.60276, 42.60243], [-6.60282, 42.60239], [-6.60284, 42.60241], [-6.60273, 42.60247], [-6.60261, 42.60241]]]}}, {"type": "Feature", "properties": {"area_ha": 0.024, "dist_km": 2.59, "node": "LOMBA 220", "node_mw": 602, "osm_id": 795675437, "municipio": "Lomba"}, "geometry": {"type": "Polygon", "coordinates": [[[-6.60305, 42.60288], [-6.60287, 42.60301], [-6.60261, 42.60283], [-6.60266, 42.6028], [-6.60286, 42.60294], [-6.60299, 42.60284], [-6.60305, 42.60288]]]}}, {"type": "Feature", "properties": {"area_ha": 0.005, "dist_km": 2.519, "node": "LOMBA 220", "node_mw": 602, "osm_id": 795675439, "municipio": "Lomba"}, "geometry": {"type": "Polygon", "coordinates": [[[-6.60491, 42.60342], [-6.60487, 42.60339], [-6.60495, 42.60331], [-6.605, 42.60334], [-6.60491, 42.60342]]]}}, {"type": "Feature", "properties": {"area_ha": 0.006, "dist_km": 2.709, "node": "COMPOSTILLA 220", "node_mw": 205, "osm_id": 795675468, "municipio": "Compostilla"}, "geometry": {"type": "Polygon", "coordinates": [[[-6.60121, 42.60485], [-6.60126, 42.60488], [-6.60118, 42.60496], [-6.60112, 42.60493], [-6.60121, 42.60485]]]}}, {"type": "Feature", "properties": {"area_ha": 0.006, "dist_km": 2.705, "node": "COMPOSTILLA 220", "node_mw": 205, "osm_id": 795675471, "municipio": "Compostilla"}, "geometry": {"type": "Polygon", "coordinates": [[[-6.60112, 42.60493], [-6.60107, 42.6049], [-6.60116, 42.60482], [-6.60121, 42.60485], [-6.60112, 42.60493]]]}}, {"type": "Feature", "properties": {"area_ha": 0.016, "dist_km": 2.776, "node": "COMPOSTILLA 220", "node_mw": 205, "osm_id": 795675560, "municipio": "Compostilla"}, "geometry": {"type": "Polygon", "coordinates": [[[-6.60221, 42.60663], [-6.60217, 42.60661], [-6.60219, 42.60658], [-6.60217, 42.60657], [-6.60233, 42.60639], [-6.60239, 42.60642], [-6.60221, 42.60663]]]}}, {"type": "Feature", "properties": {"area_ha": 0.005, "dist_km": 2.835, "node": "COMPOSTILLA 220", "node_mw": 205, "osm_id": 795675570, "municipio": "Compostilla"}, "geometry": {"type": "Polygon", "coordinates": [[[-6.60298, 42.60776], [-6.60303, 42.6077], [-6.60309, 42.60772], [-6.60304, 42.60779], [-6.60298, 42.60776]]]}}, {"type": "Feature", "properties": {"area_ha": 0.003, "dist_km": 2.884, "node": "COMPOSTILLA 220", "node_mw": 205, "osm_id": 795675571, "municipio": "Compostilla"}, "geometry": {"type": "Polygon", "coordinates": [[[-6.60363, 42.60689], [-6.60354, 42.60685], [-6.60356, 42.60683], [-6.60356, 42.60683], [-6.60365, 42.60686], [-6.60363, 42.60689]]]}}, {"type": "Feature", "properties": {"area_ha": 0.005, "dist_km": 2.898, "node": "LOMBA 220", "node_mw": 602, "osm_id": 795675572, "municipio": "Lomba"}, "geometry": {"type": "Polygon", "coordinates": [[[-6.60399, 42.60716], [-6.60395, 42.60713], [-6.60403, 42.60706], [-6.60408, 42.60709], [-6.60399, 42.60716]]]}}, {"type": "Feature", "properties": {"area_ha": 0.004, "dist_km": 2.846, "node": "LOMBA 220", "node_mw": 602, "osm_id": 795675573, "municipio": "Lomba"}, "geometry": {"type": "Polygon", "coordinates": [[[-6.60406, 42.60659], [-6.6041, 42.60655], [-6.60416, 42.60658], [-6.60412, 42.60663], [-6.60406, 42.60659], [-6.60406, 42.60659]]]}}, {"type": "Feature", "properties": {"area_ha": 0.003, "dist_km": 2.792, "node": "LOMBA 220", "node_mw": 602, "osm_id": 795675577, "municipio": "Lomba"}, "geometry": {"type": "Polygon", "coordinates": [[[-6.60479, 42.60638], [-6.60474, 42.60635], [-6.60478, 42.60631], [-6.60483, 42.60634], [-6.60479, 42.60638]]]}}, {"type": "Feature", "properties": {"area_ha": 0.007, "dist_km": 2.224, "node": "LOMBA 220", "node_mw": 602, "osm_id": 795675600, "municipio": "Lomba"}, "geometry": {"type": "Polygon", "coordinates": [[[-6.59731, 42.58899], [-6.5974, 42.58894], [-6.59742, 42.58892], [-6.59746, 42.58894], [-6.59739, 42.58903], [-6.59731, 42.58899]]]}}, {"type": "Feature", "properties": {"area_ha": 0.007, "dist_km": 2.233, "node": "LOMBA 220", "node_mw": 602, "osm_id": 795675605, "municipio": "Lomba"}, "geometry": {"type": "Polygon", "coordinates": [[[-6.59712, 42.58829], [-6.59709, 42.58826], [-6.59717, 42.5882], [-6.59724, 42.58825], [-6.59715, 42.58831], [-6.59713, 42.58829], [-6.59713, 42.58829], [-6.59713, 42.58829], [-6.59712, 42.58829]]]}}, {"type": "Feature", "properties": {"area_ha": 0.013, "dist_km": 2.222, "node": "LOMBA 220", "node_mw": 602, "osm_id": 795675606, "municipio": "Lomba"}, "geometry": {"type": "Polygon", "coordinates": [[[-6.59731, 42.58826], [-6.59739, 42.58833], [-6.59729, 42.58841], [-6.5972, 42.58834], [-6.59731, 42.58826]]]}}, {"type": "Feature", "properties": {"area_ha": 0.001, "dist_km": 2.235, "node": "LOMBA 220", "node_mw": 602, "osm_id": 795675607, "municipio": "Lomba"}, "geometry": {"type": "Polygon", "coordinates": [[[-6.59715, 42.58831], [-6.59716, 42.58831], [-6.59713, 42.58834], [-6.5971, 42.58831], [-6.59713, 42.58829], [-6.59713, 42.58829], [-6.59713, 42.58829], [-6.59715, 42.58831]]]}}, {"type": "Feature", "properties": {"area_ha": 0.002, "dist_km": 2.611, "node": "LOMBA 220", "node_mw": 602, "osm_id": 795675618, "municipio": "Lomba"}, "geometry": {"type": "Polygon", "coordinates": [[[-6.59284, 42.58998], [-6.59289, 42.59002], [-6.59285, 42.59004], [-6.5928, 42.59], [-6.59284, 42.58998]]]}}, {"type": "Feature", "properties": {"area_ha": 0.004, "dist_km": 1.415, "node": "LOMBA 220", "node_mw": 602, "osm_id": 795675626, "municipio": "Lomba"}, "geometry": {"type": "Polygon", "coordinates": [[[-6.60699, 42.5859], [-6.60694, 42.58595], [-6.60687, 42.58591], [-6.6069, 42.58588], [-6.60691, 42.58589], [-6.60693, 42.58587], [-6.60699, 42.5859]]]}}, {"type": "Feature", "properties": {"area_ha": 0.003, "dist_km": 1.364, "node": "LOMBA 220", "node_mw": 602, "osm_id": 795675633, "municipio": "Lomba"}, "geometry": {"type": "Polygon", "coordinates": [[[-6.60756, 42.58594], [-6.60749, 42.58589], [-6.60752, 42.58587], [-6.60759, 42.58591], [-6.60756, 42.58594]]]}}, {"type": "Feature", "properties": {"area_ha": 0.003, "dist_km": 1.362, "node": "LOMBA 220", "node_mw": 602, "osm_id": 795675634, "municipio": "Lomba"}, "geometry": {"type": "Polygon", "coordinates": [[[-6.60757, 42.58619], [-6.60762, 42.58622], [-6.60759, 42.58625], [-6.60754, 42.58622], [-6.60757, 42.58619]]]}}, {"type": "Feature", "properties": {"area_ha": 0.002, "dist_km": 1.359, "node": "LOMBA 220", "node_mw": 602, "osm_id": 795675639, "municipio": "Lomba"}, "geometry": {"type": "Polygon", "coordinates": [[[-6.60757, 42.58619], [-6.6076, 42.58616], [-6.60766, 42.5862], [-6.60762, 42.58622], [-6.60757, 42.58619]]]}}, {"type": "Feature", "properties": {"area_ha": 0.012, "dist_km": 1.89, "node": "LOMBA 220", "node_mw": 602, "osm_id": 795675643, "municipio": "Lomba"}, "geometry": {"type": "Polygon", "coordinates": [[[-6.62817, 42.56893], [-6.62833, 42.56893], [-6.62834, 42.569], [-6.62817, 42.569], [-6.62817, 42.56893]]]}}, {"type": "Feature", "properties": {"area_ha": 0.017, "dist_km": 1.822, "node": "LOMBA 220", "node_mw": 602, "osm_id": 795675645, "municipio": "Lomba"}, "geometry": {"type": "Polygon", "coordinates": [[[-6.6283, 42.56962], [-6.62838, 42.56955], [-6.6285, 42.56956], [-6.62851, 42.56965], [-6.6283, 42.56966], [-6.6283, 42.56962]]]}}, {"type": "Feature", "properties": {"area_ha": 0.02, "dist_km": 1.809, "node": "LOMBA 220", "node_mw": 602, "osm_id": 795675646, "municipio": "Lomba"}, "geometry": {"type": "Polygon", "coordinates": [[[-6.62529, 42.56941], [-6.62566, 42.56945], [-6.62565, 42.56951], [-6.6253, 42.56947], [-6.62529, 42.56941]]]}}, {"type": "Feature", "properties": {"area_ha": 0.003, "dist_km": 1.196, "node": "LOMBA 220", "node_mw": 602, "osm_id": 795675653, "municipio": "Lomba"}, "geometry": {"type": "Polygon", "coordinates": [[[-6.6386, 42.58768], [-6.63855, 42.58773], [-6.63851, 42.58771], [-6.63855, 42.58766], [-6.6386, 42.58768]]]}}, {"type": "Feature", "properties": {"area_ha": 0.006, "dist_km": 1.539, "node": "LOMBA 220", "node_mw": 602, "osm_id": 795675658, "municipio": "Lomba"}, "geometry": {"type": "Polygon", "coordinates": [[[-6.64251, 42.58244], [-6.6424, 42.58244], [-6.64241, 42.58238], [-6.64251, 42.58239], [-6.64251, 42.58244]]]}}, {"type": "Feature", "properties": {"area_ha": 0.003, "dist_km": 1.832, "node": "LOMBA 220", "node_mw": 602, "osm_id": 795675662, "municipio": "Lomba"}, "geometry": {"type": "Polygon", "coordinates": [[[-6.64557, 42.58086], [-6.64562, 42.58085], [-6.64563, 42.58091], [-6.64558, 42.58092], [-6.64557, 42.58086]]]}}, {"type": "Feature", "properties": {"area_ha": 0.004, "dist_km": 2.01, "node": "LOMBA 220", "node_mw": 602, "osm_id": 795675663, "municipio": "Lomba"}, "geometry": {"type": "Polygon", "coordinates": [[[-6.64783, 42.58066], [-6.64783, 42.5807], [-6.64774, 42.58071], [-6.64774, 42.58066], [-6.64783, 42.58066]]]}}, {"type": "Feature", "properties": {"area_ha": 0.005, "dist_km": 2.22, "node": "LOMBA 220", "node_mw": 602, "osm_id": 797012179, "municipio": "Lomba"}, "geometry": {"type": "Polygon", "coordinates": [[[-6.60439, 42.59935], [-6.60449, 42.59935], [-6.60449, 42.5994], [-6.60442, 42.5994], [-6.60439, 42.59935]]]}}, {"type": "Feature", "properties": {"area_ha": 0.006, "dist_km": 2.343, "node": "LOMBA 220", "node_mw": 602, "osm_id": 797012183, "municipio": "Lomba"}, "geometry": {"type": "Polygon", "coordinates": [[[-6.6074, 42.60281], [-6.60743, 42.60274], [-6.60752, 42.60277], [-6.60749, 42.60283], [-6.6074, 42.60281]]]}}, {"type": "Feature", "properties": {"area_ha": 0.005, "dist_km": 2.4, "node": "LOMBA 220", "node_mw": 602, "osm_id": 797012185, "municipio": "Lomba"}, "geometry": {"type": "Polygon", "coordinates": [[[-6.6087, 42.60407], [-6.60865, 42.60403], [-6.60873, 42.60398], [-6.60879, 42.60402], [-6.6087, 42.60407]]]}}, {"type": "Feature", "properties": {"area_ha": 0.008, "dist_km": 2.34, "node": "LOMBA 220", "node_mw": 602, "osm_id": 797012186, "municipio": "Lomba"}, "geometry": {"type": "Polygon", "coordinates": [[[-6.6093, 42.60362], [-6.60941, 42.60366], [-6.60933, 42.60371], [-6.60923, 42.60367], [-6.6093, 42.60362]]]}}, {"type": "Feature", "properties": {"area_ha": 0.008, "dist_km": 2.234, "node": "LOMBA 220", "node_mw": 602, "osm_id": 797012187, "municipio": "Lomba"}, "geometry": {"type": "Polygon", "coordinates": [[[-6.60722, 42.60134], [-6.60724, 42.60136], [-6.60706, 42.60147], [-6.60703, 42.60144], [-6.60717, 42.60135], [-6.60718, 42.60136], [-6.60722, 42.60134]]]}}, {"type": "Feature", "properties": {"area_ha": 0.011, "dist_km": 2.026, "node": "LOMBA 220", "node_mw": 602, "osm_id": 813224444, "municipio": "Lomba"}, "geometry": {"type": "Polygon", "coordinates": [[[-6.6439, 42.57473], [-6.64386, 42.57473], [-6.64384, 42.57467], [-6.64388, 42.57466], [-6.64388, 42.57465], [-6.64399, 42.57463], [-6.64401, 42.57471], [-6.6439, 42.57473]]]}}, {"type": "Feature", "properties": {"area_ha": 0.004, "dist_km": 1.594, "node": "LOMBA 220", "node_mw": 602, "osm_id": 813224452, "municipio": "Lomba"}, "geometry": {"type": "Polygon", "coordinates": [[[-6.61116, 42.5751], [-6.6111, 42.57509], [-6.61112, 42.57503], [-6.61118, 42.57504], [-6.61116, 42.5751]]]}}, {"type": "Feature", "properties": {"area_ha": 0.024, "dist_km": 2.131, "node": "LOMBA 220", "node_mw": 602, "osm_id": 813224466, "municipio": "Lomba"}, "geometry": {"type": "Polygon", "coordinates": [[[-6.59824, 42.58522], [-6.59825, 42.5853], [-6.59828, 42.58539], [-6.59825, 42.5854], [-6.59817, 42.58539], [-6.59807, 42.58536], [-6.59812, 42.58525], [-6.5981, 42.58525], [-6.59812, 42.58521], [-6.59824, 42.58522]]]}}, {"type": "Feature", "properties": {"area_ha": 0.006, "dist_km": 2.074, "node": "LOMBA 220", "node_mw": 602, "osm_id": 813224468, "municipio": "Lomba"}, "geometry": {"type": "Polygon", "coordinates": [[[-6.59896, 42.5848], [-6.59885, 42.58479], [-6.59884, 42.58473], [-6.59894, 42.58474], [-6.59896, 42.5848]]]}}, {"type": "Feature", "properties": {"area_ha": 0.034, "dist_km": 1.327, "node": "LOMBA 220", "node_mw": 602, "osm_id": 813224470, "municipio": "Lomba"}, "geometry": {"type": "Polygon", "coordinates": [[[-6.61282, 42.59394], [-6.61291, 42.59447], [-6.61284, 42.59447], [-6.61275, 42.59394], [-6.61282, 42.59394]]]}}, {"type": "Feature", "properties": {"area_ha": 0.003, "dist_km": 1.418, "node": "LOMBA 220", "node_mw": 602, "osm_id": 813224471, "municipio": "Lomba"}, "geometry": {"type": "Polygon", "coordinates": [[[-6.61296, 42.59541], [-6.61304, 42.5954], [-6.61305, 42.59545], [-6.61297, 42.59546], [-6.61296, 42.59541]]]}}, {"type": "Feature", "properties": {"area_ha": 0.008, "dist_km": 1.24, "node": "LOMBA 220", "node_mw": 602, "osm_id": 813224472, "municipio": "Lomba"}, "geometry": {"type": "Polygon", "coordinates": [[[-6.61519, 42.59463], [-6.6151, 42.59468], [-6.61504, 42.59462], [-6.61513, 42.59457], [-6.61519, 42.59463]]]}}, {"type": "Feature", "properties": {"area_ha": 0.005, "dist_km": 1.138, "node": "LOMBA 220", "node_mw": 602, "osm_id": 813224473, "municipio": "Lomba"}, "geometry": {"type": "Polygon", "coordinates": [[[-6.61394, 42.59266], [-6.61397, 42.59263], [-6.61394, 42.5926], [-6.61398, 42.59258], [-6.61404, 42.59264], [-6.61397, 42.59268], [-6.61394, 42.59266]]]}}, {"type": "Feature", "properties": {"area_ha": 0.004, "dist_km": 2.324, "node": "LOMBA 220", "node_mw": 602, "osm_id": 813224477, "municipio": "Lomba"}, "geometry": {"type": "Polygon", "coordinates": [[[-6.59752, 42.59286], [-6.59759, 42.59288], [-6.59757, 42.59291], [-6.59756, 42.59291], [-6.59754, 42.59294], [-6.59749, 42.59292], [-6.59752, 42.59286]]]}}, {"type": "Feature", "properties": {"area_ha": 0.002, "dist_km": 2.521, "node": "LOMBA 220", "node_mw": 602, "osm_id": 813224479, "municipio": "Lomba"}, "geometry": {"type": "Polygon", "coordinates": [[[-6.59514, 42.59328], [-6.59517, 42.59324], [-6.59521, 42.59327], [-6.59517, 42.5933], [-6.59514, 42.59328]]]}}, {"type": "Feature", "properties": {"area_ha": 0.003, "dist_km": 2.295, "node": "LOMBA 220", "node_mw": 602, "osm_id": 813224480, "municipio": "Lomba"}, "geometry": {"type": "Polygon", "coordinates": [[[-6.5974, 42.59172], [-6.59745, 42.59175], [-6.59741, 42.59179], [-6.59736, 42.59176], [-6.59739, 42.59173], [-6.5974, 42.59172]]]}}, {"type": "Feature", "properties": {"area_ha": 0.004, "dist_km": 2.307, "node": "LOMBA 220", "node_mw": 602, "osm_id": 813224481, "municipio": "Lomba"}, "geometry": {"type": "Polygon", "coordinates": [[[-6.59761, 42.59269], [-6.59765, 42.59263], [-6.59771, 42.59266], [-6.59767, 42.59272], [-6.59761, 42.59269]]]}}, {"type": "Feature", "properties": {"area_ha": 0.004, "dist_km": 1.963, "node": "LOMBA 220", "node_mw": 602, "osm_id": 813224483, "municipio": "Lomba"}, "geometry": {"type": "Polygon", "coordinates": [[[-6.60146, 42.59143], [-6.60154, 42.59139], [-6.60158, 42.59143], [-6.6015, 42.59147], [-6.60146, 42.59143]]]}}, {"type": "Feature", "properties": {"area_ha": 0.006, "dist_km": 2.482, "node": "LOMBA 220", "node_mw": 602, "osm_id": 813224488, "municipio": "Lomba"}, "geometry": {"type": "Polygon", "coordinates": [[[-6.60524, 42.60319], [-6.6052, 42.60316], [-6.60529, 42.60308], [-6.60534, 42.6031], [-6.60524, 42.60319]]]}}, {"type": "Feature", "properties": {"area_ha": 0.007, "dist_km": 2.745, "node": "LOMBA 220", "node_mw": 602, "osm_id": 813224495, "municipio": "Lomba"}, "geometry": {"type": "Polygon", "coordinates": [[[-6.60432, 42.60555], [-6.6044, 42.60557], [-6.60438, 42.60565], [-6.60429, 42.60564], [-6.60432, 42.60555]]]}}, {"type": "Feature", "properties": {"area_ha": 0.079, "dist_km": 2.529, "node": "LOMBA 220", "node_mw": 602, "osm_id": 1068014142, "municipio": "Lomba"}, "geometry": {"type": "Polygon", "coordinates": [[[-6.64097, 42.56698], [-6.64111, 42.56705], [-6.64133, 42.56649], [-6.6412, 42.56643], [-6.64118, 42.56648], [-6.64097, 42.56698]]]}}, {"type": "Feature", "properties": {"area_ha": 0.155, "dist_km": 1.162, "node": "LOMBA 220", "node_mw": 602, "osm_id": 1079488301, "municipio": "Lomba"}, "geometry": {"type": "Polygon", "coordinates": [[[-6.61413, 42.57886], [-6.61391, 42.57892], [-6.61357, 42.57823], [-6.61378, 42.57818], [-6.61413, 42.57886]]]}}, {"type": "Feature", "properties": {"area_ha": 0.091, "dist_km": 2.637, "node": "LOMBA 220", "node_mw": 602, "osm_id": 1130604199, "municipio": "Lomba"}, "geometry": {"type": "Polygon", "coordinates": [[[-6.6402, 42.56487], [-6.6404, 42.56489], [-6.6403, 42.56513], [-6.6402, 42.56539], [-6.64001, 42.56535], [-6.6402, 42.56487]]]}}, {"type": "Feature", "properties": {"area_ha": 0.057, "dist_km": 2.578, "node": "LOMBA 220", "node_mw": 602, "osm_id": 1130604202, "municipio": "Lomba"}, "geometry": {"type": "Polygon", "coordinates": [[[-6.63926, 42.56518], [-6.63945, 42.56522], [-6.63932, 42.56554], [-6.63915, 42.56546], [-6.63926, 42.56518]]]}}, {"type": "Feature", "properties": {"area_ha": 0.085, "dist_km": 2.632, "node": "LOMBA 220", "node_mw": 602, "osm_id": 1130604203, "municipio": "Lomba"}, "geometry": {"type": "Polygon", "coordinates": [[[-6.64001, 42.56485], [-6.6402, 42.56487], [-6.64001, 42.56535], [-6.63982, 42.56531], [-6.64001, 42.56485]]]}}, {"type": "Feature", "properties": {"area_ha": 0.064, "dist_km": 2.599, "node": "LOMBA 220", "node_mw": 602, "osm_id": 1130604205, "municipio": "Lomba"}, "geometry": {"type": "Polygon", "coordinates": [[[-6.6402, 42.56539], [-6.64045, 42.56545], [-6.64034, 42.5657], [-6.64009, 42.56565], [-6.6402, 42.56539]]]}}, {"type": "Feature", "properties": {"area_ha": 0.064, "dist_km": 2.628, "node": "LOMBA 220", "node_mw": 602, "osm_id": 1130604206, "municipio": "Lomba"}, "geometry": {"type": "Polygon", "coordinates": [[[-6.6403, 42.56513], [-6.64055, 42.56518], [-6.64045, 42.56545], [-6.6402, 42.56539], [-6.6403, 42.56513]]]}}, {"type": "Feature", "properties": {"area_ha": 0.052, "dist_km": 2.63, "node": "LOMBA 220", "node_mw": 602, "osm_id": 1130604207, "municipio": "Lomba"}, "geometry": {"type": "Polygon", "coordinates": [[[-6.63968, 42.56516], [-6.63949, 42.56511], [-6.6396, 42.56486], [-6.63969, 42.56485], [-6.6398, 42.56485], [-6.63968, 42.56516]]]}}, {"type": "Feature", "properties": {"area_ha": 0.048, "dist_km": 2.609, "node": "LOMBA 220", "node_mw": 602, "osm_id": 1130604208, "municipio": "Lomba"}, "geometry": {"type": "Polygon", "coordinates": [[[-6.63926, 42.56518], [-6.63909, 42.56514], [-6.63917, 42.56496], [-6.63911, 42.56494], [-6.63913, 42.56491], [-6.63939, 42.56487], [-6.63926, 42.56518]]]}}, {"type": "Feature", "properties": {"area_ha": 0.005, "dist_km": 2.562, "node": "LOMBA 220", "node_mw": 602, "osm_id": 1130604209, "municipio": "Lomba"}, "geometry": {"type": "Polygon", "coordinates": [[[-6.64019, 42.56586], [-6.64027, 42.56588], [-6.64024, 42.56595], [-6.64017, 42.56592], [-6.64019, 42.56586]]]}}, {"type": "Feature", "properties": {"area_ha": 0.082, "dist_km": 2.59, "node": "LOMBA 220", "node_mw": 602, "osm_id": 1130604211, "municipio": "Lomba"}, "geometry": {"type": "Polygon", "coordinates": [[[-6.63949, 42.56511], [-6.63968, 42.56516], [-6.63964, 42.56526], [-6.63949, 42.56562], [-6.63932, 42.56554], [-6.63945, 42.56522], [-6.63949, 42.56511]]]}}, {"type": "Feature", "properties": {"area_ha": 0.083, "dist_km": 2.584, "node": "LOMBA 220", "node_mw": 602, "osm_id": 1130604212, "municipio": "Lomba"}, "geometry": {"type": "Polygon", "coordinates": [[[-6.64001, 42.56535], [-6.6402, 42.56539], [-6.64009, 42.56565], [-6.64001, 42.56585], [-6.63984, 42.56577], [-6.64001, 42.56535]]]}}, {"type": "Feature", "properties": {"area_ha": 0.081, "dist_km": 2.628, "node": "LOMBA 220", "node_mw": 602, "osm_id": 1130604213, "municipio": "Lomba"}, "geometry": {"type": "Polygon", "coordinates": [[[-6.6398, 42.56485], [-6.6399, 42.56485], [-6.64001, 42.56485], [-6.63982, 42.56531], [-6.63964, 42.56526], [-6.63968, 42.56516], [-6.6398, 42.56485]]]}}, {"type": "Feature", "properties": {"area_ha": 0.063, "dist_km": 2.617, "node": "LOMBA 220", "node_mw": 602, "osm_id": 1130604214, "municipio": "Lomba"}, "geometry": {"type": "Polygon", "coordinates": [[[-6.63949, 42.56511], [-6.63945, 42.56522], [-6.63926, 42.56518], [-6.63939, 42.56487], [-6.6395, 42.56487], [-6.6396, 42.56486], [-6.63949, 42.56511]]]}}, {"type": "Feature", "properties": {"area_ha": 0.074, "dist_km": 2.582, "node": "LOMBA 220", "node_mw": 602, "osm_id": 1130604216, "municipio": "Lomba"}, "geometry": {"type": "Polygon", "coordinates": [[[-6.63982, 42.56531], [-6.64001, 42.56535], [-6.63984, 42.56577], [-6.63967, 42.56569], [-6.63982, 42.56531]]]}}, {"type": "Feature", "properties": {"area_ha": 0.069, "dist_km": 2.581, "node": "LOMBA 220", "node_mw": 602, "osm_id": 1130604217, "municipio": "Lomba"}, "geometry": {"type": "Polygon", "coordinates": [[[-6.63964, 42.56526], [-6.63982, 42.56531], [-6.63967, 42.56569], [-6.63949, 42.56562], [-6.63964, 42.56526]]]}}, {"type": "Feature", "properties": {"area_ha": 0.06, "dist_km": 2.656, "node": "LOMBA 220", "node_mw": 602, "osm_id": 1130604218, "municipio": "Lomba"}, "geometry": {"type": "Polygon", "coordinates": [[[-6.6404, 42.56489], [-6.64065, 42.56494], [-6.64055, 42.56518], [-6.6403, 42.56513], [-6.6404, 42.56489]]]}}, {"type": "Feature", "properties": {"area_ha": 0.045, "dist_km": 2.577, "node": "LOMBA 220", "node_mw": 602, "osm_id": 1130604221, "municipio": "Lomba"}, "geometry": {"type": "Polygon", "coordinates": [[[-6.63909, 42.56514], [-6.63926, 42.56518], [-6.63915, 42.56546], [-6.63899, 42.5654], [-6.63909, 42.56514]]]}}, {"type": "Feature", "properties": {"area_ha": 0.051, "dist_km": 2.57, "node": "LOMBA 220", "node_mw": 602, "osm_id": 1130604222, "municipio": "Lomba"}, "geometry": {"type": "Polygon", "coordinates": [[[-6.64027, 42.56588], [-6.64019, 42.56586], [-6.64017, 42.56592], [-6.64001, 42.56585], [-6.64009, 42.56565], [-6.64034, 42.5657], [-6.64027, 42.56588]]]}}, {"type": "Feature", "properties": {"area_ha": 0.002, "dist_km": 2.437, "node": "LOMBA 220", "node_mw": 602, "osm_id": 1185683799, "municipio": "Lomba"}, "geometry": {"type": "Polygon", "coordinates": [[[-6.63595, 42.56559], [-6.63592, 42.56557], [-6.63593, 42.56556], [-6.6359, 42.56555], [-6.63591, 42.56553], [-6.63597, 42.56556], [-6.63595, 42.56559]]]}}, {"type": "Feature", "properties": {"area_ha": 0.188, "dist_km": 2.936, "node": "LOMBA 220", "node_mw": 602, "osm_id": 1318770314, "municipio": "Lomba"}, "geometry": {"type": "Polygon", "coordinates": [[[-6.63666, 42.56082], [-6.63659, 42.56057], [-6.63582, 42.56063], [-6.63582, 42.56068], [-6.63583, 42.56079], [-6.6358, 42.56079], [-6.63581, 42.56084], [-6.63584, 42.56084], [-6.63585, 42.56088], [-6.63608, 42.56087], [-6.63666, 42.56082]]]}}, {"type": "Feature", "properties": {"area_ha": 0.02, "dist_km": 0.093, "node": "CARTELLE 220", "node_mw": 617, "osm_id": 1524936460, "municipio": "Cartelle"}, "geometry": {"type": "Polygon", "coordinates": [[[-8.05843, 42.25596], [-8.05831, 42.25602], [-8.05842, 42.25615], [-8.05854, 42.25609], [-8.05843, 42.25596]]]}}, {"type": "Feature", "properties": {"area_ha": 0.011, "dist_km": 2.316, "node": "PUENTE BIBEY 220", "node_mw": 585, "osm_id": 957830721, "municipio": "Puente Bibey"}, "geometry": {"type": "Polygon", "coordinates": [[[-7.11981, 43.49058], [-7.11969, 43.49061], [-7.11965, 43.49052], [-7.11977, 43.49049], [-7.11981, 43.49058]]]}}, {"type": "Feature", "properties": {"area_ha": 0.007, "dist_km": 2.362, "node": "PUENTE BIBEY 220", "node_mw": 585, "osm_id": 957830722, "municipio": "Puente Bibey"}, "geometry": {"type": "Polygon", "coordinates": [[[-7.11913, 43.49062], [-7.11911, 43.49056], [-7.11904, 43.49056], [-7.11908, 43.49067], [-7.11913, 43.49067], [-7.11913, 43.49062]]]}}, {"type": "Feature", "properties": {"area_ha": 0.302, "dist_km": 0.96, "node": "PUENTE BIBEY 220", "node_mw": 585, "osm_id": 1145707389, "municipio": "Puente Bibey"}, "geometry": {"type": "Polygon", "coordinates": [[[-7.13557, 43.49572], [-7.13548, 43.49512], [-7.13495, 43.49522], [-7.13495, 43.49579], [-7.13557, 43.49572]]]}}, {"type": "Feature", "properties": {"area_ha": 0.082, "dist_km": 0.956, "node": "PUENTE BIBEY 220", "node_mw": 585, "osm_id": 1266815108, "municipio": "Puente Bibey"}, "geometry": {"type": "Polygon", "coordinates": [[[-7.13541, 43.49562], [-7.1354, 43.49553], [-7.13539, 43.49553], [-7.13535, 43.49532], [-7.13505, 43.49535], [-7.1351, 43.49564], [-7.13519, 43.49563], [-7.13519, 43.49564], [-7.13541, 43.49562]]]}}, {"type": "Feature", "properties": {"area_ha": 24.777, "dist_km": 1.51, "node": "ALMADEN 400", "node_mw": 548, "osm_id": 175153791, "municipio": "Almaden"}, "geometry": {"type": "Polygon", "coordinates": [[[-4.82941, 38.78401], [-4.82838, 38.78391], [-4.82616, 38.78387], [-4.82381, 38.78485], [-4.8229, 38.78523], [-4.82048, 38.78682], [-4.81979, 38.7873], [-4.81799, 38.78784], [-4.8177, 38.78864], [-4.81746, 38.78998], [-4.81871, 38.79033], [-4.81893, 38.78936], [-4.81937, 38.78862], [-4.82101, 38.78892], [-4.82291, 38.78851], [-4.82755, 38.78508], [-4.82958, 38.78516], [-4.82941, 38.78401]]]}}, {"type": "Feature", "properties": {"area_ha": 0.118, "dist_km": 1.47, "node": "ALMADEN 400", "node_mw": 548, "osm_id": 300642589, "municipio": "Almaden"}, "geometry": {"type": "Polygon", "coordinates": [[[-4.84881, 38.77599], [-4.84887, 38.77579], [-4.84829, 38.77569], [-4.84823, 38.77589], [-4.84881, 38.77599]]]}}, {"type": "Feature", "properties": {"area_ha": 0.114, "dist_km": 1.49, "node": "ALMADEN 400", "node_mw": 548, "osm_id": 300642590, "municipio": "Almaden"}, "geometry": {"type": "Polygon", "coordinates": [[[-4.84915, 38.77635], [-4.84918, 38.77621], [-4.84835, 38.77608], [-4.84832, 38.77621], [-4.84915, 38.77635]]]}}, {"type": "Feature", "properties": {"area_ha": 0.034, "dist_km": 1.415, "node": "ALMADEN 400", "node_mw": 548, "osm_id": 300642628, "municipio": "Almaden"}, "geometry": {"type": "Polygon", "coordinates": [[[-4.84792, 38.7758], [-4.84801, 38.77563], [-4.84801, 38.77562], [-4.84803, 38.77558], [-4.8479, 38.77554], [-4.84788, 38.77558], [-4.84786, 38.77558], [-4.84779, 38.77575], [-4.84792, 38.7758]]]}}, {"type": "Feature", "properties": {"area_ha": 0.027, "dist_km": 1.406, "node": "ALMADEN 400", "node_mw": 548, "osm_id": 300642716, "municipio": "Almaden"}, "geometry": {"type": "Polygon", "coordinates": [[[-4.84784, 38.77636], [-4.84789, 38.77621], [-4.84771, 38.77618], [-4.84766, 38.77632], [-4.84784, 38.77636]]]}}, {"type": "Feature", "properties": {"area_ha": 0.016, "dist_km": 1.364, "node": "ALMADEN 400", "node_mw": 548, "osm_id": 300642804, "municipio": "Almaden"}, "geometry": {"type": "Polygon", "coordinates": [[[-4.84733, 38.77628], [-4.84738, 38.77614], [-4.84727, 38.77611], [-4.84722, 38.77625], [-4.84733, 38.77628]]]}}, {"type": "Feature", "properties": {"area_ha": 0.011, "dist_km": 1.303, "node": "ALMADEN 400", "node_mw": 548, "osm_id": 300642805, "municipio": "Almaden"}, "geometry": {"type": "Polygon", "coordinates": [[[-4.84663, 38.7762], [-4.84666, 38.7761], [-4.84656, 38.77608], [-4.84653, 38.77618], [-4.84663, 38.7762]]]}}, {"type": "Feature", "properties": {"area_ha": 0.039, "dist_km": 1.294, "node": "ALMADEN 400", "node_mw": 548, "osm_id": 300642806, "municipio": "Almaden"}, "geometry": {"type": "Polygon", "coordinates": [[[-4.84668, 38.77609], [-4.84672, 38.77599], [-4.84634, 38.77591], [-4.8463, 38.776], [-4.84668, 38.77609]]]}}, {"type": "Feature", "properties": {"area_ha": 0.114, "dist_km": 1.167, "node": "ALMADEN 400", "node_mw": 548, "osm_id": 300642807, "municipio": "Almaden"}, "geometry": {"type": "Polygon", "coordinates": [[[-4.84568, 38.77598], [-4.84572, 38.77588], [-4.84464, 38.77565], [-4.84463, 38.77568], [-4.8446, 38.77575], [-4.84568, 38.77598]]]}}, {"type": "Feature", "properties": {"area_ha": 0.061, "dist_km": 1.189, "node": "ALMADEN 400", "node_mw": 548, "osm_id": 300642808, "municipio": "Almaden"}, "geometry": {"type": "Polygon", "coordinates": [[[-4.84557, 38.77612], [-4.8456, 38.77602], [-4.84501, 38.77593], [-4.84498, 38.77603], [-4.84557, 38.77612]]]}}, {"type": "Feature", "properties": {"area_ha": 0.012, "dist_km": 1.156, "node": "ALMADEN 400", "node_mw": 548, "osm_id": 300642809, "municipio": "Almaden"}, "geometry": {"type": "Polygon", "coordinates": [[[-4.84496, 38.77603], [-4.84499, 38.77593], [-4.84486, 38.77591], [-4.84484, 38.77601], [-4.84496, 38.77603]]]}}, {"type": "Feature", "properties": {"area_ha": 0.065, "dist_km": 1.122, "node": "ALMADEN 400", "node_mw": 548, "osm_id": 300642810, "municipio": "Almaden"}, "geometry": {"type": "Polygon", "coordinates": [[[-4.84484, 38.77601], [-4.84418, 38.77592], [-4.8442, 38.77582], [-4.84486, 38.77591], [-4.84484, 38.77601]]]}}, {"type": "Feature", "properties": {"area_ha": 0.028, "dist_km": 1.093, "node": "ALMADEN 400", "node_mw": 548, "osm_id": 300642811, "municipio": "Almaden"}, "geometry": {"type": "Polygon", "coordinates": [[[-4.84411, 38.77571], [-4.84414, 38.77553], [-4.8443, 38.77556], [-4.84426, 38.77574], [-4.84411, 38.77571]]]}}, {"type": "Feature", "properties": {"area_ha": 0.015, "dist_km": 1.117, "node": "ALMADEN 400", "node_mw": 548, "osm_id": 300642812, "municipio": "Almaden"}, "geometry": {"type": "Polygon", "coordinates": [[[-4.84463, 38.77568], [-4.84431, 38.77561], [-4.84433, 38.77557], [-4.84465, 38.77563], [-4.84463, 38.77568]]]}}, {"type": "Feature", "properties": {"area_ha": 0.064, "dist_km": 1.062, "node": "ALMADEN 400", "node_mw": 548, "osm_id": 300642847, "municipio": "Almaden"}, "geometry": {"type": "Polygon", "coordinates": [[[-4.84402, 38.77592], [-4.84403, 38.77587], [-4.84399, 38.7758], [-4.84356, 38.77571], [-4.84351, 38.77584], [-4.84392, 38.77592], [-4.84402, 38.77592]]]}}, {"type": "Feature", "properties": {"area_ha": 0.047, "dist_km": 1.017, "node": "ALMADEN 400", "node_mw": 548, "osm_id": 300642848, "municipio": "Almaden"}, "geometry": {"type": "Polygon", "coordinates": [[[-4.84351, 38.77584], [-4.84328, 38.77579], [-4.84317, 38.77577], [-4.84318, 38.77573], [-4.84322, 38.77564], [-4.84356, 38.77571], [-4.84351, 38.77584]]]}}, {"type": "Feature", "properties": {"area_ha": 0.012, "dist_km": 0.953, "node": "ALMADEN 400", "node_mw": 548, "osm_id": 300642889, "municipio": "Almaden"}, "geometry": {"type": "Polygon", "coordinates": [[[-4.8426, 38.77542], [-4.84268, 38.77533], [-4.84258, 38.77528], [-4.8425, 38.77537], [-4.8426, 38.77542]]]}}, {"type": "Feature", "properties": {"area_ha": 0.02, "dist_km": 0.957, "node": "ALMADEN 400", "node_mw": 548, "osm_id": 300642890, "municipio": "Almaden"}, "geometry": {"type": "Polygon", "coordinates": [[[-4.8427, 38.77569], [-4.84275, 38.7756], [-4.84256, 38.77554], [-4.84251, 38.77563], [-4.84266, 38.77567], [-4.8427, 38.77569]]]}}, {"type": "Feature", "properties": {"area_ha": 0.015, "dist_km": 0.977, "node": "ALMADEN 400", "node_mw": 548, "osm_id": 300642911, "municipio": "Almaden"}, "geometry": {"type": "Polygon", "coordinates": [[[-4.84293, 38.77576], [-4.84297, 38.77568], [-4.84281, 38.77563], [-4.84277, 38.77571], [-4.84285, 38.77573], [-4.84293, 38.77576]]]}}, {"type": "Feature", "properties": {"area_ha": 0.018, "dist_km": 0.967, "node": "ALMADEN 400", "node_mw": 548, "osm_id": 300643166, "municipio": "Almaden"}, "geometry": {"type": "Polygon", "coordinates": [[[-4.84281, 38.77563], [-4.84275, 38.7756], [-4.8427, 38.77569], [-4.84266, 38.77567], [-4.84264, 38.77573], [-4.84282, 38.77579], [-4.84285, 38.77573], [-4.84277, 38.77571], [-4.84281, 38.77563]]]}}, {"type": "Feature", "properties": {"area_ha": 0.008, "dist_km": 0.99, "node": "ALMADEN 400", "node_mw": 548, "osm_id": 300643167, "municipio": "Almaden"}, "geometry": {"type": "Polygon", "coordinates": [[[-4.84303, 38.77578], [-4.84308, 38.7757], [-4.84299, 38.77567], [-4.84294, 38.77576], [-4.84303, 38.77578]]]}}, {"type": "Feature", "properties": {"area_ha": 0.032, "dist_km": 1.004, "node": "ALMADEN 400", "node_mw": 548, "osm_id": 300643168, "municipio": "Almaden"}, "geometry": {"type": "Polygon", "coordinates": [[[-4.84308, 38.7757], [-4.84318, 38.77573], [-4.84317, 38.77577], [-4.84328, 38.77579], [-4.84325, 38.77586], [-4.84323, 38.77591], [-4.843, 38.77585], [-4.84308, 38.7757]]]}}, {"type": "Feature", "properties": {"area_ha": 0.002, "dist_km": 0.934, "node": "ALMADEN 400", "node_mw": 548, "osm_id": 300643437, "municipio": "Almaden"}, "geometry": {"type": "Polygon", "coordinates": [[[-4.84238, 38.77562], [-4.84241, 38.77558], [-4.84237, 38.77556], [-4.84234, 38.7756], [-4.84238, 38.77562]]]}}, {"type": "Feature", "properties": {"area_ha": 0.011, "dist_km": 0.863, "node": "ALMADEN 400", "node_mw": 548, "osm_id": 300643459, "municipio": "Almaden"}, "geometry": {"type": "Polygon", "coordinates": [[[-4.84153, 38.7751], [-4.84163, 38.77504], [-4.84156, 38.77496], [-4.84146, 38.77502], [-4.84153, 38.7751]]]}}, {"type": "Feature", "properties": {"area_ha": 0.005, "dist_km": 0.859, "node": "ALMADEN 400", "node_mw": 548, "osm_id": 300643460, "municipio": "Almaden"}, "geometry": {"type": "Polygon", "coordinates": [[[-4.84151, 38.77518], [-4.84156, 38.77516], [-4.84149, 38.77508], [-4.84144, 38.7751], [-4.84151, 38.77518]]]}}, {"type": "Feature", "properties": {"area_ha": 40.715, "dist_km": 1.755, "node": "SILLEDA 400", "node_mw": 542, "osm_id": 138930841, "municipio": "Silleda"}, "geometry": {"type": "Polygon", "coordinates": [[[-8.2289, 42.6938], [-8.22859, 42.69349], [-8.22874, 42.69316], [-8.22866, 42.69241], [-8.22895, 42.69215], [-8.22925, 42.69155], [-8.22941, 42.69104], [-8.22924, 42.69085], [-8.22853, 42.69004], [-8.22672, 42.68961], [-8.22593, 42.68919], [-8.22593, 42.68863], [-8.22594, 42.68845], [-8.22544, 42.68783], [-8.22546, 42.68739], [-8.22443, 42.68644], [-8.22376, 42.6863], [-8.22309, 42.68613], [-8.22242, 42.68582], [-8.22217, 42.68612], [-8.222, 42.68648], [-8.2225, 42.68677], [-8.22302, 42.68713], [-8.22337, 42.68765], [-8.22402, 42.68802], [-8.225, 42.68846], [-8.22509, 42.68919], [-8.22471, 42.68968], [-8.22312, 42.68931], [-8.22309, 42.68996], [-8.22306, 42.69026], [-8.22231, 42.69045], [-8.2222, 42.69073], [-8.22363, 42.69209], [-8.222, 42.6945], [-8.22155, 42.69534], [-8.22397, 42.69559], [-8.22415, 42.69609], [-8.22563, 42.69584], [-8.22784, 42.69474], [-8.22828, 42.69452], [-8.22894, 42.69486], [-8.22952, 42.69491], [-8.2303, 42.69437], [-8.233, 42.69482], [-8.2327, 42.69568], [-8.23351, 42.6959], [-8.23388, 42.69468], [-8.2289, 42.6938]]]}}, {"type": "Feature", "properties": {"area_ha": 27.579, "dist_km": 2.491, "node": "ANTAS 400", "node_mw": 548, "osm_id": 183200617, "municipio": "Antas"}, "geometry": {"type": "Polygon", "coordinates": [[[-1.90293, 37.26594], [-1.90205, 37.26117], [-1.90184, 37.26107], [-1.90147, 37.26099], [-1.90115, 37.26087], [-1.90084, 37.26072], [-1.90065, 37.26061], [-1.90046, 37.26003], [-1.90015, 37.25975], [-1.8998, 37.25967], [-1.89812, 37.25954], [-1.89804, 37.25961], [-1.89779, 37.25992], [-1.89761, 37.26021], [-1.89732, 37.26054], [-1.89699, 37.26102], [-1.89688, 37.26135], [-1.89683, 37.2617], [-1.89689, 37.26191], [-1.8975, 37.26213], [-1.89758, 37.2623], [-1.89735, 37.26278], [-1.89729, 37.26298], [-1.89761, 37.26309], [-1.89764, 37.26322], [-1.89734, 37.26375], [-1.89721, 37.26447], [-1.89723, 37.26464], [-1.89876, 37.26452], [-1.8991, 37.26609], [-1.90132, 37.26586], [-1.90137, 37.26614], [-1.90293, 37.26594]]]}}, {"type": "Feature", "properties": {"area_ha": 1.022, "dist_km": 2.06, "node": "ANTAS 400", "node_mw": 548, "osm_id": 183201898, "municipio": "Antas"}, "geometry": {"type": "Polygon", "coordinates": [[[-1.90484, 37.26103], [-1.90482, 37.26019], [-1.90401, 37.26012], [-1.90394, 37.26013], [-1.9038, 37.26021], [-1.90362, 37.26064], [-1.90361, 37.26107], [-1.90484, 37.26103]]]}}, {"type": "Feature", "properties": {"area_ha": 8.804, "dist_km": 1.77, "node": "ANTAS 400", "node_mw": 548, "osm_id": 183201899, "municipio": "Antas"}, "geometry": {"type": "Polygon", "coordinates": [[[-1.90781, 37.2608], [-1.90663, 37.2608], [-1.90649, 37.2608], [-1.90658, 37.26034], [-1.9063, 37.2603], [-1.90584, 37.26027], [-1.90597, 37.25861], [-1.90671, 37.25862], [-1.90669, 37.2578], [-1.90741, 37.2578], [-1.90752, 37.25825], [-1.90758, 37.25895], [-1.90771, 37.25896], [-1.9081, 37.2588], [-1.90814, 37.25902], [-1.90803, 37.26014], [-1.90869, 37.26019], [-1.9088, 37.25988], [-1.909, 37.25909], [-1.90911, 37.25855], [-1.90917, 37.25852], [-1.90924, 37.25851], [-1.90985, 37.25853], [-1.91044, 37.25866], [-1.91022, 37.25936], [-1.91001, 37.26009], [-1.91003, 37.26014], [-1.90998, 37.26034], [-1.91079, 37.2605], [-1.91121, 37.25904], [-1.91188, 37.25913], [-1.91155, 37.25989], [-1.91126, 37.26068], [-1.91115, 37.26092], [-1.91075, 37.26081], [-1.9107, 37.2608], [-1.91043, 37.26073], [-1.91001, 37.26065], [-1.90964, 37.26058], [-1.90959, 37.26058], [-1.90935, 37.26056], [-1.90924, 37.26056], [-1.90911, 37.26052], [-1.90785, 37.26043], [-1.90781, 37.2608]]]}}, {"type": "Feature", "properties": {"area_ha": 4.829, "dist_km": 1.063, "node": "ANTAS 400", "node_mw": 548, "osm_id": 183258064, "municipio": "Antas"}, "geometry": {"type": "Polygon", "coordinates": [[[-1.91654, 37.25588], [-1.91645, 37.25566], [-1.91644, 37.25532], [-1.91651, 37.25495], [-1.91658, 37.25488], [-1.91669, 37.25432], [-1.91688, 37.25342], [-1.91524, 37.25321], [-1.91515, 37.25322], [-1.9149, 37.25337], [-1.91473, 37.25379], [-1.9146, 37.25455], [-1.91464, 37.2548], [-1.9148, 37.25523], [-1.91497, 37.2555], [-1.9153, 37.25585], [-1.9155, 37.256], [-1.91609, 37.25622], [-1.91626, 37.25583], [-1.91654, 37.25588]]]}}, {"type": "Feature", "properties": {"area_ha": 16.859, "dist_km": 0.813, "node": "ANTAS 400", "node_mw": 548, "osm_id": 183258065, "municipio": "Antas"}, "geometry": {"type": "Polygon", "coordinates": [[[-1.91451, 37.25374], [-1.91136, 37.25315], [-1.91125, 37.25302], [-1.91058, 37.25324], [-1.90966, 37.25348], [-1.90958, 37.2533], [-1.90934, 37.25315], [-1.90891, 37.25297], [-1.90921, 37.25225], [-1.90942, 37.25169], [-1.90996, 37.25178], [-1.91011, 37.2509], [-1.91022, 37.2504], [-1.91168, 37.25049], [-1.91175, 37.24997], [-1.91195, 37.24982], [-1.91245, 37.24993], [-1.91294, 37.24997], [-1.91321, 37.24984], [-1.91385, 37.24949], [-1.914, 37.24944], [-1.91476, 37.24995], [-1.91501, 37.25016], [-1.9151, 37.2503], [-1.91512, 37.25048], [-1.91492, 37.25061], [-1.91478, 37.251], [-1.9149, 37.25117], [-1.91462, 37.25223], [-1.91448, 37.25293], [-1.91449, 37.25312], [-1.91451, 37.25374]]]}}, {"type": "Feature", "properties": {"area_ha": 0.361, "dist_km": 1.438, "node": "SILLEDA 400", "node_mw": 542, "osm_id": 275483245, "municipio": "Silleda"}, "geometry": {"type": "Polygon", "coordinates": [[[-8.26019, 42.70457], [-8.25999, 42.70463], [-8.26006, 42.70476], [-8.25988, 42.70482], [-8.2598, 42.70468], [-8.25935, 42.70482], [-8.25931, 42.70475], [-8.25922, 42.70478], [-8.25905, 42.7045], [-8.25918, 42.70446], [-8.25916, 42.70443], [-8.25965, 42.70428], [-8.25969, 42.70436], [-8.25986, 42.70431], [-8.25988, 42.70436], [-8.26, 42.70432], [-8.26004, 42.7044], [-8.26013, 42.70437], [-8.26018, 42.70445], [-8.26014, 42.70448], [-8.26019, 42.70457]]]}}, {"type": "Feature", "properties": {"area_ha": 0.041, "dist_km": 1.463, "node": "SILLEDA 400", "node_mw": 542, "osm_id": 275483246, "municipio": "Silleda"}, "geometry": {"type": "Polygon", "coordinates": [[[-8.26034, 42.70444], [-8.26022, 42.70425], [-8.26041, 42.70418], [-8.26053, 42.70438], [-8.26034, 42.70444]]]}}, {"type": "Feature", "properties": {"area_ha": 0.039, "dist_km": 1.456, "node": "SILLEDA 400", "node_mw": 542, "osm_id": 275483247, "municipio": "Silleda"}, "geometry": {"type": "Polygon", "coordinates": [[[-8.25936, 42.70516], [-8.25924, 42.70507], [-8.25948, 42.70488], [-8.2596, 42.70497], [-8.25936, 42.70516]]]}}, {"type": "Feature", "properties": {"area_ha": 1.374, "dist_km": 1.698, "node": "SILLEDA 400", "node_mw": 542, "osm_id": 277143701, "municipio": "Silleda"}, "geometry": {"type": "Polygon", "coordinates": [[[-8.22502, 42.69525], [-8.22745, 42.69431], [-8.22768, 42.69464], [-8.22715, 42.69484], [-8.22721, 42.69492], [-8.22524, 42.69568], [-8.22518, 42.6956], [-8.22474, 42.69577], [-8.22459, 42.69556], [-8.22445, 42.69553], [-8.22453, 42.69513], [-8.22502, 42.69525]]]}}, {"type": "Feature", "properties": {"area_ha": 0.161, "dist_km": 1.636, "node": "SILLEDA 400", "node_mw": 542, "osm_id": 277145859, "municipio": "Silleda"}, "geometry": {"type": "Polygon", "coordinates": [[[-8.22694, 42.69319], [-8.22685, 42.69314], [-8.22689, 42.69311], [-8.2265, 42.69285], [-8.22676, 42.69264], [-8.22718, 42.69292], [-8.22706, 42.69302], [-8.22711, 42.69305], [-8.22694, 42.69319]]]}}, {"type": "Feature", "properties": {"area_ha": 0.133, "dist_km": 1.862, "node": "ANTAS 400", "node_mw": 548, "osm_id": 322249234, "municipio": "Antas"}, "geometry": {"type": "Polygon", "coordinates": [[[-1.93837, 37.24773], [-1.93819, 37.24744], [-1.93858, 37.2473], [-1.93875, 37.24759], [-1.93837, 37.24773]]]}}, {"type": "Feature", "properties": {"area_ha": 0.311, "dist_km": 0.887, "node": "ANTAS 400", "node_mw": 548, "osm_id": 328235758, "municipio": "Antas"}, "geometry": {"type": "Polygon", "coordinates": [[[-1.91256, 37.2527], [-1.91265, 37.25211], [-1.91317, 37.25217], [-1.91308, 37.25276], [-1.91256, 37.2527]]]}}, {"type": "Feature", "properties": {"area_ha": 0.198, "dist_km": 2.548, "node": "ANTAS 400", "node_mw": 548, "osm_id": 1089499622, "municipio": "Antas"}, "geometry": {"type": "Polygon", "coordinates": [[[-1.89334, 37.25702], [-1.8929, 37.25696], [-1.89288, 37.25709], [-1.89282, 37.25708], [-1.89285, 37.25699], [-1.8928, 37.25697], [-1.89271, 37.25732], [-1.89276, 37.25733], [-1.89277, 37.25726], [-1.89282, 37.25728], [-1.8928, 37.25733], [-1.89327, 37.2574], [-1.89334, 37.25702]]]}}, {"type": "Feature", "properties": {"area_ha": 0.914, "dist_km": 2.695, "node": "ANTAS 400", "node_mw": 548, "osm_id": 1089499623, "municipio": "Antas"}, "geometry": {"type": "Polygon", "coordinates": [[[-1.89101, 37.25677], [-1.89095, 37.25674], [-1.89043, 37.25652], [-1.89027, 37.25652], [-1.88994, 37.25652], [-1.8899, 37.25652], [-1.88987, 37.25625], [-1.88982, 37.256], [-1.88985, 37.256], [-1.88993, 37.25599], [-1.88992, 37.25594], [-1.88991, 37.25589], [-1.88991, 37.25584], [-1.88989, 37.25583], [-1.88985, 37.25583], [-1.88982, 37.25581], [-1.88982, 37.25578], [-1.88982, 37.25571], [-1.89052, 37.25575], [-1.89059, 37.25579], [-1.89066, 37.25581], [-1.89073, 37.2558], [-1.89084, 37.25576], [-1.89096, 37.25568], [-1.89097, 37.25626], [-1.89101, 37.25677]]]}}, {"type": "Feature", "properties": {"area_ha": 1.917, "dist_km": 1.416, "node": "SILLEDA 400", "node_mw": 542, "osm_id": 1109698018, "municipio": "Silleda"}, "geometry": {"type": "Polygon", "coordinates": [[[-8.24291, 42.68443], [-8.24405, 42.68413], [-8.24404, 42.68406], [-8.24389, 42.6836], [-8.2436, 42.68354], [-8.24283, 42.68266], [-8.24277, 42.68268], [-8.24254, 42.68283], [-8.24221, 42.68308], [-8.24197, 42.68321], [-8.24186, 42.68341], [-8.24211, 42.6837], [-8.24245, 42.68404], [-8.24277, 42.68432], [-8.24291, 42.68443]]]}}, {"type": "Feature", "properties": {"area_ha": 0.686, "dist_km": 1.423, "node": "SILLEDA 400", "node_mw": 542, "osm_id": 1109698020, "municipio": "Silleda"}, "geometry": {"type": "Polygon", "coordinates": [[[-8.24205, 42.68329], [-8.24225, 42.68351], [-8.24212, 42.68358], [-8.24218, 42.68364], [-8.24231, 42.68358], [-8.24238, 42.68366], [-8.24229, 42.6837], [-8.24242, 42.68386], [-8.24284, 42.68365], [-8.24292, 42.68374], [-8.24346, 42.68348], [-8.24291, 42.68287], [-8.24205, 42.68329]]]}}, {"type": "Feature", "properties": {"area_ha": 0.013, "dist_km": 2.977, "node": "ANTAS 400", "node_mw": 548, "osm_id": 1112526556, "municipio": "Antas"}, "geometry": {"type": "Polygon", "coordinates": [[[-1.88693, 37.23463], [-1.88675, 37.23466], [-1.88673, 37.23459], [-1.88691, 37.23456], [-1.88693, 37.23463]]]}}, {"type": "Feature", "properties": {"area_ha": 0.015, "dist_km": 2.753, "node": "ANTAS 400", "node_mw": 548, "osm_id": 1113016141, "municipio": "Antas"}, "geometry": {"type": "Polygon", "coordinates": [[[-1.88678, 37.24807], [-1.88667, 37.24815], [-1.88659, 37.24807], [-1.8867, 37.248], [-1.88678, 37.24807]]]}}, {"type": "Feature", "properties": {"area_ha": 0.012, "dist_km": 2.709, "node": "ANTAS 400", "node_mw": 548, "osm_id": 1113016180, "municipio": "Antas"}, "geometry": {"type": "Polygon", "coordinates": [[[-1.88978, 37.25535], [-1.88952, 37.25535], [-1.88952, 37.2553], [-1.88978, 37.2553], [-1.88978, 37.25535]]]}}, {"type": "Feature", "properties": {"area_ha": 0.016, "dist_km": 2.533, "node": "ANTAS 400", "node_mw": 548, "osm_id": 1113016232, "municipio": "Antas"}, "geometry": {"type": "Polygon", "coordinates": [[[-1.88989, 37.25098], [-1.88987, 37.25099], [-1.88977, 37.25095], [-1.88974, 37.25084], [-1.88984, 37.25082], [-1.88986, 37.25084], [-1.88989, 37.25098]]]}}, {"type": "Feature", "properties": {"area_ha": 0.053, "dist_km": 2.906, "node": "ANTAS 400", "node_mw": 548, "osm_id": 1113016239, "municipio": "Antas"}, "geometry": {"type": "Polygon", "coordinates": [[[-1.8873, 37.25499], [-1.88708, 37.25532], [-1.88696, 37.25527], [-1.88718, 37.25494], [-1.8873, 37.25499]]]}}, {"type": "Feature", "properties": {"area_ha": 0.018, "dist_km": 2.892, "node": "ANTAS 400", "node_mw": 548, "osm_id": 1113016240, "municipio": "Antas"}, "geometry": {"type": "Polygon", "coordinates": [[[-1.88749, 37.25524], [-1.88738, 37.25541], [-1.8873, 37.25537], [-1.88741, 37.25521], [-1.88749, 37.25524]]]}}, {"type": "Feature", "properties": {"area_ha": 0.005, "dist_km": 2.746, "node": "ANTAS 400", "node_mw": 548, "osm_id": 1113016265, "municipio": "Antas"}, "geometry": {"type": "Polygon", "coordinates": [[[-1.88973, 37.23466], [-1.88967, 37.23469], [-1.88961, 37.23463], [-1.88967, 37.2346], [-1.88973, 37.23466]]]}}, {"type": "Feature", "properties": {"area_ha": 0.025, "dist_km": 2.724, "node": "ANTAS 400", "node_mw": 548, "osm_id": 1113016266, "municipio": "Antas"}, "geometry": {"type": "Polygon", "coordinates": [[[-1.88992, 37.2349], [-1.88981, 37.23497], [-1.88968, 37.23501], [-1.88963, 37.23493], [-1.88988, 37.23484], [-1.88992, 37.2349]]]}}, {"type": "Feature", "properties": {"area_ha": 0.003, "dist_km": 2.75, "node": "ANTAS 400", "node_mw": 548, "osm_id": 1113016267, "municipio": "Antas"}, "geometry": {"type": "Polygon", "coordinates": [[[-1.88932, 37.23525], [-1.88923, 37.23528], [-1.88922, 37.23525], [-1.8893, 37.23523], [-1.88932, 37.23525]]]}}, {"type": "Feature", "properties": {"area_ha": 0.016, "dist_km": 2.789, "node": "ANTAS 400", "node_mw": 548, "osm_id": 1113016270, "municipio": "Antas"}, "geometry": {"type": "Polygon", "coordinates": [[[-1.8882, 37.25423], [-1.8882, 37.25423], [-1.8882, 37.25432], [-1.88802, 37.25432], [-1.88802, 37.25423], [-1.8882, 37.25423]]]}}, {"type": "Feature", "properties": {"area_ha": 0.007, "dist_km": 2.775, "node": "ANTAS 400", "node_mw": 548, "osm_id": 1113016271, "municipio": "Antas"}, "geometry": {"type": "Polygon", "coordinates": [[[-1.88827, 37.25406], [-1.88826, 37.25413], [-1.88815, 37.25412], [-1.88816, 37.25405], [-1.88827, 37.25406]]]}}, {"type": "Feature", "properties": {"area_ha": 0.145, "dist_km": 2.89, "node": "SILLEDA 400", "node_mw": 542, "osm_id": 1326289884, "municipio": "Silleda"}, "geometry": {"type": "Polygon", "coordinates": [[[-8.27521, 42.71081], [-8.27556, 42.71096], [-8.27594, 42.71074], [-8.27576, 42.7105], [-8.27521, 42.71081]]]}}, {"type": "Feature", "properties": {"area_ha": 1.245, "dist_km": 1.447, "node": "SILLEDA 400", "node_mw": 542, "osm_id": 1393256524, "municipio": "Silleda"}, "geometry": {"type": "Polygon", "coordinates": [[[-8.25916, 42.70532], [-8.25908, 42.70512], [-8.25904, 42.70499], [-8.25903, 42.70493], [-8.25889, 42.70448], [-8.25891, 42.70448], [-8.25918, 42.70437], [-8.25992, 42.70415], [-8.26027, 42.70409], [-8.2605, 42.70407], [-8.26075, 42.70405], [-8.26083, 42.7042], [-8.26078, 42.70433], [-8.26068, 42.70443], [-8.26003, 42.70484], [-8.25959, 42.70526], [-8.25926, 42.70547], [-8.25916, 42.70532]]]}}, {"type": "Feature", "properties": {"area_ha": 0.407, "dist_km": 1.89, "node": "SILLEDA 400", "node_mw": 542, "osm_id": 1460575711, "municipio": "Silleda"}, "geometry": {"type": "Polygon", "coordinates": [[[-8.22313, 42.69406], [-8.22362, 42.69417], [-8.22357, 42.6943], [-8.22414, 42.69442], [-8.22403, 42.69471], [-8.22356, 42.6946], [-8.22352, 42.6947], [-8.22305, 42.6946], [-8.22308, 42.69452], [-8.22296, 42.69449], [-8.22313, 42.69406]]]}}, {"type": "Feature", "properties": {"area_ha": 0.074, "dist_km": 1.891, "node": "SILLEDA 400", "node_mw": 542, "osm_id": 1460575712, "municipio": "Silleda"}, "geometry": {"type": "Polygon", "coordinates": [[[-8.22372, 42.69245], [-8.22359, 42.69264], [-8.22394, 42.69277], [-8.22407, 42.69258], [-8.22372, 42.69245]]]}}, {"type": "Feature", "properties": {"area_ha": 0.067, "dist_km": 1.896, "node": "SILLEDA 400", "node_mw": 542, "osm_id": 1460575713, "municipio": "Silleda"}, "geometry": {"type": "Polygon", "coordinates": [[[-8.22385, 42.69296], [-8.22396, 42.69281], [-8.22357, 42.69266], [-8.22347, 42.69282], [-8.22385, 42.69296]]]}}, {"type": "Feature", "properties": {"area_ha": 0.106, "dist_km": 1.904, "node": "SILLEDA 400", "node_mw": 542, "osm_id": 1460575714, "municipio": "Silleda"}, "geometry": {"type": "Polygon", "coordinates": [[[-8.22376, 42.69321], [-8.2239, 42.693], [-8.22345, 42.69284], [-8.22331, 42.69304], [-8.22334, 42.69306], [-8.22376, 42.69321]]]}}, {"type": "Feature", "properties": {"area_ha": 0.095, "dist_km": 1.9, "node": "SILLEDA 400", "node_mw": 542, "osm_id": 1460575715, "municipio": "Silleda"}, "geometry": {"type": "Polygon", "coordinates": [[[-8.22334, 42.69306], [-8.22322, 42.69323], [-8.22369, 42.69341], [-8.22381, 42.69323], [-8.22376, 42.69321], [-8.22334, 42.69306]]]}}, {"type": "Feature", "properties": {"area_ha": 0.455, "dist_km": 1.624, "node": "SILLEDA 400", "node_mw": 542, "osm_id": 1531205138, "municipio": "Silleda"}, "geometry": {"type": "Polygon", "coordinates": [[[-8.26342, 42.68703], [-8.26292, 42.68692], [-8.26259, 42.68773], [-8.26268, 42.68775], [-8.26263, 42.68788], [-8.2627, 42.68789], [-8.26268, 42.68792], [-8.26287, 42.68796], [-8.26288, 42.68794], [-8.26298, 42.68796], [-8.26303, 42.68784], [-8.26309, 42.68785], [-8.26342, 42.68703]]]}}, {"type": "Feature", "properties": {"area_ha": 0.046, "dist_km": 1.679, "node": "SILLEDA 400", "node_mw": 542, "osm_id": 1531205139, "municipio": "Silleda"}, "geometry": {"type": "Polygon", "coordinates": [[[-8.26362, 42.68762], [-8.2633, 42.68755], [-8.26336, 42.6874], [-8.26368, 42.68747], [-8.26362, 42.68762]]]}}, {"type": "Feature", "properties": {"area_ha": 0.265, "dist_km": 1.476, "node": "SILLEDA 400", "node_mw": 542, "osm_id": 1531205140, "municipio": "Silleda"}, "geometry": {"type": "Polygon", "coordinates": [[[-8.26045, 42.68752], [-8.26028, 42.68762], [-8.25917, 42.68654], [-8.25934, 42.68644], [-8.26045, 42.68752]]]}}, {"type": "Feature", "properties": {"area_ha": 0.013, "dist_km": 1.464, "node": "SILLEDA 400", "node_mw": 542, "osm_id": 1531205141, "municipio": "Silleda"}, "geometry": {"type": "Polygon", "coordinates": [[[-8.25921, 42.68668], [-8.25912, 42.68673], [-8.25901, 42.68663], [-8.2591, 42.68658], [-8.25921, 42.68668]]]}}, {"type": "Feature", "properties": {"area_ha": 1.055, "dist_km": 0.645, "node": "IZNALLOZ 400", "node_mw": 514, "osm_id": 309612974, "municipio": "Iznalloz"}, "geometry": {"type": "Polygon", "coordinates": [[[-3.52987, 37.39822], [-3.52952, 37.39851], [-3.52982, 37.39876], [-3.53022, 37.39853], [-3.53029, 37.39822], [-3.53068, 37.39825], [-3.53073, 37.3978], [-3.53081, 37.39733], [-3.53021, 37.39722], [-3.5299, 37.39731], [-3.52987, 37.39822]]]}}, {"type": "Feature", "properties": {"area_ha": 10.378, "dist_km": 1.506, "node": "CAÑAVERAL 400", "node_mw": 524, "osm_id": 404407010, "municipio": "Cañaveral"}, "geometry": {"type": "Polygon", "coordinates": [[[-6.37424, 39.79591], [-6.37279, 39.79622], [-6.3725, 39.79523], [-6.37292, 39.79433], [-6.37234, 39.79377], [-6.37172, 39.79339], [-6.3723, 39.79198], [-6.3738, 39.79197], [-6.37397, 39.79223], [-6.37519, 39.79211], [-6.37523, 39.79237], [-6.37534, 39.79295], [-6.37453, 39.79443], [-6.37484, 39.79496], [-6.37546, 39.79636], [-6.37481, 39.79657], [-6.37424, 39.79591]]]}}, {"type": "Feature", "properties": {"area_ha": 0.177, "dist_km": 1.819, "node": "IZNALLOZ 400", "node_mw": 514, "osm_id": 422145162, "municipio": "Iznalloz"}, "geometry": {"type": "Polygon", "coordinates": [[[-3.513, 37.40387], [-3.51299, 37.40373], [-3.51293, 37.40354], [-3.51236, 37.40368], [-3.51243, 37.40378], [-3.51245, 37.40382], [-3.51246, 37.40388], [-3.51245, 37.40403], [-3.51252, 37.40403], [-3.51258, 37.40397], [-3.51266, 37.40393], [-3.51274, 37.4039], [-3.51286, 37.40387], [-3.513, 37.40387]]]}}, {"type": "Feature", "properties": {"area_ha": 0.67, "dist_km": 1.425, "node": "IZNALLOZ 400", "node_mw": 514, "osm_id": 457127796, "municipio": "Iznalloz"}, "geometry": {"type": "Polygon", "coordinates": [[[-3.51199, 37.38771], [-3.51193, 37.38741], [-3.51234, 37.38736], [-3.51245, 37.38751], [-3.51277, 37.38759], [-3.51278, 37.38745], [-3.5134, 37.38763], [-3.51362, 37.3877], [-3.51339, 37.38816], [-3.51199, 37.38771]]]}}, {"type": "Feature", "properties": {"area_ha": 0.341, "dist_km": 1.141, "node": "IZNALLOZ 400", "node_mw": 514, "osm_id": 457234344, "municipio": "Iznalloz"}, "geometry": {"type": "Polygon", "coordinates": [[[-3.51542, 37.38991], [-3.51559, 37.389], [-3.51521, 37.38888], [-3.51509, 37.38985], [-3.51542, 37.38991]]]}}, {"type": "Feature", "properties": {"area_ha": 1.195, "dist_km": 1.183, "node": "IZNALLOZ 400", "node_mw": 514, "osm_id": 457234375, "municipio": "Iznalloz"}, "geometry": {"type": "Polygon", "coordinates": [[[-3.51467, 37.39273], [-3.51501, 37.393], [-3.51498, 37.39352], [-3.5147, 37.39349], [-3.51444, 37.39345], [-3.51384, 37.39333], [-3.5132, 37.39318], [-3.51332, 37.39269], [-3.51394, 37.39284], [-3.51411, 37.39231], [-3.51467, 37.39273]]]}}, {"type": "Feature", "properties": {"area_ha": 0.267, "dist_km": 1.265, "node": "IZNALLOZ 400", "node_mw": 514, "osm_id": 457234376, "municipio": "Iznalloz"}, "geometry": {"type": "Polygon", "coordinates": [[[-3.51341, 37.39239], [-3.51355, 37.39182], [-3.5132, 37.39154], [-3.51304, 37.39234], [-3.51341, 37.39239]]]}}, {"type": "Feature", "properties": {"area_ha": 7.026, "dist_km": 3.129, "node": "IZNALLOZ 400", "node_mw": 514, "osm_id": 674372828, "municipio": "Iznalloz"}, "geometry": {"type": "Polygon", "coordinates": [[[-3.56161, 37.40506], [-3.56177, 37.40459], [-3.55859, 37.40297], [-3.55721, 37.40336], [-3.55953, 37.40618], [-3.56161, 37.40506]]]}}, {"type": "Feature", "properties": {"area_ha": 0.039, "dist_km": 0.344, "node": "CAÑAVERAL 400", "node_mw": 524, "osm_id": 1354511918, "municipio": "Cañaveral"}, "geometry": {"type": "Polygon", "coordinates": [[[-6.39159, 39.78894], [-6.39155, 39.78882], [-6.39124, 39.78887], [-6.39129, 39.789], [-6.39159, 39.78894]]]}}, {"type": "Feature", "properties": {"area_ha": 0.051, "dist_km": 0.36, "node": "CAÑAVERAL 400", "node_mw": 524, "osm_id": 1354511919, "municipio": "Cañaveral"}, "geometry": {"type": "Polygon", "coordinates": [[[-6.39155, 39.78882], [-6.39148, 39.78865], [-6.39118, 39.78871], [-6.39124, 39.78887], [-6.39155, 39.78882]]]}}, {"type": "Feature", "properties": {"area_ha": 0.006, "dist_km": 0.368, "node": "CAÑAVERAL 400", "node_mw": 524, "osm_id": 1354511920, "municipio": "Cañaveral"}, "geometry": {"type": "Polygon", "coordinates": [[[-6.39155, 39.78875], [-6.39161, 39.78874], [-6.39152, 39.78864], [-6.39148, 39.78865], [-6.39155, 39.78875]]]}}, {"type": "Feature", "properties": {"area_ha": 9.42, "dist_km": 1.239, "node": "FUENTE DEL MAESTRE 400", "node_mw": 510, "osm_id": 451771528, "municipio": "Fuente Del Maestre"}, "geometry": {"type": "Polygon", "coordinates": [[[-6.43459, 38.52986], [-6.43409, 38.52983], [-6.43185, 38.52979], [-6.43169, 38.5295], [-6.43169, 38.52676], [-6.43345, 38.52666], [-6.43476, 38.52682], [-6.43522, 38.52685], [-6.43494, 38.52771], [-6.43478, 38.52832], [-6.43459, 38.52986]]]}}, {"type": "Feature", "properties": {"area_ha": 0.661, "dist_km": 1.306, "node": "FUENTE DEL MAESTRE 400", "node_mw": 510, "osm_id": 451771534, "municipio": "Fuente Del Maestre"}, "geometry": {"type": "Polygon", "coordinates": [[[-6.43316, 38.52932], [-6.43281, 38.52933], [-6.43281, 38.52925], [-6.43276, 38.52925], [-6.43275, 38.52816], [-6.43347, 38.52815], [-6.43348, 38.52874], [-6.43322, 38.52874], [-6.43322, 38.52925], [-6.43316, 38.52925], [-6.43316, 38.52932]]]}}, {"type": "Feature", "properties": {"area_ha": 0.057, "dist_km": 0.584, "node": "FUENTE DEL MAESTRE 400", "node_mw": 510, "osm_id": 1309008433, "municipio": "Fuente Del Maestre"}, "geometry": {"type": "Polygon", "coordinates": [[[-6.44642, 38.5216], [-6.44622, 38.52165], [-6.4461, 38.52139], [-6.4463, 38.52133], [-6.44642, 38.5216]]]}}, {"type": "Feature", "properties": {"area_ha": 0.236, "dist_km": 0.716, "node": "FUENTE DEL MAESTRE 400", "node_mw": 510, "osm_id": 1309008461, "municipio": "Fuente Del Maestre"}, "geometry": {"type": "Polygon", "coordinates": [[[-6.44992, 38.52068], [-6.45007, 38.52047], [-6.44987, 38.52042], [-6.44991, 38.52034], [-6.44996, 38.52035], [-6.45001, 38.52025], [-6.45011, 38.52004], [-6.4498, 38.51992], [-6.44953, 38.52043], [-6.4497, 38.5205], [-6.44965, 38.52061], [-6.44992, 38.52068]]]}}, {"type": "Feature", "properties": {"area_ha": 0.001, "dist_km": 0.717, "node": "FUENTE DEL MAESTRE 400", "node_mw": 510, "osm_id": 1309008462, "municipio": "Fuente Del Maestre"}, "geometry": {"type": "Polygon", "coordinates": [[[-6.44992, 38.52036], [-6.44992, 38.52037], [-6.44992, 38.52037], [-6.44992, 38.52038], [-6.44992, 38.52038], [-6.44993, 38.52038], [-6.44993, 38.52038], [-6.44994, 38.52038], [-6.44995, 38.52038], [-6.44995, 38.52038], [-6.44995, 38.52038], [-6.44996, 38.52037], [-6.44995, 38.52037], [-6.44995, 38.52036], [-6.44995, 38.52036], [-6.44994, 38.52036], [-6.44994, 38.52036], [-6.44993, 38.52036], [-6.44993, 38.52036], [-6.44992, 38.52036]]]}}, {"type": "Feature", "properties": {"area_ha": 0.023, "dist_km": 0.949, "node": "FUENTE DEL MAESTRE 400", "node_mw": 510, "osm_id": 1309008473, "municipio": "Fuente Del Maestre"}, "geometry": {"type": "Polygon", "coordinates": [[[-6.45019, 38.51838], [-6.45027, 38.51818], [-6.45018, 38.51815], [-6.45008, 38.51836], [-6.45019, 38.51838]]]}}, {"type": "Feature", "properties": {"area_ha": 0.023, "dist_km": 0.972, "node": "FUENTE DEL MAESTRE 400", "node_mw": 510, "osm_id": 1309008474, "municipio": "Fuente Del Maestre"}, "geometry": {"type": "Polygon", "coordinates": [[[-6.4505, 38.51823], [-6.45059, 38.51805], [-6.45047, 38.51802], [-6.45038, 38.51818], [-6.4505, 38.51823]]]}}, {"type": "Feature", "properties": {"area_ha": 0.908, "dist_km": 2.248, "node": "CARTAMA 400", "node_mw": 488, "osm_id": 38095884, "municipio": "Cartama"}, "geometry": {"type": "Polygon", "coordinates": [[[-4.61762, 36.73309], [-4.61771, 36.73378], [-4.61778, 36.73384], [-4.61804, 36.73383], [-4.61807, 36.73411], [-4.61868, 36.73408], [-4.61866, 36.73379], [-4.6188, 36.73378], [-4.61879, 36.73349], [-4.61859, 36.7335], [-4.61855, 36.73307], [-4.61762, 36.73309]]]}}, {"type": "Feature", "properties": {"area_ha": 2.985, "dist_km": 1.702, "node": "CARTAMA 400", "node_mw": 488, "osm_id": 242436830, "municipio": "Cartama"}, "geometry": {"type": "Polygon", "coordinates": [[[-4.60887, 36.73654], [-4.60874, 36.73662], [-4.60861, 36.73671], [-4.60828, 36.73678], [-4.60799, 36.73682], [-4.60787, 36.7368], [-4.60784, 36.73645], [-4.60781, 36.73594], [-4.60781, 36.73571], [-4.6078, 36.73551], [-4.60779, 36.73431], [-4.60814, 36.73422], [-4.60866, 36.73406], [-4.60914, 36.73449], [-4.60898, 36.73586], [-4.60885, 36.73619], [-4.60887, 36.73654]]]}}, {"type": "Feature", "properties": {"area_ha": 0.14, "dist_km": 2.867, "node": "CARTAMA 400", "node_mw": 488, "osm_id": 270367819, "municipio": "Cartama"}, "geometry": {"type": "Polygon", "coordinates": [[[-4.61716, 36.72704], [-4.61681, 36.72714], [-4.61665, 36.7268], [-4.617, 36.72669], [-4.61716, 36.72704]]]}}, {"type": "Feature", "properties": {"area_ha": 0.047, "dist_km": 2.327, "node": "CARTAMA 400", "node_mw": 488, "osm_id": 457898725, "municipio": "Cartama"}, "geometry": {"type": "Polygon", "coordinates": [[[-4.61104, 36.73038], [-4.61109, 36.7306], [-4.61088, 36.73063], [-4.61083, 36.73041], [-4.61104, 36.73038]]]}}, {"type": "Feature", "properties": {"area_ha": 0.102, "dist_km": 2.324, "node": "CARTAMA 400", "node_mw": 488, "osm_id": 457898726, "municipio": "Cartama"}, "geometry": {"type": "Polygon", "coordinates": [[[-4.61138, 36.73077], [-4.61115, 36.73081], [-4.61104, 36.73038], [-4.61127, 36.73034], [-4.61138, 36.73077]]]}}, {"type": "Feature", "properties": {"area_ha": 0.021, "dist_km": 2.491, "node": "CIUDAD RODRIGO 400", "node_mw": 486, "osm_id": 567498012, "municipio": "Ciudad Rodrigo"}, "geometry": {"type": "Polygon", "coordinates": [[[-6.5673, 40.661], [-6.56735, 40.66108], [-6.56709, 40.66117], [-6.56705, 40.66109], [-6.56723, 40.66103], [-6.5673, 40.661]]]}}, {"type": "Feature", "properties": {"area_ha": 0.024, "dist_km": 2.419, "node": "CIUDAD RODRIGO 400", "node_mw": 486, "osm_id": 1025480625, "municipio": "Ciudad Rodrigo"}, "geometry": {"type": "Polygon", "coordinates": [[[-6.56653, 40.66058], [-6.56649, 40.66055], [-6.56653, 40.66051], [-6.56663, 40.66058], [-6.56674, 40.6605], [-6.56682, 40.66059], [-6.56672, 40.66066], [-6.56668, 40.66063], [-6.56664, 40.66065], [-6.56653, 40.66058]]]}}, {"type": "Feature", "properties": {"area_ha": 0.029, "dist_km": 2.392, "node": "CIUDAD RODRIGO 400", "node_mw": 486, "osm_id": 1025480626, "municipio": "Ciudad Rodrigo"}, "geometry": {"type": "Polygon", "coordinates": [[[-6.5664, 40.66049], [-6.56633, 40.6604], [-6.56646, 40.66035], [-6.56645, 40.66033], [-6.56657, 40.66028], [-6.56665, 40.66037], [-6.5664, 40.66049]]]}}, {"type": "Feature", "properties": {"area_ha": 0.016, "dist_km": 2.478, "node": "CIUDAD RODRIGO 400", "node_mw": 486, "osm_id": 1025480633, "municipio": "Ciudad Rodrigo"}, "geometry": {"type": "Polygon", "coordinates": [[[-6.56723, 40.66103], [-6.56712, 40.66087], [-6.56719, 40.66084], [-6.5672, 40.66085], [-6.56731, 40.661], [-6.5673, 40.661], [-6.56723, 40.66103]]]}}, {"type": "Feature", "properties": {"area_ha": 0.646, "dist_km": 3.027, "node": "CARTAMA 400", "node_mw": 488, "osm_id": 1037838611, "municipio": "Cartama"}, "geometry": {"type": "Polygon", "coordinates": [[[-4.58, 36.73324], [-4.58002, 36.73317], [-4.57983, 36.73306], [-4.57956, 36.73298], [-4.57945, 36.73296], [-4.57901, 36.73295], [-4.5788, 36.733], [-4.57795, 36.73343], [-4.57794, 36.73353], [-4.57796, 36.73357], [-4.57959, 36.7333], [-4.57965, 36.73326], [-4.5797, 36.73325], [-4.57975, 36.73324], [-4.57983, 36.73327], [-4.58, 36.73324]]]}}, {"type": "Feature", "properties": {"area_ha": 7.263, "dist_km": 0.931, "node": "CARTAMA 400", "node_mw": 488, "osm_id": 1216895536, "municipio": "Cartama"}, "geometry": {"type": "Polygon", "coordinates": [[[-4.60398, 36.74046], [-4.60477, 36.74111], [-4.60475, 36.74174], [-4.60491, 36.74255], [-4.6053, 36.74326], [-4.60565, 36.7436], [-4.60566, 36.74407], [-4.6063, 36.74485], [-4.60634, 36.74523], [-4.60434, 36.74497], [-4.60437, 36.74465], [-4.6044, 36.74355], [-4.60393, 36.74322], [-4.60324, 36.7431], [-4.60323, 36.74244], [-4.60289, 36.74206], [-4.60299, 36.74175], [-4.60325, 36.74137], [-4.60332, 36.74105], [-4.60328, 36.74064], [-4.60323, 36.74033], [-4.60352, 36.74012], [-4.60398, 36.74046]]]}}, {"type": "Feature", "properties": {"area_ha": 3.832, "dist_km": 1.101, "node": "CARTAMA 400", "node_mw": 488, "osm_id": 1216895540, "municipio": "Cartama"}, "geometry": {"type": "Polygon", "coordinates": [[[-4.60114, 36.74132], [-4.6015, 36.74296], [-4.60052, 36.74289], [-4.6003, 36.74117], [-4.6005, 36.74119], [-4.6006, 36.7412], [-4.60114, 36.73999], [-4.6031, 36.74084], [-4.60307, 36.74125], [-4.60284, 36.74157], [-4.60114, 36.74132]]]}}, {"type": "Feature", "properties": {"area_ha": 0.046, "dist_km": 2.9, "node": "CARTAMA 400", "node_mw": 488, "osm_id": 1220023963, "municipio": "Cartama"}, "geometry": {"type": "Polygon", "coordinates": [[[-4.57533, 36.74046], [-4.57536, 36.74047], [-4.5753, 36.74057], [-4.57523, 36.74055], [-4.57525, 36.74051], [-4.57514, 36.74048], [-4.57526, 36.74025], [-4.57533, 36.74028], [-4.57541, 36.7403], [-4.57533, 36.74046]]]}}, {"type": "Feature", "properties": {"area_ha": 0.002, "dist_km": 2.894, "node": "CARTAMA 400", "node_mw": 488, "osm_id": 1220023964, "municipio": "Cartama"}, "geometry": {"type": "Polygon", "coordinates": [[[-4.57549, 36.74025], [-4.57546, 36.7403], [-4.57542, 36.74029], [-4.57545, 36.74024], [-4.57549, 36.74025]]]}}, {"type": "Feature", "properties": {"area_ha": 0.026, "dist_km": 2.861, "node": "CARTAMA 400", "node_mw": 488, "osm_id": 1220023965, "municipio": "Cartama"}, "geometry": {"type": "Polygon", "coordinates": [[[-4.57557, 36.7406], [-4.57566, 36.74054], [-4.57573, 36.7405], [-4.57575, 36.74051], [-4.57581, 36.74061], [-4.57568, 36.74069], [-4.57559, 36.74067], [-4.57562, 36.74065], [-4.57557, 36.7406]]]}}, {"type": "Feature", "properties": {"area_ha": 0.003, "dist_km": 2.848, "node": "CARTAMA 400", "node_mw": 488, "osm_id": 1220023966, "municipio": "Cartama"}, "geometry": {"type": "Polygon", "coordinates": [[[-4.57574, 36.74069], [-4.57578, 36.74064], [-4.57582, 36.74065], [-4.57582, 36.74066], [-4.57581, 36.74067], [-4.5758, 36.74071], [-4.57574, 36.74069]]]}}, {"type": "Feature", "properties": {"area_ha": 0.003, "dist_km": 2.406, "node": "CARTAMA 400", "node_mw": 488, "osm_id": 1220024114, "municipio": "Cartama"}, "geometry": {"type": "Polygon", "coordinates": [[[-4.57827, 36.74821], [-4.57832, 36.7482], [-4.57834, 36.74825], [-4.57829, 36.74826], [-4.57827, 36.74821]]]}}, {"type": "Feature", "properties": {"area_ha": 0.004, "dist_km": 2.129, "node": "CARTAMA 400", "node_mw": 488, "osm_id": 1220024437, "municipio": "Cartama"}, "geometry": {"type": "Polygon", "coordinates": [[[-4.58258, 36.74439], [-4.5826, 36.74434], [-4.58268, 36.74438], [-4.58265, 36.74442], [-4.58258, 36.74439]]]}}, {"type": "Feature", "properties": {"area_ha": 0.011, "dist_km": 2.769, "node": "CARTAMA 400", "node_mw": 488, "osm_id": 1220027752, "municipio": "Cartama"}, "geometry": {"type": "Polygon", "coordinates": [[[-4.57735, 36.76214], [-4.57722, 36.76206], [-4.57726, 36.76201], [-4.57731, 36.76205], [-4.57732, 36.76203], [-4.57741, 36.76208], [-4.57735, 36.76214]]]}}, {"type": "Feature", "properties": {"area_ha": 0.033, "dist_km": 0.979, "node": "CIUDAD RODRIGO 400", "node_mw": 486, "osm_id": 1226028038, "municipio": "Ciudad Rodrigo"}, "geometry": {"type": "Polygon", "coordinates": [[[-6.56242, 40.64478], [-6.56232, 40.6448], [-6.5623, 40.64475], [-6.56216, 40.64478], [-6.56216, 40.64477], [-6.56212, 40.64467], [-6.56217, 40.64466], [-6.56236, 40.64462], [-6.56242, 40.64478]]]}}, {"type": "Feature", "properties": {"area_ha": 0.074, "dist_km": 1.547, "node": "CIUDAD RODRIGO 400", "node_mw": 486, "osm_id": 1226028042, "municipio": "Ciudad Rodrigo"}, "geometry": {"type": "Polygon", "coordinates": [[[-6.55409, 40.62834], [-6.55401, 40.62842], [-6.55395, 40.62837], [-6.55389, 40.62842], [-6.55393, 40.62845], [-6.55388, 40.62848], [-6.55384, 40.62845], [-6.55372, 40.62855], [-6.55365, 40.62861], [-6.55383, 40.62871], [-6.55385, 40.62872], [-6.55386, 40.6287], [-6.55387, 40.62868], [-6.55386, 40.62867], [-6.5539, 40.62863], [-6.5538, 40.62857], [-6.55386, 40.62852], [-6.55396, 40.62859], [-6.55396, 40.62867], [-6.55392, 40.62871], [-6.55387, 40.62879], [-6.55357, 40.62861], [-6.55367, 40.62851], [-6.55365, 40.6285], [-6.55399, 40.62825], [-6.554, 40.62827], [-6.55409, 40.62834]]]}}, {"type": "Feature", "properties": {"area_ha": 0.022, "dist_km": 1.601, "node": "CIUDAD RODRIGO 400", "node_mw": 486, "osm_id": 1226028045, "municipio": "Ciudad Rodrigo"}, "geometry": {"type": "Polygon", "coordinates": [[[-6.55492, 40.62814], [-6.55478, 40.62828], [-6.55467, 40.62822], [-6.55481, 40.62808], [-6.55492, 40.62814]]]}}, {"type": "Feature", "properties": {"area_ha": 0.03, "dist_km": 1.578, "node": "CIUDAD RODRIGO 400", "node_mw": 486, "osm_id": 1226028065, "municipio": "Ciudad Rodrigo"}, "geometry": {"type": "Polygon", "coordinates": [[[-6.55404, 40.62828], [-6.55401, 40.62825], [-6.55404, 40.62823], [-6.55407, 40.62825], [-6.5541, 40.62822], [-6.5544, 40.62839], [-6.55435, 40.62846], [-6.55404, 40.62828]]]}}, {"type": "Feature", "properties": {"area_ha": 0.018, "dist_km": 1.538, "node": "CIUDAD RODRIGO 400", "node_mw": 486, "osm_id": 1226028066, "municipio": "Ciudad Rodrigo"}, "geometry": {"type": "Polygon", "coordinates": [[[-6.55441, 40.62874], [-6.55429, 40.62867], [-6.55432, 40.62864], [-6.55445, 40.6287], [-6.55451, 40.62863], [-6.55459, 40.62867], [-6.55457, 40.62874], [-6.55454, 40.62876], [-6.55447, 40.62872], [-6.55445, 40.62875], [-6.55441, 40.62873], [-6.55441, 40.62874]]]}}, {"type": "Feature", "properties": {"area_ha": 0.021, "dist_km": 1.573, "node": "CIUDAD RODRIGO 400", "node_mw": 486, "osm_id": 1226028067, "municipio": "Ciudad Rodrigo"}, "geometry": {"type": "Polygon", "coordinates": [[[-6.55447, 40.62851], [-6.5545, 40.62848], [-6.55468, 40.62838], [-6.5546, 40.62832], [-6.55461, 40.62825], [-6.55477, 40.62838], [-6.55476, 40.62838], [-6.55453, 40.62853], [-6.55447, 40.62851]]]}}, {"type": "Feature", "properties": {"area_ha": 0.016, "dist_km": 0.922, "node": "CIUDAD RODRIGO 400", "node_mw": 486, "osm_id": 1347175333, "municipio": "Ciudad Rodrigo"}, "geometry": {"type": "Polygon", "coordinates": [[[-6.56036, 40.64672], [-6.5604, 40.64676], [-6.5602, 40.64689], [-6.56014, 40.64684], [-6.56036, 40.64672]]]}}, {"type": "Feature", "properties": {"area_ha": 0.026, "dist_km": 2.418, "node": "CIUDAD RODRIGO 400", "node_mw": 486, "osm_id": 1347175358, "municipio": "Ciudad Rodrigo"}, "geometry": {"type": "Polygon", "coordinates": [[[-6.56704, 40.66045], [-6.5669, 40.66054], [-6.56679, 40.66044], [-6.567, 40.66031], [-6.56704, 40.66036], [-6.56698, 40.66039], [-6.56704, 40.66045]]]}}, {"type": "Feature", "properties": {"area_ha": 0.043, "dist_km": 1.22, "node": "CIUDAD RODRIGO 400", "node_mw": 486, "osm_id": 1347175367, "municipio": "Ciudad Rodrigo"}, "geometry": {"type": "Polygon", "coordinates": [[[-6.54647, 40.65263], [-6.54633, 40.65281], [-6.54605, 40.65269], [-6.54612, 40.65261], [-6.54629, 40.65269], [-6.54635, 40.65261], [-6.54631, 40.65258], [-6.54633, 40.65256], [-6.54647, 40.65263]]]}}, {"type": "Feature", "properties": {"area_ha": 2.083, "dist_km": 0.846, "node": "GODELLETA 220", "node_mw": 455, "osm_id": 190809814, "municipio": "Godelleta"}, "geometry": {"type": "Polygon", "coordinates": [[[-0.67903, 39.42397], [-0.67923, 39.42346], [-0.67922, 39.42322], [-0.67914, 39.42293], [-0.67909, 39.42263], [-0.67864, 39.42256], [-0.67837, 39.42274], [-0.67794, 39.42266], [-0.67763, 39.42264], [-0.67719, 39.42311], [-0.67748, 39.42322], [-0.67725, 39.4237], [-0.67776, 39.42378], [-0.67826, 39.42385], [-0.67861, 39.42394], [-0.679, 39.42408], [-0.67903, 39.42397]]]}}, {"type": "Feature", "properties": {"area_ha": 1.177, "dist_km": 1.064, "node": "GODELLETA 220", "node_mw": 455, "osm_id": 190809815, "municipio": "Godelleta"}, "geometry": {"type": "Polygon", "coordinates": [[[-0.68088, 39.42605], [-0.68055, 39.42612], [-0.68021, 39.42631], [-0.68, 39.42649], [-0.67988, 39.42649], [-0.67968, 39.42637], [-0.67958, 39.42607], [-0.67938, 39.42512], [-0.67992, 39.42506], [-0.68034, 39.42546], [-0.68078, 39.42585], [-0.68088, 39.42605]]]}}, {"type": "Feature", "properties": {"area_ha": 4.647, "dist_km": 1.153, "node": "GODELLETA 220", "node_mw": 455, "osm_id": 190809816, "municipio": "Godelleta"}, "geometry": {"type": "Polygon", "coordinates": [[[-0.68733, 39.4276], [-0.68732, 39.4274], [-0.68705, 39.42739], [-0.68688, 39.42732], [-0.68667, 39.4271], [-0.68649, 39.42675], [-0.68636, 39.42661], [-0.68624, 39.42654], [-0.68601, 39.42638], [-0.68585, 39.42616], [-0.68588, 39.42594], [-0.6859, 39.42578], [-0.6859, 39.42559], [-0.68581, 39.42518], [-0.68572, 39.4252], [-0.6851, 39.42529], [-0.68468, 39.42535], [-0.68456, 39.42554], [-0.68432, 39.42591], [-0.68408, 39.42617], [-0.68388, 39.42641], [-0.68367, 39.42652], [-0.68405, 39.42696], [-0.68428, 39.42721], [-0.68501, 39.42754], [-0.68515, 39.4276], [-0.68544, 39.4278], [-0.68561, 39.42789], [-0.68574, 39.42779], [-0.68537, 39.42753], [-0.68555, 39.4274], [-0.68594, 39.42723], [-0.68604, 39.42721], [-0.68618, 39.42755], [-0.68625, 39.4277], [-0.68665, 39.42782], [-0.68702, 39.42795], [-0.68712, 39.42783], [-0.68722, 39.42773], [-0.68739, 39.42775], [-0.68743, 39.42762], [-0.68733, 39.4276]]]}}, {"type": "Feature", "properties": {"area_ha": 1.043, "dist_km": 1.336, "node": "GODELLETA 220", "node_mw": 455, "osm_id": 1229082318, "municipio": "Godelleta"}, "geometry": {"type": "Polygon", "coordinates": [[[-0.68218, 39.42745], [-0.68247, 39.42762], [-0.68254, 39.42794], [-0.68243, 39.42899], [-0.68243, 39.42904], [-0.68247, 39.42908], [-0.68256, 39.42911], [-0.68282, 39.42913], [-0.68281, 39.42918], [-0.68264, 39.42939], [-0.6825, 39.42939], [-0.68221, 39.42927], [-0.68203, 39.4291], [-0.68179, 39.42904], [-0.68205, 39.42873], [-0.6821, 39.42861], [-0.6821, 39.42844], [-0.68203, 39.42828], [-0.68185, 39.42825], [-0.68161, 39.42776], [-0.68218, 39.42745]]]}}, {"type": "Feature", "properties": {"area_ha": 0.499, "dist_km": 1.319, "node": "GODELLETA 220", "node_mw": 455, "osm_id": 1229082323, "municipio": "Godelleta"}, "geometry": {"type": "Polygon", "coordinates": [[[-0.68368, 39.42803], [-0.68381, 39.42808], [-0.68387, 39.42819], [-0.68338, 39.42882], [-0.68308, 39.42882], [-0.68293, 39.42887], [-0.68282, 39.4289], [-0.6827, 39.42892], [-0.68264, 39.42887], [-0.68273, 39.42823], [-0.68336, 39.42846], [-0.68368, 39.42803]]]}}, {"type": "Feature", "properties": {"area_ha": 0.888, "dist_km": 1.241, "node": "GODELLETA 220", "node_mw": 455, "osm_id": 1229082324, "municipio": "Godelleta"}, "geometry": {"type": "Polygon", "coordinates": [[[-0.68368, 39.42803], [-0.68336, 39.42846], [-0.68273, 39.42823], [-0.68268, 39.42821], [-0.68269, 39.42731], [-0.68295, 39.42716], [-0.68359, 39.42745], [-0.68351, 39.42791], [-0.68356, 39.42799], [-0.68368, 39.42803]]]}}, {"type": "Feature", "properties": {"area_ha": 0.729, "dist_km": 1.337, "node": "GODELLETA 220", "node_mw": 455, "osm_id": 1334538114, "municipio": "Godelleta"}, "geometry": {"type": "Polygon", "coordinates": [[[-0.68447, 39.42914], [-0.68488, 39.42872], [-0.68492, 39.42866], [-0.68457, 39.42849], [-0.68439, 39.42843], [-0.68391, 39.42826], [-0.68387, 39.42819], [-0.68338, 39.42882], [-0.68342, 39.42887], [-0.68366, 39.42892], [-0.68399, 39.42897], [-0.68425, 39.42903], [-0.68447, 39.42914]]]}}, {"type": "Feature", "properties": {"area_ha": 2.109, "dist_km": 1.024, "node": "GODELLETA 220", "node_mw": 455, "osm_id": 1336846134, "municipio": "Godelleta"}, "geometry": {"type": "Polygon", "coordinates": [[[-0.67453, 39.4218], [-0.67455, 39.42233], [-0.67455, 39.42248], [-0.6745, 39.42313], [-0.67354, 39.42297], [-0.67348, 39.42293], [-0.67352, 39.42288], [-0.67352, 39.42281], [-0.67341, 39.42257], [-0.67321, 39.42189], [-0.67314, 39.4216], [-0.67306, 39.42123], [-0.67305, 39.42121], [-0.67459, 39.42136], [-0.67453, 39.4218]]]}}, {"type": "Feature", "properties": {"area_ha": 2.825, "dist_km": 1.009, "node": "NUEVA ESCOMBRERAS 400", "node_mw": 411, "osm_id": 99702376, "municipio": "Nueva Escombreras"}, "geometry": {"type": "Polygon", "coordinates": [[[-0.95293, 37.5672], [-0.95035, 37.56812], [-0.95026, 37.568], [-0.95022, 37.56802], [-0.95019, 37.56797], [-0.95023, 37.56795], [-0.95015, 37.56783], [-0.95028, 37.56778], [-0.95023, 37.56769], [-0.95019, 37.5677], [-0.95016, 37.56765], [-0.9502, 37.56763], [-0.95014, 37.56753], [-0.95033, 37.56747], [-0.95014, 37.56713], [-0.9501, 37.56699], [-0.95154, 37.56648], [-0.95156, 37.56651], [-0.95225, 37.56627], [-0.95238, 37.5665], [-0.95251, 37.56646], [-0.95293, 37.5672]]]}}, {"type": "Feature", "properties": {"area_ha": 7.442, "dist_km": 0.373, "node": "NUEVA ESCOMBRERAS 400", "node_mw": 411, "osm_id": 144915423, "municipio": "Nueva Escombreras"}, "geometry": {"type": "Polygon", "coordinates": [[[-0.94725, 37.57126], [-0.94575, 37.56863], [-0.94551, 37.56859], [-0.94529, 37.56862], [-0.94502, 37.56881], [-0.94461, 37.56909], [-0.94416, 37.56958], [-0.94378, 37.57015], [-0.94348, 37.5707], [-0.94352, 37.57078], [-0.94409, 37.57057], [-0.94423, 37.57082], [-0.94346, 37.5711], [-0.94333, 37.5712], [-0.94322, 37.57157], [-0.94385, 37.57173], [-0.94473, 37.57175], [-0.94589, 37.57155], [-0.94725, 37.57126]]]}}, {"type": "Feature", "properties": {"area_ha": 10.497, "dist_km": 0.265, "node": "NUEVA ESCOMBRERAS 400", "node_mw": 411, "osm_id": 144915430, "municipio": "Nueva Escombreras"}, "geometry": {"type": "Polygon", "coordinates": [[[-0.94087, 37.57394], [-0.93679, 37.57442], [-0.93707, 37.57298], [-0.93738, 37.57141], [-0.93786, 37.57104], [-0.93845, 37.57095], [-0.93898, 37.57103], [-0.94068, 37.57152], [-0.94048, 37.57164], [-0.94087, 37.57394]]]}}, {"type": "Feature", "properties": {"area_ha": 0.609, "dist_km": 1.244, "node": "NUEVA ESCOMBRERAS 400", "node_mw": 411, "osm_id": 158595029, "municipio": "Nueva Escombreras"}, "geometry": {"type": "Polygon", "coordinates": [[[-0.95248, 37.56541], [-0.95219, 37.56551], [-0.95198, 37.56512], [-0.951, 37.56546], [-0.95082, 37.56511], [-0.95164, 37.56483], [-0.95165, 37.56487], [-0.95204, 37.56473], [-0.95209, 37.56483], [-0.95214, 37.5648], [-0.95248, 37.56541]]]}}, {"type": "Feature", "properties": {"area_ha": 0.234, "dist_km": 1.196, "node": "MANZANARES 400", "node_mw": 390, "osm_id": 268335747, "municipio": "Manzanares"}, "geometry": {"type": "Polygon", "coordinates": [[[-3.33196, 39.04056], [-3.3314, 39.04053], [-3.33143, 39.04011], [-3.33202, 39.04014], [-3.33196, 39.04056]]]}}, {"type": "Feature", "properties": {"area_ha": 21.285, "dist_km": 1.351, "node": "NUEVA ESCOMBRERAS 400", "node_mw": 411, "osm_id": 294664332, "municipio": "Nueva Escombreras"}, "geometry": {"type": "Polygon", "coordinates": [[[-0.95711, 37.5645], [-0.95711, 37.56451], [-0.95717, 37.5644], [-0.95744, 37.56427], [-0.95746, 37.56418], [-0.95743, 37.56411], [-0.95643, 37.56405], [-0.95422, 37.56289], [-0.95336, 37.5628], [-0.95315, 37.56272], [-0.95317, 37.56262], [-0.95382, 37.56247], [-0.95219, 37.56224], [-0.94947, 37.56269], [-0.94903, 37.56348], [-0.94841, 37.5641], [-0.94845, 37.56487], [-0.94877, 37.56496], [-0.94887, 37.56527], [-0.94959, 37.56562], [-0.94992, 37.5656], [-0.95003, 37.56553], [-0.95017, 37.56552], [-0.95021, 37.56566], [-0.95042, 37.56576], [-0.9506, 37.56618], [-0.95072, 37.56637], [-0.95425, 37.56531], [-0.95546, 37.56508], [-0.95649, 37.56481], [-0.95711, 37.5645]]]}}, {"type": "Feature", "properties": {"area_ha": 631.038, "dist_km": 0.136, "node": "NUEVA ESCOMBRERAS 400", "node_mw": 411, "osm_id": 294664335, "municipio": "Nueva Escombreras"}, "geometry": {"type": "Polygon", "coordinates": [[[-0.96237, 37.57425], [-0.96232, 37.57434], [-0.96214, 37.57433], [-0.96202, 37.57434], [-0.95864, 37.57406], [-0.95864, 37.57402], [-0.95862, 37.5739], [-0.95872, 37.57387], [-0.95859, 37.57359], [-0.95846, 37.57362], [-0.95845, 37.57357], [-0.95856, 37.57352], [-0.9585, 37.57348], [-0.95842, 37.57338], [-0.9583, 37.57344], [-0.95832, 37.57346], [-0.95829, 37.57348], [-0.95823, 37.5734], [-0.95837, 37.57332], [-0.95816, 37.57308], [-0.95805, 37.57314], [-0.95787, 37.57296], [-0.95792, 37.57282], [-0.95899, 37.5721], [-0.95917, 37.5723], [-0.95946, 37.57212], [-0.95944, 37.5721], [-0.95962, 37.57198], [-0.95944, 37.57181], [-0.96015, 37.57129], [-0.96026, 37.57136], [-0.96038, 37.57129], [-0.95901, 37.57006], [-0.95546, 37.57146], [-0.95369, 37.56939], [-0.95372, 37.56937], [-0.95365, 37.56928], [-0.95361, 37.5693], [-0.95264, 37.56815], [-0.95266, 37.56814], [-0.95259, 37.56805], [-0.95256, 37.56807], [-0.95241, 37.56789], [-0.95201, 37.5681], [-0.95106, 37.56863], [-0.95108, 37.56866], [-0.95111, 37.56864], [-0.95115, 37.56872], [-0.951, 37.56882], [-0.9509, 37.56873], [-0.9508, 37.5686], [-0.95077, 37.56855], [-0.95072, 37.56852], [-0.95068, 37.56853], [-0.9506, 37.56845], [-0.95052, 37.56836], [-0.95088, 37.56821], [-0.95164, 37.56789], [-0.95223, 37.56766], [-0.9528, 37.56745], [-0.95283, 37.56745], [-0.95293, 37.56746], [-0.95299, 37.56743], [-0.95299, 37.56736], [-0.95306, 37.56736], [-0.9533, 37.56723], [-0.95338, 37.56726], [-0.95343, 37.56724], [-0.9535, 37.56721], [-0.95349, 37.56713], [-0.95367, 37.56705], [-0.95388, 37.56729], [-0.95377, 37.56736], [-0.95374, 37.56732], [-0.95361, 37.56739], [-0.95371, 37.56753], [-0.95566, 37.56651], [-0.95557, 37.56641], [-0.95523, 37.56659], [-0.95505, 37.56637], [-0.95516, 37.5663], [-0.95535, 37.56619], [-0.95558, 37.56604], [-0.95572, 37.56611], [-0.95556, 37.56618], [-0.95578, 37.56645], [-0.96136, 37.56354], [-0.96729, 37.56913], [-0.96712, 37.56924], [-0.96724, 37.56936], [-0.96745, 37.56935], [-0.96753, 37.56922], [-0.96835, 37.56889], [-0.97044, 37.56895], [-0.97044, 37.56921], [-0.971, 37.56921], [-0.971, 37.56916], [-0.97101, 37.56861], [-0.97101, 37.56855], [-0.97046, 37.56854], [-0.97046, 37.56859], [-0.97045, 37.56881], [-0.96966, 37.56879], [-0.96824, 37.56876], [-0.96754, 37.56899], [-0.9668, 37.56829], [-0.96673, 37.56813], [-0.96673, 37.56796], [-0.9668, 37.56782], [-0.96693, 37.56767], [-0.96697, 37.56776], [-0.96795, 37.5676], [-0.96663, 37.56252], [-0.97323, 37.5614], [-0.97895, 37.56679], [-0.97874, 37.56694], [-0.97904, 37.56723], [-0.97947, 37.56692], [-0.97178, 37.55964], [-0.97138, 37.55991], [-0.97091, 37.56007], [-0.96793, 37.56054], [-0.96744, 37.56051], [-0.96677, 37.55987], [-0.96675, 37.55913], [-0.96252, 37.55911], [-0.96216, 37.55889], [-0.96053, 37.55884], [-0.96034, 37.55867], [-0.96004, 37.55887], [-0.95976, 37.55889], [-0.95947, 37.55884], [-0.95917, 37.55893], [-0.95888, 37.55898], [-0.95864, 37.5589], [-0.95792, 37.5586], [-0.95718, 37.55867], [-0.95739, 37.559], [-0.95858, 37.56242], [-0.95893, 37.56253], [-0.95895, 37.56281], [-0.95742, 37.56361], [-0.95699, 37.5626], [-0.95637, 37.56201], [-0.9556, 37.56183], [-0.95533, 37.56201], [-0.9553, 37.56234], [-0.95532, 37.56255], [-0.95517, 37.56265], [-0.95382, 37.56247], [-0.95219, 37.56224], [-0.94947, 37.56269], [-0.94903, 37.56348], [-0.94841, 37.5641], [-0.94845, 37.56487], [-0.94792, 37.5651], [-0.94754, 37.56533], [-0.94724, 37.56503], [-0.947, 37.56502], [-0.94512, 37.5655], [-0.94281, 37.56733], [-0.94226, 37.56701], [-0.94176, 37.56703], [-0.94148, 37.56721], [-0.94091, 37.56758], [-0.94159, 37.56823], [-0.94114, 37.56864], [-0.9395, 37.56844], [-0.93917, 37.56922], [-0.9371, 37.5695], [-0.937, 37.5697], [-0.93661, 37.5696], [-0.93611, 37.56965], [-0.93505, 37.56816], [-0.93452, 37.56821], [-0.93297, 37.569], [-0.93157, 37.56813], [-0.93147, 37.56813], [-0.93037, 37.5688], [-0.93005, 37.56934], [-0.93003, 37.5697], [-0.92957, 37.56976], [-0.92893, 37.56947], [-0.92767, 37.56823], [-0.92659, 37.56749], [-0.92575, 37.56702], [-0.92538, 37.56688], [-0.92534, 37.56673], [-0.92484, 37.56653], [-0.92458, 37.56657], [-0.92395, 37.56634], [-0.92285, 37.56645], [-0.92232, 37.56736], [-0.92207, 37.56739], [-0.92125, 37.56757], [-0.92072, 37.56739], [-0.92009, 37.56723], [-0.92015, 37.56627], [-0.91993, 37.56597], [-0.91915, 37.56587], [-0.9178, 37.56666], [-0.91713, 37.56697], [-0.91619, 37.56804], [-0.91609, 37.56879], [-0.91539, 37.56944], [-0.91471, 37.57067], [-0.91346, 37.57092], [-0.91269, 37.57068], [-0.91143, 37.57106], [-0.91138, 37.57138], [-0.90983, 37.57142], [-0.90835, 37.57211], [-0.90811, 37.57229], [-0.9072, 37.57171], [-0.90708, 37.5717], [-0.90622, 37.57258], [-0.90661, 37.57288], [-0.90659, 37.57297], [-0.90592, 37.5732], [-0.90328, 37.57315], [-0.89798, 37.57505], [-0.8995, 37.57744], [-0.89989, 37.57734], [-0.90036, 37.5772], [-0.90097, 37.57705], [-0.90169, 37.57684], [-0.902, 37.57671], [-0.90278, 37.57637], [-0.90292, 37.57631], [-0.90351, 37.57604], [-0.90404, 37.57579], [-0.90455, 37.57557], [-0.90488, 37.57546], [-0.9053, 37.57535], [-0.90572, 37.5752], [-0.90627, 37.57505], [-0.90652, 37.57498], [-0.90675, 37.57492], [-0.90692, 37.57487], [-0.90708, 37.57477], [-0.90737, 37.57452], [-0.90784, 37.57413], [-0.90837, 37.57368], [-0.9089, 37.57323], [-0.90943, 37.57286], [-0.90981, 37.5726], [-0.91004, 37.57252], [-0.91031, 37.57247], [-0.91054, 37.57252], [-0.91073, 37.57264], [-0.91104, 37.57299], [-0.9118, 37.57389], [-0.91252, 37.57479], [-0.913, 37.57575], [-0.91243, 37.57595], [-0.91221, 37.57619], [-0.91243, 37.57679], [-0.91261, 37.57794], [-0.91221, 37.57808], [-0.91227, 37.57823], [-0.91212, 37.57828], [-0.91243, 37.57894], [-0.91285, 37.57889], [-0.91331, 37.57994], [-0.91374, 37.58035], [-0.91415, 37.58066], [-0.91399, 37.58097], [-0.91418, 37.58144], [-0.91369, 37.58127], [-0.91297, 37.58151], [-0.91281, 37.58218], [-0.91308, 37.58251], [-0.91255, 37.58293], [-0.91226, 37.58329], [-0.9122, 37.58361], [-0.91246, 37.58352], [-0.91301, 37.58346], [-0.91409, 37.58356], [-0.91496, 37.58364], [-0.91514, 37.58364], [-0.91538, 37.5836], [-0.91563, 37.5834], [-0.91587, 37.58323], [-0.91603, 37.58299], [-0.91601, 37.58293], [-0.916, 37.58288], [-0.91601, 37.58281], [-0.91604, 37.58274], [-0.91609, 37.58268], [-0.91611, 37.58256], [-0.91609, 37.5824], [-0.91606, 37.5822], [-0.91617, 37.58174], [-0.91587, 37.58148], [-0.91583, 37.58113], [-0.916, 37.5808], [-0.91618, 37.58049], [-0.91628, 37.5802], [-0.91636, 37.58001], [-0.91662, 37.58007], [-0.917, 37.58007], [-0.91724, 37.58002], [-0.91754, 37.57994], [-0.91773, 37.57984], [-0.91788, 37.57973], [-0.91806, 37.57959], [-0.91818, 37.57943], [-0.91897, 37.57828], [-0.9191, 37.57812], [-0.91925, 37.57799], [-0.91942, 37.57791], [-0.91962, 37.57784], [-0.9198, 37.57781], [-0.92002, 37.5778], [-0.92031, 37.57785], [-0.92043, 37.57807], [-0.92094, 37.57833], [-0.92108, 37.57839], [-0.92127, 37.57903], [-0.92195, 37.58142], [-0.92216, 37.58144], [-0.92284, 37.58138], [-0.92303, 37.58148], [-0.92291, 37.5816], [-0.92272, 37.58179], [-0.92245, 37.58207], [-0.92235, 37.58219], [-0.92225, 37.58231], [-0.92271, 37.58376], [-0.92278, 37.58373], [-0.92304, 37.58363], [-0.92376, 37.58333], [-0.92354, 37.58242], [-0.92339, 37.58181], [-0.92323, 37.58171], [-0.92317, 37.5816], [-0.92307, 37.58156], [-0.92322, 37.5814], [-0.92344, 37.58119], [-0.92356, 37.58106], [-0.92398, 37.58133], [-0.92427, 37.58145], [-0.9249, 37.58136], [-0.92554, 37.58077], [-0.92587, 37.58085], [-0.92627, 37.5824], [-0.92779, 37.58198], [-0.928, 37.58158], [-0.92811, 37.58131], [-0.9288, 37.58062], [-0.92915, 37.58014], [-0.92952, 37.58002], [-0.93027, 37.58002], [-0.93037, 37.57995], [-0.93051, 37.58], [-0.93099, 37.58041], [-0.93129, 37.58088], [-0.93153, 37.5812], [-0.93253, 37.58262], [-0.93248, 37.58267], [-0.93185, 37.58255], [-0.93169, 37.58289], [-0.93104, 37.58281], [-0.93083, 37.5834], [-0.93186, 37.58363], [-0.93191, 37.58359], [-0.93259, 37.58372], [-0.93261, 37.58364], [-0.93301, 37.58347], [-0.93358, 37.58356], [-0.93377, 37.5837], [-0.93391, 37.58401], [-0.93398, 37.58418], [-0.93397, 37.58451], [-0.93402, 37.58466], [-0.93424, 37.58488], [-0.9345, 37.58477], [-0.93461, 37.58476], [-0.93487, 37.58537], [-0.93533, 37.58557], [-0.93561, 37.5855], [-0.93582, 37.58528], [-0.9366, 37.58508], [-0.93688, 37.58479], [-0.93729, 37.58493], [-0.93755, 37.58454], [-0.93778, 37.5843], [-0.93816, 37.58416], [-0.93823, 37.58394], [-0.93912, 37.58414], [-0.93946, 37.58415], [-0.93968, 37.58415], [-0.93983, 37.58406], [-0.9398, 37.58399], [-0.93935, 37.58283], [-0.93924, 37.58265], [-0.93916, 37.58254], [-0.93905, 37.58243], [-0.93894, 37.58235], [-0.93881, 37.58229], [-0.93822, 37.58224], [-0.93766, 37.58214], [-0.93731, 37.58203], [-0.93674, 37.58165], [-0.93635, 37.58129], [-0.93612, 37.58102], [-0.93604, 37.58081], [-0.93602, 37.58055], [-0.93654, 37.57879], [-0.9366, 37.57838], [-0.93662, 37.5774], [-0.93664, 37.57691], [-0.93672, 37.57696], [-0.93706, 37.57713], [-0.94061, 37.57672], [-0.94105, 37.57608], [-0.94092, 37.5754], [-0.94148, 37.57499], [-0.94125, 37.57399], [-0.94124, 37.57393], [-0.94256, 37.57378], [-0.94283, 37.57374], [-0.94309, 37.57368], [-0.94329, 37.57358], [-0.94429, 37.5729], [-0.94507, 37.57232], [-0.9453, 37.57217], [-0.94547, 37.57207], [-0.94577, 37.57198], [-0.94651, 37.57175], [-0.94718, 37.57153], [-0.9474, 37.57149], [-0.94777, 37.57146], [-0.94901, 37.57138], [-0.94974, 37.5713], [-0.95008, 37.57123], [-0.95043, 37.57111], [-0.95148, 37.57059], [-0.95159, 37.57058], [-0.95166, 37.57059], [-0.95175, 37.57064], [-0.95182, 37.57071], [-0.95185, 37.57081], [-0.95193, 37.57112], [-0.95172, 37.57208], [-0.95165, 37.57237], [-0.95154, 37.57263], [-0.95141, 37.57285], [-0.95127, 37.57306], [-0.95113, 37.57323], [-0.95079, 37.5736], [-0.95076, 37.57366], [-0.95074, 37.57372], [-0.95071, 37.57383], [-0.95074, 37.57398], [-0.95106, 37.57498], [-0.95139, 37.57603], [-0.95147, 37.57623], [-0.95163, 37.57651], [-0.95181, 37.57677], [-0.95194, 37.5769], [-0.95206, 37.57699], [-0.9522, 37.57707], [-0.95235, 37.57714], [-0.95255, 37.5772], [-0.95269, 37.57723], [-0.95284, 37.57724], [-0.95451, 37.57732], [-0.95474, 37.57735], [-0.9551, 37.57743], [-0.95533, 37.5775], [-0.9555, 37.57757], [-0.9556, 37.57763], [-0.95569, 37.57772], [-0.95577, 37.57784], [-0.95581, 37.57796], [-0.95584, 37.57828], [-0.95586, 37.57841], [-0.95591, 37.57851], [-0.95597, 37.57859], [-0.95605, 37.57866], [-0.95617, 37.57872], [-0.95635, 37.57877], [-0.95658, 37.57882], [-0.9568, 37.57884], [-0.95702, 37.57882], [-0.95723, 37.57878], [-0.95745, 37.57869], [-0.95765, 37.57859], [-0.95783, 37.57846], [-0.95798, 37.57833], [-0.95811, 37.5782], [-0.95824, 37.57803], [-0.9586, 37.57753], [-0.95875, 37.57739], [-0.95893, 37.57724], [-0.95909, 37.57713], [-0.95929, 37.57701], [-0.95947, 37.57693], [-0.95968, 37.57685], [-0.96096, 37.57646], [-0.96106, 37.57642], [-0.96118, 37.57634], [-0.96127, 37.57625], [-0.96132, 37.57614], [-0.96134, 37.57604], [-0.96134, 37.57567], [-0.96136, 37.57551], [-0.96142, 37.57539], [-0.96149, 37.5753], [-0.96157, 37.57522], [-0.96167, 37.57515], [-0.96177, 37.5751], [-0.96198, 37.57501], [-0.96211, 37.57495], [-0.96226, 37.57492], [-0.96245, 37.5749], [-0.9626, 37.5749], [-0.96281, 37.57491], [-0.96321, 37.57486], [-0.96434, 37.57472], [-0.96453, 37.57471], [-0.96473, 37.57471], [-0.96487, 37.57473], [-0.96504, 37.57478], [-0.96522, 37.57486], [-0.96537, 37.57495], [-0.96552, 37.57507], [-0.96587, 37.57526], [-0.96609, 37.5751], [-0.96613, 37.57505], [-0.96613, 37.57499], [-0.96611, 37.57495], [-0.96591, 37.5745], [-0.96569, 37.57421], [-0.96544, 37.57413], [-0.96544, 37.57402], [-0.96556, 37.57402], [-0.96562, 37.57399], [-0.96562, 37.57391], [-0.96555, 37.57387], [-0.96542, 37.57387], [-0.96541, 37.57369], [-0.96546, 37.57369], [-0.96564, 37.57354], [-0.96564, 37.57348], [-0.96564, 37.57338], [-0.96503, 37.57338], [-0.96503, 37.57345], [-0.96503, 37.5735], [-0.96523, 37.57367], [-0.96524, 37.57412], [-0.96506, 37.57416], [-0.96501, 37.57427], [-0.96468, 37.5742], [-0.96444, 37.57436], [-0.96421, 37.57438], [-0.96416, 37.57434], [-0.96394, 37.57427], [-0.96347, 37.57438], [-0.96298, 37.57446], [-0.96298, 37.57413], [-0.96236, 37.57412], [-0.96237, 37.57425]]]}}, {"type": "Feature", "properties": {"area_ha": 3.692, "dist_km": 1.843, "node": "NUEVA ESCOMBRERAS 400", "node_mw": 411, "osm_id": 695821877, "municipio": "Nueva Escombreras"}, "geometry": {"type": "Polygon", "coordinates": [[[-0.9217, 37.57532], [-0.92033, 37.57541], [-0.91927, 37.5763], [-0.92112, 37.57759], [-0.9218, 37.57703], [-0.92188, 37.57605], [-0.92179, 37.57566], [-0.9217, 37.57532]]]}}, {"type": "Feature", "properties": {"area_ha": 5.531, "dist_km": 2.442, "node": "NUEVA ESCOMBRERAS 400", "node_mw": 411, "osm_id": 878254283, "municipio": "Nueva Escombreras"}, "geometry": {"type": "Polygon", "coordinates": [[[-0.9661, 37.56093], [-0.96349, 37.5616], [-0.96249, 37.5593], [-0.96542, 37.55934], [-0.9661, 37.56093]]]}}, {"type": "Feature", "properties": {"area_ha": 0.522, "dist_km": 0.29, "node": "NUEVA ESCOMBRERAS 400", "node_mw": 411, "osm_id": 910657498, "municipio": "Nueva Escombreras"}, "geometry": {"type": "Polygon", "coordinates": [[[-0.93937, 37.57174], [-0.93785, 37.57226], [-0.93769, 37.57197], [-0.93921, 37.57145], [-0.93937, 37.57174]]]}}, {"type": "Feature", "properties": {"area_ha": 1.996, "dist_km": 2.021, "node": "NUEVA ESCOMBRERAS 400", "node_mw": 411, "osm_id": 1224902814, "municipio": "Nueva Escombreras"}, "geometry": {"type": "Polygon", "coordinates": [[[-0.91982, 37.57317], [-0.91959, 37.57182], [-0.91799, 37.57199], [-0.91804, 37.57229], [-0.91823, 37.57243], [-0.91837, 37.57332], [-0.91982, 37.57317]]]}}, {"type": "Feature", "properties": {"area_ha": 0.104, "dist_km": 2.034, "node": "NUEVA ESCOMBRERAS 400", "node_mw": 411, "osm_id": 1224902815, "municipio": "Nueva Escombreras"}, "geometry": {"type": "Polygon", "coordinates": [[[-0.91892, 37.57199], [-0.91814, 37.57207], [-0.91816, 37.57221], [-0.91894, 37.57212], [-0.91892, 37.57199]]]}}, {"type": "Feature", "properties": {"area_ha": 0.032, "dist_km": 2.537, "node": "SAN ESTEBAN 220", "node_mw": 390, "osm_id": 317557416, "municipio": "San Esteban"}, "geometry": {"type": "Polygon", "coordinates": [[[-7.23967, 43.46294], [-7.23945, 43.46296], [-7.23941, 43.46281], [-7.23964, 43.46279], [-7.23967, 43.46294]]]}}, {"type": "Feature", "properties": {"area_ha": 0.076, "dist_km": 0.878, "node": "COSCURITA 220", "node_mw": 322, "osm_id": 554552095, "municipio": "Coscurita"}, "geometry": {"type": "Polygon", "coordinates": [[[-2.47329, 41.44241], [-2.47315, 41.44258], [-2.4728, 41.4425], [-2.47296, 41.44228], [-2.47329, 41.44241]]]}}, {"type": "Feature", "properties": {"area_ha": 0.685, "dist_km": 0.834, "node": "COSCURITA 220", "node_mw": 322, "osm_id": 554552096, "municipio": "Coscurita"}, "geometry": {"type": "Polygon", "coordinates": [[[-2.47363, 41.44193], [-2.47329, 41.44241], [-2.47296, 41.44228], [-2.47208, 41.44193], [-2.47242, 41.44145], [-2.47363, 41.44193]]]}}, {"type": "Feature", "properties": {"area_ha": 3.36, "dist_km": 1.881, "node": "SAN ESTEBAN 220", "node_mw": 390, "osm_id": 1104729852, "municipio": "San Esteban"}, "geometry": {"type": "Polygon", "coordinates": [[[-7.19229, 43.44535], [-7.1921, 43.44524], [-7.19186, 43.44521], [-7.19155, 43.44521], [-7.19125, 43.44512], [-7.19101, 43.44488], [-7.19094, 43.4446], [-7.19123, 43.44414], [-7.19128, 43.44414], [-7.19167, 43.44347], [-7.1926, 43.44381], [-7.1932, 43.44351], [-7.19393, 43.44424], [-7.19358, 43.44487], [-7.19345, 43.44502], [-7.19305, 43.44493], [-7.19266, 43.44516], [-7.19229, 43.44535]]]}}, {"type": "Feature", "properties": {"area_ha": 0.09, "dist_km": 1.758, "node": "SAN ESTEBAN 220", "node_mw": 390, "osm_id": 1272508576, "municipio": "San Esteban"}, "geometry": {"type": "Polygon", "coordinates": [[[-7.19327, 43.44788], [-7.19314, 43.44787], [-7.19274, 43.44804], [-7.19302, 43.44828], [-7.19327, 43.44788]]]}}, {"type": "Feature", "properties": {"area_ha": 38.06, "dist_km": 3.114, "node": "ALMARAZ CN 220", "node_mw": 310, "osm_id": 125338442, "municipio": "Almaraz Cn"}, "geometry": {"type": "Polygon", "coordinates": [[[-5.69377, 39.80545], [-5.69381, 39.80667], [-5.69212, 39.8067], [-5.69212, 39.80689], [-5.69047, 39.80692], [-5.69051, 39.80816], [-5.69217, 39.80813], [-5.69218, 39.80861], [-5.69313, 39.80859], [-5.69317, 39.80988], [-5.69368, 39.80986], [-5.69425, 39.80975], [-5.69553, 39.8099], [-5.69827, 39.81048], [-5.69877, 39.81045], [-5.69933, 39.81035], [-5.6998, 39.81024], [-5.70021, 39.81002], [-5.70045, 39.80968], [-5.70045, 39.80815], [-5.69954, 39.80816], [-5.69955, 39.80792], [-5.69981, 39.80786], [-5.70048, 39.80788], [-5.70151, 39.80632], [-5.70153, 39.80629], [-5.7017, 39.80603], [-5.70105, 39.80568], [-5.70069, 39.80553], [-5.69997, 39.80546], [-5.69926, 39.80537], [-5.69894, 39.80547], [-5.69871, 39.80555], [-5.69835, 39.80516], [-5.69816, 39.80531], [-5.69778, 39.80492], [-5.69743, 39.80479], [-5.6974, 39.80478], [-5.6972, 39.80492], [-5.69548, 39.80507], [-5.69542, 39.80516], [-5.69491, 39.80514], [-5.69492, 39.8054], [-5.69377, 39.80545]]]}}, {"type": "Feature", "properties": {"area_ha": 0.137, "dist_km": 1.125, "node": "ALMARAZ CN 220", "node_mw": 310, "osm_id": 317912283, "municipio": "Almaraz Cn"}, "geometry": {"type": "Polygon", "coordinates": [[[-5.67784, 39.81744], [-5.67783, 39.81699], [-5.6775, 39.81699], [-5.67751, 39.81735], [-5.67756, 39.81735], [-5.67757, 39.81744], [-5.67784, 39.81744]]]}}, {"type": "Feature", "properties": {"area_ha": 0.011, "dist_km": 0.982, "node": "ALMARAZ CN 220", "node_mw": 310, "osm_id": 317912485, "municipio": "Almaraz Cn"}, "geometry": {"type": "Polygon", "coordinates": [[[-5.67648, 39.81849], [-5.67633, 39.81845], [-5.67636, 39.81839], [-5.67651, 39.81842], [-5.67648, 39.81849]]]}}, {"type": "Feature", "properties": {"area_ha": 0.674, "dist_km": 0.926, "node": "ALMARAZ CN 220", "node_mw": 310, "osm_id": 317912486, "municipio": "Almaraz Cn"}, "geometry": {"type": "Polygon", "coordinates": [[[-5.67639, 39.81885], [-5.67637, 39.81889], [-5.6763, 39.81887], [-5.67629, 39.81889], [-5.67601, 39.81881], [-5.67599, 39.81885], [-5.67594, 39.81883], [-5.67594, 39.81882], [-5.67584, 39.81879], [-5.67585, 39.81876], [-5.67579, 39.81874], [-5.67579, 39.81873], [-5.67557, 39.81866], [-5.67555, 39.8187], [-5.67533, 39.81864], [-5.67531, 39.81869], [-5.67494, 39.81858], [-5.67497, 39.8185], [-5.67499, 39.81846], [-5.67503, 39.81847], [-5.67505, 39.81842], [-5.67501, 39.81841], [-5.67517, 39.81807], [-5.67532, 39.81811], [-5.6753, 39.81814], [-5.67542, 39.81817], [-5.67546, 39.8181], [-5.67557, 39.81813], [-5.6755, 39.81829], [-5.67572, 39.81835], [-5.67574, 39.8183], [-5.67569, 39.81829], [-5.6758, 39.81806], [-5.67608, 39.81814], [-5.676, 39.81832], [-5.67605, 39.81834], [-5.67603, 39.81839], [-5.67609, 39.8184], [-5.67606, 39.81844], [-5.67628, 39.81851], [-5.67651, 39.81857], [-5.67653, 39.81855], [-5.67655, 39.81856], [-5.67641, 39.81886], [-5.67639, 39.81885]]]}}, {"type": "Feature", "properties": {"area_ha": 0.021, "dist_km": 0.858, "node": "ALMARAZ CN 220", "node_mw": 310, "osm_id": 317912536, "municipio": "Almaraz Cn"}, "geometry": {"type": "Polygon", "coordinates": [[[-5.67478, 39.81833], [-5.67467, 39.8183], [-5.67475, 39.81812], [-5.67487, 39.81815], [-5.67478, 39.81833]]]}}, {"type": "Feature", "properties": {"area_ha": 0.041, "dist_km": 0.836, "node": "ALMARAZ CN 220", "node_mw": 310, "osm_id": 317912537, "municipio": "Almaraz Cn"}, "geometry": {"type": "Polygon", "coordinates": [[[-5.67423, 39.81786], [-5.67402, 39.81781], [-5.67408, 39.81764], [-5.67419, 39.81766], [-5.6742, 39.81762], [-5.6743, 39.81765], [-5.67423, 39.81786]]]}}, {"type": "Feature", "properties": {"area_ha": 2.716, "dist_km": 0.864, "node": "ALMARAZ CN 220", "node_mw": 310, "osm_id": 317912732, "municipio": "Almaraz Cn"}, "geometry": {"type": "Polygon", "coordinates": [[[-5.67648, 39.81906], [-5.67688, 39.8181], [-5.67539, 39.81801], [-5.67495, 39.81753], [-5.67361, 39.81761], [-5.6734, 39.81815], [-5.67375, 39.81837], [-5.67403, 39.8184], [-5.67648, 39.81906]]]}}, {"type": "Feature", "properties": {"area_ha": 0.197, "dist_km": 2.874, "node": "ALMARAZ CN 220", "node_mw": 310, "osm_id": 1421012235, "municipio": "Almaraz Cn"}, "geometry": {"type": "Polygon", "coordinates": [[[-5.69565, 39.80943], [-5.69563, 39.80908], [-5.69505, 39.80908], [-5.69506, 39.80944], [-5.69565, 39.80943]]]}}, {"type": "Feature", "properties": {"area_ha": 0.231, "dist_km": 2.918, "node": "ALMARAZ CN 220", "node_mw": 310, "osm_id": 1421012236, "municipio": "Almaraz Cn"}, "geometry": {"type": "Polygon", "coordinates": [[[-5.69593, 39.80886], [-5.69592, 39.80854], [-5.69515, 39.80856], [-5.69517, 39.80887], [-5.69593, 39.80886]]]}}, {"type": "Feature", "properties": {"area_ha": 0.054, "dist_km": 2.773, "node": "ALMARAZ CN 220", "node_mw": 310, "osm_id": 1421012277, "municipio": "Almaraz Cn"}, "geometry": {"type": "Polygon", "coordinates": [[[-5.69412, 39.80932], [-5.69411, 39.80911], [-5.69386, 39.80911], [-5.69387, 39.80934], [-5.69398, 39.80935], [-5.69412, 39.80932]]]}}, {"type": "Feature", "properties": {"area_ha": 0.116, "dist_km": 2.813, "node": "ALMARAZ CN 220", "node_mw": 310, "osm_id": 1421012278, "municipio": "Almaraz Cn"}, "geometry": {"type": "Polygon", "coordinates": [[[-5.69433, 39.80897], [-5.69433, 39.80894], [-5.69438, 39.80894], [-5.69438, 39.80891], [-5.69433, 39.80891], [-5.69433, 39.80883], [-5.69439, 39.80883], [-5.69439, 39.80878], [-5.69434, 39.80878], [-5.69434, 39.80874], [-5.69408, 39.80875], [-5.69407, 39.80875], [-5.69383, 39.80875], [-5.69383, 39.80898], [-5.69433, 39.80897]]]}}, {"type": "Feature", "properties": {"area_ha": 0.036, "dist_km": 2.82, "node": "ALMARAZ CN 220", "node_mw": 310, "osm_id": 1421012279, "municipio": "Almaraz Cn"}, "geometry": {"type": "Polygon", "coordinates": [[[-5.69434, 39.80874], [-5.69432, 39.80859], [-5.69407, 39.8086], [-5.69408, 39.80875], [-5.69434, 39.80874]]]}}, {"type": "Feature", "properties": {"area_ha": 0.016, "dist_km": 2.77, "node": "ALMARAZ CN 220", "node_mw": 310, "osm_id": 1421012280, "municipio": "Almaraz Cn"}, "geometry": {"type": "Polygon", "coordinates": [[[-5.69373, 39.8088], [-5.69373, 39.80874], [-5.69348, 39.80874], [-5.69348, 39.80881], [-5.69373, 39.8088]]]}}, {"type": "Feature", "properties": {"area_ha": 0.883, "dist_km": 2.34, "node": "ALMARAZ CN 220", "node_mw": 310, "osm_id": 1484027227, "municipio": "Almaraz Cn"}, "geometry": {"type": "Polygon", "coordinates": [[[-5.6382, 39.82081], [-5.63781, 39.82082], [-5.63779, 39.8201], [-5.63771, 39.82013], [-5.63769, 39.81945], [-5.63855, 39.81944], [-5.63857, 39.82007], [-5.6384, 39.82008], [-5.63841, 39.82052], [-5.63819, 39.82052], [-5.6382, 39.82081]]]}}, {"type": "Feature", "properties": {"area_ha": 25.123, "dist_km": 0.589, "node": "SANTIAGO 220", "node_mw": 285, "osm_id": 78599548, "municipio": "Santiago"}, "geometry": {"type": "Polygon", "coordinates": [[[-8.58127, 42.85078], [-8.58126, 42.85185], [-8.58173, 42.8533], [-8.58174, 42.85343], [-8.58179, 42.85436], [-8.58256, 42.85469], [-8.58344, 42.85491], [-8.58462, 42.85491], [-8.58582, 42.85476], [-8.58618, 42.85511], [-8.58651, 42.85542], [-8.58691, 42.85527], [-8.58686, 42.85512], [-8.58724, 42.85502], [-8.58724, 42.85472], [-8.58687, 42.85426], [-8.58619, 42.85427], [-8.58627, 42.85374], [-8.58628, 42.8532], [-8.58656, 42.85309], [-8.58711, 42.85215], [-8.58714, 42.85189], [-8.58718, 42.85165], [-8.58716, 42.85162], [-8.5868, 42.85099], [-8.58672, 42.85084], [-8.58653, 42.85048], [-8.58513, 42.85017], [-8.58405, 42.84906], [-8.58371, 42.84915], [-8.58209, 42.84949], [-8.58169, 42.84871], [-8.58149, 42.84857], [-8.58144, 42.84864], [-8.58131, 42.84921], [-8.58148, 42.84988], [-8.58127, 42.85078]]]}}, {"type": "Feature", "properties": {"area_ha": 2.715, "dist_km": 1.846, "node": "SANTIAGO 220", "node_mw": 285, "osm_id": 89815025, "municipio": "Santiago"}, "geometry": {"type": "Polygon", "coordinates": [[[-8.55721, 42.86029], [-8.55754, 42.86045], [-8.5577, 42.86054], [-8.55776, 42.86057], [-8.55831, 42.86083], [-8.55831, 42.86088], [-8.55853, 42.86105], [-8.55906, 42.86185], [-8.55894, 42.86191], [-8.55837, 42.86217], [-8.55831, 42.86222], [-8.55831, 42.86256], [-8.55826, 42.86256], [-8.55816, 42.86256], [-8.55807, 42.86261], [-8.55767, 42.86237], [-8.55757, 42.86236], [-8.55749, 42.86235], [-8.55747, 42.86231], [-8.55743, 42.86223], [-8.5574, 42.8622], [-8.55728, 42.86208], [-8.55715, 42.86203], [-8.55714, 42.86203], [-8.55688, 42.86199], [-8.55688, 42.86197], [-8.55675, 42.86194], [-8.5569, 42.86129], [-8.55693, 42.86129], [-8.55699, 42.86104], [-8.55706, 42.86078], [-8.55713, 42.86052], [-8.55721, 42.86029]]]}}, {"type": "Feature", "properties": {"area_ha": 0.416, "dist_km": 1.79, "node": "SANTIAGO 220", "node_mw": 285, "osm_id": 89815036, "municipio": "Santiago"}, "geometry": {"type": "Polygon", "coordinates": [[[-8.5583, 42.86192], [-8.55782, 42.86124], [-8.55807, 42.86115], [-8.55796, 42.86098], [-8.55819, 42.8609], [-8.55877, 42.86174], [-8.5583, 42.86192]]]}}, {"type": "Feature", "properties": {"area_ha": 0.399, "dist_km": 1.856, "node": "SANTIAGO 220", "node_mw": 285, "osm_id": 89815042, "municipio": "Santiago"}, "geometry": {"type": "Polygon", "coordinates": [[[-8.55803, 42.86219], [-8.55777, 42.86216], [-8.55775, 42.86229], [-8.55754, 42.86227], [-8.55749, 42.86221], [-8.55754, 42.86198], [-8.55726, 42.86195], [-8.55735, 42.86153], [-8.55736, 42.86153], [-8.55742, 42.86134], [-8.55751, 42.86138], [-8.55765, 42.86149], [-8.55804, 42.86187], [-8.55808, 42.86194], [-8.55803, 42.86219]]]}}, {"type": "Feature", "properties": {"area_ha": 0.148, "dist_km": 1.813, "node": "SANTIAGO 220", "node_mw": 285, "osm_id": 89815044, "municipio": "Santiago"}, "geometry": {"type": "Polygon", "coordinates": [[[-8.55786, 42.86077], [-8.5578, 42.86072], [-8.5577, 42.8607], [-8.5576, 42.86069], [-8.55756, 42.86081], [-8.55745, 42.86122], [-8.55749, 42.86127], [-8.55772, 42.8613], [-8.55786, 42.86077]]]}}, {"type": "Feature", "properties": {"area_ha": 0.583, "dist_km": 1.864, "node": "SANTIAGO 220", "node_mw": 285, "osm_id": 89815051, "municipio": "Santiago"}, "geometry": {"type": "Polygon", "coordinates": [[[-8.55754, 42.86045], [-8.55744, 42.86078], [-8.55734, 42.86115], [-8.55735, 42.86115], [-8.55732, 42.86127], [-8.55714, 42.86203], [-8.55688, 42.86199], [-8.55688, 42.86197], [-8.55675, 42.86194], [-8.5569, 42.86129], [-8.55693, 42.86129], [-8.55699, 42.86104], [-8.55706, 42.86078], [-8.55713, 42.86052], [-8.55721, 42.86029], [-8.55754, 42.86045]]]}}, {"type": "Feature", "properties": {"area_ha": 0.653, "dist_km": 1.381, "node": "SANTIAGO 220", "node_mw": 285, "osm_id": 89817090, "municipio": "Santiago"}, "geometry": {"type": "Polygon", "coordinates": [[[-8.56856, 42.86461], [-8.56821, 42.86487], [-8.56777, 42.86512], [-8.56762, 42.86501], [-8.56727, 42.86483], [-8.56711, 42.86474], [-8.56754, 42.86443], [-8.56746, 42.86437], [-8.56754, 42.86434], [-8.56775, 42.8643], [-8.56803, 42.8643], [-8.56826, 42.86432], [-8.56846, 42.86439], [-8.56854, 42.86444], [-8.56859, 42.86452], [-8.56856, 42.86461]]]}}, {"type": "Feature", "properties": {"area_ha": 2.017, "dist_km": 3.039, "node": "SANTIAGO 220", "node_mw": 285, "osm_id": 145730036, "municipio": "Santiago"}, "geometry": {"type": "Polygon", "coordinates": [[[-8.54846, 42.83879], [-8.54903, 42.83818], [-8.54969, 42.83844], [-8.55025, 42.83776], [-8.54969, 42.83753], [-8.54952, 42.83756], [-8.54939, 42.8377], [-8.54872, 42.83777], [-8.54765, 42.83757], [-8.54735, 42.8376], [-8.54697, 42.83807], [-8.54846, 42.83879]]]}}, {"type": "Feature", "properties": {"area_ha": 0.158, "dist_km": 1.895, "node": "SANTIAGO 220", "node_mw": 285, "osm_id": 145730055, "municipio": "Santiago"}, "geometry": {"type": "Polygon", "coordinates": [[[-8.5583, 42.86296], [-8.55815, 42.86288], [-8.55801, 42.86279], [-8.55763, 42.86314], [-8.55773, 42.86325], [-8.55784, 42.86337], [-8.55805, 42.86317], [-8.5583, 42.86296]]]}}, {"type": "Feature", "properties": {"area_ha": 0.101, "dist_km": 2.62, "node": "SANTIAGO 220", "node_mw": 285, "osm_id": 145730117, "municipio": "Santiago"}, "geometry": {"type": "Polygon", "coordinates": [[[-8.55285, 42.84016], [-8.5531, 42.84023], [-8.5533, 42.83984], [-8.55306, 42.83978], [-8.55285, 42.84016]]]}}, {"type": "Feature", "properties": {"area_ha": 0.07, "dist_km": 3.03, "node": "SANTIAGO 220", "node_mw": 285, "osm_id": 156974814, "municipio": "Santiago"}, "geometry": {"type": "Polygon", "coordinates": [[[-8.56098, 42.87906], [-8.56112, 42.87901], [-8.5611, 42.87897], [-8.56107, 42.87898], [-8.56104, 42.87893], [-8.56112, 42.8789], [-8.56113, 42.87892], [-8.5613, 42.87888], [-8.56146, 42.87883], [-8.56149, 42.8789], [-8.56159, 42.87888], [-8.56155, 42.87877], [-8.56146, 42.87874], [-8.56109, 42.87883], [-8.56091, 42.87889], [-8.56087, 42.87891], [-8.56091, 42.87897], [-8.56097, 42.87895], [-8.561, 42.87899], [-8.56094, 42.87901], [-8.56098, 42.87906]]]}}, {"type": "Feature", "properties": {"area_ha": 0.052, "dist_km": 2.379, "node": "SANTIAGO 220", "node_mw": 285, "osm_id": 161577067, "municipio": "Santiago"}, "geometry": {"type": "Polygon", "coordinates": [[[-8.55277, 42.86487], [-8.55266, 42.86492], [-8.55239, 42.86505], [-8.55235, 42.86507], [-8.55229, 42.86496], [-8.55257, 42.86483], [-8.55268, 42.86478], [-8.55271, 42.86476], [-8.55277, 42.86487]]]}}, {"type": "Feature", "properties": {"area_ha": 0.103, "dist_km": 2.639, "node": "SANTIAGO 220", "node_mw": 285, "osm_id": 178409985, "municipio": "Santiago"}, "geometry": {"type": "Polygon", "coordinates": [[[-8.5526, 42.84009], [-8.5528, 42.8397], [-8.55306, 42.83978], [-8.55296, 42.83995], [-8.55285, 42.84016], [-8.5526, 42.84009]]]}}, {"type": "Feature", "properties": {"area_ha": 0.104, "dist_km": 2.662, "node": "SANTIAGO 220", "node_mw": 285, "osm_id": 178409988, "municipio": "Santiago"}, "geometry": {"type": "Polygon", "coordinates": [[[-8.5528, 42.8397], [-8.55254, 42.83963], [-8.55234, 42.84003], [-8.5526, 42.84009], [-8.5528, 42.8397]]]}}, {"type": "Feature", "properties": {"area_ha": 0.157, "dist_km": 2.72, "node": "SANTIAGO 220", "node_mw": 285, "osm_id": 178410093, "municipio": "Santiago"}, "geometry": {"type": "Polygon", "coordinates": [[[-8.55097, 42.84061], [-8.5512, 42.84066], [-8.55148, 42.83999], [-8.55124, 42.83994], [-8.55097, 42.84061]]]}}, {"type": "Feature", "properties": {"area_ha": 0.158, "dist_km": 2.739, "node": "SANTIAGO 220", "node_mw": 285, "osm_id": 178410094, "municipio": "Santiago"}, "geometry": {"type": "Polygon", "coordinates": [[[-8.55097, 42.84061], [-8.55073, 42.84056], [-8.55101, 42.83988], [-8.55124, 42.83994], [-8.55097, 42.84061]]]}}, {"type": "Feature", "properties": {"area_ha": 0.187, "dist_km": 0.573, "node": "SANTIAGO 220", "node_mw": 285, "osm_id": 187447435, "municipio": "Santiago"}, "geometry": {"type": "Polygon", "coordinates": [[[-8.58169, 42.85051], [-8.5821, 42.85048], [-8.58204, 42.85002], [-8.58155, 42.85006], [-8.58158, 42.85024], [-8.58165, 42.85023], [-8.58169, 42.85051]]]}}, {"type": "Feature", "properties": {"area_ha": 0.248, "dist_km": 1.382, "node": "SANTIAGO 220", "node_mw": 285, "osm_id": 190127283, "municipio": "Santiago"}, "geometry": {"type": "Polygon", "coordinates": [[[-8.56831, 42.86434], [-8.56763, 42.86482], [-8.5679, 42.86503], [-8.56858, 42.86454], [-8.56831, 42.86434]]]}}, {"type": "Feature", "properties": {"area_ha": 0.126, "dist_km": 0.683, "node": "SANTIAGO 220", "node_mw": 285, "osm_id": 203401353, "municipio": "Santiago"}, "geometry": {"type": "Polygon", "coordinates": [[[-8.56956, 42.85432], [-8.56979, 42.85442], [-8.57014, 42.85397], [-8.56991, 42.85387], [-8.56956, 42.85432]]]}}, {"type": "Feature", "properties": {"area_ha": 0.067, "dist_km": 1.742, "node": "SANTIAGO 220", "node_mw": 285, "osm_id": 220592622, "municipio": "Santiago"}, "geometry": {"type": "Polygon", "coordinates": [[[-8.57329, 42.87002], [-8.57327, 42.86994], [-8.57381, 42.86987], [-8.57383, 42.86994], [-8.57385, 42.87001], [-8.5734, 42.87006], [-8.57334, 42.87002], [-8.57333, 42.87002], [-8.57329, 42.87002]]]}}, {"type": "Feature", "properties": {"area_ha": 0.282, "dist_km": 1.807, "node": "SANTIAGO 220", "node_mw": 285, "osm_id": 220592624, "municipio": "Santiago"}, "geometry": {"type": "Polygon", "coordinates": [[[-8.57281, 42.87077], [-8.57301, 42.87059], [-8.57255, 42.87033], [-8.57259, 42.87029], [-8.57254, 42.87026], [-8.5725, 42.87023], [-8.57237, 42.87012], [-8.57236, 42.87008], [-8.57224, 42.87011], [-8.57245, 42.87028], [-8.57225, 42.87047], [-8.57221, 42.87044], [-8.5723, 42.87036], [-8.57206, 42.87021], [-8.57194, 42.87032], [-8.57199, 42.87035], [-8.57194, 42.8704], [-8.57274, 42.87083], [-8.57278, 42.8708], [-8.57281, 42.87077]]]}}, {"type": "Feature", "properties": {"area_ha": 0.813, "dist_km": 1.964, "node": "SANTIAGO 220", "node_mw": 285, "osm_id": 220592643, "municipio": "Santiago"}, "geometry": {"type": "Polygon", "coordinates": [[[-8.58133, 42.87302], [-8.58168, 42.87275], [-8.58155, 42.87267], [-8.58165, 42.87259], [-8.58157, 42.87253], [-8.58183, 42.87232], [-8.58187, 42.87234], [-8.58204, 42.87221], [-8.58199, 42.87218], [-8.58235, 42.87189], [-8.58208, 42.87172], [-8.58151, 42.87217], [-8.58145, 42.87213], [-8.58159, 42.87202], [-8.58152, 42.87198], [-8.58186, 42.8717], [-8.5818, 42.87167], [-8.58174, 42.87165], [-8.58166, 42.87165], [-8.58158, 42.87166], [-8.58149, 42.87172], [-8.58134, 42.87185], [-8.5812, 42.87195], [-8.58144, 42.87212], [-8.5813, 42.87224], [-8.58132, 42.87225], [-8.58112, 42.87242], [-8.58116, 42.87245], [-8.58107, 42.87252], [-8.581, 42.87248], [-8.58095, 42.87251], [-8.58067, 42.87233], [-8.58048, 42.87249], [-8.58069, 42.87262], [-8.58133, 42.87302]]]}}, {"type": "Feature", "properties": {"area_ha": 1.614, "dist_km": 1.956, "node": "SANTIAGO 220", "node_mw": 285, "osm_id": 222166753, "municipio": "Santiago"}, "geometry": {"type": "Polygon", "coordinates": [[[-8.58139, 42.8731], [-8.58167, 42.87281], [-8.58175, 42.87271], [-8.58186, 42.87253], [-8.58194, 42.87243], [-8.58236, 42.87195], [-8.58256, 42.87169], [-8.58267, 42.8715], [-8.58236, 42.87134], [-8.58221, 42.87132], [-8.58204, 42.87135], [-8.58177, 42.8715], [-8.58109, 42.87196], [-8.58105, 42.87198], [-8.58103, 42.87196], [-8.58048, 42.87243], [-8.58047, 42.87246], [-8.58048, 42.87249], [-8.58069, 42.87262], [-8.58139, 42.8731]]]}}, {"type": "Feature", "properties": {"area_ha": 0.039, "dist_km": 0.652, "node": "SANTIAGO 220", "node_mw": 285, "osm_id": 226126914, "municipio": "Santiago"}, "geometry": {"type": "Polygon", "coordinates": [[[-8.57272, 42.85064], [-8.57275, 42.85052], [-8.5724, 42.85046], [-8.57237, 42.85058], [-8.57272, 42.85064]]]}}, {"type": "Feature", "properties": {"area_ha": 0.054, "dist_km": 1.804, "node": "SANTIAGO 220", "node_mw": 285, "osm_id": 230480094, "municipio": "Santiago"}, "geometry": {"type": "Polygon", "coordinates": [[[-8.55776, 42.86057], [-8.5577, 42.86054], [-8.55754, 42.86045], [-8.55744, 42.86078], [-8.55756, 42.86081], [-8.5576, 42.86069], [-8.5577, 42.8607], [-8.55776, 42.86057]]]}}, {"type": "Feature", "properties": {"area_ha": 0.107, "dist_km": 1.581, "node": "SANTIAGO 220", "node_mw": 285, "osm_id": 334678466, "municipio": "Santiago"}, "geometry": {"type": "Polygon", "coordinates": [[[-8.58145, 42.84046], [-8.58193, 42.84082], [-8.58183, 42.8409], [-8.58122, 42.84063], [-8.58145, 42.84046]]]}}, {"type": "Feature", "properties": {"area_ha": 0.156, "dist_km": 1.623, "node": "SANTIAGO 220", "node_mw": 285, "osm_id": 334678483, "municipio": "Santiago"}, "geometry": {"type": "Polygon", "coordinates": [[[-8.58247, 42.84045], [-8.58218, 42.84064], [-8.58177, 42.84033], [-8.58206, 42.84013], [-8.58247, 42.84045]]]}}, {"type": "Feature", "properties": {"area_ha": 0.052, "dist_km": 0.465, "node": "SANTIAGO 220", "node_mw": 285, "osm_id": 413576888, "municipio": "Santiago"}, "geometry": {"type": "Polygon", "coordinates": [[[-8.58267, 42.8521], [-8.58258, 42.85172], [-8.58251, 42.85173], [-8.58245, 42.85204], [-8.58245, 42.85207], [-8.58245, 42.85211], [-8.58267, 42.8521]]]}}, {"type": "Feature", "properties": {"area_ha": 0.028, "dist_km": 0.445, "node": "SANTIAGO 220", "node_mw": 285, "osm_id": 413576891, "municipio": "Santiago"}, "geometry": {"type": "Polygon", "coordinates": [[[-8.58245, 42.85211], [-8.58213, 42.85211], [-8.5821, 42.85208], [-8.58211, 42.852], [-8.58241, 42.85204], [-8.58245, 42.85204], [-8.58245, 42.85207], [-8.58245, 42.85211]]]}}, {"type": "Feature", "properties": {"area_ha": 0.091, "dist_km": 0.484, "node": "SANTIAGO 220", "node_mw": 285, "osm_id": 413576892, "municipio": "Santiago"}, "geometry": {"type": "Polygon", "coordinates": [[[-8.58267, 42.8521], [-8.58293, 42.85208], [-8.58285, 42.85171], [-8.58258, 42.85172], [-8.58267, 42.8521]]]}}, {"type": "Feature", "properties": {"area_ha": 0.085, "dist_km": 0.502, "node": "SANTIAGO 220", "node_mw": 285, "osm_id": 413576893, "municipio": "Santiago"}, "geometry": {"type": "Polygon", "coordinates": [[[-8.58293, 42.85208], [-8.58318, 42.85205], [-8.58309, 42.85168], [-8.58285, 42.85171], [-8.58293, 42.85208]]]}}, {"type": "Feature", "properties": {"area_ha": 0.084, "dist_km": 0.52, "node": "SANTIAGO 220", "node_mw": 285, "osm_id": 413576895, "municipio": "Santiago"}, "geometry": {"type": "Polygon", "coordinates": [[[-8.58318, 42.85205], [-8.58342, 42.85202], [-8.58333, 42.85165], [-8.58309, 42.85168], [-8.58318, 42.85205]]]}}, {"type": "Feature", "properties": {"area_ha": 0.049, "dist_km": 0.534, "node": "SANTIAGO 220", "node_mw": 285, "osm_id": 413576896, "municipio": "Santiago"}, "geometry": {"type": "Polygon", "coordinates": [[[-8.58342, 42.85202], [-8.5836, 42.85199], [-8.58356, 42.85191], [-8.58343, 42.85162], [-8.58333, 42.85165], [-8.58342, 42.85202]]]}}, {"type": "Feature", "properties": {"area_ha": 0.079, "dist_km": 0.55, "node": "SANTIAGO 220", "node_mw": 285, "osm_id": 413576897, "municipio": "Santiago"}, "geometry": {"type": "Polygon", "coordinates": [[[-8.5836, 42.85199], [-8.5839, 42.85193], [-8.58395, 42.85189], [-8.58384, 42.85166], [-8.58356, 42.85173], [-8.58362, 42.85189], [-8.58356, 42.85191], [-8.5836, 42.85199]]]}}, {"type": "Feature", "properties": {"area_ha": 0.131, "dist_km": 0.572, "node": "SANTIAGO 220", "node_mw": 285, "osm_id": 413576898, "municipio": "Santiago"}, "geometry": {"type": "Polygon", "coordinates": [[[-8.58356, 42.85173], [-8.58334, 42.85128], [-8.58361, 42.85122], [-8.58363, 42.85121], [-8.58384, 42.85166], [-8.58356, 42.85173]]]}}, {"type": "Feature", "properties": {"area_ha": 0.028, "dist_km": 0.575, "node": "SANTIAGO 220", "node_mw": 285, "osm_id": 413576900, "municipio": "Santiago"}, "geometry": {"type": "Polygon", "coordinates": [[[-8.58361, 42.85122], [-8.58358, 42.85113], [-8.58326, 42.8512], [-8.58328, 42.85129], [-8.58334, 42.85128], [-8.58361, 42.85122]]]}}, {"type": "Feature", "properties": {"area_ha": 0.268, "dist_km": 0.531, "node": "SANTIAGO 220", "node_mw": 285, "osm_id": 413576901, "municipio": "Santiago"}, "geometry": {"type": "Polygon", "coordinates": [[[-8.58326, 42.8512], [-8.5829, 42.85125], [-8.58278, 42.85126], [-8.58254, 42.85128], [-8.58258, 42.85142], [-8.58252, 42.85166], [-8.58286, 42.85163], [-8.583, 42.85162], [-8.58324, 42.85158], [-8.58342, 42.85154], [-8.58328, 42.85129], [-8.58326, 42.8512]]]}}, {"type": "Feature", "properties": {"area_ha": 0.204, "dist_km": 0.489, "node": "SANTIAGO 220", "node_mw": 285, "osm_id": 413576903, "municipio": "Santiago"}, "geometry": {"type": "Polygon", "coordinates": [[[-8.58254, 42.85128], [-8.58227, 42.85129], [-8.58211, 42.852], [-8.58241, 42.85204], [-8.58254, 42.85141], [-8.58258, 42.85142], [-8.58254, 42.85128]]]}}, {"type": "Feature", "properties": {"area_ha": 0.094, "dist_km": 0.39, "node": "SANTIAGO 220", "node_mw": 285, "osm_id": 413576904, "municipio": "Santiago"}, "geometry": {"type": "Polygon", "coordinates": [[[-8.58249, 42.85276], [-8.5824, 42.85309], [-8.5821, 42.85305], [-8.58211, 42.8528], [-8.5822, 42.85281], [-8.58221, 42.85278], [-8.58238, 42.85274], [-8.58249, 42.85276]]]}}, {"type": "Feature", "properties": {"area_ha": 0.089, "dist_km": 0.516, "node": "SANTIAGO 220", "node_mw": 285, "osm_id": 413576908, "municipio": "Santiago"}, "geometry": {"type": "Polygon", "coordinates": [[[-8.58471, 42.85483], [-8.5847, 42.85454], [-8.58436, 42.85455], [-8.58437, 42.85484], [-8.58471, 42.85483]]]}}, {"type": "Feature", "properties": {"area_ha": 0.081, "dist_km": 0.551, "node": "SANTIAGO 220", "node_mw": 285, "osm_id": 413576909, "municipio": "Santiago"}, "geometry": {"type": "Polygon", "coordinates": [[[-8.58512, 42.85482], [-8.5851, 42.85452], [-8.5848, 42.85453], [-8.58482, 42.85483], [-8.58512, 42.85482]]]}}, {"type": "Feature", "properties": {"area_ha": 0.079, "dist_km": 0.586, "node": "SANTIAGO 220", "node_mw": 285, "osm_id": 413576910, "municipio": "Santiago"}, "geometry": {"type": "Polygon", "coordinates": [[[-8.58556, 42.85478], [-8.58552, 42.85449], [-8.58523, 42.85451], [-8.58526, 42.8548], [-8.58556, 42.85478]]]}}, {"type": "Feature", "properties": {"area_ha": 0.378, "dist_km": 0.706, "node": "SANTIAGO 220", "node_mw": 285, "osm_id": 413576914, "municipio": "Santiago"}, "geometry": {"type": "Polygon", "coordinates": [[[-8.58707, 42.855], [-8.58651, 42.85499], [-8.58651, 42.85462], [-8.58627, 42.85462], [-8.58627, 42.85446], [-8.58625, 42.85446], [-8.58625, 42.85432], [-8.58676, 42.85433], [-8.58676, 42.85443], [-8.5869, 42.85443], [-8.58708, 42.85455], [-8.58708, 42.85488], [-8.58709, 42.85487], [-8.5871, 42.85486], [-8.58712, 42.85485], [-8.58714, 42.85486], [-8.58716, 42.85487], [-8.58716, 42.85489], [-8.58716, 42.85491], [-8.58714, 42.85492], [-8.58714, 42.85496], [-8.58707, 42.85496], [-8.58707, 42.855]]]}}, {"type": "Feature", "properties": {"area_ha": 0.084, "dist_km": 0.58, "node": "SANTIAGO 220", "node_mw": 285, "osm_id": 413576918, "municipio": "Santiago"}, "geometry": {"type": "Polygon", "coordinates": [[[-8.58287, 42.85103], [-8.58274, 42.85059], [-8.58296, 42.85058], [-8.58301, 42.85084], [-8.58305, 42.85084], [-8.58308, 42.851], [-8.58287, 42.85103]]]}}, {"type": "Feature", "properties": {"area_ha": 0.146, "dist_km": 1.32, "node": "SANTIAGO 220", "node_mw": 285, "osm_id": 424602806, "municipio": "Santiago"}, "geometry": {"type": "Polygon", "coordinates": [[[-8.58378, 42.8435], [-8.58356, 42.84359], [-8.58347, 42.84347], [-8.58314, 42.8436], [-8.58301, 42.84342], [-8.58356, 42.8432], [-8.58378, 42.8435]]]}}, {"type": "Feature", "properties": {"area_ha": 0.15, "dist_km": 0.524, "node": "SANTIAGO 220", "node_mw": 285, "osm_id": 497161444, "municipio": "Santiago"}, "geometry": {"type": "Polygon", "coordinates": [[[-8.58212, 42.85063], [-8.58203, 42.85109], [-8.58167, 42.85104], [-8.58177, 42.8506], [-8.58212, 42.85063]]]}}, {"type": "Feature", "properties": {"area_ha": 0.219, "dist_km": 0.462, "node": "SANTIAGO 220", "node_mw": 285, "osm_id": 497161445, "municipio": "Santiago"}, "geometry": {"type": "Polygon", "coordinates": [[[-8.582, 42.85119], [-8.58186, 42.85176], [-8.58144, 42.8517], [-8.5816, 42.85114], [-8.582, 42.85119]]]}}, {"type": "Feature", "properties": {"area_ha": 0.082, "dist_km": 0.559, "node": "SANTIAGO 220", "node_mw": 285, "osm_id": 497161446, "municipio": "Santiago"}, "geometry": {"type": "Polygon", "coordinates": [[[-8.58273, 42.85105], [-8.58265, 42.85061], [-8.58249, 42.85062], [-8.58251, 42.85078], [-8.58246, 42.85079], [-8.58251, 42.85107], [-8.58273, 42.85105]]]}}, {"type": "Feature", "properties": {"area_ha": 0.185, "dist_km": 0.638, "node": "SANTIAGO 220", "node_mw": 285, "osm_id": 497161451, "municipio": "Santiago"}, "geometry": {"type": "Polygon", "coordinates": [[[-8.58294, 42.85049], [-8.58272, 42.84989], [-8.58304, 42.84985], [-8.58327, 42.85044], [-8.58294, 42.85049]]]}}, {"type": "Feature", "properties": {"area_ha": 0.263, "dist_km": 1.674, "node": "SANTIAGO 220", "node_mw": 285, "osm_id": 497162722, "municipio": "Santiago"}, "geometry": {"type": "Polygon", "coordinates": [[[-8.58027, 42.83921], [-8.57917, 42.84001], [-8.57903, 42.8401], [-8.57888, 42.83999], [-8.58011, 42.83909], [-8.58027, 42.83921]]]}}, {"type": "Feature", "properties": {"area_ha": 0.323, "dist_km": 1.713, "node": "SANTIAGO 220", "node_mw": 285, "osm_id": 497162731, "municipio": "Santiago"}, "geometry": {"type": "Polygon", "coordinates": [[[-8.58161, 42.83957], [-8.58142, 42.83942], [-8.58124, 42.83926], [-8.58112, 42.83934], [-8.58095, 42.8392], [-8.5806, 42.83944], [-8.58116, 42.83989], [-8.58161, 42.83957]]]}}, {"type": "Feature", "properties": {"area_ha": 0.145, "dist_km": 1.738, "node": "SANTIAGO 220", "node_mw": 285, "osm_id": 497162734, "municipio": "Santiago"}, "geometry": {"type": "Polygon", "coordinates": [[[-8.58142, 42.83942], [-8.58168, 42.83924], [-8.58127, 42.83897], [-8.58095, 42.8392], [-8.58112, 42.83934], [-8.58124, 42.83926], [-8.58142, 42.83942]]]}}, {"type": "Feature", "properties": {"area_ha": 0.118, "dist_km": 1.853, "node": "SANTIAGO 220", "node_mw": 285, "osm_id": 497162737, "municipio": "Santiago"}, "geometry": {"type": "Polygon", "coordinates": [[[-8.58091, 42.83796], [-8.58031, 42.83839], [-8.58016, 42.83829], [-8.58076, 42.83785], [-8.58091, 42.83796]]]}}, {"type": "Feature", "properties": {"area_ha": 0.092, "dist_km": 1.608, "node": "SANTIAGO 220", "node_mw": 285, "osm_id": 497163180, "municipio": "Santiago"}, "geometry": {"type": "Polygon", "coordinates": [[[-8.57903, 42.8401], [-8.57938, 42.84032], [-8.57972, 42.84053], [-8.5798, 42.84047], [-8.57952, 42.84026], [-8.57935, 42.84014], [-8.57917, 42.84001], [-8.57903, 42.8401]]]}}, {"type": "Feature", "properties": {"area_ha": 0.105, "dist_km": 1.634, "node": "SANTIAGO 220", "node_mw": 285, "osm_id": 497163181, "municipio": "Santiago"}, "geometry": {"type": "Polygon", "coordinates": [[[-8.57952, 42.84026], [-8.58, 42.83997], [-8.57984, 42.83982], [-8.57935, 42.84014], [-8.57952, 42.84026]]]}}, {"type": "Feature", "properties": {"area_ha": 0.018, "dist_km": 1.616, "node": "SANTIAGO 220", "node_mw": 285, "osm_id": 497163183, "municipio": "Santiago"}, "geometry": {"type": "Polygon", "coordinates": [[[-8.58037, 42.84025], [-8.58026, 42.84033], [-8.58014, 42.84024], [-8.58025, 42.84016], [-8.58037, 42.84025]]]}}, {"type": "Feature", "properties": {"area_ha": 0.398, "dist_km": 0.738, "node": "SANTIAGO 220", "node_mw": 285, "osm_id": 659937798, "municipio": "Santiago"}, "geometry": {"type": "Polygon", "coordinates": [[[-8.5864, 42.85285], [-8.58619, 42.85209], [-8.58691, 42.85198], [-8.58699, 42.85229], [-8.58688, 42.8523], [-8.58691, 42.85241], [-8.5868, 42.85242], [-8.58683, 42.85253], [-8.58673, 42.85255], [-8.58676, 42.85267], [-8.58663, 42.85269], [-8.58667, 42.85281], [-8.5864, 42.85285]]]}}, {"type": "Feature", "properties": {"area_ha": 0.253, "dist_km": 0.76, "node": "SANTIAGO 220", "node_mw": 285, "osm_id": 659937799, "municipio": "Santiago"}, "geometry": {"type": "Polygon", "coordinates": [[[-8.58698, 42.8515], [-8.58595, 42.8517], [-8.58587, 42.85145], [-8.58688, 42.85124], [-8.58698, 42.8515]]]}}, {"type": "Feature", "properties": {"area_ha": 0.217, "dist_km": 0.764, "node": "SANTIAGO 220", "node_mw": 285, "osm_id": 659937800, "municipio": "Santiago"}, "geometry": {"type": "Polygon", "coordinates": [[[-8.58672, 42.85116], [-8.5858, 42.85135], [-8.58573, 42.8511], [-8.58661, 42.85092], [-8.58672, 42.85116]]]}}, {"type": "Feature", "properties": {"area_ha": 0.186, "dist_km": 0.774, "node": "SANTIAGO 220", "node_mw": 285, "osm_id": 659937801, "municipio": "Santiago"}, "geometry": {"type": "Polygon", "coordinates": [[[-8.58662, 42.85083], [-8.58562, 42.85101], [-8.58556, 42.85082], [-8.58654, 42.85063], [-8.58662, 42.85083]]]}}, {"type": "Feature", "properties": {"area_ha": 0.85, "dist_km": 0.654, "node": "SANTIAGO 220", "node_mw": 285, "osm_id": 659937802, "municipio": "Santiago"}, "geometry": {"type": "Polygon", "coordinates": [[[-8.58548, 42.85157], [-8.58442, 42.85184], [-8.58402, 42.85107], [-8.58516, 42.85082], [-8.58548, 42.85157]]]}}, {"type": "Feature", "properties": {"area_ha": 0.238, "dist_km": 1.22, "node": "SANTIAGO 220", "node_mw": 285, "osm_id": 659939608, "municipio": "Santiago"}, "geometry": {"type": "Polygon", "coordinates": [[[-8.58248, 42.84444], [-8.58179, 42.84421], [-8.582, 42.84389], [-8.58248, 42.84405], [-8.58267, 42.84412], [-8.58248, 42.84444]]]}}, {"type": "Feature", "properties": {"area_ha": 0.071, "dist_km": 1.254, "node": "SANTIAGO 220", "node_mw": 285, "osm_id": 659939612, "municipio": "Santiago"}, "geometry": {"type": "Polygon", "coordinates": [[[-8.58269, 42.84371], [-8.58248, 42.84405], [-8.58267, 42.84412], [-8.58287, 42.84377], [-8.58269, 42.84371]]]}}, {"type": "Feature", "properties": {"area_ha": 0.063, "dist_km": 2.407, "node": "SANTIAGO 220", "node_mw": 285, "osm_id": 762061582, "municipio": "Santiago"}, "geometry": {"type": "Polygon", "coordinates": [[[-8.55277, 42.86552], [-8.553, 42.86588], [-8.55289, 42.86591], [-8.55279, 42.86595], [-8.55269, 42.86569], [-8.55274, 42.86567], [-8.55266, 42.86555], [-8.55277, 42.86552]]]}}, {"type": "Feature", "properties": {"area_ha": 0.027, "dist_km": 0.49, "node": "SANTIAGO 220", "node_mw": 285, "osm_id": 777701363, "municipio": "Santiago"}, "geometry": {"type": "Polygon", "coordinates": [[[-8.58441, 42.85427], [-8.58437, 42.85428], [-8.58401, 42.85427], [-8.58401, 42.85423], [-8.58402, 42.85419], [-8.58405, 42.85419], [-8.58441, 42.85421], [-8.58441, 42.85427]]]}}, {"type": "Feature", "properties": {"area_ha": 0.064, "dist_km": 0.475, "node": "SANTIAGO 220", "node_mw": 285, "osm_id": 777701364, "municipio": "Santiago"}, "geometry": {"type": "Polygon", "coordinates": [[[-8.584, 42.85428], [-8.58382, 42.85428], [-8.58389, 42.85391], [-8.58408, 42.85392], [-8.58402, 42.85419], [-8.58401, 42.85423], [-8.58401, 42.85427], [-8.584, 42.85428]]]}}, {"type": "Feature", "properties": {"area_ha": 0.063, "dist_km": 0.458, "node": "SANTIAGO 220", "node_mw": 285, "osm_id": 777701365, "municipio": "Santiago"}, "geometry": {"type": "Polygon", "coordinates": [[[-8.58382, 42.85428], [-8.58364, 42.85428], [-8.5837, 42.85389], [-8.58389, 42.85391], [-8.58382, 42.85428]]]}}, {"type": "Feature", "properties": {"area_ha": 0.089, "dist_km": 0.441, "node": "SANTIAGO 220", "node_mw": 285, "osm_id": 777701366, "municipio": "Santiago"}, "geometry": {"type": "Polygon", "coordinates": [[[-8.58364, 42.85428], [-8.58338, 42.85426], [-8.58346, 42.85387], [-8.5837, 42.85389], [-8.58364, 42.85428]]]}}, {"type": "Feature", "properties": {"area_ha": 0.044, "dist_km": 0.426, "node": "SANTIAGO 220", "node_mw": 285, "osm_id": 777701367, "municipio": "Santiago"}, "geometry": {"type": "Polygon", "coordinates": [[[-8.58338, 42.85426], [-8.58326, 42.85426], [-8.58333, 42.85387], [-8.58346, 42.85387], [-8.58338, 42.85426]]]}}, {"type": "Feature", "properties": {"area_ha": 0.044, "dist_km": 0.416, "node": "SANTIAGO 220", "node_mw": 285, "osm_id": 777701368, "municipio": "Santiago"}, "geometry": {"type": "Polygon", "coordinates": [[[-8.58326, 42.85426], [-8.58314, 42.85425], [-8.58321, 42.85386], [-8.58333, 42.85387], [-8.58326, 42.85426]]]}}, {"type": "Feature", "properties": {"area_ha": 0.043, "dist_km": 0.407, "node": "SANTIAGO 220", "node_mw": 285, "osm_id": 777701369, "municipio": "Santiago"}, "geometry": {"type": "Polygon", "coordinates": [[[-8.58302, 42.85424], [-8.58314, 42.85425], [-8.58321, 42.85386], [-8.58308, 42.85386], [-8.58302, 42.85424]]]}}, {"type": "Feature", "properties": {"area_ha": 0.043, "dist_km": 0.397, "node": "SANTIAGO 220", "node_mw": 285, "osm_id": 777701370, "municipio": "Santiago"}, "geometry": {"type": "Polygon", "coordinates": [[[-8.5829, 42.85423], [-8.58302, 42.85424], [-8.58308, 42.85386], [-8.58296, 42.85385], [-8.5829, 42.85423]]]}}, {"type": "Feature", "properties": {"area_ha": 0.085, "dist_km": 0.383, "node": "SANTIAGO 220", "node_mw": 285, "osm_id": 777701371, "municipio": "Santiago"}, "geometry": {"type": "Polygon", "coordinates": [[[-8.58266, 42.85421], [-8.5829, 42.85423], [-8.58296, 42.85385], [-8.58272, 42.85384], [-8.58266, 42.85421]]]}}, {"type": "Feature", "properties": {"area_ha": 0.083, "dist_km": 0.359, "node": "SANTIAGO 220", "node_mw": 285, "osm_id": 777701372, "municipio": "Santiago"}, "geometry": {"type": "Polygon", "coordinates": [[[-8.58241, 42.85418], [-8.58266, 42.85421], [-8.58272, 42.85384], [-8.58247, 42.85381], [-8.58245, 42.85392], [-8.58244, 42.85403], [-8.58242, 42.85412], [-8.58241, 42.85418]]]}}, {"type": "Feature", "properties": {"area_ha": 0.017, "dist_km": 0.341, "node": "SANTIAGO 220", "node_mw": 285, "osm_id": 777701373, "municipio": "Santiago"}, "geometry": {"type": "Polygon", "coordinates": [[[-8.58216, 42.85418], [-8.58241, 42.85419], [-8.58241, 42.85418], [-8.58242, 42.85412], [-8.58217, 42.8541], [-8.58216, 42.85418]]]}}, {"type": "Feature", "properties": {"area_ha": 0.021, "dist_km": 0.342, "node": "SANTIAGO 220", "node_mw": 285, "osm_id": 777701374, "municipio": "Santiago"}, "geometry": {"type": "Polygon", "coordinates": [[[-8.58217, 42.8541], [-8.58242, 42.85412], [-8.58244, 42.85403], [-8.58218, 42.85401], [-8.58217, 42.8541]]]}}, {"type": "Feature", "properties": {"area_ha": 0.027, "dist_km": 0.342, "node": "SANTIAGO 220", "node_mw": 285, "osm_id": 777701375, "municipio": "Santiago"}, "geometry": {"type": "Polygon", "coordinates": [[[-8.58216, 42.85401], [-8.58218, 42.85401], [-8.58244, 42.85403], [-8.58245, 42.85392], [-8.58217, 42.85391], [-8.58216, 42.85401]]]}}, {"type": "Feature", "properties": {"area_ha": 0.029, "dist_km": 0.348, "node": "SANTIAGO 220", "node_mw": 285, "osm_id": 777701376, "municipio": "Santiago"}, "geometry": {"type": "Polygon", "coordinates": [[[-8.58217, 42.85391], [-8.58245, 42.85392], [-8.58247, 42.85381], [-8.58218, 42.8538], [-8.58217, 42.85391]]]}}, {"type": "Feature", "properties": {"area_ha": 0.08, "dist_km": 0.362, "node": "SANTIAGO 220", "node_mw": 285, "osm_id": 777701377, "municipio": "Santiago"}, "geometry": {"type": "Polygon", "coordinates": [[[-8.58215, 42.85378], [-8.58217, 42.85354], [-8.58234, 42.85355], [-8.58253, 42.85355], [-8.58252, 42.85358], [-8.58251, 42.85368], [-8.58251, 42.85378], [-8.5825, 42.8538], [-8.58215, 42.85378]]]}}, {"type": "Feature", "properties": {"area_ha": 0.057, "dist_km": 0.364, "node": "SANTIAGO 220", "node_mw": 285, "osm_id": 777701378, "municipio": "Santiago"}, "geometry": {"type": "Polygon", "coordinates": [[[-8.58217, 42.85337], [-8.58215, 42.85353], [-8.58217, 42.85354], [-8.58234, 42.85355], [-8.58253, 42.85355], [-8.58253, 42.85348], [-8.58254, 42.8534], [-8.58217, 42.85337]]]}}, {"type": "Feature", "properties": {"area_ha": 0.042, "dist_km": 0.376, "node": "SANTIAGO 220", "node_mw": 285, "osm_id": 777701379, "municipio": "Santiago"}, "geometry": {"type": "Polygon", "coordinates": [[[-8.58262, 42.85378], [-8.58267, 42.85341], [-8.58254, 42.8534], [-8.58253, 42.85348], [-8.58253, 42.85355], [-8.58252, 42.85358], [-8.58251, 42.85368], [-8.58251, 42.85378], [-8.58262, 42.85378]]]}}, {"type": "Feature", "properties": {"area_ha": 0.041, "dist_km": 0.387, "node": "SANTIAGO 220", "node_mw": 285, "osm_id": 777701380, "municipio": "Santiago"}, "geometry": {"type": "Polygon", "coordinates": [[[-8.58279, 42.85343], [-8.58267, 42.85341], [-8.58262, 42.85378], [-8.58274, 42.8538], [-8.58279, 42.85343]]]}}, {"type": "Feature", "properties": {"area_ha": 0.041, "dist_km": 0.396, "node": "SANTIAGO 220", "node_mw": 285, "osm_id": 777701381, "municipio": "Santiago"}, "geometry": {"type": "Polygon", "coordinates": [[[-8.58274, 42.8538], [-8.58286, 42.8538], [-8.58291, 42.85344], [-8.58279, 42.85343], [-8.58274, 42.8538]]]}}, {"type": "Feature", "properties": {"area_ha": 0.04, "dist_km": 0.405, "node": "SANTIAGO 220", "node_mw": 285, "osm_id": 777701382, "municipio": "Santiago"}, "geometry": {"type": "Polygon", "coordinates": [[[-8.58298, 42.85381], [-8.58286, 42.8538], [-8.58291, 42.85344], [-8.58303, 42.85345], [-8.58298, 42.85381]]]}}, {"type": "Feature", "properties": {"area_ha": 0.084, "dist_km": 0.419, "node": "SANTIAGO 220", "node_mw": 285, "osm_id": 777701383, "municipio": "Santiago"}, "geometry": {"type": "Polygon", "coordinates": [[[-8.58323, 42.85383], [-8.58298, 42.85381], [-8.58303, 42.85345], [-8.58328, 42.85347], [-8.58323, 42.85383]]]}}, {"type": "Feature", "properties": {"area_ha": 0.082, "dist_km": 0.438, "node": "SANTIAGO 220", "node_mw": 285, "osm_id": 777701384, "municipio": "Santiago"}, "geometry": {"type": "Polygon", "coordinates": [[[-8.58347, 42.85384], [-8.58323, 42.85383], [-8.58328, 42.85347], [-8.58353, 42.85348], [-8.58347, 42.85384]]]}}, {"type": "Feature", "properties": {"area_ha": 0.08, "dist_km": 0.458, "node": "SANTIAGO 220", "node_mw": 285, "osm_id": 777701385, "municipio": "Santiago"}, "geometry": {"type": "Polygon", "coordinates": [[[-8.58372, 42.85385], [-8.58347, 42.85384], [-8.58353, 42.85348], [-8.58378, 42.85349], [-8.58372, 42.85384], [-8.58372, 42.85385]]]}}, {"type": "Feature", "properties": {"area_ha": 0.122, "dist_km": 0.485, "node": "SANTIAGO 220", "node_mw": 285, "osm_id": 777701386, "municipio": "Santiago"}, "geometry": {"type": "Polygon", "coordinates": [[[-8.5841, 42.85387], [-8.58372, 42.85384], [-8.58378, 42.85349], [-8.58415, 42.8535], [-8.58414, 42.85356], [-8.5841, 42.85387]]]}}, {"type": "Feature", "properties": {"area_ha": 0.025, "dist_km": 0.512, "node": "SANTIAGO 220", "node_mw": 285, "osm_id": 777701387, "municipio": "Santiago"}, "geometry": {"type": "Polygon", "coordinates": [[[-8.58445, 42.85359], [-8.58416, 42.85357], [-8.58414, 42.85356], [-8.58415, 42.8535], [-8.58414, 42.85348], [-8.58441, 42.85349], [-8.58445, 42.85352], [-8.58445, 42.85359]]]}}, {"type": "Feature", "properties": {"area_ha": 0.019, "dist_km": 0.512, "node": "SANTIAGO 220", "node_mw": 285, "osm_id": 777701388, "municipio": "Santiago"}, "geometry": {"type": "Polygon", "coordinates": [[[-8.58446, 42.85365], [-8.58445, 42.85359], [-8.58416, 42.85357], [-8.58415, 42.85364], [-8.58446, 42.85365]]]}}, {"type": "Feature", "properties": {"area_ha": 0.019, "dist_km": 0.51, "node": "SANTIAGO 220", "node_mw": 285, "osm_id": 777701389, "municipio": "Santiago"}, "geometry": {"type": "Polygon", "coordinates": [[[-8.58446, 42.85372], [-8.58414, 42.8537], [-8.58415, 42.85364], [-8.58446, 42.85365], [-8.58446, 42.85372]]]}}, {"type": "Feature", "properties": {"area_ha": 0.021, "dist_km": 0.508, "node": "SANTIAGO 220", "node_mw": 285, "osm_id": 777701390, "municipio": "Santiago"}, "geometry": {"type": "Polygon", "coordinates": [[[-8.58445, 42.85379], [-8.58446, 42.85372], [-8.58414, 42.8537], [-8.58413, 42.85377], [-8.58445, 42.85379]]]}}, {"type": "Feature", "properties": {"area_ha": 0.019, "dist_km": 0.506, "node": "SANTIAGO 220", "node_mw": 285, "osm_id": 777701391, "municipio": "Santiago"}, "geometry": {"type": "Polygon", "coordinates": [[[-8.58445, 42.85385], [-8.58412, 42.85384], [-8.58413, 42.85377], [-8.58445, 42.85379], [-8.58445, 42.85385]]]}}, {"type": "Feature", "properties": {"area_ha": 0.022, "dist_km": 0.504, "node": "SANTIAGO 220", "node_mw": 285, "osm_id": 777701392, "municipio": "Santiago"}, "geometry": {"type": "Polygon", "coordinates": [[[-8.58445, 42.85392], [-8.5841, 42.8539], [-8.58412, 42.85384], [-8.58445, 42.85385], [-8.58445, 42.85392]]]}}, {"type": "Feature", "properties": {"area_ha": 0.021, "dist_km": 0.502, "node": "SANTIAGO 220", "node_mw": 285, "osm_id": 777701393, "municipio": "Santiago"}, "geometry": {"type": "Polygon", "coordinates": [[[-8.58444, 42.85399], [-8.58409, 42.85397], [-8.5841, 42.8539], [-8.58445, 42.85392], [-8.58444, 42.85399]]]}}, {"type": "Feature", "properties": {"area_ha": 0.023, "dist_km": 0.5, "node": "SANTIAGO 220", "node_mw": 285, "osm_id": 777701394, "municipio": "Santiago"}, "geometry": {"type": "Polygon", "coordinates": [[[-8.58443, 42.85406], [-8.58408, 42.85404], [-8.58409, 42.85397], [-8.58444, 42.85399], [-8.58443, 42.85406]]]}}, {"type": "Feature", "properties": {"area_ha": 0.021, "dist_km": 0.498, "node": "SANTIAGO 220", "node_mw": 285, "osm_id": 777701395, "municipio": "Santiago"}, "geometry": {"type": "Polygon", "coordinates": [[[-8.58443, 42.85413], [-8.58407, 42.8541], [-8.58408, 42.85404], [-8.58443, 42.85406], [-8.58443, 42.85413]]]}}, {"type": "Feature", "properties": {"area_ha": 0.029, "dist_km": 0.496, "node": "SANTIAGO 220", "node_mw": 285, "osm_id": 777701396, "municipio": "Santiago"}, "geometry": {"type": "Polygon", "coordinates": [[[-8.58443, 42.85413], [-8.58407, 42.8541], [-8.58405, 42.85419], [-8.58441, 42.85421], [-8.58443, 42.85413]]]}}, {"type": "Feature", "properties": {"area_ha": 0.046, "dist_km": 0.413, "node": "SANTIAGO 220", "node_mw": 285, "osm_id": 777701400, "municipio": "Santiago"}, "geometry": {"type": "Polygon", "coordinates": [[[-8.58272, 42.85314], [-8.58276, 42.85277], [-8.58263, 42.85275], [-8.58259, 42.85313], [-8.58272, 42.85314]]]}}, {"type": "Feature", "properties": {"area_ha": 0.042, "dist_km": 0.422, "node": "SANTIAGO 220", "node_mw": 285, "osm_id": 777701401, "municipio": "Santiago"}, "geometry": {"type": "Polygon", "coordinates": [[[-8.58276, 42.85277], [-8.58289, 42.85279], [-8.58284, 42.85315], [-8.58272, 42.85314], [-8.58276, 42.85277]]]}}, {"type": "Feature", "properties": {"area_ha": 0.043, "dist_km": 0.43, "node": "SANTIAGO 220", "node_mw": 285, "osm_id": 777701402, "municipio": "Santiago"}, "geometry": {"type": "Polygon", "coordinates": [[[-8.58284, 42.85315], [-8.58289, 42.85279], [-8.58302, 42.85281], [-8.58297, 42.85317], [-8.58284, 42.85315]]]}}, {"type": "Feature", "properties": {"area_ha": 0.039, "dist_km": 0.439, "node": "SANTIAGO 220", "node_mw": 285, "osm_id": 777701403, "municipio": "Santiago"}, "geometry": {"type": "Polygon", "coordinates": [[[-8.58302, 42.85281], [-8.58297, 42.85317], [-8.58309, 42.85318], [-8.58314, 42.85282], [-8.58302, 42.85281]]]}}, {"type": "Feature", "properties": {"area_ha": 0.038, "dist_km": 0.455, "node": "SANTIAGO 220", "node_mw": 285, "osm_id": 777701405, "municipio": "Santiago"}, "geometry": {"type": "Polygon", "coordinates": [[[-8.58321, 42.85319], [-8.58333, 42.8532], [-8.58337, 42.85284], [-8.58325, 42.85284], [-8.58321, 42.85319]]]}}, {"type": "Feature", "properties": {"area_ha": 0.039, "dist_km": 0.465, "node": "SANTIAGO 220", "node_mw": 285, "osm_id": 777701406, "municipio": "Santiago"}, "geometry": {"type": "Polygon", "coordinates": [[[-8.58333, 42.8532], [-8.58345, 42.8532], [-8.58348, 42.85296], [-8.58349, 42.85284], [-8.58337, 42.85284], [-8.58333, 42.8532]]]}}, {"type": "Feature", "properties": {"area_ha": 0.04, "dist_km": 0.472, "node": "SANTIAGO 220", "node_mw": 285, "osm_id": 777701407, "municipio": "Santiago"}, "geometry": {"type": "Polygon", "coordinates": [[[-8.58345, 42.8532], [-8.58358, 42.85321], [-8.58361, 42.85285], [-8.58349, 42.85284], [-8.58348, 42.85296], [-8.58345, 42.8532]]]}}, {"type": "Feature", "properties": {"area_ha": 0.037, "dist_km": 0.481, "node": "SANTIAGO 220", "node_mw": 285, "osm_id": 777701408, "municipio": "Santiago"}, "geometry": {"type": "Polygon", "coordinates": [[[-8.58358, 42.85321], [-8.58369, 42.85321], [-8.58373, 42.85286], [-8.58361, 42.85285], [-8.58358, 42.85321]]]}}, {"type": "Feature", "properties": {"area_ha": 0.041, "dist_km": 0.49, "node": "SANTIAGO 220", "node_mw": 285, "osm_id": 777701409, "municipio": "Santiago"}, "geometry": {"type": "Polygon", "coordinates": [[[-8.58369, 42.85321], [-8.58382, 42.85322], [-8.58385, 42.85287], [-8.58373, 42.85286], [-8.58369, 42.85321]]]}}, {"type": "Feature", "properties": {"area_ha": 0.048, "dist_km": 0.501, "node": "SANTIAGO 220", "node_mw": 285, "osm_id": 777701410, "municipio": "Santiago"}, "geometry": {"type": "Polygon", "coordinates": [[[-8.58382, 42.85322], [-8.58403, 42.85322], [-8.58401, 42.85316], [-8.58394, 42.85286], [-8.58385, 42.85287], [-8.58382, 42.85322]]]}}, {"type": "Feature", "properties": {"area_ha": 0.03, "dist_km": 0.517, "node": "SANTIAGO 220", "node_mw": 285, "osm_id": 777701411, "municipio": "Santiago"}, "geometry": {"type": "Polygon", "coordinates": [[[-8.58403, 42.85322], [-8.58442, 42.85322], [-8.58441, 42.85311], [-8.58406, 42.85316], [-8.58401, 42.85316], [-8.58403, 42.85322]]]}}, {"type": "Feature", "properties": {"area_ha": 0.032, "dist_km": 0.523, "node": "SANTIAGO 220", "node_mw": 285, "osm_id": 777701412, "municipio": "Santiago"}, "geometry": {"type": "Polygon", "coordinates": [[[-8.58441, 42.85311], [-8.5844, 42.85301], [-8.58404, 42.85306], [-8.58406, 42.85316], [-8.58441, 42.85311]]]}}, {"type": "Feature", "properties": {"area_ha": 0.035, "dist_km": 0.525, "node": "SANTIAGO 220", "node_mw": 285, "osm_id": 777701413, "municipio": "Santiago"}, "geometry": {"type": "Polygon", "coordinates": [[[-8.5844, 42.85301], [-8.58438, 42.85291], [-8.58401, 42.85296], [-8.58404, 42.85306], [-8.5844, 42.85301]]]}}, {"type": "Feature", "properties": {"area_ha": 0.04, "dist_km": 0.528, "node": "SANTIAGO 220", "node_mw": 285, "osm_id": 777701414, "municipio": "Santiago"}, "geometry": {"type": "Polygon", "coordinates": [[[-8.58438, 42.85291], [-8.58435, 42.85279], [-8.58398, 42.85284], [-8.58401, 42.85296], [-8.58438, 42.85291]]]}}, {"type": "Feature", "properties": {"area_ha": 0.032, "dist_km": 0.53, "node": "SANTIAGO 220", "node_mw": 285, "osm_id": 777701415, "municipio": "Santiago"}, "geometry": {"type": "Polygon", "coordinates": [[[-8.58435, 42.85279], [-8.58433, 42.8527], [-8.58395, 42.85275], [-8.58398, 42.85284], [-8.58435, 42.85279]]]}}, {"type": "Feature", "properties": {"area_ha": 0.048, "dist_km": 0.533, "node": "SANTIAGO 220", "node_mw": 285, "osm_id": 777701416, "municipio": "Santiago"}, "geometry": {"type": "Polygon", "coordinates": [[[-8.58433, 42.8527], [-8.58428, 42.85256], [-8.58391, 42.85262], [-8.58395, 42.85275], [-8.58433, 42.8527]]]}}, {"type": "Feature", "properties": {"area_ha": 0.045, "dist_km": 0.536, "node": "SANTIAGO 220", "node_mw": 285, "osm_id": 777701417, "municipio": "Santiago"}, "geometry": {"type": "Polygon", "coordinates": [[[-8.58428, 42.85256], [-8.58424, 42.85243], [-8.58386, 42.85249], [-8.58391, 42.85262], [-8.58428, 42.85256]]]}}, {"type": "Feature", "properties": {"area_ha": 0.022, "dist_km": 0.554, "node": "SANTIAGO 220", "node_mw": 285, "osm_id": 777701418, "municipio": "Santiago"}, "geometry": {"type": "Polygon", "coordinates": [[[-8.58476, 42.85419], [-8.5851, 42.85419], [-8.58511, 42.85425], [-8.58511, 42.85426], [-8.58475, 42.85426], [-8.58476, 42.85419]]]}}, {"type": "Feature", "properties": {"area_ha": 0.03, "dist_km": 0.552, "node": "SANTIAGO 220", "node_mw": 285, "osm_id": 777701419, "municipio": "Santiago"}, "geometry": {"type": "Polygon", "coordinates": [[[-8.58477, 42.85409], [-8.58509, 42.85409], [-8.5851, 42.85419], [-8.58476, 42.85419], [-8.58477, 42.85409]]]}}, {"type": "Feature", "properties": {"area_ha": 0.048, "dist_km": 0.563, "node": "SANTIAGO 220", "node_mw": 285, "osm_id": 777701420, "municipio": "Santiago"}, "geometry": {"type": "Polygon", "coordinates": [[[-8.58478, 42.85399], [-8.5853, 42.85399], [-8.58532, 42.85409], [-8.58509, 42.85409], [-8.58477, 42.85409], [-8.58478, 42.85399]]]}}, {"type": "Feature", "properties": {"area_ha": 0.034, "dist_km": 0.573, "node": "SANTIAGO 220", "node_mw": 285, "osm_id": 777701421, "municipio": "Santiago"}, "geometry": {"type": "Polygon", "coordinates": [[[-8.58511, 42.85425], [-8.58534, 42.85424], [-8.58532, 42.85409], [-8.58509, 42.85409], [-8.5851, 42.85419], [-8.58511, 42.85425]]]}}, {"type": "Feature", "properties": {"area_ha": 0.038, "dist_km": 0.563, "node": "SANTIAGO 220", "node_mw": 285, "osm_id": 777701422, "municipio": "Santiago"}, "geometry": {"type": "Polygon", "coordinates": [[[-8.58478, 42.85391], [-8.58528, 42.85391], [-8.5853, 42.85399], [-8.58478, 42.85399], [-8.58478, 42.85391]]]}}, {"type": "Feature", "properties": {"area_ha": 0.058, "dist_km": 0.565, "node": "SANTIAGO 220", "node_mw": 285, "osm_id": 777701423, "municipio": "Santiago"}, "geometry": {"type": "Polygon", "coordinates": [[[-8.58479, 42.85378], [-8.58526, 42.85378], [-8.58528, 42.85391], [-8.58478, 42.85391], [-8.58479, 42.85378]]]}}, {"type": "Feature", "properties": {"area_ha": 0.062, "dist_km": 0.567, "node": "SANTIAGO 220", "node_mw": 285, "osm_id": 777701424, "municipio": "Santiago"}, "geometry": {"type": "Polygon", "coordinates": [[[-8.58479, 42.85363], [-8.58524, 42.85363], [-8.58526, 42.85378], [-8.58479, 42.85378], [-8.58479, 42.85363]]]}}, {"type": "Feature", "properties": {"area_ha": 0.057, "dist_km": 0.569, "node": "SANTIAGO 220", "node_mw": 285, "osm_id": 777701425, "municipio": "Santiago"}, "geometry": {"type": "Polygon", "coordinates": [[[-8.58479, 42.85349], [-8.58522, 42.85349], [-8.58524, 42.85363], [-8.58479, 42.85363], [-8.58479, 42.85349]]]}}, {"type": "Feature", "properties": {"area_ha": 0.024, "dist_km": 0.571, "node": "SANTIAGO 220", "node_mw": 285, "osm_id": 777701426, "municipio": "Santiago"}, "geometry": {"type": "Polygon", "coordinates": [[[-8.58478, 42.85342], [-8.58521, 42.85343], [-8.58522, 42.85349], [-8.58479, 42.85349], [-8.58478, 42.85342]]]}}, {"type": "Feature", "properties": {"area_ha": 0.027, "dist_km": 0.572, "node": "SANTIAGO 220", "node_mw": 285, "osm_id": 777701427, "municipio": "Santiago"}, "geometry": {"type": "Polygon", "coordinates": [[[-8.58478, 42.85336], [-8.5852, 42.85336], [-8.58521, 42.85343], [-8.58478, 42.85342], [-8.58478, 42.85336]]]}}, {"type": "Feature", "properties": {"area_ha": 0.032, "dist_km": 0.574, "node": "SANTIAGO 220", "node_mw": 285, "osm_id": 777701428, "municipio": "Santiago"}, "geometry": {"type": "Polygon", "coordinates": [[[-8.58477, 42.85327], [-8.58518, 42.85328], [-8.5852, 42.85336], [-8.58478, 42.85336], [-8.58477, 42.85327]]]}}, {"type": "Feature", "properties": {"area_ha": 0.036, "dist_km": 0.576, "node": "SANTIAGO 220", "node_mw": 285, "osm_id": 777701429, "municipio": "Santiago"}, "geometry": {"type": "Polygon", "coordinates": [[[-8.58476, 42.85318], [-8.58517, 42.85318], [-8.58518, 42.85328], [-8.58477, 42.85327], [-8.58476, 42.85318]]]}}, {"type": "Feature", "properties": {"area_ha": 0.034, "dist_km": 0.578, "node": "SANTIAGO 220", "node_mw": 285, "osm_id": 777701430, "municipio": "Santiago"}, "geometry": {"type": "Polygon", "coordinates": [[[-8.58476, 42.85309], [-8.58515, 42.85308], [-8.58517, 42.85318], [-8.58476, 42.85318], [-8.58476, 42.85309]]]}}, {"type": "Feature", "properties": {"area_ha": 0.032, "dist_km": 0.58, "node": "SANTIAGO 220", "node_mw": 285, "osm_id": 777701431, "municipio": "Santiago"}, "geometry": {"type": "Polygon", "coordinates": [[[-8.58474, 42.853], [-8.58515, 42.853], [-8.58515, 42.85308], [-8.58476, 42.85309], [-8.58474, 42.853]]]}}, {"type": "Feature", "properties": {"area_ha": 0.052, "dist_km": 0.583, "node": "SANTIAGO 220", "node_mw": 285, "osm_id": 777701432, "municipio": "Santiago"}, "geometry": {"type": "Polygon", "coordinates": [[[-8.58471, 42.85286], [-8.58512, 42.85285], [-8.58515, 42.853], [-8.58474, 42.853], [-8.58471, 42.85286]]]}}, {"type": "Feature", "properties": {"area_ha": 0.052, "dist_km": 0.586, "node": "SANTIAGO 220", "node_mw": 285, "osm_id": 777701433, "municipio": "Santiago"}, "geometry": {"type": "Polygon", "coordinates": [[[-8.58468, 42.85273], [-8.58511, 42.85272], [-8.58512, 42.85285], [-8.58471, 42.85286], [-8.58468, 42.85273]]]}}, {"type": "Feature", "properties": {"area_ha": 0.027, "dist_km": 0.589, "node": "SANTIAGO 220", "node_mw": 285, "osm_id": 777701434, "municipio": "Santiago"}, "geometry": {"type": "Polygon", "coordinates": [[[-8.58466, 42.85266], [-8.58509, 42.85265], [-8.58511, 42.85272], [-8.58468, 42.85273], [-8.58466, 42.85266]]]}}, {"type": "Feature", "properties": {"area_ha": 0.028, "dist_km": 0.591, "node": "SANTIAGO 220", "node_mw": 285, "osm_id": 777701435, "municipio": "Santiago"}, "geometry": {"type": "Polygon", "coordinates": [[[-8.58465, 42.85259], [-8.58509, 42.85257], [-8.58509, 42.85265], [-8.58466, 42.85266], [-8.58465, 42.85259]]]}}, {"type": "Feature", "properties": {"area_ha": 0.057, "dist_km": 0.594, "node": "SANTIAGO 220", "node_mw": 285, "osm_id": 777701436, "municipio": "Santiago"}, "geometry": {"type": "Polygon", "coordinates": [[[-8.5846, 42.85246], [-8.58506, 42.85244], [-8.58509, 42.85257], [-8.58465, 42.85259], [-8.5846, 42.85246]]]}}, {"type": "Feature", "properties": {"area_ha": 0.036, "dist_km": 0.597, "node": "SANTIAGO 220", "node_mw": 285, "osm_id": 777701437, "municipio": "Santiago"}, "geometry": {"type": "Polygon", "coordinates": [[[-8.58458, 42.85239], [-8.58504, 42.85233], [-8.58506, 42.85244], [-8.5846, 42.85246], [-8.58458, 42.85239]]]}}, {"type": "Feature", "properties": {"area_ha": 0.037, "dist_km": 0.603, "node": "SANTIAGO 220", "node_mw": 285, "osm_id": 777701438, "municipio": "Santiago"}, "geometry": {"type": "Polygon", "coordinates": [[[-8.58456, 42.85232], [-8.585, 42.85224], [-8.58501, 42.85224], [-8.58504, 42.85233], [-8.58458, 42.85239], [-8.58456, 42.85232]]]}}, {"type": "Feature", "properties": {"area_ha": 0.112, "dist_km": 0.649, "node": "SANTIAGO 220", "node_mw": 285, "osm_id": 777701439, "municipio": "Santiago"}, "geometry": {"type": "Polygon", "coordinates": [[[-8.58574, 42.8521], [-8.58509, 42.85222], [-8.58511, 42.85237], [-8.58579, 42.85231], [-8.58574, 42.8521]]]}}, {"type": "Feature", "properties": {"area_ha": 0.106, "dist_km": 0.644, "node": "SANTIAGO 220", "node_mw": 285, "osm_id": 777701440, "municipio": "Santiago"}, "geometry": {"type": "Polygon", "coordinates": [[[-8.58579, 42.85231], [-8.58582, 42.85249], [-8.58514, 42.85253], [-8.58511, 42.85237], [-8.58579, 42.85231]]]}}, {"type": "Feature", "properties": {"area_ha": 0.112, "dist_km": 0.638, "node": "SANTIAGO 220", "node_mw": 285, "osm_id": 777701441, "municipio": "Santiago"}, "geometry": {"type": "Polygon", "coordinates": [[[-8.58584, 42.85267], [-8.58582, 42.85249], [-8.58514, 42.85253], [-8.58517, 42.85271], [-8.58584, 42.85267]]]}}, {"type": "Feature", "properties": {"area_ha": 0.103, "dist_km": 0.633, "node": "SANTIAGO 220", "node_mw": 285, "osm_id": 777701442, "municipio": "Santiago"}, "geometry": {"type": "Polygon", "coordinates": [[[-8.58586, 42.85284], [-8.58584, 42.85267], [-8.58517, 42.85271], [-8.58519, 42.85288], [-8.58586, 42.85284]]]}}, {"type": "Feature", "properties": {"area_ha": 0.104, "dist_km": 0.629, "node": "SANTIAGO 220", "node_mw": 285, "osm_id": 777701443, "municipio": "Santiago"}, "geometry": {"type": "Polygon", "coordinates": [[[-8.58586, 42.85284], [-8.58588, 42.85301], [-8.58521, 42.85305], [-8.58519, 42.85288], [-8.58586, 42.85284]]]}}, {"type": "Feature", "properties": {"area_ha": 0.103, "dist_km": 0.625, "node": "SANTIAGO 220", "node_mw": 285, "osm_id": 777701444, "municipio": "Santiago"}, "geometry": {"type": "Polygon", "coordinates": [[[-8.5859, 42.85303], [-8.58592, 42.8532], [-8.58524, 42.85325], [-8.58522, 42.85308], [-8.5859, 42.85303]]]}}, {"type": "Feature", "properties": {"area_ha": 0.093, "dist_km": 0.622, "node": "SANTIAGO 220", "node_mw": 285, "osm_id": 777701445, "municipio": "Santiago"}, "geometry": {"type": "Polygon", "coordinates": [[[-8.58592, 42.8532], [-8.58594, 42.85335], [-8.58527, 42.85339], [-8.58524, 42.85325], [-8.58592, 42.8532]]]}}, {"type": "Feature", "properties": {"area_ha": 0.105, "dist_km": 0.62, "node": "SANTIAGO 220", "node_mw": 285, "osm_id": 777701446, "municipio": "Santiago"}, "geometry": {"type": "Polygon", "coordinates": [[[-8.58594, 42.85335], [-8.58597, 42.85353], [-8.58529, 42.85356], [-8.58527, 42.85339], [-8.58594, 42.85335]]]}}, {"type": "Feature", "properties": {"area_ha": 0.112, "dist_km": 0.618, "node": "SANTIAGO 220", "node_mw": 285, "osm_id": 777701447, "municipio": "Santiago"}, "geometry": {"type": "Polygon", "coordinates": [[[-8.58597, 42.85353], [-8.586, 42.8537], [-8.58532, 42.85374], [-8.58529, 42.85356], [-8.58597, 42.85353]]]}}, {"type": "Feature", "properties": {"area_ha": 0.116, "dist_km": 0.617, "node": "SANTIAGO 220", "node_mw": 285, "osm_id": 777701448, "municipio": "Santiago"}, "geometry": {"type": "Polygon", "coordinates": [[[-8.586, 42.8537], [-8.58601, 42.85389], [-8.58534, 42.85393], [-8.58532, 42.85374], [-8.586, 42.8537]]]}}, {"type": "Feature", "properties": {"area_ha": 0.02, "dist_km": 0.635, "node": "SANTIAGO 220", "node_mw": 285, "osm_id": 777701449, "municipio": "Santiago"}, "geometry": {"type": "Polygon", "coordinates": [[[-8.586, 42.85393], [-8.58588, 42.85394], [-8.58592, 42.85419], [-8.58597, 42.85418], [-8.586, 42.85393]]]}}, {"type": "Feature", "properties": {"area_ha": 0.02, "dist_km": 0.628, "node": "SANTIAGO 220", "node_mw": 285, "osm_id": 777701450, "municipio": "Santiago"}, "geometry": {"type": "Polygon", "coordinates": [[[-8.58588, 42.85394], [-8.58579, 42.85395], [-8.58583, 42.8542], [-8.58592, 42.85419], [-8.58588, 42.85394]]]}}, {"type": "Feature", "properties": {"area_ha": 0.026, "dist_km": 0.62, "node": "SANTIAGO 220", "node_mw": 285, "osm_id": 777701451, "municipio": "Santiago"}, "geometry": {"type": "Polygon", "coordinates": [[[-8.58579, 42.85395], [-8.58568, 42.85396], [-8.58572, 42.8542], [-8.58583, 42.8542], [-8.58579, 42.85395]]]}}, {"type": "Feature", "properties": {"area_ha": 0.028, "dist_km": 0.61, "node": "SANTIAGO 220", "node_mw": 285, "osm_id": 777701452, "municipio": "Santiago"}, "geometry": {"type": "Polygon", "coordinates": [[[-8.58568, 42.85396], [-8.58555, 42.85397], [-8.58559, 42.85421], [-8.58572, 42.8542], [-8.58568, 42.85396]]]}}, {"type": "Feature", "properties": {"area_ha": 0.026, "dist_km": 0.6, "node": "SANTIAGO 220", "node_mw": 285, "osm_id": 777701453, "municipio": "Santiago"}, "geometry": {"type": "Polygon", "coordinates": [[[-8.58555, 42.85397], [-8.58543, 42.85398], [-8.58547, 42.85421], [-8.58559, 42.85421], [-8.58555, 42.85397]]]}}, {"type": "Feature", "properties": {"area_ha": 0.027, "dist_km": 0.59, "node": "SANTIAGO 220", "node_mw": 285, "osm_id": 777701454, "municipio": "Santiago"}, "geometry": {"type": "Polygon", "coordinates": [[[-8.58543, 42.85398], [-8.58531, 42.85398], [-8.58533, 42.85408], [-8.58535, 42.85423], [-8.58547, 42.85423], [-8.58547, 42.85421], [-8.58543, 42.85398]]]}}, {"type": "Feature", "properties": {"area_ha": 0.071, "dist_km": 1.594, "node": "SANTIAGO 220", "node_mw": 285, "osm_id": 1097682337, "municipio": "Santiago"}, "geometry": {"type": "Polygon", "coordinates": [[[-8.58204, 42.84074], [-8.58193, 42.84082], [-8.58145, 42.84046], [-8.58156, 42.84038], [-8.58204, 42.84074]]]}}, {"type": "Feature", "properties": {"area_ha": 1.024, "dist_km": 2.248, "node": "SANTIAGO 220", "node_mw": 285, "osm_id": 1117689493, "municipio": "Santiago"}, "geometry": {"type": "Polygon", "coordinates": [[[-8.58207, 42.83511], [-8.58221, 42.83502], [-8.58228, 42.83497], [-8.5824, 42.83489], [-8.58254, 42.83485], [-8.58268, 42.83483], [-8.58265, 42.83429], [-8.58264, 42.83408], [-8.58154, 42.83388], [-8.58135, 42.83413], [-8.58174, 42.83429], [-8.58144, 42.83508], [-8.58194, 42.83508], [-8.582, 42.8351], [-8.58207, 42.83511]]]}}, {"type": "Feature", "properties": {"area_ha": 0.146, "dist_km": 2.248, "node": "SANTIAGO 220", "node_mw": 285, "osm_id": 1117689494, "municipio": "Santiago"}, "geometry": {"type": "Polygon", "coordinates": [[[-8.58201, 42.835], [-8.58212, 42.83484], [-8.58217, 42.83486], [-8.58225, 42.83474], [-8.58245, 42.83445], [-8.58219, 42.83435], [-8.58214, 42.83443], [-8.5822, 42.83445], [-8.58208, 42.83464], [-8.58197, 42.8346], [-8.58194, 42.83464], [-8.58188, 42.83462], [-8.58181, 42.83474], [-8.58191, 42.83477], [-8.58192, 42.83475], [-8.58199, 42.83477], [-8.58187, 42.83495], [-8.58201, 42.835]]]}}, {"type": "Feature", "properties": {"area_ha": 0.007, "dist_km": 2.212, "node": "SANTIAGO 220", "node_mw": 285, "osm_id": 1117689495, "municipio": "Santiago"}, "geometry": {"type": "Polygon", "coordinates": [[[-8.58175, 42.83505], [-8.58183, 42.83492], [-8.58177, 42.8349], [-8.58172, 42.83498], [-8.58176, 42.83499], [-8.58172, 42.83504], [-8.58175, 42.83505]]]}}, {"type": "Feature", "properties": {"area_ha": 0.075, "dist_km": 2.402, "node": "SANTIAGO 220", "node_mw": 285, "osm_id": 1131852750, "municipio": "Santiago"}, "geometry": {"type": "Polygon", "coordinates": [[[-8.5993, 42.86987], [-8.59929, 42.86993], [-8.59924, 42.86992], [-8.59922, 42.87003], [-8.59876, 42.86999], [-8.59879, 42.86982], [-8.5993, 42.86987]]]}}, {"type": "Feature", "properties": {"area_ha": 0.119, "dist_km": 2.336, "node": "SANTIAGO 220", "node_mw": 285, "osm_id": 1131852751, "municipio": "Santiago"}, "geometry": {"type": "Polygon", "coordinates": [[[-8.59863, 42.8698], [-8.59866, 42.86961], [-8.59802, 42.86956], [-8.59798, 42.8698], [-8.59807, 42.86981], [-8.59808, 42.86976], [-8.59863, 42.8698]]]}}, {"type": "Feature", "properties": {"area_ha": 0.048, "dist_km": 2.47, "node": "SANTIAGO 220", "node_mw": 285, "osm_id": 1131852754, "municipio": "Santiago"}, "geometry": {"type": "Polygon", "coordinates": [[[-8.60005, 42.87033], [-8.60003, 42.87043], [-8.59943, 42.87039], [-8.59944, 42.87032], [-8.59967, 42.87033], [-8.59967, 42.87031], [-8.60005, 42.87033]]]}}, {"type": "Feature", "properties": {"area_ha": 0.045, "dist_km": 2.445, "node": "SANTIAGO 220", "node_mw": 285, "osm_id": 1131852755, "municipio": "Santiago"}, "geometry": {"type": "Polygon", "coordinates": [[[-8.59955, 42.87027], [-8.59966, 42.87024], [-8.59964, 42.8702], [-8.59974, 42.87017], [-8.59963, 42.86994], [-8.59953, 42.86997], [-8.59958, 42.87005], [-8.59946, 42.87008], [-8.59955, 42.87027]]]}}, {"type": "Feature", "properties": {"area_ha": 0.152, "dist_km": 2.368, "node": "SANTIAGO 220", "node_mw": 285, "osm_id": 1228861697, "municipio": "Santiago"}, "geometry": {"type": "Polygon", "coordinates": [[[-8.58538, 42.83414], [-8.58544, 42.83394], [-8.58455, 42.83379], [-8.5845, 42.83395], [-8.58495, 42.83403], [-8.58494, 42.83407], [-8.58538, 42.83414]]]}}, {"type": "Feature", "properties": {"area_ha": 0.208, "dist_km": 2.525, "node": "SANTIAGO 220", "node_mw": 285, "osm_id": 1228861699, "municipio": "Santiago"}, "geometry": {"type": "Polygon", "coordinates": [[[-8.58962, 42.83362], [-8.58966, 42.83347], [-8.58923, 42.83341], [-8.58927, 42.83324], [-8.58882, 42.83318], [-8.58874, 42.8335], [-8.5888, 42.83351], [-8.5888, 42.83353], [-8.58954, 42.83363], [-8.58956, 42.83363], [-8.58956, 42.83361], [-8.58962, 42.83362]]]}}, {"type": "Feature", "properties": {"area_ha": 0.404, "dist_km": 2.535, "node": "SANTIAGO 220", "node_mw": 285, "osm_id": 1228861701, "municipio": "Santiago"}, "geometry": {"type": "Polygon", "coordinates": [[[-8.58962, 42.83362], [-8.58966, 42.83347], [-8.58967, 42.83343], [-8.58933, 42.83339], [-8.58943, 42.83306], [-8.58885, 42.83299], [-8.58879, 42.83298], [-8.58863, 42.83352], [-8.58954, 42.83366], [-8.58954, 42.83363], [-8.58956, 42.83363], [-8.58956, 42.83361], [-8.58962, 42.83362]]]}}, {"type": "Feature", "properties": {"area_ha": 0.117, "dist_km": 2.241, "node": "SANTIAGO 220", "node_mw": 285, "osm_id": 1228861702, "municipio": "Santiago"}, "geometry": {"type": "Polygon", "coordinates": [[[-8.58717, 42.83569], [-8.58721, 42.83551], [-8.58653, 42.83541], [-8.58648, 42.8356], [-8.58708, 42.83568], [-8.58717, 42.83569]]]}}, {"type": "Feature", "properties": {"area_ha": 0.972, "dist_km": 2.244, "node": "SANTIAGO 220", "node_mw": 285, "osm_id": 1228861703, "municipio": "Santiago"}, "geometry": {"type": "Polygon", "coordinates": [[[-8.58725, 42.83574], [-8.58745, 42.83558], [-8.58741, 42.83547], [-8.58722, 42.83541], [-8.58703, 42.83537], [-8.58713, 42.83519], [-8.58607, 42.83496], [-8.58594, 42.83513], [-8.58581, 42.8352], [-8.58546, 42.8353], [-8.58548, 42.83537], [-8.58583, 42.83556], [-8.58566, 42.83574], [-8.58661, 42.83584], [-8.58663, 42.83571], [-8.58706, 42.83577], [-8.58708, 42.83568], [-8.58725, 42.83574]]]}}, {"type": "Feature", "properties": {"area_ha": 0.109, "dist_km": 0.441, "node": "SANTIAGO 220", "node_mw": 285, "osm_id": 1229058833, "municipio": "Santiago"}, "geometry": {"type": "Polygon", "coordinates": [[[-8.58383, 42.85454], [-8.58347, 42.85454], [-8.58347, 42.85454], [-8.58347, 42.85488], [-8.58383, 42.85488], [-8.58383, 42.85454]]]}}, {"type": "Feature", "properties": {"area_ha": 0.042, "dist_km": 0.424, "node": "SANTIAGO 220", "node_mw": 285, "osm_id": 1229058834, "municipio": "Santiago"}, "geometry": {"type": "Polygon", "coordinates": [[[-8.58347, 42.85454], [-8.58347, 42.85453], [-8.5834, 42.85453], [-8.5834, 42.85452], [-8.58333, 42.85452], [-8.58333, 42.85452], [-8.58334, 42.85483], [-8.58347, 42.85488], [-8.58347, 42.85454]]]}}, {"type": "Feature", "properties": {"area_ha": 0.04, "dist_km": 0.412, "node": "SANTIAGO 220", "node_mw": 285, "osm_id": 1229058835, "municipio": "Santiago"}, "geometry": {"type": "Polygon", "coordinates": [[[-8.58334, 42.85483], [-8.58318, 42.85477], [-8.58317, 42.85451], [-8.58325, 42.85451], [-8.58325, 42.85452], [-8.58333, 42.85452], [-8.58334, 42.85483]]]}}, {"type": "Feature", "properties": {"area_ha": 0.038, "dist_km": 0.399, "node": "SANTIAGO 220", "node_mw": 285, "osm_id": 1229058836, "municipio": "Santiago"}, "geometry": {"type": "Polygon", "coordinates": [[[-8.58317, 42.85451], [-8.58308, 42.85451], [-8.58308, 42.8545], [-8.583, 42.8545], [-8.583, 42.8547], [-8.58318, 42.85478], [-8.58318, 42.85477], [-8.58317, 42.85451]]]}}, {"type": "Feature", "properties": {"area_ha": 0.027, "dist_km": 0.385, "node": "SANTIAGO 220", "node_mw": 285, "osm_id": 1229058837, "municipio": "Santiago"}, "geometry": {"type": "Polygon", "coordinates": [[[-8.583, 42.8545], [-8.58291, 42.8545], [-8.58291, 42.85449], [-8.58284, 42.85449], [-8.58283, 42.85463], [-8.583, 42.8547], [-8.583, 42.8545]]]}}, {"type": "Feature", "properties": {"area_ha": 0.224, "dist_km": 2.774, "node": "SANTIAGO 220", "node_mw": 285, "osm_id": 1230603974, "municipio": "Santiago"}, "geometry": {"type": "Polygon", "coordinates": [[[-8.5999, 42.87419], [-8.59987, 42.87412], [-8.59969, 42.87414], [-8.59969, 42.8741], [-8.59958, 42.87386], [-8.59955, 42.87385], [-8.59948, 42.87389], [-8.59938, 42.87392], [-8.59928, 42.87394], [-8.5991, 42.87395], [-8.59947, 42.8742], [-8.59928, 42.87429], [-8.59942, 42.87447], [-8.59955, 42.87446], [-8.59969, 42.87442], [-8.59988, 42.87432], [-8.5999, 42.87419]]]}}, {"type": "Feature", "properties": {"area_ha": 0.089, "dist_km": 1.896, "node": "SANTIAGO 220", "node_mw": 285, "osm_id": 1266837730, "municipio": "Santiago"}, "geometry": {"type": "Polygon", "coordinates": [[[-8.55801, 42.86279], [-8.55785, 42.8627], [-8.55782, 42.86272], [-8.55779, 42.8627], [-8.55749, 42.86299], [-8.55763, 42.86314], [-8.55801, 42.86279]]]}}, {"type": "Feature", "properties": {"area_ha": 0.076, "dist_km": 1.897, "node": "SANTIAGO 220", "node_mw": 285, "osm_id": 1266837731, "municipio": "Santiago"}, "geometry": {"type": "Polygon", "coordinates": [[[-8.55801, 42.86279], [-8.55815, 42.86288], [-8.55773, 42.86325], [-8.55763, 42.86314], [-8.55801, 42.86279]]]}}, {"type": "Feature", "properties": {"area_ha": 0.081, "dist_km": 1.893, "node": "SANTIAGO 220", "node_mw": 285, "osm_id": 1266837732, "municipio": "Santiago"}, "geometry": {"type": "Polygon", "coordinates": [[[-8.55815, 42.86288], [-8.5583, 42.86296], [-8.55805, 42.86317], [-8.55784, 42.86337], [-8.55773, 42.86325], [-8.55815, 42.86288]]]}}, {"type": "Feature", "properties": {"area_ha": 0.037, "dist_km": 2.962, "node": "SANTIAGO 220", "node_mw": 285, "osm_id": 1275700205, "municipio": "Santiago"}, "geometry": {"type": "Polygon", "coordinates": [[[-8.54752, 42.86895], [-8.54747, 42.86858], [-8.54737, 42.86856], [-8.54742, 42.86897], [-8.54741, 42.86897], [-8.54741, 42.86898], [-8.54742, 42.86898], [-8.54742, 42.86899], [-8.54752, 42.86895]]]}}, {"type": "Feature", "properties": {"area_ha": 0.14, "dist_km": 1.951, "node": "SANTIAGO 220", "node_mw": 285, "osm_id": 1276759400, "municipio": "Santiago"}, "geometry": {"type": "Polygon", "coordinates": [[[-8.58616, 42.83822], [-8.58568, 42.83778], [-8.58547, 42.8379], [-8.58595, 42.83834], [-8.58616, 42.83822]]]}}, {"type": "Feature", "properties": {"area_ha": 0.737, "dist_km": 2.118, "node": "SANTIAGO 220", "node_mw": 285, "osm_id": 1366641888, "municipio": "Santiago"}, "geometry": {"type": "Polygon", "coordinates": [[[-8.60406, 42.86093], [-8.60414, 42.86088], [-8.60396, 42.86073], [-8.60384, 42.86057], [-8.60376, 42.86043], [-8.60355, 42.86043], [-8.60339, 42.86041], [-8.60317, 42.86035], [-8.60279, 42.86029], [-8.6028, 42.86024], [-8.60269, 42.86023], [-8.60247, 42.86025], [-8.60229, 42.86032], [-8.60223, 42.86036], [-8.60218, 42.8604], [-8.6021, 42.86055], [-8.60211, 42.86062], [-8.60218, 42.86072], [-8.60219, 42.86074], [-8.60228, 42.86077], [-8.60229, 42.86072], [-8.60264, 42.86079], [-8.60264, 42.86078], [-8.60266, 42.86073], [-8.60267, 42.86071], [-8.60282, 42.86074], [-8.60298, 42.86077], [-8.60312, 42.86078], [-8.60325, 42.8608], [-8.60393, 42.86093], [-8.60406, 42.86093]]]}}, {"type": "Feature", "properties": {"area_ha": 0.017, "dist_km": 2.097, "node": "SANTIAGO 220", "node_mw": 285, "osm_id": 1366641897, "municipio": "Santiago"}, "geometry": {"type": "Polygon", "coordinates": [[[-8.60274, 42.86052], [-8.60261, 42.86049], [-8.60256, 42.86063], [-8.60269, 42.86065], [-8.60274, 42.86052]]]}}, {"type": "Feature", "properties": {"area_ha": 0.042, "dist_km": 2.122, "node": "SANTIAGO 220", "node_mw": 285, "osm_id": 1366641898, "municipio": "Santiago"}, "geometry": {"type": "Polygon", "coordinates": [[[-8.60308, 42.8605], [-8.60292, 42.86047], [-8.60282, 42.86074], [-8.60298, 42.86077], [-8.60308, 42.8605]]]}}, {"type": "Feature", "properties": {"area_ha": 3.095, "dist_km": 2.973, "node": "O INCIO 220", "node_mw": 281, "osm_id": 1384646497, "municipio": "O Incio"}, "geometry": {"type": "Polygon", "coordinates": [[[-7.35442, 42.65874], [-7.35409, 42.6588], [-7.35289, 42.65936], [-7.35278, 42.65947], [-7.35277, 42.65958], [-7.35284, 42.65983], [-7.35289, 42.65998], [-7.35292, 42.66002], [-7.35305, 42.66], [-7.35311, 42.66001], [-7.35323, 42.66007], [-7.35335, 42.66015], [-7.3538, 42.66081], [-7.35392, 42.66091], [-7.35405, 42.66098], [-7.35422, 42.66103], [-7.35443, 42.66106], [-7.35506, 42.66088], [-7.35479, 42.66045], [-7.35509, 42.65938], [-7.35483, 42.65927], [-7.35462, 42.65906], [-7.35453, 42.65882], [-7.35448, 42.65872], [-7.35442, 42.65874]]]}}, {"type": "Feature", "properties": {"area_ha": 0.091, "dist_km": 1.262, "node": "SANTIAGO 220", "node_mw": 285, "osm_id": 1413033077, "municipio": "Santiago"}, "geometry": {"type": "Polygon", "coordinates": [[[-8.58242, 42.84356], [-8.58261, 42.84367], [-8.58236, 42.84397], [-8.58211, 42.84388], [-8.58242, 42.84356]]]}}, {"type": "Feature", "properties": {"area_ha": 0.191, "dist_km": 2.639, "node": "SANTIAGO 220", "node_mw": 285, "osm_id": 1413481936, "municipio": "Santiago"}, "geometry": {"type": "Polygon", "coordinates": [[[-8.54678, 42.85973], [-8.54677, 42.85958], [-8.54666, 42.85937], [-8.54597, 42.85956], [-8.54643, 42.85982], [-8.54678, 42.85973]]]}}, {"type": "Feature", "properties": {"area_ha": 0.688, "dist_km": 2.13, "node": "SANTIAGO 220", "node_mw": 285, "osm_id": 1413825650, "municipio": "Santiago"}, "geometry": {"type": "Polygon", "coordinates": [[[-8.59195, 42.83859], [-8.59181, 42.8378], [-8.59131, 42.83785], [-8.59087, 42.8379], [-8.59101, 42.83868], [-8.59195, 42.83859]]]}}, {"type": "Feature", "properties": {"area_ha": 0.101, "dist_km": 2.158, "node": "SANTIAGO 220", "node_mw": 285, "osm_id": 1413825653, "municipio": "Santiago"}, "geometry": {"type": "Polygon", "coordinates": [[[-8.59131, 42.83785], [-8.5913, 42.83761], [-8.59092, 42.83763], [-8.59092, 42.83768], [-8.59085, 42.83768], [-8.59087, 42.8379], [-8.59131, 42.83785]]]}}, {"type": "Feature", "properties": {"area_ha": 0.515, "dist_km": 2.353, "node": "SANTIAGO 220", "node_mw": 285, "osm_id": 1413825654, "municipio": "Santiago"}, "geometry": {"type": "Polygon", "coordinates": [[[-8.59223, 42.83662], [-8.59271, 42.83647], [-8.59248, 42.83598], [-8.59229, 42.83605], [-8.5922, 42.83603], [-8.59216, 42.83599], [-8.59213, 42.83596], [-8.59214, 42.83592], [-8.59223, 42.8358], [-8.59179, 42.83571], [-8.59174, 42.83579], [-8.59166, 42.83583], [-8.59153, 42.83582], [-8.59158, 42.8359], [-8.59192, 42.83639], [-8.59195, 42.83648], [-8.59202, 42.83656], [-8.59206, 42.83659], [-8.59214, 42.83661], [-8.59223, 42.83662]]]}}, {"type": "Feature", "properties": {"area_ha": 0.789, "dist_km": 1.944, "node": "SANTIAGO 220", "node_mw": 285, "osm_id": 1413825655, "municipio": "Santiago"}, "geometry": {"type": "Polygon", "coordinates": [[[-8.5867, 42.838], [-8.58622, 42.83755], [-8.58581, 42.8378], [-8.58569, 42.8377], [-8.58503, 42.83808], [-8.5856, 42.83861], [-8.58583, 42.83849], [-8.58582, 42.83845], [-8.58592, 42.83839], [-8.58597, 42.8384], [-8.5867, 42.838]]]}}, {"type": "Feature", "properties": {"area_ha": 0.126, "dist_km": 2.052, "node": "SANTIAGO 220", "node_mw": 285, "osm_id": 1413825656, "municipio": "Santiago"}, "geometry": {"type": "Polygon", "coordinates": [[[-8.58614, 42.83686], [-8.58599, 42.83696], [-8.58595, 42.837], [-8.58608, 42.8371], [-8.586, 42.83716], [-8.58598, 42.83716], [-8.58591, 42.83721], [-8.5859, 42.83727], [-8.58586, 42.83726], [-8.58594, 42.83731], [-8.58614, 42.83732], [-8.58616, 42.83725], [-8.58626, 42.83725], [-8.58629, 42.83726], [-8.58631, 42.83724], [-8.58645, 42.83714], [-8.58614, 42.83686]]]}}, {"type": "Feature", "properties": {"area_ha": 0.075, "dist_km": 2.059, "node": "SANTIAGO 220", "node_mw": 285, "osm_id": 1413825657, "municipio": "Santiago"}, "geometry": {"type": "Polygon", "coordinates": [[[-8.58645, 42.83714], [-8.58614, 42.83686], [-8.58599, 42.83696], [-8.58617, 42.83712], [-8.58612, 42.83715], [-8.58622, 42.83723], [-8.58623, 42.83723], [-8.58626, 42.83725], [-8.58629, 42.83723], [-8.58631, 42.83724], [-8.58645, 42.83714]]]}}, {"type": "Feature", "properties": {"area_ha": 0.045, "dist_km": 2.156, "node": "SANTIAGO 220", "node_mw": 285, "osm_id": 1413825658, "municipio": "Santiago"}, "geometry": {"type": "Polygon", "coordinates": [[[-8.58713, 42.83634], [-8.58702, 42.83624], [-8.58672, 42.83646], [-8.58681, 42.83654], [-8.58713, 42.83634]]]}}, {"type": "Feature", "properties": {"area_ha": 0.087, "dist_km": 2.567, "node": "SANTIAGO 220", "node_mw": 285, "osm_id": 1413826421, "municipio": "Santiago"}, "geometry": {"type": "Polygon", "coordinates": [[[-8.58525, 42.83212], [-8.58509, 42.83192], [-8.58474, 42.83207], [-8.58477, 42.83218], [-8.58488, 42.83226], [-8.58494, 42.83223], [-8.58495, 42.83224], [-8.58525, 42.83212]]]}}, {"type": "Feature", "properties": {"area_ha": 0.031, "dist_km": 2.604, "node": "SAN PEDRO 220", "node_mw": 281, "osm_id": 689010608, "municipio": "San Pedro"}, "geometry": {"type": "Polygon", "coordinates": [[[-7.26102, 43.3455], [-7.26105, 43.34538], [-7.26094, 43.34536], [-7.26093, 43.34542], [-7.2606, 43.34538], [-7.26059, 43.34544], [-7.26102, 43.3455]]]}}, {"type": "Feature", "properties": {"area_ha": 0.208, "dist_km": 2.57, "node": "SAN PEDRO 220", "node_mw": 281, "osm_id": 689010615, "municipio": "San Pedro"}, "geometry": {"type": "Polygon", "coordinates": [[[-7.26171, 43.34428], [-7.26189, 43.34396], [-7.26153, 43.34386], [-7.26151, 43.34388], [-7.26122, 43.34379], [-7.26105, 43.34408], [-7.26171, 43.34428]]]}}, {"type": "Feature", "properties": {"area_ha": 0.684, "dist_km": 2.616, "node": "SAN PEDRO 220", "node_mw": 281, "osm_id": 1184609768, "municipio": "San Pedro"}, "geometry": {"type": "Polygon", "coordinates": [[[-7.26207, 43.34529], [-7.26218, 43.34484], [-7.26207, 43.34483], [-7.26205, 43.34457], [-7.26149, 43.34458], [-7.26139, 43.34479], [-7.26073, 43.34472], [-7.26065, 43.34498], [-7.26063, 43.34511], [-7.26207, 43.34529]]]}}, {"type": "Feature", "properties": {"area_ha": 0.037, "dist_km": 0.451, "node": "ZUZONES 400", "node_mw": 270, "osm_id": 1524828323, "municipio": "Zuzones"}, "geometry": {"type": "Polygon", "coordinates": [[[-3.46334, 41.62473], [-3.46321, 41.62466], [-3.46301, 41.62487], [-3.46313, 41.62493], [-3.46334, 41.62473]]]}}, {"type": "Feature", "properties": {"area_ha": 23.512, "dist_km": 1.566, "node": "MORA 220", "node_mw": 268, "osm_id": 191116044, "municipio": "Mora"}, "geometry": {"type": "Polygon", "coordinates": [[[-3.75938, 39.68451], [-3.75975, 39.68659], [-3.74932, 39.68531], [-3.74877, 39.68395], [-3.75102, 39.68354], [-3.75336, 39.68301], [-3.75391, 39.68295], [-3.75562, 39.6829], [-3.75612, 39.68293], [-3.75619, 39.68407], [-3.75832, 39.68426], [-3.75873, 39.68423], [-3.75905, 39.68429], [-3.75926, 39.68439], [-3.75938, 39.68451]]]}}, {"type": "Feature", "properties": {"area_ha": 0.746, "dist_km": 2.465, "node": "MORA 220", "node_mw": 268, "osm_id": 218432502, "municipio": "Mora"}, "geometry": {"type": "Polygon", "coordinates": [[[-3.80267, 39.68017], [-3.80149, 39.68028], [-3.80162, 39.68094], [-3.80279, 39.68081], [-3.80267, 39.68017]]]}}, {"type": "Feature", "properties": {"area_ha": 5.484, "dist_km": 2.689, "node": "MORA 220", "node_mw": 268, "osm_id": 405245198, "municipio": "Mora"}, "geometry": {"type": "Polygon", "coordinates": [[[-3.76531, 39.7087], [-3.76584, 39.70794], [-3.76417, 39.70691], [-3.7629, 39.70615], [-3.76214, 39.70694], [-3.76166, 39.7067], [-3.76119, 39.70726], [-3.76146, 39.7074], [-3.7649, 39.70886], [-3.765, 39.70888], [-3.76512, 39.70887], [-3.7652, 39.70883], [-3.76531, 39.7087]]]}}, {"type": "Feature", "properties": {"area_ha": 6.465, "dist_km": 0.757, "node": "MORA 220", "node_mw": 268, "osm_id": 405245984, "municipio": "Mora"}, "geometry": {"type": "Polygon", "coordinates": [[[-3.78068, 39.68672], [-3.78017, 39.68722], [-3.78177, 39.68743], [-3.78156, 39.68801], [-3.7832, 39.68842], [-3.78394, 39.68914], [-3.78434, 39.68809], [-3.78497, 39.68823], [-3.78507, 39.68797], [-3.7845, 39.68772], [-3.78446, 39.68777], [-3.7844, 39.68773], [-3.78373, 39.68763], [-3.78287, 39.68747], [-3.78283, 39.6874], [-3.78283, 39.6872], [-3.78282, 39.68698], [-3.78281, 39.68684], [-3.78281, 39.68671], [-3.7828, 39.68649], [-3.7828, 39.68644], [-3.78279, 39.68629], [-3.78277, 39.6859], [-3.78278, 39.6858], [-3.7828, 39.68568], [-3.78283, 39.68566], [-3.78283, 39.68565], [-3.78284, 39.68563], [-3.78307, 39.68545], [-3.78319, 39.68533], [-3.78324, 39.68528], [-3.78294, 39.68531], [-3.78283, 39.68532], [-3.78267, 39.68532], [-3.78251, 39.68531], [-3.78184, 39.6853], [-3.78142, 39.68554], [-3.78152, 39.68565], [-3.78159, 39.68566], [-3.7816, 39.68566], [-3.78126, 39.68586], [-3.78089, 39.68609], [-3.78091, 39.68627], [-3.78071, 39.68634], [-3.78065, 39.68636], [-3.78059, 39.68639], [-3.78055, 39.68645], [-3.78053, 39.68667], [-3.78068, 39.68672]]]}}, {"type": "Feature", "properties": {"area_ha": 1.192, "dist_km": 1.467, "node": "MORA 220", "node_mw": 268, "osm_id": 581568512, "municipio": "Mora"}, "geometry": {"type": "Polygon", "coordinates": [[[-3.75567, 39.68567], [-3.75724, 39.68585], [-3.75736, 39.68536], [-3.7571, 39.68531], [-3.75725, 39.6847], [-3.75711, 39.68464], [-3.75697, 39.68463], [-3.75697, 39.68471], [-3.75652, 39.68467], [-3.75641, 39.68523], [-3.75578, 39.68517], [-3.75567, 39.68567]]]}}, {"type": "Feature", "properties": {"area_ha": 0.067, "dist_km": 1.355, "node": "MORA 220", "node_mw": 268, "osm_id": 585617996, "municipio": "Mora"}, "geometry": {"type": "Polygon", "coordinates": [[[-3.7578, 39.68534], [-3.75782, 39.6855], [-3.75824, 39.68547], [-3.75828, 39.68546], [-3.75826, 39.68531], [-3.7578, 39.68534]]]}}, {"type": "Feature", "properties": {"area_ha": 0.103, "dist_km": 1.64, "node": "MORA 220", "node_mw": 268, "osm_id": 585617999, "municipio": "Mora"}, "geometry": {"type": "Polygon", "coordinates": [[[-3.75481, 39.68572], [-3.75458, 39.68569], [-3.75467, 39.68525], [-3.75491, 39.68527], [-3.75481, 39.68572]]]}}, {"type": "Feature", "properties": {"area_ha": 0.056, "dist_km": 1.571, "node": "MORA 220", "node_mw": 268, "osm_id": 585618000, "municipio": "Mora"}, "geometry": {"type": "Polygon", "coordinates": [[[-3.75542, 39.68488], [-3.75563, 39.68491], [-3.75568, 39.68464], [-3.75546, 39.68462], [-3.75542, 39.68488]]]}}, {"type": "Feature", "properties": {"area_ha": 0.102, "dist_km": 1.605, "node": "MORA 220", "node_mw": 268, "osm_id": 585618002, "municipio": "Mora"}, "geometry": {"type": "Polygon", "coordinates": [[[-3.75531, 39.68486], [-3.75492, 39.68482], [-3.75497, 39.68455], [-3.75536, 39.6846], [-3.75531, 39.68486]]]}}, {"type": "Feature", "properties": {"area_ha": 0.088, "dist_km": 1.357, "node": "MORA 220", "node_mw": 268, "osm_id": 585618003, "municipio": "Mora"}, "geometry": {"type": "Polygon", "coordinates": [[[-3.75781, 39.68529], [-3.75838, 39.68525], [-3.75836, 39.68509], [-3.75786, 39.68513], [-3.75779, 39.68513], [-3.75781, 39.68529]]]}}, {"type": "Feature", "properties": {"area_ha": 0.057, "dist_km": 1.297, "node": "MORA 220", "node_mw": 268, "osm_id": 585618005, "municipio": "Mora"}, "geometry": {"type": "Polygon", "coordinates": [[[-3.75895, 39.68592], [-3.75869, 39.68595], [-3.75864, 39.68571], [-3.75889, 39.68568], [-3.75895, 39.68592]]]}}, {"type": "Feature", "properties": {"area_ha": 0.038, "dist_km": 1.509, "node": "MORA 220", "node_mw": 268, "osm_id": 585618009, "municipio": "Mora"}, "geometry": {"type": "Polygon", "coordinates": [[[-3.75635, 39.68491], [-3.75615, 39.68489], [-3.75619, 39.68469], [-3.75639, 39.68471], [-3.75635, 39.68491]]]}}, {"type": "Feature", "properties": {"area_ha": 0.067, "dist_km": 1.352, "node": "MORA 220", "node_mw": 268, "osm_id": 585618010, "municipio": "Mora"}, "geometry": {"type": "Polygon", "coordinates": [[[-3.75786, 39.68513], [-3.75783, 39.68499], [-3.75835, 39.68495], [-3.75836, 39.68509], [-3.75786, 39.68513]]]}}, {"type": "Feature", "properties": {"area_ha": 0.058, "dist_km": 1.359, "node": "MORA 220", "node_mw": 268, "osm_id": 585618011, "municipio": "Mora"}, "geometry": {"type": "Polygon", "coordinates": [[[-3.75782, 39.6855], [-3.75783, 39.68564], [-3.75826, 39.68561], [-3.75824, 39.68547], [-3.75782, 39.6855]]]}}, {"type": "Feature", "properties": {"area_ha": 0.071, "dist_km": 1.657, "node": "MORA 220", "node_mw": 268, "osm_id": 585618017, "municipio": "Mora"}, "geometry": {"type": "Polygon", "coordinates": [[[-3.75439, 39.68493], [-3.75458, 39.68495], [-3.7546, 39.68489], [-3.75465, 39.68458], [-3.75447, 39.68455], [-3.75439, 39.68493]]]}}, {"type": "Feature", "properties": {"area_ha": 0.046, "dist_km": 1.524, "node": "MORA 220", "node_mw": 268, "osm_id": 585618020, "municipio": "Mora"}, "geometry": {"type": "Polygon", "coordinates": [[[-3.75614, 39.68495], [-3.75615, 39.68489], [-3.75619, 39.68469], [-3.75602, 39.68467], [-3.75596, 39.68493], [-3.75614, 39.68495]]]}}, {"type": "Feature", "properties": {"area_ha": 0.096, "dist_km": 1.251, "node": "MORA 220", "node_mw": 268, "osm_id": 585618023, "municipio": "Mora"}, "geometry": {"type": "Polygon", "coordinates": [[[-3.75908, 39.68561], [-3.75955, 39.68558], [-3.75951, 39.68536], [-3.75905, 39.6854], [-3.75908, 39.68561]]]}}, {"type": "Feature", "properties": {"area_ha": 0.088, "dist_km": 1.67, "node": "MORA 220", "node_mw": 268, "osm_id": 585618025, "municipio": "Mora"}, "geometry": {"type": "Polygon", "coordinates": [[[-3.75445, 39.68566], [-3.75425, 39.68564], [-3.75434, 39.6852], [-3.75455, 39.68523], [-3.75445, 39.68566]]]}}, {"type": "Feature", "properties": {"area_ha": 0.068, "dist_km": 1.612, "node": "MORA 220", "node_mw": 268, "osm_id": 585618028, "municipio": "Mora"}, "geometry": {"type": "Polygon", "coordinates": [[[-3.75517, 39.68577], [-3.75493, 39.68575], [-3.75499, 39.68546], [-3.75524, 39.68549], [-3.75517, 39.68577]]]}}, {"type": "Feature", "properties": {"area_ha": 0.057, "dist_km": 1.641, "node": "MORA 220", "node_mw": 268, "osm_id": 585618030, "municipio": "Mora"}, "geometry": {"type": "Polygon", "coordinates": [[[-3.75478, 39.68491], [-3.7546, 39.68489], [-3.75465, 39.68458], [-3.75484, 39.68459], [-3.75478, 39.68491]]]}}, {"type": "Feature", "properties": {"area_ha": 1.241, "dist_km": 1.807, "node": "VALPARAISO 220", "node_mw": 267, "osm_id": 777665000, "municipio": "Valparaiso"}, "geometry": {"type": "Polygon", "coordinates": [[[-6.26345, 42.01217], [-6.26231, 42.01198], [-6.26277, 42.011], [-6.26387, 42.01121], [-6.26414, 42.0114], [-6.26345, 42.01217]]]}}, {"type": "Feature", "properties": {"area_ha": 0.043, "dist_km": 2.347, "node": "MORA 220", "node_mw": 268, "osm_id": 816216391, "municipio": "Mora"}, "geometry": {"type": "Polygon", "coordinates": [[[-3.8013, 39.68304], [-3.80126, 39.68276], [-3.80123, 39.68276], [-3.80123, 39.68274], [-3.80112, 39.68275], [-3.80113, 39.68276], [-3.80109, 39.68277], [-3.8011, 39.68284], [-3.80114, 39.68284], [-3.80118, 39.68308], [-3.8013, 39.68307], [-3.80129, 39.68304], [-3.8013, 39.68304]]]}}, {"type": "Feature", "properties": {"area_ha": 8.209, "dist_km": 3.011, "node": "MORA 220", "node_mw": 268, "osm_id": 1479731527, "municipio": "Mora"}, "geometry": {"type": "Polygon", "coordinates": [[[-3.79654, 39.70244], [-3.7985, 39.7019], [-3.7987, 39.70217], [-3.79981, 39.70188], [-3.79987, 39.70218], [-3.79994, 39.70237], [-3.80004, 39.70257], [-3.80015, 39.70275], [-3.80027, 39.70294], [-3.80035, 39.70311], [-3.80045, 39.70331], [-3.80054, 39.70344], [-3.80057, 39.70354], [-3.80075, 39.70377], [-3.80085, 39.70395], [-3.80099, 39.7041], [-3.80113, 39.70426], [-3.80114, 39.70441], [-3.80079, 39.7045], [-3.79831, 39.70498], [-3.79753, 39.70367], [-3.79731, 39.70374], [-3.79654, 39.70244]]]}}, {"type": "Feature", "properties": {"area_ha": 0.017, "dist_km": 0.981, "node": "MORA 220", "node_mw": 268, "osm_id": 1482289547, "municipio": "Mora"}, "geometry": {"type": "Polygon", "coordinates": [[[-3.78017, 39.69226], [-3.78021, 39.69229], [-3.78029, 39.69224], [-3.78035, 39.69228], [-3.78044, 39.69221], [-3.78037, 39.69216], [-3.78035, 39.69214], [-3.78025, 39.69221], [-3.78018, 39.69225], [-3.78017, 39.69226]]]}}, {"type": "Feature", "properties": {"area_ha": 0.037, "dist_km": 1.049, "node": "MORA 220", "node_mw": 268, "osm_id": 1482289548, "municipio": "Mora"}, "geometry": {"type": "Polygon", "coordinates": [[[-3.78037, 39.69278], [-3.7803, 39.69283], [-3.78037, 39.69289], [-3.78028, 39.69295], [-3.78042, 39.69306], [-3.78057, 39.69294], [-3.78037, 39.69278]]]}}, {"type": "Feature", "properties": {"area_ha": 0.052, "dist_km": 1.091, "node": "MORA 220", "node_mw": 268, "osm_id": 1482289549, "municipio": "Mora"}, "geometry": {"type": "Polygon", "coordinates": [[[-3.78074, 39.69327], [-3.78056, 39.69317], [-3.78044, 39.69329], [-3.78039, 39.69326], [-3.78034, 39.69332], [-3.78057, 39.69345], [-3.78074, 39.69327]]]}}, {"type": "Feature", "properties": {"area_ha": 0.054, "dist_km": 1.048, "node": "MORA 220", "node_mw": 268, "osm_id": 1482289550, "municipio": "Mora"}, "geometry": {"type": "Polygon", "coordinates": [[[-3.781, 39.6928], [-3.78094, 39.69274], [-3.78084, 39.69263], [-3.78072, 39.69249], [-3.7807, 39.69247], [-3.78069, 39.69246], [-3.78059, 39.6925], [-3.78075, 39.69268], [-3.78086, 39.6928], [-3.78094, 39.69292], [-3.78103, 39.6929], [-3.781, 39.6928]]]}}, {"type": "Feature", "properties": {"area_ha": 0.006, "dist_km": 1.694, "node": "MORA 220", "node_mw": 268, "osm_id": 1482289557, "municipio": "Mora"}, "geometry": {"type": "Polygon", "coordinates": [[[-3.78846, 39.69529], [-3.78841, 39.69522], [-3.78838, 39.69524], [-3.78834, 39.69526], [-3.7884, 39.69533], [-3.78844, 39.6953], [-3.78846, 39.69529]]]}}, {"type": "Feature", "properties": {"area_ha": 0.731, "dist_km": 1.185, "node": "MORA 220", "node_mw": 268, "osm_id": 1482289558, "municipio": "Mora"}, "geometry": {"type": "Polygon", "coordinates": [[[-3.78368, 39.69257], [-3.78341, 39.69228], [-3.78192, 39.6931], [-3.78226, 39.69335], [-3.78281, 39.69304], [-3.78285, 39.69309], [-3.78289, 39.69313], [-3.78302, 39.69305], [-3.78306, 39.69303], [-3.78309, 39.69307], [-3.78378, 39.69269], [-3.78368, 39.69257]]]}}, {"type": "Feature", "properties": {"area_ha": 0.008, "dist_km": 1.16, "node": "MORA 220", "node_mw": 268, "osm_id": 1482289559, "municipio": "Mora"}, "geometry": {"type": "Polygon", "coordinates": [[[-3.78378, 39.69207], [-3.78387, 39.69207], [-3.78387, 39.69198], [-3.78379, 39.69198], [-3.78378, 39.69198], [-3.78378, 39.69207]]]}}, {"type": "Feature", "properties": {"area_ha": 0.025, "dist_km": 1.264, "node": "MORA 220", "node_mw": 268, "osm_id": 1482289560, "municipio": "Mora"}, "geometry": {"type": "Polygon", "coordinates": [[[-3.7846, 39.69264], [-3.78442, 39.69271], [-3.7845, 39.69281], [-3.78461, 39.69276], [-3.78464, 39.6928], [-3.7847, 39.69278], [-3.7846, 39.69264]]]}}, {"type": "Feature", "properties": {"area_ha": 0.094, "dist_km": 1.269, "node": "MORA 220", "node_mw": 268, "osm_id": 1482289561, "municipio": "Mora"}, "geometry": {"type": "Polygon", "coordinates": [[[-3.78245, 39.69446], [-3.78275, 39.69431], [-3.78256, 39.69411], [-3.78249, 39.69405], [-3.78236, 39.69414], [-3.78242, 39.69419], [-3.78228, 39.69426], [-3.78245, 39.69446]]]}}, {"type": "Feature", "properties": {"area_ha": 0.553, "dist_km": 1.103, "node": "MORA 220", "node_mw": 268, "osm_id": 1482289564, "municipio": "Mora"}, "geometry": {"type": "Polygon", "coordinates": [[[-3.78239, 39.69208], [-3.78161, 39.6925], [-3.78181, 39.69271], [-3.78162, 39.69281], [-3.78184, 39.69304], [-3.7828, 39.69252], [-3.78239, 39.69208]]]}}, {"type": "Feature", "properties": {"area_ha": 0.002, "dist_km": 1.096, "node": "MORA 220", "node_mw": 268, "osm_id": 1482289565, "municipio": "Mora"}, "geometry": {"type": "Polygon", "coordinates": [[[-3.78281, 39.69198], [-3.78275, 39.69199], [-3.78277, 39.69203], [-3.78282, 39.69201], [-3.78281, 39.69198]]]}}, {"type": "Feature", "properties": {"area_ha": 0.018, "dist_km": 1.134, "node": "MORA 220", "node_mw": 268, "osm_id": 1482289566, "municipio": "Mora"}, "geometry": {"type": "Polygon", "coordinates": [[[-3.78318, 39.69212], [-3.78313, 39.69215], [-3.78315, 39.69218], [-3.78321, 39.69224], [-3.78335, 39.69218], [-3.78327, 39.69208], [-3.78318, 39.69212]]]}}, {"type": "Feature", "properties": {"area_ha": 0.064, "dist_km": 1.39, "node": "MORA 220", "node_mw": 268, "osm_id": 1482289567, "municipio": "Mora"}, "geometry": {"type": "Polygon", "coordinates": [[[-3.78355, 39.69505], [-3.78347, 39.69496], [-3.78345, 39.69493], [-3.78307, 39.69511], [-3.78317, 39.69524], [-3.78355, 39.69506], [-3.78355, 39.69505]]]}}, {"type": "Feature", "properties": {"area_ha": 0.07, "dist_km": 1.31, "node": "MORA 220", "node_mw": 268, "osm_id": 1482289568, "municipio": "Mora"}, "geometry": {"type": "Polygon", "coordinates": [[[-3.78274, 39.69436], [-3.78271, 39.69434], [-3.78258, 39.69444], [-3.78259, 39.69445], [-3.78261, 39.69446], [-3.78293, 39.69471], [-3.78294, 39.69472], [-3.78307, 39.69461], [-3.78276, 39.69438], [-3.78274, 39.69436]]]}}, {"type": "Feature", "properties": {"area_ha": 0.01, "dist_km": 1.205, "node": "MORA 220", "node_mw": 268, "osm_id": 1482289573, "municipio": "Mora"}, "geometry": {"type": "Polygon", "coordinates": [[[-3.7804, 39.69445], [-3.7804, 39.69445], [-3.78031, 39.6946], [-3.7804, 39.69459], [-3.78047, 39.69447], [-3.7804, 39.69445]]]}}, {"type": "Feature", "properties": {"area_ha": 0.067, "dist_km": 1.414, "node": "MORA 220", "node_mw": 268, "osm_id": 1482289574, "municipio": "Mora"}, "geometry": {"type": "Polygon", "coordinates": [[[-3.78786, 39.6921], [-3.78723, 39.69198], [-3.78719, 39.69209], [-3.78783, 39.69221], [-3.78786, 39.6921]]]}}, {"type": "Feature", "properties": {"area_ha": 0.121, "dist_km": 1.526, "node": "MORA 220", "node_mw": 268, "osm_id": 1482289575, "municipio": "Mora"}, "geometry": {"type": "Polygon", "coordinates": [[[-3.78888, 39.69256], [-3.78873, 39.69258], [-3.78871, 39.69245], [-3.78863, 39.69244], [-3.78844, 39.6924], [-3.78851, 39.69281], [-3.78892, 39.69276], [-3.78888, 39.69256]]]}}, {"type": "Feature", "properties": {"area_ha": 0.009, "dist_km": 2.007, "node": "MORA 220", "node_mw": 268, "osm_id": 1482289585, "municipio": "Mora"}, "geometry": {"type": "Polygon", "coordinates": [[[-3.78981, 39.69804], [-3.78994, 39.69819], [-3.78998, 39.69816], [-3.78986, 39.69802], [-3.78981, 39.69804]]]}}, {"type": "Feature", "properties": {"area_ha": 0.023, "dist_km": 1.977, "node": "MORA 220", "node_mw": 268, "osm_id": 1482289586, "municipio": "Mora"}, "geometry": {"type": "Polygon", "coordinates": [[[-3.79021, 39.69753], [-3.79042, 39.69744], [-3.79035, 39.69735], [-3.79015, 39.69744], [-3.79021, 39.69753]]]}}, {"type": "Feature", "properties": {"area_ha": 0.008, "dist_km": 2.002, "node": "MORA 220", "node_mw": 268, "osm_id": 1482289587, "municipio": "Mora"}, "geometry": {"type": "Polygon", "coordinates": [[[-3.79063, 39.69755], [-3.7906, 39.6975], [-3.79046, 39.69757], [-3.79049, 39.69761], [-3.79063, 39.69755]]]}}, {"type": "Feature", "properties": {"area_ha": 0.004, "dist_km": 2.013, "node": "MORA 220", "node_mw": 268, "osm_id": 1482289588, "municipio": "Mora"}, "geometry": {"type": "Polygon", "coordinates": [[[-3.79083, 39.69754], [-3.79077, 39.69747], [-3.79072, 39.69749], [-3.79078, 39.69757], [-3.79083, 39.69754]]]}}, {"type": "Feature", "properties": {"area_ha": 0.005, "dist_km": 2.027, "node": "MORA 220", "node_mw": 268, "osm_id": 1482289589, "municipio": "Mora"}, "geometry": {"type": "Polygon", "coordinates": [[[-3.79083, 39.69772], [-3.79076, 39.69764], [-3.79072, 39.69766], [-3.79078, 39.69774], [-3.79083, 39.69772]]]}}, {"type": "Feature", "properties": {"area_ha": 0.012, "dist_km": 2.003, "node": "MORA 220", "node_mw": 268, "osm_id": 1482289590, "municipio": "Mora"}, "geometry": {"type": "Polygon", "coordinates": [[[-3.79086, 39.69743], [-3.79092, 39.6974], [-3.7908, 39.69725], [-3.79074, 39.69728], [-3.79086, 39.69743]]]}}, {"type": "Feature", "properties": {"area_ha": 0.252, "dist_km": 2.039, "node": "MORA 220", "node_mw": 268, "osm_id": 1482289591, "municipio": "Mora"}, "geometry": {"type": "Polygon", "coordinates": [[[-3.79105, 39.69761], [-3.79093, 39.69767], [-3.79097, 39.69772], [-3.79064, 39.69789], [-3.79053, 39.69776], [-3.79045, 39.69781], [-3.79044, 39.6978], [-3.79003, 39.698], [-3.79026, 39.69829], [-3.79069, 39.69809], [-3.79065, 39.69805], [-3.79074, 39.69801], [-3.79073, 39.69801], [-3.79082, 39.69796], [-3.7908, 39.69794], [-3.79089, 39.6979], [-3.79088, 39.69788], [-3.79115, 39.69774], [-3.79105, 39.69761]]]}}, {"type": "Feature", "properties": {"area_ha": 0.013, "dist_km": 2.061, "node": "MORA 220", "node_mw": 268, "osm_id": 1482289592, "municipio": "Mora"}, "geometry": {"type": "Polygon", "coordinates": [[[-3.79101, 39.69794], [-3.79125, 39.69783], [-3.79121, 39.69778], [-3.79098, 39.6979], [-3.79101, 39.69794]]]}}, {"type": "Feature", "properties": {"area_ha": 0.008, "dist_km": 1.765, "node": "MORA 220", "node_mw": 268, "osm_id": 1482289593, "municipio": "Mora"}, "geometry": {"type": "Polygon", "coordinates": [[[-3.7864, 39.69747], [-3.78635, 39.69752], [-3.78638, 39.69754], [-3.78633, 39.69758], [-3.78636, 39.69761], [-3.78647, 39.69753], [-3.7864, 39.69747]]]}}, {"type": "Feature", "properties": {"area_ha": 0.005, "dist_km": 1.761, "node": "MORA 220", "node_mw": 268, "osm_id": 1482289594, "municipio": "Mora"}, "geometry": {"type": "Polygon", "coordinates": [[[-3.7865, 39.69739], [-3.78642, 39.69743], [-3.78646, 39.69748], [-3.78654, 39.69743], [-3.7865, 39.69739]]]}}, {"type": "Feature", "properties": {"area_ha": 0.363, "dist_km": 1.805, "node": "MORA 220", "node_mw": 268, "osm_id": 1482289595, "municipio": "Mora"}, "geometry": {"type": "Polygon", "coordinates": [[[-3.78612, 39.69776], [-3.78561, 39.69812], [-3.78608, 39.69852], [-3.7866, 39.69815], [-3.78612, 39.69776]]]}}, {"type": "Feature", "properties": {"area_ha": 0.084, "dist_km": 1.732, "node": "MORA 220", "node_mw": 268, "osm_id": 1482289596, "municipio": "Mora"}, "geometry": {"type": "Polygon", "coordinates": [[[-3.78574, 39.69739], [-3.78589, 39.69752], [-3.78595, 39.69757], [-3.78615, 39.69744], [-3.78609, 39.69739], [-3.78619, 39.69732], [-3.78604, 39.69719], [-3.78578, 39.69736], [-3.78574, 39.69739]]]}}, {"type": "Feature", "properties": {"area_ha": 0.007, "dist_km": 2.387, "node": "MORA 220", "node_mw": 268, "osm_id": 1482289597, "municipio": "Mora"}, "geometry": {"type": "Polygon", "coordinates": [[[-3.79233, 39.70109], [-3.79227, 39.70101], [-3.7922, 39.70104], [-3.79226, 39.70112], [-3.79233, 39.70109]]]}}, {"type": "Feature", "properties": {"area_ha": 0.011, "dist_km": 2.348, "node": "MORA 220", "node_mw": 268, "osm_id": 1482289598, "municipio": "Mora"}, "geometry": {"type": "Polygon", "coordinates": [[[-3.793, 39.70008], [-3.79299, 39.70006], [-3.79286, 39.7001], [-3.79288, 39.70013], [-3.79285, 39.70014], [-3.79288, 39.70018], [-3.79303, 39.70013], [-3.793, 39.70008]]]}}, {"type": "Feature", "properties": {"area_ha": 0.008, "dist_km": 1.739, "node": "MORA 220", "node_mw": 268, "osm_id": 1482289600, "municipio": "Mora"}, "geometry": {"type": "Polygon", "coordinates": [[[-3.78523, 39.69792], [-3.78533, 39.69788], [-3.78528, 39.69781], [-3.78518, 39.69786], [-3.78523, 39.69792]]]}}, {"type": "Feature", "properties": {"area_ha": 0.079, "dist_km": 1.732, "node": "MORA 220", "node_mw": 268, "osm_id": 1482289601, "municipio": "Mora"}, "geometry": {"type": "Polygon", "coordinates": [[[-3.78589, 39.69752], [-3.78574, 39.69739], [-3.78578, 39.69736], [-3.78574, 39.69733], [-3.78564, 39.69739], [-3.78568, 39.69743], [-3.78555, 39.69752], [-3.78563, 39.69759], [-3.78555, 39.69765], [-3.78567, 39.69776], [-3.78575, 39.6977], [-3.78575, 39.6977], [-3.78589, 39.69761], [-3.78595, 39.69757], [-3.78589, 39.69752]]]}}, {"type": "Feature", "properties": {"area_ha": 0.01, "dist_km": 1.868, "node": "MORA 220", "node_mw": 268, "osm_id": 1482289604, "municipio": "Mora"}, "geometry": {"type": "Polygon", "coordinates": [[[-3.78735, 39.6982], [-3.78726, 39.69812], [-3.78719, 39.69817], [-3.78728, 39.69825], [-3.78735, 39.6982]]]}}, {"type": "Feature", "properties": {"area_ha": 1.219, "dist_km": 1.928, "node": "MORA 220", "node_mw": 268, "osm_id": 1482289605, "municipio": "Mora"}, "geometry": {"type": "Polygon", "coordinates": [[[-3.7876, 39.69918], [-3.78804, 39.69898], [-3.78765, 39.69849], [-3.78741, 39.69868], [-3.78693, 39.69831], [-3.78678, 39.69842], [-3.78661, 39.69829], [-3.78618, 39.69859], [-3.78668, 39.69899], [-3.78661, 39.69903], [-3.78677, 39.69916], [-3.78685, 39.6991], [-3.787, 39.69925], [-3.7868, 39.69938], [-3.78723, 39.6998], [-3.78764, 39.69954], [-3.78737, 39.69928], [-3.7876, 39.69918]]]}}, {"type": "Feature", "properties": {"area_ha": 0.005, "dist_km": 2.142, "node": "MORA 220", "node_mw": 268, "osm_id": 1482289606, "municipio": "Mora"}, "geometry": {"type": "Polygon", "coordinates": [[[-3.78743, 39.70109], [-3.78751, 39.70109], [-3.78754, 39.70109], [-3.78754, 39.70108], [-3.78754, 39.70104], [-3.78743, 39.70104], [-3.78743, 39.70109]]]}}, {"type": "Feature", "properties": {"area_ha": 0.008, "dist_km": 2.073, "node": "MORA 220", "node_mw": 268, "osm_id": 1482289607, "municipio": "Mora"}, "geometry": {"type": "Polygon", "coordinates": [[[-3.78826, 39.69996], [-3.78821, 39.6999], [-3.78811, 39.69995], [-3.78815, 39.70001], [-3.78826, 39.69996]]]}}, {"type": "Feature", "properties": {"area_ha": 0.003, "dist_km": 2.078, "node": "MORA 220", "node_mw": 268, "osm_id": 1482289608, "municipio": "Mora"}, "geometry": {"type": "Polygon", "coordinates": [[[-3.78826, 39.69996], [-3.78815, 39.70001], [-3.78817, 39.70003], [-3.78828, 39.69998], [-3.78826, 39.69996]]]}}, {"type": "Feature", "properties": {"area_ha": 0.124, "dist_km": 1.997, "node": "MORA 220", "node_mw": 268, "osm_id": 1482289609, "municipio": "Mora"}, "geometry": {"type": "Polygon", "coordinates": [[[-3.78811, 39.69895], [-3.78807, 39.69897], [-3.78819, 39.69911], [-3.78802, 39.6992], [-3.78816, 39.69937], [-3.78853, 39.69919], [-3.78827, 39.69888], [-3.78811, 39.69895]]]}}, {"type": "Feature", "properties": {"area_ha": 0.025, "dist_km": 2.134, "node": "MORA 220", "node_mw": 268, "osm_id": 1482289610, "municipio": "Mora"}, "geometry": {"type": "Polygon", "coordinates": [[[-3.78871, 39.70023], [-3.78877, 39.70031], [-3.78884, 39.70028], [-3.78887, 39.70032], [-3.78898, 39.70027], [-3.78888, 39.70015], [-3.78871, 39.70023]]]}}, {"type": "Feature", "properties": {"area_ha": 0.011, "dist_km": 2.147, "node": "MORA 220", "node_mw": 268, "osm_id": 1482289612, "municipio": "Mora"}, "geometry": {"type": "Polygon", "coordinates": [[[-3.78936, 39.7], [-3.7893, 39.70003], [-3.78947, 39.70021], [-3.7895, 39.70019], [-3.78937, 39.70004], [-3.78938, 39.70004], [-3.78936, 39.7]]]}}, {"type": "Feature", "properties": {"area_ha": 0.005, "dist_km": 2.175, "node": "MORA 220", "node_mw": 268, "osm_id": 1482289613, "municipio": "Mora"}, "geometry": {"type": "Polygon", "coordinates": [[[-3.78958, 39.70031], [-3.78966, 39.7003], [-3.78966, 39.70025], [-3.78958, 39.70025], [-3.78958, 39.70031]]]}}, {"type": "Feature", "properties": {"area_ha": 0.007, "dist_km": 2.173, "node": "MORA 220", "node_mw": 268, "osm_id": 1482289614, "municipio": "Mora"}, "geometry": {"type": "Polygon", "coordinates": [[[-3.78979, 39.70019], [-3.78971, 39.70012], [-3.78964, 39.70017], [-3.7897, 39.70021], [-3.78971, 39.7002], [-3.78974, 39.70023], [-3.78979, 39.70019]]]}}, {"type": "Feature", "properties": {"area_ha": 0.004, "dist_km": 2.182, "node": "MORA 220", "node_mw": 268, "osm_id": 1482289615, "municipio": "Mora"}, "geometry": {"type": "Polygon", "coordinates": [[[-3.78981, 39.70029], [-3.7898, 39.70025], [-3.78969, 39.70026], [-3.7897, 39.7003], [-3.78981, 39.70029]]]}}, {"type": "Feature", "properties": {"area_ha": 20.424, "dist_km": 1.5, "node": "MORA 220", "node_mw": 268, "osm_id": 1482290912, "municipio": "Mora"}, "geometry": {"type": "Polygon", "coordinates": [[[-3.78017, 39.69398], [-3.78049, 39.69437], [-3.78156, 39.69416], [-3.78163, 39.69428], [-3.78178, 39.69426], [-3.78188, 39.69463], [-3.78237, 39.69454], [-3.78331, 39.69556], [-3.78376, 39.69626], [-3.78492, 39.69593], [-3.78581, 39.69669], [-3.78436, 39.69732], [-3.78539, 39.69825], [-3.78618, 39.69883], [-3.78672, 39.69946], [-3.78707, 39.69987], [-3.78716, 39.69989], [-3.78783, 39.70045], [-3.7901, 39.70027], [-3.78823, 39.69866], [-3.78662, 39.69724], [-3.78755, 39.69673], [-3.78656, 39.69552], [-3.78524, 39.69602], [-3.78296, 39.69419], [-3.78412, 39.69369], [-3.78439, 39.69403], [-3.78528, 39.69361], [-3.78417, 39.69194], [-3.78224, 39.69191], [-3.78142, 39.69183], [-3.78072, 39.69229], [-3.78117, 39.69281], [-3.78017, 39.69398]]]}}, {"type": "Feature", "properties": {"area_ha": 1.398, "dist_km": 2.022, "node": "MORA 220", "node_mw": 268, "osm_id": 1482290913, "municipio": "Mora"}, "geometry": {"type": "Polygon", "coordinates": [[[-3.78946, 39.69771], [-3.79009, 39.69845], [-3.79064, 39.69819], [-3.79149, 39.69779], [-3.79085, 39.69704], [-3.78946, 39.69771]]]}}, {"type": "Feature", "properties": {"area_ha": 9.028, "dist_km": 0.994, "node": "OLIVARES 220", "node_mw": 259, "osm_id": 80352330, "municipio": "Olivares"}, "geometry": {"type": "Polygon", "coordinates": [[[-6.14883, 37.41515], [-6.14654, 37.41575], [-6.14494, 37.41624], [-6.1443, 37.41489], [-6.14499, 37.41467], [-6.14476, 37.41395], [-6.14528, 37.4137], [-6.14462, 37.41319], [-6.14409, 37.41328], [-6.14404, 37.4125], [-6.14668, 37.41212], [-6.1471, 37.41262], [-6.14641, 37.41346], [-6.14545, 37.41376], [-6.14652, 37.4146], [-6.14682, 37.41469], [-6.14895, 37.4142], [-6.14883, 37.41515]]]}}, {"type": "Feature", "properties": {"area_ha": 1.809, "dist_km": 1.259, "node": "OLIVARES 220", "node_mw": 259, "osm_id": 389972206, "municipio": "Olivares"}, "geometry": {"type": "Polygon", "coordinates": [[[-6.14491, 37.41011], [-6.14658, 37.41037], [-6.14669, 37.41013], [-6.1468, 37.40926], [-6.14738, 37.40934], [-6.14744, 37.40878], [-6.14674, 37.40874], [-6.14583, 37.40943], [-6.14491, 37.41011]]]}}, {"type": "Feature", "properties": {"area_ha": 3.392, "dist_km": 0.713, "node": "OLIVARES 220", "node_mw": 259, "osm_id": 427495347, "municipio": "Olivares"}, "geometry": {"type": "Polygon", "coordinates": [[[-6.15526, 37.42558], [-6.15649, 37.42518], [-6.15728, 37.42432], [-6.15751, 37.42379], [-6.15712, 37.42353], [-6.1559, 37.42303], [-6.15532, 37.42435], [-6.15524, 37.4255], [-6.15526, 37.42558]]]}}, {"type": "Feature", "properties": {"area_ha": 2.151, "dist_km": 0.771, "node": "OLIVARES 220", "node_mw": 259, "osm_id": 427495348, "municipio": "Olivares"}, "geometry": {"type": "Polygon", "coordinates": [[[-6.15519, 37.42559], [-6.15527, 37.42437], [-6.15359, 37.42375], [-6.15358, 37.42377], [-6.15331, 37.42454], [-6.15437, 37.42492], [-6.1542, 37.42571], [-6.15478, 37.42574], [-6.15519, 37.42559]]]}}, {"type": "Feature", "properties": {"area_ha": 11.15, "dist_km": 0.753, "node": "OLIVARES 220", "node_mw": 259, "osm_id": 427496634, "municipio": "Olivares"}, "geometry": {"type": "Polygon", "coordinates": [[[-6.15279, 37.42525], [-6.1532, 37.42434], [-6.15347, 37.42347], [-6.15371, 37.42216], [-6.15178, 37.42154], [-6.15109, 37.42152], [-6.15083, 37.42143], [-6.1503, 37.4211], [-6.15002, 37.42115], [-6.1499, 37.42117], [-6.14951, 37.42132], [-6.1494, 37.42136], [-6.14913, 37.42146], [-6.14909, 37.42148], [-6.14844, 37.42189], [-6.14813, 37.4221], [-6.14744, 37.42245], [-6.14696, 37.42263], [-6.14659, 37.4226], [-6.14649, 37.42305], [-6.14615, 37.42369], [-6.14644, 37.4239], [-6.14797, 37.42385], [-6.1482, 37.42376], [-6.14845, 37.42288], [-6.15052, 37.42186], [-6.15089, 37.4222], [-6.15138, 37.42318], [-6.1527, 37.42522], [-6.15279, 37.42525]]]}}, {"type": "Feature", "properties": {"area_ha": 4.325, "dist_km": 1.209, "node": "OLIVARES 220", "node_mw": 259, "osm_id": 428260089, "municipio": "Olivares"}, "geometry": {"type": "Polygon", "coordinates": [[[-6.16451, 37.42824], [-6.16439, 37.42729], [-6.1636, 37.42695], [-6.16156, 37.4263], [-6.16118, 37.42656], [-6.16114, 37.42672], [-6.16156, 37.42753], [-6.16155, 37.42786], [-6.16168, 37.42791], [-6.16296, 37.4284], [-6.16331, 37.42815], [-6.16406, 37.42831], [-6.16451, 37.42824]]]}}, {"type": "Feature", "properties": {"area_ha": 1.022, "dist_km": 1.43, "node": "OLIVARES 220", "node_mw": 259, "osm_id": 1389348886, "municipio": "Olivares"}, "geometry": {"type": "Polygon", "coordinates": [[[-6.16555, 37.42876], [-6.16545, 37.42844], [-6.1653, 37.42834], [-6.16509, 37.42829], [-6.16462, 37.42828], [-6.16451, 37.42831], [-6.16419, 37.42833], [-6.16418, 37.42837], [-6.16434, 37.42943], [-6.16451, 37.42947], [-6.16486, 37.42924], [-6.16491, 37.42918], [-6.165, 37.42894], [-6.16523, 37.42891], [-6.16533, 37.42883], [-6.16543, 37.42879], [-6.16555, 37.42876]]]}}, {"type": "Feature", "properties": {"area_ha": 10.806, "dist_km": 0.054, "node": "DON RODRIGO 220", "node_mw": 257, "osm_id": 144787749, "municipio": "Don Rodrigo"}, "geometry": {"type": "Polygon", "coordinates": [[[-5.8431, 37.24296], [-5.84225, 37.24448], [-5.84262, 37.24461], [-5.8426, 37.24464], [-5.84231, 37.24511], [-5.84199, 37.24495], [-5.84197, 37.24498], [-5.84117, 37.24651], [-5.84378, 37.24742], [-5.84468, 37.2458], [-5.84575, 37.24389], [-5.8431, 37.24296]]]}}, {"type": "Feature", "properties": {"area_ha": 0.945, "dist_km": 1.385, "node": "SOBRADELO 220", "node_mw": 251, "osm_id": 247461810, "municipio": "Sobradelo"}, "geometry": {"type": "Polygon", "coordinates": [[[-8.77441, 42.59407], [-8.77466, 42.59344], [-8.77316, 42.59312], [-8.77291, 42.59375], [-8.77441, 42.59407]]]}}, {"type": "Feature", "properties": {"area_ha": 4.944, "dist_km": 2.899, "node": "SOBRADELO 220", "node_mw": 251, "osm_id": 273549816, "municipio": "Sobradelo"}, "geometry": {"type": "Polygon", "coordinates": [[[-8.76187, 42.60084], [-8.76165, 42.6009], [-8.76162, 42.6009], [-8.76118, 42.60105], [-8.76104, 42.6011], [-8.76099, 42.60111], [-8.7614, 42.60181], [-8.76179, 42.60245], [-8.76185, 42.60245], [-8.76193, 42.60254], [-8.76219, 42.60296], [-8.76268, 42.60388], [-8.76292, 42.60427], [-8.76325, 42.6049], [-8.76333, 42.60488], [-8.76362, 42.60548], [-8.76418, 42.6067], [-8.76423, 42.60681], [-8.76435, 42.6071], [-8.76458, 42.60791], [-8.76457, 42.6088], [-8.7645, 42.6096], [-8.76427, 42.61043], [-8.76441, 42.61047], [-8.76459, 42.61006], [-8.76478, 42.60934], [-8.76499, 42.60932], [-8.76499, 42.60865], [-8.76492, 42.60765], [-8.76476, 42.60703], [-8.76494, 42.60698], [-8.7651, 42.60689], [-8.76499, 42.60649], [-8.76488, 42.60639], [-8.76461, 42.6062], [-8.7643, 42.60591], [-8.76411, 42.60576], [-8.76405, 42.60569], [-8.76371, 42.60515], [-8.76362, 42.60497], [-8.76353, 42.60486], [-8.76351, 42.60482], [-8.76342, 42.60462], [-8.76335, 42.60442], [-8.76329, 42.60424], [-8.76325, 42.60415], [-8.76318, 42.60393], [-8.76319, 42.60377], [-8.76319, 42.60365], [-8.76341, 42.60309], [-8.76347, 42.60299], [-8.76328, 42.60297], [-8.76319, 42.60281], [-8.7631, 42.60263], [-8.76281, 42.60271], [-8.7624, 42.60188], [-8.7623, 42.60169], [-8.76227, 42.60163], [-8.76187, 42.60084]]]}}, {"type": "Feature", "properties": {"area_ha": 0.403, "dist_km": 3.013, "node": "SOBRADELO 220", "node_mw": 251, "osm_id": 391073295, "municipio": "Sobradelo"}, "geometry": {"type": "Polygon", "coordinates": [[[-8.74648, 42.58842], [-8.74663, 42.58835], [-8.74675, 42.58849], [-8.74698, 42.58838], [-8.74681, 42.5882], [-8.74698, 42.58811], [-8.74762, 42.58826], [-8.74774, 42.58839], [-8.74766, 42.58843], [-8.74771, 42.58849], [-8.7475, 42.5886], [-8.74744, 42.58853], [-8.74686, 42.58882], [-8.74648, 42.58842]]]}}, {"type": "Feature", "properties": {"area_ha": 0.248, "dist_km": 2.926, "node": "SOBRADELO 220", "node_mw": 251, "osm_id": 391073296, "municipio": "Sobradelo"}, "geometry": {"type": "Polygon", "coordinates": [[[-8.74823, 42.58949], [-8.7482, 42.58968], [-8.74817, 42.58987], [-8.74837, 42.58984], [-8.74838, 42.58974], [-8.74907, 42.58973], [-8.74908, 42.58952], [-8.74899, 42.58952], [-8.74899, 42.58939], [-8.74823, 42.58949]]]}}, {"type": "Feature", "properties": {"area_ha": 0.197, "dist_km": 2.809, "node": "SOBRADELO 220", "node_mw": 251, "osm_id": 391073297, "municipio": "Sobradelo"}, "geometry": {"type": "Polygon", "coordinates": [[[-8.74982, 42.58973], [-8.74963, 42.58973], [-8.74974, 42.58877], [-8.74997, 42.58876], [-8.75004, 42.58879], [-8.75003, 42.58891], [-8.75003, 42.58896], [-8.74991, 42.58905], [-8.7499, 42.58912], [-8.74982, 42.58973]]]}}, {"type": "Feature", "properties": {"area_ha": 0.048, "dist_km": 2.86, "node": "SOBRADELO 220", "node_mw": 251, "osm_id": 391073298, "municipio": "Sobradelo"}, "geometry": {"type": "Polygon", "coordinates": [[[-8.74948, 42.58961], [-8.74924, 42.5896], [-8.74926, 42.58942], [-8.74944, 42.58939], [-8.74953, 42.5894], [-8.74948, 42.58961]]]}}, {"type": "Feature", "properties": {"area_ha": 0.176, "dist_km": 2.925, "node": "SOBRADELO 220", "node_mw": 251, "osm_id": 391073299, "municipio": "Sobradelo"}, "geometry": {"type": "Polygon", "coordinates": [[[-8.74904, 42.59048], [-8.74862, 42.59047], [-8.74864, 42.59001], [-8.74906, 42.59002], [-8.74904, 42.59048]]]}}, {"type": "Feature", "properties": {"area_ha": 0.109, "dist_km": 2.864, "node": "SOBRADELO 220", "node_mw": 251, "osm_id": 391073300, "municipio": "Sobradelo"}, "geometry": {"type": "Polygon", "coordinates": [[[-8.74992, 42.59079], [-8.74949, 42.59069], [-8.7496, 42.59044], [-8.75003, 42.59054], [-8.74992, 42.59079]]]}}, {"type": "Feature", "properties": {"area_ha": 0.365, "dist_km": 2.891, "node": "SOBRADELO 220", "node_mw": 251, "osm_id": 391073301, "municipio": "Sobradelo"}, "geometry": {"type": "Polygon", "coordinates": [[[-8.74949, 42.5916], [-8.75021, 42.59123], [-8.74986, 42.59086], [-8.74912, 42.59124], [-8.74949, 42.5916]]]}}, {"type": "Feature", "properties": {"area_ha": 0.409, "dist_km": 2.828, "node": "SOBRADELO 220", "node_mw": 251, "osm_id": 391073302, "municipio": "Sobradelo"}, "geometry": {"type": "Polygon", "coordinates": [[[-8.75048, 42.59119], [-8.74995, 42.59146], [-8.75038, 42.59193], [-8.75113, 42.59156], [-8.75088, 42.59129], [-8.75067, 42.5914], [-8.75048, 42.59119]]]}}, {"type": "Feature", "properties": {"area_ha": 0.218, "dist_km": 2.79, "node": "SOBRADELO 220", "node_mw": 251, "osm_id": 391073303, "municipio": "Sobradelo"}, "geometry": {"type": "Polygon", "coordinates": [[[-8.75093, 42.59115], [-8.75053, 42.5911], [-8.75066, 42.59052], [-8.75107, 42.59058], [-8.75093, 42.59115]]]}}, {"type": "Feature", "properties": {"area_ha": 0.122, "dist_km": 3.005, "node": "SOBRADELO 220", "node_mw": 251, "osm_id": 391073304, "municipio": "Sobradelo"}, "geometry": {"type": "Polygon", "coordinates": [[[-8.74873, 42.59155], [-8.74785, 42.59151], [-8.74784, 42.59168], [-8.74857, 42.59171], [-8.74857, 42.59163], [-8.74873, 42.59164], [-8.74873, 42.59155]]]}}, {"type": "Feature", "properties": {"area_ha": 0.362, "dist_km": 0.964, "node": "SOBRADELO 220", "node_mw": 251, "osm_id": 391272456, "municipio": "Sobradelo"}, "geometry": {"type": "Polygon", "coordinates": [[[-8.79452, 42.58393], [-8.79456, 42.58396], [-8.7947, 42.58403], [-8.79505, 42.58366], [-8.79513, 42.5837], [-8.79495, 42.58392], [-8.79531, 42.5841], [-8.79566, 42.58372], [-8.79558, 42.58364], [-8.79505, 42.58337], [-8.79452, 42.58393]]]}}, {"type": "Feature", "properties": {"area_ha": 0.241, "dist_km": 1.004, "node": "SOBRADELO 220", "node_mw": 251, "osm_id": 391272457, "municipio": "Sobradelo"}, "geometry": {"type": "Polygon", "coordinates": [[[-8.79505, 42.58337], [-8.79545, 42.58295], [-8.79569, 42.58307], [-8.79555, 42.58322], [-8.79578, 42.58334], [-8.7957, 42.58343], [-8.79576, 42.58346], [-8.79558, 42.58364], [-8.79505, 42.58337]]]}}, {"type": "Feature", "properties": {"area_ha": 0.108, "dist_km": 1.022, "node": "SOBRADELO 220", "node_mw": 251, "osm_id": 391272458, "municipio": "Sobradelo"}, "geometry": {"type": "Polygon", "coordinates": [[[-8.79576, 42.58346], [-8.79585, 42.5835], [-8.79609, 42.58321], [-8.79572, 42.58304], [-8.79555, 42.58322], [-8.79578, 42.58334], [-8.7957, 42.58343], [-8.79576, 42.58346]]]}}, {"type": "Feature", "properties": {"area_ha": 0.165, "dist_km": 1.029, "node": "SOBRADELO 220", "node_mw": 251, "osm_id": 391272459, "municipio": "Sobradelo"}, "geometry": {"type": "Polygon", "coordinates": [[[-8.79582, 42.58301], [-8.7956, 42.58291], [-8.79562, 42.58288], [-8.79557, 42.58286], [-8.79566, 42.58274], [-8.7956, 42.58271], [-8.7957, 42.58259], [-8.79582, 42.58244], [-8.79602, 42.58253], [-8.79607, 42.5825], [-8.79616, 42.58254], [-8.7961, 42.5826], [-8.79613, 42.58262], [-8.79582, 42.58301]]]}}, {"type": "Feature", "properties": {"area_ha": 0.247, "dist_km": 1.1, "node": "SOBRADELO 220", "node_mw": 251, "osm_id": 391272460, "municipio": "Sobradelo"}, "geometry": {"type": "Polygon", "coordinates": [[[-8.79704, 42.5826], [-8.7966, 42.58278], [-8.7965, 42.58262], [-8.79635, 42.58267], [-8.79612, 42.5831], [-8.79617, 42.58317], [-8.79697, 42.58289], [-8.79701, 42.58284], [-8.79702, 42.58281], [-8.79701, 42.58276], [-8.79708, 42.58263], [-8.79704, 42.5826]]]}}, {"type": "Feature", "properties": {"area_ha": 0.059, "dist_km": 1.916, "node": "SOBRADELO 220", "node_mw": 251, "osm_id": 391553563, "municipio": "Sobradelo"}, "geometry": {"type": "Polygon", "coordinates": [[[-8.76425, 42.59365], [-8.76441, 42.59368], [-8.76454, 42.59371], [-8.76468, 42.59374], [-8.76469, 42.5937], [-8.76471, 42.59363], [-8.76472, 42.5936], [-8.76473, 42.59355], [-8.76462, 42.59353], [-8.7646, 42.59364], [-8.76434, 42.59358], [-8.76436, 42.59353], [-8.76455, 42.59357], [-8.76456, 42.59352], [-8.76448, 42.5935], [-8.76432, 42.59347], [-8.76425, 42.59365]]]}}, {"type": "Feature", "properties": {"area_ha": 0.198, "dist_km": 2.654, "node": "SOBRADELO 220", "node_mw": 251, "osm_id": 391681630, "municipio": "Sobradelo"}, "geometry": {"type": "Polygon", "coordinates": [[[-8.76162, 42.6009], [-8.76204, 42.60169], [-8.76227, 42.60163], [-8.76187, 42.60084], [-8.76162, 42.6009]]]}}, {"type": "Feature", "properties": {"area_ha": 0.142, "dist_km": 2.75, "node": "SOBRADELO 220", "node_mw": 251, "osm_id": 391681631, "municipio": "Sobradelo"}, "geometry": {"type": "Polygon", "coordinates": [[[-8.76249, 42.60261], [-8.76277, 42.60323], [-8.763, 42.60317], [-8.76272, 42.60255], [-8.76252, 42.6026], [-8.76249, 42.60261]]]}}, {"type": "Feature", "properties": {"area_ha": 0.149, "dist_km": 2.583, "node": "SOBRADELO 220", "node_mw": 251, "osm_id": 496897842, "municipio": "Sobradelo"}, "geometry": {"type": "Polygon", "coordinates": [[[-8.76184, 42.60019], [-8.76119, 42.59978], [-8.76103, 42.59992], [-8.76167, 42.60033], [-8.76172, 42.60029], [-8.7618, 42.60034], [-8.76186, 42.60029], [-8.76178, 42.60024], [-8.76184, 42.60019]]]}}, {"type": "Feature", "properties": {"area_ha": 0.607, "dist_km": 2.964, "node": "SOBRADELO 220", "node_mw": 251, "osm_id": 585500534, "municipio": "Sobradelo"}, "geometry": {"type": "Polygon", "coordinates": [[[-8.7467, 42.58633], [-8.74678, 42.58638], [-8.74706, 42.58658], [-8.74714, 42.58651], [-8.74711, 42.58649], [-8.74757, 42.5863], [-8.74766, 42.58642], [-8.74786, 42.58643], [-8.74805, 42.58644], [-8.74794, 42.58632], [-8.74782, 42.58575], [-8.74781, 42.58569], [-8.74729, 42.58574], [-8.74711, 42.58576], [-8.74724, 42.58589], [-8.74706, 42.58601], [-8.74671, 42.58623], [-8.74671, 42.58628], [-8.7467, 42.58633]]]}}, {"type": "Feature", "properties": {"area_ha": 12.276, "dist_km": 0.96, "node": "DON RODRIGO 220", "node_mw": 257, "osm_id": 775057334, "municipio": "Don Rodrigo"}, "geometry": {"type": "Polygon", "coordinates": [[[-5.83092, 37.2461], [-5.8302, 37.2443], [-5.83072, 37.24412], [-5.83084, 37.24348], [-5.83293, 37.2409], [-5.83377, 37.24154], [-5.83368, 37.24218], [-5.8342, 37.2426], [-5.83492, 37.24251], [-5.83516, 37.24257], [-5.83572, 37.24309], [-5.83092, 37.2461]]]}}, {"type": "Feature", "properties": {"area_ha": 2.662, "dist_km": 1.24, "node": "DON RODRIGO 220", "node_mw": 257, "osm_id": 775057335, "municipio": "Don Rodrigo"}, "geometry": {"type": "Polygon", "coordinates": [[[-5.83013, 37.24193], [-5.82927, 37.24114], [-5.83119, 37.23966], [-5.83208, 37.24021], [-5.83013, 37.24193]]]}}, {"type": "Feature", "properties": {"area_ha": 45.908, "dist_km": 1.364, "node": "SOBRADELO 220", "node_mw": 251, "osm_id": 844597618, "municipio": "Sobradelo"}, "geometry": {"type": "Polygon", "coordinates": [[[-8.78552, 42.60052], [-8.78566, 42.60045], [-8.78398, 42.59538], [-8.78386, 42.59477], [-8.78364, 42.59487], [-8.7836, 42.59489], [-8.78227, 42.59496], [-8.78226, 42.59488], [-8.78221, 42.59434], [-8.78195, 42.59429], [-8.78181, 42.59427], [-8.78188, 42.59406], [-8.78191, 42.59395], [-8.78173, 42.59391], [-8.78168, 42.5938], [-8.78175, 42.5937], [-8.78174, 42.59323], [-8.78147, 42.59311], [-8.7809, 42.59393], [-8.78069, 42.59389], [-8.78074, 42.59364], [-8.77993, 42.59333], [-8.7799, 42.59318], [-8.7803, 42.59258], [-8.77997, 42.59259], [-8.77972, 42.59269], [-8.77953, 42.59289], [-8.77951, 42.59303], [-8.77902, 42.59309], [-8.7788, 42.59332], [-8.77813, 42.59305], [-8.77731, 42.59264], [-8.77711, 42.59237], [-8.77708, 42.59209], [-8.77708, 42.5919], [-8.77709, 42.59177], [-8.777, 42.5916], [-8.77707, 42.59156], [-8.77706, 42.59134], [-8.77654, 42.59108], [-8.77624, 42.59157], [-8.7769, 42.59193], [-8.77691, 42.59226], [-8.77649, 42.59221], [-8.77486, 42.59206], [-8.7739, 42.59225], [-8.77296, 42.59248], [-8.77254, 42.59255], [-8.77244, 42.59239], [-8.77224, 42.59202], [-8.77158, 42.59225], [-8.77115, 42.59266], [-8.77069, 42.59339], [-8.77092, 42.5935], [-8.77085, 42.59362], [-8.77068, 42.59365], [-8.77059, 42.59376], [-8.77073, 42.59385], [-8.7707, 42.59389], [-8.77057, 42.59416], [-8.77044, 42.59429], [-8.77028, 42.5943], [-8.77007, 42.59451], [-8.76996, 42.59448], [-8.76987, 42.59445], [-8.76957, 42.59471], [-8.7697, 42.59488], [-8.76991, 42.59518], [-8.76921, 42.5959], [-8.7692, 42.59593], [-8.76914, 42.59618], [-8.76917, 42.5962], [-8.77011, 42.59655], [-8.77058, 42.59676], [-8.7707, 42.59665], [-8.77104, 42.5961], [-8.7711, 42.59597], [-8.77117, 42.59584], [-8.77123, 42.5957], [-8.7708, 42.59537], [-8.77193, 42.59372], [-8.77469, 42.59433], [-8.77467, 42.59442], [-8.77496, 42.59448], [-8.7742, 42.59713], [-8.77589, 42.5974], [-8.77665, 42.59472], [-8.78136, 42.59573], [-8.78181, 42.59571], [-8.78245, 42.59767], [-8.78211, 42.59777], [-8.78218, 42.59799], [-8.77915, 42.59854], [-8.77903, 42.59864], [-8.78057, 42.60014], [-8.78523, 42.60021], [-8.78522, 42.60046], [-8.78545, 42.60055], [-8.78552, 42.60052]]]}}, {"type": "Feature", "properties": {"area_ha": 0.596, "dist_km": 2.98, "node": "SOBRADELO 220", "node_mw": 251, "osm_id": 845842335, "municipio": "Sobradelo"}, "geometry": {"type": "Polygon", "coordinates": [[[-8.75484, 42.6002], [-8.75469, 42.60059], [-8.75435, 42.60051], [-8.75444, 42.6003], [-8.75457, 42.59999], [-8.75463, 42.59989], [-8.75445, 42.59984], [-8.75439, 42.59982], [-8.75447, 42.59969], [-8.75444, 42.59967], [-8.75433, 42.59963], [-8.75427, 42.59961], [-8.75438, 42.59948], [-8.75454, 42.59954], [-8.75467, 42.59931], [-8.75493, 42.59934], [-8.75508, 42.59951], [-8.75528, 42.59974], [-8.7552, 42.60005], [-8.75494, 42.59998], [-8.75484, 42.6002]]]}}, {"type": "Feature", "properties": {"area_ha": 4.533, "dist_km": 2.629, "node": "SOBRADELO 220", "node_mw": 251, "osm_id": 845842339, "municipio": "Sobradelo"}, "geometry": {"type": "Polygon", "coordinates": [[[-8.75344, 42.5901], [-8.75301, 42.5899], [-8.75264, 42.5899], [-8.75262, 42.58986], [-8.75248, 42.58957], [-8.75236, 42.58959], [-8.75233, 42.58959], [-8.75227, 42.58957], [-8.75183, 42.58951], [-8.75111, 42.58931], [-8.75092, 42.58893], [-8.75076, 42.58874], [-8.751, 42.58854], [-8.75118, 42.58838], [-8.75138, 42.5881], [-8.75157, 42.58784], [-8.75068, 42.5874], [-8.75034, 42.58728], [-8.75041, 42.58707], [-8.75118, 42.58718], [-8.7518, 42.58672], [-8.75297, 42.58679], [-8.75254, 42.58811], [-8.75244, 42.58865], [-8.75282, 42.58879], [-8.75281, 42.58912], [-8.75347, 42.58938], [-8.75333, 42.5896], [-8.75362, 42.58985], [-8.75344, 42.5901]]]}}, {"type": "Feature", "properties": {"area_ha": 10.112, "dist_km": 2.939, "node": "SOBRADELO 220", "node_mw": 251, "osm_id": 845842340, "municipio": "Sobradelo"}, "geometry": {"type": "Polygon", "coordinates": [[[-8.74946, 42.59181], [-8.74957, 42.59181], [-8.75, 42.59214], [-8.75018, 42.59219], [-8.75024, 42.5922], [-8.75042, 42.59224], [-8.75053, 42.59226], [-8.75105, 42.59209], [-8.7519, 42.59093], [-8.7516, 42.5908], [-8.75128, 42.59119], [-8.75093, 42.59115], [-8.75107, 42.59058], [-8.75068, 42.59041], [-8.75081, 42.59009], [-8.75203, 42.59005], [-8.75203, 42.58992], [-8.75204, 42.58978], [-8.7519, 42.58974], [-8.75189, 42.58965], [-8.75119, 42.58973], [-8.75115, 42.58962], [-8.7511, 42.5894], [-8.75081, 42.58944], [-8.7508, 42.58957], [-8.75016, 42.5896], [-8.75009, 42.5896], [-8.74999, 42.58961], [-8.74982, 42.58973], [-8.7499, 42.58912], [-8.75003, 42.58891], [-8.75004, 42.58879], [-8.74974, 42.58877], [-8.74957, 42.58881], [-8.74896, 42.58896], [-8.74898, 42.58929], [-8.74899, 42.58939], [-8.74823, 42.58949], [-8.7482, 42.58968], [-8.74817, 42.58987], [-8.7477, 42.59007], [-8.74669, 42.58895], [-8.74805, 42.58833], [-8.74697, 42.58806], [-8.74683, 42.58816], [-8.74667, 42.5883], [-8.74634, 42.58846], [-8.74625, 42.58847], [-8.74618, 42.58848], [-8.74596, 42.58881], [-8.74596, 42.58882], [-8.74596, 42.58888], [-8.74594, 42.58902], [-8.74598, 42.58902], [-8.74599, 42.58913], [-8.74596, 42.58918], [-8.746, 42.58922], [-8.74635, 42.58947], [-8.7464, 42.58948], [-8.74648, 42.5895], [-8.74656, 42.58958], [-8.7467, 42.58961], [-8.7467, 42.58975], [-8.74687, 42.58977], [-8.74692, 42.58978], [-8.74711, 42.5898], [-8.74715, 42.59009], [-8.74683, 42.59039], [-8.74751, 42.59083], [-8.74826, 42.59102], [-8.74872, 42.5911], [-8.74894, 42.59134], [-8.74897, 42.59138], [-8.7491, 42.59151], [-8.74878, 42.5915], [-8.74865, 42.59149], [-8.74766, 42.59146], [-8.74774, 42.59163], [-8.74761, 42.59177], [-8.7476, 42.59185], [-8.74767, 42.59186], [-8.74773, 42.59185], [-8.74803, 42.59177], [-8.74827, 42.59175], [-8.74845, 42.59177], [-8.74858, 42.59176], [-8.74867, 42.59175], [-8.74871, 42.59176], [-8.74872, 42.59179], [-8.74869, 42.59183], [-8.7486, 42.59189], [-8.74857, 42.59194], [-8.74861, 42.59201], [-8.74866, 42.59212], [-8.74877, 42.5922], [-8.74892, 42.59219], [-8.74925, 42.59207], [-8.74946, 42.59181]]]}}, {"type": "Feature", "properties": {"area_ha": 0.98, "dist_km": 1.093, "node": "SOBRADELO 220", "node_mw": 251, "osm_id": 845990064, "municipio": "Sobradelo"}, "geometry": {"type": "Polygon", "coordinates": [[[-8.79474, 42.57899], [-8.79489, 42.57894], [-8.79549, 42.57876], [-8.79537, 42.57865], [-8.7953, 42.57828], [-8.79539, 42.57816], [-8.79539, 42.5779], [-8.79464, 42.57772], [-8.79456, 42.57768], [-8.79451, 42.57769], [-8.79439, 42.578], [-8.79433, 42.57816], [-8.79429, 42.57816], [-8.79422, 42.57818], [-8.79436, 42.57848], [-8.79453, 42.57876], [-8.79474, 42.57899]]]}}, {"type": "Feature", "properties": {"area_ha": 3.824, "dist_km": 1.053, "node": "SOBRADELO 220", "node_mw": 251, "osm_id": 845990065, "municipio": "Sobradelo"}, "geometry": {"type": "Polygon", "coordinates": [[[-8.79564, 42.58432], [-8.79455, 42.58412], [-8.79379, 42.58378], [-8.795, 42.58252], [-8.79521, 42.58268], [-8.79572, 42.58225], [-8.7958, 42.58227], [-8.79591, 42.58215], [-8.79597, 42.58215], [-8.79615, 42.58194], [-8.79669, 42.58246], [-8.79675, 42.58249], [-8.7971, 42.58241], [-8.79722, 42.58238], [-8.79726, 42.5824], [-8.7973, 42.58261], [-8.79728, 42.58281], [-8.7971, 42.58294], [-8.79654, 42.58329], [-8.79599, 42.58408], [-8.79564, 42.58432]]]}}, {"type": "Feature", "properties": {"area_ha": 2.359, "dist_km": 0.821, "node": "SOBRADELO 220", "node_mw": 251, "osm_id": 845990066, "municipio": "Sobradelo"}, "geometry": {"type": "Polygon", "coordinates": [[[-8.7875, 42.59], [-8.78748, 42.59002], [-8.78702, 42.59043], [-8.78652, 42.59099], [-8.78645, 42.59112], [-8.78634, 42.5913], [-8.78622, 42.59143], [-8.78616, 42.59149], [-8.78527, 42.59117], [-8.7851, 42.59111], [-8.78544, 42.59051], [-8.78559, 42.59037], [-8.78636, 42.58954], [-8.78639, 42.58951], [-8.78649, 42.58941], [-8.7868, 42.58958], [-8.78706, 42.58931], [-8.78748, 42.58952], [-8.78753, 42.58954], [-8.78754, 42.5896], [-8.7873, 42.58988], [-8.78745, 42.58997], [-8.7875, 42.59]]]}}, {"type": "Feature", "properties": {"area_ha": 0.438, "dist_km": 1.804, "node": "SOBRADELO 220", "node_mw": 251, "osm_id": 879249470, "municipio": "Sobradelo"}, "geometry": {"type": "Polygon", "coordinates": [[[-8.77016, 42.59616], [-8.77029, 42.59597], [-8.76969, 42.59553], [-8.76938, 42.59582], [-8.76918, 42.59613], [-8.76933, 42.59623], [-8.76951, 42.5963], [-8.76962, 42.59613], [-8.77007, 42.5963], [-8.77016, 42.59616]]]}}, {"type": "Feature", "properties": {"area_ha": 0.128, "dist_km": 1.813, "node": "SOBRADELO 220", "node_mw": 251, "osm_id": 879299773, "municipio": "Sobradelo"}, "geometry": {"type": "Polygon", "coordinates": [[[-8.77016, 42.59616], [-8.76953, 42.59593], [-8.76933, 42.59623], [-8.76951, 42.5963], [-8.76962, 42.59613], [-8.77007, 42.5963], [-8.77016, 42.59616]]]}}, {"type": "Feature", "properties": {"area_ha": 2.334, "dist_km": 2.857, "node": "SOBRADELO 220", "node_mw": 251, "osm_id": 1044171905, "municipio": "Sobradelo"}, "geometry": {"type": "Polygon", "coordinates": [[[-8.76671, 42.60581], [-8.76578, 42.60583], [-8.76542, 42.60585], [-8.76478, 42.60597], [-8.76484, 42.60616], [-8.76461, 42.6062], [-8.7643, 42.60591], [-8.76411, 42.60576], [-8.76405, 42.60569], [-8.76371, 42.60515], [-8.76362, 42.60497], [-8.76353, 42.60486], [-8.76351, 42.60482], [-8.76353, 42.60481], [-8.76356, 42.6048], [-8.76386, 42.6049], [-8.76402, 42.60494], [-8.76441, 42.60494], [-8.76595, 42.60493], [-8.76595, 42.60494], [-8.76615, 42.60491], [-8.76622, 42.6049], [-8.76623, 42.60494], [-8.76625, 42.60493], [-8.76628, 42.60503], [-8.76623, 42.60503], [-8.76627, 42.60519], [-8.76629, 42.60519], [-8.76629, 42.6052], [-8.76631, 42.60521], [-8.76634, 42.6052], [-8.76645, 42.60518], [-8.76671, 42.60581]]]}}, {"type": "Feature", "properties": {"area_ha": 0.622, "dist_km": 2.76, "node": "SOBRADELO 220", "node_mw": 251, "osm_id": 1044171949, "municipio": "Sobradelo"}, "geometry": {"type": "Polygon", "coordinates": [[[-8.76625, 42.60438], [-8.76592, 42.60438], [-8.76591, 42.60443], [-8.76581, 42.60443], [-8.76581, 42.6045], [-8.76573, 42.6045], [-8.76566, 42.60465], [-8.76556, 42.60465], [-8.76556, 42.60462], [-8.76556, 42.60461], [-8.76558, 42.60449], [-8.76554, 42.60448], [-8.76549, 42.60448], [-8.76543, 42.60448], [-8.76534, 42.60447], [-8.76528, 42.60447], [-8.76524, 42.60447], [-8.76515, 42.60446], [-8.76502, 42.60446], [-8.76489, 42.60445], [-8.76491, 42.60431], [-8.76477, 42.6043], [-8.76435, 42.60426], [-8.76427, 42.60423], [-8.76426, 42.60422], [-8.76414, 42.60426], [-8.76441, 42.6041], [-8.76444, 42.60413], [-8.76453, 42.60419], [-8.76457, 42.60422], [-8.76476, 42.60423], [-8.76492, 42.60424], [-8.76509, 42.60406], [-8.76507, 42.60404], [-8.76505, 42.60402], [-8.76498, 42.60397], [-8.76537, 42.60374], [-8.76551, 42.60357], [-8.76564, 42.60396], [-8.76573, 42.60394], [-8.76575, 42.60394], [-8.76574, 42.60411], [-8.76573, 42.60422], [-8.76613, 42.6042], [-8.76618, 42.6042], [-8.76621, 42.60428], [-8.76625, 42.60438]]]}}, {"type": "Feature", "properties": {"area_ha": 0.06, "dist_km": 2.439, "node": "SOBRADELO 220", "node_mw": 251, "osm_id": 1044172008, "municipio": "Sobradelo"}, "geometry": {"type": "Polygon", "coordinates": [[[-8.76558, 42.60109], [-8.76614, 42.60106], [-8.76619, 42.60115], [-8.7662, 42.60117], [-8.76559, 42.6012], [-8.76558, 42.60109]]]}}, {"type": "Feature", "properties": {"area_ha": 4.612, "dist_km": 3.067, "node": "SOBRADELO 220", "node_mw": 251, "osm_id": 1064952479, "municipio": "Sobradelo"}, "geometry": {"type": "Polygon", "coordinates": [[[-8.75122, 42.59403], [-8.75136, 42.59408], [-8.75137, 42.59411], [-8.7514, 42.59414], [-8.75143, 42.59417], [-8.75147, 42.59418], [-8.75146, 42.59422], [-8.75147, 42.59431], [-8.75136, 42.59448], [-8.75128, 42.59462], [-8.75112, 42.59469], [-8.7509, 42.59479], [-8.75077, 42.59481], [-8.75072, 42.59482], [-8.75053, 42.5948], [-8.75031, 42.59478], [-8.74977, 42.59475], [-8.74898, 42.59562], [-8.74925, 42.59571], [-8.74984, 42.59591], [-8.74971, 42.59615], [-8.74875, 42.59585], [-8.74836, 42.59577], [-8.74771, 42.59558], [-8.74763, 42.59552], [-8.74714, 42.59536], [-8.74706, 42.59535], [-8.74713, 42.59508], [-8.7472, 42.59495], [-8.7474, 42.59492], [-8.74746, 42.59468], [-8.74693, 42.59467], [-8.74707, 42.59457], [-8.74717, 42.59447], [-8.7472, 42.59438], [-8.74691, 42.59436], [-8.74693, 42.59414], [-8.74681, 42.59401], [-8.74685, 42.59357], [-8.74681, 42.59311], [-8.74707, 42.59309], [-8.74765, 42.59306], [-8.74783, 42.59306], [-8.74808, 42.59309], [-8.74857, 42.59325], [-8.74841, 42.59328], [-8.7483, 42.59338], [-8.74788, 42.59376], [-8.74781, 42.59406], [-8.74773, 42.59441], [-8.74773, 42.5945], [-8.74794, 42.59455], [-8.74799, 42.59469], [-8.74806, 42.59482], [-8.74831, 42.59479], [-8.74861, 42.59474], [-8.74866, 42.59473], [-8.74907, 42.59474], [-8.74916, 42.59472], [-8.74978, 42.59458], [-8.75019, 42.59449], [-8.75038, 42.59445], [-8.7506, 42.59435], [-8.75064, 42.59421], [-8.75007, 42.5941], [-8.75017, 42.59377], [-8.75065, 42.59386], [-8.751, 42.59393], [-8.75118, 42.59401], [-8.75122, 42.59403]]]}}, {"type": "Feature", "properties": {"area_ha": 0.186, "dist_km": 1.465, "node": "SOBRADELO 220", "node_mw": 251, "osm_id": 1065114663, "municipio": "Sobradelo"}, "geometry": {"type": "Polygon", "coordinates": [[[-8.77167, 42.59289], [-8.77144, 42.5931], [-8.77118, 42.59296], [-8.77109, 42.59305], [-8.77129, 42.59317], [-8.77116, 42.59331], [-8.77087, 42.59316], [-8.77109, 42.59285], [-8.77128, 42.5927], [-8.77167, 42.59289]]]}}, {"type": "Feature", "properties": {"area_ha": 0.015, "dist_km": 1.498, "node": "SOBRADELO 220", "node_mw": 251, "osm_id": 1065114664, "municipio": "Sobradelo"}, "geometry": {"type": "Polygon", "coordinates": [[[-8.77128, 42.59337], [-8.77118, 42.59348], [-8.77108, 42.59342], [-8.77118, 42.59332], [-8.77128, 42.59337]]]}}, {"type": "Feature", "properties": {"area_ha": 0.026, "dist_km": 1.548, "node": "SOBRADELO 220", "node_mw": 251, "osm_id": 1065114666, "municipio": "Sobradelo"}, "geometry": {"type": "Polygon", "coordinates": [[[-8.77091, 42.59373], [-8.77078, 42.59384], [-8.77063, 42.59375], [-8.77073, 42.59366], [-8.77081, 42.59367], [-8.77091, 42.59373]]]}}, {"type": "Feature", "properties": {"area_ha": 0.086, "dist_km": 1.28, "node": "SOBRADELO 220", "node_mw": 251, "osm_id": 1065114670, "municipio": "Sobradelo"}, "geometry": {"type": "Polygon", "coordinates": [[[-8.7748, 42.593], [-8.77475, 42.59304], [-8.77468, 42.59306], [-8.77446, 42.59303], [-8.77451, 42.59283], [-8.7745, 42.5927], [-8.77468, 42.59268], [-8.77473, 42.59276], [-8.7748, 42.593]]]}}, {"type": "Feature", "properties": {"area_ha": 0.298, "dist_km": 1.292, "node": "SOBRADELO 220", "node_mw": 251, "osm_id": 1065114671, "municipio": "Sobradelo"}, "geometry": {"type": "Polygon", "coordinates": [[[-8.77446, 42.59303], [-8.77444, 42.59312], [-8.77368, 42.59301], [-8.77375, 42.59266], [-8.77423, 42.59264], [-8.77449, 42.59263], [-8.7745, 42.5927], [-8.77451, 42.59283], [-8.77446, 42.59303]]]}}, {"type": "Feature", "properties": {"area_ha": 0.178, "dist_km": 1.279, "node": "SOBRADELO 220", "node_mw": 251, "osm_id": 1065114672, "municipio": "Sobradelo"}, "geometry": {"type": "Polygon", "coordinates": [[[-8.77423, 42.59264], [-8.77422, 42.59254], [-8.77442, 42.59252], [-8.77439, 42.59234], [-8.77365, 42.59238], [-8.77367, 42.59264], [-8.77369, 42.59266], [-8.77375, 42.59266], [-8.77423, 42.59264]]]}}, {"type": "Feature", "properties": {"area_ha": 0.132, "dist_km": 1.235, "node": "SOBRADELO 220", "node_mw": 251, "osm_id": 1065694733, "municipio": "Sobradelo"}, "geometry": {"type": "Polygon", "coordinates": [[[-8.77639, 42.59319], [-8.77628, 42.5932], [-8.77621, 42.59333], [-8.7759, 42.59328], [-8.77598, 42.59307], [-8.77603, 42.59294], [-8.7761, 42.59292], [-8.77628, 42.59294], [-8.7764, 42.59295], [-8.77639, 42.59319]]]}}, {"type": "Feature", "properties": {"area_ha": 0.016, "dist_km": 1.201, "node": "SOBRADELO 220", "node_mw": 251, "osm_id": 1065694734, "municipio": "Sobradelo"}, "geometry": {"type": "Polygon", "coordinates": [[[-8.77563, 42.59249], [-8.77565, 42.59247], [-8.77568, 42.59247], [-8.77571, 42.59247], [-8.77573, 42.59248], [-8.77575, 42.5925], [-8.77577, 42.59252], [-8.77577, 42.59254], [-8.77576, 42.59256], [-8.77575, 42.59258], [-8.77573, 42.59259], [-8.7757, 42.5926], [-8.77567, 42.5926], [-8.77565, 42.59259], [-8.77562, 42.59258], [-8.77561, 42.59257], [-8.7756, 42.59254], [-8.7756, 42.59252], [-8.77561, 42.5925], [-8.77563, 42.59249]]]}}, {"type": "Feature", "properties": {"area_ha": 0.007, "dist_km": 1.215, "node": "SOBRADELO 220", "node_mw": 251, "osm_id": 1065694735, "municipio": "Sobradelo"}, "geometry": {"type": "Polygon", "coordinates": [[[-8.77572, 42.5927], [-8.77573, 42.59269], [-8.77575, 42.59268], [-8.77576, 42.59268], [-8.77578, 42.59268], [-8.7758, 42.59268], [-8.77582, 42.59269], [-8.77583, 42.5927], [-8.77583, 42.59272], [-8.77583, 42.59273], [-8.77582, 42.59275], [-8.77581, 42.59276], [-8.77579, 42.59276], [-8.77577, 42.59276], [-8.77575, 42.59276], [-8.77573, 42.59275], [-8.77572, 42.59274], [-8.77571, 42.59273], [-8.77571, 42.59271], [-8.77572, 42.5927]]]}}, {"type": "Feature", "properties": {"area_ha": 0.007, "dist_km": 1.219, "node": "SOBRADELO 220", "node_mw": 251, "osm_id": 1065694736, "municipio": "Sobradelo"}, "geometry": {"type": "Polygon", "coordinates": [[[-8.77557, 42.59267], [-8.77558, 42.59266], [-8.77559, 42.59265], [-8.77561, 42.59265], [-8.77563, 42.59265], [-8.77565, 42.59265], [-8.77567, 42.59266], [-8.77568, 42.59267], [-8.77568, 42.59269], [-8.77568, 42.5927], [-8.77567, 42.59272], [-8.77565, 42.59273], [-8.77564, 42.59273], [-8.77562, 42.59273], [-8.7756, 42.59273], [-8.77558, 42.59272], [-8.77557, 42.59271], [-8.77556, 42.5927], [-8.77556, 42.59268], [-8.77557, 42.59267]]]}}, {"type": "Feature", "properties": {"area_ha": 0.007, "dist_km": 1.192, "node": "SOBRADELO 220", "node_mw": 251, "osm_id": 1065694737, "municipio": "Sobradelo"}, "geometry": {"type": "Polygon", "coordinates": [[[-8.77605, 42.59259], [-8.77606, 42.59258], [-8.77607, 42.59257], [-8.77609, 42.59257], [-8.77611, 42.59257], [-8.77613, 42.59258], [-8.77614, 42.59258], [-8.77616, 42.5926], [-8.77616, 42.59261], [-8.77616, 42.59263], [-8.77615, 42.59264], [-8.77613, 42.59265], [-8.77611, 42.59266], [-8.77609, 42.59266], [-8.77608, 42.59265], [-8.77606, 42.59265], [-8.77605, 42.59264], [-8.77604, 42.59262], [-8.77604, 42.59261], [-8.77605, 42.59259]]]}}, {"type": "Feature", "properties": {"area_ha": 0.007, "dist_km": 1.205, "node": "SOBRADELO 220", "node_mw": 251, "osm_id": 1065694738, "municipio": "Sobradelo"}, "geometry": {"type": "Polygon", "coordinates": [[[-8.776, 42.59271], [-8.77601, 42.5927], [-8.77602, 42.59269], [-8.77604, 42.59268], [-8.77606, 42.59269], [-8.77608, 42.59269], [-8.7761, 42.5927], [-8.77611, 42.59271], [-8.77611, 42.59273], [-8.77611, 42.59274], [-8.7761, 42.59275], [-8.77608, 42.59276], [-8.77607, 42.59277], [-8.77605, 42.59277], [-8.77603, 42.59277], [-8.77601, 42.59276], [-8.776, 42.59275], [-8.77599, 42.59274], [-8.77599, 42.59272], [-8.776, 42.59271]]]}}, {"type": "Feature", "properties": {"area_ha": 0.007, "dist_km": 1.218, "node": "SOBRADELO 220", "node_mw": 251, "osm_id": 1065694739, "municipio": "Sobradelo"}, "geometry": {"type": "Polygon", "coordinates": [[[-8.77598, 42.59284], [-8.77599, 42.59283], [-8.77601, 42.59282], [-8.77603, 42.59282], [-8.77604, 42.59282], [-8.77606, 42.59282], [-8.77608, 42.59283], [-8.77609, 42.59284], [-8.77609, 42.59286], [-8.77609, 42.59287], [-8.77608, 42.59289], [-8.77607, 42.5929], [-8.77605, 42.5929], [-8.77603, 42.5929], [-8.77601, 42.5929], [-8.77599, 42.59289], [-8.77598, 42.59288], [-8.77597, 42.59287], [-8.77597, 42.59285], [-8.77598, 42.59284]]]}}, {"type": "Feature", "properties": {"area_ha": 0.007, "dist_km": 1.179, "node": "SOBRADELO 220", "node_mw": 251, "osm_id": 1065694740, "municipio": "Sobradelo"}, "geometry": {"type": "Polygon", "coordinates": [[[-8.77626, 42.59255], [-8.77627, 42.59254], [-8.77629, 42.59253], [-8.77631, 42.59253], [-8.77633, 42.59253], [-8.77635, 42.59253], [-8.77636, 42.59254], [-8.77637, 42.59256], [-8.77638, 42.59257], [-8.77637, 42.59259], [-8.77636, 42.5926], [-8.77635, 42.59261], [-8.77633, 42.59262], [-8.77631, 42.59262], [-8.77629, 42.59261], [-8.77628, 42.5926], [-8.77626, 42.59259], [-8.77626, 42.59258], [-8.77626, 42.59257], [-8.77626, 42.59255]]]}}, {"type": "Feature", "properties": {"area_ha": 0.007, "dist_km": 1.188, "node": "SOBRADELO 220", "node_mw": 251, "osm_id": 1065694741, "municipio": "Sobradelo"}, "geometry": {"type": "Polygon", "coordinates": [[[-8.77628, 42.59265], [-8.77629, 42.59264], [-8.77631, 42.59263], [-8.77633, 42.59263], [-8.77635, 42.59263], [-8.77636, 42.59264], [-8.77638, 42.59264], [-8.77639, 42.59266], [-8.77639, 42.59267], [-8.77639, 42.59269], [-8.77638, 42.5927], [-8.77637, 42.59271], [-8.77635, 42.59272], [-8.77633, 42.59272], [-8.77631, 42.59271], [-8.77629, 42.59271], [-8.77628, 42.5927], [-8.77628, 42.59268], [-8.77627, 42.59267], [-8.77628, 42.59265]]]}}, {"type": "Feature", "properties": {"area_ha": 0.005, "dist_km": 1.183, "node": "SOBRADELO 220", "node_mw": 251, "osm_id": 1065694742, "municipio": "Sobradelo"}, "geometry": {"type": "Polygon", "coordinates": [[[-8.77606, 42.5925], [-8.77607, 42.59249], [-8.77608, 42.59249], [-8.7761, 42.59248], [-8.77612, 42.59249], [-8.77613, 42.59249], [-8.77614, 42.5925], [-8.77614, 42.59252], [-8.77614, 42.59253], [-8.77614, 42.59254], [-8.77613, 42.59255], [-8.77611, 42.59256], [-8.77609, 42.59256], [-8.77608, 42.59256], [-8.77606, 42.59255], [-8.77605, 42.59254], [-8.77605, 42.59253], [-8.77604, 42.59252], [-8.77605, 42.59251], [-8.77606, 42.5925]]]}}, {"type": "Feature", "properties": {"area_ha": 0.005, "dist_km": 1.18, "node": "SOBRADELO 220", "node_mw": 251, "osm_id": 1065694743, "municipio": "Sobradelo"}, "geometry": {"type": "Polygon", "coordinates": [[[-8.77617, 42.59251], [-8.77618, 42.5925], [-8.77619, 42.5925], [-8.77621, 42.5925], [-8.77623, 42.5925], [-8.77624, 42.59251], [-8.77625, 42.59252], [-8.77625, 42.59253], [-8.77625, 42.59254], [-8.77625, 42.59255], [-8.77624, 42.59256], [-8.77622, 42.59257], [-8.7762, 42.59257], [-8.77619, 42.59257], [-8.77617, 42.59256], [-8.77616, 42.59255], [-8.77616, 42.59254], [-8.77615, 42.59253], [-8.77616, 42.59252], [-8.77617, 42.59251]]]}}, {"type": "Feature", "properties": {"area_ha": 0.005, "dist_km": 1.188, "node": "SOBRADELO 220", "node_mw": 251, "osm_id": 1065694744, "municipio": "Sobradelo"}, "geometry": {"type": "Polygon", "coordinates": [[[-8.77619, 42.5926], [-8.7762, 42.59259], [-8.77621, 42.59259], [-8.77623, 42.59259], [-8.77624, 42.59259], [-8.77626, 42.5926], [-8.77627, 42.59261], [-8.77627, 42.59262], [-8.77627, 42.59263], [-8.77626, 42.59264], [-8.77625, 42.59265], [-8.77624, 42.59266], [-8.77622, 42.59266], [-8.77621, 42.59266], [-8.77619, 42.59265], [-8.77618, 42.59264], [-8.77617, 42.59263], [-8.77617, 42.59262], [-8.77618, 42.59261], [-8.77619, 42.5926]]]}}, {"type": "Feature", "properties": {"area_ha": 0.005, "dist_km": 1.201, "node": "SOBRADELO 220", "node_mw": 251, "osm_id": 1065694745, "municipio": "Sobradelo"}, "geometry": {"type": "Polygon", "coordinates": [[[-8.77613, 42.59271], [-8.77614, 42.5927], [-8.77616, 42.5927], [-8.77617, 42.5927], [-8.77619, 42.5927], [-8.7762, 42.59271], [-8.77621, 42.59272], [-8.77622, 42.59273], [-8.77622, 42.59274], [-8.77621, 42.59276], [-8.7762, 42.59276], [-8.77618, 42.59277], [-8.77617, 42.59277], [-8.77615, 42.59277], [-8.77613, 42.59276], [-8.77612, 42.59276], [-8.77612, 42.59274], [-8.77612, 42.59273], [-8.77612, 42.59272], [-8.77613, 42.59271]]]}}, {"type": "Feature", "properties": {"area_ha": 0.005, "dist_km": 1.196, "node": "SOBRADELO 220", "node_mw": 251, "osm_id": 1065694746, "municipio": "Sobradelo"}, "geometry": {"type": "Polygon", "coordinates": [[[-8.77633, 42.59274], [-8.77634, 42.59273], [-8.77636, 42.59273], [-8.77637, 42.59273], [-8.77639, 42.59273], [-8.7764, 42.59274], [-8.77641, 42.59275], [-8.77642, 42.59276], [-8.77642, 42.59277], [-8.77641, 42.59278], [-8.7764, 42.59279], [-8.77638, 42.5928], [-8.77637, 42.5928], [-8.77635, 42.5928], [-8.77634, 42.59279], [-8.77632, 42.59278], [-8.77632, 42.59277], [-8.77632, 42.59276], [-8.77632, 42.59275], [-8.77633, 42.59274]]]}}, {"type": "Feature", "properties": {"area_ha": 0.005, "dist_km": 1.198, "node": "SOBRADELO 220", "node_mw": 251, "osm_id": 1065694747, "municipio": "Sobradelo"}, "geometry": {"type": "Polygon", "coordinates": [[[-8.77623, 42.59273], [-8.77624, 42.59272], [-8.77626, 42.59272], [-8.77627, 42.59272], [-8.77629, 42.59272], [-8.7763, 42.59273], [-8.77631, 42.59273], [-8.77632, 42.59275], [-8.77632, 42.59276], [-8.77631, 42.59277], [-8.7763, 42.59278], [-8.77628, 42.59279], [-8.77627, 42.59279], [-8.77625, 42.59279], [-8.77624, 42.59278], [-8.77622, 42.59277], [-8.77622, 42.59276], [-8.77622, 42.59275], [-8.77622, 42.59274], [-8.77623, 42.59273]]]}}, {"type": "Feature", "properties": {"area_ha": 0.029, "dist_km": 1.208, "node": "SOBRADELO 220", "node_mw": 251, "osm_id": 1065694748, "municipio": "Sobradelo"}, "geometry": {"type": "Polygon", "coordinates": [[[-8.7764, 42.59295], [-8.77642, 42.59289], [-8.77638, 42.59287], [-8.77638, 42.5928], [-8.77625, 42.59279], [-8.77613, 42.59278], [-8.77612, 42.59288], [-8.77628, 42.59288], [-8.77628, 42.59294], [-8.7764, 42.59295]]]}}, {"type": "Feature", "properties": {"area_ha": 0.036, "dist_km": 1.254, "node": "SOBRADELO 220", "node_mw": 251, "osm_id": 1065694749, "municipio": "Sobradelo"}, "geometry": {"type": "Polygon", "coordinates": [[[-8.7759, 42.59328], [-8.77572, 42.59324], [-8.77581, 42.59303], [-8.77598, 42.59307], [-8.7759, 42.59328]]]}}, {"type": "Feature", "properties": {"area_ha": 0.042, "dist_km": 1.262, "node": "SOBRADELO 220", "node_mw": 251, "osm_id": 1065694750, "municipio": "Sobradelo"}, "geometry": {"type": "Polygon", "coordinates": [[[-8.77562, 42.59323], [-8.77541, 42.5932], [-8.77545, 42.59305], [-8.77547, 42.59299], [-8.77568, 42.59302], [-8.77562, 42.59323]]]}}, {"type": "Feature", "properties": {"area_ha": 0.026, "dist_km": 1.271, "node": "SOBRADELO 220", "node_mw": 251, "osm_id": 1065694751, "municipio": "Sobradelo"}, "geometry": {"type": "Polygon", "coordinates": [[[-8.77541, 42.5932], [-8.77523, 42.59318], [-8.77527, 42.59303], [-8.77545, 42.59305], [-8.77541, 42.5932]]]}}, {"type": "Feature", "properties": {"area_ha": 0.084, "dist_km": 1.221, "node": "SOBRADELO 220", "node_mw": 251, "osm_id": 1065694754, "municipio": "Sobradelo"}, "geometry": {"type": "Polygon", "coordinates": [[[-8.77536, 42.59264], [-8.77497, 42.59258], [-8.77489, 42.59242], [-8.77496, 42.5924], [-8.7751, 42.59239], [-8.77539, 42.59241], [-8.77536, 42.59259], [-8.77536, 42.59264]]]}}, {"type": "Feature", "properties": {"area_ha": 0.03, "dist_km": 1.209, "node": "SOBRADELO 220", "node_mw": 251, "osm_id": 1065694755, "municipio": "Sobradelo"}, "geometry": {"type": "Polygon", "coordinates": [[[-8.77536, 42.59259], [-8.77554, 42.59261], [-8.77557, 42.59243], [-8.77539, 42.59241], [-8.77536, 42.59259]]]}}, {"type": "Feature", "properties": {"area_ha": 0.009, "dist_km": 1.155, "node": "SOBRADELO 220", "node_mw": 251, "osm_id": 1065694756, "municipio": "Sobradelo"}, "geometry": {"type": "Polygon", "coordinates": [[[-8.77716, 42.59263], [-8.77714, 42.59267], [-8.77692, 42.59258], [-8.77695, 42.59255], [-8.77716, 42.59263]]]}}, {"type": "Feature", "properties": {"area_ha": 0.005, "dist_km": 1.163, "node": "SOBRADELO 220", "node_mw": 251, "osm_id": 1065694757, "municipio": "Sobradelo"}, "geometry": {"type": "Polygon", "coordinates": [[[-8.77685, 42.59258], [-8.77681, 42.59263], [-8.77676, 42.59262], [-8.77678, 42.59259], [-8.77673, 42.59257], [-8.77675, 42.59254], [-8.77685, 42.59258]]]}}, {"type": "Feature", "properties": {"area_ha": 0.292, "dist_km": 1.217, "node": "SOBRADELO 220", "node_mw": 251, "osm_id": 1065694758, "municipio": "Sobradelo"}, "geometry": {"type": "Polygon", "coordinates": [[[-8.77759, 42.59342], [-8.77754, 42.59346], [-8.7766, 42.59346], [-8.77652, 42.59342], [-8.77653, 42.59318], [-8.77665, 42.59319], [-8.77665, 42.59298], [-8.77688, 42.593], [-8.7769, 42.59316], [-8.77692, 42.59314], [-8.77695, 42.59312], [-8.77698, 42.59312], [-8.77701, 42.59312], [-8.77704, 42.59315], [-8.77706, 42.59317], [-8.77707, 42.59319], [-8.77704, 42.59323], [-8.77758, 42.59323], [-8.77759, 42.59329], [-8.77758, 42.5934], [-8.77759, 42.59342]]]}}, {"type": "Feature", "properties": {"area_ha": 0.01, "dist_km": 1.209, "node": "SOBRADELO 220", "node_mw": 251, "osm_id": 1065694759, "municipio": "Sobradelo"}, "geometry": {"type": "Polygon", "coordinates": [[[-8.77758, 42.5934], [-8.77769, 42.5934], [-8.77769, 42.59329], [-8.77759, 42.59329], [-8.77758, 42.5934]]]}}, {"type": "Feature", "properties": {"area_ha": 0.023, "dist_km": 1.199, "node": "SOBRADELO 220", "node_mw": 251, "osm_id": 1065694760, "municipio": "Sobradelo"}, "geometry": {"type": "Polygon", "coordinates": [[[-8.77779, 42.59328], [-8.77781, 42.59326], [-8.77784, 42.59325], [-8.77788, 42.59324], [-8.77792, 42.59325], [-8.77795, 42.59326], [-8.77797, 42.59328], [-8.77798, 42.5933], [-8.77799, 42.59332], [-8.77798, 42.59335], [-8.77796, 42.59337], [-8.77794, 42.59338], [-8.77791, 42.59339], [-8.77787, 42.5934], [-8.77784, 42.59339], [-8.77781, 42.59338], [-8.77779, 42.59336], [-8.77778, 42.59333], [-8.77778, 42.5933], [-8.77779, 42.59328]]]}}, {"type": "Feature", "properties": {"area_ha": 0.023, "dist_km": 1.175, "node": "SOBRADELO 220", "node_mw": 251, "osm_id": 1065694761, "municipio": "Sobradelo"}, "geometry": {"type": "Polygon", "coordinates": [[[-8.77788, 42.59307], [-8.7779, 42.59305], [-8.77793, 42.59304], [-8.77797, 42.59304], [-8.778, 42.59304], [-8.77804, 42.59305], [-8.77806, 42.59307], [-8.77807, 42.59309], [-8.77807, 42.59312], [-8.77807, 42.59314], [-8.77805, 42.59316], [-8.77802, 42.59318], [-8.77799, 42.59319], [-8.77796, 42.59319], [-8.77793, 42.59319], [-8.7779, 42.59317], [-8.77788, 42.59315], [-8.77786, 42.59313], [-8.77786, 42.5931], [-8.77788, 42.59307]]]}}, {"type": "Feature", "properties": {"area_ha": 0.023, "dist_km": 1.195, "node": "SOBRADELO 220", "node_mw": 251, "osm_id": 1065694762, "municipio": "Sobradelo"}, "geometry": {"type": "Polygon", "coordinates": [[[-8.77821, 42.59336], [-8.77824, 42.59334], [-8.77827, 42.59333], [-8.77831, 42.59332], [-8.77834, 42.59333], [-8.77837, 42.59334], [-8.77839, 42.59336], [-8.77841, 42.59338], [-8.77841, 42.59341], [-8.7784, 42.59343], [-8.77839, 42.59345], [-8.77836, 42.59347], [-8.77833, 42.59348], [-8.7783, 42.59348], [-8.77827, 42.59347], [-8.77824, 42.59346], [-8.77821, 42.59344], [-8.7782, 42.59341], [-8.7782, 42.59339], [-8.77821, 42.59336]]]}}, {"type": "Feature", "properties": {"area_ha": 0.005, "dist_km": 1.18, "node": "SOBRADELO 220", "node_mw": 251, "osm_id": 1065694763, "municipio": "Sobradelo"}, "geometry": {"type": "Polygon", "coordinates": [[[-8.7783, 42.59324], [-8.77832, 42.59324], [-8.77833, 42.59323], [-8.77835, 42.59323], [-8.77836, 42.59323], [-8.77837, 42.59324], [-8.77839, 42.59325], [-8.77839, 42.59326], [-8.77839, 42.59328], [-8.77838, 42.59329], [-8.77837, 42.5933], [-8.77836, 42.5933], [-8.77834, 42.59331], [-8.77832, 42.5933], [-8.77831, 42.5933], [-8.7783, 42.59329], [-8.77829, 42.59328], [-8.77829, 42.59326], [-8.77829, 42.59325], [-8.7783, 42.59324]]]}}, {"type": "Feature", "properties": {"area_ha": 0.005, "dist_km": 1.19, "node": "SOBRADELO 220", "node_mw": 251, "osm_id": 1065694764, "municipio": "Sobradelo"}, "geometry": {"type": "Polygon", "coordinates": [[[-8.77813, 42.59329], [-8.77815, 42.59328], [-8.77816, 42.59328], [-8.77818, 42.59328], [-8.77819, 42.59328], [-8.77821, 42.59329], [-8.77822, 42.5933], [-8.77822, 42.59331], [-8.77822, 42.59332], [-8.77821, 42.59333], [-8.7782, 42.59334], [-8.77819, 42.59335], [-8.77817, 42.59335], [-8.77815, 42.59335], [-8.77814, 42.59334], [-8.77813, 42.59333], [-8.77812, 42.59332], [-8.77812, 42.59331], [-8.77812, 42.5933], [-8.77813, 42.59329]]]}}, {"type": "Feature", "properties": {"area_ha": 0.005, "dist_km": 1.201, "node": "SOBRADELO 220", "node_mw": 251, "osm_id": 1065694765, "municipio": "Sobradelo"}, "geometry": {"type": "Polygon", "coordinates": [[[-8.7781, 42.59339], [-8.77811, 42.59338], [-8.77813, 42.59338], [-8.77814, 42.59338], [-8.77816, 42.59338], [-8.77817, 42.59339], [-8.77818, 42.5934], [-8.77819, 42.59341], [-8.77819, 42.59342], [-8.77818, 42.59343], [-8.77817, 42.59344], [-8.77816, 42.59345], [-8.77814, 42.59345], [-8.77812, 42.59345], [-8.77811, 42.59344], [-8.7781, 42.59343], [-8.77809, 42.59342], [-8.77809, 42.59341], [-8.77809, 42.5934], [-8.7781, 42.59339]]]}}, {"type": "Feature", "properties": {"area_ha": 0.016, "dist_km": 1.179, "node": "SOBRADELO 220", "node_mw": 251, "osm_id": 1065694766, "municipio": "Sobradelo"}, "geometry": {"type": "Polygon", "coordinates": [[[-8.77814, 42.59316], [-8.77816, 42.59315], [-8.77819, 42.59315], [-8.77822, 42.59315], [-8.77825, 42.59316], [-8.77827, 42.59317], [-8.77828, 42.59319], [-8.77828, 42.59321], [-8.77828, 42.59323], [-8.77826, 42.59325], [-8.77824, 42.59327], [-8.77821, 42.59327], [-8.77819, 42.59327], [-8.77816, 42.59327], [-8.77814, 42.59326], [-8.77812, 42.59324], [-8.77811, 42.59322], [-8.77811, 42.5932], [-8.77812, 42.59318], [-8.77814, 42.59316]]]}}, {"type": "Feature", "properties": {"area_ha": 0.016, "dist_km": 1.191, "node": "SOBRADELO 220", "node_mw": 251, "osm_id": 1065694767, "municipio": "Sobradelo"}, "geometry": {"type": "Polygon", "coordinates": [[[-8.77867, 42.59336], [-8.77861, 42.59349], [-8.77841, 42.59348], [-8.77845, 42.59343], [-8.77855, 42.59344], [-8.7786, 42.59332], [-8.77867, 42.59336]]]}}, {"type": "Feature", "properties": {"area_ha": 0.076, "dist_km": 1.149, "node": "SOBRADELO 220", "node_mw": 251, "osm_id": 1065694769, "municipio": "Sobradelo"}, "geometry": {"type": "Polygon", "coordinates": [[[-8.77958, 42.59349], [-8.77944, 42.59344], [-8.77947, 42.59339], [-8.77939, 42.59336], [-8.77952, 42.59317], [-8.77958, 42.59308], [-8.77972, 42.59313], [-8.77971, 42.59316], [-8.77978, 42.59318], [-8.77958, 42.59349]]]}}, {"type": "Feature", "properties": {"area_ha": 0.064, "dist_km": 1.152, "node": "SOBRADELO 220", "node_mw": 251, "osm_id": 1065694770, "municipio": "Sobradelo"}, "geometry": {"type": "Polygon", "coordinates": [[[-8.77939, 42.59336], [-8.77936, 42.59339], [-8.77912, 42.5933], [-8.77923, 42.59315], [-8.77928, 42.59307], [-8.77952, 42.59317], [-8.77939, 42.59336]]]}}, {"type": "Feature", "properties": {"area_ha": 0.028, "dist_km": 1.158, "node": "SOBRADELO 220", "node_mw": 251, "osm_id": 1065694771, "municipio": "Sobradelo"}, "geometry": {"type": "Polygon", "coordinates": [[[-8.77912, 42.5933], [-8.77909, 42.59329], [-8.77905, 42.59334], [-8.77899, 42.59331], [-8.77902, 42.59328], [-8.77897, 42.59326], [-8.77907, 42.59313], [-8.77918, 42.59312], [-8.77923, 42.59315], [-8.77912, 42.5933]]]}}, {"type": "Feature", "properties": {"area_ha": 0.021, "dist_km": 1.119, "node": "SOBRADELO 220", "node_mw": 251, "osm_id": 1065694772, "municipio": "Sobradelo"}, "geometry": {"type": "Polygon", "coordinates": [[[-8.7799, 42.59299], [-8.77981, 42.59311], [-8.77967, 42.59306], [-8.77975, 42.59293], [-8.7799, 42.59299]]]}}, {"type": "Feature", "properties": {"area_ha": 0.044, "dist_km": 1.074, "node": "SOBRADELO 220", "node_mw": 251, "osm_id": 1065694773, "municipio": "Sobradelo"}, "geometry": {"type": "Polygon", "coordinates": [[[-8.78024, 42.59262], [-8.78013, 42.59279], [-8.77983, 42.59269], [-8.77987, 42.59264], [-8.77998, 42.59261], [-8.78016, 42.5926], [-8.78024, 42.59262]]]}}, {"type": "Feature", "properties": {"area_ha": 0.153, "dist_km": 1.173, "node": "SOBRADELO 220", "node_mw": 251, "osm_id": 1065694774, "municipio": "Sobradelo"}, "geometry": {"type": "Polygon", "coordinates": [[[-8.78067, 42.59377], [-8.78058, 42.59373], [-8.7805, 42.59386], [-8.77983, 42.59361], [-8.77997, 42.5934], [-8.78025, 42.59351], [-8.7802, 42.59358], [-8.78033, 42.59362], [-8.78035, 42.5936], [-8.78039, 42.59361], [-8.78042, 42.59359], [-8.78058, 42.59365], [-8.7806, 42.59361], [-8.78067, 42.59363], [-8.78064, 42.59366], [-8.7807, 42.59368], [-8.78067, 42.59377]]]}}, {"type": "Feature", "properties": {"area_ha": 0.162, "dist_km": 1.16, "node": "SOBRADELO 220", "node_mw": 251, "osm_id": 1065694775, "municipio": "Sobradelo"}, "geometry": {"type": "Polygon", "coordinates": [[[-8.7816, 42.59325], [-8.78106, 42.59406], [-8.78088, 42.594], [-8.78143, 42.59319], [-8.7816, 42.59325]]]}}, {"type": "Feature", "properties": {"area_ha": 0.121, "dist_km": 1.182, "node": "SOBRADELO 220", "node_mw": 251, "osm_id": 1065694776, "municipio": "Sobradelo"}, "geometry": {"type": "Polygon", "coordinates": [[[-8.78175, 42.5937], [-8.78168, 42.5938], [-8.78137, 42.59424], [-8.78117, 42.59416], [-8.7815, 42.59368], [-8.78163, 42.59373], [-8.78167, 42.59367], [-8.78175, 42.5937]]]}}, {"type": "Feature", "properties": {"area_ha": 0.023, "dist_km": 1.213, "node": "SOBRADELO 220", "node_mw": 251, "osm_id": 1065694779, "municipio": "Sobradelo"}, "geometry": {"type": "Polygon", "coordinates": [[[-8.782, 42.59414], [-8.78195, 42.59429], [-8.78181, 42.59427], [-8.78188, 42.59406], [-8.78195, 42.59407], [-8.78193, 42.59413], [-8.782, 42.59414]]]}}, {"type": "Feature", "properties": {"area_ha": 0.354, "dist_km": 1.323, "node": "SOBRADELO 220", "node_mw": 251, "osm_id": 1065694781, "municipio": "Sobradelo"}, "geometry": {"type": "Polygon", "coordinates": [[[-8.78335, 42.59538], [-8.78223, 42.59537], [-8.78223, 42.59519], [-8.78216, 42.59519], [-8.78216, 42.59502], [-8.78323, 42.59502], [-8.78323, 42.59519], [-8.78335, 42.59519], [-8.78335, 42.59538]]]}}, {"type": "Feature", "properties": {"area_ha": 0.078, "dist_km": 1.433, "node": "SOBRADELO 220", "node_mw": 251, "osm_id": 1065694782, "municipio": "Sobradelo"}, "geometry": {"type": "Polygon", "coordinates": [[[-8.78354, 42.59606], [-8.7836, 42.59605], [-8.78366, 42.59605], [-8.78372, 42.59606], [-8.78377, 42.59608], [-8.78381, 42.59612], [-8.78383, 42.59617], [-8.78382, 42.59622], [-8.7838, 42.59626], [-8.78376, 42.5963], [-8.7837, 42.59632], [-8.78364, 42.59633], [-8.78357, 42.59632], [-8.78351, 42.5963], [-8.78347, 42.59626], [-8.78345, 42.59622], [-8.78344, 42.59618], [-8.78346, 42.59613], [-8.78349, 42.59609], [-8.78354, 42.59606]]]}}, {"type": "Feature", "properties": {"area_ha": 0.052, "dist_km": 1.506, "node": "SOBRADELO 220", "node_mw": 251, "osm_id": 1065694783, "municipio": "Sobradelo"}, "geometry": {"type": "Polygon", "coordinates": [[[-8.78381, 42.59684], [-8.78382, 42.5968], [-8.78384, 42.59676], [-8.78388, 42.59673], [-8.78393, 42.59672], [-8.78399, 42.59671], [-8.78404, 42.59673], [-8.78408, 42.59675], [-8.78411, 42.59678], [-8.78413, 42.59681], [-8.78413, 42.59685], [-8.78411, 42.59688], [-8.78408, 42.59691], [-8.78405, 42.59693], [-8.784, 42.59695], [-8.78395, 42.59695], [-8.7839, 42.59693], [-8.78385, 42.59691], [-8.78382, 42.59687], [-8.78381, 42.59684]]]}}, {"type": "Feature", "properties": {"area_ha": 0.052, "dist_km": 1.455, "node": "SOBRADELO 220", "node_mw": 251, "osm_id": 1065694784, "municipio": "Sobradelo"}, "geometry": {"type": "Polygon", "coordinates": [[[-8.78318, 42.59639], [-8.78318, 42.59635], [-8.78321, 42.59631], [-8.78325, 42.59629], [-8.7833, 42.59627], [-8.78335, 42.59627], [-8.7834, 42.59628], [-8.78344, 42.5963], [-8.78347, 42.59633], [-8.78349, 42.59636], [-8.78349, 42.5964], [-8.78348, 42.59643], [-8.78345, 42.59646], [-8.78341, 42.59649], [-8.78336, 42.5965], [-8.78331, 42.5965], [-8.78326, 42.59649], [-8.78322, 42.59646], [-8.78319, 42.59643], [-8.78318, 42.59639]]]}}, {"type": "Feature", "properties": {"area_ha": 0.052, "dist_km": 1.464, "node": "SOBRADELO 220", "node_mw": 251, "osm_id": 1065694785, "municipio": "Sobradelo"}, "geometry": {"type": "Polygon", "coordinates": [[[-8.7828, 42.59646], [-8.7828, 42.59643], [-8.78283, 42.59639], [-8.78287, 42.59636], [-8.78292, 42.59635], [-8.78297, 42.59634], [-8.78302, 42.59635], [-8.78306, 42.59638], [-8.78309, 42.5964], [-8.78311, 42.59644], [-8.78311, 42.59648], [-8.7831, 42.59651], [-8.78307, 42.59654], [-8.78303, 42.59656], [-8.78298, 42.59657], [-8.78293, 42.59657], [-8.78288, 42.59656], [-8.78284, 42.59654], [-8.78281, 42.5965], [-8.7828, 42.59646]]]}}, {"type": "Feature", "properties": {"area_ha": 0.052, "dist_km": 1.4, "node": "SOBRADELO 220", "node_mw": 251, "osm_id": 1065694786, "municipio": "Sobradelo"}, "geometry": {"type": "Polygon", "coordinates": [[[-8.78341, 42.59589], [-8.78342, 42.59585], [-8.78344, 42.59582], [-8.78348, 42.59579], [-8.78353, 42.59577], [-8.78359, 42.59577], [-8.78364, 42.59578], [-8.78368, 42.5958], [-8.78371, 42.59583], [-8.78373, 42.59587], [-8.78373, 42.5959], [-8.78371, 42.59594], [-8.78368, 42.59597], [-8.78365, 42.59599], [-8.7836, 42.596], [-8.78355, 42.596], [-8.7835, 42.59599], [-8.78345, 42.59597], [-8.78342, 42.59593], [-8.78341, 42.59589]]]}}, {"type": "Feature", "properties": {"area_ha": 0.052, "dist_km": 1.426, "node": "SOBRADELO 220", "node_mw": 251, "osm_id": 1065694787, "municipio": "Sobradelo"}, "geometry": {"type": "Polygon", "coordinates": [[[-8.7831, 42.59613], [-8.78311, 42.59609], [-8.78314, 42.59605], [-8.78317, 42.59602], [-8.78322, 42.59601], [-8.78328, 42.59601], [-8.78333, 42.59602], [-8.78337, 42.59604], [-8.7834, 42.59607], [-8.78342, 42.5961], [-8.78342, 42.59614], [-8.7834, 42.59617], [-8.78338, 42.5962], [-8.78334, 42.59622], [-8.78329, 42.59624], [-8.78324, 42.59624], [-8.78319, 42.59622], [-8.78314, 42.5962], [-8.78312, 42.59617], [-8.7831, 42.59613]]]}}, {"type": "Feature", "properties": {"area_ha": 0.052, "dist_km": 1.434, "node": "SOBRADELO 220", "node_mw": 251, "osm_id": 1065694788, "municipio": "Sobradelo"}, "geometry": {"type": "Polygon", "coordinates": [[[-8.78273, 42.59619], [-8.78273, 42.59615], [-8.78276, 42.59612], [-8.7828, 42.59609], [-8.78285, 42.59607], [-8.7829, 42.59607], [-8.78295, 42.59608], [-8.78299, 42.5961], [-8.78302, 42.59613], [-8.78304, 42.59617], [-8.78304, 42.5962], [-8.78303, 42.59624], [-8.783, 42.59627], [-8.78296, 42.59629], [-8.78291, 42.5963], [-8.78286, 42.5963], [-8.78281, 42.59629], [-8.78277, 42.59627], [-8.78274, 42.59623], [-8.78273, 42.59619]]]}}, {"type": "Feature", "properties": {"area_ha": 0.016, "dist_km": 1.512, "node": "SOBRADELO 220", "node_mw": 251, "osm_id": 1065694789, "municipio": "Sobradelo"}, "geometry": {"type": "Polygon", "coordinates": [[[-8.78358, 42.59691], [-8.78358, 42.59688], [-8.78359, 42.59686], [-8.78361, 42.59685], [-8.78363, 42.59683], [-8.78366, 42.59683], [-8.78369, 42.59683], [-8.78371, 42.59684], [-8.78374, 42.59686], [-8.78375, 42.59688], [-8.78375, 42.5969], [-8.78375, 42.59692], [-8.78373, 42.59694], [-8.78371, 42.59695], [-8.78369, 42.59696], [-8.78366, 42.59696], [-8.78363, 42.59696], [-8.7836, 42.59694], [-8.78359, 42.59693], [-8.78358, 42.59691]]]}}, {"type": "Feature", "properties": {"area_ha": 0.016, "dist_km": 1.516, "node": "SOBRADELO 220", "node_mw": 251, "osm_id": 1065694790, "municipio": "Sobradelo"}, "geometry": {"type": "Polygon", "coordinates": [[[-8.78333, 42.59694], [-8.78333, 42.59692], [-8.78334, 42.5969], [-8.78336, 42.59688], [-8.78338, 42.59687], [-8.78341, 42.59686], [-8.78344, 42.59687], [-8.78347, 42.59688], [-8.78349, 42.59689], [-8.7835, 42.59691], [-8.7835, 42.59693], [-8.7835, 42.59695], [-8.78348, 42.59697], [-8.78346, 42.59698], [-8.78344, 42.59699], [-8.78341, 42.59699], [-8.78338, 42.59699], [-8.78336, 42.59698], [-8.78334, 42.59696], [-8.78333, 42.59694]]]}}, {"type": "Feature", "properties": {"area_ha": 0.016, "dist_km": 1.528, "node": "SOBRADELO 220", "node_mw": 251, "osm_id": 1065694791, "municipio": "Sobradelo"}, "geometry": {"type": "Polygon", "coordinates": [[[-8.78289, 42.59705], [-8.78289, 42.59703], [-8.7829, 42.59701], [-8.78292, 42.59699], [-8.78294, 42.59698], [-8.78297, 42.59698], [-8.783, 42.59698], [-8.78302, 42.59699], [-8.78305, 42.59701], [-8.78306, 42.59702], [-8.78306, 42.59705], [-8.78306, 42.59707], [-8.78304, 42.59708], [-8.78302, 42.5971], [-8.783, 42.59711], [-8.78297, 42.59711], [-8.78294, 42.5971], [-8.78291, 42.59709], [-8.7829, 42.59707], [-8.78289, 42.59705]]]}}, {"type": "Feature", "properties": {"area_ha": 0.012, "dist_km": 1.526, "node": "SOBRADELO 220", "node_mw": 251, "osm_id": 1065694792, "municipio": "Sobradelo"}, "geometry": {"type": "Polygon", "coordinates": [[[-8.78416, 42.59699], [-8.78402, 42.59708], [-8.78396, 42.59703], [-8.7841, 42.59694], [-8.78416, 42.59699]]]}}, {"type": "Feature", "properties": {"area_ha": 0.029, "dist_km": 1.521, "node": "SOBRADELO 220", "node_mw": 251, "osm_id": 1065694793, "municipio": "Sobradelo"}, "geometry": {"type": "Polygon", "coordinates": [[[-8.78287, 42.59711], [-8.78278, 42.59713], [-8.78269, 42.59688], [-8.78285, 42.59685], [-8.78288, 42.59694], [-8.78282, 42.59695], [-8.78287, 42.59711]]]}}, {"type": "Feature", "properties": {"area_ha": 0.056, "dist_km": 1.462, "node": "SOBRADELO 220", "node_mw": 251, "osm_id": 1065694794, "municipio": "Sobradelo"}, "geometry": {"type": "Polygon", "coordinates": [[[-8.78279, 42.59669], [-8.78269, 42.59672], [-8.78256, 42.59638], [-8.78246, 42.59641], [-8.78242, 42.59628], [-8.78253, 42.59625], [-8.7825, 42.59622], [-8.78258, 42.5962], [-8.78267, 42.59648], [-8.7828, 42.59656], [-8.78275, 42.59661], [-8.78279, 42.59669]]]}}, {"type": "Feature", "properties": {"area_ha": 0.035, "dist_km": 1.484, "node": "SOBRADELO 220", "node_mw": 251, "osm_id": 1065694795, "municipio": "Sobradelo"}, "geometry": {"type": "Polygon", "coordinates": [[[-8.78337, 42.59672], [-8.78317, 42.59676], [-8.78311, 42.59657], [-8.78331, 42.59654], [-8.78337, 42.59672]]]}}, {"type": "Feature", "properties": {"area_ha": 0.026, "dist_km": 1.575, "node": "SOBRADELO 220", "node_mw": 251, "osm_id": 1065694798, "municipio": "Sobradelo"}, "geometry": {"type": "Polygon", "coordinates": [[[-8.78311, 42.59755], [-8.78305, 42.59736], [-8.78291, 42.59738], [-8.78297, 42.59757], [-8.78311, 42.59755]]]}}, {"type": "Feature", "properties": {"area_ha": 0.288, "dist_km": 1.586, "node": "SOBRADELO 220", "node_mw": 251, "osm_id": 1065694799, "municipio": "Sobradelo"}, "geometry": {"type": "Polygon", "coordinates": [[[-8.77519, 42.5965], [-8.77464, 42.59642], [-8.7748, 42.59587], [-8.77535, 42.59595], [-8.77519, 42.5965]]]}}, {"type": "Feature", "properties": {"area_ha": 0.373, "dist_km": 1.503, "node": "SOBRADELO 220", "node_mw": 251, "osm_id": 1065694800, "municipio": "Sobradelo"}, "geometry": {"type": "Polygon", "coordinates": [[[-8.77559, 42.59513], [-8.7754, 42.59581], [-8.77482, 42.59572], [-8.775, 42.59505], [-8.77559, 42.59513]]]}}, {"type": "Feature", "properties": {"area_ha": 0.022, "dist_km": 1.442, "node": "SOBRADELO 220", "node_mw": 251, "osm_id": 1065694801, "municipio": "Sobradelo"}, "geometry": {"type": "Polygon", "coordinates": [[[-8.77565, 42.59491], [-8.77562, 42.595], [-8.77538, 42.59496], [-8.77541, 42.59486], [-8.77565, 42.59491]]]}}, {"type": "Feature", "properties": {"area_ha": 0.022, "dist_km": 1.45, "node": "SOBRADELO 220", "node_mw": 251, "osm_id": 1065694802, "municipio": "Sobradelo"}, "geometry": {"type": "Polygon", "coordinates": [[[-8.77531, 42.59486], [-8.77528, 42.59495], [-8.77504, 42.59491], [-8.77507, 42.59481], [-8.77531, 42.59486]]]}}, {"type": "Feature", "properties": {"area_ha": 0.481, "dist_km": 1.3, "node": "SOBRADELO 220", "node_mw": 251, "osm_id": 1065694803, "municipio": "Sobradelo"}, "geometry": {"type": "Polygon", "coordinates": [[[-8.78147, 42.59528], [-8.78023, 42.59502], [-8.7804, 42.59459], [-8.78108, 42.59474], [-8.7811, 42.59468], [-8.78118, 42.5947], [-8.78155, 42.59507], [-8.78147, 42.59528]]]}}, {"type": "Feature", "properties": {"area_ha": 2.721, "dist_km": 1.253, "node": "SOBRADELO 220", "node_mw": 251, "osm_id": 1065694804, "municipio": "Sobradelo"}, "geometry": {"type": "Polygon", "coordinates": [[[-8.78035, 42.59438], [-8.7801, 42.59502], [-8.77713, 42.59438], [-8.77723, 42.59413], [-8.77677, 42.59403], [-8.77681, 42.59393], [-8.77652, 42.59387], [-8.77664, 42.59358], [-8.7769, 42.59363], [-8.77691, 42.59359], [-8.7774, 42.59369], [-8.77747, 42.59362], [-8.77772, 42.59362], [-8.77881, 42.59385], [-8.77885, 42.59391], [-8.77909, 42.59394], [-8.77907, 42.59384], [-8.77919, 42.59388], [-8.77925, 42.59379], [-8.77984, 42.594], [-8.77984, 42.59406], [-8.78023, 42.59414], [-8.78016, 42.59433], [-8.78035, 42.59438]]]}}, {"type": "Feature", "properties": {"area_ha": 0.385, "dist_km": 1.319, "node": "SOBRADELO 220", "node_mw": 251, "osm_id": 1065694805, "municipio": "Sobradelo"}, "geometry": {"type": "Polygon", "coordinates": [[[-8.77573, 42.59398], [-8.77591, 42.594], [-8.77628, 42.59364], [-8.77625, 42.59354], [-8.77529, 42.5934], [-8.77519, 42.59349], [-8.77534, 42.59392], [-8.77556, 42.59395], [-8.77559, 42.59382], [-8.77576, 42.59385], [-8.77573, 42.59398]]]}}, {"type": "Feature", "properties": {"area_ha": 0.092, "dist_km": 1.062, "node": "SOBRADELO 220", "node_mw": 251, "osm_id": 1065694807, "municipio": "Sobradelo"}, "geometry": {"type": "Polygon", "coordinates": [[[-8.77706, 42.5918], [-8.77686, 42.59186], [-8.77663, 42.59172], [-8.77699, 42.59139], [-8.77703, 42.59143], [-8.77703, 42.59155], [-8.77696, 42.59158], [-8.77706, 42.5918]]]}}, {"type": "Feature", "properties": {"area_ha": 0.021, "dist_km": 1.205, "node": "SOBRADELO 220", "node_mw": 251, "osm_id": 1065694810, "municipio": "Sobradelo"}, "geometry": {"type": "Polygon", "coordinates": [[[-8.78327, 42.59412], [-8.7832, 42.59424], [-8.78299, 42.59416], [-8.78304, 42.59409], [-8.78315, 42.59413], [-8.78318, 42.59409], [-8.78327, 42.59412]]]}}, {"type": "Feature", "properties": {"area_ha": 0.02, "dist_km": 1.507, "node": "SOBRADELO 220", "node_mw": 251, "osm_id": 1065694864, "municipio": "Sobradelo"}, "geometry": {"type": "Polygon", "coordinates": [[[-8.77106, 42.59335], [-8.77106, 42.59339], [-8.771, 42.5934], [-8.77095, 42.59345], [-8.77091, 42.59342], [-8.7708, 42.59331], [-8.77085, 42.59328], [-8.77089, 42.59332], [-8.77092, 42.5933], [-8.77096, 42.59333], [-8.77103, 42.59332], [-8.77106, 42.59335]]]}}, {"type": "Feature", "properties": {"area_ha": 0.014, "dist_km": 1.111, "node": "SOBRADELO 220", "node_mw": 251, "osm_id": 1067542133, "municipio": "Sobradelo"}, "geometry": {"type": "Polygon", "coordinates": [[[-8.79538, 42.57873], [-8.79531, 42.57875], [-8.79521, 42.57853], [-8.79528, 42.57851], [-8.79538, 42.57873]]]}}, {"type": "Feature", "properties": {"area_ha": 0.041, "dist_km": 1.078, "node": "SOBRADELO 220", "node_mw": 251, "osm_id": 1067542134, "municipio": "Sobradelo"}, "geometry": {"type": "Polygon", "coordinates": [[[-8.79516, 42.5788], [-8.79498, 42.57885], [-8.79497, 42.57882], [-8.79479, 42.57887], [-8.79474, 42.57877], [-8.7951, 42.57868], [-8.79516, 42.5788]]]}}, {"type": "Feature", "properties": {"area_ha": 0.102, "dist_km": 1.102, "node": "SOBRADELO 220", "node_mw": 251, "osm_id": 1067542135, "municipio": "Sobradelo"}, "geometry": {"type": "Polygon", "coordinates": [[[-8.79521, 42.57835], [-8.79528, 42.57851], [-8.79521, 42.57853], [-8.7947, 42.5785], [-8.79472, 42.57825], [-8.79521, 42.57835]]]}}, {"type": "Feature", "properties": {"area_ha": 0.094, "dist_km": 1.113, "node": "SOBRADELO 220", "node_mw": 251, "osm_id": 1067542136, "municipio": "Sobradelo"}, "geometry": {"type": "Polygon", "coordinates": [[[-8.79501, 42.57783], [-8.79481, 42.57802], [-8.79444, 42.57793], [-8.79453, 42.5777], [-8.79466, 42.57774], [-8.79501, 42.57783]]]}}, {"type": "Feature", "properties": {"area_ha": 0.009, "dist_km": 1.141, "node": "SOBRADELO 220", "node_mw": 251, "osm_id": 1067542137, "municipio": "Sobradelo"}, "geometry": {"type": "Polygon", "coordinates": [[[-8.79539, 42.57816], [-8.79527, 42.5782], [-8.7953, 42.57804], [-8.79534, 42.57806], [-8.79535, 42.57811], [-8.79539, 42.57816]]]}}, {"type": "Feature", "properties": {"area_ha": 0.053, "dist_km": 1.733, "node": "SOBRADELO 220", "node_mw": 251, "osm_id": 1084449730, "municipio": "Sobradelo"}, "geometry": {"type": "Polygon", "coordinates": [[[-8.80407, 42.57955], [-8.80399, 42.57962], [-8.80377, 42.57946], [-8.80371, 42.57943], [-8.80348, 42.57929], [-8.80358, 42.57923], [-8.80384, 42.57939], [-8.80398, 42.57949], [-8.80407, 42.57955]]]}}, {"type": "Feature", "properties": {"area_ha": 1.314, "dist_km": 1.031, "node": "SOBRADELO 220", "node_mw": 251, "osm_id": 1084690855, "municipio": "Sobradelo"}, "geometry": {"type": "Polygon", "coordinates": [[[-8.78543, 42.59282], [-8.78549, 42.59273], [-8.78551, 42.59262], [-8.78518, 42.59258], [-8.78515, 42.59237], [-8.78541, 42.59221], [-8.7856, 42.59206], [-8.78568, 42.59198], [-8.78589, 42.59176], [-8.78608, 42.59181], [-8.78642, 42.59191], [-8.78649, 42.59193], [-8.78648, 42.59199], [-8.78658, 42.592], [-8.78655, 42.59214], [-8.78671, 42.59211], [-8.78676, 42.59218], [-8.78695, 42.59209], [-8.78729, 42.59211], [-8.78728, 42.59217], [-8.78697, 42.59215], [-8.78699, 42.59228], [-8.78676, 42.59234], [-8.78679, 42.59243], [-8.78677, 42.59252], [-8.78682, 42.59277], [-8.78648, 42.59301], [-8.78581, 42.59288], [-8.78567, 42.59292], [-8.78543, 42.59282]]]}}, {"type": "Feature", "properties": {"area_ha": 0.309, "dist_km": 1.064, "node": "SOBRADELO 220", "node_mw": 251, "osm_id": 1084690856, "municipio": "Sobradelo"}, "geometry": {"type": "Polygon", "coordinates": [[[-8.78658, 42.59241], [-8.78647, 42.59292], [-8.78583, 42.59285], [-8.78594, 42.59233], [-8.78658, 42.59241]]]}}, {"type": "Feature", "properties": {"area_ha": 0.029, "dist_km": 1.029, "node": "SOBRADELO 220", "node_mw": 251, "osm_id": 1084690857, "municipio": "Sobradelo"}, "geometry": {"type": "Polygon", "coordinates": [[[-8.78567, 42.59239], [-8.78567, 42.59244], [-8.78559, 42.59251], [-8.78538, 42.59238], [-8.78552, 42.59231], [-8.78567, 42.59239]]]}}, {"type": "Feature", "properties": {"area_ha": 0.052, "dist_km": 1.007, "node": "SOBRADELO 220", "node_mw": 251, "osm_id": 1084690858, "municipio": "Sobradelo"}, "geometry": {"type": "Polygon", "coordinates": [[[-8.78593, 42.59216], [-8.78574, 42.59232], [-8.78554, 42.59219], [-8.78572, 42.59203], [-8.78593, 42.59216]]]}}, {"type": "Feature", "properties": {"area_ha": 0.081, "dist_km": 0.989, "node": "SOBRADELO 220", "node_mw": 251, "osm_id": 1084690859, "municipio": "Sobradelo"}, "geometry": {"type": "Polygon", "coordinates": [[[-8.7862, 42.59192], [-8.78616, 42.59208], [-8.78604, 42.59216], [-8.78576, 42.59199], [-8.78595, 42.59181], [-8.78605, 42.59186], [-8.7862, 42.59192]]]}}, {"type": "Feature", "properties": {"area_ha": 0.044, "dist_km": 1.018, "node": "SOBRADELO 220", "node_mw": 251, "osm_id": 1084690860, "municipio": "Sobradelo"}, "geometry": {"type": "Polygon", "coordinates": [[[-8.78636, 42.59232], [-8.78609, 42.5923], [-8.78611, 42.59216], [-8.78626, 42.59217], [-8.78627, 42.5921], [-8.7864, 42.59212], [-8.78636, 42.59232]]]}}, {"type": "Feature", "properties": {"area_ha": 0.054, "dist_km": 0.993, "node": "SOBRADELO 220", "node_mw": 251, "osm_id": 1084690861, "municipio": "Sobradelo"}, "geometry": {"type": "Polygon", "coordinates": [[[-8.78605, 42.59186], [-8.78608, 42.59181], [-8.78642, 42.59191], [-8.7864, 42.59212], [-8.78627, 42.5921], [-8.78616, 42.59208], [-8.7862, 42.59192], [-8.78605, 42.59186]]]}}, {"type": "Feature", "properties": {"area_ha": 0.025, "dist_km": 1.148, "node": "SOBRADELO 220", "node_mw": 251, "osm_id": 1084690920, "municipio": "Sobradelo"}, "geometry": {"type": "Polygon", "coordinates": [[[-8.78335, 42.59359], [-8.78333, 42.59369], [-8.78304, 42.59366], [-8.78306, 42.59357], [-8.78335, 42.59359]]]}}, {"type": "Feature", "properties": {"area_ha": 0.373, "dist_km": 0.795, "node": "SOBRADELO 220", "node_mw": 251, "osm_id": 1087601023, "municipio": "Sobradelo"}, "geometry": {"type": "Polygon", "coordinates": [[[-8.78713, 42.59027], [-8.78709, 42.59024], [-8.78699, 42.59019], [-8.78717, 42.59003], [-8.78695, 42.58991], [-8.78665, 42.58977], [-8.78706, 42.58931], [-8.78748, 42.58952], [-8.78753, 42.58954], [-8.78754, 42.5896], [-8.7873, 42.58988], [-8.78745, 42.58997], [-8.78713, 42.59027]]]}}, {"type": "Feature", "properties": {"area_ha": 0.105, "dist_km": 0.829, "node": "SOBRADELO 220", "node_mw": 251, "osm_id": 1087601024, "municipio": "Sobradelo"}, "geometry": {"type": "Polygon", "coordinates": [[[-8.78678, 42.5901], [-8.78638, 42.59051], [-8.78645, 42.59054], [-8.78626, 42.59073], [-8.7861, 42.59064], [-8.78619, 42.59055], [-8.78614, 42.59052], [-8.78628, 42.59037], [-8.78633, 42.5904], [-8.78651, 42.59021], [-8.78655, 42.59022], [-8.78671, 42.59006], [-8.78678, 42.5901]]]}}, {"type": "Feature", "properties": {"area_ha": 0.322, "dist_km": 0.86, "node": "SOBRADELO 220", "node_mw": 251, "osm_id": 1087601025, "municipio": "Sobradelo"}, "geometry": {"type": "Polygon", "coordinates": [[[-8.78678, 42.5901], [-8.78699, 42.59019], [-8.78709, 42.59024], [-8.78652, 42.59087], [-8.7864, 42.59108], [-8.7862, 42.59103], [-8.78622, 42.591], [-8.78608, 42.59097], [-8.78617, 42.59082], [-8.78626, 42.59073], [-8.78645, 42.59054], [-8.78638, 42.59051], [-8.78678, 42.5901]]]}}, {"type": "Feature", "properties": {"area_ha": 0.02, "dist_km": 0.911, "node": "SOBRADELO 220", "node_mw": 251, "osm_id": 1087601026, "municipio": "Sobradelo"}, "geometry": {"type": "Polygon", "coordinates": [[[-8.78636, 42.59113], [-8.78627, 42.59129], [-8.78615, 42.59126], [-8.78624, 42.5911], [-8.78636, 42.59113]]]}}, {"type": "Feature", "properties": {"area_ha": 0.093, "dist_km": 0.89, "node": "SOBRADELO 220", "node_mw": 251, "osm_id": 1087601027, "municipio": "Sobradelo"}, "geometry": {"type": "Polygon", "coordinates": [[[-8.78617, 42.59107], [-8.78614, 42.59113], [-8.78609, 42.59111], [-8.78605, 42.59122], [-8.78559, 42.59112], [-8.78568, 42.59089], [-8.78595, 42.59095], [-8.78592, 42.59102], [-8.78617, 42.59107]]]}}, {"type": "Feature", "properties": {"area_ha": 0.082, "dist_km": 0.819, "node": "SOBRADELO 220", "node_mw": 251, "osm_id": 1087601028, "municipio": "Sobradelo"}, "geometry": {"type": "Polygon", "coordinates": [[[-8.786, 42.59046], [-8.78581, 42.59065], [-8.7855, 42.59049], [-8.78569, 42.59029], [-8.78574, 42.59032], [-8.786, 42.59046]]]}}, {"type": "Feature", "properties": {"area_ha": 0.054, "dist_km": 0.77, "node": "SOBRADELO 220", "node_mw": 251, "osm_id": 1087601029, "municipio": "Sobradelo"}, "geometry": {"type": "Polygon", "coordinates": [[[-8.78574, 42.59032], [-8.78645, 42.58954], [-8.78639, 42.58951], [-8.78569, 42.59029], [-8.78574, 42.59032]]]}}, {"type": "Feature", "properties": {"area_ha": 0.034, "dist_km": 0.785, "node": "SOBRADELO 220", "node_mw": 251, "osm_id": 1087601030, "municipio": "Sobradelo"}, "geometry": {"type": "Polygon", "coordinates": [[[-8.78695, 42.58991], [-8.78687, 42.59], [-8.78657, 42.58985], [-8.78665, 42.58977], [-8.78695, 42.58991]]]}}, {"type": "Feature", "properties": {"area_ha": 0.065, "dist_km": 0.623, "node": "SOBRADELO 220", "node_mw": 251, "osm_id": 1087601062, "municipio": "Sobradelo"}, "geometry": {"type": "Polygon", "coordinates": [[[-8.78415, 42.58895], [-8.78398, 42.58893], [-8.78394, 42.58901], [-8.78361, 42.58891], [-8.78368, 42.58875], [-8.7838, 42.58879], [-8.78407, 42.58887], [-8.78417, 42.58888], [-8.78415, 42.58895]]]}}, {"type": "Feature", "properties": {"area_ha": 0.155, "dist_km": 0.59, "node": "SOBRADELO 220", "node_mw": 251, "osm_id": 1087601063, "municipio": "Sobradelo"}, "geometry": {"type": "Polygon", "coordinates": [[[-8.78407, 42.58887], [-8.78417, 42.58855], [-8.78426, 42.58848], [-8.78413, 42.58845], [-8.78379, 42.58835], [-8.78375, 42.58845], [-8.78372, 42.58845], [-8.78365, 42.58859], [-8.78384, 42.58862], [-8.78377, 42.58875], [-8.78382, 42.58876], [-8.7838, 42.58879], [-8.78407, 42.58887]]]}}, {"type": "Feature", "properties": {"area_ha": 0.124, "dist_km": 0.552, "node": "SOBRADELO 220", "node_mw": 251, "osm_id": 1087601069, "municipio": "Sobradelo"}, "geometry": {"type": "Polygon", "coordinates": [[[-8.78413, 42.58845], [-8.78415, 42.58839], [-8.78419, 42.58828], [-8.78423, 42.58816], [-8.78416, 42.58813], [-8.78418, 42.58809], [-8.78391, 42.58798], [-8.78377, 42.58832], [-8.78379, 42.58835], [-8.78413, 42.58845]]]}}, {"type": "Feature", "properties": {"area_ha": 3.136, "dist_km": 0.865, "node": "SOBRADELO 220", "node_mw": 251, "osm_id": 1087693718, "municipio": "Sobradelo"}, "geometry": {"type": "Polygon", "coordinates": [[[-8.79025, 42.58782], [-8.79012, 42.58791], [-8.78965, 42.588], [-8.78954, 42.58802], [-8.78942, 42.58811], [-8.78938, 42.58814], [-8.78879, 42.58867], [-8.78871, 42.58875], [-8.78825, 42.58915], [-8.78821, 42.58919], [-8.78805, 42.58934], [-8.78793, 42.58945], [-8.78823, 42.58945], [-8.78828, 42.58945], [-8.78833, 42.58946], [-8.78848, 42.58948], [-8.78857, 42.58946], [-8.78869, 42.58945], [-8.78867, 42.5894], [-8.78887, 42.5894], [-8.789, 42.58939], [-8.78906, 42.5894], [-8.7891, 42.58953], [-8.78905, 42.58955], [-8.78905, 42.58962], [-8.78901, 42.58962], [-8.78898, 42.58965], [-8.78894, 42.58965], [-8.78891, 42.58969], [-8.78875, 42.5897], [-8.78873, 42.58998], [-8.78862, 42.59], [-8.78989, 42.59086], [-8.79087, 42.59107], [-8.79094, 42.59106], [-8.79097, 42.59102], [-8.79096, 42.59096], [-8.79093, 42.59091], [-8.79074, 42.59088], [-8.79064, 42.59089], [-8.78996, 42.59075], [-8.78973, 42.5906], [-8.78952, 42.59046], [-8.78928, 42.5903], [-8.78912, 42.59017], [-8.78912, 42.59008], [-8.78931, 42.58951], [-8.78985, 42.58962], [-8.78993, 42.58945], [-8.78987, 42.58943], [-8.78995, 42.58917], [-8.78927, 42.58903], [-8.78958, 42.58812], [-8.79013, 42.58804], [-8.79018, 42.58812], [-8.79014, 42.5882], [-8.79011, 42.5882], [-8.78992, 42.58873], [-8.79025, 42.5888], [-8.79048, 42.58823], [-8.79151, 42.58845], [-8.79099, 42.58987], [-8.79115, 42.5899], [-8.79116, 42.58993], [-8.79113, 42.59], [-8.79107, 42.59002], [-8.79097, 42.59006], [-8.79094, 42.59013], [-8.79095, 42.59023], [-8.79101, 42.59028], [-8.79111, 42.59029], [-8.79121, 42.59028], [-8.79201, 42.58817], [-8.792, 42.58812], [-8.79173, 42.58805], [-8.79136, 42.58799], [-8.79111, 42.58795], [-8.79091, 42.58792], [-8.79025, 42.58782]]]}}, {"type": "Feature", "properties": {"area_ha": 0.07, "dist_km": 0.873, "node": "SOBRADELO 220", "node_mw": 251, "osm_id": 1087693732, "municipio": "Sobradelo"}, "geometry": {"type": "Polygon", "coordinates": [[[-8.79178, 42.58827], [-8.79174, 42.58839], [-8.79164, 42.58838], [-8.79163, 42.58841], [-8.79142, 42.58836], [-8.79142, 42.58834], [-8.79128, 42.58831], [-8.79132, 42.58818], [-8.7914, 42.5882], [-8.79141, 42.58817], [-8.7917, 42.58823], [-8.79169, 42.58825], [-8.79178, 42.58827]]]}}, {"type": "Feature", "properties": {"area_ha": 0.044, "dist_km": 0.829, "node": "SOBRADELO 220", "node_mw": 251, "osm_id": 1087693733, "municipio": "Sobradelo"}, "geometry": {"type": "Polygon", "coordinates": [[[-8.79125, 42.58807], [-8.7912, 42.58821], [-8.79084, 42.58812], [-8.79089, 42.58801], [-8.79125, 42.58807]]]}}, {"type": "Feature", "properties": {"area_ha": 0.063, "dist_km": 0.784, "node": "SOBRADELO 220", "node_mw": 251, "osm_id": 1087693734, "municipio": "Sobradelo"}, "geometry": {"type": "Polygon", "coordinates": [[[-8.79084, 42.58812], [-8.79036, 42.58802], [-8.79036, 42.58798], [-8.79031, 42.58796], [-8.7903, 42.58795], [-8.79027, 42.58794], [-8.79029, 42.58788], [-8.79089, 42.58801], [-8.79084, 42.58812]]]}}, {"type": "Feature", "properties": {"area_ha": 0.007, "dist_km": 0.956, "node": "SOBRADELO 220", "node_mw": 251, "osm_id": 1087693752, "municipio": "Sobradelo"}, "geometry": {"type": "Polygon", "coordinates": [[[-8.79128, 42.58959], [-8.79125, 42.58967], [-8.79116, 42.58965], [-8.79119, 42.58958], [-8.79128, 42.58959]]]}}, {"type": "Feature", "properties": {"area_ha": 0.099, "dist_km": 0.494, "node": "SOBRADELO 220", "node_mw": 251, "osm_id": 1087693822, "municipio": "Sobradelo"}, "geometry": {"type": "Polygon", "coordinates": [[[-8.78433, 42.58769], [-8.78428, 42.58782], [-8.78423, 42.5878], [-8.7842, 42.58786], [-8.78416, 42.58786], [-8.78381, 42.58773], [-8.78381, 42.5875], [-8.78395, 42.5875], [-8.78396, 42.58756], [-8.78433, 42.58769]]]}}, {"type": "Feature", "properties": {"area_ha": 0.035, "dist_km": 0.459, "node": "SOBRADELO 220", "node_mw": 251, "osm_id": 1087693823, "municipio": "Sobradelo"}, "geometry": {"type": "Polygon", "coordinates": [[[-8.78395, 42.5875], [-8.78395, 42.58742], [-8.78398, 42.58742], [-8.78396, 42.58731], [-8.78382, 42.58731], [-8.78378, 42.58732], [-8.78374, 42.58739], [-8.78375, 42.5875], [-8.78381, 42.5875], [-8.78395, 42.5875]]]}}, {"type": "Feature", "properties": {"area_ha": 1.639, "dist_km": 1.03, "node": "SOBRADELO 220", "node_mw": 251, "osm_id": 1088178607, "municipio": "Sobradelo"}, "geometry": {"type": "Polygon", "coordinates": [[[-8.79615, 42.58677], [-8.79624, 42.58593], [-8.79622, 42.58591], [-8.79553, 42.58542], [-8.79559, 42.58514], [-8.79629, 42.58524], [-8.79631, 42.58493], [-8.79569, 42.58482], [-8.79555, 42.5848], [-8.79554, 42.58487], [-8.79547, 42.58525], [-8.79543, 42.58533], [-8.79535, 42.58535], [-8.79548, 42.58477], [-8.79446, 42.58469], [-8.79433, 42.58529], [-8.79523, 42.58534], [-8.79529, 42.58539], [-8.79529, 42.58542], [-8.79528, 42.58557], [-8.79538, 42.58566], [-8.79538, 42.58582], [-8.7954, 42.58612], [-8.7954, 42.58617], [-8.79535, 42.58633], [-8.79541, 42.58639], [-8.79574, 42.58678], [-8.79615, 42.58677]]]}}, {"type": "Feature", "properties": {"area_ha": 0.135, "dist_km": 0.791, "node": "SOBRADELO 220", "node_mw": 251, "osm_id": 1088178608, "municipio": "Sobradelo"}, "geometry": {"type": "Polygon", "coordinates": [[[-8.79293, 42.58532], [-8.79248, 42.58534], [-8.79246, 42.58524], [-8.79222, 42.58526], [-8.79221, 42.5852], [-8.7923, 42.5852], [-8.79229, 42.58511], [-8.79248, 42.5851], [-8.79281, 42.58507], [-8.7929, 42.58508], [-8.79296, 42.58507], [-8.79298, 42.58523], [-8.79292, 42.58523], [-8.79293, 42.58532]]]}}, {"type": "Feature", "properties": {"area_ha": 0.26, "dist_km": 0.704, "node": "SOBRADELO 220", "node_mw": 251, "osm_id": 1088178610, "municipio": "Sobradelo"}, "geometry": {"type": "Polygon", "coordinates": [[[-8.79194, 42.58534], [-8.79151, 42.58543], [-8.79135, 42.58497], [-8.7913, 42.58481], [-8.79173, 42.58472], [-8.79194, 42.58534]]]}}, {"type": "Feature", "properties": {"area_ha": 0.115, "dist_km": 0.684, "node": "SOBRADELO 220", "node_mw": 251, "osm_id": 1088178611, "municipio": "Sobradelo"}, "geometry": {"type": "Polygon", "coordinates": [[[-8.79151, 42.58543], [-8.79126, 42.58547], [-8.79123, 42.58538], [-8.79116, 42.5854], [-8.7911, 42.58524], [-8.79117, 42.58523], [-8.79114, 42.58514], [-8.79112, 42.58507], [-8.79129, 42.58504], [-8.79127, 42.58498], [-8.79135, 42.58497], [-8.79151, 42.58543]]]}}, {"type": "Feature", "properties": {"area_ha": 0.049, "dist_km": 0.932, "node": "SOBRADELO 220", "node_mw": 251, "osm_id": 1088178649, "municipio": "Sobradelo"}, "geometry": {"type": "Polygon", "coordinates": [[[-8.79486, 42.583], [-8.79465, 42.5832], [-8.79448, 42.58311], [-8.79469, 42.5829], [-8.79486, 42.583]]]}}, {"type": "Feature", "properties": {"area_ha": 0.115, "dist_km": 0.94, "node": "SOBRADELO 220", "node_mw": 251, "osm_id": 1088178682, "municipio": "Sobradelo"}, "geometry": {"type": "Polygon", "coordinates": [[[-8.79467, 42.58516], [-8.79437, 42.58512], [-8.79447, 42.58471], [-8.79476, 42.58474], [-8.79467, 42.58516]]]}}, {"type": "Feature", "properties": {"area_ha": 0.03, "dist_km": 0.974, "node": "SOBRADELO 220", "node_mw": 251, "osm_id": 1088178683, "municipio": "Sobradelo"}, "geometry": {"type": "Polygon", "coordinates": [[[-8.79513, 42.58486], [-8.79509, 42.585], [-8.79487, 42.58497], [-8.79491, 42.58483], [-8.79513, 42.58486]]]}}, {"type": "Feature", "properties": {"area_ha": 0.014, "dist_km": 0.975, "node": "SOBRADELO 220", "node_mw": 251, "osm_id": 1088178684, "municipio": "Sobradelo"}, "geometry": {"type": "Polygon", "coordinates": [[[-8.79506, 42.58524], [-8.79479, 42.58521], [-8.7948, 42.58516], [-8.79507, 42.58518], [-8.79506, 42.58524]]]}}, {"type": "Feature", "properties": {"area_ha": 0.077, "dist_km": 1.052, "node": "SOBRADELO 220", "node_mw": 251, "osm_id": 1088178685, "municipio": "Sobradelo"}, "geometry": {"type": "Polygon", "coordinates": [[[-8.79614, 42.58518], [-8.79564, 42.58513], [-8.79567, 42.58501], [-8.79597, 42.58504], [-8.79599, 42.58493], [-8.79619, 42.58495], [-8.79614, 42.58518]]]}}, {"type": "Feature", "properties": {"area_ha": 0.042, "dist_km": 1.055, "node": "SOBRADELO 220", "node_mw": 251, "osm_id": 1088178687, "municipio": "Sobradelo"}, "geometry": {"type": "Polygon", "coordinates": [[[-8.79596, 42.58573], [-8.79584, 42.58583], [-8.79558, 42.58565], [-8.7957, 42.58555], [-8.79596, 42.58573]]]}}, {"type": "Feature", "properties": {"area_ha": 0.177, "dist_km": 1.083, "node": "SOBRADELO 220", "node_mw": 251, "osm_id": 1088178688, "municipio": "Sobradelo"}, "geometry": {"type": "Polygon", "coordinates": [[[-8.79613, 42.58629], [-8.79572, 42.58634], [-8.79561, 42.58591], [-8.796, 42.58586], [-8.79603, 42.58596], [-8.79611, 42.58595], [-8.79615, 42.58615], [-8.79609, 42.58616], [-8.79613, 42.58629]]]}}, {"type": "Feature", "properties": {"area_ha": 0.055, "dist_km": 1.047, "node": "SOBRADELO 220", "node_mw": 251, "osm_id": 1088178689, "municipio": "Sobradelo"}, "geometry": {"type": "Polygon", "coordinates": [[[-8.79561, 42.58618], [-8.79557, 42.58619], [-8.79558, 42.58624], [-8.79548, 42.58626], [-8.79545, 42.58613], [-8.79538, 42.58582], [-8.79552, 42.5858], [-8.79561, 42.58618]]]}}, {"type": "Feature", "properties": {"area_ha": 0.018, "dist_km": 1.091, "node": "SOBRADELO 220", "node_mw": 251, "osm_id": 1088178690, "municipio": "Sobradelo"}, "geometry": {"type": "Polygon", "coordinates": [[[-8.79591, 42.5867], [-8.79577, 42.58672], [-8.79574, 42.58658], [-8.79588, 42.58656], [-8.79591, 42.5867]]]}}, {"type": "Feature", "properties": {"area_ha": 0.014, "dist_km": 1.07, "node": "SOBRADELO 220", "node_mw": 251, "osm_id": 1088178691, "municipio": "Sobradelo"}, "geometry": {"type": "Polygon", "coordinates": [[[-8.79576, 42.58645], [-8.79561, 42.5865], [-8.79556, 42.58642], [-8.79571, 42.58637], [-8.79576, 42.58645]]]}}, {"type": "Feature", "properties": {"area_ha": 0.028, "dist_km": 1.017, "node": "SOBRADELO 220", "node_mw": 251, "osm_id": 1088178722, "municipio": "Sobradelo"}, "geometry": {"type": "Polygon", "coordinates": [[[-8.7957, 42.58259], [-8.79552, 42.58251], [-8.79566, 42.58239], [-8.79582, 42.58244], [-8.7957, 42.58259]]]}}, {"type": "Feature", "properties": {"area_ha": 0.006, "dist_km": 1.064, "node": "SOBRADELO 220", "node_mw": 251, "osm_id": 1088178723, "municipio": "Sobradelo"}, "geometry": {"type": "Polygon", "coordinates": [[[-8.79631, 42.58244], [-8.79627, 42.5825], [-8.79617, 42.58246], [-8.79621, 42.5824], [-8.79631, 42.58244]]]}}, {"type": "Feature", "properties": {"area_ha": 0.021, "dist_km": 0.987, "node": "SOBRADELO 220", "node_mw": 251, "osm_id": 1088178724, "municipio": "Sobradelo"}, "geometry": {"type": "Polygon", "coordinates": [[[-8.79549, 42.5827], [-8.79533, 42.58284], [-8.7952, 42.58277], [-8.79526, 42.58272], [-8.7953, 42.58274], [-8.79541, 42.58265], [-8.79549, 42.5827]]]}}, {"type": "Feature", "properties": {"area_ha": 0.014, "dist_km": 1.067, "node": "SOBRADELO 220", "node_mw": 251, "osm_id": 1088178725, "municipio": "Sobradelo"}, "geometry": {"type": "Polygon", "coordinates": [[[-8.79636, 42.58218], [-8.79631, 42.58221], [-8.79612, 42.58202], [-8.79614, 42.58197], [-8.79636, 42.58218]]]}}, {"type": "Feature", "properties": {"area_ha": 0.065, "dist_km": 1.01, "node": "SOBRADELO 220", "node_mw": 251, "osm_id": 1088178732, "municipio": "Sobradelo"}, "geometry": {"type": "Polygon", "coordinates": [[[-8.79531, 42.5841], [-8.79543, 42.58416], [-8.79583, 42.58372], [-8.79573, 42.58367], [-8.79568, 42.58373], [-8.79566, 42.58372], [-8.79531, 42.5841]]]}}, {"type": "Feature", "properties": {"area_ha": 0.21, "dist_km": 0.661, "node": "SOBRADELO 220", "node_mw": 251, "osm_id": 1088528386, "municipio": "Sobradelo"}, "geometry": {"type": "Polygon", "coordinates": [[[-8.7772, 42.58762], [-8.77699, 42.58762], [-8.77698, 42.58688], [-8.77705, 42.58689], [-8.77704, 42.58691], [-8.77739, 42.58691], [-8.7774, 42.58713], [-8.77733, 42.58713], [-8.77734, 42.58734], [-8.77731, 42.58739], [-8.77721, 42.58739], [-8.7772, 42.58762]]]}}, {"type": "Feature", "properties": {"area_ha": 0.061, "dist_km": 0.665, "node": "SOBRADELO 220", "node_mw": 251, "osm_id": 1088528420, "municipio": "Sobradelo"}, "geometry": {"type": "Polygon", "coordinates": [[[-8.77621, 42.58562], [-8.77599, 42.58616], [-8.77594, 42.58615], [-8.77593, 42.58617], [-8.77585, 42.58616], [-8.77604, 42.58574], [-8.77614, 42.5856], [-8.77621, 42.58562]]]}}, {"type": "Feature", "properties": {"area_ha": 0.036, "dist_km": 1.078, "node": "SOBRADELO 220", "node_mw": 251, "osm_id": 1091338806, "municipio": "Sobradelo"}, "geometry": {"type": "Polygon", "coordinates": [[[-8.79359, 42.57704], [-8.79362, 42.57713], [-8.79315, 42.57709], [-8.79319, 42.57701], [-8.79359, 42.57704]]]}}, {"type": "Feature", "properties": {"area_ha": 0.163, "dist_km": 1.25, "node": "SOBRADELO 220", "node_mw": 251, "osm_id": 1092658719, "municipio": "Sobradelo"}, "geometry": {"type": "Polygon", "coordinates": [[[-8.7775, 42.57327], [-8.77719, 42.57331], [-8.77712, 42.57293], [-8.77708, 42.57293], [-8.77706, 42.57279], [-8.77712, 42.57279], [-8.77711, 42.57274], [-8.77733, 42.57272], [-8.77738, 42.57276], [-8.77742, 42.57291], [-8.77741, 42.57294], [-8.77743, 42.57305], [-8.77751, 42.57304], [-8.77753, 42.57313], [-8.77748, 42.57314], [-8.7775, 42.57327]]]}}, {"type": "Feature", "properties": {"area_ha": 0.576, "dist_km": 1.052, "node": "SOBRADELO 220", "node_mw": 251, "osm_id": 1095175046, "municipio": "Sobradelo"}, "geometry": {"type": "Polygon", "coordinates": [[[-8.77601, 42.57618], [-8.77563, 42.57621], [-8.77538, 42.57629], [-8.7751, 42.57637], [-8.77504, 42.57624], [-8.77502, 42.57609], [-8.77494, 42.57581], [-8.77492, 42.57574], [-8.77505, 42.57561], [-8.7751, 42.57554], [-8.77514, 42.57551], [-8.77544, 42.57558], [-8.77566, 42.57561], [-8.77577, 42.57565], [-8.77587, 42.57574], [-8.77601, 42.57618]]]}}, {"type": "Feature", "properties": {"area_ha": 0.026, "dist_km": 1.02, "node": "SOBRADELO 220", "node_mw": 251, "osm_id": 1095175070, "municipio": "Sobradelo"}, "geometry": {"type": "Polygon", "coordinates": [[[-8.77542, 42.57597], [-8.77549, 42.57619], [-8.77558, 42.57617], [-8.7756, 42.5762], [-8.7755, 42.57623], [-8.77538, 42.57629], [-8.77537, 42.57625], [-8.77542, 42.57623], [-8.77535, 42.57599], [-8.77542, 42.57597]]]}}, {"type": "Feature", "properties": {"area_ha": 0.014, "dist_km": 1.028, "node": "SOBRADELO 220", "node_mw": 251, "osm_id": 1095175071, "municipio": "Sobradelo"}, "geometry": {"type": "Polygon", "coordinates": [[[-8.77524, 42.57631], [-8.77512, 42.57635], [-8.77506, 42.57623], [-8.77518, 42.5762], [-8.77524, 42.57631]]]}}, {"type": "Feature", "properties": {"area_ha": 0.023, "dist_km": 1.083, "node": "SOBRADELO 220", "node_mw": 251, "osm_id": 1095175072, "municipio": "Sobradelo"}, "geometry": {"type": "Polygon", "coordinates": [[[-8.77531, 42.57557], [-8.77529, 42.57567], [-8.77515, 42.57566], [-8.77513, 42.57569], [-8.77508, 42.57568], [-8.77509, 42.57565], [-8.77505, 42.57561], [-8.7751, 42.57554], [-8.77531, 42.57557]]]}}, {"type": "Feature", "properties": {"area_ha": 0.016, "dist_km": 1.081, "node": "SOBRADELO 220", "node_mw": 251, "osm_id": 1095175073, "municipio": "Sobradelo"}, "geometry": {"type": "Polygon", "coordinates": [[[-8.77508, 42.57568], [-8.775, 42.57578], [-8.77502, 42.57583], [-8.77494, 42.57581], [-8.77492, 42.57574], [-8.77505, 42.57561], [-8.77509, 42.57565], [-8.77508, 42.57568]]]}}, {"type": "Feature", "properties": {"area_ha": 0.027, "dist_km": 2.976, "node": "SOBRADELO 220", "node_mw": 251, "osm_id": 1101679370, "municipio": "Sobradelo"}, "geometry": {"type": "Polygon", "coordinates": [[[-8.75055, 42.59467], [-8.75053, 42.5948], [-8.75031, 42.59478], [-8.75032, 42.59465], [-8.75055, 42.59467]]]}}, {"type": "Feature", "properties": {"area_ha": 0.014, "dist_km": 2.984, "node": "SOBRADELO 220", "node_mw": 251, "osm_id": 1101679410, "municipio": "Sobradelo"}, "geometry": {"type": "Polygon", "coordinates": [[[-8.74866, 42.5914], [-8.74841, 42.59138], [-8.74842, 42.59133], [-8.74867, 42.59134], [-8.74866, 42.5914]]]}}, {"type": "Feature", "properties": {"area_ha": 0.093, "dist_km": 2.863, "node": "SOBRADELO 220", "node_mw": 251, "osm_id": 1101679517, "municipio": "Sobradelo"}, "geometry": {"type": "Polygon", "coordinates": [[[-8.74957, 42.58881], [-8.74961, 42.58897], [-8.74908, 42.58902], [-8.74909, 42.58929], [-8.74898, 42.58929], [-8.74896, 42.58896], [-8.74957, 42.58881]]]}}, {"type": "Feature", "properties": {"area_ha": 0.058, "dist_km": 2.735, "node": "SOBRADELO 220", "node_mw": 251, "osm_id": 1101679518, "municipio": "Sobradelo"}, "geometry": {"type": "Polygon", "coordinates": [[[-8.7511, 42.5894], [-8.75115, 42.58962], [-8.75086, 42.58965], [-8.75081, 42.58944], [-8.7511, 42.5894]]]}}, {"type": "Feature", "properties": {"area_ha": 0.015, "dist_km": 3.006, "node": "SOBRADELO 220", "node_mw": 251, "osm_id": 1101679524, "municipio": "Sobradelo"}, "geometry": {"type": "Polygon", "coordinates": [[[-8.74778, 42.58988], [-8.74769, 42.58993], [-8.74757, 42.58981], [-8.74766, 42.58976], [-8.74778, 42.58988]]]}}, {"type": "Feature", "properties": {"area_ha": 0.071, "dist_km": 2.696, "node": "SOBRADELO 220", "node_mw": 251, "osm_id": 1101909725, "municipio": "Sobradelo"}, "geometry": {"type": "Polygon", "coordinates": [[[-8.75158, 42.58895], [-8.75138, 42.58904], [-8.75136, 42.58901], [-8.75112, 42.58912], [-8.75103, 42.58901], [-8.75105, 42.58899], [-8.75147, 42.58881], [-8.75158, 42.58895]]]}}, {"type": "Feature", "properties": {"area_ha": 0.058, "dist_km": 2.696, "node": "SOBRADELO 220", "node_mw": 251, "osm_id": 1101909726, "municipio": "Sobradelo"}, "geometry": {"type": "Polygon", "coordinates": [[[-8.75139, 42.58877], [-8.75117, 42.58885], [-8.751, 42.58861], [-8.75113, 42.58856], [-8.75115, 42.58859], [-8.75123, 42.58855], [-8.75139, 42.58877]]]}}, {"type": "Feature", "properties": {"area_ha": 0.026, "dist_km": 2.715, "node": "SOBRADELO 220", "node_mw": 251, "osm_id": 1101909727, "municipio": "Sobradelo"}, "geometry": {"type": "Polygon", "coordinates": [[[-8.75112, 42.58887], [-8.75098, 42.58892], [-8.75087, 42.58877], [-8.75101, 42.58871], [-8.75112, 42.58887]]]}}, {"type": "Feature", "properties": {"area_ha": 0.196, "dist_km": 2.608, "node": "SOBRADELO 220", "node_mw": 251, "osm_id": 1101909759, "municipio": "Sobradelo"}, "geometry": {"type": "Polygon", "coordinates": [[[-8.75246, 42.58815], [-8.75209, 42.58802], [-8.75184, 42.58838], [-8.75202, 42.58844], [-8.75198, 42.5885], [-8.75228, 42.5886], [-8.75246, 42.58833], [-8.75236, 42.5883], [-8.75246, 42.58815]]]}}, {"type": "Feature", "properties": {"area_ha": 0.079, "dist_km": 2.648, "node": "SOBRADELO 220", "node_mw": 251, "osm_id": 1101909760, "municipio": "Sobradelo"}, "geometry": {"type": "Polygon", "coordinates": [[[-8.75207, 42.58862], [-8.75192, 42.58882], [-8.75174, 42.58875], [-8.75169, 42.58868], [-8.75162, 42.58855], [-8.75168, 42.58846], [-8.75207, 42.58862]]]}}, {"type": "Feature", "properties": {"area_ha": 0.141, "dist_km": 2.654, "node": "SOBRADELO 220", "node_mw": 251, "osm_id": 1101909761, "municipio": "Sobradelo"}, "geometry": {"type": "Polygon", "coordinates": [[[-8.75185, 42.588], [-8.75155, 42.5885], [-8.75132, 42.58829], [-8.75157, 42.58791], [-8.75185, 42.588]]]}}, {"type": "Feature", "properties": {"area_ha": 0.071, "dist_km": 2.598, "node": "SOBRADELO 220", "node_mw": 251, "osm_id": 1101909762, "municipio": "Sobradelo"}, "geometry": {"type": "Polygon", "coordinates": [[[-8.75222, 42.58736], [-8.75213, 42.58746], [-8.7522, 42.58748], [-8.75214, 42.58757], [-8.75178, 42.58744], [-8.75193, 42.58726], [-8.75222, 42.58736]]]}}, {"type": "Feature", "properties": {"area_ha": 0.063, "dist_km": 2.66, "node": "SOBRADELO 220", "node_mw": 251, "osm_id": 1101909763, "municipio": "Sobradelo"}, "geometry": {"type": "Polygon", "coordinates": [[[-8.75151, 42.58738], [-8.75131, 42.58767], [-8.75113, 42.58756], [-8.75129, 42.58731], [-8.75151, 42.58738]]]}}, {"type": "Feature", "properties": {"area_ha": 0.173, "dist_km": 2.62, "node": "SOBRADELO 220", "node_mw": 251, "osm_id": 1101909764, "municipio": "Sobradelo"}, "geometry": {"type": "Polygon", "coordinates": [[[-8.75208, 42.58681], [-8.75173, 42.58734], [-8.75132, 42.58721], [-8.75141, 42.58707], [-8.75156, 42.58709], [-8.75167, 42.58693], [-8.75184, 42.58683], [-8.75191, 42.58674], [-8.75208, 42.58681]]]}}, {"type": "Feature", "properties": {"area_ha": 0.112, "dist_km": 2.573, "node": "SOBRADELO 220", "node_mw": 251, "osm_id": 1101909765, "municipio": "Sobradelo"}, "geometry": {"type": "Polygon", "coordinates": [[[-8.75254, 42.58692], [-8.75235, 42.58725], [-8.7523, 42.58725], [-8.75203, 42.58715], [-8.75219, 42.58688], [-8.7523, 42.58685], [-8.75254, 42.58692]]]}}, {"type": "Feature", "properties": {"area_ha": 0.067, "dist_km": 2.541, "node": "SOBRADELO 220", "node_mw": 251, "osm_id": 1101909766, "municipio": "Sobradelo"}, "geometry": {"type": "Polygon", "coordinates": [[[-8.75271, 42.58723], [-8.75259, 42.5872], [-8.75263, 42.58713], [-8.75257, 42.58711], [-8.75271, 42.58681], [-8.75291, 42.58682], [-8.75271, 42.58723]]]}}, {"type": "Feature", "properties": {"area_ha": 0.103, "dist_km": 2.57, "node": "SOBRADELO 220", "node_mw": 251, "osm_id": 1101909767, "municipio": "Sobradelo"}, "geometry": {"type": "Polygon", "coordinates": [[[-8.75268, 42.58744], [-8.75262, 42.5876], [-8.75245, 42.58787], [-8.75226, 42.5878], [-8.7524, 42.58755], [-8.75234, 42.58754], [-8.75244, 42.58736], [-8.75268, 42.58744]]]}}, {"type": "Feature", "properties": {"area_ha": 0.022, "dist_km": 2.93, "node": "SOBRADELO 220", "node_mw": 251, "osm_id": 1101909770, "municipio": "Sobradelo"}, "geometry": {"type": "Polygon", "coordinates": [[[-8.74786, 42.58641], [-8.74786, 42.58643], [-8.74761, 42.58643], [-8.74759, 42.58636], [-8.74785, 42.58632], [-8.74786, 42.58641]]]}}, {"type": "Feature", "properties": {"area_ha": 0.266, "dist_km": 2.967, "node": "SOBRADELO 220", "node_mw": 251, "osm_id": 1101909771, "municipio": "Sobradelo"}, "geometry": {"type": "Polygon", "coordinates": [[[-8.74757, 42.5863], [-8.7476, 42.58628], [-8.74757, 42.58624], [-8.74766, 42.58618], [-8.74757, 42.58606], [-8.74769, 42.58599], [-8.74757, 42.58587], [-8.74685, 42.58618], [-8.7469, 42.58624], [-8.74684, 42.58628], [-8.74697, 42.58645], [-8.74701, 42.58643], [-8.74706, 42.58651], [-8.74711, 42.58649], [-8.74757, 42.5863]]]}}, {"type": "Feature", "properties": {"area_ha": 0.502, "dist_km": 3.041, "node": "SOBRADELO 220", "node_mw": 251, "osm_id": 1102297368, "municipio": "Sobradelo"}, "geometry": {"type": "Polygon", "coordinates": [[[-8.74697, 42.58537], [-8.74677, 42.58547], [-8.74654, 42.58559], [-8.74643, 42.58564], [-8.74634, 42.58565], [-8.74623, 42.58563], [-8.74612, 42.58565], [-8.74608, 42.58573], [-8.74601, 42.58578], [-8.74585, 42.5858], [-8.74556, 42.58558], [-8.74563, 42.58549], [-8.7457, 42.58544], [-8.74586, 42.58537], [-8.746, 42.58533], [-8.7461, 42.58523], [-8.74626, 42.58513], [-8.74648, 42.58504], [-8.74658, 42.58502], [-8.74668, 42.58512], [-8.74685, 42.58521], [-8.74694, 42.58527], [-8.74697, 42.58537]]]}}, {"type": "Feature", "properties": {"area_ha": 0.404, "dist_km": 2.336, "node": "SOBRADELO 220", "node_mw": 251, "osm_id": 1106084957, "municipio": "Sobradelo"}, "geometry": {"type": "Polygon", "coordinates": [[[-8.77108, 42.60208], [-8.77086, 42.60241], [-8.76977, 42.60202], [-8.76999, 42.60169], [-8.77108, 42.60208]]]}}, {"type": "Feature", "properties": {"area_ha": 0.362, "dist_km": 2.351, "node": "SOBRADELO 220", "node_mw": 251, "osm_id": 1106084958, "municipio": "Sobradelo"}, "geometry": {"type": "Polygon", "coordinates": [[[-8.76829, 42.60105], [-8.76806, 42.6014], [-8.76715, 42.60108], [-8.76737, 42.60072], [-8.76829, 42.60105]]]}}, {"type": "Feature", "properties": {"area_ha": 0.057, "dist_km": 3.017, "node": "SOBRADELO 220", "node_mw": 251, "osm_id": 1136798741, "municipio": "Sobradelo"}, "geometry": {"type": "Polygon", "coordinates": [[[-8.75472, 42.60002], [-8.75446, 42.60054], [-8.75435, 42.60051], [-8.75461, 42.59999], [-8.75472, 42.60002]]]}}, {"type": "Feature", "properties": {"area_ha": 0.075, "dist_km": 2.949, "node": "SOBRADELO 220", "node_mw": 251, "osm_id": 1136798742, "municipio": "Sobradelo"}, "geometry": {"type": "Polygon", "coordinates": [[[-8.75518, 42.59971], [-8.75516, 42.59975], [-8.75504, 42.59996], [-8.7548, 42.59989], [-8.75481, 42.59988], [-8.755, 42.59953], [-8.75508, 42.59958], [-8.75508, 42.59964], [-8.75512, 42.59969], [-8.75518, 42.59971]]]}}, {"type": "Feature", "properties": {"area_ha": 0.018, "dist_km": 2.947, "node": "SOBRADELO 220", "node_mw": 251, "osm_id": 1136798743, "municipio": "Sobradelo"}, "geometry": {"type": "Polygon", "coordinates": [[[-8.75518, 42.59971], [-8.75526, 42.59974], [-8.7552, 42.60001], [-8.75511, 42.59999], [-8.75513, 42.5999], [-8.75517, 42.5999], [-8.75521, 42.59976], [-8.75516, 42.59975], [-8.75518, 42.59971]]]}}, {"type": "Feature", "properties": {"area_ha": 0.072, "dist_km": 2.957, "node": "SOBRADELO 220", "node_mw": 251, "osm_id": 1136798744, "municipio": "Sobradelo"}, "geometry": {"type": "Polygon", "coordinates": [[[-8.755, 42.59953], [-8.75486, 42.59941], [-8.75463, 42.59982], [-8.75481, 42.59988], [-8.755, 42.59953]]]}}, {"type": "Feature", "properties": {"area_ha": 0.1, "dist_km": 2.96, "node": "SOBRADELO 220", "node_mw": 251, "osm_id": 1136798745, "municipio": "Sobradelo"}, "geometry": {"type": "Polygon", "coordinates": [[[-8.75463, 42.59982], [-8.75444, 42.59977], [-8.75451, 42.59961], [-8.75435, 42.59955], [-8.75439, 42.5995], [-8.75454, 42.59957], [-8.75468, 42.59933], [-8.75476, 42.59934], [-8.75483, 42.59934], [-8.75484, 42.59939], [-8.75486, 42.59941], [-8.75463, 42.59982]]]}}, {"type": "Feature", "properties": {"area_ha": 0.014, "dist_km": 2.955, "node": "SOBRADELO 220", "node_mw": 251, "osm_id": 1136798747, "municipio": "Sobradelo"}, "geometry": {"type": "Polygon", "coordinates": [[[-8.75451, 42.59914], [-8.75448, 42.59922], [-8.7544, 42.59921], [-8.75436, 42.59926], [-8.7542, 42.59924], [-8.75422, 42.5992], [-8.75432, 42.59921], [-8.75435, 42.59917], [-8.75443, 42.59918], [-8.75445, 42.59912], [-8.75451, 42.59914]]]}}, {"type": "Feature", "properties": {"area_ha": 0.008, "dist_km": 2.91, "node": "SOBRADELO 220", "node_mw": 251, "osm_id": 1136798748, "municipio": "Sobradelo"}, "geometry": {"type": "Polygon", "coordinates": [[[-8.75492, 42.59894], [-8.75483, 42.59907], [-8.75478, 42.59905], [-8.75486, 42.59892], [-8.75492, 42.59894]]]}}, {"type": "Feature", "properties": {"area_ha": 0.011, "dist_km": 2.835, "node": "SOBRADELO 220", "node_mw": 251, "osm_id": 1136798749, "municipio": "Sobradelo"}, "geometry": {"type": "Polygon", "coordinates": [[[-8.7554, 42.5983], [-8.75537, 42.59836], [-8.75521, 42.59832], [-8.75524, 42.59825], [-8.7554, 42.5983]]]}}, {"type": "Feature", "properties": {"area_ha": 0.191, "dist_km": 2.345, "node": "SOBRADELO 220", "node_mw": 251, "osm_id": 1190042860, "municipio": "Sobradelo"}, "geometry": {"type": "Polygon", "coordinates": [[[-8.78011, 42.56253], [-8.77991, 42.56256], [-8.77972, 42.56249], [-8.77966, 42.56255], [-8.77942, 42.56255], [-8.7796, 42.56221], [-8.7797, 42.5621], [-8.77977, 42.56208], [-8.77997, 42.5622], [-8.78006, 42.56236], [-8.7801, 42.56245], [-8.78011, 42.56253]]]}}, {"type": "Feature", "properties": {"area_ha": 0.004, "dist_km": 1.792, "node": "SOBRADELO 220", "node_mw": 251, "osm_id": 1395102562, "municipio": "Sobradelo"}, "geometry": {"type": "Polygon", "coordinates": [[[-8.7679, 42.59479], [-8.76795, 42.59474], [-8.76789, 42.5947], [-8.76784, 42.59475], [-8.76784, 42.59475], [-8.7679, 42.59479]]]}}, {"type": "Feature", "properties": {"area_ha": 0.005, "dist_km": 1.792, "node": "SOBRADELO 220", "node_mw": 251, "osm_id": 1395102563, "municipio": "Sobradelo"}, "geometry": {"type": "Polygon", "coordinates": [[[-8.76777, 42.59471], [-8.76782, 42.59466], [-8.76789, 42.5947], [-8.76784, 42.59475], [-8.76777, 42.59471]]]}}, {"type": "Feature", "properties": {"area_ha": 0.654, "dist_km": 1.233, "node": "SOBRADELO 220", "node_mw": 251, "osm_id": 1495628122, "municipio": "Sobradelo"}, "geometry": {"type": "Polygon", "coordinates": [[[-8.78328, 42.59487], [-8.7822, 42.59483], [-8.78218, 42.59451], [-8.78223, 42.5942], [-8.78226, 42.594], [-8.7823, 42.594], [-8.78247, 42.59416], [-8.78306, 42.59422], [-8.7832, 42.59428], [-8.7833, 42.59469], [-8.78328, 42.59487]]]}}, {"type": "Feature", "properties": {"area_ha": 0.035, "dist_km": 1.203, "node": "SOBRADELO 220", "node_mw": 251, "osm_id": 1495628123, "municipio": "Sobradelo"}, "geometry": {"type": "Polygon", "coordinates": [[[-8.78226, 42.594], [-8.78206, 42.59398], [-8.78204, 42.59418], [-8.78223, 42.5942], [-8.78226, 42.594]]]}}, {"type": "Feature", "properties": {"area_ha": 10.57, "dist_km": 2.982, "node": "CAPARACENA 400", "node_mw": 236, "osm_id": 467835461, "municipio": "Caparacena"}, "geometry": {"type": "Polygon", "coordinates": [[[-3.73931, 37.24381], [-3.73819, 37.24442], [-3.73793, 37.24465], [-3.73319, 37.24176], [-3.73379, 37.24061], [-3.73432, 37.24036], [-3.73561, 37.24127], [-3.73749, 37.24204], [-3.73939, 37.24371], [-3.73931, 37.24381]]]}}, {"type": "Feature", "properties": {"area_ha": 2.574, "dist_km": 2.872, "node": "CAPARACENA 400", "node_mw": 236, "osm_id": 579887981, "municipio": "Caparacena"}, "geometry": {"type": "Polygon", "coordinates": [[[-3.71707, 37.2927], [-3.71704, 37.29169], [-3.71471, 37.29169], [-3.71473, 37.29282], [-3.71516, 37.29283], [-3.71541, 37.29281], [-3.71589, 37.29282], [-3.717, 37.29278], [-3.71707, 37.2927]]]}}, {"type": "Feature", "properties": {"area_ha": 3.993, "dist_km": 2.574, "node": "CAPARACENA 400", "node_mw": 236, "osm_id": 617014501, "municipio": "Caparacena"}, "geometry": {"type": "Polygon", "coordinates": [[[-3.7513, 37.25535], [-3.7524, 37.25583], [-3.75294, 37.25621], [-3.75218, 37.25679], [-3.75289, 37.25759], [-3.75311, 37.25784], [-3.75331, 37.25814], [-3.75353, 37.25805], [-3.75436, 37.25923], [-3.75397, 37.25941], [-3.75316, 37.25807], [-3.75286, 37.25817], [-3.75265, 37.25765], [-3.75242, 37.25796], [-3.75219, 37.25811], [-3.75205, 37.25801], [-3.75192, 37.258], [-3.75175, 37.25791], [-3.7514, 37.25808], [-3.75086, 37.25838], [-3.75074, 37.25834], [-3.75082, 37.25813], [-3.7512, 37.2579], [-3.75126, 37.25781], [-3.7513, 37.2577], [-3.75134, 37.2575], [-3.75149, 37.25736], [-3.7515, 37.25725], [-3.7516, 37.25722], [-3.75145, 37.25692], [-3.75139, 37.25642], [-3.75129, 37.25643], [-3.75094, 37.25609], [-3.75084, 37.25593], [-3.75078, 37.25572], [-3.75121, 37.25556], [-3.75124, 37.25542], [-3.7513, 37.25535]]]}}, {"type": "Feature", "properties": {"area_ha": 0.043, "dist_km": 0.925, "node": "ORTIGUERO 220", "node_mw": 227, "osm_id": 686978616, "municipio": "Ortiguero"}, "geometry": {"type": "Polygon", "coordinates": [[[-4.89087, 43.32772], [-4.89077, 43.32761], [-4.89107, 43.32745], [-4.89117, 43.32756], [-4.89087, 43.32772]]]}}, {"type": "Feature", "properties": {"area_ha": 0.038, "dist_km": 1.294, "node": "CAPARACENA 400", "node_mw": 236, "osm_id": 687188099, "municipio": "Caparacena"}, "geometry": {"type": "Polygon", "coordinates": [[[-3.71183, 37.26537], [-3.71196, 37.26562], [-3.71182, 37.26566], [-3.7117, 37.26541], [-3.71177, 37.26539], [-3.71183, 37.26537]]]}}, {"type": "Feature", "properties": {"area_ha": 2.463, "dist_km": 1.418, "node": "CAPARACENA 400", "node_mw": 236, "osm_id": 688605947, "municipio": "Caparacena"}, "geometry": {"type": "Polygon", "coordinates": [[[-3.74038, 37.27315], [-3.73972, 37.27317], [-3.73972, 37.27314], [-3.73944, 37.27315], [-3.73939, 37.27436], [-3.73947, 37.27435], [-3.73949, 37.27481], [-3.73978, 37.27482], [-3.73983, 37.27487], [-3.73985, 37.27537], [-3.74121, 37.27536], [-3.7412, 37.27462], [-3.74044, 37.27463], [-3.7404, 37.27459], [-3.74038, 37.27315]]]}}, {"type": "Feature", "properties": {"area_ha": 0.023, "dist_km": 2.681, "node": "ORTIGUERO 220", "node_mw": 227, "osm_id": 689475671, "municipio": "Ortiguero"}, "geometry": {"type": "Polygon", "coordinates": [[[-4.86895, 43.3217], [-4.86886, 43.32153], [-4.86898, 43.32149], [-4.86908, 43.32167], [-4.86895, 43.3217]]]}}, {"type": "Feature", "properties": {"area_ha": 0.106, "dist_km": 1.382, "node": "ORTIGUERO 220", "node_mw": 227, "osm_id": 696236475, "municipio": "Ortiguero"}, "geometry": {"type": "Polygon", "coordinates": [[[-4.88512, 43.32226], [-4.88512, 43.3222], [-4.88507, 43.3222], [-4.88507, 43.32216], [-4.88501, 43.32216], [-4.88502, 43.32213], [-4.88498, 43.32213], [-4.88499, 43.32206], [-4.88497, 43.32206], [-4.88498, 43.32198], [-4.88517, 43.322], [-4.88518, 43.32191], [-4.8854, 43.32193], [-4.88536, 43.32219], [-4.88545, 43.32219], [-4.88544, 43.32228], [-4.88512, 43.32226]]]}}, {"type": "Feature", "properties": {"area_ha": 0.028, "dist_km": 1.051, "node": "ORTIGUERO 220", "node_mw": 227, "osm_id": 696236479, "municipio": "Ortiguero"}, "geometry": {"type": "Polygon", "coordinates": [[[-4.88921, 43.3223], [-4.88922, 43.32229], [-4.88933, 43.32233], [-4.88936, 43.32231], [-4.88941, 43.32232], [-4.88943, 43.32229], [-4.88945, 43.3223], [-4.88948, 43.32227], [-4.8892, 43.32216], [-4.88912, 43.32227], [-4.88921, 43.3223]]]}}, {"type": "Feature", "properties": {"area_ha": 1.237, "dist_km": 1.499, "node": "ORTIGUERO 220", "node_mw": 227, "osm_id": 746191567, "municipio": "Ortiguero"}, "geometry": {"type": "Polygon", "coordinates": [[[-4.89985, 43.3387], [-4.89938, 43.33867], [-4.89895, 43.33863], [-4.89872, 43.33857], [-4.89855, 43.33846], [-4.89843, 43.33835], [-4.89839, 43.33825], [-4.89837, 43.33818], [-4.89846, 43.33808], [-4.89868, 43.33797], [-4.89882, 43.33797], [-4.89886, 43.33794], [-4.89933, 43.33794], [-4.89981, 43.33799], [-4.90026, 43.33801], [-4.90083, 43.33809], [-4.90085, 43.33811], [-4.90085, 43.33814], [-4.90079, 43.33823], [-4.9007, 43.33832], [-4.90035, 43.33849], [-4.89999, 43.33866], [-4.89989, 43.33869], [-4.89985, 43.3387]]]}}, {"type": "Feature", "properties": {"area_ha": 6.795, "dist_km": 1.646, "node": "CAPARACENA 400", "node_mw": 236, "osm_id": 1241880925, "municipio": "Caparacena"}, "geometry": {"type": "Polygon", "coordinates": [[[-3.74785, 37.27076], [-3.74577, 37.27165], [-3.74513, 37.27097], [-3.74487, 37.27085], [-3.74463, 37.27064], [-3.74459, 37.27061], [-3.74452, 37.27053], [-3.74437, 37.27047], [-3.74433, 37.27036], [-3.74358, 37.26953], [-3.74319, 37.26916], [-3.74313, 37.26908], [-3.7431, 37.26899], [-3.74306, 37.26884], [-3.74306, 37.26871], [-3.74307, 37.26839], [-3.74311, 37.26837], [-3.74317, 37.26839], [-3.74325, 37.26837], [-3.74329, 37.26836], [-3.74329, 37.26833], [-3.74356, 37.26834], [-3.74416, 37.26843], [-3.74428, 37.26848], [-3.7446, 37.26867], [-3.74482, 37.26887], [-3.74546, 37.26928], [-3.74593, 37.26944], [-3.74615, 37.26964], [-3.74616, 37.26969], [-3.74671, 37.27001], [-3.74772, 37.2706], [-3.74795, 37.27073], [-3.74785, 37.27076]]]}}, {"type": "Feature", "properties": {"area_ha": 0.002, "dist_km": 2.877, "node": "CAPARACENA 400", "node_mw": 236, "osm_id": 1465308575, "municipio": "Caparacena"}, "geometry": {"type": "Polygon", "coordinates": [[[-3.6952, 37.27614], [-3.69521, 37.27617], [-3.69528, 37.27616], [-3.69526, 37.27612], [-3.6952, 37.27614]]]}}, {"type": "Feature", "properties": {"area_ha": 0.017, "dist_km": 2.766, "node": "CAPARACENA 400", "node_mw": 236, "osm_id": 1465308585, "municipio": "Caparacena"}, "geometry": {"type": "Polygon", "coordinates": [[[-3.69671, 37.27636], [-3.69672, 37.27625], [-3.69655, 37.27625], [-3.69655, 37.27635], [-3.69671, 37.27636]]]}}, {"type": "Feature", "properties": {"area_ha": 0.004, "dist_km": 2.42, "node": "CAPARACENA 400", "node_mw": 236, "osm_id": 1465308733, "municipio": "Caparacena"}, "geometry": {"type": "Polygon", "coordinates": [[[-3.69993, 37.27421], [-3.69993, 37.27416], [-3.69984, 37.27416], [-3.69984, 37.27421], [-3.69993, 37.27421]]]}}, {"type": "Feature", "properties": {"area_ha": 0.007, "dist_km": 2.423, "node": "CAPARACENA 400", "node_mw": 236, "osm_id": 1465308734, "municipio": "Caparacena"}, "geometry": {"type": "Polygon", "coordinates": [[[-3.69999, 37.27442], [-3.69999, 37.2744], [-3.69996, 37.2744], [-3.69997, 37.27438], [-3.69982, 37.27438], [-3.69982, 37.27442], [-3.69999, 37.27442]]]}}, {"type": "Feature", "properties": {"area_ha": 0.005, "dist_km": 2.797, "node": "CAPARACENA 400", "node_mw": 236, "osm_id": 1465308835, "municipio": "Caparacena"}, "geometry": {"type": "Polygon", "coordinates": [[[-3.69508, 37.27302], [-3.69513, 37.27302], [-3.69514, 37.27291], [-3.69509, 37.27291], [-3.69509, 37.27292], [-3.69508, 37.27302]]]}}, {"type": "Feature", "properties": {"area_ha": 0.0, "dist_km": 2.977, "node": "CAPARACENA 400", "node_mw": 236, "osm_id": 1465586159, "municipio": "Caparacena"}, "geometry": {"type": "Polygon", "coordinates": [[[-3.69345, 37.27444], [-3.69345, 37.27442], [-3.69343, 37.27443], [-3.69343, 37.27444], [-3.69345, 37.27444]]]}}, {"type": "Feature", "properties": {"area_ha": 0.003, "dist_km": 2.876, "node": "CAPARACENA 400", "node_mw": 236, "osm_id": 1466397340, "municipio": "Caparacena"}, "geometry": {"type": "Polygon", "coordinates": [[[-3.69688, 37.27941], [-3.69691, 37.27945], [-3.69697, 37.27942], [-3.69695, 37.27938], [-3.69688, 37.27941]]]}}, {"type": "Feature", "properties": {"area_ha": 0.004, "dist_km": 2.889, "node": "CAPARACENA 400", "node_mw": 236, "osm_id": 1466397348, "municipio": "Caparacena"}, "geometry": {"type": "Polygon", "coordinates": [[[-3.69718, 37.27999], [-3.69716, 37.27995], [-3.69707, 37.27998], [-3.6971, 37.28002], [-3.69718, 37.27999]]]}}, {"type": "Feature", "properties": {"area_ha": 0.044, "dist_km": 2.838, "node": "CAPARACENA 400", "node_mw": 236, "osm_id": 1466397469, "municipio": "Caparacena"}, "geometry": {"type": "Polygon", "coordinates": [[[-3.70035, 37.28303], [-3.70031, 37.28305], [-3.70029, 37.28303], [-3.70016, 37.28309], [-3.70018, 37.28311], [-3.70008, 37.28315], [-3.70016, 37.28327], [-3.70043, 37.28314], [-3.70035, 37.28303]]]}}, {"type": "Feature", "properties": {"area_ha": 0.019, "dist_km": 2.927, "node": "CAPARACENA 400", "node_mw": 236, "osm_id": 1498262455, "municipio": "Caparacena"}, "geometry": {"type": "Polygon", "coordinates": [[[-3.74963, 37.24944], [-3.74956, 37.24948], [-3.74971, 37.24963], [-3.74975, 37.24965], [-3.7498, 37.24958], [-3.74977, 37.24957], [-3.74963, 37.24944]]]}}, {"type": "Feature", "properties": {"area_ha": 0.016, "dist_km": 2.852, "node": "CAPARACENA 400", "node_mw": 236, "osm_id": 1498262456, "municipio": "Caparacena"}, "geometry": {"type": "Polygon", "coordinates": [[[-3.74502, 37.24726], [-3.74483, 37.24721], [-3.74488, 37.24713], [-3.74505, 37.24718], [-3.74502, 37.24726]]]}}, {"type": "Feature", "properties": {"area_ha": 0.084, "dist_km": 2.591, "node": "CAPARACENA 400", "node_mw": 236, "osm_id": 1498262511, "municipio": "Caparacena"}, "geometry": {"type": "Polygon", "coordinates": [[[-3.75155, 37.25614], [-3.75118, 37.25625], [-3.7513, 37.25643], [-3.75166, 37.25637], [-3.75155, 37.25614]]]}}, {"type": "Feature", "properties": {"area_ha": 0.118, "dist_km": 2.587, "node": "CAPARACENA 400", "node_mw": 236, "osm_id": 1498262512, "municipio": "Caparacena"}, "geometry": {"type": "Polygon", "coordinates": [[[-3.75155, 37.25614], [-3.75141, 37.25591], [-3.75094, 37.25608], [-3.75113, 37.25627], [-3.75118, 37.25625], [-3.75155, 37.25614]]]}}, {"type": "Feature", "properties": {"area_ha": 0.094, "dist_km": 2.59, "node": "CAPARACENA 400", "node_mw": 236, "osm_id": 1498262513, "municipio": "Caparacena"}, "geometry": {"type": "Polygon", "coordinates": [[[-3.75141, 37.25591], [-3.75094, 37.25608], [-3.75084, 37.25592], [-3.75131, 37.25575], [-3.75141, 37.25591]]]}}, {"type": "Feature", "properties": {"area_ha": 0.018, "dist_km": 3.005, "node": "CAPARACENA 400", "node_mw": 236, "osm_id": 1498263426, "municipio": "Caparacena"}, "geometry": {"type": "Polygon", "coordinates": [[[-3.75583, 37.25499], [-3.75591, 37.25493], [-3.75578, 37.25481], [-3.75569, 37.25487], [-3.75583, 37.25499]]]}}, {"type": "Feature", "properties": {"area_ha": 0.015, "dist_km": 2.996, "node": "CAPARACENA 400", "node_mw": 236, "osm_id": 1498263433, "municipio": "Caparacena"}, "geometry": {"type": "Polygon", "coordinates": [[[-3.75583, 37.25499], [-3.75569, 37.25487], [-3.75563, 37.25492], [-3.75577, 37.25504], [-3.75583, 37.25499]]]}}, {"type": "Feature", "properties": {"area_ha": 0.022, "dist_km": 3.005, "node": "CAPARACENA 400", "node_mw": 236, "osm_id": 1498263450, "municipio": "Caparacena"}, "geometry": {"type": "Polygon", "coordinates": [[[-3.75566, 37.2548], [-3.75578, 37.25471], [-3.75569, 37.25461], [-3.75568, 37.2546], [-3.75564, 37.25463], [-3.75565, 37.25464], [-3.75562, 37.25466], [-3.75563, 37.25468], [-3.75561, 37.25469], [-3.75559, 37.25468], [-3.75563, 37.25465], [-3.75561, 37.25464], [-3.75554, 37.2547], [-3.75557, 37.25472], [-3.75566, 37.2548]]]}}, {"type": "Feature", "properties": {"area_ha": 0.017, "dist_km": 2.99, "node": "CAPARACENA 400", "node_mw": 236, "osm_id": 1498263451, "municipio": "Caparacena"}, "geometry": {"type": "Polygon", "coordinates": [[[-3.75557, 37.25472], [-3.75551, 37.25477], [-3.75552, 37.25479], [-3.75551, 37.25479], [-3.7555, 37.25478], [-3.75544, 37.25482], [-3.75553, 37.25489], [-3.75566, 37.2548], [-3.75557, 37.25472]]]}}, {"type": "Feature", "properties": {"area_ha": 0.021, "dist_km": 2.558, "node": "CAPARACENA 400", "node_mw": 236, "osm_id": 1498264113, "municipio": "Caparacena"}, "geometry": {"type": "Polygon", "coordinates": [[[-3.75191, 37.25755], [-3.7519, 37.25752], [-3.75176, 37.25754], [-3.75187, 37.25772], [-3.75196, 37.25765], [-3.75191, 37.25755]]]}}, {"type": "Feature", "properties": {"area_ha": 0.048, "dist_km": 2.542, "node": "CAPARACENA 400", "node_mw": 236, "osm_id": 1498264114, "municipio": "Caparacena"}, "geometry": {"type": "Polygon", "coordinates": [[[-3.75176, 37.25754], [-3.75156, 37.25758], [-3.75172, 37.25783], [-3.75187, 37.25772], [-3.75176, 37.25754]]]}}, {"type": "Feature", "properties": {"area_ha": 0.016, "dist_km": 2.573, "node": "CAPARACENA 400", "node_mw": 236, "osm_id": 1498264115, "municipio": "Caparacena"}, "geometry": {"type": "Polygon", "coordinates": [[[-3.75196, 37.25765], [-3.75214, 37.2575], [-3.75213, 37.25747], [-3.75199, 37.2575], [-3.75201, 37.25753], [-3.75191, 37.25755], [-3.75196, 37.25765]]]}}, {"type": "Feature", "properties": {"area_ha": 0.041, "dist_km": 2.592, "node": "CAPARACENA 400", "node_mw": 236, "osm_id": 1498264116, "municipio": "Caparacena"}, "geometry": {"type": "Polygon", "coordinates": [[[-3.75139, 37.25642], [-3.75141, 37.2565], [-3.7516, 37.25647], [-3.75168, 37.25666], [-3.75177, 37.25663], [-3.75166, 37.25637], [-3.75139, 37.25642]]]}}, {"type": "Feature", "properties": {"area_ha": 0.028, "dist_km": 2.607, "node": "CAPARACENA 400", "node_mw": 236, "osm_id": 1498264203, "municipio": "Caparacena"}, "geometry": {"type": "Polygon", "coordinates": [[[-3.75238, 37.25737], [-3.75233, 37.25739], [-3.75233, 37.25739], [-3.75227, 37.25741], [-3.7523, 37.25747], [-3.75232, 37.2575], [-3.75242, 37.25747], [-3.75258, 37.25742], [-3.75253, 37.25732], [-3.75238, 37.25737]]]}}, {"type": "Feature", "properties": {"area_ha": 0.057, "dist_km": 2.695, "node": "CAPARACENA 400", "node_mw": 236, "osm_id": 1498264204, "municipio": "Caparacena"}, "geometry": {"type": "Polygon", "coordinates": [[[-3.75252, 37.25634], [-3.75264, 37.25645], [-3.75295, 37.25622], [-3.75281, 37.25612], [-3.75277, 37.25616], [-3.75252, 37.25634]]]}}, {"type": "Feature", "properties": {"area_ha": 0.012, "dist_km": 2.614, "node": "CAPARACENA 400", "node_mw": 236, "osm_id": 1498264205, "municipio": "Caparacena"}, "geometry": {"type": "Polygon", "coordinates": [[[-3.75187, 37.25658], [-3.75191, 37.25668], [-3.75203, 37.25665], [-3.75196, 37.25655], [-3.75187, 37.25658]]]}}, {"type": "Feature", "properties": {"area_ha": 0.009, "dist_km": 2.613, "node": "CAPARACENA 400", "node_mw": 236, "osm_id": 1498264206, "municipio": "Caparacena"}, "geometry": {"type": "Polygon", "coordinates": [[[-3.75206, 37.25672], [-3.75203, 37.25665], [-3.75191, 37.25668], [-3.75194, 37.25675], [-3.75206, 37.25672]]]}}, {"type": "Feature", "properties": {"area_ha": 0.012, "dist_km": 2.613, "node": "CAPARACENA 400", "node_mw": 236, "osm_id": 1498264207, "municipio": "Caparacena"}, "geometry": {"type": "Polygon", "coordinates": [[[-3.75211, 37.2568], [-3.75207, 37.25671], [-3.75206, 37.25672], [-3.75194, 37.25675], [-3.75198, 37.25684], [-3.75211, 37.2568]]]}}, {"type": "Feature", "properties": {"area_ha": 0.072, "dist_km": 2.64, "node": "CAPARACENA 400", "node_mw": 236, "osm_id": 1498264208, "municipio": "Caparacena"}, "geometry": {"type": "Polygon", "coordinates": [[[-3.75218, 37.25679], [-3.75256, 37.2565], [-3.75245, 37.25639], [-3.75208, 37.25666], [-3.75217, 37.25678], [-3.75218, 37.25679]]]}}, {"type": "Feature", "properties": {"area_ha": 0.032, "dist_km": 2.616, "node": "CAPARACENA 400", "node_mw": 236, "osm_id": 1498264209, "municipio": "Caparacena"}, "geometry": {"type": "Polygon", "coordinates": [[[-3.75221, 37.25694], [-3.75224, 37.25693], [-3.75218, 37.25679], [-3.75217, 37.25678], [-3.75211, 37.2568], [-3.75198, 37.25684], [-3.75205, 37.25699], [-3.75221, 37.25694]]]}}, {"type": "Feature", "properties": {"area_ha": 0.032, "dist_km": 2.609, "node": "CAPARACENA 400", "node_mw": 236, "osm_id": 1498264210, "municipio": "Caparacena"}, "geometry": {"type": "Polygon", "coordinates": [[[-3.75221, 37.25694], [-3.75205, 37.25699], [-3.75212, 37.25716], [-3.75229, 37.25711], [-3.75221, 37.25694]]]}}, {"type": "Feature", "properties": {"area_ha": 0.007, "dist_km": 2.615, "node": "CAPARACENA 400", "node_mw": 236, "osm_id": 1498264211, "municipio": "Caparacena"}, "geometry": {"type": "Polygon", "coordinates": [[[-3.75177, 37.25638], [-3.75182, 37.25648], [-3.75189, 37.25646], [-3.7518, 37.25635], [-3.75177, 37.25638]]]}}, {"type": "Feature", "properties": {"area_ha": 0.009, "dist_km": 2.615, "node": "CAPARACENA 400", "node_mw": 236, "osm_id": 1498264212, "municipio": "Caparacena"}, "geometry": {"type": "Polygon", "coordinates": [[[-3.75196, 37.25655], [-3.75189, 37.25646], [-3.75182, 37.25648], [-3.75187, 37.25658], [-3.75196, 37.25655]]]}}, {"type": "Feature", "properties": {"area_ha": 0.011, "dist_km": 2.602, "node": "CAPARACENA 400", "node_mw": 236, "osm_id": 1498264213, "municipio": "Caparacena"}, "geometry": {"type": "Polygon", "coordinates": [[[-3.75233, 37.25739], [-3.75231, 37.25728], [-3.75221, 37.25729], [-3.75224, 37.2574], [-3.75233, 37.25739], [-3.75233, 37.25739]]]}}, {"type": "Feature", "properties": {"area_ha": 0.012, "dist_km": 2.624, "node": "CAPARACENA 400", "node_mw": 236, "osm_id": 1498264215, "municipio": "Caparacena"}, "geometry": {"type": "Polygon", "coordinates": [[[-3.75162, 37.25605], [-3.75167, 37.25615], [-3.75177, 37.25612], [-3.75173, 37.25602], [-3.75162, 37.25605]]]}}, {"type": "Feature", "properties": {"area_ha": 0.049, "dist_km": 2.641, "node": "CAPARACENA 400", "node_mw": 236, "osm_id": 1498264216, "municipio": "Caparacena"}, "geometry": {"type": "Polygon", "coordinates": [[[-3.75202, 37.25613], [-3.75198, 37.25609], [-3.75173, 37.25628], [-3.75177, 37.25638], [-3.7518, 37.25635], [-3.75206, 37.25616], [-3.75227, 37.25601], [-3.75223, 37.25597], [-3.75202, 37.25613]]]}}, {"type": "Feature", "properties": {"area_ha": 0.062, "dist_km": 2.674, "node": "CAPARACENA 400", "node_mw": 236, "osm_id": 1498264217, "municipio": "Caparacena"}, "geometry": {"type": "Polygon", "coordinates": [[[-3.75189, 37.25576], [-3.7523, 37.25596], [-3.75239, 37.25584], [-3.75202, 37.25566], [-3.75189, 37.25576]]]}}, {"type": "Feature", "properties": {"area_ha": 0.034, "dist_km": 2.657, "node": "CAPARACENA 400", "node_mw": 236, "osm_id": 1498264220, "municipio": "Caparacena"}, "geometry": {"type": "Polygon", "coordinates": [[[-3.75173, 37.25536], [-3.7514, 37.25519], [-3.75133, 37.25526], [-3.75168, 37.25543], [-3.75173, 37.25536]]]}}, {"type": "Feature", "properties": {"area_ha": 0.01, "dist_km": 2.691, "node": "CAPARACENA 400", "node_mw": 236, "osm_id": 1498264236, "municipio": "Caparacena"}, "geometry": {"type": "Polygon", "coordinates": [[[-3.75164, 37.25486], [-3.75161, 37.25485], [-3.75163, 37.25483], [-3.75165, 37.25485], [-3.75168, 37.25482], [-3.75167, 37.25481], [-3.75165, 37.25479], [-3.75164, 37.25479], [-3.7515, 37.25489], [-3.75156, 37.25493], [-3.75164, 37.25486]]]}}, {"type": "Feature", "properties": {"area_ha": 0.038, "dist_km": 2.676, "node": "CAPARACENA 400", "node_mw": 236, "osm_id": 1498264244, "municipio": "Caparacena"}, "geometry": {"type": "Polygon", "coordinates": [[[-3.75184, 37.2552], [-3.75157, 37.25502], [-3.75148, 37.25511], [-3.75179, 37.25528], [-3.75184, 37.2552]]]}}, {"type": "Feature", "properties": {"area_ha": 0.036, "dist_km": 2.666, "node": "CAPARACENA 400", "node_mw": 236, "osm_id": 1498264245, "municipio": "Caparacena"}, "geometry": {"type": "Polygon", "coordinates": [[[-3.75179, 37.25528], [-3.75148, 37.25511], [-3.7514, 37.25519], [-3.75173, 37.25536], [-3.75179, 37.25528]]]}}, {"type": "Feature", "properties": {"area_ha": 0.034, "dist_km": 2.677, "node": "CAPARACENA 400", "node_mw": 236, "osm_id": 1498264246, "municipio": "Caparacena"}, "geometry": {"type": "Polygon", "coordinates": [[[-3.75196, 37.25528], [-3.75187, 37.25517], [-3.75184, 37.2552], [-3.75179, 37.25528], [-3.75173, 37.25536], [-3.75168, 37.25543], [-3.75177, 37.25547], [-3.75196, 37.25528]]]}}, {"type": "Feature", "properties": {"area_ha": 0.068, "dist_km": 2.687, "node": "CAPARACENA 400", "node_mw": 236, "osm_id": 1498264247, "municipio": "Caparacena"}, "geometry": {"type": "Polygon", "coordinates": [[[-3.75177, 37.25547], [-3.75203, 37.25559], [-3.75205, 37.25555], [-3.75201, 37.25553], [-3.75212, 37.25543], [-3.75214, 37.25549], [-3.75216, 37.25549], [-3.75205, 37.2552], [-3.75204, 37.2552], [-3.75196, 37.25528], [-3.75177, 37.25547]]]}}, {"type": "Feature", "properties": {"area_ha": 0.021, "dist_km": 2.831, "node": "CAPARACENA 400", "node_mw": 236, "osm_id": 1498264271, "municipio": "Caparacena"}, "geometry": {"type": "Polygon", "coordinates": [[[-3.75212, 37.25312], [-3.75212, 37.25306], [-3.75212, 37.25306], [-3.75207, 37.25306], [-3.75207, 37.25311], [-3.75203, 37.25311], [-3.75203, 37.25308], [-3.75201, 37.25308], [-3.75201, 37.25306], [-3.75197, 37.25306], [-3.75191, 37.25306], [-3.75191, 37.25318], [-3.75201, 37.25317], [-3.75212, 37.25317], [-3.75212, 37.25312]]]}}, {"type": "Feature", "properties": {"area_ha": 0.017, "dist_km": 2.998, "node": "CAPARACENA 400", "node_mw": 236, "osm_id": 1498264378, "municipio": "Caparacena"}, "geometry": {"type": "Polygon", "coordinates": [[[-3.75432, 37.25293], [-3.75425, 37.25291], [-3.75418, 37.25289], [-3.75417, 37.2529], [-3.75416, 37.25293], [-3.75416, 37.25293], [-3.75424, 37.25295], [-3.75423, 37.25296], [-3.75416, 37.25295], [-3.75416, 37.25295], [-3.75414, 37.25302], [-3.75426, 37.25304], [-3.75432, 37.25293]]]}}, {"type": "Feature", "properties": {"area_ha": 0.005, "dist_km": 2.644, "node": "CAPARACENA 400", "node_mw": 236, "osm_id": 1498265076, "municipio": "Caparacena"}, "geometry": {"type": "Polygon", "coordinates": [[[-3.7487, 37.25246], [-3.74873, 37.25253], [-3.7488, 37.25251], [-3.74877, 37.25244], [-3.7487, 37.25246]]]}}, {"type": "Feature", "properties": {"area_ha": 0.024, "dist_km": 2.569, "node": "CAPARACENA 400", "node_mw": 236, "osm_id": 1498265110, "municipio": "Caparacena"}, "geometry": {"type": "Polygon", "coordinates": [[[-3.75048, 37.25552], [-3.75048, 37.25552], [-3.75059, 37.25568], [-3.75071, 37.25563], [-3.7506, 37.25547], [-3.75048, 37.25552]]]}}, {"type": "Feature", "properties": {"area_ha": 0.013, "dist_km": 2.572, "node": "CAPARACENA 400", "node_mw": 236, "osm_id": 1498265111, "municipio": "Caparacena"}, "geometry": {"type": "Polygon", "coordinates": [[[-3.7506, 37.25547], [-3.75056, 37.25537], [-3.75043, 37.25544], [-3.75048, 37.25552], [-3.7506, 37.25547]]]}}, {"type": "Feature", "properties": {"area_ha": 0.003, "dist_km": 2.63, "node": "CAPARACENA 400", "node_mw": 236, "osm_id": 1498265181, "municipio": "Caparacena"}, "geometry": {"type": "Polygon", "coordinates": [[[-3.74927, 37.25321], [-3.7493, 37.25325], [-3.74931, 37.25324], [-3.74932, 37.25326], [-3.74935, 37.25323], [-3.74933, 37.25321], [-3.7493, 37.25319], [-3.74927, 37.25321]]]}}, {"type": "Feature", "properties": {"area_ha": 0.003, "dist_km": 2.631, "node": "CAPARACENA 400", "node_mw": 236, "osm_id": 1498265202, "municipio": "Caparacena"}, "geometry": {"type": "Polygon", "coordinates": [[[-3.74937, 37.2533], [-3.7494, 37.25328], [-3.74938, 37.25326], [-3.74935, 37.25323], [-3.74932, 37.25326], [-3.74934, 37.25328], [-3.74937, 37.2533]]]}}, {"type": "Feature", "properties": {"area_ha": 0.005, "dist_km": 2.625, "node": "CAPARACENA 400", "node_mw": 236, "osm_id": 1498265257, "municipio": "Caparacena"}, "geometry": {"type": "Polygon", "coordinates": [[[-3.74969, 37.25366], [-3.74968, 37.25365], [-3.74968, 37.25364], [-3.74967, 37.25363], [-3.74967, 37.25362], [-3.74965, 37.25363], [-3.74956, 37.25367], [-3.74961, 37.2537], [-3.74969, 37.25366]]]}}, {"type": "Feature", "properties": {"area_ha": 0.028, "dist_km": 2.829, "node": "CAPARACENA 400", "node_mw": 236, "osm_id": 1498265378, "municipio": "Caparacena"}, "geometry": {"type": "Polygon", "coordinates": [[[-3.75122, 37.25227], [-3.7512, 37.25227], [-3.75118, 37.25226], [-3.75113, 37.25225], [-3.75114, 37.25221], [-3.75116, 37.25218], [-3.75117, 37.25214], [-3.75117, 37.25212], [-3.75118, 37.25209], [-3.75114, 37.25209], [-3.75114, 37.25209], [-3.75113, 37.25209], [-3.75104, 37.25207], [-3.75101, 37.25218], [-3.75109, 37.2522], [-3.75107, 37.25228], [-3.75121, 37.25231], [-3.7513, 37.25233], [-3.75131, 37.25229], [-3.75122, 37.25227], [-3.75122, 37.25227]]]}}, {"type": "Feature", "properties": {"area_ha": 0.019, "dist_km": 2.721, "node": "CAPARACENA 400", "node_mw": 236, "osm_id": 1498265423, "municipio": "Caparacena"}, "geometry": {"type": "Polygon", "coordinates": [[[-3.74959, 37.25224], [-3.74959, 37.25222], [-3.74961, 37.25222], [-3.7496, 37.25215], [-3.74959, 37.25214], [-3.74958, 37.25214], [-3.74955, 37.25207], [-3.74947, 37.25209], [-3.7495, 37.25219], [-3.74952, 37.25224], [-3.74955, 37.25224], [-3.74955, 37.25225], [-3.74957, 37.25229], [-3.74966, 37.25227], [-3.74964, 37.25223], [-3.74959, 37.25224]]]}}, {"type": "Feature", "properties": {"area_ha": 0.006, "dist_km": 2.715, "node": "CAPARACENA 400", "node_mw": 236, "osm_id": 1498265428, "municipio": "Caparacena"}, "geometry": {"type": "Polygon", "coordinates": [[[-3.74976, 37.25244], [-3.74974, 37.25236], [-3.74967, 37.25237], [-3.74969, 37.25245], [-3.74971, 37.25245], [-3.74976, 37.25244]]]}}, {"type": "Feature", "properties": {"area_ha": 0.099, "dist_km": 2.594, "node": "CAPARACENA 400", "node_mw": 236, "osm_id": 1498265462, "municipio": "Caparacena"}, "geometry": {"type": "Polygon", "coordinates": [[[-3.75131, 37.25575], [-3.7512, 37.25555], [-3.75078, 37.25572], [-3.75084, 37.25592], [-3.75131, 37.25575]]]}}, {"type": "Feature", "properties": {"area_ha": 0.017, "dist_km": 2.692, "node": "CAPARACENA 400", "node_mw": 236, "osm_id": 1498265498, "municipio": "Caparacena"}, "geometry": {"type": "Polygon", "coordinates": [[[-3.75089, 37.25388], [-3.75091, 37.25379], [-3.75076, 37.25377], [-3.75074, 37.25377], [-3.7507, 37.25377], [-3.75069, 37.2538], [-3.75075, 37.25381], [-3.75075, 37.25383], [-3.75069, 37.25383], [-3.75069, 37.25386], [-3.75072, 37.25386], [-3.75075, 37.25386], [-3.75089, 37.25388]]]}}, {"type": "Feature", "properties": {"area_ha": 0.019, "dist_km": 2.843, "node": "CAPARACENA 400", "node_mw": 236, "osm_id": 1498265562, "municipio": "Caparacena"}, "geometry": {"type": "Polygon", "coordinates": [[[-3.75155, 37.25248], [-3.75167, 37.25249], [-3.7518, 37.2525], [-3.7518, 37.25246], [-3.75156, 37.25244], [-3.75158, 37.25237], [-3.75157, 37.25237], [-3.75148, 37.25236], [-3.75146, 37.25247], [-3.75148, 37.25247], [-3.75155, 37.25248]]]}}, {"type": "Feature", "properties": {"area_ha": 0.016, "dist_km": 2.895, "node": "CAPARACENA 400", "node_mw": 236, "osm_id": 1498265563, "municipio": "Caparacena"}, "geometry": {"type": "Polygon", "coordinates": [[[-3.75241, 37.25254], [-3.75245, 37.25241], [-3.75216, 37.25236], [-3.75215, 37.25241], [-3.75242, 37.25246], [-3.75241, 37.25251], [-3.7524, 37.25251], [-3.7524, 37.25252], [-3.75239, 37.25254], [-3.75241, 37.25254]]]}}, {"type": "Feature", "properties": {"area_ha": 0.005, "dist_km": 2.913, "node": "CAPARACENA 400", "node_mw": 236, "osm_id": 1498265565, "municipio": "Caparacena"}, "geometry": {"type": "Polygon", "coordinates": [[[-3.75252, 37.2523], [-3.75246, 37.25229], [-3.75243, 37.25236], [-3.75249, 37.25237], [-3.75252, 37.2523]]]}}, {"type": "Feature", "properties": {"area_ha": 0.001, "dist_km": 2.929, "node": "CAPARACENA 400", "node_mw": 236, "osm_id": 1498265566, "municipio": "Caparacena"}, "geometry": {"type": "Polygon", "coordinates": [[[-3.75258, 37.25216], [-3.75251, 37.25214], [-3.7525, 37.25216], [-3.75257, 37.25217], [-3.75258, 37.25216]]]}}, {"type": "Feature", "properties": {"area_ha": 0.002, "dist_km": 2.519, "node": "CAPARACENA 400", "node_mw": 236, "osm_id": 1498266263, "municipio": "Caparacena"}, "geometry": {"type": "Polygon", "coordinates": [[[-3.74666, 37.25238], [-3.74672, 37.25234], [-3.7467, 37.25232], [-3.74664, 37.25236], [-3.74666, 37.25238]]]}}, {"type": "Feature", "properties": {"area_ha": 0.01, "dist_km": 2.531, "node": "CAPARACENA 400", "node_mw": 236, "osm_id": 1498266265, "municipio": "Caparacena"}, "geometry": {"type": "Polygon", "coordinates": [[[-3.74728, 37.25271], [-3.74728, 37.25273], [-3.74724, 37.25275], [-3.74729, 37.25277], [-3.74729, 37.25274], [-3.74731, 37.25274], [-3.74731, 37.25278], [-3.74734, 37.2528], [-3.74735, 37.25274], [-3.74735, 37.25274], [-3.74735, 37.25271], [-3.74738, 37.25271], [-3.74739, 37.25267], [-3.74731, 37.25267], [-3.74727, 37.25267], [-3.74727, 37.2527], [-3.74728, 37.25271]]]}}, {"type": "Feature", "properties": {"area_ha": 0.022, "dist_km": 2.496, "node": "CAPARACENA 400", "node_mw": 236, "osm_id": 1498266360, "municipio": "Caparacena"}, "geometry": {"type": "Polygon", "coordinates": [[[-3.74882, 37.25454], [-3.74862, 37.25452], [-3.7486, 37.25464], [-3.7488, 37.25465], [-3.74882, 37.25454]]]}}, {"type": "Feature", "properties": {"area_ha": 0.007, "dist_km": 2.269, "node": "CAPARACENA 400", "node_mw": 236, "osm_id": 1498266833, "municipio": "Caparacena"}, "geometry": {"type": "Polygon", "coordinates": [[[-3.74236, 37.2522], [-3.74234, 37.25224], [-3.74239, 37.25226], [-3.74242, 37.25219], [-3.74231, 37.25216], [-3.7423, 37.25216], [-3.74229, 37.25219], [-3.74229, 37.25222], [-3.74231, 37.25223], [-3.74233, 37.25219], [-3.74236, 37.2522]]]}}, {"type": "Feature", "properties": {"area_ha": 0.003, "dist_km": 2.328, "node": "CAPARACENA 400", "node_mw": 236, "osm_id": 1498266899, "municipio": "Caparacena"}, "geometry": {"type": "Polygon", "coordinates": [[[-3.74421, 37.25277], [-3.74414, 37.25275], [-3.74412, 37.25278], [-3.74419, 37.25281], [-3.74421, 37.25277]]]}}, {"type": "Feature", "properties": {"area_ha": 0.0, "dist_km": 2.436, "node": "CAPARACENA 400", "node_mw": 236, "osm_id": 1498267055, "municipio": "Caparacena"}, "geometry": {"type": "Polygon", "coordinates": [[[-3.74472, 37.25189], [-3.74473, 37.2519], [-3.74476, 37.25187], [-3.74475, 37.25187], [-3.74472, 37.25189]]]}}, {"type": "Feature", "properties": {"area_ha": 0.004, "dist_km": 2.049, "node": "CAPARACENA 400", "node_mw": 236, "osm_id": 1498267107, "municipio": "Caparacena"}, "geometry": {"type": "Polygon", "coordinates": [[[-3.74289, 37.25527], [-3.74284, 37.25532], [-3.7429, 37.25535], [-3.74294, 37.2553], [-3.74289, 37.25527]]]}}, {"type": "Feature", "properties": {"area_ha": 0.02, "dist_km": 2.069, "node": "CAPARACENA 400", "node_mw": 236, "osm_id": 1498267108, "municipio": "Caparacena"}, "geometry": {"type": "Polygon", "coordinates": [[[-3.74311, 37.25516], [-3.74309, 37.25517], [-3.74306, 37.25514], [-3.74302, 37.25517], [-3.74304, 37.25519], [-3.74301, 37.25521], [-3.74312, 37.25535], [-3.74321, 37.25531], [-3.74311, 37.25516]]]}}, {"type": "Feature", "properties": {"area_ha": 0.094, "dist_km": 2.1, "node": "CAPARACENA 400", "node_mw": 236, "osm_id": 1498267109, "municipio": "Caparacena"}, "geometry": {"type": "Polygon", "coordinates": [[[-3.74362, 37.25515], [-3.74356, 37.25516], [-3.74355, 37.2551], [-3.74351, 37.25511], [-3.74347, 37.25498], [-3.7432, 37.25502], [-3.74328, 37.25533], [-3.74355, 37.25529], [-3.74353, 37.2552], [-3.74362, 37.25519], [-3.74362, 37.25515]]]}}, {"type": "Feature", "properties": {"area_ha": 0.021, "dist_km": 2.502, "node": "CAPARACENA 400", "node_mw": 236, "osm_id": 1498267289, "municipio": "Caparacena"}, "geometry": {"type": "Polygon", "coordinates": [[[-3.7435, 37.25016], [-3.74337, 37.25025], [-3.74345, 37.25034], [-3.7436, 37.25027], [-3.7435, 37.25016]]]}}, {"type": "Feature", "properties": {"area_ha": 0.013, "dist_km": 2.673, "node": "CAPARACENA 400", "node_mw": 236, "osm_id": 1498267329, "municipio": "Caparacena"}, "geometry": {"type": "Polygon", "coordinates": [[[-3.74334, 37.24822], [-3.74334, 37.24822], [-3.74327, 37.2483], [-3.74337, 37.24836], [-3.74345, 37.24827], [-3.74334, 37.24822]]]}}, {"type": "Feature", "properties": {"area_ha": 0.071, "dist_km": 2.701, "node": "CAPARACENA 400", "node_mw": 236, "osm_id": 1498267336, "municipio": "Caparacena"}, "geometry": {"type": "Polygon", "coordinates": [[[-3.74279, 37.24806], [-3.74291, 37.24813], [-3.7433, 37.24773], [-3.74324, 37.24769], [-3.74319, 37.24766], [-3.74315, 37.2477], [-3.74279, 37.24806]]]}}, {"type": "Feature", "properties": {"area_ha": 0.006, "dist_km": 2.786, "node": "CAPARACENA 400", "node_mw": 236, "osm_id": 1498267412, "municipio": "Caparacena"}, "geometry": {"type": "Polygon", "coordinates": [[[-3.74471, 37.24782], [-3.74472, 37.24776], [-3.74469, 37.24775], [-3.74463, 37.24774], [-3.74461, 37.2478], [-3.74471, 37.24782]]]}}, {"type": "Feature", "properties": {"area_ha": 0.014, "dist_km": 2.708, "node": "CAPARACENA 400", "node_mw": 236, "osm_id": 1498267431, "municipio": "Caparacena"}, "geometry": {"type": "Polygon", "coordinates": [[[-3.74396, 37.24825], [-3.74408, 37.24835], [-3.74416, 37.24831], [-3.74403, 37.2482], [-3.74396, 37.24825]]]}}, {"type": "Feature", "properties": {"area_ha": 0.014, "dist_km": 2.711, "node": "CAPARACENA 400", "node_mw": 236, "osm_id": 1498267432, "municipio": "Caparacena"}, "geometry": {"type": "Polygon", "coordinates": [[[-3.74403, 37.2482], [-3.7439, 37.24809], [-3.74383, 37.24815], [-3.74396, 37.24825], [-3.74403, 37.2482]]]}}, {"type": "Feature", "properties": {"area_ha": 0.035, "dist_km": 2.795, "node": "CAPARACENA 400", "node_mw": 236, "osm_id": 1498267508, "municipio": "Caparacena"}, "geometry": {"type": "Polygon", "coordinates": [[[-3.74495, 37.24767], [-3.74483, 37.24792], [-3.74487, 37.24792], [-3.74497, 37.24793], [-3.74509, 37.2477], [-3.74495, 37.24767]]]}}, {"type": "Feature", "properties": {"area_ha": 0.044, "dist_km": 2.66, "node": "CAPARACENA 400", "node_mw": 236, "osm_id": 1498267521, "municipio": "Caparacena"}, "geometry": {"type": "Polygon", "coordinates": [[[-3.74717, 37.25092], [-3.74707, 37.2511], [-3.74729, 37.25117], [-3.74737, 37.251], [-3.74736, 37.25099], [-3.74733, 37.25098], [-3.74722, 37.25094], [-3.74717, 37.25092]]]}}, {"type": "Feature", "properties": {"area_ha": 0.019, "dist_km": 2.812, "node": "CAPARACENA 400", "node_mw": 236, "osm_id": 1498267528, "municipio": "Caparacena"}, "geometry": {"type": "Polygon", "coordinates": [[[-3.74677, 37.24893], [-3.74682, 37.24899], [-3.7469, 37.24895], [-3.74688, 37.24892], [-3.74702, 37.24885], [-3.74699, 37.2488], [-3.74698, 37.2488], [-3.74694, 37.24882], [-3.74692, 37.24883], [-3.74691, 37.24884], [-3.74683, 37.24887], [-3.74676, 37.24891], [-3.74677, 37.24893]]]}}, {"type": "Feature", "properties": {"area_ha": 0.005, "dist_km": 2.83, "node": "CAPARACENA 400", "node_mw": 236, "osm_id": 1498267529, "municipio": "Caparacena"}, "geometry": {"type": "Polygon", "coordinates": [[[-3.74718, 37.24882], [-3.74716, 37.24877], [-3.74707, 37.24882], [-3.74709, 37.24886], [-3.74718, 37.24882]]]}}, {"type": "Feature", "properties": {"area_ha": 0.021, "dist_km": 2.735, "node": "CAPARACENA 400", "node_mw": 236, "osm_id": 1498267553, "municipio": "Caparacena"}, "geometry": {"type": "Polygon", "coordinates": [[[-3.74703, 37.24994], [-3.7471, 37.25008], [-3.74724, 37.25006], [-3.74719, 37.24992], [-3.74717, 37.24992], [-3.74703, 37.24994]]]}}, {"type": "Feature", "properties": {"area_ha": 0.02, "dist_km": 2.481, "node": "CAPARACENA 400", "node_mw": 236, "osm_id": 1498267572, "municipio": "Caparacena"}, "geometry": {"type": "Polygon", "coordinates": [[[-3.74327, 37.25025], [-3.74308, 37.25034], [-3.74315, 37.25041], [-3.74334, 37.25033], [-3.74327, 37.25025]]]}}, {"type": "Feature", "properties": {"area_ha": 0.019, "dist_km": 2.727, "node": "CAPARACENA 400", "node_mw": 236, "osm_id": 1498268048, "municipio": "Caparacena"}, "geometry": {"type": "Polygon", "coordinates": [[[-3.74797, 37.2507], [-3.74797, 37.25064], [-3.74796, 37.2506], [-3.74787, 37.2506], [-3.74788, 37.25081], [-3.74797, 37.2508], [-3.74797, 37.2507]]]}}, {"type": "Feature", "properties": {"area_ha": 0.018, "dist_km": 2.818, "node": "CAPARACENA 400", "node_mw": 236, "osm_id": 1498268224, "municipio": "Caparacena"}, "geometry": {"type": "Polygon", "coordinates": [[[-3.75053, 37.25169], [-3.75053, 37.25169], [-3.75052, 37.25162], [-3.75052, 37.2516], [-3.75049, 37.2516], [-3.75046, 37.2516], [-3.75043, 37.25161], [-3.75043, 37.25164], [-3.75047, 37.25164], [-3.75047, 37.25167], [-3.75048, 37.2517], [-3.75036, 37.25173], [-3.75034, 37.25169], [-3.7503, 37.2517], [-3.75032, 37.25178], [-3.75054, 37.25173], [-3.75053, 37.25169]]]}}, {"type": "Feature", "properties": {"area_ha": 0.03, "dist_km": 2.922, "node": "CAPARACENA 400", "node_mw": 236, "osm_id": 1498268260, "municipio": "Caparacena"}, "geometry": {"type": "Polygon", "coordinates": [[[-3.75047, 37.25037], [-3.75051, 37.25014], [-3.7504, 37.25008], [-3.75038, 37.25018], [-3.75035, 37.25036], [-3.75047, 37.25037]]]}}, {"type": "Feature", "properties": {"area_ha": 0.029, "dist_km": 2.955, "node": "CAPARACENA 400", "node_mw": 236, "osm_id": 1498268877, "municipio": "Caparacena"}, "geometry": {"type": "Polygon", "coordinates": [[[-3.75126, 37.25069], [-3.7515, 37.25072], [-3.75151, 37.25064], [-3.75128, 37.25053], [-3.75127, 37.25058], [-3.75126, 37.25069]]]}}, {"type": "Feature", "properties": {"area_ha": 0.006, "dist_km": 2.985, "node": "CAPARACENA 400", "node_mw": 236, "osm_id": 1498268983, "municipio": "Caparacena"}, "geometry": {"type": "Polygon", "coordinates": [[[-3.75155, 37.25047], [-3.75157, 37.25049], [-3.75172, 37.25042], [-3.75169, 37.25038], [-3.75158, 37.25046], [-3.75155, 37.25047]]]}}, {"type": "Feature", "properties": {"area_ha": 0.014, "dist_km": 3.003, "node": "CAPARACENA 400", "node_mw": 236, "osm_id": 1498269023, "municipio": "Caparacena"}, "geometry": {"type": "Polygon", "coordinates": [[[-3.7522, 37.25061], [-3.75214, 37.25063], [-3.75219, 37.25072], [-3.75208, 37.25076], [-3.75211, 37.2508], [-3.75227, 37.25074], [-3.7522, 37.25061]]]}}, {"type": "Feature", "properties": {"area_ha": 0.01, "dist_km": 2.722, "node": "CAPARACENA 400", "node_mw": 236, "osm_id": 1498269969, "municipio": "Caparacena"}, "geometry": {"type": "Polygon", "coordinates": [[[-3.74201, 37.24699], [-3.74193, 37.24693], [-3.74187, 37.24697], [-3.74188, 37.24703], [-3.74192, 37.24706], [-3.74192, 37.24706], [-3.74201, 37.24699]]]}}, {"type": "Feature", "properties": {"area_ha": 0.098, "dist_km": 2.756, "node": "CAPARACENA 400", "node_mw": 236, "osm_id": 1498269977, "municipio": "Caparacena"}, "geometry": {"type": "Polygon", "coordinates": [[[-3.74229, 37.24684], [-3.74198, 37.24657], [-3.74197, 37.24658], [-3.74175, 37.24641], [-3.74169, 37.24646], [-3.74184, 37.24667], [-3.74216, 37.24694], [-3.74221, 37.2469], [-3.74226, 37.24687], [-3.74229, 37.24684]]]}}, {"type": "Feature", "properties": {"area_ha": 0.054, "dist_km": 2.698, "node": "CAPARACENA 400", "node_mw": 236, "osm_id": 1498269980, "municipio": "Caparacena"}, "geometry": {"type": "Polygon", "coordinates": [[[-3.74273, 37.24797], [-3.74279, 37.24806], [-3.74315, 37.2477], [-3.74319, 37.24766], [-3.74309, 37.24761], [-3.74273, 37.24797]]]}}, {"type": "Feature", "properties": {"area_ha": 0.056, "dist_km": 2.697, "node": "CAPARACENA 400", "node_mw": 236, "osm_id": 1498269981, "municipio": "Caparacena"}, "geometry": {"type": "Polygon", "coordinates": [[[-3.74267, 37.24786], [-3.74273, 37.24797], [-3.74309, 37.24761], [-3.74299, 37.24755], [-3.74267, 37.24786]]]}}, {"type": "Feature", "properties": {"area_ha": 0.074, "dist_km": 2.69, "node": "CAPARACENA 400", "node_mw": 236, "osm_id": 1498269982, "municipio": "Caparacena"}, "geometry": {"type": "Polygon", "coordinates": [[[-3.74257, 37.24772], [-3.74257, 37.24773], [-3.74259, 37.24775], [-3.74262, 37.24772], [-3.74264, 37.24773], [-3.74262, 37.24775], [-3.74264, 37.24777], [-3.74266, 37.24774], [-3.7427, 37.24777], [-3.74264, 37.24782], [-3.74267, 37.24786], [-3.74299, 37.24755], [-3.74279, 37.24745], [-3.74257, 37.24768], [-3.7426, 37.2477], [-3.7426, 37.2477], [-3.74257, 37.24772]]]}}, {"type": "Feature", "properties": {"area_ha": 1.769, "dist_km": 2.917, "node": "PEÑARRUBIA 400", "node_mw": 224, "osm_id": 80601136, "municipio": "Peñarrubia"}, "geometry": {"type": "Polygon", "coordinates": [[[-1.35254, 38.5001], [-1.35173, 38.49895], [-1.35049, 38.49944], [-1.35129, 38.50059], [-1.35254, 38.5001]]]}}, {"type": "Feature", "properties": {"area_ha": 6.015, "dist_km": 0.41, "node": "PEÑARRUBIA 400", "node_mw": 224, "osm_id": 145173226, "municipio": "Peñarrubia"}, "geometry": {"type": "Polygon", "coordinates": [[[-1.34049, 38.52334], [-1.3363, 38.52253], [-1.33507, 38.52163], [-1.33526, 38.52092], [-1.33835, 38.52143], [-1.33988, 38.52253], [-1.3405, 38.52321], [-1.34049, 38.52334]]]}}, {"type": "Feature", "properties": {"area_ha": 8.269, "dist_km": 0.762, "node": "VELLE 220", "node_mw": 219, "osm_id": 176486421, "municipio": "Velle"}, "geometry": {"type": "Polygon", "coordinates": [[[-7.85976, 42.36011], [-7.85983, 42.35929], [-7.85994, 42.35861], [-7.85986, 42.35853], [-7.85947, 42.35834], [-7.85938, 42.35827], [-7.85963, 42.35769], [-7.8596, 42.35752], [-7.85936, 42.35727], [-7.85663, 42.35867], [-7.85621, 42.35898], [-7.85609, 42.35906], [-7.85582, 42.3593], [-7.85533, 42.35981], [-7.85583, 42.36033], [-7.85578, 42.36037], [-7.8554, 42.3605], [-7.85554, 42.36062], [-7.85616, 42.36083], [-7.85673, 42.36102], [-7.8568, 42.36098], [-7.85663, 42.36073], [-7.85719, 42.36041], [-7.85825, 42.35991], [-7.85836, 42.35988], [-7.85851, 42.35983], [-7.85877, 42.36023], [-7.85894, 42.36018], [-7.85902, 42.36031], [-7.85976, 42.36011]]]}}, {"type": "Feature", "properties": {"area_ha": 1.746, "dist_km": 0.43, "node": "VELLE 220", "node_mw": 219, "osm_id": 176488197, "municipio": "Velle"}, "geometry": {"type": "Polygon", "coordinates": [[[-7.84612, 42.35538], [-7.84558, 42.35556], [-7.84543, 42.35547], [-7.8449, 42.35537], [-7.84484, 42.35542], [-7.84428, 42.35543], [-7.84427, 42.35484], [-7.84439, 42.35446], [-7.84454, 42.35439], [-7.845, 42.35437], [-7.84542, 42.3544], [-7.84571, 42.35449], [-7.84574, 42.35462], [-7.84597, 42.35467], [-7.84633, 42.35479], [-7.84637, 42.35511], [-7.84612, 42.35538]]]}}, {"type": "Feature", "properties": {"area_ha": 0.066, "dist_km": 2.288, "node": "VELLE 220", "node_mw": 219, "osm_id": 187194156, "municipio": "Velle"}, "geometry": {"type": "Polygon", "coordinates": [[[-7.87589, 42.35292], [-7.87598, 42.35285], [-7.87595, 42.35283], [-7.87596, 42.35282], [-7.87587, 42.35276], [-7.87586, 42.35277], [-7.87574, 42.35269], [-7.87575, 42.35268], [-7.87547, 42.35249], [-7.87538, 42.35257], [-7.87589, 42.35292]]]}}, {"type": "Feature", "properties": {"area_ha": 0.046, "dist_km": 2.328, "node": "VELLE 220", "node_mw": 219, "osm_id": 187194656, "municipio": "Velle"}, "geometry": {"type": "Polygon", "coordinates": [[[-7.8757, 42.35126], [-7.87563, 42.35118], [-7.87554, 42.3511], [-7.87545, 42.35102], [-7.87557, 42.35094], [-7.87566, 42.35102], [-7.87577, 42.35112], [-7.87584, 42.35119], [-7.8757, 42.35126]]]}}, {"type": "Feature", "properties": {"area_ha": 0.018, "dist_km": 0.989, "node": "VELLE 220", "node_mw": 219, "osm_id": 187197022, "municipio": "Velle"}, "geometry": {"type": "Polygon", "coordinates": [[[-7.85469, 42.35011], [-7.85456, 42.3501], [-7.85458, 42.34994], [-7.85472, 42.34995], [-7.85469, 42.35011]]]}}, {"type": "Feature", "properties": {"area_ha": 0.344, "dist_km": 0.977, "node": "VELLE 220", "node_mw": 219, "osm_id": 187286959, "municipio": "Velle"}, "geometry": {"type": "Polygon", "coordinates": [[[-7.86005, 42.3615], [-7.85992, 42.36139], [-7.85974, 42.36126], [-7.85955, 42.3611], [-7.85952, 42.361], [-7.85962, 42.3609], [-7.85976, 42.36073], [-7.8598, 42.36072], [-7.86048, 42.36117], [-7.86005, 42.3615]]]}}, {"type": "Feature", "properties": {"area_ha": 0.406, "dist_km": 0.546, "node": "VELLE 220", "node_mw": 219, "osm_id": 187286963, "municipio": "Velle"}, "geometry": {"type": "Polygon", "coordinates": [[[-7.85458, 42.36038], [-7.85456, 42.3604], [-7.85459, 42.36041], [-7.85455, 42.36047], [-7.85453, 42.36045], [-7.8545, 42.36049], [-7.85418, 42.36035], [-7.8542, 42.36031], [-7.85426, 42.36024], [-7.85429, 42.3602], [-7.85438, 42.36012], [-7.85456, 42.35992], [-7.8546, 42.3599], [-7.85486, 42.35967], [-7.85529, 42.35961], [-7.85513, 42.35985], [-7.85504, 42.36001], [-7.8548, 42.36048], [-7.85458, 42.36038]]]}}, {"type": "Feature", "properties": {"area_ha": 7.571, "dist_km": 2.313, "node": "VELLE 220", "node_mw": 219, "osm_id": 187286977, "municipio": "Velle"}, "geometry": {"type": "Polygon", "coordinates": [[[-7.83856, 42.3785], [-7.83878, 42.3785], [-7.83998, 42.3776], [-7.83986, 42.37726], [-7.84007, 42.37662], [-7.83972, 42.37662], [-7.83955, 42.3771], [-7.83934, 42.37719], [-7.83902, 42.37704], [-7.839, 42.37653], [-7.83908, 42.37632], [-7.83879, 42.37584], [-7.83867, 42.37567], [-7.83873, 42.37551], [-7.83807, 42.37496], [-7.83757, 42.37497], [-7.83759, 42.37554], [-7.83726, 42.37552], [-7.83699, 42.37555], [-7.83734, 42.37608], [-7.83715, 42.37643], [-7.8373, 42.37651], [-7.83724, 42.37662], [-7.83696, 42.37671], [-7.83678, 42.37664], [-7.8365, 42.37657], [-7.83648, 42.37636], [-7.83629, 42.37635], [-7.83552, 42.37645], [-7.83458, 42.37652], [-7.83442, 42.37658], [-7.83421, 42.37677], [-7.8341, 42.37716], [-7.83397, 42.37741], [-7.83504, 42.37766], [-7.83551, 42.37777], [-7.83559, 42.3775], [-7.83571, 42.37735], [-7.83597, 42.37698], [-7.83607, 42.37693], [-7.83713, 42.37727], [-7.8371, 42.37733], [-7.83737, 42.37741], [-7.83765, 42.37769], [-7.83808, 42.37768], [-7.83842, 42.37831], [-7.83856, 42.3785]]]}}, {"type": "Feature", "properties": {"area_ha": 0.221, "dist_km": 1.909, "node": "VELLE 220", "node_mw": 219, "osm_id": 187486513, "municipio": "Velle"}, "geometry": {"type": "Polygon", "coordinates": [[[-7.87085, 42.35198], [-7.87093, 42.35193], [-7.87101, 42.35172], [-7.87077, 42.35167], [-7.87, 42.35149], [-7.86998, 42.35151], [-7.8701, 42.35174], [-7.87085, 42.35198]]]}}, {"type": "Feature", "properties": {"area_ha": 0.236, "dist_km": 0.086, "node": "VELLE 220", "node_mw": 219, "osm_id": 187712129, "municipio": "Velle"}, "geometry": {"type": "Polygon", "coordinates": [[[-7.85021, 42.35768], [-7.84958, 42.35757], [-7.8493, 42.35753], [-7.84938, 42.35725], [-7.85029, 42.35741], [-7.85021, 42.35768]]]}}, {"type": "Feature", "properties": {"area_ha": 0.105, "dist_km": 2.361, "node": "VELLE 220", "node_mw": 219, "osm_id": 188247928, "municipio": "Velle"}, "geometry": {"type": "Polygon", "coordinates": [[[-7.85848, 42.338], [-7.85842, 42.33795], [-7.85839, 42.33796], [-7.85833, 42.33792], [-7.85836, 42.3379], [-7.85818, 42.33776], [-7.85842, 42.33759], [-7.85854, 42.33768], [-7.85858, 42.33765], [-7.85868, 42.33773], [-7.85863, 42.33776], [-7.8587, 42.33781], [-7.85865, 42.33784], [-7.85867, 42.33786], [-7.85848, 42.338]]]}}, {"type": "Feature", "properties": {"area_ha": 0.13, "dist_km": 2.318, "node": "VELLE 220", "node_mw": 219, "osm_id": 188247937, "municipio": "Velle"}, "geometry": {"type": "Polygon", "coordinates": [[[-7.85816, 42.3382], [-7.85791, 42.33822], [-7.85784, 42.33817], [-7.8578, 42.33813], [-7.85774, 42.33808], [-7.85812, 42.33783], [-7.85839, 42.33804], [-7.85816, 42.3382]]]}}, {"type": "Feature", "properties": {"area_ha": 0.009, "dist_km": 0.143, "node": "PEÑARRUBIA 400", "node_mw": 224, "osm_id": 229184276, "municipio": "Peñarrubia"}, "geometry": {"type": "Polygon", "coordinates": [[[-1.33311, 38.52315], [-1.33316, 38.52308], [-1.33318, 38.52304], [-1.3332, 38.52301], [-1.33326, 38.52304], [-1.33316, 38.52317], [-1.33311, 38.52315]]]}}, {"type": "Feature", "properties": {"area_ha": 12.169, "dist_km": 2.21, "node": "PEÑARRUBIA 400", "node_mw": 224, "osm_id": 230118145, "municipio": "Peñarrubia"}, "geometry": {"type": "Polygon", "coordinates": [[[-1.31855, 38.50781], [-1.3184, 38.50775], [-1.3181, 38.50761], [-1.31778, 38.50796], [-1.317, 38.50767], [-1.3175, 38.50656], [-1.31642, 38.50613], [-1.31606, 38.50591], [-1.3156, 38.50558], [-1.31563, 38.50553], [-1.31634, 38.50437], [-1.31673, 38.50366], [-1.31727, 38.50383], [-1.3178, 38.5029], [-1.31818, 38.50223], [-1.31909, 38.50272], [-1.3182, 38.50452], [-1.31988, 38.5051], [-1.3191, 38.50704], [-1.32033, 38.50731], [-1.32024, 38.5076], [-1.31944, 38.50763], [-1.3191, 38.50768], [-1.31871, 38.50779], [-1.31855, 38.50781]]]}}, {"type": "Feature", "properties": {"area_ha": 18.416, "dist_km": 2.353, "node": "PEÑARRUBIA 400", "node_mw": 224, "osm_id": 230118147, "municipio": "Peñarrubia"}, "geometry": {"type": "Polygon", "coordinates": [[[-1.32081, 38.5], [-1.32165, 38.50026], [-1.32347, 38.49991], [-1.32342, 38.50052], [-1.32274, 38.50032], [-1.32226, 38.50116], [-1.32643, 38.50263], [-1.32611, 38.50314], [-1.32654, 38.50343], [-1.326, 38.50419], [-1.32557, 38.50474], [-1.32529, 38.50499], [-1.32136, 38.5035], [-1.3211, 38.50393], [-1.31921, 38.50332], [-1.32, 38.5018], [-1.32037, 38.50164], [-1.32026, 38.50119], [-1.32081, 38.5]]]}}, {"type": "Feature", "properties": {"area_ha": 0.069, "dist_km": 2.468, "node": "VELLE 220", "node_mw": 219, "osm_id": 547460543, "municipio": "Velle"}, "geometry": {"type": "Polygon", "coordinates": [[[-7.87301, 42.34468], [-7.87313, 42.3446], [-7.87264, 42.34426], [-7.87254, 42.34434], [-7.87291, 42.34461], [-7.87301, 42.34468]]]}}, {"type": "Feature", "properties": {"area_ha": 0.024, "dist_km": 1.269, "node": "VELLE 220", "node_mw": 219, "osm_id": 555780985, "municipio": "Velle"}, "geometry": {"type": "Polygon", "coordinates": [[[-7.86364, 42.35471], [-7.86354, 42.35469], [-7.86357, 42.35458], [-7.86362, 42.35444], [-7.86372, 42.35446], [-7.86364, 42.35471]]]}}, {"type": "Feature", "properties": {"area_ha": 0.526, "dist_km": 1.239, "node": "VELLE 220", "node_mw": 219, "osm_id": 623584740, "municipio": "Velle"}, "geometry": {"type": "Polygon", "coordinates": [[[-7.8642, 42.35699], [-7.86419, 42.35695], [-7.86416, 42.35696], [-7.86416, 42.35695], [-7.86403, 42.35696], [-7.86402, 42.35693], [-7.86406, 42.35693], [-7.86405, 42.35689], [-7.86401, 42.35689], [-7.86397, 42.35663], [-7.86417, 42.35662], [-7.86415, 42.35644], [-7.86392, 42.35645], [-7.8639, 42.35636], [-7.86414, 42.35633], [-7.86413, 42.35622], [-7.86382, 42.35626], [-7.86379, 42.35617], [-7.8632, 42.35623], [-7.86338, 42.35709], [-7.86351, 42.35707], [-7.8635, 42.35703], [-7.86353, 42.35703], [-7.8635, 42.35691], [-7.86347, 42.35691], [-7.86341, 42.35661], [-7.86351, 42.3566], [-7.86352, 42.35667], [-7.86358, 42.35667], [-7.86363, 42.35693], [-7.86371, 42.35692], [-7.86373, 42.35705], [-7.8642, 42.35699]]]}}, {"type": "Feature", "properties": {"area_ha": 2.946, "dist_km": 2.813, "node": "PEÑARRUBIA 400", "node_mw": 224, "osm_id": 687980814, "municipio": "Peñarrubia"}, "geometry": {"type": "Polygon", "coordinates": [[[-1.3099, 38.50589], [-1.31095, 38.5052], [-1.30911, 38.5035], [-1.30805, 38.50413], [-1.3099, 38.50589]]]}}, {"type": "Feature", "properties": {"area_ha": 0.563, "dist_km": 1.939, "node": "PEÑARRUBIA 400", "node_mw": 224, "osm_id": 687980815, "municipio": "Peñarrubia"}, "geometry": {"type": "Polygon", "coordinates": [[[-1.3203, 38.50825], [-1.31989, 38.50838], [-1.3198, 38.5081], [-1.31957, 38.50816], [-1.31862, 38.5084], [-1.31851, 38.50822], [-1.31873, 38.50811], [-1.31876, 38.50807], [-1.31926, 38.50791], [-1.31947, 38.50783], [-1.31979, 38.50782], [-1.31985, 38.50785], [-1.32012, 38.50789], [-1.32027, 38.50801], [-1.32031, 38.50817], [-1.3203, 38.50825]]]}}, {"type": "Feature", "properties": {"area_ha": 0.497, "dist_km": 1.942, "node": "PEÑARRUBIA 400", "node_mw": 224, "osm_id": 687980816, "municipio": "Peñarrubia"}, "geometry": {"type": "Polygon", "coordinates": [[[-1.31851, 38.50822], [-1.31862, 38.5084], [-1.31957, 38.50816], [-1.31976, 38.50858], [-1.31924, 38.5087], [-1.31911, 38.50856], [-1.31901, 38.50845], [-1.3188, 38.50849], [-1.31814, 38.50873], [-1.31796, 38.50847], [-1.31851, 38.50822]]]}}, {"type": "Feature", "properties": {"area_ha": 0.182, "dist_km": 0.995, "node": "VELLE 220", "node_mw": 219, "osm_id": 746462654, "municipio": "Velle"}, "geometry": {"type": "Polygon", "coordinates": [[[-7.86004, 42.36161], [-7.85998, 42.3615], [-7.85988, 42.36142], [-7.85917, 42.36183], [-7.85952, 42.36196], [-7.86004, 42.36161]]]}}, {"type": "Feature", "properties": {"area_ha": 0.034, "dist_km": 2.257, "node": "VELLE 220", "node_mw": 219, "osm_id": 1367393015, "municipio": "Velle"}, "geometry": {"type": "Polygon", "coordinates": [[[-7.87538, 42.35257], [-7.87512, 42.35239], [-7.87522, 42.35232], [-7.87547, 42.35249], [-7.87538, 42.35257]]]}}, {"type": "Feature", "properties": {"area_ha": 0.061, "dist_km": 2.233, "node": "VELLE 220", "node_mw": 219, "osm_id": 1367393016, "municipio": "Velle"}, "geometry": {"type": "Polygon", "coordinates": [[[-7.87462, 42.35206], [-7.87473, 42.35197], [-7.87514, 42.35224], [-7.87503, 42.35233], [-7.87462, 42.35206]]]}}, {"type": "Feature", "properties": {"area_ha": 0.045, "dist_km": 2.315, "node": "VELLE 220", "node_mw": 219, "osm_id": 1367406239, "municipio": "Velle"}, "geometry": {"type": "Polygon", "coordinates": [[[-7.87557, 42.35094], [-7.87545, 42.35102], [-7.87536, 42.35096], [-7.87526, 42.35089], [-7.87516, 42.35083], [-7.87527, 42.35074], [-7.87537, 42.3508], [-7.87548, 42.35087], [-7.87557, 42.35094]]]}}, {"type": "Feature", "properties": {"area_ha": 0.726, "dist_km": 1.307, "node": "VELLE 220", "node_mw": 219, "osm_id": 1464134064, "municipio": "Velle"}, "geometry": {"type": "Polygon", "coordinates": [[[-7.865, 42.36067], [-7.86482, 42.3599], [-7.86416, 42.35986], [-7.86397, 42.3601], [-7.86394, 42.36031], [-7.86419, 42.36086], [-7.865, 42.36067]]]}}, {"type": "Feature", "properties": {"area_ha": 0.021, "dist_km": 2.728, "node": "SAN MIGUEL DE SALINAS 220", "node_mw": 209, "osm_id": 217628541, "municipio": "San Miguel De Salinas"}, "geometry": {"type": "Polygon", "coordinates": [[[-0.75848, 38.02426], [-0.75854, 38.02408], [-0.75843, 38.02406], [-0.75837, 38.02424], [-0.75848, 38.02426]]]}}, {"type": "Feature", "properties": {"area_ha": 0.129, "dist_km": 1.62, "node": "SAN MIGUEL DE SALINAS 220", "node_mw": 209, "osm_id": 217629350, "municipio": "San Miguel De Salinas"}, "geometry": {"type": "Polygon", "coordinates": [[[-0.76651, 38.01471], [-0.76723, 38.0148], [-0.76719, 38.01498], [-0.76647, 38.01488], [-0.76651, 38.01471]]]}}, {"type": "Feature", "properties": {"area_ha": 0.177, "dist_km": 1.585, "node": "SAN MIGUEL DE SALINAS 220", "node_mw": 209, "osm_id": 217629352, "municipio": "San Miguel De Salinas"}, "geometry": {"type": "Polygon", "coordinates": [[[-0.76726, 38.01467], [-0.76698, 38.01463], [-0.76699, 38.01459], [-0.76654, 38.01453], [-0.76659, 38.0143], [-0.76731, 38.0144], [-0.76726, 38.01467]]]}}, {"type": "Feature", "properties": {"area_ha": 5.503, "dist_km": 1.545, "node": "SAN MIGUEL DE SALINAS 220", "node_mw": 209, "osm_id": 217629355, "municipio": "San Miguel De Salinas"}, "geometry": {"type": "Polygon", "coordinates": [[[-0.76767, 38.01453], [-0.7679, 38.01457], [-0.76828, 38.01396], [-0.76924, 38.01434], [-0.76965, 38.01365], [-0.77011, 38.0138], [-0.76997, 38.01436], [-0.77108, 38.01456], [-0.77123, 38.0142], [-0.77192, 38.01432], [-0.77205, 38.01387], [-0.77142, 38.01374], [-0.77137, 38.01366], [-0.77157, 38.01284], [-0.77056, 38.01272], [-0.77039, 38.01294], [-0.77019, 38.01293], [-0.76806, 38.01243], [-0.76767, 38.01453]]]}}, {"type": "Feature", "properties": {"area_ha": 0.175, "dist_km": 0.748, "node": "SAN MIGUEL DE SALINAS 220", "node_mw": 209, "osm_id": 239489707, "municipio": "San Miguel De Salinas"}, "geometry": {"type": "Polygon", "coordinates": [[[-0.76385, 38.00683], [-0.76388, 38.00702], [-0.76367, 38.00704], [-0.76366, 38.007], [-0.76333, 38.00703], [-0.7633, 38.00684], [-0.76353, 38.00661], [-0.76356, 38.00661], [-0.76357, 38.00666], [-0.76378, 38.00664], [-0.76381, 38.00684], [-0.76385, 38.00683]]]}}, {"type": "Feature", "properties": {"area_ha": 0.022, "dist_km": 2.009, "node": "SAN MIGUEL DE SALINAS 220", "node_mw": 209, "osm_id": 330970368, "municipio": "San Miguel De Salinas"}, "geometry": {"type": "Polygon", "coordinates": [[[-0.75672, 37.98377], [-0.7565, 37.98374], [-0.75652, 37.98364], [-0.75674, 37.98367], [-0.75672, 37.98377]]]}}, {"type": "Feature", "properties": {"area_ha": 2.162, "dist_km": 2.078, "node": "SAN MIGUEL DE SALINAS 220", "node_mw": 209, "osm_id": 331962226, "municipio": "San Miguel De Salinas"}, "geometry": {"type": "Polygon", "coordinates": [[[-0.7571, 37.98414], [-0.75634, 37.98403], [-0.75501, 37.98382], [-0.75482, 37.9838], [-0.75462, 37.98377], [-0.7543, 37.98336], [-0.75439, 37.98329], [-0.75526, 37.98268], [-0.7554, 37.98262], [-0.75598, 37.9833], [-0.75648, 37.98306], [-0.75666, 37.98314], [-0.7571, 37.98414]]]}}, {"type": "Feature", "properties": {"area_ha": 0.024, "dist_km": 1.121, "node": "SAN MIGUEL DE SALINAS 220", "node_mw": 209, "osm_id": 332231535, "municipio": "San Miguel De Salinas"}, "geometry": {"type": "Polygon", "coordinates": [[[-0.76245, 37.99053], [-0.76231, 37.99055], [-0.7622, 37.99057], [-0.76217, 37.99058], [-0.76219, 37.99066], [-0.76247, 37.99061], [-0.76245, 37.99053]]]}}, {"type": "Feature", "properties": {"area_ha": 0.056, "dist_km": 1.986, "node": "SAN MIGUEL DE SALINAS 220", "node_mw": 209, "osm_id": 332231538, "municipio": "San Miguel De Salinas"}, "geometry": {"type": "Polygon", "coordinates": [[[-0.75188, 37.98615], [-0.75183, 37.98611], [-0.75167, 37.98625], [-0.75158, 37.98618], [-0.75144, 37.9863], [-0.75165, 37.98645], [-0.75179, 37.98633], [-0.75172, 37.98628], [-0.75188, 37.98615]]]}}, {"type": "Feature", "properties": {"area_ha": 0.015, "dist_km": 2.033, "node": "SAN MIGUEL DE SALINAS 220", "node_mw": 209, "osm_id": 332231539, "municipio": "San Miguel De Salinas"}, "geometry": {"type": "Polygon", "coordinates": [[[-0.75449, 37.98439], [-0.75442, 37.98437], [-0.75449, 37.98419], [-0.75457, 37.98422], [-0.75449, 37.98439]]]}}, {"type": "Feature", "properties": {"area_ha": 1.373, "dist_km": 1.32, "node": "SAN MIGUEL DE SALINAS 220", "node_mw": 209, "osm_id": 333461070, "municipio": "San Miguel De Salinas"}, "geometry": {"type": "Polygon", "coordinates": [[[-0.7773, 37.99362], [-0.77707, 37.99334], [-0.77773, 37.99214], [-0.77783, 37.99228], [-0.77827, 37.99285], [-0.77843, 37.99309], [-0.77781, 37.99417], [-0.77768, 37.99405], [-0.7773, 37.99362]]]}}, {"type": "Feature", "properties": {"area_ha": 0.301, "dist_km": 1.322, "node": "SAN MIGUEL DE SALINAS 220", "node_mw": 209, "osm_id": 333461071, "municipio": "San Miguel De Salinas"}, "geometry": {"type": "Polygon", "coordinates": [[[-0.77764, 37.99373], [-0.77753, 37.99368], [-0.77788, 37.99309], [-0.77772, 37.99303], [-0.77781, 37.99288], [-0.77797, 37.99294], [-0.77799, 37.9929], [-0.77832, 37.99302], [-0.77792, 37.99368], [-0.77772, 37.99361], [-0.77764, 37.99373]]]}}, {"type": "Feature", "properties": {"area_ha": 0.286, "dist_km": 2.957, "node": "SAN MIGUEL DE SALINAS 220", "node_mw": 209, "osm_id": 333466686, "municipio": "San Miguel De Salinas"}, "geometry": {"type": "Polygon", "coordinates": [[[-0.7692, 38.02686], [-0.76844, 38.02706], [-0.76829, 38.02672], [-0.76906, 38.02651], [-0.7692, 38.02686]]]}}, {"type": "Feature", "properties": {"area_ha": 0.055, "dist_km": 1.536, "node": "SAN MIGUEL DE SALINAS 220", "node_mw": 209, "osm_id": 350276059, "municipio": "San Miguel De Salinas"}, "geometry": {"type": "Polygon", "coordinates": [[[-0.77024, 37.98712], [-0.77009, 37.98691], [-0.77029, 37.98683], [-0.77046, 37.98701], [-0.77024, 37.98712]]]}}, {"type": "Feature", "properties": {"area_ha": 0.645, "dist_km": 1.563, "node": "SAN MIGUEL DE SALINAS 220", "node_mw": 209, "osm_id": 350276063, "municipio": "San Miguel De Salinas"}, "geometry": {"type": "Polygon", "coordinates": [[[-0.76988, 37.98666], [-0.77046, 37.98636], [-0.77048, 37.98636], [-0.77112, 37.98701], [-0.77047, 37.98741], [-0.76988, 37.98666]]]}}, {"type": "Feature", "properties": {"area_ha": 0.014, "dist_km": 1.813, "node": "SAN MIGUEL DE SALINAS 220", "node_mw": 209, "osm_id": 350277482, "municipio": "San Miguel De Salinas"}, "geometry": {"type": "Polygon", "coordinates": [[[-0.78589, 38.00423], [-0.78569, 38.00428], [-0.78567, 38.00421], [-0.78587, 38.00417], [-0.78589, 38.00423]]]}}, {"type": "Feature", "properties": {"area_ha": 5.789, "dist_km": 1.669, "node": "SAN MIGUEL DE SALINAS 220", "node_mw": 209, "osm_id": 364951349, "municipio": "San Miguel De Salinas"}, "geometry": {"type": "Polygon", "coordinates": [[[-0.78331, 37.99187], [-0.78241, 37.99222], [-0.78227, 37.99227], [-0.78226, 37.99231], [-0.78223, 37.99234], [-0.78219, 37.99237], [-0.78214, 37.99239], [-0.78209, 37.99241], [-0.78204, 37.99241], [-0.78199, 37.99241], [-0.78194, 37.9924], [-0.78088, 37.99278], [-0.78026, 37.99228], [-0.77999, 37.99205], [-0.77929, 37.99178], [-0.77985, 37.99074], [-0.78086, 37.98994], [-0.78242, 37.99117], [-0.78331, 37.99187]]]}}, {"type": "Feature", "properties": {"area_ha": 3.773, "dist_km": 1.317, "node": "SAN MIGUEL DE SALINAS 220", "node_mw": 209, "osm_id": 364951524, "municipio": "San Miguel De Salinas"}, "geometry": {"type": "Polygon", "coordinates": [[[-0.77056, 38.01272], [-0.77039, 38.01294], [-0.77019, 38.01293], [-0.76806, 38.01243], [-0.76804, 38.01229], [-0.76809, 38.01203], [-0.76813, 38.01181], [-0.76819, 38.0115], [-0.76823, 38.01135], [-0.76828, 38.01121], [-0.76835, 38.01107], [-0.76856, 38.01082], [-0.76968, 38.01126], [-0.77082, 38.01169], [-0.77056, 38.01272]]]}}, {"type": "Feature", "properties": {"area_ha": 0.87, "dist_km": 1.578, "node": "SAN MIGUEL DE SALINAS 220", "node_mw": 209, "osm_id": 364951526, "municipio": "San Miguel De Salinas"}, "geometry": {"type": "Polygon", "coordinates": [[[-0.76732, 38.01509], [-0.76629, 38.01492], [-0.76656, 38.01421], [-0.76659, 38.01402], [-0.76741, 38.0142], [-0.76751, 38.01432], [-0.76732, 38.01509]]]}}, {"type": "Feature", "properties": {"area_ha": 0.399, "dist_km": 2.983, "node": "SAN MIGUEL DE SALINAS 220", "node_mw": 209, "osm_id": 366810082, "municipio": "San Miguel De Salinas"}, "geometry": {"type": "Polygon", "coordinates": [[[-0.78036, 37.97583], [-0.78005, 37.97613], [-0.77925, 37.97592], [-0.77909, 37.97548], [-0.78036, 37.97583]]]}}, {"type": "Feature", "properties": {"area_ha": 1.309, "dist_km": 2.841, "node": "SAN MIGUEL DE SALINAS 220", "node_mw": 209, "osm_id": 373202556, "municipio": "San Miguel De Salinas"}, "geometry": {"type": "Polygon", "coordinates": [[[-0.78137, 37.97885], [-0.78079, 37.97827], [-0.78046, 37.97788], [-0.78002, 37.97732], [-0.78075, 37.9771], [-0.78136, 37.97721], [-0.78103, 37.97745], [-0.78103, 37.97755], [-0.7813, 37.97774], [-0.78116, 37.97794], [-0.78143, 37.97793], [-0.7818, 37.97826], [-0.78137, 37.97885]]]}}, {"type": "Feature", "properties": {"area_ha": 0.119, "dist_km": 1.954, "node": "SAN MIGUEL DE SALINAS 220", "node_mw": 209, "osm_id": 374450526, "municipio": "San Miguel De Salinas"}, "geometry": {"type": "Polygon", "coordinates": [[[-0.74904, 37.98886], [-0.74863, 37.98911], [-0.74842, 37.9889], [-0.74874, 37.9887], [-0.74886, 37.98883], [-0.74896, 37.98877], [-0.74904, 37.98886]]]}}, {"type": "Feature", "properties": {"area_ha": 0.009, "dist_km": 1.892, "node": "SAN MIGUEL DE SALINAS 220", "node_mw": 209, "osm_id": 374450539, "municipio": "San Miguel De Salinas"}, "geometry": {"type": "Polygon", "coordinates": [[[-0.75091, 37.98796], [-0.7508, 37.98804], [-0.75076, 37.98801], [-0.75078, 37.98799], [-0.75076, 37.98797], [-0.75079, 37.98794], [-0.75082, 37.98796], [-0.75087, 37.98792], [-0.75091, 37.98796]]]}}, {"type": "Feature", "properties": {"area_ha": 0.009, "dist_km": 1.922, "node": "SAN MIGUEL DE SALINAS 220", "node_mw": 209, "osm_id": 374450552, "municipio": "San Miguel De Salinas"}, "geometry": {"type": "Polygon", "coordinates": [[[-0.74926, 37.98891], [-0.74915, 37.98899], [-0.7491, 37.98894], [-0.74921, 37.98886], [-0.74926, 37.98891]]]}}, {"type": "Feature", "properties": {"area_ha": 0.216, "dist_km": 3.023, "node": "SAN MIGUEL DE SALINAS 220", "node_mw": 209, "osm_id": 374564435, "municipio": "San Miguel De Salinas"}, "geometry": {"type": "Polygon", "coordinates": [[[-0.79153, 37.98208], [-0.79145, 37.98205], [-0.79136, 37.98204], [-0.79124, 37.98203], [-0.79098, 37.98221], [-0.79048, 37.98182], [-0.79086, 37.98172], [-0.79098, 37.98179], [-0.79103, 37.98183], [-0.79115, 37.98185], [-0.7912, 37.98185], [-0.79134, 37.98192], [-0.79153, 37.98208]]]}}, {"type": "Feature", "properties": {"area_ha": 2.642, "dist_km": 1.207, "node": "SAN MIGUEL DE SALINAS 220", "node_mw": 209, "osm_id": 374614424, "municipio": "San Miguel De Salinas"}, "geometry": {"type": "Polygon", "coordinates": [[[-0.77733, 37.99789], [-0.77921, 37.9989], [-0.77993, 37.99894], [-0.78019, 37.99893], [-0.78041, 37.99902], [-0.7806, 37.99913], [-0.77793, 38.00001], [-0.77733, 37.99789]]]}}, {"type": "Feature", "properties": {"area_ha": 0.568, "dist_km": 2.463, "node": "SAN MIGUEL DE SALINAS 220", "node_mw": 209, "osm_id": 374718416, "municipio": "San Miguel De Salinas"}, "geometry": {"type": "Polygon", "coordinates": [[[-0.7808, 37.98116], [-0.78034, 37.98063], [-0.77997, 37.9813], [-0.77988, 37.9817], [-0.7802, 37.98187], [-0.78053, 37.98151], [-0.7808, 37.98116]]]}}, {"type": "Feature", "properties": {"area_ha": 0.282, "dist_km": 2.019, "node": "SAN MIGUEL DE SALINAS 220", "node_mw": 209, "osm_id": 374973222, "municipio": "San Miguel De Salinas"}, "geometry": {"type": "Polygon", "coordinates": [[[-0.76184, 37.98267], [-0.76141, 37.98276], [-0.76134, 37.98249], [-0.76124, 37.98217], [-0.76182, 37.98213], [-0.76184, 37.98267]]]}}, {"type": "Feature", "properties": {"area_ha": 1.042, "dist_km": 0.717, "node": "SAN MIGUEL DE SALINAS 220", "node_mw": 209, "osm_id": 379901373, "municipio": "San Miguel De Salinas"}, "geometry": {"type": "Polygon", "coordinates": [[[-0.76449, 38.00706], [-0.76298, 38.00716], [-0.764, 38.00606], [-0.76464, 38.00619], [-0.76449, 38.00706]]]}}, {"type": "Feature", "properties": {"area_ha": 0.656, "dist_km": 2.989, "node": "SAN MIGUEL DE SALINAS 220", "node_mw": 209, "osm_id": 380044155, "municipio": "San Miguel De Salinas"}, "geometry": {"type": "Polygon", "coordinates": [[[-0.76246, 38.02727], [-0.76142, 38.02742], [-0.76128, 38.0267], [-0.76215, 38.02663], [-0.76246, 38.02727]]]}}, {"type": "Feature", "properties": {"area_ha": 0.305, "dist_km": 1.993, "node": "SAN MIGUEL DE SALINAS 220", "node_mw": 209, "osm_id": 387190435, "municipio": "San Miguel De Salinas"}, "geometry": {"type": "Polygon", "coordinates": [[[-0.75209, 37.98607], [-0.75149, 37.98661], [-0.75118, 37.98637], [-0.75181, 37.98581], [-0.75209, 37.98607]]]}}, {"type": "Feature", "properties": {"area_ha": 0.203, "dist_km": 1.612, "node": "SAN MIGUEL DE SALINAS 220", "node_mw": 209, "osm_id": 387621280, "municipio": "San Miguel De Salinas"}, "geometry": {"type": "Polygon", "coordinates": [[[-0.76809, 37.9861], [-0.768, 37.98612], [-0.76747, 37.98586], [-0.76744, 37.98582], [-0.76764, 37.98562], [-0.7677, 37.98565], [-0.76838, 37.98601], [-0.76821, 37.98606], [-0.76809, 37.9861]]]}}, {"type": "Feature", "properties": {"area_ha": 1.742, "dist_km": 2.507, "node": "RODA DE ANDALUCIA 400", "node_mw": 218, "osm_id": 405140850, "municipio": "Roda De Andalucia"}, "geometry": {"type": "Polygon", "coordinates": [[[-4.76724, 37.27676], [-4.76786, 37.2753], [-4.76659, 37.27514], [-4.7662, 37.27602], [-4.76632, 37.27648], [-4.76724, 37.27676]]]}}, {"type": "Feature", "properties": {"area_ha": 0.029, "dist_km": 1.626, "node": "SAN MIGUEL DE SALINAS 220", "node_mw": 209, "osm_id": 444783509, "municipio": "San Miguel De Salinas"}, "geometry": {"type": "Polygon", "coordinates": [[[-0.7678, 37.98572], [-0.76761, 37.98591], [-0.76752, 37.98585], [-0.76769, 37.98567], [-0.7677, 37.98566], [-0.7678, 37.98572]]]}}, {"type": "Feature", "properties": {"area_ha": 0.077, "dist_km": 1.267, "node": "SAN MIGUEL DE SALINAS 220", "node_mw": 209, "osm_id": 449854391, "municipio": "San Miguel De Salinas"}, "geometry": {"type": "Polygon", "coordinates": [[[-0.76935, 38.0113], [-0.76916, 38.0116], [-0.76893, 38.01151], [-0.76896, 38.01146], [-0.76904, 38.0115], [-0.76919, 38.01124], [-0.76923, 38.01125], [-0.76928, 38.01116], [-0.76943, 38.01122], [-0.76937, 38.01131], [-0.76935, 38.0113]]]}}, {"type": "Feature", "properties": {"area_ha": 0.007, "dist_km": 1.251, "node": "SAN MIGUEL DE SALINAS 220", "node_mw": 209, "osm_id": 449854394, "municipio": "San Miguel De Salinas"}, "geometry": {"type": "Polygon", "coordinates": [[[-0.76879, 38.01132], [-0.76877, 38.01135], [-0.7686, 38.01129], [-0.76862, 38.01125], [-0.76879, 38.01132]]]}}, {"type": "Feature", "properties": {"area_ha": 0.043, "dist_km": 1.259, "node": "SAN MIGUEL DE SALINAS 220", "node_mw": 209, "osm_id": 449949976, "municipio": "San Miguel De Salinas"}, "geometry": {"type": "Polygon", "coordinates": [[[-0.76671, 38.01172], [-0.76653, 38.01172], [-0.76653, 38.01148], [-0.76671, 38.01148], [-0.76671, 38.01172]]]}}, {"type": "Feature", "properties": {"area_ha": 0.27, "dist_km": 1.455, "node": "SAN MIGUEL DE SALINAS 220", "node_mw": 209, "osm_id": 449950232, "municipio": "San Miguel De Salinas"}, "geometry": {"type": "Polygon", "coordinates": [[[-0.76904, 38.01322], [-0.76877, 38.01312], [-0.76882, 38.01304], [-0.76877, 38.01302], [-0.76881, 38.01295], [-0.76886, 38.01297], [-0.7689, 38.0129], [-0.76968, 38.01318], [-0.76949, 38.01351], [-0.76898, 38.01332], [-0.76904, 38.01322]]]}}, {"type": "Feature", "properties": {"area_ha": 0.124, "dist_km": 1.47, "node": "SAN MIGUEL DE SALINAS 220", "node_mw": 209, "osm_id": 449950233, "municipio": "San Miguel De Salinas"}, "geometry": {"type": "Polygon", "coordinates": [[[-0.76861, 38.01336], [-0.76852, 38.01352], [-0.76831, 38.01345], [-0.76854, 38.01305], [-0.76885, 38.01316], [-0.76871, 38.0134], [-0.76861, 38.01336]]]}}, {"type": "Feature", "properties": {"area_ha": 0.017, "dist_km": 1.481, "node": "SAN MIGUEL DE SALINAS 220", "node_mw": 209, "osm_id": 449950234, "municipio": "San Miguel De Salinas"}, "geometry": {"type": "Polygon", "coordinates": [[[-0.76799, 38.01361], [-0.76803, 38.01337], [-0.7681, 38.01338], [-0.76806, 38.01361], [-0.76799, 38.01361]]]}}, {"type": "Feature", "properties": {"area_ha": 0.054, "dist_km": 1.627, "node": "SAN MIGUEL DE SALINAS 220", "node_mw": 209, "osm_id": 1082161105, "municipio": "San Miguel De Salinas"}, "geometry": {"type": "Polygon", "coordinates": [[[-0.78111, 37.99222], [-0.78089, 37.99204], [-0.78082, 37.99198], [-0.78097, 37.99187], [-0.78104, 37.99194], [-0.78103, 37.99198], [-0.78123, 37.99213], [-0.78111, 37.99222]]]}}, {"type": "Feature", "properties": {"area_ha": 0.02, "dist_km": 1.644, "node": "SAN MIGUEL DE SALINAS 220", "node_mw": 209, "osm_id": 1082161106, "municipio": "San Miguel De Salinas"}, "geometry": {"type": "Polygon", "coordinates": [[[-0.78104, 37.99194], [-0.78121, 37.99181], [-0.78113, 37.99175], [-0.78097, 37.99187], [-0.78104, 37.99194]]]}}, {"type": "Feature", "properties": {"area_ha": 0.029, "dist_km": 1.598, "node": "SAN MIGUEL DE SALINAS 220", "node_mw": 209, "osm_id": 1082161107, "municipio": "San Miguel De Salinas"}, "geometry": {"type": "Polygon", "coordinates": [[[-0.78089, 37.99204], [-0.78064, 37.99224], [-0.78057, 37.99219], [-0.78065, 37.99214], [-0.78063, 37.99213], [-0.78082, 37.99198], [-0.78089, 37.99204]]]}}, {"type": "Feature", "properties": {"area_ha": 0.04, "dist_km": 1.718, "node": "SAN MIGUEL DE SALINAS 220", "node_mw": 209, "osm_id": 1082161108, "municipio": "San Miguel De Salinas"}, "geometry": {"type": "Polygon", "coordinates": [[[-0.7819, 37.99193], [-0.78225, 37.99165], [-0.78218, 37.9916], [-0.78183, 37.99187], [-0.7819, 37.99193]]]}}, {"type": "Feature", "properties": {"area_ha": 0.063, "dist_km": 1.748, "node": "SAN MIGUEL DE SALINAS 220", "node_mw": 209, "osm_id": 1082161109, "municipio": "San Miguel De Salinas"}, "geometry": {"type": "Polygon", "coordinates": [[[-0.78228, 37.99163], [-0.78199, 37.9914], [-0.78213, 37.99129], [-0.78242, 37.99152], [-0.78228, 37.99163]]]}}, {"type": "Feature", "properties": {"area_ha": 0.049, "dist_km": 1.703, "node": "SAN MIGUEL DE SALINAS 220", "node_mw": 209, "osm_id": 1082161110, "municipio": "San Miguel De Salinas"}, "geometry": {"type": "Polygon", "coordinates": [[[-0.78122, 37.99139], [-0.78157, 37.99112], [-0.78149, 37.99104], [-0.78113, 37.99131], [-0.78122, 37.99139]]]}}, {"type": "Feature", "properties": {"area_ha": 0.145, "dist_km": 1.743, "node": "SAN MIGUEL DE SALINAS 220", "node_mw": 209, "osm_id": 1082161111, "municipio": "San Miguel De Salinas"}, "geometry": {"type": "Polygon", "coordinates": [[[-0.78147, 37.99099], [-0.78178, 37.99074], [-0.7815, 37.99053], [-0.78136, 37.99064], [-0.78131, 37.9906], [-0.78114, 37.99074], [-0.78147, 37.99099]]]}}, {"type": "Feature", "properties": {"area_ha": 0.005, "dist_km": 1.392, "node": "SAN MIGUEL DE SALINAS 220", "node_mw": 209, "osm_id": 1150568117, "municipio": "San Miguel De Salinas"}, "geometry": {"type": "Polygon", "coordinates": [[[-0.76269, 37.98803], [-0.76258, 37.98806], [-0.76256, 37.98801], [-0.76266, 37.98798], [-0.76269, 37.98803]]]}}, {"type": "Feature", "properties": {"area_ha": 0.682, "dist_km": 2.436, "node": "SAN MIGUEL DE SALINAS 220", "node_mw": 209, "osm_id": 1150568157, "municipio": "San Miguel De Salinas"}, "geometry": {"type": "Polygon", "coordinates": [[[-0.75935, 37.97895], [-0.75859, 37.97865], [-0.75852, 37.97865], [-0.75794, 37.97934], [-0.75819, 37.97943], [-0.75829, 37.97934], [-0.75886, 37.97956], [-0.75935, 37.97895]]]}}, {"type": "Feature", "properties": {"area_ha": 0.014, "dist_km": 2.333, "node": "SAN MIGUEL DE SALINAS 220", "node_mw": 209, "osm_id": 1150568176, "municipio": "San Miguel De Salinas"}, "geometry": {"type": "Polygon", "coordinates": [[[-0.78062, 37.98287], [-0.78055, 37.9828], [-0.78043, 37.98287], [-0.78051, 37.98294], [-0.78062, 37.98287]]]}}, {"type": "Feature", "properties": {"area_ha": 0.011, "dist_km": 2.039, "node": "SAN MIGUEL DE SALINAS 220", "node_mw": 209, "osm_id": 1150568178, "municipio": "San Miguel De Salinas"}, "geometry": {"type": "Polygon", "coordinates": [[[-0.76808, 37.98205], [-0.768, 37.98212], [-0.76791, 37.98205], [-0.76799, 37.98198], [-0.76808, 37.98205]]]}}, {"type": "Feature", "properties": {"area_ha": 0.528, "dist_km": 1.78, "node": "SAN MIGUEL DE SALINAS 220", "node_mw": 209, "osm_id": 1150568202, "municipio": "San Miguel De Salinas"}, "geometry": {"type": "Polygon", "coordinates": [[[-0.78594, 38.00425], [-0.78569, 38.00362], [-0.78484, 38.00383], [-0.78505, 38.00435], [-0.78569, 38.00428], [-0.78594, 38.00425]]]}}, {"type": "Feature", "properties": {"area_ha": 0.019, "dist_km": 2.46, "node": "SAN MIGUEL DE SALINAS 220", "node_mw": 209, "osm_id": 1150568205, "municipio": "San Miguel De Salinas"}, "geometry": {"type": "Polygon", "coordinates": [[[-0.75968, 38.02191], [-0.75964, 38.02178], [-0.75944, 38.02192], [-0.75946, 38.02196], [-0.75968, 38.02191]]]}}, {"type": "Feature", "properties": {"area_ha": 0.169, "dist_km": 2.808, "node": "SAN MIGUEL DE SALINAS 220", "node_mw": 209, "osm_id": 1154524367, "municipio": "San Miguel De Salinas"}, "geometry": {"type": "Polygon", "coordinates": [[[-0.75653, 37.97637], [-0.75605, 37.97611], [-0.75619, 37.97596], [-0.75635, 37.97595], [-0.7567, 37.97601], [-0.75673, 37.97603], [-0.75674, 37.97606], [-0.75674, 37.97609], [-0.75673, 37.97612], [-0.7566, 37.97629], [-0.75653, 37.97637]]]}}, {"type": "Feature", "properties": {"area_ha": 0.021, "dist_km": 1.952, "node": "SAN MIGUEL DE SALINAS 220", "node_mw": 209, "osm_id": 1154834880, "municipio": "San Miguel De Salinas"}, "geometry": {"type": "Polygon", "coordinates": [[[-0.7729, 38.01688], [-0.77289, 38.017], [-0.77271, 38.01699], [-0.77272, 38.01687], [-0.7729, 38.01688]]]}}, {"type": "Feature", "properties": {"area_ha": 0.001, "dist_km": 1.965, "node": "SAN MIGUEL DE SALINAS 220", "node_mw": 209, "osm_id": 1154834881, "municipio": "San Miguel De Salinas"}, "geometry": {"type": "Polygon", "coordinates": [[[-0.77237, 38.01716], [-0.7724, 38.01717], [-0.77238, 38.01719], [-0.77235, 38.01718], [-0.77237, 38.01716]]]}}, {"type": "Feature", "properties": {"area_ha": 0.306, "dist_km": 1.556, "node": "SAN MIGUEL DE SALINAS 220", "node_mw": 209, "osm_id": 1154834887, "municipio": "San Miguel De Salinas"}, "geometry": {"type": "Polygon", "coordinates": [[[-0.77026, 38.01375], [-0.77039, 38.01344], [-0.77128, 38.01368], [-0.77115, 38.01399], [-0.77026, 38.01375]]]}}, {"type": "Feature", "properties": {"area_ha": 0.006, "dist_km": 1.461, "node": "SAN MIGUEL DE SALINAS 220", "node_mw": 209, "osm_id": 1154834911, "municipio": "San Miguel De Salinas"}, "geometry": {"type": "Polygon", "coordinates": [[[-0.76728, 38.0134], [-0.7673, 38.01333], [-0.76738, 38.01335], [-0.76736, 38.01342], [-0.76728, 38.0134]]]}}, {"type": "Feature", "properties": {"area_ha": 0.0, "dist_km": 1.482, "node": "SAN MIGUEL DE SALINAS 220", "node_mw": 209, "osm_id": 1154834912, "municipio": "San Miguel De Salinas"}, "geometry": {"type": "Polygon", "coordinates": [[[-0.76863, 38.01343], [-0.76863, 38.01343], [-0.76862, 38.01343], [-0.76862, 38.01343], [-0.76862, 38.01343], [-0.76861, 38.01343], [-0.76861, 38.01343], [-0.76861, 38.01343], [-0.76861, 38.01342], [-0.76861, 38.01342], [-0.76861, 38.01342], [-0.76862, 38.01341], [-0.76862, 38.01341], [-0.76863, 38.01341], [-0.76863, 38.01342], [-0.76863, 38.01342], [-0.76863, 38.01342], [-0.76863, 38.01343], [-0.76863, 38.01343]]]}}, {"type": "Feature", "properties": {"area_ha": 0.002, "dist_km": 1.486, "node": "SAN MIGUEL DE SALINAS 220", "node_mw": 209, "osm_id": 1154834913, "municipio": "San Miguel De Salinas"}, "geometry": {"type": "Polygon", "coordinates": [[[-0.76865, 38.01347], [-0.76868, 38.01343], [-0.76872, 38.01345], [-0.7687, 38.01349], [-0.76865, 38.01347]]]}}, {"type": "Feature", "properties": {"area_ha": 0.0, "dist_km": 1.466, "node": "SAN MIGUEL DE SALINAS 220", "node_mw": 209, "osm_id": 1154834914, "municipio": "San Miguel De Salinas"}, "geometry": {"type": "Polygon", "coordinates": [[[-0.76893, 38.01323], [-0.76894, 38.01323], [-0.76894, 38.01323], [-0.76894, 38.01324], [-0.76894, 38.01324], [-0.76893, 38.01324], [-0.76893, 38.01324], [-0.76893, 38.01324], [-0.76892, 38.01324], [-0.76892, 38.01324], [-0.76892, 38.01324], [-0.76892, 38.01323], [-0.76892, 38.01323], [-0.76892, 38.01323], [-0.76893, 38.01323], [-0.76893, 38.01323], [-0.76893, 38.01323]]]}}, {"type": "Feature", "properties": {"area_ha": 0.0, "dist_km": 1.464, "node": "SAN MIGUEL DE SALINAS 220", "node_mw": 209, "osm_id": 1154834915, "municipio": "San Miguel De Salinas"}, "geometry": {"type": "Polygon", "coordinates": [[[-0.76893, 38.01323], [-0.76893, 38.01322], [-0.76893, 38.01322], [-0.76893, 38.01321], [-0.76893, 38.01321], [-0.76893, 38.01321], [-0.76894, 38.01321], [-0.76894, 38.01321], [-0.76895, 38.01321], [-0.76895, 38.01322], [-0.76895, 38.01322], [-0.76895, 38.01322], [-0.76895, 38.01323], [-0.76894, 38.01323], [-0.76894, 38.01323], [-0.76893, 38.01323], [-0.76893, 38.01323]]]}}, {"type": "Feature", "properties": {"area_ha": 0.0, "dist_km": 1.462, "node": "SAN MIGUEL DE SALINAS 220", "node_mw": 209, "osm_id": 1154834916, "municipio": "San Miguel De Salinas"}, "geometry": {"type": "Polygon", "coordinates": [[[-0.76896, 38.0132], [-0.76896, 38.01321], [-0.76896, 38.01321], [-0.76895, 38.01321], [-0.76895, 38.01321], [-0.76894, 38.01321], [-0.76894, 38.0132], [-0.76894, 38.0132], [-0.76894, 38.0132], [-0.76894, 38.0132], [-0.76894, 38.01319], [-0.76894, 38.01319], [-0.76894, 38.01319], [-0.76895, 38.01319], [-0.76895, 38.01319], [-0.76895, 38.01319], [-0.76896, 38.01319], [-0.76896, 38.01319], [-0.76896, 38.0132], [-0.76896, 38.0132]]]}}, {"type": "Feature", "properties": {"area_ha": 0.009, "dist_km": 1.455, "node": "SAN MIGUEL DE SALINAS 220", "node_mw": 209, "osm_id": 1154834917, "municipio": "San Miguel De Salinas"}, "geometry": {"type": "Polygon", "coordinates": [[[-0.76835, 38.01321], [-0.76828, 38.01319], [-0.76831, 38.01315], [-0.76844, 38.0132], [-0.76839, 38.01328], [-0.76833, 38.01325], [-0.76835, 38.01321]]]}}, {"type": "Feature", "properties": {"area_ha": 0.008, "dist_km": 1.507, "node": "SAN MIGUEL DE SALINAS 220", "node_mw": 209, "osm_id": 1154834918, "municipio": "San Miguel De Salinas"}, "geometry": {"type": "Polygon", "coordinates": [[[-0.76973, 38.01354], [-0.76967, 38.01352], [-0.76973, 38.01341], [-0.7698, 38.01344], [-0.76973, 38.01354]]]}}, {"type": "Feature", "properties": {"area_ha": 0.011, "dist_km": 1.844, "node": "SAN MIGUEL DE SALINAS 220", "node_mw": 209, "osm_id": 1154834920, "municipio": "San Miguel De Salinas"}, "geometry": {"type": "Polygon", "coordinates": [[[-0.76959, 38.01663], [-0.76959, 38.01666], [-0.76949, 38.01666], [-0.76949, 38.01661], [-0.76948, 38.01661], [-0.76948, 38.01656], [-0.76959, 38.01656], [-0.76959, 38.01658], [-0.76961, 38.01658], [-0.76961, 38.01663], [-0.76959, 38.01663]]]}}, {"type": "Feature", "properties": {"area_ha": 0.005, "dist_km": 2.101, "node": "SAN MIGUEL DE SALINAS 220", "node_mw": 209, "osm_id": 1154834942, "municipio": "San Miguel De Salinas"}, "geometry": {"type": "Polygon", "coordinates": [[[-0.76773, 38.0191], [-0.76772, 38.01917], [-0.76765, 38.01916], [-0.76766, 38.01909], [-0.76773, 38.0191]]]}}, {"type": "Feature", "properties": {"area_ha": 0.002, "dist_km": 0.717, "node": "SAN MIGUEL DE SALINAS 220", "node_mw": 209, "osm_id": 1154834947, "municipio": "San Miguel De Salinas"}, "geometry": {"type": "Polygon", "coordinates": [[[-0.76415, 38.00666], [-0.76415, 38.00661], [-0.7642, 38.00661], [-0.7642, 38.00666], [-0.76415, 38.00666]]]}}, {"type": "Feature", "properties": {"area_ha": 0.062, "dist_km": 0.749, "node": "SAN MIGUEL DE SALINAS 220", "node_mw": 209, "osm_id": 1154834948, "municipio": "San Miguel De Salinas"}, "geometry": {"type": "Polygon", "coordinates": [[[-0.76385, 38.00683], [-0.76418, 38.0068], [-0.76422, 38.00698], [-0.76388, 38.00702], [-0.76385, 38.00683]]]}}, {"type": "Feature", "properties": {"area_ha": 0.008, "dist_km": 0.732, "node": "SAN MIGUEL DE SALINAS 220", "node_mw": 209, "osm_id": 1154834949, "municipio": "San Miguel De Salinas"}, "geometry": {"type": "Polygon", "coordinates": [[[-0.76452, 38.00687], [-0.76441, 38.00686], [-0.76442, 38.00684], [-0.76447, 38.00685], [-0.7645, 38.00673], [-0.76455, 38.00673], [-0.76452, 38.00687]]]}}, {"type": "Feature", "properties": {"area_ha": 0.018, "dist_km": 0.71, "node": "SAN MIGUEL DE SALINAS 220", "node_mw": 209, "osm_id": 1154834950, "municipio": "San Miguel De Salinas"}, "geometry": {"type": "Polygon", "coordinates": [[[-0.76456, 38.00669], [-0.76453, 38.00669], [-0.76454, 38.00662], [-0.76434, 38.0066], [-0.76435, 38.00653], [-0.76458, 38.00655], [-0.76456, 38.00669]]]}}, {"type": "Feature", "properties": {"area_ha": 0.004, "dist_km": 0.781, "node": "SAN MIGUEL DE SALINAS 220", "node_mw": 209, "osm_id": 1154834951, "municipio": "San Miguel De Salinas"}, "geometry": {"type": "Polygon", "coordinates": [[[-0.76313, 38.00706], [-0.76312, 38.00702], [-0.76323, 38.00701], [-0.76324, 38.00705], [-0.76313, 38.00706]]]}}, {"type": "Feature", "properties": {"area_ha": 0.0, "dist_km": 2.969, "node": "SAN MIGUEL DE SALINAS 220", "node_mw": 209, "osm_id": 1154835084, "municipio": "San Miguel De Salinas"}, "geometry": {"type": "Polygon", "coordinates": [[[-0.76148, 38.0268], [-0.76148, 38.02679], [-0.76148, 38.02679], [-0.76148, 38.02679], [-0.76149, 38.02678], [-0.76149, 38.02678], [-0.7615, 38.02678], [-0.7615, 38.02678], [-0.7615, 38.02679], [-0.7615, 38.02679], [-0.7615, 38.02679], [-0.7615, 38.0268], [-0.7615, 38.0268], [-0.76149, 38.0268], [-0.76149, 38.0268], [-0.76149, 38.0268], [-0.76148, 38.0268]]]}}, {"type": "Feature", "properties": {"area_ha": 0.001, "dist_km": 2.991, "node": "SAN MIGUEL DE SALINAS 220", "node_mw": 209, "osm_id": 1154835085, "municipio": "San Miguel De Salinas"}, "geometry": {"type": "Polygon", "coordinates": [[[-0.76175, 38.027], [-0.76176, 38.02704], [-0.76171, 38.02704], [-0.76171, 38.027], [-0.76175, 38.027]]]}}, {"type": "Feature", "properties": {"area_ha": 0.002, "dist_km": 2.992, "node": "SAN MIGUEL DE SALINAS 220", "node_mw": 209, "osm_id": 1154835086, "municipio": "San Miguel De Salinas"}, "geometry": {"type": "Polygon", "coordinates": [[[-0.76188, 38.02704], [-0.76183, 38.02706], [-0.76182, 38.02702], [-0.76186, 38.02701], [-0.76188, 38.02704]]]}}, {"type": "Feature", "properties": {"area_ha": 0.0, "dist_km": 2.978, "node": "SAN MIGUEL DE SALINAS 220", "node_mw": 209, "osm_id": 1154835087, "municipio": "San Miguel De Salinas"}, "geometry": {"type": "Polygon", "coordinates": [[[-0.76191, 38.02692], [-0.76191, 38.02692], [-0.76191, 38.02692], [-0.76191, 38.02692], [-0.7619, 38.02692], [-0.7619, 38.02691], [-0.7619, 38.02691], [-0.76191, 38.02691], [-0.76191, 38.02691], [-0.76191, 38.0269], [-0.76191, 38.0269], [-0.76192, 38.0269], [-0.76192, 38.0269], [-0.76192, 38.0269], [-0.76193, 38.02691], [-0.76193, 38.02691], [-0.76193, 38.02691], [-0.76193, 38.02691], [-0.76193, 38.02692], [-0.76193, 38.02692], [-0.76193, 38.02692], [-0.76193, 38.02692], [-0.76192, 38.02692], [-0.76192, 38.02692], [-0.76192, 38.02692], [-0.76191, 38.02692]]]}}, {"type": "Feature", "properties": {"area_ha": 0.001, "dist_km": 2.971, "node": "SAN MIGUEL DE SALINAS 220", "node_mw": 209, "osm_id": 1154835088, "municipio": "San Miguel De Salinas"}, "geometry": {"type": "Polygon", "coordinates": [[[-0.76195, 38.02684], [-0.76196, 38.02687], [-0.76192, 38.02688], [-0.76191, 38.02685], [-0.76195, 38.02684]]]}}, {"type": "Feature", "properties": {"area_ha": 0.0, "dist_km": 2.981, "node": "SAN MIGUEL DE SALINAS 220", "node_mw": 209, "osm_id": 1154835089, "municipio": "San Miguel De Salinas"}, "geometry": {"type": "Polygon", "coordinates": [[[-0.76195, 38.02695], [-0.76194, 38.02695], [-0.76194, 38.02694], [-0.76194, 38.02694], [-0.76194, 38.02694], [-0.76195, 38.02694], [-0.76195, 38.02693], [-0.76195, 38.02693], [-0.76196, 38.02693], [-0.76196, 38.02694], [-0.76196, 38.02694], [-0.76196, 38.02694], [-0.76196, 38.02695], [-0.76196, 38.02695], [-0.76195, 38.02695], [-0.76195, 38.02695], [-0.76195, 38.02695]]]}}, {"type": "Feature", "properties": {"area_ha": 0.004, "dist_km": 2.988, "node": "SAN MIGUEL DE SALINAS 220", "node_mw": 209, "osm_id": 1154835090, "municipio": "San Miguel De Salinas"}, "geometry": {"type": "Polygon", "coordinates": [[[-0.76197, 38.02698], [-0.76198, 38.02704], [-0.76192, 38.02704], [-0.76191, 38.02698], [-0.76197, 38.02698]]]}}, {"type": "Feature", "properties": {"area_ha": 0.001, "dist_km": 2.977, "node": "SAN MIGUEL DE SALINAS 220", "node_mw": 209, "osm_id": 1154835091, "municipio": "San Miguel De Salinas"}, "geometry": {"type": "Polygon", "coordinates": [[[-0.76197, 38.02692], [-0.76197, 38.02692], [-0.76197, 38.02692], [-0.76196, 38.02692], [-0.76196, 38.02691], [-0.76196, 38.02691], [-0.76196, 38.02691], [-0.76196, 38.0269], [-0.76196, 38.0269], [-0.76197, 38.0269], [-0.76197, 38.0269], [-0.76197, 38.0269], [-0.76198, 38.0269], [-0.76198, 38.0269], [-0.76199, 38.0269], [-0.76199, 38.0269], [-0.76199, 38.02691], [-0.76199, 38.02691], [-0.76199, 38.02691], [-0.76199, 38.02692], [-0.76198, 38.02692], [-0.76198, 38.02692], [-0.76198, 38.02692], [-0.76197, 38.02692], [-0.76197, 38.02692]]]}}, {"type": "Feature", "properties": {"area_ha": 0.001, "dist_km": 2.985, "node": "SAN MIGUEL DE SALINAS 220", "node_mw": 209, "osm_id": 1154835092, "municipio": "San Miguel De Salinas"}, "geometry": {"type": "Polygon", "coordinates": [[[-0.76198, 38.02699], [-0.76198, 38.02698], [-0.76199, 38.02698], [-0.76199, 38.02698], [-0.76199, 38.02698], [-0.76199, 38.02698], [-0.762, 38.02698], [-0.762, 38.02698], [-0.762, 38.02698], [-0.76201, 38.02698], [-0.76201, 38.02698], [-0.76201, 38.02699], [-0.76201, 38.02699], [-0.76201, 38.02699], [-0.76201, 38.02699], [-0.76201, 38.02699], [-0.76201, 38.027], [-0.76201, 38.027], [-0.762, 38.027], [-0.762, 38.027], [-0.762, 38.027], [-0.76199, 38.027], [-0.76199, 38.027], [-0.76199, 38.027], [-0.76198, 38.027], [-0.76198, 38.02699], [-0.76198, 38.02699], [-0.76198, 38.02699]]]}}, {"type": "Feature", "properties": {"area_ha": 0.0, "dist_km": 2.99, "node": "SAN MIGUEL DE SALINAS 220", "node_mw": 209, "osm_id": 1154835093, "municipio": "San Miguel De Salinas"}, "geometry": {"type": "Polygon", "coordinates": [[[-0.76201, 38.02704], [-0.762, 38.02703], [-0.762, 38.02703], [-0.762, 38.02703], [-0.762, 38.02703], [-0.762, 38.02702], [-0.76201, 38.02702], [-0.76201, 38.02702], [-0.76201, 38.02702], [-0.76202, 38.02703], [-0.76202, 38.02703], [-0.76202, 38.02703], [-0.76202, 38.02703], [-0.76202, 38.02703], [-0.76201, 38.02704], [-0.76201, 38.02704], [-0.76201, 38.02704]]]}}, {"type": "Feature", "properties": {"area_ha": 0.0, "dist_km": 2.988, "node": "SAN MIGUEL DE SALINAS 220", "node_mw": 209, "osm_id": 1154835094, "municipio": "San Miguel De Salinas"}, "geometry": {"type": "Polygon", "coordinates": [[[-0.762, 38.02702], [-0.762, 38.02702], [-0.762, 38.02701], [-0.762, 38.02701], [-0.762, 38.027], [-0.76201, 38.027], [-0.76201, 38.027], [-0.76201, 38.027], [-0.76202, 38.027], [-0.76202, 38.027], [-0.76202, 38.02701], [-0.76203, 38.02701], [-0.76203, 38.02701], [-0.76202, 38.02702], [-0.76202, 38.02702], [-0.76202, 38.02702], [-0.76201, 38.02702], [-0.76201, 38.02702], [-0.762, 38.02702]]]}}, {"type": "Feature", "properties": {"area_ha": 0.003, "dist_km": 2.959, "node": "SAN MIGUEL DE SALINAS 220", "node_mw": 209, "osm_id": 1154835095, "municipio": "San Miguel De Salinas"}, "geometry": {"type": "Polygon", "coordinates": [[[-0.7621, 38.02679], [-0.76207, 38.02674], [-0.76212, 38.02672], [-0.76214, 38.02678], [-0.7621, 38.02679]]]}}, {"type": "Feature", "properties": {"area_ha": 0.009, "dist_km": 2.972, "node": "SAN MIGUEL DE SALINAS 220", "node_mw": 209, "osm_id": 1154835096, "municipio": "San Miguel De Salinas"}, "geometry": {"type": "Polygon", "coordinates": [[[-0.76228, 38.02695], [-0.76222, 38.02697], [-0.76215, 38.02683], [-0.76221, 38.02681], [-0.76228, 38.02695]]]}}, {"type": "Feature", "properties": {"area_ha": 0.001, "dist_km": 2.993, "node": "SAN MIGUEL DE SALINAS 220", "node_mw": 209, "osm_id": 1154835097, "municipio": "San Miguel De Salinas"}, "geometry": {"type": "Polygon", "coordinates": [[[-0.76227, 38.02707], [-0.7623, 38.02706], [-0.76232, 38.0271], [-0.7623, 38.02711], [-0.76227, 38.02707]]]}}, {"type": "Feature", "properties": {"area_ha": 0.005, "dist_km": 2.306, "node": "SAN MIGUEL DE SALINAS 220", "node_mw": 209, "osm_id": 1154835247, "municipio": "San Miguel De Salinas"}, "geometry": {"type": "Polygon", "coordinates": [[[-0.78246, 38.0163], [-0.78244, 38.01636], [-0.78236, 38.01634], [-0.78238, 38.01628], [-0.78246, 38.0163]]]}}, {"type": "Feature", "properties": {"area_ha": 0.003, "dist_km": 2.712, "node": "SAN MIGUEL DE SALINAS 220", "node_mw": 209, "osm_id": 1154835273, "municipio": "San Miguel De Salinas"}, "geometry": {"type": "Polygon", "coordinates": [[[-0.74726, 38.01989], [-0.74721, 38.0199], [-0.7472, 38.01984], [-0.74725, 38.01984], [-0.74726, 38.01989]]]}}, {"type": "Feature", "properties": {"area_ha": 0.018, "dist_km": 1.893, "node": "SAN MIGUEL DE SALINAS 220", "node_mw": 209, "osm_id": 1154835293, "municipio": "San Miguel De Salinas"}, "geometry": {"type": "Polygon", "coordinates": [[[-0.76112, 38.01702], [-0.76116, 38.01687], [-0.76129, 38.01689], [-0.76128, 38.01693], [-0.76125, 38.01692], [-0.76123, 38.017], [-0.76129, 38.01701], [-0.76128, 38.01704], [-0.76112, 38.01702]]]}}, {"type": "Feature", "properties": {"area_ha": 0.006, "dist_km": 1.891, "node": "SAN MIGUEL DE SALINAS 220", "node_mw": 209, "osm_id": 1154835294, "municipio": "San Miguel De Salinas"}, "geometry": {"type": "Polygon", "coordinates": [[[-0.76149, 38.01692], [-0.76155, 38.01693], [-0.76152, 38.01704], [-0.76146, 38.01703], [-0.76149, 38.01692]]]}}, {"type": "Feature", "properties": {"area_ha": 0.019, "dist_km": 2.045, "node": "SAN MIGUEL DE SALINAS 220", "node_mw": 209, "osm_id": 1154835305, "municipio": "San Miguel De Salinas"}, "geometry": {"type": "Polygon", "coordinates": [[[-0.7686, 38.01862], [-0.76866, 38.01844], [-0.76877, 38.01847], [-0.76872, 38.01863], [-0.7686, 38.01862]]]}}, {"type": "Feature", "properties": {"area_ha": 0.015, "dist_km": 1.335, "node": "SAN MIGUEL DE SALINAS 220", "node_mw": 209, "osm_id": 1154835321, "municipio": "San Miguel De Salinas"}, "geometry": {"type": "Polygon", "coordinates": [[[-0.78076, 38.00209], [-0.7807, 38.00196], [-0.78081, 38.00193], [-0.78086, 38.00206], [-0.78076, 38.00209]]]}}, {"type": "Feature", "properties": {"area_ha": 0.001, "dist_km": 2.835, "node": "SAN MIGUEL DE SALINAS 220", "node_mw": 209, "osm_id": 1154835348, "municipio": "San Miguel De Salinas"}, "geometry": {"type": "Polygon", "coordinates": [[[-0.74981, 38.02252], [-0.74983, 38.0225], [-0.74987, 38.02253], [-0.74985, 38.02255], [-0.74981, 38.02252]]]}}, {"type": "Feature", "properties": {"area_ha": 0.004, "dist_km": 2.83, "node": "SAN MIGUEL DE SALINAS 220", "node_mw": 209, "osm_id": 1154835349, "municipio": "San Miguel De Salinas"}, "geometry": {"type": "Polygon", "coordinates": [[[-0.74923, 38.02223], [-0.74929, 38.02218], [-0.74933, 38.02221], [-0.74927, 38.02226], [-0.74923, 38.02223]]]}}, {"type": "Feature", "properties": {"area_ha": 0.009, "dist_km": 2.99, "node": "SAN MIGUEL DE SALINAS 220", "node_mw": 209, "osm_id": 1154835353, "municipio": "San Miguel De Salinas"}, "geometry": {"type": "Polygon", "coordinates": [[[-0.74635, 38.02252], [-0.74628, 38.02246], [-0.74637, 38.0224], [-0.74643, 38.02246], [-0.74635, 38.02252]]]}}, {"type": "Feature", "properties": {"area_ha": 0.011, "dist_km": 3.005, "node": "SAN MIGUEL DE SALINAS 220", "node_mw": 209, "osm_id": 1154835354, "municipio": "San Miguel De Salinas"}, "geometry": {"type": "Polygon", "coordinates": [[[-0.7464, 38.02256], [-0.74647, 38.02262], [-0.74636, 38.02269], [-0.7463, 38.02264], [-0.7464, 38.02256]]]}}, {"type": "Feature", "properties": {"area_ha": 0.012, "dist_km": 2.681, "node": "SAN MIGUEL DE SALINAS 220", "node_mw": 209, "osm_id": 1154835369, "municipio": "San Miguel De Salinas"}, "geometry": {"type": "Polygon", "coordinates": [[[-0.77381, 38.02348], [-0.77384, 38.02361], [-0.77375, 38.02362], [-0.77372, 38.0235], [-0.77381, 38.02348]]]}}, {"type": "Feature", "properties": {"area_ha": 0.003, "dist_km": 1.258, "node": "SAN MIGUEL DE SALINAS 220", "node_mw": 209, "osm_id": 1154835554, "municipio": "San Miguel De Salinas"}, "geometry": {"type": "Polygon", "coordinates": [[[-0.7744, 38.0093], [-0.77439, 38.00935], [-0.77433, 38.00934], [-0.77435, 38.00929], [-0.7744, 38.0093]]]}}, {"type": "Feature", "properties": {"area_ha": 0.011, "dist_km": 2.048, "node": "SAN MIGUEL DE SALINAS 220", "node_mw": 209, "osm_id": 1154835562, "municipio": "San Miguel De Salinas"}, "geometry": {"type": "Polygon", "coordinates": [[[-0.7812, 38.01415], [-0.78113, 38.01421], [-0.78102, 38.01414], [-0.78109, 38.01408], [-0.7812, 38.01415]]]}}, {"type": "Feature", "properties": {"area_ha": 0.007, "dist_km": 1.526, "node": "SAN MIGUEL DE SALINAS 220", "node_mw": 209, "osm_id": 1154835631, "municipio": "San Miguel De Salinas"}, "geometry": {"type": "Polygon", "coordinates": [[[-0.77521, 38.01187], [-0.77514, 38.01186], [-0.77517, 38.01176], [-0.77523, 38.01177], [-0.77521, 38.01187]]]}}, {"type": "Feature", "properties": {"area_ha": 0.004, "dist_km": 1.723, "node": "SAN MIGUEL DE SALINAS 220", "node_mw": 209, "osm_id": 1154835639, "municipio": "San Miguel De Salinas"}, "geometry": {"type": "Polygon", "coordinates": [[[-0.77584, 38.01362], [-0.77577, 38.01362], [-0.77577, 38.01357], [-0.77584, 38.01357], [-0.77584, 38.01362]]]}}, {"type": "Feature", "properties": {"area_ha": 0.0, "dist_km": 1.483, "node": "SAN MIGUEL DE SALINAS 220", "node_mw": 209, "osm_id": 1155057080, "municipio": "San Miguel De Salinas"}, "geometry": {"type": "Polygon", "coordinates": [[[-0.76863, 38.01343], [-0.76864, 38.01342], [-0.76864, 38.01342], [-0.76864, 38.01342], [-0.76865, 38.01342], [-0.76865, 38.01343], [-0.76865, 38.01343], [-0.76866, 38.01343], [-0.76866, 38.01343], [-0.76865, 38.01344], [-0.76865, 38.01344], [-0.76865, 38.01344], [-0.76864, 38.01344], [-0.76864, 38.01344], [-0.76863, 38.01344], [-0.76863, 38.01344], [-0.76863, 38.01343], [-0.76863, 38.01343], [-0.76863, 38.01343]]]}}, {"type": "Feature", "properties": {"area_ha": 0.018, "dist_km": 1.624, "node": "SAN MIGUEL DE SALINAS 220", "node_mw": 209, "osm_id": 1159496422, "municipio": "San Miguel De Salinas"}, "geometry": {"type": "Polygon", "coordinates": [[[-0.76752, 37.98585], [-0.76769, 37.98567], [-0.76763, 37.98563], [-0.76745, 37.98582], [-0.76751, 37.98586], [-0.76752, 37.98585]]]}}, {"type": "Feature", "properties": {"area_ha": 275.586, "dist_km": 0.338, "node": "COMPOSTILLA 220", "node_mw": 205, "osm_id": 68456877, "municipio": "Compostilla"}, "geometry": {"type": "Polygon", "coordinates": [[[-6.57021, 42.59457], [-6.57075, 42.59432], [-6.57124, 42.59405], [-6.5714, 42.59392], [-6.57155, 42.59369], [-6.57169, 42.59347], [-6.57182, 42.59336], [-6.57196, 42.59331], [-6.5724, 42.59326], [-6.57293, 42.5932], [-6.57316, 42.5932], [-6.57388, 42.59333], [-6.5744, 42.59345], [-6.57451, 42.59351], [-6.57459, 42.59368], [-6.57467, 42.59378], [-6.5748, 42.59382], [-6.57594, 42.59381], [-6.57605, 42.59384], [-6.57674, 42.5944], [-6.57758, 42.59507], [-6.57779, 42.59526], [-6.57889, 42.5967], [-6.58094, 42.59921], [-6.58128, 42.59967], [-6.58027, 42.6004], [-6.58023, 42.60045], [-6.58027, 42.60058], [-6.58036, 42.60079], [-6.58037, 42.60085], [-6.58034, 42.6009], [-6.58015, 42.60102], [-6.57985, 42.60115], [-6.5796, 42.60119], [-6.57897, 42.60122], [-6.57748, 42.60132], [-6.5773, 42.60137], [-6.57715, 42.60151], [-6.57705, 42.60164], [-6.57705, 42.60176], [-6.57718, 42.60193], [-6.5773, 42.60207], [-6.5774, 42.60217], [-6.57746, 42.60226], [-6.57747, 42.60237], [-6.57723, 42.60277], [-6.57706, 42.60304], [-6.57686, 42.60342], [-6.57678, 42.6036], [-6.57667, 42.60371], [-6.57644, 42.60383], [-6.57616, 42.60394], [-6.57571, 42.60421], [-6.57526, 42.60445], [-6.57464, 42.60471], [-6.57402, 42.60494], [-6.57318, 42.60513], [-6.57258, 42.60516], [-6.57215, 42.60521], [-6.572, 42.60524], [-6.5719, 42.6053], [-6.57184, 42.60535], [-6.57137, 42.60594], [-6.57128, 42.60612], [-6.57123, 42.60626], [-6.57118, 42.60647], [-6.57127, 42.60672], [-6.57144, 42.60705], [-6.57162, 42.60726], [-6.57189, 42.6075], [-6.57192, 42.60759], [-6.57191, 42.6077], [-6.57177, 42.6078], [-6.56917, 42.60841], [-6.56904, 42.60856], [-6.56869, 42.60896], [-6.56829, 42.60938], [-6.56791, 42.6098], [-6.56798, 42.6105], [-6.56809, 42.61127], [-6.56818, 42.61183], [-6.56826, 42.61216], [-6.56824, 42.61257], [-6.56819, 42.61332], [-6.56807, 42.61438], [-6.56786, 42.61622], [-6.56779, 42.61678], [-6.56764, 42.61696], [-6.56755, 42.61705], [-6.56732, 42.61708], [-6.56746, 42.6177], [-6.56754, 42.61794], [-6.56765, 42.61816], [-6.56735, 42.6183], [-6.56611, 42.61862], [-6.56438, 42.61909], [-6.56189, 42.61934], [-6.56007, 42.61951], [-6.55967, 42.61949], [-6.55929, 42.61937], [-6.55915, 42.61921], [-6.55877, 42.61929], [-6.55871, 42.61957], [-6.55863, 42.61971], [-6.55813, 42.61975], [-6.5574, 42.61984], [-6.55685, 42.61992], [-6.55625, 42.62005], [-6.55609, 42.61957], [-6.55587, 42.61879], [-6.55568, 42.61835], [-6.55568, 42.61821], [-6.55582, 42.61754], [-6.55583, 42.61732], [-6.55571, 42.61685], [-6.55574, 42.61677], [-6.55584, 42.61661], [-6.55601, 42.61639], [-6.55614, 42.61616], [-6.55618, 42.61595], [-6.55624, 42.61565], [-6.55642, 42.61488], [-6.5566, 42.61415], [-6.55667, 42.61381], [-6.55668, 42.61348], [-6.5567, 42.61335], [-6.55684, 42.61316], [-6.55705, 42.61289], [-6.55719, 42.61279], [-6.55723, 42.61273], [-6.55728, 42.61263], [-6.55748, 42.61232], [-6.55759, 42.61218], [-6.55784, 42.612], [-6.55841, 42.61171], [-6.55877, 42.61153], [-6.55887, 42.61144], [-6.55904, 42.61123], [-6.5591, 42.61116], [-6.55922, 42.61108], [-6.55933, 42.61099], [-6.55939, 42.61088], [-6.5595, 42.61067], [-6.5596, 42.61055], [-6.55965, 42.61048], [-6.55963, 42.61043], [-6.55918, 42.61007], [-6.55919, 42.60995], [-6.55954, 42.60902], [-6.55963, 42.6089], [-6.56, 42.60843], [-6.56011, 42.60825], [-6.56021, 42.60806], [-6.56043, 42.60776], [-6.56054, 42.60761], [-6.56111, 42.60719], [-6.56161, 42.60685], [-6.56195, 42.60665], [-6.56221, 42.60644], [-6.56239, 42.60629], [-6.56263, 42.60623], [-6.56386, 42.60594], [-6.56383, 42.60581], [-6.56365, 42.60551], [-6.56336, 42.60523], [-6.56308, 42.60495], [-6.56289, 42.60489], [-6.56256, 42.60482], [-6.56228, 42.60481], [-6.56213, 42.60477], [-6.56201, 42.60463], [-6.56189, 42.60441], [-6.5618, 42.60418], [-6.56175, 42.60389], [-6.56171, 42.6037], [-6.56166, 42.60349], [-6.56166, 42.60342], [-6.56174, 42.60329], [-6.56184, 42.60319], [-6.56189, 42.60314], [-6.56196, 42.60296], [-6.56211, 42.60253], [-6.5622, 42.60231], [-6.56231, 42.60204], [-6.56236, 42.60198], [-6.56238, 42.60188], [-6.56235, 42.60167], [-6.56236, 42.60158], [-6.56241, 42.60148], [-6.56252, 42.60138], [-6.56282, 42.60115], [-6.56302, 42.601], [-6.56321, 42.60091], [-6.56345, 42.60083], [-6.56367, 42.60074], [-6.56396, 42.6005], [-6.5641, 42.60036], [-6.56421, 42.60023], [-6.56427, 42.60004], [-6.56431, 42.59988], [-6.56442, 42.59955], [-6.56462, 42.59918], [-6.56475, 42.59895], [-6.56491, 42.59878], [-6.56509, 42.59863], [-6.56522, 42.59854], [-6.5653, 42.59842], [-6.56544, 42.59805], [-6.56567, 42.59747], [-6.56578, 42.59724], [-6.56591, 42.59715], [-6.56612, 42.59707], [-6.56622, 42.597], [-6.56632, 42.59689], [-6.5664, 42.59674], [-6.56649, 42.59654], [-6.56658, 42.5963], [-6.56665, 42.59605], [-6.56681, 42.59575], [-6.56706, 42.59531], [-6.5672, 42.5951], [-6.5673, 42.59498], [-6.56744, 42.59484], [-6.5677, 42.59472], [-6.56797, 42.59464], [-6.56822, 42.5946], [-6.56846, 42.59459], [-6.56906, 42.59457], [-6.57021, 42.59457]]]}}, {"type": "Feature", "properties": {"area_ha": 3.743, "dist_km": 0.335, "node": "COMPOSTILLA 220", "node_mw": 205, "osm_id": 68456892, "municipio": "Compostilla"}, "geometry": {"type": "Polygon", "coordinates": [[[-6.56854, 42.61147], [-6.56946, 42.61143], [-6.56956, 42.61137], [-6.56942, 42.61099], [-6.56957, 42.61097], [-6.56979, 42.61111], [-6.56989, 42.61148], [-6.56999, 42.61153], [-6.57064, 42.61143], [-6.57078, 42.61141], [-6.57077, 42.61136], [-6.5707, 42.61086], [-6.57115, 42.6108], [-6.57116, 42.61052], [-6.57098, 42.61034], [-6.57081, 42.60977], [-6.56829, 42.60982], [-6.56835, 42.61093], [-6.56854, 42.61147]]]}}, {"type": "Feature", "properties": {"area_ha": 4.406, "dist_km": 2.314, "node": "BALSICAS 220", "node_mw": 207, "osm_id": 259715448, "municipio": "Balsicas"}, "geometry": {"type": "Polygon", "coordinates": [[[-0.95998, 37.79645], [-0.95899, 37.79636], [-0.95832, 37.79676], [-0.9565, 37.79783], [-0.95737, 37.79878], [-0.95922, 37.7979], [-0.95953, 37.79785], [-0.95981, 37.79781], [-0.95998, 37.79645]]]}}, {"type": "Feature", "properties": {"area_ha": 1.545, "dist_km": 2.568, "node": "BALSICAS 220", "node_mw": 207, "osm_id": 286554339, "municipio": "Balsicas"}, "geometry": {"type": "Polygon", "coordinates": [[[-0.92785, 37.81451], [-0.92696, 37.81442], [-0.92667, 37.81366], [-0.92827, 37.81327], [-0.92845, 37.81439], [-0.92785, 37.81451]]]}}, {"type": "Feature", "properties": {"area_ha": 3.778, "dist_km": 2.661, "node": "SAN CAYETANO 220", "node_mw": 117, "osm_id": 286554377, "municipio": "San Cayetano"}, "geometry": {"type": "Polygon", "coordinates": [[[-0.92663, 37.81556], [-0.92154, 37.81506], [-0.92159, 37.81431], [-0.92701, 37.81489], [-0.92663, 37.81556]]]}}, {"type": "Feature", "properties": {"area_ha": 0.53, "dist_km": 2.699, "node": "COMPOSTILLA 220", "node_mw": 205, "osm_id": 332214375, "municipio": "Compostilla"}, "geometry": {"type": "Polygon", "coordinates": [[[-6.5993, 42.61885], [-6.59691, 42.61893], [-6.5969, 42.61869], [-6.59928, 42.61861], [-6.5993, 42.61885]]]}}, {"type": "Feature", "properties": {"area_ha": 7.749, "dist_km": 3.064, "node": "COMPOSTILLA 220", "node_mw": 205, "osm_id": 332214392, "municipio": "Compostilla"}, "geometry": {"type": "Polygon", "coordinates": [[[-6.59985, 42.62629], [-6.59994, 42.62744], [-6.59737, 42.62752], [-6.59722, 42.62541], [-6.59714, 42.62425], [-6.59713, 42.62422], [-6.59723, 42.62421], [-6.59761, 42.6242], [-6.59772, 42.6242], [-6.598, 42.62419], [-6.5981, 42.62418], [-6.59847, 42.62417], [-6.59925, 42.62414], [-6.59969, 42.62412], [-6.59985, 42.62629]]]}}, {"type": "Feature", "properties": {"area_ha": 0.32, "dist_km": 2.748, "node": "COMPOSTILLA 220", "node_mw": 205, "osm_id": 332214400, "municipio": "Compostilla"}, "geometry": {"type": "Polygon", "coordinates": [[[-6.59816, 42.62064], [-6.59686, 42.6207], [-6.59685, 42.62042], [-6.59814, 42.62037], [-6.59816, 42.62064]]]}}, {"type": "Feature", "properties": {"area_ha": 0.775, "dist_km": 1.888, "node": "COMPOSTILLA 220", "node_mw": 205, "osm_id": 332216283, "municipio": "Compostilla"}, "geometry": {"type": "Polygon", "coordinates": [[[-6.58936, 42.61639], [-6.58778, 42.61643], [-6.58806, 42.61581], [-6.58932, 42.61588], [-6.58954, 42.61605], [-6.58936, 42.61639]]]}}, {"type": "Feature", "properties": {"area_ha": 7.782, "dist_km": 0.549, "node": "COMPOSTILLA 220", "node_mw": 205, "osm_id": 337207580, "municipio": "Compostilla"}, "geometry": {"type": "Polygon", "coordinates": [[[-6.5749, 42.61182], [-6.57426, 42.61176], [-6.57423, 42.61161], [-6.57317, 42.6114], [-6.57313, 42.61155], [-6.57295, 42.61154], [-6.572, 42.61154], [-6.57154, 42.61157], [-6.57076, 42.61194], [-6.56996, 42.61193], [-6.56998, 42.61204], [-6.5686, 42.61214], [-6.56858, 42.61294], [-6.56886, 42.61291], [-6.56945, 42.61268], [-6.56949, 42.61268], [-6.56961, 42.6127], [-6.57008, 42.61293], [-6.57018, 42.61273], [-6.57135, 42.61303], [-6.57283, 42.61317], [-6.57285, 42.6132], [-6.57277, 42.61357], [-6.57448, 42.61372], [-6.57454, 42.61338], [-6.57455, 42.61335], [-6.57486, 42.61198], [-6.5749, 42.61182]]]}}, {"type": "Feature", "properties": {"area_ha": 0.33, "dist_km": 0.514, "node": "COMPOSTILLA 220", "node_mw": 205, "osm_id": 337207581, "municipio": "Compostilla"}, "geometry": {"type": "Polygon", "coordinates": [[[-6.5703, 42.61239], [-6.5703, 42.61237], [-6.57031, 42.61226], [-6.57031, 42.61225], [-6.57031, 42.61223], [-6.57037, 42.61224], [-6.57037, 42.61224], [-6.57037, 42.61225], [-6.57061, 42.61222], [-6.57065, 42.61222], [-6.57079, 42.6122], [-6.5708, 42.61221], [-6.57037, 42.61227], [-6.57037, 42.61241], [-6.57088, 42.61248], [-6.57105, 42.61235], [-6.57091, 42.61224], [-6.57086, 42.61228], [-6.57079, 42.61223], [-6.57082, 42.61221], [-6.57074, 42.61216], [-6.57087, 42.61206], [-6.5709, 42.61208], [-6.57093, 42.61206], [-6.57105, 42.61214], [-6.57103, 42.61216], [-6.57118, 42.61227], [-6.57124, 42.61227], [-6.57124, 42.61222], [-6.57173, 42.61223], [-6.57173, 42.61228], [-6.57176, 42.61228], [-6.57176, 42.61231], [-6.57179, 42.61231], [-6.5718, 42.61195], [-6.57208, 42.61195], [-6.57208, 42.61206], [-6.57183, 42.61206], [-6.57182, 42.61231], [-6.57185, 42.61231], [-6.57235, 42.61232], [-6.57234, 42.61237], [-6.57253, 42.61238], [-6.57254, 42.61218], [-6.57307, 42.61219], [-6.57308, 42.61202], [-6.57334, 42.61202], [-6.57333, 42.6122], [-6.57316, 42.61219], [-6.57316, 42.61221], [-6.57256, 42.6122], [-6.57256, 42.61238], [-6.57292, 42.61238], [-6.57292, 42.6124], [-6.57177, 42.61238], [-6.57118, 42.61237], [-6.57118, 42.61244], [-6.57099, 42.61256], [-6.57089, 42.61249], [-6.57077, 42.61248], [-6.57037, 42.61242], [-6.57037, 42.61244], [-6.5703, 42.61244], [-6.5703, 42.61239]]]}}, {"type": "Feature", "properties": {"area_ha": 59.832, "dist_km": 1.345, "node": "BALSICAS 220", "node_mw": 207, "osm_id": 393567927, "municipio": "Balsicas"}, "geometry": {"type": "Polygon", "coordinates": [[[-0.97713, 37.82218], [-0.97112, 37.81495], [-0.9709, 37.81484], [-0.97086, 37.81483], [-0.97071, 37.81478], [-0.97064, 37.81476], [-0.97056, 37.81474], [-0.97025, 37.81474], [-0.96985, 37.81483], [-0.96862, 37.8152], [-0.96859, 37.81522], [-0.96856, 37.81525], [-0.96841, 37.81527], [-0.96831, 37.81525], [-0.96678, 37.81567], [-0.96616, 37.81646], [-0.96625, 37.81665], [-0.96831, 37.81765], [-0.96891, 37.81795], [-0.96626, 37.82111], [-0.9664, 37.82116], [-0.96645, 37.82127], [-0.96639, 37.82138], [-0.96627, 37.82142], [-0.9684, 37.82194], [-0.97056, 37.82289], [-0.97331, 37.82385], [-0.97362, 37.82396], [-0.97395, 37.824], [-0.97444, 37.82403], [-0.97537, 37.82405], [-0.97638, 37.82403], [-0.97804, 37.82379], [-0.97918, 37.8236], [-0.97937, 37.82311], [-0.97878, 37.82304], [-0.97823, 37.82291], [-0.97785, 37.82282], [-0.97755, 37.82274], [-0.9769, 37.82255], [-0.97713, 37.82218]]]}}, {"type": "Feature", "properties": {"area_ha": 29.945, "dist_km": 1.818, "node": "BALSICAS 220", "node_mw": 207, "osm_id": 458108952, "municipio": "Balsicas"}, "geometry": {"type": "Polygon", "coordinates": [[[-0.9448, 37.81202], [-0.93972, 37.81419], [-0.93937, 37.81367], [-0.93845, 37.81398], [-0.937, 37.8145], [-0.93697, 37.81475], [-0.93691, 37.81545], [-0.93395, 37.81503], [-0.93082, 37.81472], [-0.93061, 37.81464], [-0.93242, 37.81399], [-0.93176, 37.81331], [-0.9319, 37.81331], [-0.93248, 37.81303], [-0.93287, 37.81301], [-0.93344, 37.81352], [-0.93373, 37.81345], [-0.93392, 37.81186], [-0.93592, 37.81106], [-0.93663, 37.81226], [-0.93675, 37.81234], [-0.93704, 37.81244], [-0.93746, 37.81319], [-0.93798, 37.81295], [-0.93801, 37.81251], [-0.93823, 37.81232], [-0.93815, 37.81214], [-0.93855, 37.81206], [-0.93841, 37.8116], [-0.93893, 37.81139], [-0.93951, 37.81249], [-0.94141, 37.81166], [-0.94027, 37.81075], [-0.9415, 37.81011], [-0.94103, 37.80943], [-0.94126, 37.8093], [-0.9448, 37.81202]]]}}, {"type": "Feature", "properties": {"area_ha": 1.25, "dist_km": 0.853, "node": "BALSICAS 220", "node_mw": 207, "osm_id": 458109912, "municipio": "Balsicas"}, "geometry": {"type": "Polygon", "coordinates": [[[-0.94758, 37.81643], [-0.94748, 37.81653], [-0.94734, 37.81658], [-0.94604, 37.81644], [-0.94615, 37.81558], [-0.94754, 37.81572], [-0.94758, 37.81643]]]}}, {"type": "Feature", "properties": {"area_ha": 2.859, "dist_km": 2.809, "node": "BALSICAS 220", "node_mw": 207, "osm_id": 459037810, "municipio": "Balsicas"}, "geometry": {"type": "Polygon", "coordinates": [[[-0.93302, 37.80247], [-0.9322, 37.80166], [-0.93029, 37.80248], [-0.93017, 37.80288], [-0.93036, 37.80374], [-0.93302, 37.80247]]]}}, {"type": "Feature", "properties": {"area_ha": 0.556, "dist_km": 2.78, "node": "BALSICAS 220", "node_mw": 207, "osm_id": 586952240, "municipio": "Balsicas"}, "geometry": {"type": "Polygon", "coordinates": [[[-0.93251, 37.80243], [-0.93145, 37.80291], [-0.93127, 37.80266], [-0.93114, 37.80248], [-0.93211, 37.80209], [-0.93217, 37.8022], [-0.93235, 37.80214], [-0.93251, 37.80243]]]}}, {"type": "Feature", "properties": {"area_ha": 11.783, "dist_km": 3.109, "node": "BALSICAS 220", "node_mw": 207, "osm_id": 594538483, "municipio": "Balsicas"}, "geometry": {"type": "Polygon", "coordinates": [[[-0.93065, 37.80034], [-0.93075, 37.80102], [-0.92981, 37.80246], [-0.92777, 37.8027], [-0.92754, 37.80196], [-0.92678, 37.80201], [-0.92593, 37.79973], [-0.92775, 37.79887], [-0.93065, 37.80034]]]}}, {"type": "Feature", "properties": {"area_ha": 2.713, "dist_km": 0.752, "node": "BALSICAS 220", "node_mw": 207, "osm_id": 594546269, "municipio": "Balsicas"}, "geometry": {"type": "Polygon", "coordinates": [[[-0.94995, 37.82069], [-0.94933, 37.82353], [-0.94774, 37.82238], [-0.94971, 37.82074], [-0.94995, 37.82069]]]}}, {"type": "Feature", "properties": {"area_ha": 1.697, "dist_km": 1.6, "node": "BALSICAS 220", "node_mw": 207, "osm_id": 594637060, "municipio": "Balsicas"}, "geometry": {"type": "Polygon", "coordinates": [[[-0.96263, 37.83264], [-0.96174, 37.83296], [-0.96097, 37.83192], [-0.96181, 37.83175], [-0.9616, 37.83133], [-0.96232, 37.8312], [-0.96277, 37.83156], [-0.96241, 37.83171], [-0.96263, 37.83264]]]}}, {"type": "Feature", "properties": {"area_ha": 0.556, "dist_km": 2.889, "node": "COMPOSTILLA 220", "node_mw": 205, "osm_id": 672455086, "municipio": "Compostilla"}, "geometry": {"type": "Polygon", "coordinates": [[[-6.59953, 42.62194], [-6.59936, 42.62194], [-6.59935, 42.62174], [-6.59797, 42.62179], [-6.59793, 42.62136], [-6.59813, 42.62135], [-6.59813, 42.62148], [-6.59854, 42.62147], [-6.59853, 42.6214], [-6.59859, 42.6214], [-6.59859, 42.62143], [-6.59868, 42.62143], [-6.59869, 42.62147], [-6.59894, 42.62146], [-6.59893, 42.62131], [-6.59949, 42.62129], [-6.59953, 42.62194]]]}}, {"type": "Feature", "properties": {"area_ha": 0.237, "dist_km": 2.76, "node": "COMPOSTILLA 220", "node_mw": 205, "osm_id": 672455087, "municipio": "Compostilla"}, "geometry": {"type": "Polygon", "coordinates": [[[-6.59807, 42.6211], [-6.59691, 42.62114], [-6.5969, 42.62097], [-6.59696, 42.62097], [-6.59695, 42.62091], [-6.59805, 42.62086], [-6.59807, 42.6211]]]}}, {"type": "Feature", "properties": {"area_ha": 0.065, "dist_km": 2.984, "node": "COMPOSTILLA 220", "node_mw": 205, "osm_id": 672455097, "municipio": "Compostilla"}, "geometry": {"type": "Polygon", "coordinates": [[[-6.60132, 42.61987], [-6.60096, 42.61988], [-6.60097, 42.62007], [-6.60109, 42.62007], [-6.60109, 42.62011], [-6.60115, 42.62011], [-6.60115, 42.62006], [-6.60133, 42.62006], [-6.60132, 42.61987]]]}}, {"type": "Feature", "properties": {"area_ha": 0.005, "dist_km": 2.112, "node": "COMPOSTILLA 220", "node_mw": 205, "osm_id": 762958819, "municipio": "Compostilla"}, "geometry": {"type": "Polygon", "coordinates": [[[-6.59391, 42.60563], [-6.59395, 42.60556], [-6.59401, 42.60558], [-6.59397, 42.60565], [-6.59391, 42.60563]]]}}, {"type": "Feature", "properties": {"area_ha": 0.001, "dist_km": 2.062, "node": "COMPOSTILLA 220", "node_mw": 205, "osm_id": 762958958, "municipio": "Compostilla"}, "geometry": {"type": "Polygon", "coordinates": [[[-6.59302, 42.60431], [-6.59299, 42.6043], [-6.59301, 42.60426], [-6.59304, 42.60427], [-6.59303, 42.60429], [-6.59302, 42.60431]]]}}, {"type": "Feature", "properties": {"area_ha": 0.031, "dist_km": 2.147, "node": "COMPOSTILLA 220", "node_mw": 205, "osm_id": 762959076, "municipio": "Compostilla"}, "geometry": {"type": "Polygon", "coordinates": [[[-6.59388, 42.6034], [-6.59353, 42.60331], [-6.59356, 42.60326], [-6.59368, 42.60329], [-6.5937, 42.60325], [-6.59378, 42.60328], [-6.5938, 42.60328], [-6.59378, 42.60332], [-6.59382, 42.60333], [-6.59383, 42.60329], [-6.59398, 42.60333], [-6.59394, 42.60342], [-6.59388, 42.6034]]]}}, {"type": "Feature", "properties": {"area_ha": 0.008, "dist_km": 2.136, "node": "COMPOSTILLA 220", "node_mw": 205, "osm_id": 762959125, "municipio": "Compostilla"}, "geometry": {"type": "Polygon", "coordinates": [[[-6.59435, 42.60576], [-6.59419, 42.60572], [-6.59422, 42.60567], [-6.59437, 42.60571], [-6.59435, 42.60576]]]}}, {"type": "Feature", "properties": {"area_ha": 0.002, "dist_km": 2.533, "node": "COMPOSTILLA 220", "node_mw": 205, "osm_id": 762959198, "municipio": "Compostilla"}, "geometry": {"type": "Polygon", "coordinates": [[[-6.5662, 42.58545], [-6.56621, 42.58549], [-6.56616, 42.5855], [-6.56615, 42.58546], [-6.5662, 42.58545]]]}}, {"type": "Feature", "properties": {"area_ha": 0.007, "dist_km": 2.476, "node": "COMPOSTILLA 220", "node_mw": 205, "osm_id": 762959203, "municipio": "Compostilla"}, "geometry": {"type": "Polygon", "coordinates": [[[-6.57108, 42.58604], [-6.57094, 42.58606], [-6.57093, 42.586], [-6.57107, 42.58598], [-6.57108, 42.58604]]]}}, {"type": "Feature", "properties": {"area_ha": 0.002, "dist_km": 2.906, "node": "COMPOSTILLA 220", "node_mw": 205, "osm_id": 762959208, "municipio": "Compostilla"}, "geometry": {"type": "Polygon", "coordinates": [[[-6.56015, 42.58278], [-6.56015, 42.58276], [-6.56024, 42.58277], [-6.56023, 42.58279], [-6.56015, 42.58278]]]}}, {"type": "Feature", "properties": {"area_ha": 0.003, "dist_km": 2.503, "node": "COMPOSTILLA 220", "node_mw": 205, "osm_id": 762959223, "municipio": "Compostilla"}, "geometry": {"type": "Polygon", "coordinates": [[[-6.5704, 42.58573], [-6.57043, 42.58571], [-6.57049, 42.58575], [-6.57046, 42.58577], [-6.5704, 42.58573]]]}}, {"type": "Feature", "properties": {"area_ha": 0.022, "dist_km": 2.564, "node": "COMPOSTILLA 220", "node_mw": 205, "osm_id": 762959227, "municipio": "Compostilla"}, "geometry": {"type": "Polygon", "coordinates": [[[-6.56661, 42.5851], [-6.56675, 42.58511], [-6.56674, 42.58517], [-6.56681, 42.58517], [-6.56681, 42.58525], [-6.56661, 42.58525], [-6.56661, 42.5851]]]}}, {"type": "Feature", "properties": {"area_ha": 0.01, "dist_km": 2.55, "node": "COMPOSTILLA 220", "node_mw": 205, "osm_id": 762959233, "municipio": "Compostilla"}, "geometry": {"type": "Polygon", "coordinates": [[[-6.56604, 42.58528], [-6.56608, 42.58527], [-6.56609, 42.5853], [-6.56612, 42.58529], [-6.56615, 42.58542], [-6.56608, 42.58543], [-6.56604, 42.58528]]]}}, {"type": "Feature", "properties": {"area_ha": 0.006, "dist_km": 2.494, "node": "COMPOSTILLA 220", "node_mw": 205, "osm_id": 762959234, "municipio": "Compostilla"}, "geometry": {"type": "Polygon", "coordinates": [[[-6.57111, 42.58588], [-6.571, 42.58588], [-6.57099, 42.58583], [-6.5711, 42.58582], [-6.57111, 42.58588]]]}}, {"type": "Feature", "properties": {"area_ha": 0.002, "dist_km": 2.878, "node": "COMPOSTILLA 220", "node_mw": 205, "osm_id": 762959238, "municipio": "Compostilla"}, "geometry": {"type": "Polygon", "coordinates": [[[-6.56043, 42.58299], [-6.56043, 42.58297], [-6.56054, 42.58297], [-6.56053, 42.583], [-6.56043, 42.58299]]]}}, {"type": "Feature", "properties": {"area_ha": 0.001, "dist_km": 2.719, "node": "COMPOSTILLA 220", "node_mw": 205, "osm_id": 762959251, "municipio": "Compostilla"}, "geometry": {"type": "Polygon", "coordinates": [[[-6.56115, 42.58436], [-6.56111, 42.58434], [-6.56113, 42.58432], [-6.56117, 42.58434], [-6.56115, 42.58436]]]}}, {"type": "Feature", "properties": {"area_ha": 0.006, "dist_km": 2.517, "node": "COMPOSTILLA 220", "node_mw": 205, "osm_id": 762959265, "municipio": "Compostilla"}, "geometry": {"type": "Polygon", "coordinates": [[[-6.57098, 42.58561], [-6.57099, 42.58565], [-6.57083, 42.58567], [-6.57082, 42.58563], [-6.57098, 42.58561]]]}}, {"type": "Feature", "properties": {"area_ha": 0.009, "dist_km": 2.888, "node": "COMPOSTILLA 220", "node_mw": 205, "osm_id": 762959289, "municipio": "Compostilla"}, "geometry": {"type": "Polygon", "coordinates": [[[-6.56049, 42.58279], [-6.56057, 42.5828], [-6.56054, 42.58296], [-6.56051, 42.58296], [-6.56052, 42.58291], [-6.56047, 42.58291], [-6.56049, 42.58279]]]}}, {"type": "Feature", "properties": {"area_ha": 0.003, "dist_km": 2.4, "node": "COMPOSTILLA 220", "node_mw": 205, "osm_id": 762959301, "municipio": "Compostilla"}, "geometry": {"type": "Polygon", "coordinates": [[[-6.56395, 42.58683], [-6.564, 42.58685], [-6.56396, 42.5869], [-6.56391, 42.58689], [-6.56395, 42.58683]]]}}, {"type": "Feature", "properties": {"area_ha": 0.003, "dist_km": 2.507, "node": "COMPOSTILLA 220", "node_mw": 205, "osm_id": 762959304, "municipio": "Compostilla"}, "geometry": {"type": "Polygon", "coordinates": [[[-6.57103, 42.58575], [-6.57096, 42.58576], [-6.57095, 42.58571], [-6.57102, 42.5857], [-6.57103, 42.58575]]]}}, {"type": "Feature", "properties": {"area_ha": 0.002, "dist_km": 2.703, "node": "COMPOSTILLA 220", "node_mw": 205, "osm_id": 762959307, "municipio": "Compostilla"}, "geometry": {"type": "Polygon", "coordinates": [[[-6.56081, 42.58451], [-6.56085, 42.58453], [-6.56081, 42.58457], [-6.56077, 42.58455], [-6.56081, 42.58451]]]}}, {"type": "Feature", "properties": {"area_ha": 0.017, "dist_km": 2.076, "node": "COMPOSTILLA 220", "node_mw": 205, "osm_id": 795675500, "municipio": "Compostilla"}, "geometry": {"type": "Polygon", "coordinates": [[[-6.59365, 42.60613], [-6.59373, 42.60618], [-6.5936, 42.60631], [-6.59351, 42.60627], [-6.59365, 42.60613]]]}}, {"type": "Feature", "properties": {"area_ha": 0.012, "dist_km": 1.925, "node": "COMPOSTILLA 220", "node_mw": 205, "osm_id": 795675502, "municipio": "Compostilla"}, "geometry": {"type": "Polygon", "coordinates": [[[-6.59171, 42.60621], [-6.59174, 42.60614], [-6.59171, 42.60613], [-6.59173, 42.60608], [-6.59185, 42.60611], [-6.59179, 42.60623], [-6.59171, 42.60621]]]}}, {"type": "Feature", "properties": {"area_ha": 0.002, "dist_km": 2.445, "node": "COMPOSTILLA 220", "node_mw": 205, "osm_id": 795675530, "municipio": "Compostilla"}, "geometry": {"type": "Polygon", "coordinates": [[[-6.5983, 42.60789], [-6.59827, 42.60792], [-6.59824, 42.60791], [-6.59827, 42.60787], [-6.5983, 42.60789]]]}}, {"type": "Feature", "properties": {"area_ha": 0.003, "dist_km": 2.473, "node": "COMPOSTILLA 220", "node_mw": 205, "osm_id": 795675531, "municipio": "Compostilla"}, "geometry": {"type": "Polygon", "coordinates": [[[-6.59864, 42.60741], [-6.5986, 42.60747], [-6.59855, 42.60745], [-6.59859, 42.6074], [-6.59864, 42.60741]]]}}, {"type": "Feature", "properties": {"area_ha": 0.006, "dist_km": 2.498, "node": "COMPOSTILLA 220", "node_mw": 205, "osm_id": 795675533, "municipio": "Compostilla"}, "geometry": {"type": "Polygon", "coordinates": [[[-6.5989, 42.60707], [-6.59894, 42.60709], [-6.59887, 42.6072], [-6.59883, 42.60718], [-6.5989, 42.60707]]]}}, {"type": "Feature", "properties": {"area_ha": 0.008, "dist_km": 2.334, "node": "COMPOSTILLA 220", "node_mw": 205, "osm_id": 795675534, "municipio": "Compostilla"}, "geometry": {"type": "Polygon", "coordinates": [[[-6.59699, 42.60815], [-6.59695, 42.60823], [-6.59692, 42.60822], [-6.59691, 42.60824], [-6.59685, 42.60822], [-6.59691, 42.60812], [-6.59699, 42.60815]]]}}, {"type": "Feature", "properties": {"area_ha": 0.007, "dist_km": 2.645, "node": "COMPOSTILLA 220", "node_mw": 205, "osm_id": 795675555, "municipio": "Compostilla"}, "geometry": {"type": "Polygon", "coordinates": [[[-6.60062, 42.60652], [-6.60073, 42.6066], [-6.60069, 42.60664], [-6.60063, 42.6066], [-6.60058, 42.60656], [-6.60062, 42.60652]]]}}, {"type": "Feature", "properties": {"area_ha": 0.003, "dist_km": 2.722, "node": "COMPOSTILLA 220", "node_mw": 205, "osm_id": 795675581, "municipio": "Compostilla"}, "geometry": {"type": "Polygon", "coordinates": [[[-6.60168, 42.60832], [-6.60162, 42.6083], [-6.60165, 42.60826], [-6.60171, 42.60828], [-6.60168, 42.60832]]]}}, {"type": "Feature", "properties": {"area_ha": 0.006, "dist_km": 2.691, "node": "COMPOSTILLA 220", "node_mw": 205, "osm_id": 795675585, "municipio": "Compostilla"}, "geometry": {"type": "Polygon", "coordinates": [[[-6.60128, 42.60761], [-6.60133, 42.60763], [-6.60126, 42.60772], [-6.60121, 42.6077], [-6.60128, 42.60761]]]}}, {"type": "Feature", "properties": {"area_ha": 0.003, "dist_km": 2.75, "node": "COMPOSTILLA 220", "node_mw": 205, "osm_id": 795675594, "municipio": "Compostilla"}, "geometry": {"type": "Polygon", "coordinates": [[[-6.60164, 42.61189], [-6.60158, 42.61186], [-6.60162, 42.61182], [-6.60168, 42.61185], [-6.60166, 42.61187], [-6.60164, 42.61189]]]}}, {"type": "Feature", "properties": {"area_ha": 0.003, "dist_km": 1.508, "node": "COMPOSTILLA 220", "node_mw": 205, "osm_id": 813224501, "municipio": "Compostilla"}, "geometry": {"type": "Polygon", "coordinates": [[[-6.58497, 42.60221], [-6.585, 42.60223], [-6.58496, 42.60231], [-6.58493, 42.60229], [-6.58497, 42.60221]]]}}, {"type": "Feature", "properties": {"area_ha": 0.005, "dist_km": 1.188, "node": "COMPOSTILLA 220", "node_mw": 205, "osm_id": 813224504, "municipio": "Compostilla"}, "geometry": {"type": "Polygon", "coordinates": [[[-6.58152, 42.60372], [-6.58155, 42.60368], [-6.58164, 42.60372], [-6.58161, 42.60377], [-6.58152, 42.60372]]]}}, {"type": "Feature", "properties": {"area_ha": 0.004, "dist_km": 1.42, "node": "COMPOSTILLA 220", "node_mw": 205, "osm_id": 813224505, "municipio": "Compostilla"}, "geometry": {"type": "Polygon", "coordinates": [[[-6.58398, 42.60257], [-6.58406, 42.60261], [-6.58402, 42.60265], [-6.58394, 42.6026], [-6.58398, 42.60257]]]}}, {"type": "Feature", "properties": {"area_ha": 0.011, "dist_km": 1.242, "node": "COMPOSTILLA 220", "node_mw": 205, "osm_id": 813224507, "municipio": "Compostilla"}, "geometry": {"type": "Polygon", "coordinates": [[[-6.5825, 42.60424], [-6.58257, 42.60417], [-6.58268, 42.60423], [-6.58262, 42.6043], [-6.5825, 42.60424]]]}}, {"type": "Feature", "properties": {"area_ha": 0.293, "dist_km": 0.737, "node": "COMPOSTILLA 220", "node_mw": 205, "osm_id": 1047432291, "municipio": "Compostilla"}, "geometry": {"type": "Polygon", "coordinates": [[[-6.56396, 42.61416], [-6.56417, 42.61378], [-6.56344, 42.61356], [-6.56323, 42.61393], [-6.56396, 42.61416]]]}}, {"type": "Feature", "properties": {"area_ha": 0.485, "dist_km": 0.636, "node": "COMPOSTILLA 220", "node_mw": 205, "osm_id": 1047432292, "municipio": "Compostilla"}, "geometry": {"type": "Polygon", "coordinates": [[[-6.56478, 42.6128], [-6.56412, 42.6126], [-6.56373, 42.61328], [-6.56439, 42.61349], [-6.56478, 42.6128]]]}}, {"type": "Feature", "properties": {"area_ha": 0.165, "dist_km": 0.49, "node": "COMPOSTILLA 220", "node_mw": 205, "osm_id": 1047432293, "municipio": "Compostilla"}, "geometry": {"type": "Polygon", "coordinates": [[[-6.56638, 42.61246], [-6.5665, 42.61224], [-6.56579, 42.61203], [-6.56579, 42.61203], [-6.56567, 42.61224], [-6.56567, 42.61225], [-6.5662, 42.61241], [-6.56638, 42.61246]]]}}, {"type": "Feature", "properties": {"area_ha": 0.593, "dist_km": 0.472, "node": "COMPOSTILLA 220", "node_mw": 205, "osm_id": 1047432294, "municipio": "Compostilla"}, "geometry": {"type": "Polygon", "coordinates": [[[-6.56528, 42.61123], [-6.56515, 42.61145], [-6.5655, 42.61156], [-6.56559, 42.61172], [-6.56526, 42.6123], [-6.565, 42.61222], [-6.56503, 42.61215], [-6.56479, 42.61207], [-6.56481, 42.61203], [-6.56456, 42.61195], [-6.56493, 42.6113], [-6.56475, 42.61124], [-6.56481, 42.61113], [-6.5651, 42.61121], [-6.56511, 42.61118], [-6.56528, 42.61123]]]}}, {"type": "Feature", "properties": {"area_ha": 1.288, "dist_km": 2.711, "node": "BALSICAS 220", "node_mw": 207, "osm_id": 1185348511, "municipio": "Balsicas"}, "geometry": {"type": "Polygon", "coordinates": [[[-0.9531, 37.84287], [-0.9531, 37.84252], [-0.95282, 37.84186], [-0.9524, 37.84194], [-0.9522, 37.84206], [-0.95166, 37.84222], [-0.95195, 37.84321], [-0.9531, 37.84287]]]}}, {"type": "Feature", "properties": {"area_ha": 0.049, "dist_km": 0.474, "node": "COMPOSTILLA 220", "node_mw": 205, "osm_id": 1300937103, "municipio": "Compostilla"}, "geometry": {"type": "Polygon", "coordinates": [[[-6.5703, 42.61237], [-6.5703, 42.61239], [-6.56978, 42.61238], [-6.5695, 42.61236], [-6.56951, 42.61242], [-6.56933, 42.61243], [-6.56932, 42.61233], [-6.5695, 42.61232], [-6.5695, 42.61233], [-6.57016, 42.6123], [-6.57014, 42.61216], [-6.57021, 42.61215], [-6.57023, 42.61225], [-6.57031, 42.61225], [-6.57031, 42.61226], [-6.57023, 42.61226], [-6.57024, 42.61231], [-6.57017, 42.61232], [-6.57016, 42.61231], [-6.5695, 42.61234], [-6.5695, 42.61235], [-6.5703, 42.61237]]]}}, {"type": "Feature", "properties": {"area_ha": 0.005, "dist_km": 0.495, "node": "COMPOSTILLA 220", "node_mw": 205, "osm_id": 1300937104, "municipio": "Compostilla"}, "geometry": {"type": "Polygon", "coordinates": [[[-6.5699, 42.61255], [-6.5699, 42.6125], [-6.5698, 42.61249], [-6.56979, 42.61255], [-6.5699, 42.61255]]]}}, {"type": "Feature", "properties": {"area_ha": 0.012, "dist_km": 0.524, "node": "COMPOSTILLA 220", "node_mw": 205, "osm_id": 1300937105, "municipio": "Compostilla"}, "geometry": {"type": "Polygon", "coordinates": [[[-6.57224, 42.61196], [-6.57223, 42.61206], [-6.57211, 42.61206], [-6.57211, 42.61195], [-6.57224, 42.61196]]]}}, {"type": "Feature", "properties": {"area_ha": 0.021, "dist_km": 0.589, "node": "COMPOSTILLA 220", "node_mw": 205, "osm_id": 1300937106, "municipio": "Compostilla"}, "geometry": {"type": "Polygon", "coordinates": [[[-6.57261, 42.6124], [-6.57261, 42.61265], [-6.57251, 42.61265], [-6.57252, 42.6124], [-6.57261, 42.6124]]]}}, {"type": "Feature", "properties": {"area_ha": 0.024, "dist_km": 0.6, "node": "COMPOSTILLA 220", "node_mw": 205, "osm_id": 1300937107, "municipio": "Compostilla"}, "geometry": {"type": "Polygon", "coordinates": [[[-6.57277, 42.6124], [-6.57292, 42.61241], [-6.57291, 42.61259], [-6.57277, 42.61259], [-6.57277, 42.6124]]]}}, {"type": "Feature", "properties": {"area_ha": 0.368, "dist_km": 3.031, "node": "COMPOSTILLA 220", "node_mw": 205, "osm_id": 1303152364, "municipio": "Compostilla"}, "geometry": {"type": "Polygon", "coordinates": [[[-6.60366, 42.61769], [-6.60282, 42.61772], [-6.60279, 42.61724], [-6.60363, 42.61721], [-6.60366, 42.61769]]]}}, {"type": "Feature", "properties": {"area_ha": 0.149, "dist_km": 2.834, "node": "COMPOSTILLA 220", "node_mw": 205, "osm_id": 1303301659, "municipio": "Compostilla"}, "geometry": {"type": "Polygon", "coordinates": [[[-6.59592, 42.62366], [-6.5959, 42.62328], [-6.59633, 42.62327], [-6.59636, 42.62364], [-6.59592, 42.62366]]]}}, {"type": "Feature", "properties": {"area_ha": 0.144, "dist_km": 2.869, "node": "COMPOSTILLA 220", "node_mw": 205, "osm_id": 1303301660, "municipio": "Compostilla"}, "geometry": {"type": "Polygon", "coordinates": [[[-6.59602, 42.6241], [-6.59599, 42.62372], [-6.59641, 42.62371], [-6.59644, 42.62408], [-6.59602, 42.6241]]]}}, {"type": "Feature", "properties": {"area_ha": 0.017, "dist_km": 1.645, "node": "COMPOSTILLA 220", "node_mw": 205, "osm_id": 1446713464, "municipio": "Compostilla"}, "geometry": {"type": "Polygon", "coordinates": [[[-6.56392, 42.62261], [-6.56391, 42.62262], [-6.56391, 42.62263], [-6.56389, 42.62267], [-6.56388, 42.62269], [-6.56402, 42.62272], [-6.56403, 42.62271], [-6.56405, 42.62266], [-6.56406, 42.62265], [-6.56406, 42.62262], [-6.56406, 42.6226], [-6.56405, 42.6226], [-6.56405, 42.6226], [-6.56403, 42.6226], [-6.56393, 42.62258], [-6.56392, 42.62261]]]}}, {"type": "Feature", "properties": {"area_ha": 0.386, "dist_km": 0.579, "node": "CEDILLO 400", "node_mw": 203, "osm_id": 361882096, "municipio": "Cedillo"}, "geometry": {"type": "Polygon", "coordinates": [[[-7.53994, 39.66322], [-7.53991, 39.66331], [-7.53989, 39.66337], [-7.53987, 39.66344], [-7.53986, 39.66351], [-7.53985, 39.66357], [-7.53984, 39.66363], [-7.53984, 39.66369], [-7.53984, 39.66376], [-7.53985, 39.66382], [-7.53986, 39.66389], [-7.53987, 39.66394], [-7.53988, 39.66401], [-7.5399, 39.66408], [-7.53993, 39.66414], [-7.53995, 39.6642], [-7.53998, 39.66426], [-7.54001, 39.66432], [-7.54004, 39.66437], [-7.54008, 39.66443], [-7.54013, 39.66449], [-7.54041, 39.66435], [-7.54035, 39.66426], [-7.54029, 39.66416], [-7.54025, 39.66406], [-7.54022, 39.66396], [-7.54019, 39.66385], [-7.54018, 39.66375], [-7.54018, 39.66364], [-7.54019, 39.66354], [-7.54022, 39.66343], [-7.54023, 39.66338], [-7.54026, 39.6633], [-7.53994, 39.66322]]]}}, {"type": "Feature", "properties": {"area_ha": 276.921, "dist_km": 1.849, "node": "EL PALMAR 400", "node_mw": 183, "osm_id": 27457208, "municipio": "El Palmar"}, "geometry": {"type": "Polygon", "coordinates": [[[-1.17822, 37.95091], [-1.17795, 37.95062], [-1.17747, 37.9498], [-1.17848, 37.95048], [-1.17932, 37.94909], [-1.17949, 37.9488], [-1.17977, 37.94835], [-1.18053, 37.9486], [-1.18124, 37.94747], [-1.18161, 37.94744], [-1.18605, 37.94921], [-1.18712, 37.9476], [-1.19239, 37.9489], [-1.19945, 37.95167], [-1.21141, 37.95638], [-1.21424, 37.95814], [-1.21338, 37.95912], [-1.21153, 37.96013], [-1.21196, 37.96085], [-1.20974, 37.96087], [-1.20957, 37.96087], [-1.20951, 37.96085], [-1.20832, 37.96081], [-1.20746, 37.96074], [-1.20668, 37.96074], [-1.20587, 37.96078], [-1.20535, 37.9601], [-1.20432, 37.95983], [-1.20106, 37.96071], [-1.20094, 37.96081], [-1.20046, 37.96139], [-1.19634, 37.96288], [-1.19611, 37.96286], [-1.19484, 37.96277], [-1.19362, 37.96325], [-1.19312, 37.96355], [-1.1899, 37.95932], [-1.18928, 37.95867], [-1.18781, 37.95938], [-1.18755, 37.95891], [-1.18682, 37.95918], [-1.18594, 37.95959], [-1.18571, 37.95926], [-1.18666, 37.95896], [-1.18736, 37.95851], [-1.18809, 37.9579], [-1.18743, 37.95738], [-1.18675, 37.95773], [-1.18638, 37.95728], [-1.18691, 37.95703], [-1.18637, 37.95642], [-1.18553, 37.95573], [-1.18537, 37.95572], [-1.18321, 37.95438], [-1.17822, 37.95091]]]}}, {"type": "Feature", "properties": {"area_ha": 43.956, "dist_km": 1.03, "node": "EL PALMAR 400", "node_mw": 183, "osm_id": 28048566, "municipio": "El Palmar"}, "geometry": {"type": "Polygon", "coordinates": [[[-1.20347, 37.95196], [-1.20549, 37.94904], [-1.20292, 37.94794], [-1.20102, 37.94689], [-1.19856, 37.94541], [-1.19826, 37.94523], [-1.19721, 37.94459], [-1.1966, 37.94419], [-1.19638, 37.94415], [-1.19589, 37.94429], [-1.19522, 37.94476], [-1.19483, 37.94502], [-1.19425, 37.94578], [-1.19369, 37.94675], [-1.19341, 37.94711], [-1.19307, 37.9476], [-1.19327, 37.94797], [-1.20347, 37.95196]]]}}, {"type": "Feature", "properties": {"area_ha": 96.167, "dist_km": 0.913, "node": "EL PALMAR 400", "node_mw": 183, "osm_id": 28048649, "municipio": "El Palmar"}, "geometry": {"type": "Polygon", "coordinates": [[[-1.18733, 37.93885], [-1.18414, 37.93024], [-1.18332, 37.93062], [-1.18103, 37.9317], [-1.18062, 37.93191], [-1.17967, 37.93238], [-1.17942, 37.9325], [-1.17926, 37.93259], [-1.17862, 37.93093], [-1.17771, 37.93119], [-1.17832, 37.93286], [-1.17736, 37.93315], [-1.1776, 37.93398], [-1.17662, 37.93489], [-1.17606, 37.93524], [-1.17601, 37.93518], [-1.17577, 37.93451], [-1.17391, 37.935], [-1.1741, 37.93554], [-1.17248, 37.93584], [-1.17284, 37.93726], [-1.17392, 37.93676], [-1.17524, 37.93999], [-1.17415, 37.94031], [-1.17397, 37.94053], [-1.17397, 37.94055], [-1.17413, 37.94108], [-1.17439, 37.94198], [-1.17615, 37.9422], [-1.17687, 37.9422], [-1.1775, 37.94205], [-1.1781, 37.94179], [-1.17868, 37.94157], [-1.17935, 37.94123], [-1.18035, 37.94055], [-1.18074, 37.94027], [-1.18144, 37.93994], [-1.18251, 37.93963], [-1.18401, 37.93914], [-1.18487, 37.93895], [-1.18574, 37.9388], [-1.18701, 37.93892], [-1.18742, 37.93899], [-1.18733, 37.93885]]]}}, {"type": "Feature", "properties": {"area_ha": 48.283, "dist_km": 2.975, "node": "EL PALMAR 400", "node_mw": 183, "osm_id": 84974966, "municipio": "El Palmar"}, "geometry": {"type": "Polygon", "coordinates": [[[-1.22265, 37.96082], [-1.22294, 37.96076], [-1.22317, 37.96027], [-1.22317, 37.96013], [-1.22206, 37.95872], [-1.22189, 37.95846], [-1.21384, 37.948], [-1.21355, 37.948], [-1.20991, 37.94958], [-1.20999, 37.9497], [-1.20863, 37.95028], [-1.21141, 37.95156], [-1.21166, 37.95168], [-1.21471, 37.95307], [-1.21432, 37.95402], [-1.21387, 37.95429], [-1.21402, 37.95458], [-1.21275, 37.955], [-1.21256, 37.95509], [-1.21289, 37.95511], [-1.21315, 37.95527], [-1.21527, 37.95639], [-1.21755, 37.95739], [-1.21974, 37.95837], [-1.221, 37.9594], [-1.22167, 37.95991], [-1.22246, 37.96079], [-1.22265, 37.96082]]]}}, {"type": "Feature", "properties": {"area_ha": 1.808, "dist_km": 0.75, "node": "EL PALMAR 400", "node_mw": 183, "osm_id": 128347221, "municipio": "El Palmar"}, "geometry": {"type": "Polygon", "coordinates": [[[-1.18891, 37.9348], [-1.1885, 37.93377], [-1.1901, 37.93334], [-1.19055, 37.93435], [-1.18891, 37.9348]]]}}, {"type": "Feature", "properties": {"area_ha": 0.711, "dist_km": 1.041, "node": "EL PALMAR 400", "node_mw": 183, "osm_id": 128630868, "municipio": "El Palmar"}, "geometry": {"type": "Polygon", "coordinates": [[[-1.17683, 37.93904], [-1.17682, 37.93901], [-1.17674, 37.93902], [-1.17599, 37.93664], [-1.17625, 37.93659], [-1.17658, 37.93765], [-1.17663, 37.93765], [-1.17704, 37.93897], [-1.17683, 37.93904]]]}}, {"type": "Feature", "properties": {"area_ha": 0.195, "dist_km": 1.106, "node": "EL PALMAR 400", "node_mw": 183, "osm_id": 128630870, "municipio": "El Palmar"}, "geometry": {"type": "Polygon", "coordinates": [[[-1.17579, 37.93939], [-1.17561, 37.93883], [-1.17528, 37.93891], [-1.17547, 37.93948], [-1.17579, 37.93939]]]}}, {"type": "Feature", "properties": {"area_ha": 1.02, "dist_km": 0.785, "node": "EL PALMAR 400", "node_mw": 183, "osm_id": 128630871, "municipio": "El Palmar"}, "geometry": {"type": "Polygon", "coordinates": [[[-1.17973, 37.93808], [-1.17953, 37.9375], [-1.17949, 37.93751], [-1.17938, 37.93721], [-1.18055, 37.93691], [-1.18062, 37.9371], [-1.18058, 37.93717], [-1.1808, 37.93777], [-1.17973, 37.93808]]]}}, {"type": "Feature", "properties": {"area_ha": 0.108, "dist_km": 1.147, "node": "EL PALMAR 400", "node_mw": 183, "osm_id": 128630872, "municipio": "El Palmar"}, "geometry": {"type": "Polygon", "coordinates": [[[-1.17889, 37.93342], [-1.17875, 37.93328], [-1.17923, 37.93292], [-1.1793, 37.93312], [-1.17889, 37.93342]]]}}, {"type": "Feature", "properties": {"area_ha": 1.192, "dist_km": 0.974, "node": "EL PALMAR 400", "node_mw": 183, "osm_id": 128630873, "municipio": "El Palmar"}, "geometry": {"type": "Polygon", "coordinates": [[[-1.17729, 37.93891], [-1.1769, 37.9376], [-1.17694, 37.93759], [-1.17684, 37.93723], [-1.17726, 37.9371], [-1.1775, 37.93778], [-1.17758, 37.93794], [-1.17798, 37.93781], [-1.178, 37.93786], [-1.17797, 37.93795], [-1.17817, 37.93861], [-1.17729, 37.93891]]]}}, {"type": "Feature", "properties": {"area_ha": 0.404, "dist_km": 1.252, "node": "EL PALMAR 400", "node_mw": 183, "osm_id": 128630874, "municipio": "El Palmar"}, "geometry": {"type": "Polygon", "coordinates": [[[-1.17868, 37.9326], [-1.17834, 37.93176], [-1.17881, 37.93166], [-1.17912, 37.9325], [-1.17868, 37.9326]]]}}, {"type": "Feature", "properties": {"area_ha": 1.019, "dist_km": 0.671, "node": "EL PALMAR 400", "node_mw": 183, "osm_id": 128630875, "municipio": "El Palmar"}, "geometry": {"type": "Polygon", "coordinates": [[[-1.17999, 37.93852], [-1.18085, 37.93824], [-1.18138, 37.9393], [-1.18055, 37.93957], [-1.17999, 37.93852]]]}}, {"type": "Feature", "properties": {"area_ha": 0.895, "dist_km": 0.602, "node": "EL PALMAR 400", "node_mw": 183, "osm_id": 128630876, "municipio": "El Palmar"}, "geometry": {"type": "Polygon", "coordinates": [[[-1.18105, 37.93818], [-1.18187, 37.93793], [-1.18224, 37.93902], [-1.18157, 37.93924], [-1.18105, 37.93818]]]}}, {"type": "Feature", "properties": {"area_ha": 0.425, "dist_km": 1.092, "node": "EL PALMAR 400", "node_mw": 183, "osm_id": 128630878, "municipio": "El Palmar"}, "geometry": {"type": "Polygon", "coordinates": [[[-1.17536, 37.94094], [-1.1751, 37.94011], [-1.17559, 37.93999], [-1.17583, 37.9408], [-1.17584, 37.94083], [-1.17536, 37.94094]]]}}, {"type": "Feature", "properties": {"area_ha": 0.546, "dist_km": 1.055, "node": "EL PALMAR 400", "node_mw": 183, "osm_id": 128630879, "municipio": "El Palmar"}, "geometry": {"type": "Polygon", "coordinates": [[[-1.17669, 37.94113], [-1.17551, 37.94138], [-1.17536, 37.94094], [-1.17584, 37.94083], [-1.17649, 37.94068], [-1.17669, 37.94113]]]}}, {"type": "Feature", "properties": {"area_ha": 0.116, "dist_km": 1.163, "node": "EL PALMAR 400", "node_mw": 183, "osm_id": 128630880, "municipio": "El Palmar"}, "geometry": {"type": "Polygon", "coordinates": [[[-1.17863, 37.93337], [-1.17852, 37.93325], [-1.17912, 37.93281], [-1.17923, 37.93292], [-1.17875, 37.93328], [-1.17863, 37.93337]]]}}, {"type": "Feature", "properties": {"area_ha": 0.784, "dist_km": 0.589, "node": "EL PALMAR 400", "node_mw": 183, "osm_id": 128630881, "municipio": "El Palmar"}, "geometry": {"type": "Polygon", "coordinates": [[[-1.18074, 37.94], [-1.18055, 37.93957], [-1.18138, 37.9393], [-1.18157, 37.93924], [-1.18224, 37.93902], [-1.1824, 37.93944], [-1.18074, 37.94]]]}}, {"type": "Feature", "properties": {"area_ha": 0.504, "dist_km": 1.392, "node": "EL PALMAR 400", "node_mw": 183, "osm_id": 128632203, "municipio": "El Palmar"}, "geometry": {"type": "Polygon", "coordinates": [[[-1.1725, 37.94216], [-1.17212, 37.94222], [-1.1718, 37.94102], [-1.17223, 37.94093], [-1.1725, 37.94216]]]}}, {"type": "Feature", "properties": {"area_ha": 0.123, "dist_km": 2.398, "node": "EL PALMAR 400", "node_mw": 183, "osm_id": 128652039, "municipio": "El Palmar"}, "geometry": {"type": "Polygon", "coordinates": [[[-1.16768, 37.9262], [-1.16762, 37.92602], [-1.16826, 37.92584], [-1.16833, 37.92601], [-1.16768, 37.9262]]]}}, {"type": "Feature", "properties": {"area_ha": 0.4, "dist_km": 2.244, "node": "EL PALMAR 400", "node_mw": 183, "osm_id": 129213612, "municipio": "El Palmar"}, "geometry": {"type": "Polygon", "coordinates": [[[-1.17244, 37.9252], [-1.17189, 37.92533], [-1.1716, 37.92467], [-1.17218, 37.92453], [-1.17244, 37.9252]]]}}, {"type": "Feature", "properties": {"area_ha": 0.466, "dist_km": 2.418, "node": "EL PALMAR 400", "node_mw": 183, "osm_id": 129213615, "municipio": "El Palmar"}, "geometry": {"type": "Polygon", "coordinates": [[[-1.17271, 37.92284], [-1.1725, 37.92217], [-1.17321, 37.92204], [-1.17331, 37.92238], [-1.17325, 37.92241], [-1.17334, 37.92271], [-1.17271, 37.92284]]]}}, {"type": "Feature", "properties": {"area_ha": 0.727, "dist_km": 1.379, "node": "EL PALMAR 400", "node_mw": 183, "osm_id": 129305987, "municipio": "El Palmar"}, "geometry": {"type": "Polygon", "coordinates": [[[-1.17307, 37.93725], [-1.17276, 37.93602], [-1.17311, 37.93591], [-1.17325, 37.93623], [-1.17356, 37.93614], [-1.17377, 37.93674], [-1.17307, 37.93725]]]}}, {"type": "Feature", "properties": {"area_ha": 0.735, "dist_km": 1.259, "node": "EL PALMAR 400", "node_mw": 183, "osm_id": 129305993, "municipio": "El Palmar"}, "geometry": {"type": "Polygon", "coordinates": [[[-1.17485, 37.93588], [-1.17452, 37.935], [-1.17519, 37.93483], [-1.17526, 37.93502], [-1.17559, 37.93495], [-1.17574, 37.93536], [-1.17562, 37.93538], [-1.17564, 37.93545], [-1.17547, 37.93548], [-1.1755, 37.93555], [-1.17531, 37.93558], [-1.17534, 37.93564], [-1.17515, 37.93569], [-1.17518, 37.93575], [-1.17501, 37.93579], [-1.17502, 37.93584], [-1.17485, 37.93588]]]}}, {"type": "Feature", "properties": {"area_ha": 0.28, "dist_km": 1.316, "node": "EL PALMAR 400", "node_mw": 183, "osm_id": 129306010, "municipio": "El Palmar"}, "geometry": {"type": "Polygon", "coordinates": [[[-1.17451, 37.93613], [-1.17429, 37.93562], [-1.17413, 37.93525], [-1.17442, 37.93517], [-1.1748, 37.93604], [-1.17451, 37.93613]]]}}, {"type": "Feature", "properties": {"area_ha": 0.13, "dist_km": 1.323, "node": "EL PALMAR 400", "node_mw": 183, "osm_id": 129306014, "municipio": "El Palmar"}, "geometry": {"type": "Polygon", "coordinates": [[[-1.17407, 37.9363], [-1.1739, 37.93585], [-1.17416, 37.93578], [-1.17434, 37.93622], [-1.17407, 37.9363]]]}}, {"type": "Feature", "properties": {"area_ha": 5.431, "dist_km": 2.974, "node": "EL PALMAR 400", "node_mw": 183, "osm_id": 129436653, "municipio": "El Palmar"}, "geometry": {"type": "Polygon", "coordinates": [[[-1.15765, 37.94734], [-1.15736, 37.94736], [-1.15708, 37.94743], [-1.15639, 37.94765], [-1.15511, 37.94779], [-1.15499, 37.94743], [-1.1549, 37.94738], [-1.15455, 37.94741], [-1.15442, 37.94737], [-1.15415, 37.94735], [-1.15358, 37.9474], [-1.1538, 37.94847], [-1.15407, 37.94844], [-1.1543, 37.94931], [-1.15402, 37.94935], [-1.15407, 37.94961], [-1.15431, 37.94959], [-1.15439, 37.94996], [-1.15444, 37.95016], [-1.15444, 37.95029], [-1.15492, 37.95055], [-1.15506, 37.95037], [-1.15482, 37.95024], [-1.15502, 37.94997], [-1.15529, 37.94995], [-1.1554, 37.95001], [-1.15559, 37.9498], [-1.15538, 37.94903], [-1.15563, 37.949], [-1.15567, 37.94918], [-1.15598, 37.94914], [-1.15593, 37.9489], [-1.15613, 37.94889], [-1.15631, 37.94868], [-1.15608, 37.94867], [-1.15599, 37.94823], [-1.15725, 37.94805], [-1.15724, 37.948], [-1.15739, 37.94785], [-1.15736, 37.94778], [-1.15746, 37.94767], [-1.1575, 37.94763], [-1.15759, 37.94751], [-1.15769, 37.9474], [-1.15765, 37.94734]]]}}, {"type": "Feature", "properties": {"area_ha": 2.487, "dist_km": 0.631, "node": "EL PALMAR 400", "node_mw": 183, "osm_id": 129718506, "municipio": "El Palmar"}, "geometry": {"type": "Polygon", "coordinates": [[[-1.18881, 37.9354], [-1.1882, 37.93557], [-1.1881, 37.9353], [-1.18755, 37.93545], [-1.1875, 37.93534], [-1.18719, 37.93543], [-1.18664, 37.93404], [-1.18812, 37.93368], [-1.18881, 37.9354]]]}}, {"type": "Feature", "properties": {"area_ha": 0.335, "dist_km": 0.477, "node": "EL PALMAR 400", "node_mw": 183, "osm_id": 129719575, "municipio": "El Palmar"}, "geometry": {"type": "Polygon", "coordinates": [[[-1.18415, 37.93853], [-1.18388, 37.93858], [-1.1835, 37.93739], [-1.18377, 37.93734], [-1.18415, 37.93853]]]}}, {"type": "Feature", "properties": {"area_ha": 0.232, "dist_km": 0.652, "node": "EL PALMAR 400", "node_mw": 183, "osm_id": 138020243, "municipio": "El Palmar"}, "geometry": {"type": "Polygon", "coordinates": [[[-1.18435, 37.93588], [-1.18378, 37.93601], [-1.18366, 37.93562], [-1.18424, 37.93549], [-1.18435, 37.93588]]]}}, {"type": "Feature", "properties": {"area_ha": 26.975, "dist_km": 1.128, "node": "EL PALMAR 400", "node_mw": 183, "osm_id": 138130454, "municipio": "El Palmar"}, "geometry": {"type": "Polygon", "coordinates": [[[-1.19476, 37.93513], [-1.19508, 37.93523], [-1.19699, 37.93511], [-1.19927, 37.93485], [-1.19913, 37.9344], [-1.19898, 37.93405], [-1.19794, 37.9317], [-1.19787, 37.93155], [-1.19662, 37.92861], [-1.19236, 37.92997], [-1.1927, 37.93073], [-1.19446, 37.93451], [-1.19476, 37.93513]]]}}, {"type": "Feature", "properties": {"area_ha": 0.195, "dist_km": 1.478, "node": "EL PALMAR 400", "node_mw": 183, "osm_id": 139109607, "municipio": "El Palmar"}, "geometry": {"type": "Polygon", "coordinates": [[[-1.1766, 37.93126], [-1.17572, 37.93148], [-1.17565, 37.93127], [-1.17653, 37.93106], [-1.1766, 37.93126]]]}}, {"type": "Feature", "properties": {"area_ha": 0.945, "dist_km": 1.208, "node": "EL PALMAR 400", "node_mw": 183, "osm_id": 142153949, "municipio": "El Palmar"}, "geometry": {"type": "Polygon", "coordinates": [[[-1.18672, 37.93006], [-1.18515, 37.93045], [-1.18492, 37.92989], [-1.1865, 37.9295], [-1.18672, 37.93006]]]}}, {"type": "Feature", "properties": {"area_ha": 0.371, "dist_km": 1.19, "node": "EL PALMAR 400", "node_mw": 183, "osm_id": 142153950, "municipio": "El Palmar"}, "geometry": {"type": "Polygon", "coordinates": [[[-1.1866, 37.93007], [-1.18652, 37.92984], [-1.18507, 37.93019], [-1.18515, 37.93044], [-1.1866, 37.93007]]]}}, {"type": "Feature", "properties": {"area_ha": 0.513, "dist_km": 1.338, "node": "EL PALMAR 400", "node_mw": 183, "osm_id": 142167183, "municipio": "El Palmar"}, "geometry": {"type": "Polygon", "coordinates": [[[-1.18952, 37.92913], [-1.18931, 37.92869], [-1.19034, 37.92838], [-1.19055, 37.92884], [-1.18952, 37.92913]]]}}, {"type": "Feature", "properties": {"area_ha": 1.575, "dist_km": 1.372, "node": "EL PALMAR 400", "node_mw": 183, "osm_id": 238426312, "municipio": "El Palmar"}, "geometry": {"type": "Polygon", "coordinates": [[[-1.17228, 37.94267], [-1.17274, 37.94495], [-1.1735, 37.94496], [-1.17293, 37.94265], [-1.17228, 37.94267]]]}}, {"type": "Feature", "properties": {"area_ha": 0.391, "dist_km": 1.505, "node": "EL PALMAR 400", "node_mw": 183, "osm_id": 238426314, "municipio": "El Palmar"}, "geometry": {"type": "Polygon", "coordinates": [[[-1.17088, 37.9429], [-1.1714, 37.94448], [-1.17163, 37.94443], [-1.17112, 37.94283], [-1.17088, 37.9429]]]}}, {"type": "Feature", "properties": {"area_ha": 0.167, "dist_km": 1.299, "node": "EL PALMAR 400", "node_mw": 183, "osm_id": 238426316, "municipio": "El Palmar"}, "geometry": {"type": "Polygon", "coordinates": [[[-1.17385, 37.94266], [-1.17299, 37.94282], [-1.17296, 37.94267], [-1.17379, 37.94243], [-1.17385, 37.94266]]]}}, {"type": "Feature", "properties": {"area_ha": 0.33, "dist_km": 1.287, "node": "EL PALMAR 400", "node_mw": 183, "osm_id": 238426317, "municipio": "El Palmar"}, "geometry": {"type": "Polygon", "coordinates": [[[-1.17351, 37.94505], [-1.17466, 37.94505], [-1.17496, 37.94492], [-1.17502, 37.94473], [-1.1735, 37.94488], [-1.17351, 37.94505]]]}}, {"type": "Feature", "properties": {"area_ha": 0.133, "dist_km": 1.236, "node": "EL PALMAR 400", "node_mw": 183, "osm_id": 238426319, "municipio": "El Palmar"}, "geometry": {"type": "Polygon", "coordinates": [[[-1.17425, 37.94378], [-1.17468, 37.94372], [-1.17458, 37.94358], [-1.17444, 37.94349], [-1.17439, 37.94351], [-1.17428, 37.94332], [-1.17418, 37.94334], [-1.1741, 37.94335], [-1.17425, 37.94378]]]}}, {"type": "Feature", "properties": {"area_ha": 0.365, "dist_km": 1.133, "node": "EL PALMAR 400", "node_mw": 183, "osm_id": 238475680, "municipio": "El Palmar"}, "geometry": {"type": "Polygon", "coordinates": [[[-1.17601, 37.93839], [-1.17569, 37.93849], [-1.17563, 37.93837], [-1.1751, 37.93853], [-1.17507, 37.93845], [-1.17557, 37.93829], [-1.17557, 37.93826], [-1.17508, 37.93839], [-1.17503, 37.93828], [-1.17552, 37.93813], [-1.1754, 37.93786], [-1.17579, 37.93776], [-1.17601, 37.93839]]]}}, {"type": "Feature", "properties": {"area_ha": 0.221, "dist_km": 1.044, "node": "EL PALMAR 400", "node_mw": 183, "osm_id": 238475682, "municipio": "El Palmar"}, "geometry": {"type": "Polygon", "coordinates": [[[-1.18045, 37.9334], [-1.18059, 37.9337], [-1.18011, 37.93384], [-1.18009, 37.9338], [-1.18003, 37.93381], [-1.18002, 37.93379], [-1.17996, 37.93381], [-1.17995, 37.93378], [-1.17991, 37.93379], [-1.17989, 37.93376], [-1.17983, 37.93378], [-1.17981, 37.93373], [-1.17976, 37.93375], [-1.1797, 37.93361], [-1.18045, 37.9334]]]}}, {"type": "Feature", "properties": {"area_ha": 1.611, "dist_km": 0.931, "node": "EL PALMAR 400", "node_mw": 183, "osm_id": 238475683, "municipio": "El Palmar"}, "geometry": {"type": "Polygon", "coordinates": [[[-1.17799, 37.93599], [-1.17748, 37.93615], [-1.17773, 37.93684], [-1.17789, 37.93679], [-1.17787, 37.93672], [-1.17823, 37.9366], [-1.17829, 37.93683], [-1.1778, 37.93698], [-1.17816, 37.93795], [-1.17859, 37.93782], [-1.17857, 37.93773], [-1.17845, 37.93748], [-1.17852, 37.93745], [-1.17859, 37.93763], [-1.17907, 37.93748], [-1.17908, 37.93753], [-1.17925, 37.93748], [-1.17908, 37.93703], [-1.17897, 37.93706], [-1.1788, 37.93673], [-1.17897, 37.93669], [-1.17882, 37.93629], [-1.17817, 37.9365], [-1.17799, 37.93599]]]}}, {"type": "Feature", "properties": {"area_ha": 0.351, "dist_km": 0.895, "node": "EL PALMAR 400", "node_mw": 183, "osm_id": 238475685, "municipio": "El Palmar"}, "geometry": {"type": "Polygon", "coordinates": [[[-1.18377, 37.9336], [-1.18446, 37.93345], [-1.1843, 37.93297], [-1.1836, 37.93312], [-1.18377, 37.9336]]]}}, {"type": "Feature", "properties": {"area_ha": 0.131, "dist_km": 1.141, "node": "EL PALMAR 400", "node_mw": 183, "osm_id": 238475690, "municipio": "El Palmar"}, "geometry": {"type": "Polygon", "coordinates": [[[-1.17531, 37.93963], [-1.1751, 37.93968], [-1.17489, 37.93907], [-1.17509, 37.93903], [-1.17531, 37.93963]]]}}, {"type": "Feature", "properties": {"area_ha": 0.07, "dist_km": 1.155, "node": "EL PALMAR 400", "node_mw": 183, "osm_id": 238475692, "municipio": "El Palmar"}, "geometry": {"type": "Polygon", "coordinates": [[[-1.17523, 37.93747], [-1.1753, 37.93762], [-1.17571, 37.93749], [-1.17566, 37.93734], [-1.17523, 37.93747]]]}}, {"type": "Feature", "properties": {"area_ha": 0.155, "dist_km": 0.805, "node": "EL PALMAR 400", "node_mw": 183, "osm_id": 238475694, "municipio": "El Palmar"}, "geometry": {"type": "Polygon", "coordinates": [[[-1.18533, 37.93401], [-1.18499, 37.93409], [-1.18483, 37.93365], [-1.18517, 37.93358], [-1.18533, 37.93401]]]}}, {"type": "Feature", "properties": {"area_ha": 0.078, "dist_km": 1.046, "node": "EL PALMAR 400", "node_mw": 183, "osm_id": 238475696, "municipio": "El Palmar"}, "geometry": {"type": "Polygon", "coordinates": [[[-1.17706, 37.93653], [-1.17744, 37.93642], [-1.17752, 37.93659], [-1.17713, 37.93673], [-1.17706, 37.93653]]]}}, {"type": "Feature", "properties": {"area_ha": 0.035, "dist_km": 1.092, "node": "EL PALMAR 400", "node_mw": 183, "osm_id": 238475698, "municipio": "El Palmar"}, "geometry": {"type": "Polygon", "coordinates": [[[-1.17601, 37.93857], [-1.17574, 37.93866], [-1.17568, 37.93854], [-1.17595, 37.93846], [-1.17601, 37.93857]]]}}, {"type": "Feature", "properties": {"area_ha": 0.168, "dist_km": 0.846, "node": "EL PALMAR 400", "node_mw": 183, "osm_id": 238475699, "municipio": "El Palmar"}, "geometry": {"type": "Polygon", "coordinates": [[[-1.18379, 37.93366], [-1.18388, 37.93391], [-1.18453, 37.93377], [-1.18445, 37.93353], [-1.18379, 37.93366]]]}}, {"type": "Feature", "properties": {"area_ha": 0.062, "dist_km": 1.179, "node": "EL PALMAR 400", "node_mw": 183, "osm_id": 238475701, "municipio": "El Palmar"}, "geometry": {"type": "Polygon", "coordinates": [[[-1.17557, 37.93713], [-1.17551, 37.937], [-1.1751, 37.93712], [-1.17517, 37.93726], [-1.17557, 37.93713]]]}}, {"type": "Feature", "properties": {"area_ha": 0.494, "dist_km": 1.015, "node": "EL PALMAR 400", "node_mw": 183, "osm_id": 238475702, "municipio": "El Palmar"}, "geometry": {"type": "Polygon", "coordinates": [[[-1.18116, 37.93269], [-1.18176, 37.93252], [-1.18207, 37.93322], [-1.18207, 37.93329], [-1.1815, 37.93345], [-1.18116, 37.93269]]]}}, {"type": "Feature", "properties": {"area_ha": 0.627, "dist_km": 1.238, "node": "EL PALMAR 400", "node_mw": 183, "osm_id": 238475704, "municipio": "El Palmar"}, "geometry": {"type": "Polygon", "coordinates": [[[-1.17523, 37.93761], [-1.17473, 37.93775], [-1.17426, 37.93666], [-1.17446, 37.93652], [-1.17473, 37.93645], [-1.17523, 37.93761]]]}}, {"type": "Feature", "properties": {"area_ha": 0.625, "dist_km": 1.038, "node": "EL PALMAR 400", "node_mw": 183, "osm_id": 238475705, "municipio": "El Palmar"}, "geometry": {"type": "Polygon", "coordinates": [[[-1.18106, 37.93272], [-1.18138, 37.93344], [-1.18132, 37.9335], [-1.18065, 37.93368], [-1.18045, 37.93325], [-1.18034, 37.93292], [-1.18106, 37.93272]]]}}, {"type": "Feature", "properties": {"area_ha": 0.584, "dist_km": 0.949, "node": "EL PALMAR 400", "node_mw": 183, "osm_id": 238475707, "municipio": "El Palmar"}, "geometry": {"type": "Polygon", "coordinates": [[[-1.1835, 37.93345], [-1.1834, 37.93317], [-1.18294, 37.93327], [-1.18275, 37.9327], [-1.18225, 37.93281], [-1.18253, 37.93365], [-1.1835, 37.93345]]]}}, {"type": "Feature", "properties": {"area_ha": 0.602, "dist_km": 0.848, "node": "EL PALMAR 400", "node_mw": 183, "osm_id": 238475708, "municipio": "El Palmar"}, "geometry": {"type": "Polygon", "coordinates": [[[-1.18251, 37.93395], [-1.18256, 37.93407], [-1.18262, 37.93406], [-1.18268, 37.93422], [-1.18322, 37.9341], [-1.18337, 37.9346], [-1.18389, 37.93449], [-1.18364, 37.9337], [-1.18251, 37.93395]]]}}, {"type": "Feature", "properties": {"area_ha": 0.331, "dist_km": 1.083, "node": "EL PALMAR 400", "node_mw": 183, "osm_id": 238475710, "municipio": "El Palmar"}, "geometry": {"type": "Polygon", "coordinates": [[[-1.17963, 37.93359], [-1.17951, 37.93325], [-1.18013, 37.93304], [-1.18011, 37.93299], [-1.18034, 37.93292], [-1.18045, 37.93331], [-1.18006, 37.93344], [-1.18006, 37.93346], [-1.17963, 37.9336], [-1.17963, 37.93359]]]}}, {"type": "Feature", "properties": {"area_ha": 0.129, "dist_km": 1.105, "node": "EL PALMAR 400", "node_mw": 183, "osm_id": 238476608, "municipio": "El Palmar"}, "geometry": {"type": "Polygon", "coordinates": [[[-1.17771, 37.93492], [-1.17822, 37.93475], [-1.17817, 37.93453], [-1.1776, 37.93471], [-1.17771, 37.93492]]]}}, {"type": "Feature", "properties": {"area_ha": 0.055, "dist_km": 0.942, "node": "EL PALMAR 400", "node_mw": 183, "osm_id": 238476609, "municipio": "El Palmar"}, "geometry": {"type": "Polygon", "coordinates": [[[-1.17896, 37.93609], [-1.17928, 37.936], [-1.17921, 37.93585], [-1.17889, 37.93593], [-1.17896, 37.93609]]]}}, {"type": "Feature", "properties": {"area_ha": 0.215, "dist_km": 1.159, "node": "EL PALMAR 400", "node_mw": 183, "osm_id": 238476610, "municipio": "El Palmar"}, "geometry": {"type": "Polygon", "coordinates": [[[-1.1771, 37.93534], [-1.17665, 37.93545], [-1.17653, 37.93508], [-1.1769, 37.93479], [-1.1771, 37.93534]]]}}, {"type": "Feature", "properties": {"area_ha": 0.09, "dist_km": 1.083, "node": "EL PALMAR 400", "node_mw": 183, "osm_id": 238476611, "municipio": "El Palmar"}, "geometry": {"type": "Polygon", "coordinates": [[[-1.17836, 37.93493], [-1.1783, 37.9348], [-1.17767, 37.93501], [-1.17774, 37.93513], [-1.17836, 37.93493]]]}}, {"type": "Feature", "properties": {"area_ha": 0.28, "dist_km": 1.136, "node": "EL PALMAR 400", "node_mw": 183, "osm_id": 238476612, "municipio": "El Palmar"}, "geometry": {"type": "Polygon", "coordinates": [[[-1.17769, 37.93516], [-1.17722, 37.9353], [-1.17707, 37.935], [-1.17712, 37.93498], [-1.17702, 37.93478], [-1.17751, 37.93463], [-1.17769, 37.93516]]]}}, {"type": "Feature", "properties": {"area_ha": 0.857, "dist_km": 1.734, "node": "HERRERA 220", "node_mw": 190, "osm_id": 327056696, "municipio": "Herrera"}, "geometry": {"type": "Polygon", "coordinates": [[[-4.327, 42.58402], [-4.32629, 42.58404], [-4.32633, 42.58505], [-4.32691, 42.58504], [-4.3269, 42.58563], [-4.32702, 42.58562], [-4.32704, 42.58525], [-4.32714, 42.58524], [-4.32716, 42.58516], [-4.32722, 42.58503], [-4.32719, 42.5844], [-4.327, 42.5844], [-4.327, 42.58402]]]}}, {"type": "Feature", "properties": {"area_ha": 2.889, "dist_km": 1.788, "node": "HERRERA 220", "node_mw": 190, "osm_id": 380272064, "municipio": "Herrera"}, "geometry": {"type": "Polygon", "coordinates": [[[-4.3271, 42.58645], [-4.32702, 42.58633], [-4.32672, 42.58591], [-4.32653, 42.58566], [-4.32636, 42.58541], [-4.3262, 42.58517], [-4.32606, 42.58493], [-4.32589, 42.58449], [-4.32588, 42.58448], [-4.32574, 42.58377], [-4.32585, 42.58375], [-4.32597, 42.58371], [-4.32609, 42.58363], [-4.32619, 42.58359], [-4.32696, 42.58353], [-4.32725, 42.58356], [-4.32758, 42.5836], [-4.3271, 42.58645]]]}}, {"type": "Feature", "properties": {"area_ha": 0.318, "dist_km": 1.122, "node": "HERRERA 220", "node_mw": 190, "osm_id": 380677973, "municipio": "Herrera"}, "geometry": {"type": "Polygon", "coordinates": [[[-4.33025, 42.59916], [-4.33101, 42.59922], [-4.33094, 42.59882], [-4.331, 42.59881], [-4.33099, 42.59854], [-4.33086, 42.59855], [-4.33059, 42.5987], [-4.3305, 42.5987], [-4.33036, 42.5989], [-4.33025, 42.59916]]]}}, {"type": "Feature", "properties": {"area_ha": 0.219, "dist_km": 1.163, "node": "HERRERA 220", "node_mw": 190, "osm_id": 380677974, "municipio": "Herrera"}, "geometry": {"type": "Polygon", "coordinates": [[[-4.33013, 42.59975], [-4.33096, 42.59983], [-4.33101, 42.59948], [-4.33092, 42.59949], [-4.3309, 42.59962], [-4.33057, 42.59959], [-4.33059, 42.59946], [-4.33015, 42.59942], [-4.33013, 42.59975]]]}}, {"type": "Feature", "properties": {"area_ha": 5.834, "dist_km": 1.793, "node": "EL PALMAR 400", "node_mw": 183, "osm_id": 458832629, "municipio": "El Palmar"}, "geometry": {"type": "Polygon", "coordinates": [[[-1.19818, 37.92708], [-1.19718, 37.92718], [-1.19706, 37.92692], [-1.19614, 37.92717], [-1.19478, 37.9243], [-1.19646, 37.92387], [-1.19818, 37.92708]]]}}, {"type": "Feature", "properties": {"area_ha": 0.605, "dist_km": 1.174, "node": "EL PALMAR 400", "node_mw": 183, "osm_id": 537699400, "municipio": "El Palmar"}, "geometry": {"type": "Polygon", "coordinates": [[[-1.1999, 37.94634], [-1.19953, 37.94688], [-1.19875, 37.94656], [-1.19917, 37.94588], [-1.19923, 37.94592], [-1.19958, 37.94614], [-1.1999, 37.94634]]]}}, {"type": "Feature", "properties": {"area_ha": 2.304, "dist_km": 1.225, "node": "EL PALMAR 400", "node_mw": 183, "osm_id": 689322193, "municipio": "El Palmar"}, "geometry": {"type": "Polygon", "coordinates": [[[-1.20079, 37.93917], [-1.20034, 37.93831], [-1.20036, 37.93799], [-1.20065, 37.93791], [-1.2009, 37.93845], [-1.20111, 37.93841], [-1.20116, 37.93851], [-1.20134, 37.93852], [-1.20217, 37.93763], [-1.20234, 37.93743], [-1.20268, 37.93759], [-1.20292, 37.93812], [-1.20269, 37.93816], [-1.20301, 37.93878], [-1.20079, 37.93917]]]}}, {"type": "Feature", "properties": {"area_ha": 0.517, "dist_km": 2.762, "node": "EL PALMAR 400", "node_mw": 183, "osm_id": 689322770, "municipio": "El Palmar"}, "geometry": {"type": "Polygon", "coordinates": [[[-1.21677, 37.93139], [-1.21747, 37.93129], [-1.21761, 37.93122], [-1.21743, 37.93071], [-1.2164, 37.93089], [-1.21669, 37.93127], [-1.21677, 37.93139]]]}}, {"type": "Feature", "properties": {"area_ha": 0.071, "dist_km": 2.523, "node": "EL PALMAR 400", "node_mw": 183, "osm_id": 689322773, "municipio": "El Palmar"}, "geometry": {"type": "Polygon", "coordinates": [[[-1.21489, 37.93277], [-1.21466, 37.93247], [-1.21486, 37.93239], [-1.21507, 37.93271], [-1.21489, 37.93277]]]}}, {"type": "Feature", "properties": {"area_ha": 0.21, "dist_km": 2.555, "node": "EL PALMAR 400", "node_mw": 183, "osm_id": 689322774, "municipio": "El Palmar"}, "geometry": {"type": "Polygon", "coordinates": [[[-1.21471, 37.93187], [-1.21437, 37.93129], [-1.2147, 37.93119], [-1.21497, 37.9317], [-1.21493, 37.9318], [-1.21471, 37.93187]]]}}, {"type": "Feature", "properties": {"area_ha": 0.067, "dist_km": 2.831, "node": "EL PALMAR 400", "node_mw": 183, "osm_id": 887288114, "municipio": "El Palmar"}, "geometry": {"type": "Polygon", "coordinates": [[[-1.21042, 37.92246], [-1.21043, 37.92249], [-1.21064, 37.92241], [-1.21051, 37.92217], [-1.2103, 37.92225], [-1.21031, 37.92227], [-1.21026, 37.92229], [-1.21031, 37.92236], [-1.21029, 37.92237], [-1.21033, 37.92242], [-1.21038, 37.9224], [-1.21042, 37.92246]]]}}, {"type": "Feature", "properties": {"area_ha": 0.652, "dist_km": 2.104, "node": "EL PALMAR 400", "node_mw": 183, "osm_id": 887288130, "municipio": "El Palmar"}, "geometry": {"type": "Polygon", "coordinates": [[[-1.17139, 37.92713], [-1.16999, 37.9275], [-1.17017, 37.92793], [-1.17154, 37.92757], [-1.17139, 37.92713]]]}}, {"type": "Feature", "properties": {"area_ha": 0.805, "dist_km": 0.889, "node": "EL PALMAR 400", "node_mw": 183, "osm_id": 1029393140, "municipio": "El Palmar"}, "geometry": {"type": "Polygon", "coordinates": [[[-1.18908, 37.94833], [-1.1888, 37.94876], [-1.18889, 37.94879], [-1.18916, 37.94835], [-1.18973, 37.9485], [-1.18932, 37.94914], [-1.18925, 37.94915], [-1.18817, 37.94873], [-1.1885, 37.94817], [-1.18908, 37.94833]]]}}, {"type": "Feature", "properties": {"area_ha": 0.273, "dist_km": 2.492, "node": "TABERNAS 220", "node_mw": 181, "osm_id": 432121121, "municipio": "Tabernas"}, "geometry": {"type": "Polygon", "coordinates": [[[-2.29414, 37.08758], [-2.29348, 37.08752], [-2.29341, 37.08798], [-2.29364, 37.088], [-2.29368, 37.08775], [-2.29385, 37.08776], [-2.2938, 37.08805], [-2.29407, 37.08807], [-2.29414, 37.08758]]]}}, {"type": "Feature", "properties": {"area_ha": 20.917, "dist_km": 0.412, "node": "ARCOS DE LA FRONTERA 400", "node_mw": 177, "osm_id": 144487936, "municipio": "Arcos De La Frontera"}, "geometry": {"type": "Polygon", "coordinates": [[[-5.81432, 36.66881], [-5.81427, 36.66994], [-5.81425, 36.67029], [-5.81421, 36.67029], [-5.81415, 36.67029], [-5.81426, 36.67084], [-5.8143, 36.67182], [-5.81299, 36.67238], [-5.81247, 36.67279], [-5.81255, 36.67285], [-5.81346, 36.67358], [-5.81393, 36.67323], [-5.81427, 36.67289], [-5.81435, 36.67369], [-5.81502, 36.67399], [-5.81588, 36.67421], [-5.81612, 36.67431], [-5.81625, 36.67447], [-5.81679, 36.67475], [-5.81721, 36.67496], [-5.81793, 36.67479], [-5.81829, 36.6747], [-5.81851, 36.67457], [-5.81852, 36.67445], [-5.81853, 36.67416], [-5.81854, 36.67404], [-5.81828, 36.67402], [-5.81818, 36.67352], [-5.81816, 36.67316], [-5.81821, 36.67308], [-5.81821, 36.67293], [-5.81814, 36.67289], [-5.8181, 36.67236], [-5.81791, 36.67135], [-5.81765, 36.67036], [-5.8175, 36.67035], [-5.81731, 36.67028], [-5.81693, 36.66918], [-5.81432, 36.66881]]]}}, {"type": "Feature", "properties": {"area_ha": 387.092, "dist_km": 2.139, "node": "ARCOS DE LA FRONTERA 400", "node_mw": 177, "osm_id": 144487938, "municipio": "Arcos De La Frontera"}, "geometry": {"type": "Polygon", "coordinates": [[[-5.85541, 36.65676], [-5.85535, 36.65668], [-5.85527, 36.65664], [-5.84947, 36.65674], [-5.84944, 36.65673], [-5.84943, 36.65671], [-5.84935, 36.65402], [-5.84937, 36.65399], [-5.84925, 36.65394], [-5.84877, 36.65388], [-5.84562, 36.65396], [-5.84562, 36.65388], [-5.84562, 36.65366], [-5.84498, 36.65367], [-5.84494, 36.65289], [-5.84347, 36.65287], [-5.83816, 36.65275], [-5.82818, 36.65269], [-5.82833, 36.65725], [-5.82732, 36.65724], [-5.82725, 36.6573], [-5.82724, 36.65744], [-5.82725, 36.65941], [-5.8272, 36.65977], [-5.82699, 36.65998], [-5.8269, 36.66027], [-5.82696, 36.66029], [-5.82699, 36.66029], [-5.82698, 36.6604], [-5.82701, 36.66217], [-5.82699, 36.66298], [-5.82651, 36.66296], [-5.82637, 36.66301], [-5.8263, 36.6631], [-5.82639, 36.66569], [-5.82588, 36.66568], [-5.8258, 36.66544], [-5.82565, 36.66545], [-5.82569, 36.66609], [-5.82568, 36.66651], [-5.8257, 36.6681], [-5.82576, 36.66867], [-5.82579, 36.66883], [-5.85057, 36.6682], [-5.85059, 36.66695], [-5.85057, 36.66577], [-5.85083, 36.66545], [-5.85091, 36.66528], [-5.85085, 36.66471], [-5.85079, 36.66254], [-5.85176, 36.66245], [-5.85191, 36.66247], [-5.85191, 36.6625], [-5.85201, 36.66251], [-5.85525, 36.66243], [-5.85526, 36.66231], [-5.85517, 36.66007], [-5.85521, 36.65991], [-5.85545, 36.65965], [-5.85551, 36.65949], [-5.85541, 36.65676]]]}}, {"type": "Feature", "properties": {"area_ha": 0.225, "dist_km": 0.508, "node": "ARCOS DE LA FRONTERA 400", "node_mw": 177, "osm_id": 216251076, "municipio": "Arcos De La Frontera"}, "geometry": {"type": "Polygon", "coordinates": [[[-5.81602, 36.67339], [-5.81475, 36.67342], [-5.81474, 36.67324], [-5.8153, 36.67323], [-5.81601, 36.67321], [-5.81602, 36.67339]]]}}, {"type": "Feature", "properties": {"area_ha": 0.225, "dist_km": 0.485, "node": "ARCOS DE LA FRONTERA 400", "node_mw": 177, "osm_id": 216251077, "municipio": "Arcos De La Frontera"}, "geometry": {"type": "Polygon", "coordinates": [[[-5.81587, 36.67088], [-5.81516, 36.6709], [-5.81461, 36.67091], [-5.8146, 36.67073], [-5.81587, 36.67071], [-5.81587, 36.67088]]]}}, {"type": "Feature", "properties": {"area_ha": 0.225, "dist_km": 0.478, "node": "ARCOS DE LA FRONTERA 400", "node_mw": 177, "osm_id": 216251079, "municipio": "Arcos De La Frontera"}, "geometry": {"type": "Polygon", "coordinates": [[[-5.8159, 36.67155], [-5.81463, 36.67158], [-5.81462, 36.67141], [-5.81518, 36.67139], [-5.81589, 36.67138], [-5.8159, 36.67155]]]}}, {"type": "Feature", "properties": {"area_ha": 0.225, "dist_km": 0.487, "node": "ARCOS DE LA FRONTERA 400", "node_mw": 177, "osm_id": 216251080, "municipio": "Arcos De La Frontera"}, "geometry": {"type": "Polygon", "coordinates": [[[-5.81599, 36.67276], [-5.81472, 36.67279], [-5.81471, 36.67261], [-5.81527, 36.67259], [-5.81598, 36.67258], [-5.81599, 36.67276]]]}}, {"type": "Feature", "properties": {"area_ha": 0.091, "dist_km": 0.378, "node": "ARCOS DE LA FRONTERA 400", "node_mw": 177, "osm_id": 216251157, "municipio": "Arcos De La Frontera"}, "geometry": {"type": "Polygon", "coordinates": [[[-5.81661, 36.67097], [-5.8166, 36.67068], [-5.81628, 36.67069], [-5.81629, 36.67097], [-5.81661, 36.67097]]]}}, {"type": "Feature", "properties": {"area_ha": 0.097, "dist_km": 0.372, "node": "ARCOS DE LA FRONTERA 400", "node_mw": 177, "osm_id": 216251158, "municipio": "Arcos De La Frontera"}, "geometry": {"type": "Polygon", "coordinates": [[[-5.81662, 36.67127], [-5.81661, 36.67097], [-5.81629, 36.67097], [-5.8163, 36.67128], [-5.81662, 36.67127]]]}}, {"type": "Feature", "properties": {"area_ha": 0.088, "dist_km": 0.423, "node": "ARCOS DE LA FRONTERA 400", "node_mw": 177, "osm_id": 216251167, "municipio": "Arcos De La Frontera"}, "geometry": {"type": "Polygon", "coordinates": [[[-5.81663, 36.67352], [-5.81663, 36.67347], [-5.81662, 36.67324], [-5.8163, 36.67325], [-5.81631, 36.67352], [-5.81663, 36.67352]]]}}, {"type": "Feature", "properties": {"area_ha": 0.177, "dist_km": 0.321, "node": "ARCOS DE LA FRONTERA 400", "node_mw": 177, "osm_id": 216251171, "municipio": "Arcos De La Frontera"}, "geometry": {"type": "Polygon", "coordinates": [[[-5.81689, 36.67057], [-5.81693, 36.67172], [-5.81705, 36.67172], [-5.81705, 36.67167], [-5.81704, 36.67133], [-5.81709, 36.67132], [-5.81708, 36.67097], [-5.81707, 36.67066], [-5.81706, 36.67057], [-5.81689, 36.67057]]]}}, {"type": "Feature", "properties": {"area_ha": 0.339, "dist_km": 0.351, "node": "ARCOS DE LA FRONTERA 400", "node_mw": 177, "osm_id": 216251174, "municipio": "Arcos De La Frontera"}, "geometry": {"type": "Polygon", "coordinates": [[[-5.81689, 36.67057], [-5.81693, 36.67172], [-5.81663, 36.67173], [-5.81662, 36.67127], [-5.81661, 36.67097], [-5.8166, 36.67068], [-5.8166, 36.67058], [-5.81689, 36.67057]]]}}, {"type": "Feature", "properties": {"area_ha": 0.028, "dist_km": 1.032, "node": "BELGIDA 220", "node_mw": 178, "osm_id": 249314905, "municipio": "Belgida"}, "geometry": {"type": "Polygon", "coordinates": [[[-0.47399, 38.8427], [-0.47385, 38.84273], [-0.47377, 38.84253], [-0.47387, 38.8425], [-0.4739, 38.84258], [-0.47394, 38.84257], [-0.47399, 38.8427]]]}}, {"type": "Feature", "properties": {"area_ha": 1.084, "dist_km": 2.981, "node": "BELGIDA 220", "node_mw": 178, "osm_id": 370191436, "municipio": "Belgida"}, "geometry": {"type": "Polygon", "coordinates": [[[-0.5019, 38.85307], [-0.50158, 38.85238], [-0.50005, 38.8528], [-0.50028, 38.85337], [-0.50079, 38.85323], [-0.50084, 38.85334], [-0.5019, 38.85307]]]}}, {"type": "Feature", "properties": {"area_ha": 1.265, "dist_km": 2.766, "node": "BELGIDA 220", "node_mw": 178, "osm_id": 370218803, "municipio": "Belgida"}, "geometry": {"type": "Polygon", "coordinates": [[[-0.49691, 38.85452], [-0.49698, 38.85385], [-0.49916, 38.854], [-0.49903, 38.85443], [-0.49851, 38.8544], [-0.49849, 38.85463], [-0.49796, 38.85459], [-0.49691, 38.85452]]]}}, {"type": "Feature", "properties": {"area_ha": 0.938, "dist_km": 2.729, "node": "BELGIDA 220", "node_mw": 178, "osm_id": 370218804, "municipio": "Belgida"}, "geometry": {"type": "Polygon", "coordinates": [[[-0.49691, 38.85452], [-0.49685, 38.85507], [-0.49711, 38.8553], [-0.49745, 38.85533], [-0.49741, 38.85558], [-0.49802, 38.85563], [-0.49806, 38.8551], [-0.49789, 38.85508], [-0.49796, 38.85459], [-0.49691, 38.85452]]]}}, {"type": "Feature", "properties": {"area_ha": 0.153, "dist_km": 2.849, "node": "BELGIDA 220", "node_mw": 178, "osm_id": 370218805, "municipio": "Belgida"}, "geometry": {"type": "Polygon", "coordinates": [[[-0.4995, 38.85424], [-0.49933, 38.85416], [-0.49868, 38.85485], [-0.49881, 38.85494], [-0.4995, 38.85424]]]}}, {"type": "Feature", "properties": {"area_ha": 0.016, "dist_km": 2.858, "node": "BELGIDA 220", "node_mw": 178, "osm_id": 370218808, "municipio": "Belgida"}, "geometry": {"type": "Polygon", "coordinates": [[[-0.49933, 38.85416], [-0.49938, 38.85403], [-0.49925, 38.85401], [-0.49921, 38.85412], [-0.49933, 38.85416]]]}}, {"type": "Feature", "properties": {"area_ha": 0.077, "dist_km": 2.941, "node": "BELGIDA 220", "node_mw": 178, "osm_id": 370218824, "municipio": "Belgida"}, "geometry": {"type": "Polygon", "coordinates": [[[-0.50078, 38.85162], [-0.50073, 38.85135], [-0.50044, 38.85138], [-0.50049, 38.85165], [-0.50078, 38.85162]]]}}, {"type": "Feature", "properties": {"area_ha": 0.08, "dist_km": 2.97, "node": "BELGIDA 220", "node_mw": 178, "osm_id": 370218826, "municipio": "Belgida"}, "geometry": {"type": "Polygon", "coordinates": [[[-0.50103, 38.85164], [-0.50085, 38.85164], [-0.50087, 38.85118], [-0.50105, 38.85119], [-0.50103, 38.85164]]]}}, {"type": "Feature", "properties": {"area_ha": 31.626, "dist_km": 2.781, "node": "BELGIDA 220", "node_mw": 178, "osm_id": 392906968, "municipio": "Belgida"}, "geometry": {"type": "Polygon", "coordinates": [[[-0.49367, 38.84031], [-0.49367, 38.83924], [-0.49366, 38.83761], [-0.49446, 38.83766], [-0.49455, 38.83765], [-0.49463, 38.83762], [-0.49485, 38.83755], [-0.49492, 38.83755], [-0.49572, 38.83777], [-0.4957, 38.8382], [-0.49747, 38.83816], [-0.49755, 38.83829], [-0.49767, 38.8385], [-0.49808, 38.83891], [-0.49821, 38.839], [-0.49859, 38.83909], [-0.4986, 38.8391], [-0.49884, 38.83924], [-0.49926, 38.83948], [-0.49932, 38.83951], [-0.49937, 38.83952], [-0.5005, 38.83961], [-0.50128, 38.84068], [-0.50123, 38.84078], [-0.50015, 38.84279], [-0.49614, 38.84387], [-0.49599, 38.84384], [-0.49552, 38.8429], [-0.4947, 38.84293], [-0.49423, 38.84281], [-0.49406, 38.84277], [-0.49387, 38.84269], [-0.49378, 38.8426], [-0.49369, 38.84243], [-0.49362, 38.84207], [-0.49396, 38.84144], [-0.49391, 38.84101], [-0.49388, 38.84064], [-0.49368, 38.84064], [-0.49367, 38.84031]]]}}, {"type": "Feature", "properties": {"area_ha": 0.529, "dist_km": 2.706, "node": "BELGIDA 220", "node_mw": 178, "osm_id": 392920257, "municipio": "Belgida"}, "geometry": {"type": "Polygon", "coordinates": [[[-0.49445, 38.83885], [-0.49438, 38.83891], [-0.49387, 38.83891], [-0.49387, 38.83791], [-0.49441, 38.83791], [-0.49441, 38.83867], [-0.49446, 38.83867], [-0.49445, 38.83885]]]}}, {"type": "Feature", "properties": {"area_ha": 0.48, "dist_km": 3.044, "node": "BELGIDA 220", "node_mw": 178, "osm_id": 392924055, "municipio": "Belgida"}, "geometry": {"type": "Polygon", "coordinates": [[[-0.50021, 38.8401], [-0.49883, 38.83996], [-0.49873, 38.83995], [-0.49878, 38.83962], [-0.50027, 38.83977], [-0.50021, 38.8401]]]}}, {"type": "Feature", "properties": {"area_ha": 1.038, "dist_km": 2.9, "node": "BELGIDA 220", "node_mw": 178, "osm_id": 392924056, "municipio": "Belgida"}, "geometry": {"type": "Polygon", "coordinates": [[[-0.49845, 38.83975], [-0.49728, 38.83975], [-0.49702, 38.83975], [-0.49698, 38.83975], [-0.49697, 38.8398], [-0.49683, 38.83981], [-0.4968, 38.8394], [-0.49706, 38.83913], [-0.49687, 38.83888], [-0.49703, 38.83881], [-0.4972, 38.83876], [-0.49728, 38.83875], [-0.49729, 38.83915], [-0.49845, 38.83915], [-0.49845, 38.83975]]]}}, {"type": "Feature", "properties": {"area_ha": 0.14, "dist_km": 2.865, "node": "BELGIDA 220", "node_mw": 178, "osm_id": 392924057, "municipio": "Belgida"}, "geometry": {"type": "Polygon", "coordinates": [[[-0.49673, 38.83938], [-0.49633, 38.8394], [-0.49671, 38.83899], [-0.49682, 38.83891], [-0.49697, 38.83912], [-0.49673, 38.83938]]]}}, {"type": "Feature", "properties": {"area_ha": 0.084, "dist_km": 2.825, "node": "BELGIDA 220", "node_mw": 178, "osm_id": 392924058, "municipio": "Belgida"}, "geometry": {"type": "Polygon", "coordinates": [[[-0.49675, 38.83959], [-0.49623, 38.83961], [-0.49622, 38.83952], [-0.49628, 38.83952], [-0.49627, 38.83943], [-0.49673, 38.83941], [-0.49675, 38.83959]]]}}, {"type": "Feature", "properties": {"area_ha": 0.08, "dist_km": 2.819, "node": "BELGIDA 220", "node_mw": 178, "osm_id": 392924059, "municipio": "Belgida"}, "geometry": {"type": "Polygon", "coordinates": [[[-0.4967, 38.83982], [-0.49624, 38.83984], [-0.49623, 38.83966], [-0.49669, 38.83964], [-0.4967, 38.83982]]]}}, {"type": "Feature", "properties": {"area_ha": 0.392, "dist_km": 2.843, "node": "BELGIDA 220", "node_mw": 178, "osm_id": 392924061, "municipio": "Belgida"}, "geometry": {"type": "Polygon", "coordinates": [[[-0.49617, 38.84018], [-0.49721, 38.84028], [-0.49727, 38.83985], [-0.49728, 38.83975], [-0.49702, 38.83975], [-0.497, 38.83985], [-0.49622, 38.83989], [-0.49617, 38.84018]]]}}, {"type": "Feature", "properties": {"area_ha": 0.778, "dist_km": 2.77, "node": "BELGIDA 220", "node_mw": 178, "osm_id": 392924062, "municipio": "Belgida"}, "geometry": {"type": "Polygon", "coordinates": [[[-0.49801, 38.84095], [-0.49807, 38.84059], [-0.49607, 38.8404], [-0.49598, 38.84039], [-0.49596, 38.84036], [-0.49586, 38.84043], [-0.49589, 38.84046], [-0.49586, 38.84062], [-0.49584, 38.84073], [-0.49584, 38.84078], [-0.49623, 38.84082], [-0.49623, 38.84078], [-0.49801, 38.84095]]]}}, {"type": "Feature", "properties": {"area_ha": 0.139, "dist_km": 2.824, "node": "BELGIDA 220", "node_mw": 178, "osm_id": 392924065, "municipio": "Belgida"}, "geometry": {"type": "Polygon", "coordinates": [[[-0.49715, 38.8416], [-0.4972, 38.84132], [-0.4977, 38.84137], [-0.49766, 38.84165], [-0.49715, 38.8416]]]}}, {"type": "Feature", "properties": {"area_ha": 0.196, "dist_km": 2.714, "node": "BELGIDA 220", "node_mw": 178, "osm_id": 392924068, "municipio": "Belgida"}, "geometry": {"type": "Polygon", "coordinates": [[[-0.49629, 38.84127], [-0.49596, 38.84124], [-0.49595, 38.84129], [-0.49558, 38.84126], [-0.4956, 38.84113], [-0.49562, 38.84113], [-0.49563, 38.84106], [-0.49568, 38.84106], [-0.49568, 38.84104], [-0.49579, 38.84105], [-0.49581, 38.84092], [-0.49627, 38.84095], [-0.49626, 38.84104], [-0.49631, 38.84105], [-0.49629, 38.84127]]]}}, {"type": "Feature", "properties": {"area_ha": 0.088, "dist_km": 2.59, "node": "BELGIDA 220", "node_mw": 178, "osm_id": 392924071, "municipio": "Belgida"}, "geometry": {"type": "Polygon", "coordinates": [[[-0.49478, 38.84173], [-0.49487, 38.84151], [-0.49438, 38.8415], [-0.49435, 38.84167], [-0.49478, 38.84173]]]}}, {"type": "Feature", "properties": {"area_ha": 0.427, "dist_km": 2.606, "node": "BELGIDA 220", "node_mw": 178, "osm_id": 392924072, "municipio": "Belgida"}, "geometry": {"type": "Polygon", "coordinates": [[[-0.49504, 38.841], [-0.49502, 38.84081], [-0.49485, 38.84083], [-0.49484, 38.8408], [-0.49411, 38.84088], [-0.49405, 38.84093], [-0.49411, 38.84139], [-0.4943, 38.84143], [-0.49436, 38.84142], [-0.49436, 38.84147], [-0.49454, 38.84148], [-0.49453, 38.84141], [-0.49469, 38.84139], [-0.49468, 38.84133], [-0.49463, 38.84134], [-0.49461, 38.84119], [-0.49467, 38.84118], [-0.49468, 38.84122], [-0.49485, 38.8412], [-0.49482, 38.84102], [-0.49504, 38.841]]]}}, {"type": "Feature", "properties": {"area_ha": 0.319, "dist_km": 2.639, "node": "BELGIDA 220", "node_mw": 178, "osm_id": 392924074, "municipio": "Belgida"}, "geometry": {"type": "Polygon", "coordinates": [[[-0.49498, 38.84028], [-0.49429, 38.84028], [-0.49429, 38.84007], [-0.49387, 38.84006], [-0.49387, 38.8399], [-0.49498, 38.8399], [-0.49498, 38.84028]]]}}, {"type": "Feature", "properties": {"area_ha": 0.755, "dist_km": 2.713, "node": "BELGIDA 220", "node_mw": 178, "osm_id": 392924075, "municipio": "Belgida"}, "geometry": {"type": "Polygon", "coordinates": [[[-0.49387, 38.8399], [-0.49387, 38.83943], [-0.49527, 38.83942], [-0.49563, 38.83941], [-0.49565, 38.83958], [-0.49557, 38.83962], [-0.49539, 38.83963], [-0.49539, 38.8399], [-0.49498, 38.8399], [-0.49387, 38.8399]]]}}, {"type": "Feature", "properties": {"area_ha": 0.291, "dist_km": 2.69, "node": "BELGIDA 220", "node_mw": 178, "osm_id": 392924076, "municipio": "Belgida"}, "geometry": {"type": "Polygon", "coordinates": [[[-0.49387, 38.83943], [-0.49387, 38.83899], [-0.49434, 38.83898], [-0.49434, 38.83917], [-0.49451, 38.83917], [-0.49451, 38.83936], [-0.4948, 38.83936], [-0.49526, 38.83935], [-0.49527, 38.83942], [-0.49387, 38.83943]]]}}, {"type": "Feature", "properties": {"area_ha": 0.11, "dist_km": 2.555, "node": "BELGIDA 220", "node_mw": 178, "osm_id": 392938855, "municipio": "Belgida"}, "geometry": {"type": "Polygon", "coordinates": [[[-0.49435, 38.84191], [-0.49411, 38.84194], [-0.49398, 38.84146], [-0.49411, 38.84144], [-0.49424, 38.84148], [-0.49426, 38.84174], [-0.49434, 38.84174], [-0.49435, 38.84191]]]}}, {"type": "Feature", "properties": {"area_ha": 0.323, "dist_km": 2.548, "node": "BELGIDA 220", "node_mw": 178, "osm_id": 392938856, "municipio": "Belgida"}, "geometry": {"type": "Polygon", "coordinates": [[[-0.49469, 38.84217], [-0.49476, 38.84217], [-0.49477, 38.84239], [-0.4947, 38.8424], [-0.49471, 38.84254], [-0.4943, 38.84255], [-0.49407, 38.84255], [-0.49406, 38.84237], [-0.49399, 38.84238], [-0.4939, 38.84211], [-0.49468, 38.84208], [-0.49469, 38.84217]]]}}, {"type": "Feature", "properties": {"area_ha": 0.142, "dist_km": 2.648, "node": "BELGIDA 220", "node_mw": 178, "osm_id": 392938858, "municipio": "Belgida"}, "geometry": {"type": "Polygon", "coordinates": [[[-0.49591, 38.84255], [-0.49563, 38.84263], [-0.49543, 38.84216], [-0.4955, 38.84214], [-0.49571, 38.84209], [-0.49591, 38.84255]]]}}, {"type": "Feature", "properties": {"area_ha": 0.147, "dist_km": 2.674, "node": "BELGIDA 220", "node_mw": 178, "osm_id": 392938859, "municipio": "Belgida"}, "geometry": {"type": "Polygon", "coordinates": [[[-0.49591, 38.84255], [-0.4962, 38.84248], [-0.496, 38.842], [-0.49579, 38.84207], [-0.49571, 38.84209], [-0.49591, 38.84255]]]}}, {"type": "Feature", "properties": {"area_ha": 0.149, "dist_km": 2.702, "node": "BELGIDA 220", "node_mw": 178, "osm_id": 392938860, "municipio": "Belgida"}, "geometry": {"type": "Polygon", "coordinates": [[[-0.4962, 38.84248], [-0.496, 38.842], [-0.49629, 38.84192], [-0.49649, 38.84241], [-0.4962, 38.84248]]]}}, {"type": "Feature", "properties": {"area_ha": 0.205, "dist_km": 2.727, "node": "BELGIDA 220", "node_mw": 178, "osm_id": 392938861, "municipio": "Belgida"}, "geometry": {"type": "Polygon", "coordinates": [[[-0.49649, 38.84241], [-0.49629, 38.84192], [-0.49623, 38.84177], [-0.49661, 38.8418], [-0.49682, 38.84232], [-0.49649, 38.84241]]]}}, {"type": "Feature", "properties": {"area_ha": 0.154, "dist_km": 2.76, "node": "BELGIDA 220", "node_mw": 178, "osm_id": 392938862, "municipio": "Belgida"}, "geometry": {"type": "Polygon", "coordinates": [[[-0.49682, 38.84232], [-0.49661, 38.8418], [-0.49698, 38.84184], [-0.49714, 38.84223], [-0.49682, 38.84232]]]}}, {"type": "Feature", "properties": {"area_ha": 0.116, "dist_km": 2.79, "node": "BELGIDA 220", "node_mw": 178, "osm_id": 392938863, "municipio": "Belgida"}, "geometry": {"type": "Polygon", "coordinates": [[[-0.49714, 38.84223], [-0.49698, 38.84184], [-0.49736, 38.84188], [-0.49747, 38.84215], [-0.49737, 38.84217], [-0.4973, 38.84219], [-0.49714, 38.84223]]]}}, {"type": "Feature", "properties": {"area_ha": 0.452, "dist_km": 2.782, "node": "BELGIDA 220", "node_mw": 178, "osm_id": 392938865, "municipio": "Belgida"}, "geometry": {"type": "Polygon", "coordinates": [[[-0.49787, 38.84322], [-0.49736, 38.84335], [-0.49701, 38.84251], [-0.49739, 38.84242], [-0.49746, 38.8424], [-0.49752, 38.84238], [-0.49787, 38.84322]]]}}, {"type": "Feature", "properties": {"area_ha": 1.007, "dist_km": 2.683, "node": "BELGIDA 220", "node_mw": 178, "osm_id": 392938867, "municipio": "Belgida"}, "geometry": {"type": "Polygon", "coordinates": [[[-0.49721, 38.84341], [-0.49613, 38.84369], [-0.49608, 38.84367], [-0.49576, 38.84288], [-0.49577, 38.84284], [-0.49684, 38.84256], [-0.49708, 38.84311], [-0.49721, 38.84341]]]}}, {"type": "Feature", "properties": {"area_ha": 0.037, "dist_km": 2.888, "node": "BELGIDA 220", "node_mw": 178, "osm_id": 442904514, "municipio": "Belgida"}, "geometry": {"type": "Polygon", "coordinates": [[[-0.49972, 38.85334], [-0.49964, 38.85319], [-0.49987, 38.85312], [-0.49994, 38.85328], [-0.49972, 38.85334]]]}}, {"type": "Feature", "properties": {"area_ha": 7.331, "dist_km": 2.843, "node": "BELGIDA 220", "node_mw": 178, "osm_id": 480316206, "municipio": "Belgida"}, "geometry": {"type": "Polygon", "coordinates": [[[-0.50214, 38.85321], [-0.50161, 38.85228], [-0.49991, 38.85275], [-0.4989, 38.85386], [-0.49684, 38.85374], [-0.49676, 38.85536], [-0.49742, 38.85586], [-0.49823, 38.85595], [-0.50021, 38.85378], [-0.50214, 38.85321]]]}}, {"type": "Feature", "properties": {"area_ha": 0.009, "dist_km": 2.126, "node": "BELGIDA 220", "node_mw": 178, "osm_id": 1094125255, "municipio": "Belgida"}, "geometry": {"type": "Polygon", "coordinates": [[[-0.44285, 38.85429], [-0.4428, 38.85443], [-0.44278, 38.85442], [-0.44274, 38.85439], [-0.44279, 38.85428], [-0.44285, 38.85429]]]}}, {"type": "Feature", "properties": {"area_ha": 0.005, "dist_km": 2.13, "node": "BELGIDA 220", "node_mw": 178, "osm_id": 1094125256, "municipio": "Belgida"}, "geometry": {"type": "Polygon", "coordinates": [[[-0.44274, 38.85439], [-0.4427, 38.85433], [-0.44273, 38.85426], [-0.44279, 38.85428], [-0.44274, 38.85439]]]}}, {"type": "Feature", "properties": {"area_ha": 0.006, "dist_km": 2.135, "node": "BELGIDA 220", "node_mw": 178, "osm_id": 1094125257, "municipio": "Belgida"}, "geometry": {"type": "Polygon", "coordinates": [[[-0.4427, 38.85433], [-0.44267, 38.85431], [-0.44261, 38.8543], [-0.44263, 38.85424], [-0.44273, 38.85426], [-0.4427, 38.85433]]]}}, {"type": "Feature", "properties": {"area_ha": 0.005, "dist_km": 2.141, "node": "BELGIDA 220", "node_mw": 178, "osm_id": 1094125258, "municipio": "Belgida"}, "geometry": {"type": "Polygon", "coordinates": [[[-0.44261, 38.8543], [-0.4426, 38.8543], [-0.44254, 38.85429], [-0.44256, 38.85422], [-0.44263, 38.85424], [-0.44261, 38.8543]]]}}, {"type": "Feature", "properties": {"area_ha": 0.005, "dist_km": 2.147, "node": "BELGIDA 220", "node_mw": 178, "osm_id": 1094125259, "municipio": "Belgida"}, "geometry": {"type": "Polygon", "coordinates": [[[-0.44254, 38.85429], [-0.44247, 38.85427], [-0.4425, 38.8542], [-0.44256, 38.85422], [-0.44254, 38.85429]]]}}, {"type": "Feature", "properties": {"area_ha": 0.005, "dist_km": 2.152, "node": "BELGIDA 220", "node_mw": 178, "osm_id": 1094125260, "municipio": "Belgida"}, "geometry": {"type": "Polygon", "coordinates": [[[-0.44247, 38.85427], [-0.44239, 38.85425], [-0.44242, 38.85418], [-0.4425, 38.8542], [-0.44247, 38.85427]]]}}, {"type": "Feature", "properties": {"area_ha": 2.617, "dist_km": 2.765, "node": "BELGIDA 220", "node_mw": 178, "osm_id": 1096331667, "municipio": "Belgida"}, "geometry": {"type": "Polygon", "coordinates": [[[-0.45779, 38.8743], [-0.45731, 38.87432], [-0.45635, 38.87409], [-0.45626, 38.87428], [-0.45591, 38.87422], [-0.45528, 38.87419], [-0.45523, 38.87415], [-0.45563, 38.87313], [-0.45578, 38.87301], [-0.45603, 38.87262], [-0.45657, 38.87257], [-0.45727, 38.87271], [-0.45735, 38.87276], [-0.45735, 38.87295], [-0.45727, 38.87329], [-0.45699, 38.8739], [-0.457, 38.87394], [-0.45738, 38.87409], [-0.45779, 38.8743]]]}}, {"type": "Feature", "properties": {"area_ha": 0.009, "dist_km": 1.895, "node": "BELGIDA 220", "node_mw": 178, "osm_id": 1100706856, "municipio": "Belgida"}, "geometry": {"type": "Polygon", "coordinates": [[[-0.44529, 38.8533], [-0.44523, 38.85332], [-0.44517, 38.85322], [-0.44516, 38.8532], [-0.44522, 38.85318], [-0.44529, 38.8533]]]}}, {"type": "Feature", "properties": {"area_ha": 0.454, "dist_km": 2.593, "node": "CHUCENA 220", "node_mw": 160, "osm_id": 404961802, "municipio": "Chucena"}, "geometry": {"type": "Polygon", "coordinates": [[[-6.39289, 37.36519], [-6.3925, 37.36481], [-6.39234, 37.36466], [-6.39224, 37.36457], [-6.3918, 37.36486], [-6.39245, 37.36548], [-6.39289, 37.36519]]]}}, {"type": "Feature", "properties": {"area_ha": 0.15, "dist_km": 2.584, "node": "CHUCENA 220", "node_mw": 160, "osm_id": 404961803, "municipio": "Chucena"}, "geometry": {"type": "Polygon", "coordinates": [[[-6.39257, 37.36522], [-6.39212, 37.3648], [-6.39197, 37.36489], [-6.39193, 37.36485], [-6.39218, 37.36468], [-6.39223, 37.36474], [-6.39234, 37.36466], [-6.3925, 37.36481], [-6.39246, 37.36484], [-6.39274, 37.3651], [-6.39257, 37.36522]]]}}, {"type": "Feature", "properties": {"area_ha": 20.54, "dist_km": 0.636, "node": "CAMPANARIO 400", "node_mw": 163, "osm_id": 1205280543, "municipio": "Campanario"}, "geometry": {"type": "Polygon", "coordinates": [[[-1.2796, 38.88875], [-1.27931, 38.88799], [-1.27902, 38.88738], [-1.2788, 38.88689], [-1.2774, 38.88499], [-1.27835, 38.88488], [-1.2832, 38.8859], [-1.2838, 38.88657], [-1.28434, 38.88842], [-1.28422, 38.88889], [-1.28454, 38.89062], [-1.2837, 38.89022], [-1.28345, 38.89019], [-1.28201, 38.88957], [-1.28131, 38.88931], [-1.28109, 38.88909], [-1.2796, 38.88875]]]}}, {"type": "Feature", "properties": {"area_ha": 15.495, "dist_km": 1.009, "node": "CAMPANARIO 400", "node_mw": 163, "osm_id": 1205280544, "municipio": "Campanario"}, "geometry": {"type": "Polygon", "coordinates": [[[-1.28131, 38.89307], [-1.28355, 38.89278], [-1.28442, 38.8927], [-1.28568, 38.89248], [-1.28586, 38.89248], [-1.28635, 38.89247], [-1.28706, 38.89247], [-1.28619, 38.8919], [-1.28575, 38.89167], [-1.28576, 38.8911], [-1.28675, 38.89002], [-1.2859, 38.88963], [-1.28461, 38.89076], [-1.28395, 38.89055], [-1.2836, 38.89034], [-1.28333, 38.89031], [-1.28199, 38.88975], [-1.28145, 38.8895], [-1.28121, 38.88942], [-1.28099, 38.88921], [-1.27992, 38.88895], [-1.27963, 38.88885], [-1.28131, 38.89307]]]}}, {"type": "Feature", "properties": {"area_ha": 99.064, "dist_km": 1.006, "node": "CAMPANARIO 400", "node_mw": 163, "osm_id": 1205280665, "municipio": "Campanario"}, "geometry": {"type": "Polygon", "coordinates": [[[-1.26663, 38.8828], [-1.2656, 38.88679], [-1.26256, 38.89142], [-1.26252, 38.89302], [-1.26518, 38.89479], [-1.27429, 38.89493], [-1.27438, 38.89302], [-1.27416, 38.89113], [-1.27416, 38.88954], [-1.27406, 38.88776], [-1.26973, 38.88358], [-1.26954, 38.88348], [-1.26929, 38.8834], [-1.26663, 38.8828]]]}}, {"type": "Feature", "properties": {"area_ha": 0.059, "dist_km": 1.522, "node": "CAMPANARIO 400", "node_mw": 163, "osm_id": 1236451623, "municipio": "Campanario"}, "geometry": {"type": "Polygon", "coordinates": [[[-1.29524, 38.88708], [-1.29477, 38.88705], [-1.29478, 38.88692], [-1.29526, 38.88695], [-1.29524, 38.88708]]]}}, {"type": "Feature", "properties": {"area_ha": 0.532, "dist_km": 2.003, "node": "ROCIO 220", "node_mw": 160, "osm_id": 324345404, "municipio": "Rocio"}, "geometry": {"type": "Polygon", "coordinates": [[[-6.49929, 37.16202], [-6.49922, 37.1611], [-6.49896, 37.16112], [-6.49866, 37.16113], [-6.49873, 37.16204], [-6.49885, 37.16204], [-6.49885, 37.16209], [-6.49903, 37.16208], [-6.49904, 37.16216], [-6.49917, 37.16215], [-6.49916, 37.16202], [-6.49929, 37.16202]]]}}, {"type": "Feature", "properties": {"area_ha": 12.21, "dist_km": 1.584, "node": "ROCIO 220", "node_mw": 160, "osm_id": 1163637598, "municipio": "Rocio"}, "geometry": {"type": "Polygon", "coordinates": [[[-6.50567, 37.15288], [-6.50676, 37.15711], [-6.50416, 37.15735], [-6.50415, 37.15729], [-6.50403, 37.15729], [-6.50378, 37.15718], [-6.50372, 37.15716], [-6.5037, 37.15712], [-6.50368, 37.157], [-6.50376, 37.15699], [-6.50375, 37.15694], [-6.50379, 37.15694], [-6.50377, 37.15686], [-6.50374, 37.15686], [-6.50373, 37.15681], [-6.50365, 37.15682], [-6.50357, 37.15618], [-6.50359, 37.15613], [-6.50355, 37.15583], [-6.50358, 37.15583], [-6.50357, 37.15578], [-6.5036, 37.15578], [-6.50359, 37.1557], [-6.50356, 37.15571], [-6.50355, 37.15565], [-6.50352, 37.15565], [-6.50313, 37.15281], [-6.50321, 37.15278], [-6.5032, 37.15271], [-6.50567, 37.15288]]]}}, {"type": "Feature", "properties": {"area_ha": 1.693, "dist_km": 1.269, "node": "ROCIO 220", "node_mw": 160, "osm_id": 1163637601, "municipio": "Rocio"}, "geometry": {"type": "Polygon", "coordinates": [[[-6.50227, 37.15291], [-6.50251, 37.15438], [-6.50135, 37.15451], [-6.50114, 37.15302], [-6.50227, 37.15291]]]}}, {"type": "Feature", "properties": {"area_ha": 0.132, "dist_km": 1.9, "node": "ROCIO 220", "node_mw": 160, "osm_id": 1163637603, "municipio": "Rocio"}, "geometry": {"type": "Polygon", "coordinates": [[[-6.49896, 37.16112], [-6.49892, 37.16066], [-6.49864, 37.16067], [-6.49866, 37.16113], [-6.49896, 37.16112]]]}}, {"type": "Feature", "properties": {"area_ha": 0.408, "dist_km": 1.984, "node": "ROCIO 220", "node_mw": 160, "osm_id": 1163637604, "municipio": "Rocio"}, "geometry": {"type": "Polygon", "coordinates": [[[-6.49929, 37.16202], [-6.49974, 37.16199], [-6.4997, 37.16144], [-6.49967, 37.16108], [-6.49922, 37.1611], [-6.49929, 37.16202]]]}}, {"type": "Feature", "properties": {"area_ha": 0.653, "dist_km": 1.786, "node": "ROCIO 220", "node_mw": 160, "osm_id": 1163637605, "municipio": "Rocio"}, "geometry": {"type": "Polygon", "coordinates": [[[-6.49881, 37.15931], [-6.49882, 37.15948], [-6.4991, 37.15947], [-6.49918, 37.16065], [-6.49892, 37.16066], [-6.49864, 37.16067], [-6.49855, 37.15949], [-6.49873, 37.15948], [-6.49871, 37.15931], [-6.49881, 37.15931]]]}}, {"type": "Feature", "properties": {"area_ha": 0.104, "dist_km": 1.962, "node": "ROCIO 220", "node_mw": 160, "osm_id": 1163637606, "municipio": "Rocio"}, "geometry": {"type": "Polygon", "coordinates": [[[-6.49967, 37.16108], [-6.49996, 37.16106], [-6.49999, 37.16143], [-6.4997, 37.16144], [-6.49967, 37.16108]]]}}, {"type": "Feature", "properties": {"area_ha": 10.402, "dist_km": 1.072, "node": "ROCIO 220", "node_mw": 160, "osm_id": 1202358383, "municipio": "Rocio"}, "geometry": {"type": "Polygon", "coordinates": [[[-6.50567, 37.15288], [-6.50443, 37.14806], [-6.50252, 37.14831], [-6.50254, 37.14846], [-6.50247, 37.14857], [-6.50252, 37.14884], [-6.50256, 37.14884], [-6.50257, 37.14886], [-6.5026, 37.14885], [-6.50262, 37.14894], [-6.50258, 37.14894], [-6.50259, 37.14898], [-6.50254, 37.14898], [-6.50273, 37.1503], [-6.50277, 37.15029], [-6.50278, 37.15034], [-6.50281, 37.15034], [-6.50283, 37.15042], [-6.50279, 37.15042], [-6.5028, 37.15047], [-6.50276, 37.15048], [-6.50303, 37.1524], [-6.50309, 37.1524], [-6.5031, 37.15245], [-6.50314, 37.15245], [-6.50315, 37.15253], [-6.50311, 37.15253], [-6.50312, 37.15259], [-6.50306, 37.15259], [-6.50308, 37.15268], [-6.5032, 37.15271], [-6.50567, 37.15288]]]}}, {"type": "Feature", "properties": {"area_ha": 4.431, "dist_km": 0.746, "node": "NOVELDA 220", "node_mw": 155, "osm_id": 43117114, "municipio": "Novelda"}, "geometry": {"type": "Polygon", "coordinates": [[[-0.77772, 38.38604], [-0.7754, 38.38538], [-0.77507, 38.38543], [-0.77523, 38.38352], [-0.77785, 38.38445], [-0.77772, 38.38604]]]}}, {"type": "Feature", "properties": {"area_ha": 1.492, "dist_km": 0.878, "node": "NOVELDA 220", "node_mw": 155, "osm_id": 43117420, "municipio": "Novelda"}, "geometry": {"type": "Polygon", "coordinates": [[[-0.7706, 38.39326], [-0.76973, 38.39296], [-0.76861, 38.39225], [-0.76876, 38.39208], [-0.76921, 38.39229], [-0.76953, 38.39205], [-0.7697, 38.39218], [-0.77005, 38.39198], [-0.7709, 38.39242], [-0.77077, 38.39255], [-0.77081, 38.39283], [-0.77073, 38.39312], [-0.7706, 38.39326]]]}}, {"type": "Feature", "properties": {"area_ha": 7.691, "dist_km": 1.132, "node": "NOVELDA 220", "node_mw": 155, "osm_id": 43117421, "municipio": "Novelda"}, "geometry": {"type": "Polygon", "coordinates": [[[-0.77037, 38.39643], [-0.77168, 38.39624], [-0.77215, 38.39638], [-0.77249, 38.39649], [-0.77267, 38.39619], [-0.77047, 38.39439], [-0.76631, 38.39126], [-0.76628, 38.39242], [-0.76639, 38.39303], [-0.76657, 38.39334], [-0.76683, 38.39355], [-0.76856, 38.39433], [-0.76932, 38.39464], [-0.76964, 38.39485], [-0.76982, 38.3951], [-0.77036, 38.39498], [-0.77078, 38.39556], [-0.77097, 38.39584], [-0.77073, 38.39617], [-0.77042, 38.3962], [-0.77037, 38.39643]]]}}, {"type": "Feature", "properties": {"area_ha": 5.119, "dist_km": 0.918, "node": "NOVELDA 220", "node_mw": 155, "osm_id": 43117422, "municipio": "Novelda"}, "geometry": {"type": "Polygon", "coordinates": [[[-0.76616, 38.39133], [-0.76548, 38.39088], [-0.76466, 38.39163], [-0.76501, 38.39191], [-0.76447, 38.394], [-0.76393, 38.39391], [-0.76386, 38.39425], [-0.7661, 38.3947], [-0.76637, 38.39328], [-0.76619, 38.3929], [-0.76614, 38.39249], [-0.76616, 38.39133]]]}}, {"type": "Feature", "properties": {"area_ha": 4.414, "dist_km": 0.968, "node": "NOVELDA 220", "node_mw": 155, "osm_id": 43117423, "municipio": "Novelda"}, "geometry": {"type": "Polygon", "coordinates": [[[-0.76064, 38.38889], [-0.76055, 38.3895], [-0.75984, 38.38937], [-0.75981, 38.3899], [-0.75858, 38.38998], [-0.75754, 38.39024], [-0.75749, 38.38977], [-0.75676, 38.38971], [-0.75685, 38.38882], [-0.75647, 38.38876], [-0.75648, 38.38869], [-0.7565, 38.38849], [-0.75651, 38.3884], [-0.75656, 38.38833], [-0.75668, 38.38833], [-0.75737, 38.38851], [-0.75796, 38.38862], [-0.75871, 38.38876], [-0.75902, 38.38881], [-0.75939, 38.38872], [-0.76064, 38.38889]]]}}, {"type": "Feature", "properties": {"area_ha": 2.283, "dist_km": 1.334, "node": "NOVELDA 220", "node_mw": 155, "osm_id": 43117424, "municipio": "Novelda"}, "geometry": {"type": "Polygon", "coordinates": [[[-0.75374, 38.38726], [-0.75269, 38.38835], [-0.75243, 38.38864], [-0.7522, 38.38885], [-0.75215, 38.38884], [-0.75165, 38.38864], [-0.75245, 38.38742], [-0.75203, 38.38716], [-0.75174, 38.38707], [-0.7521, 38.3866], [-0.75254, 38.38671], [-0.7535, 38.38692], [-0.75388, 38.38707], [-0.75394, 38.38709], [-0.75389, 38.38713], [-0.75387, 38.38715], [-0.75374, 38.38726]]]}}, {"type": "Feature", "properties": {"area_ha": 19.451, "dist_km": 1.307, "node": "NOVELDA 220", "node_mw": 155, "osm_id": 43117425, "municipio": "Novelda"}, "geometry": {"type": "Polygon", "coordinates": [[[-0.75488, 38.38661], [-0.75454, 38.3861], [-0.75429, 38.38572], [-0.75411, 38.38578], [-0.7539, 38.38555], [-0.75384, 38.38548], [-0.75417, 38.38537], [-0.75383, 38.38471], [-0.75411, 38.38457], [-0.75411, 38.38454], [-0.75387, 38.38432], [-0.75466, 38.38389], [-0.75459, 38.38379], [-0.7549, 38.38362], [-0.75462, 38.38336], [-0.75401, 38.38316], [-0.75376, 38.38332], [-0.75334, 38.38316], [-0.75354, 38.38222], [-0.7538, 38.38223], [-0.75397, 38.38142], [-0.75472, 38.38125], [-0.75412, 38.38051], [-0.75329, 38.38069], [-0.75241, 38.38048], [-0.75242, 38.38027], [-0.75222, 38.38025], [-0.75208, 38.38014], [-0.75218, 38.3795], [-0.75211, 38.37938], [-0.75183, 38.37931], [-0.7519, 38.37911], [-0.75121, 38.37884], [-0.75102, 38.37982], [-0.75129, 38.37991], [-0.75088, 38.38177], [-0.74998, 38.38154], [-0.74988, 38.38192], [-0.75015, 38.38283], [-0.7505, 38.38375], [-0.75067, 38.38456], [-0.75082, 38.38479], [-0.7511, 38.38502], [-0.75169, 38.38552], [-0.75242, 38.38579], [-0.75303, 38.38596], [-0.75361, 38.38623], [-0.75404, 38.38647], [-0.75488, 38.38661]]]}}, {"type": "Feature", "properties": {"area_ha": 10.282, "dist_km": 2.632, "node": "NOVELDA 220", "node_mw": 155, "osm_id": 43937489, "municipio": "Novelda"}, "geometry": {"type": "Polygon", "coordinates": [[[-0.77872, 38.41052], [-0.78142, 38.40973], [-0.77973, 38.40876], [-0.77894, 38.40846], [-0.7787, 38.40845], [-0.77813, 38.40818], [-0.77634, 38.40735], [-0.77618, 38.40726], [-0.77592, 38.40647], [-0.77493, 38.40591], [-0.7742, 38.40561], [-0.77343, 38.40542], [-0.7727, 38.40528], [-0.77272, 38.40567], [-0.77281, 38.40605], [-0.77313, 38.40638], [-0.77361, 38.40667], [-0.77442, 38.40708], [-0.77542, 38.40761], [-0.77601, 38.408], [-0.77735, 38.40885], [-0.77798, 38.40952], [-0.77824, 38.40989], [-0.77872, 38.41052]]]}}, {"type": "Feature", "properties": {"area_ha": 4.766, "dist_km": 2.483, "node": "NOVELDA 220", "node_mw": 155, "osm_id": 43937490, "municipio": "Novelda"}, "geometry": {"type": "Polygon", "coordinates": [[[-0.77812, 38.40667], [-0.77764, 38.40657], [-0.77741, 38.40658], [-0.77719, 38.40667], [-0.77682, 38.4065], [-0.77646, 38.40643], [-0.7762, 38.40638], [-0.77606, 38.40594], [-0.77699, 38.40577], [-0.77686, 38.40535], [-0.77672, 38.40469], [-0.77757, 38.40456], [-0.77763, 38.40471], [-0.77881, 38.40434], [-0.7791, 38.40434], [-0.77943, 38.40455], [-0.77964, 38.40471], [-0.77967, 38.40496], [-0.77928, 38.4052], [-0.77914, 38.40535], [-0.77912, 38.40551], [-0.77886, 38.40571], [-0.77863, 38.40603], [-0.77828, 38.4065], [-0.7782, 38.40661], [-0.77812, 38.40667]]]}}, {"type": "Feature", "properties": {"area_ha": 6.414, "dist_km": 2.721, "node": "NOVELDA 220", "node_mw": 155, "osm_id": 43940174, "municipio": "Novelda"}, "geometry": {"type": "Polygon", "coordinates": [[[-0.77762, 38.41017], [-0.77709, 38.40957], [-0.77583, 38.40848], [-0.77507, 38.40803], [-0.77403, 38.40772], [-0.77299, 38.40768], [-0.77252, 38.40784], [-0.77146, 38.40816], [-0.77185, 38.40866], [-0.77247, 38.40891], [-0.77269, 38.40896], [-0.77307, 38.40901], [-0.77466, 38.40945], [-0.77612, 38.4098], [-0.77762, 38.41017]]]}}, {"type": "Feature", "properties": {"area_ha": 1.371, "dist_km": 0.954, "node": "NOVELDA 220", "node_mw": 155, "osm_id": 43994320, "municipio": "Novelda"}, "geometry": {"type": "Polygon", "coordinates": [[[-0.75846, 38.38803], [-0.75854, 38.38797], [-0.7581, 38.38679], [-0.75744, 38.38704], [-0.75655, 38.38751], [-0.75655, 38.38764], [-0.75666, 38.38773], [-0.75676, 38.38777], [-0.75703, 38.38782], [-0.75846, 38.38803]]]}}, {"type": "Feature", "properties": {"area_ha": 30.24, "dist_km": 1.624, "node": "NOVELDA 220", "node_mw": 155, "osm_id": 44039850, "municipio": "Novelda"}, "geometry": {"type": "Polygon", "coordinates": [[[-0.75088, 38.38595], [-0.75009, 38.38488], [-0.74957, 38.38365], [-0.74951, 38.38277], [-0.74942, 38.38225], [-0.74918, 38.38204], [-0.74694, 38.38359], [-0.74714, 38.38381], [-0.74468, 38.38548], [-0.74452, 38.3855], [-0.74422, 38.38574], [-0.74433, 38.38632], [-0.74875, 38.38965], [-0.74951, 38.39066], [-0.74989, 38.3907], [-0.75106, 38.39006], [-0.75063, 38.38959], [-0.75149, 38.389], [-0.75154, 38.38895], [-0.75163, 38.38889], [-0.75145, 38.38885], [-0.75081, 38.38859], [-0.75035, 38.38827], [-0.75145, 38.38717], [-0.75067, 38.38683], [-0.75049, 38.3867], [-0.75088, 38.38595]]]}}, {"type": "Feature", "properties": {"area_ha": 5.186, "dist_km": 2.877, "node": "NOVELDA 220", "node_mw": 155, "osm_id": 79032304, "municipio": "Novelda"}, "geometry": {"type": "Polygon", "coordinates": [[[-0.73476, 38.38251], [-0.73521, 38.3831], [-0.73678, 38.38362], [-0.73594, 38.38481], [-0.73478, 38.38485], [-0.73443, 38.38482], [-0.73428, 38.38477], [-0.73346, 38.3841], [-0.73271, 38.38354], [-0.73476, 38.38251]]]}}, {"type": "Feature", "properties": {"area_ha": 0.461, "dist_km": 2.88, "node": "NOVELDA 220", "node_mw": 155, "osm_id": 80503987, "municipio": "Novelda"}, "geometry": {"type": "Polygon", "coordinates": [[[-0.77136, 38.35852], [-0.77127, 38.35912], [-0.77117, 38.35951], [-0.77152, 38.35955], [-0.77161, 38.35905], [-0.77195, 38.35909], [-0.77202, 38.35867], [-0.77136, 38.35852]]]}}, {"type": "Feature", "properties": {"area_ha": 0.083, "dist_km": 2.735, "node": "NOVELDA 220", "node_mw": 155, "osm_id": 80503989, "municipio": "Novelda"}, "geometry": {"type": "Polygon", "coordinates": [[[-0.77236, 38.36039], [-0.77232, 38.36057], [-0.77186, 38.3605], [-0.77191, 38.36032], [-0.77236, 38.36039]]]}}, {"type": "Feature", "properties": {"area_ha": 0.091, "dist_km": 2.761, "node": "NOVELDA 220", "node_mw": 155, "osm_id": 80503992, "municipio": "Novelda"}, "geometry": {"type": "Polygon", "coordinates": [[[-0.77242, 38.36015], [-0.77236, 38.36039], [-0.77191, 38.36032], [-0.77195, 38.36014], [-0.77221, 38.36018], [-0.77223, 38.36012], [-0.77242, 38.36015]]]}}, {"type": "Feature", "properties": {"area_ha": 0.129, "dist_km": 2.697, "node": "NOVELDA 220", "node_mw": 155, "osm_id": 80503993, "municipio": "Novelda"}, "geometry": {"type": "Polygon", "coordinates": [[[-0.76868, 38.36039], [-0.76868, 38.36067], [-0.76872, 38.36067], [-0.76872, 38.3607], [-0.76888, 38.36071], [-0.76914, 38.3607], [-0.76914, 38.36044], [-0.76886, 38.36044], [-0.76886, 38.36039], [-0.76868, 38.36039]]]}}, {"type": "Feature", "properties": {"area_ha": 0.028, "dist_km": 2.807, "node": "NOVELDA 220", "node_mw": 155, "osm_id": 80503994, "municipio": "Novelda"}, "geometry": {"type": "Polygon", "coordinates": [[[-0.77149, 38.35964], [-0.77119, 38.35967], [-0.77121, 38.35973], [-0.77129, 38.35972], [-0.77131, 38.35978], [-0.77151, 38.35974], [-0.77149, 38.35964]]]}}, {"type": "Feature", "properties": {"area_ha": 0.079, "dist_km": 2.781, "node": "NOVELDA 220", "node_mw": 155, "osm_id": 80503998, "municipio": "Novelda"}, "geometry": {"type": "Polygon", "coordinates": [[[-0.77174, 38.35984], [-0.77154, 38.35986], [-0.77155, 38.3599], [-0.77149, 38.3599], [-0.7715, 38.35995], [-0.77132, 38.35997], [-0.77134, 38.36007], [-0.7714, 38.36006], [-0.77153, 38.36005], [-0.77154, 38.36009], [-0.77195, 38.36003], [-0.77194, 38.35998], [-0.77177, 38.36], [-0.77174, 38.35984]]]}}, {"type": "Feature", "properties": {"area_ha": 0.11, "dist_km": 2.636, "node": "NOVELDA 220", "node_mw": 155, "osm_id": 80504000, "municipio": "Novelda"}, "geometry": {"type": "Polygon", "coordinates": [[[-0.77177, 38.36116], [-0.7717, 38.36144], [-0.7721, 38.36149], [-0.77217, 38.36122], [-0.77177, 38.36116]]]}}, {"type": "Feature", "properties": {"area_ha": 0.06, "dist_km": 2.99, "node": "NOVELDA 220", "node_mw": 155, "osm_id": 80504001, "municipio": "Novelda"}, "geometry": {"type": "Polygon", "coordinates": [[[-0.77238, 38.35808], [-0.77231, 38.35809], [-0.7723, 38.35804], [-0.77208, 38.35808], [-0.7721, 38.35812], [-0.77211, 38.35812], [-0.77211, 38.3582], [-0.77216, 38.35829], [-0.77242, 38.35827], [-0.77238, 38.35808]]]}}, {"type": "Feature", "properties": {"area_ha": 0.04, "dist_km": 2.737, "node": "NOVELDA 220", "node_mw": 155, "osm_id": 80504002, "municipio": "Novelda"}, "geometry": {"type": "Polygon", "coordinates": [[[-0.77184, 38.36033], [-0.77179, 38.36049], [-0.77154, 38.36044], [-0.77158, 38.36029], [-0.77184, 38.36033]]]}}, {"type": "Feature", "properties": {"area_ha": 0.105, "dist_km": 2.778, "node": "NOVELDA 220", "node_mw": 155, "osm_id": 80504010, "municipio": "Novelda"}, "geometry": {"type": "Polygon", "coordinates": [[[-0.77104, 38.35996], [-0.7709, 38.35997], [-0.7709, 38.36], [-0.77084, 38.36], [-0.77084, 38.36003], [-0.7707, 38.36005], [-0.77068, 38.36], [-0.7705, 38.36001], [-0.77048, 38.35991], [-0.77059, 38.35989], [-0.77058, 38.35981], [-0.77094, 38.35977], [-0.771, 38.35975], [-0.77104, 38.35996]]]}}, {"type": "Feature", "properties": {"area_ha": 0.255, "dist_km": 2.742, "node": "NOVELDA 220", "node_mw": 155, "osm_id": 80504011, "municipio": "Novelda"}, "geometry": {"type": "Polygon", "coordinates": [[[-0.7714, 38.36006], [-0.77152, 38.36012], [-0.77138, 38.3603], [-0.77138, 38.36048], [-0.77136, 38.3605], [-0.77087, 38.3605], [-0.77061, 38.36041], [-0.77061, 38.36031], [-0.77063, 38.36031], [-0.77063, 38.36018], [-0.77125, 38.36017], [-0.77134, 38.36007], [-0.7714, 38.36006]]]}}, {"type": "Feature", "properties": {"area_ha": 0.123, "dist_km": 2.736, "node": "NOVELDA 220", "node_mw": 155, "osm_id": 80504013, "municipio": "Novelda"}, "geometry": {"type": "Polygon", "coordinates": [[[-0.77054, 38.36039], [-0.77043, 38.36036], [-0.76992, 38.36035], [-0.76993, 38.36015], [-0.77054, 38.36015], [-0.77054, 38.36039]]]}}, {"type": "Feature", "properties": {"area_ha": 0.083, "dist_km": 2.762, "node": "NOVELDA 220", "node_mw": 155, "osm_id": 80504016, "municipio": "Novelda"}, "geometry": {"type": "Polygon", "coordinates": [[[-0.76964, 38.35981], [-0.76937, 38.35977], [-0.76928, 38.36012], [-0.76942, 38.36014], [-0.76944, 38.36006], [-0.76957, 38.36008], [-0.76964, 38.35981]]]}}, {"type": "Feature", "properties": {"area_ha": 0.048, "dist_km": 2.687, "node": "NOVELDA 220", "node_mw": 155, "osm_id": 80504018, "municipio": "Novelda"}, "geometry": {"type": "Polygon", "coordinates": [[[-0.77138, 38.36069], [-0.77137, 38.36094], [-0.77157, 38.36094], [-0.77159, 38.36069], [-0.77138, 38.36069]]]}}, {"type": "Feature", "properties": {"area_ha": 0.056, "dist_km": 2.803, "node": "NOVELDA 220", "node_mw": 155, "osm_id": 80504024, "municipio": "Novelda"}, "geometry": {"type": "Polygon", "coordinates": [[[-0.77094, 38.35977], [-0.77091, 38.35961], [-0.77055, 38.35965], [-0.77058, 38.35981], [-0.77094, 38.35977]]]}}, {"type": "Feature", "properties": {"area_ha": 0.394, "dist_km": 2.844, "node": "NOVELDA 220", "node_mw": 155, "osm_id": 80504026, "municipio": "Novelda"}, "geometry": {"type": "Polygon", "coordinates": [[[-0.77242, 38.3591], [-0.77199, 38.35917], [-0.77201, 38.35924], [-0.77195, 38.35925], [-0.77195, 38.35928], [-0.77192, 38.35956], [-0.77189, 38.35956], [-0.77185, 38.35962], [-0.77192, 38.35989], [-0.77252, 38.35979], [-0.77255, 38.35959], [-0.77242, 38.3591]]]}}, {"type": "Feature", "properties": {"area_ha": 0.048, "dist_km": 2.984, "node": "NOVELDA 220", "node_mw": 155, "osm_id": 265232882, "municipio": "Novelda"}, "geometry": {"type": "Polygon", "coordinates": [[[-0.77216, 38.35829], [-0.77211, 38.3582], [-0.77211, 38.35812], [-0.7721, 38.35812], [-0.77208, 38.35808], [-0.77188, 38.3581], [-0.77181, 38.35823], [-0.77212, 38.3583], [-0.77216, 38.35829]]]}}, {"type": "Feature", "properties": {"area_ha": 16.233, "dist_km": 2.822, "node": "NOVELDA 220", "node_mw": 155, "osm_id": 265233419, "municipio": "Novelda"}, "geometry": {"type": "Polygon", "coordinates": [[[-0.77231, 38.35862], [-0.77151, 38.35846], [-0.77144, 38.35846], [-0.77135, 38.35848], [-0.77126, 38.35851], [-0.77117, 38.35851], [-0.77109, 38.35844], [-0.77102, 38.3583], [-0.77039, 38.35807], [-0.77031, 38.35808], [-0.77021, 38.35813], [-0.77007, 38.3581], [-0.77008, 38.35783], [-0.76963, 38.35759], [-0.76923, 38.35736], [-0.76892, 38.35716], [-0.76871, 38.35702], [-0.76845, 38.35682], [-0.7682, 38.35662], [-0.76794, 38.35638], [-0.76785, 38.3564], [-0.76788, 38.35649], [-0.76796, 38.35672], [-0.76803, 38.35696], [-0.76807, 38.35746], [-0.76811, 38.35786], [-0.76818, 38.35851], [-0.7682, 38.35943], [-0.76817, 38.35968], [-0.76812, 38.3598], [-0.7681, 38.35985], [-0.76806, 38.36004], [-0.76802, 38.36019], [-0.76803, 38.36076], [-0.76807, 38.36092], [-0.76807, 38.36113], [-0.76796, 38.36138], [-0.76785, 38.36151], [-0.76778, 38.36168], [-0.76764, 38.36196], [-0.76755, 38.36217], [-0.7679, 38.36211], [-0.76819, 38.36205], [-0.76896, 38.36204], [-0.76939, 38.36201], [-0.76966, 38.36196], [-0.76987, 38.3619], [-0.76996, 38.3619], [-0.77008, 38.36189], [-0.77076, 38.36184], [-0.77082, 38.36098], [-0.77101, 38.36102], [-0.7716, 38.36105], [-0.77162, 38.36074], [-0.77194, 38.36074], [-0.77196, 38.36065], [-0.77252, 38.36066], [-0.77263, 38.36026], [-0.77277, 38.3596], [-0.77277, 38.3594], [-0.77277, 38.35933], [-0.7727, 38.35913], [-0.77264, 38.35905], [-0.77247, 38.35892], [-0.77238, 38.35881], [-0.77231, 38.35862]]]}}, {"type": "Feature", "properties": {"area_ha": 0.69, "dist_km": 0.461, "node": "TORREVIEJA 220", "node_mw": 155, "osm_id": 335173569, "municipio": "Torrevieja"}, "geometry": {"type": "Polygon", "coordinates": [[[-0.70893, 37.96417], [-0.70893, 37.96435], [-0.70901, 37.96435], [-0.70901, 37.96407], [-0.70911, 37.96408], [-0.7091, 37.96443], [-0.70892, 37.96443], [-0.70892, 37.96459], [-0.70736, 37.96457], [-0.70737, 37.96414], [-0.70893, 37.96417]]]}}, {"type": "Feature", "properties": {"area_ha": 0.008, "dist_km": 2.713, "node": "NOVELDA 220", "node_mw": 155, "osm_id": 376607421, "municipio": "Novelda"}, "geometry": {"type": "Polygon", "coordinates": [[[-0.73681, 38.38784], [-0.73677, 38.38787], [-0.73679, 38.38788], [-0.73677, 38.38789], [-0.73682, 38.38793], [-0.73683, 38.38793], [-0.73686, 38.38795], [-0.73686, 38.38795], [-0.73687, 38.38795], [-0.73691, 38.38793], [-0.73681, 38.38784]]]}}, {"type": "Feature", "properties": {"area_ha": 0.003, "dist_km": 2.881, "node": "TORREVIEJA 220", "node_mw": 155, "osm_id": 399243857, "municipio": "Torrevieja"}, "geometry": {"type": "Polygon", "coordinates": [[[-0.68861, 37.98983], [-0.68859, 37.98977], [-0.68853, 37.98978], [-0.68855, 37.98984], [-0.68861, 37.98983]]]}}, {"type": "Feature", "properties": {"area_ha": 0.192, "dist_km": 2.352, "node": "TORREVIEJA 220", "node_mw": 155, "osm_id": 404238313, "municipio": "Torrevieja"}, "geometry": {"type": "Polygon", "coordinates": [[[-0.72034, 37.94983], [-0.72107, 37.95027], [-0.7209, 37.95044], [-0.72018, 37.95], [-0.72034, 37.94983]]]}}, {"type": "Feature", "properties": {"area_ha": 4.545, "dist_km": 1.812, "node": "NOVELDA 220", "node_mw": 155, "osm_id": 411304112, "municipio": "Novelda"}, "geometry": {"type": "Polygon", "coordinates": [[[-0.78864, 38.37719], [-0.7853, 38.37913], [-0.78523, 38.37894], [-0.78565, 38.37837], [-0.78588, 38.37704], [-0.78794, 38.37582], [-0.78864, 38.37719]]]}}, {"type": "Feature", "properties": {"area_ha": 0.044, "dist_km": 2.813, "node": "TORREVIEJA 220", "node_mw": 155, "osm_id": 415437739, "municipio": "Torrevieja"}, "geometry": {"type": "Polygon", "coordinates": [[[-0.68834, 37.98897], [-0.68828, 37.98878], [-0.68804, 37.98883], [-0.6881, 37.98901], [-0.68834, 37.98897]]]}}, {"type": "Feature", "properties": {"area_ha": 0.019, "dist_km": 2.8, "node": "TORREVIEJA 220", "node_mw": 155, "osm_id": 415437740, "municipio": "Torrevieja"}, "geometry": {"type": "Polygon", "coordinates": [[[-0.6884, 37.98871], [-0.68832, 37.98873], [-0.68842, 37.98899], [-0.68845, 37.98898], [-0.68844, 37.98892], [-0.68847, 37.98892], [-0.6884, 37.98871]]]}}, {"type": "Feature", "properties": {"area_ha": 0.079, "dist_km": 2.851, "node": "TORREVIEJA 220", "node_mw": 155, "osm_id": 415437741, "municipio": "Torrevieja"}, "geometry": {"type": "Polygon", "coordinates": [[[-0.68824, 37.98942], [-0.68827, 37.9895], [-0.6883, 37.98959], [-0.68874, 37.98949], [-0.68871, 37.98941], [-0.68868, 37.98932], [-0.68824, 37.98942]]]}}, {"type": "Feature", "properties": {"area_ha": 0.018, "dist_km": 2.814, "node": "TORREVIEJA 220", "node_mw": 155, "osm_id": 415437742, "municipio": "Torrevieja"}, "geometry": {"type": "Polygon", "coordinates": [[[-0.6894, 37.98946], [-0.68921, 37.98951], [-0.68918, 37.98941], [-0.68937, 37.98937], [-0.6894, 37.98946]]]}}, {"type": "Feature", "properties": {"area_ha": 0.014, "dist_km": 2.854, "node": "TORREVIEJA 220", "node_mw": 155, "osm_id": 415437743, "municipio": "Torrevieja"}, "geometry": {"type": "Polygon", "coordinates": [[[-0.68903, 37.98977], [-0.68898, 37.9898], [-0.68881, 37.98958], [-0.68886, 37.98956], [-0.68903, 37.98977]]]}}, {"type": "Feature", "properties": {"area_ha": 0.003, "dist_km": 2.809, "node": "TORREVIEJA 220", "node_mw": 155, "osm_id": 415437744, "municipio": "Torrevieja"}, "geometry": {"type": "Polygon", "coordinates": [[[-0.68916, 37.98931], [-0.68915, 37.98928], [-0.68904, 37.9893], [-0.68905, 37.98932], [-0.68916, 37.98931]]]}}, {"type": "Feature", "properties": {"area_ha": 1.323, "dist_km": 1.674, "node": "NOVELDA 220", "node_mw": 155, "osm_id": 464037983, "municipio": "Novelda"}, "geometry": {"type": "Polygon", "coordinates": [[[-0.77723, 38.39644], [-0.77712, 38.39647], [-0.77688, 38.39658], [-0.77689, 38.39661], [-0.77651, 38.39687], [-0.77648, 38.39689], [-0.77645, 38.39691], [-0.77679, 38.39709], [-0.77701, 38.39723], [-0.77717, 38.39731], [-0.7773, 38.39737], [-0.77744, 38.39747], [-0.77758, 38.39752], [-0.77782, 38.39758], [-0.77798, 38.3976], [-0.77814, 38.39763], [-0.77831, 38.39767], [-0.7784, 38.3977], [-0.7785, 38.39772], [-0.77854, 38.39772], [-0.77854, 38.39774], [-0.7785, 38.39776], [-0.77849, 38.39777], [-0.7785, 38.39778], [-0.77856, 38.39778], [-0.77858, 38.39779], [-0.77859, 38.39778], [-0.77861, 38.39778], [-0.77862, 38.39779], [-0.77864, 38.39779], [-0.77865, 38.39778], [-0.77866, 38.39778], [-0.77869, 38.39779], [-0.77871, 38.3978], [-0.77873, 38.3978], [-0.77875, 38.39779], [-0.77877, 38.39779], [-0.77879, 38.3978], [-0.77882, 38.39779], [-0.77883, 38.39778], [-0.77885, 38.39777], [-0.77886, 38.39777], [-0.77887, 38.39777], [-0.77888, 38.39775], [-0.77888, 38.39774], [-0.77886, 38.39773], [-0.77887, 38.39772], [-0.77885, 38.39772], [-0.77885, 38.39771], [-0.77883, 38.3977], [-0.77883, 38.39768], [-0.77883, 38.39768], [-0.7788, 38.39768], [-0.77879, 38.39767], [-0.77878, 38.39766], [-0.77877, 38.39764], [-0.77877, 38.39763], [-0.77878, 38.39762], [-0.77876, 38.39761], [-0.77874, 38.3976], [-0.77875, 38.39759], [-0.77873, 38.39758], [-0.77869, 38.39756], [-0.77867, 38.39754], [-0.77865, 38.39752], [-0.77864, 38.3975], [-0.77862, 38.39749], [-0.7786, 38.39748], [-0.77845, 38.39735], [-0.77832, 38.39725], [-0.7783, 38.39723], [-0.77826, 38.39719], [-0.77824, 38.39717], [-0.77821, 38.39715], [-0.77817, 38.39711], [-0.77813, 38.39706], [-0.77807, 38.39701], [-0.77798, 38.39694], [-0.77788, 38.39686], [-0.77781, 38.3968], [-0.77777, 38.39677], [-0.77776, 38.39674], [-0.77763, 38.39664], [-0.77759, 38.39661], [-0.77755, 38.39658], [-0.7775, 38.39654], [-0.77745, 38.3965], [-0.77741, 38.39647], [-0.77738, 38.39645], [-0.77734, 38.39644], [-0.77723, 38.39644]]]}}, {"type": "Feature", "properties": {"area_ha": 0.475, "dist_km": 1.367, "node": "TORREVIEJA 220", "node_mw": 155, "osm_id": 693077527, "municipio": "Torrevieja"}, "geometry": {"type": "Polygon", "coordinates": [[[-0.69809, 37.97893], [-0.69855, 37.97892], [-0.69855, 37.97874], [-0.69865, 37.97873], [-0.69865, 37.97892], [-0.69884, 37.97892], [-0.69884, 37.97888], [-0.69894, 37.97888], [-0.69893, 37.97867], [-0.6989, 37.97867], [-0.6989, 37.9786], [-0.69895, 37.9786], [-0.69895, 37.97853], [-0.69899, 37.97853], [-0.69898, 37.97832], [-0.69866, 37.97833], [-0.69866, 37.97834], [-0.69856, 37.97834], [-0.69807, 37.97835], [-0.69809, 37.97893]]]}}, {"type": "Feature", "properties": {"area_ha": 0.389, "dist_km": 1.298, "node": "TORREVIEJA 220", "node_mw": 155, "osm_id": 693077528, "municipio": "Torrevieja"}, "geometry": {"type": "Polygon", "coordinates": [[[-0.69827, 37.97824], [-0.69825, 37.97763], [-0.69855, 37.97763], [-0.69857, 37.97806], [-0.69864, 37.97806], [-0.69862, 37.97756], [-0.69887, 37.97755], [-0.69888, 37.97796], [-0.69898, 37.97796], [-0.69898, 37.97802], [-0.69903, 37.97802], [-0.69904, 37.97822], [-0.69866, 37.97823], [-0.69856, 37.97823], [-0.69827, 37.97824]]]}}, {"type": "Feature", "properties": {"area_ha": 0.014, "dist_km": 1.408, "node": "TORREVIEJA 220", "node_mw": 155, "osm_id": 693077530, "municipio": "Torrevieja"}, "geometry": {"type": "Polygon", "coordinates": [[[-0.69782, 37.97872], [-0.69767, 37.97872], [-0.69767, 37.97863], [-0.69782, 37.97863], [-0.69782, 37.97872]]]}}, {"type": "Feature", "properties": {"area_ha": 0.028, "dist_km": 1.43, "node": "TORREVIEJA 220", "node_mw": 155, "osm_id": 693077531, "municipio": "Torrevieja"}, "geometry": {"type": "Polygon", "coordinates": [[[-0.69757, 37.97871], [-0.69757, 37.97881], [-0.69729, 37.97882], [-0.69729, 37.97872], [-0.69757, 37.97871]]]}}, {"type": "Feature", "properties": {"area_ha": 0.012, "dist_km": 1.433, "node": "TORREVIEJA 220", "node_mw": 155, "osm_id": 693077532, "municipio": "Torrevieja"}, "geometry": {"type": "Polygon", "coordinates": [[[-0.69707, 37.97864], [-0.69692, 37.97864], [-0.69692, 37.97856], [-0.69707, 37.97856], [-0.69707, 37.97864]]]}}, {"type": "Feature", "properties": {"area_ha": 0.112, "dist_km": 1.421, "node": "TORREVIEJA 220", "node_mw": 155, "osm_id": 693077533, "municipio": "Torrevieja"}, "geometry": {"type": "Polygon", "coordinates": [[[-0.69601, 37.9782], [-0.69603, 37.978], [-0.69667, 37.97806], [-0.69665, 37.97822], [-0.69635, 37.97819], [-0.69635, 37.97823], [-0.69601, 37.9782]]]}}, {"type": "Feature", "properties": {"area_ha": 0.027, "dist_km": 1.359, "node": "TORREVIEJA 220", "node_mw": 155, "osm_id": 693077534, "municipio": "Torrevieja"}, "geometry": {"type": "Polygon", "coordinates": [[[-0.69978, 37.97896], [-0.6996, 37.97897], [-0.6996, 37.97881], [-0.69977, 37.97881], [-0.69978, 37.97896]]]}}, {"type": "Feature", "properties": {"area_ha": 0.022, "dist_km": 1.376, "node": "TORREVIEJA 220", "node_mw": 155, "osm_id": 693077535, "municipio": "Torrevieja"}, "geometry": {"type": "Polygon", "coordinates": [[[-0.70007, 37.97917], [-0.69987, 37.97917], [-0.69987, 37.97912], [-0.69977, 37.97912], [-0.69977, 37.97908], [-0.70007, 37.97907], [-0.70007, 37.97917]]]}}, {"type": "Feature", "properties": {"area_ha": 0.107, "dist_km": 1.612, "node": "TORREVIEJA 220", "node_mw": 155, "osm_id": 693077536, "municipio": "Torrevieja"}, "geometry": {"type": "Polygon", "coordinates": [[[-0.70123, 37.98193], [-0.70106, 37.98194], [-0.701, 37.98131], [-0.70117, 37.9813], [-0.70123, 37.98193]]]}}, {"type": "Feature", "properties": {"area_ha": 0.053, "dist_km": 1.634, "node": "TORREVIEJA 220", "node_mw": 155, "osm_id": 693077537, "municipio": "Torrevieja"}, "geometry": {"type": "Polygon", "coordinates": [[[-0.7015, 37.98184], [-0.70151, 37.98201], [-0.70182, 37.98199], [-0.70181, 37.98182], [-0.7015, 37.98184]]]}}, {"type": "Feature", "properties": {"area_ha": 0.016, "dist_km": 1.627, "node": "TORREVIEJA 220", "node_mw": 155, "osm_id": 693077538, "municipio": "Torrevieja"}, "geometry": {"type": "Polygon", "coordinates": [[[-0.70217, 37.98198], [-0.70206, 37.98199], [-0.70204, 37.98185], [-0.70216, 37.98184], [-0.70217, 37.98198]]]}}, {"type": "Feature", "properties": {"area_ha": 0.02, "dist_km": 1.604, "node": "TORREVIEJA 220", "node_mw": 155, "osm_id": 693077539, "municipio": "Torrevieja"}, "geometry": {"type": "Polygon", "coordinates": [[[-0.70215, 37.98175], [-0.70199, 37.98176], [-0.70198, 37.98164], [-0.70214, 37.98163], [-0.70215, 37.98175]]]}}, {"type": "Feature", "properties": {"area_ha": 0.028, "dist_km": 1.583, "node": "TORREVIEJA 220", "node_mw": 155, "osm_id": 693077540, "municipio": "Torrevieja"}, "geometry": {"type": "Polygon", "coordinates": [[[-0.70213, 37.98159], [-0.70196, 37.98159], [-0.70195, 37.98142], [-0.70212, 37.98141], [-0.70213, 37.98159]]]}}, {"type": "Feature", "properties": {"area_ha": 0.021, "dist_km": 1.535, "node": "TORREVIEJA 220", "node_mw": 155, "osm_id": 693077541, "municipio": "Torrevieja"}, "geometry": {"type": "Polygon", "coordinates": [[[-0.70239, 37.98114], [-0.70217, 37.98115], [-0.70216, 37.98106], [-0.70238, 37.98104], [-0.70239, 37.98114]]]}}, {"type": "Feature", "properties": {"area_ha": 4.396, "dist_km": 1.978, "node": "NOVELDA 220", "node_mw": 155, "osm_id": 766736182, "municipio": "Novelda"}, "geometry": {"type": "Polygon", "coordinates": [[[-0.74716, 38.38043], [-0.74616, 38.38207], [-0.74611, 38.38217], [-0.74602, 38.38227], [-0.74594, 38.38225], [-0.74555, 38.38222], [-0.74539, 38.38208], [-0.74511, 38.38171], [-0.74527, 38.38102], [-0.74517, 38.38061], [-0.74484, 38.37993], [-0.7439, 38.37889], [-0.74449, 38.37912], [-0.74494, 38.37922], [-0.74551, 38.37936], [-0.74581, 38.37946], [-0.74592, 38.3795], [-0.74616, 38.37966], [-0.74639, 38.3798], [-0.74644, 38.37983], [-0.74667, 38.38011], [-0.74716, 38.38043]]]}}, {"type": "Feature", "properties": {"area_ha": 0.475, "dist_km": 1.443, "node": "NOVELDA 220", "node_mw": 155, "osm_id": 992455701, "municipio": "Novelda"}, "geometry": {"type": "Polygon", "coordinates": [[[-0.75152, 38.38702], [-0.75072, 38.38668], [-0.75106, 38.38626], [-0.75193, 38.38655], [-0.75152, 38.38702]]]}}, {"type": "Feature", "properties": {"area_ha": 0.035, "dist_km": 1.419, "node": "TORREVIEJA 220", "node_mw": 155, "osm_id": 1116643526, "municipio": "Torrevieja"}, "geometry": {"type": "Polygon", "coordinates": [[[-0.69729, 37.97872], [-0.69728, 37.97859], [-0.69757, 37.97859], [-0.69757, 37.97871], [-0.69729, 37.97872]]]}}, {"type": "Feature", "properties": {"area_ha": 2.003, "dist_km": 2.036, "node": "NOVELDA 220", "node_mw": 155, "osm_id": 1118967708, "municipio": "Novelda"}, "geometry": {"type": "Polygon", "coordinates": [[[-0.78307, 38.39811], [-0.78269, 38.39832], [-0.78237, 38.39811], [-0.78202, 38.39834], [-0.78178, 38.39849], [-0.78159, 38.39859], [-0.7814, 38.39871], [-0.78163, 38.39899], [-0.78179, 38.39919], [-0.78196, 38.39938], [-0.78214, 38.39957], [-0.78229, 38.39973], [-0.78259, 38.39951], [-0.78286, 38.39936], [-0.78293, 38.39933], [-0.78309, 38.39937], [-0.78318, 38.39938], [-0.7836, 38.39925], [-0.7837, 38.39917], [-0.78343, 38.39882], [-0.78325, 38.39859], [-0.78317, 38.39843], [-0.78309, 38.39819], [-0.78307, 38.39811]]]}}, {"type": "Feature", "properties": {"area_ha": 9.906, "dist_km": 2.204, "node": "NOVELDA 220", "node_mw": 155, "osm_id": 1126693435, "municipio": "Novelda"}, "geometry": {"type": "Polygon", "coordinates": [[[-0.74864, 38.39681], [-0.74859, 38.39688], [-0.74625, 38.39737], [-0.74656, 38.39693], [-0.74543, 38.3971], [-0.74543, 38.39558], [-0.74502, 38.39498], [-0.74381, 38.39502], [-0.7438, 38.39381], [-0.74483, 38.39399], [-0.74482, 38.39363], [-0.74501, 38.39359], [-0.74483, 38.39328], [-0.74517, 38.39325], [-0.74664, 38.39412], [-0.74822, 38.39526], [-0.74823, 38.39533], [-0.748, 38.39601], [-0.74815, 38.39605], [-0.74864, 38.39681]]]}}, {"type": "Feature", "properties": {"area_ha": 1.258, "dist_km": 1.825, "node": "NOVELDA 220", "node_mw": 155, "osm_id": 1126693436, "municipio": "Novelda"}, "geometry": {"type": "Polygon", "coordinates": [[[-0.75828, 38.39877], [-0.75734, 38.39851], [-0.75726, 38.39853], [-0.75717, 38.39861], [-0.75689, 38.39897], [-0.75668, 38.39893], [-0.75659, 38.39895], [-0.7565, 38.39905], [-0.75622, 38.39956], [-0.75778, 38.3995], [-0.75828, 38.39877]]]}}, {"type": "Feature", "properties": {"area_ha": 0.971, "dist_km": 2.268, "node": "NOVELDA 220", "node_mw": 155, "osm_id": 1126693437, "municipio": "Novelda"}, "geometry": {"type": "Polygon", "coordinates": [[[-0.74449, 38.39279], [-0.74438, 38.39287], [-0.743, 38.3935], [-0.74263, 38.39291], [-0.74339, 38.39263], [-0.74374, 38.39251], [-0.7441, 38.39241], [-0.74432, 38.39258], [-0.74449, 38.39279]]]}}, {"type": "Feature", "properties": {"area_ha": 0.008, "dist_km": 2.345, "node": "TORREVIEJA 220", "node_mw": 155, "osm_id": 1228951546, "municipio": "Torrevieja"}, "geometry": {"type": "Polygon", "coordinates": [[[-0.67917, 37.97228], [-0.67923, 37.9722], [-0.6793, 37.97224], [-0.67924, 37.97231], [-0.67917, 37.97228]]]}}, {"type": "Feature", "properties": {"area_ha": 1.033, "dist_km": 2.689, "node": "NOVELDA 220", "node_mw": 155, "osm_id": 1274781167, "municipio": "Novelda"}, "geometry": {"type": "Polygon", "coordinates": [[[-0.73743, 38.38815], [-0.73815, 38.38857], [-0.73747, 38.38929], [-0.7367, 38.38918], [-0.73685, 38.38849], [-0.73693, 38.3882], [-0.73696, 38.3882], [-0.73722, 38.38826], [-0.73743, 38.38815]]]}}, {"type": "Feature", "properties": {"area_ha": 0.243, "dist_km": 2.68, "node": "NOVELDA 220", "node_mw": 155, "osm_id": 1274781168, "municipio": "Novelda"}, "geometry": {"type": "Polygon", "coordinates": [[[-0.7377, 38.38895], [-0.73784, 38.3888], [-0.73704, 38.38834], [-0.7369, 38.38849], [-0.73713, 38.38863], [-0.73705, 38.38871], [-0.73756, 38.38901], [-0.73764, 38.38892], [-0.7377, 38.38895]]]}}, {"type": "Feature", "properties": {"area_ha": 0.007, "dist_km": 0.087, "node": "PRADA 220", "node_mw": 151, "osm_id": 415790849, "municipio": "Prada"}, "geometry": {"type": "Polygon", "coordinates": [[[-7.0264, 42.31673], [-7.02633, 42.31676], [-7.02627, 42.31668], [-7.02635, 42.31665], [-7.0264, 42.31673]]]}}, {"type": "Feature", "properties": {"area_ha": 0.003, "dist_km": 0.07, "node": "PRADA 220", "node_mw": 151, "osm_id": 415790895, "municipio": "Prada"}, "geometry": {"type": "Polygon", "coordinates": [[[-7.02774, 42.31731], [-7.02775, 42.31727], [-7.02768, 42.31725], [-7.02767, 42.3173], [-7.02774, 42.31731]]]}}, {"type": "Feature", "properties": {"area_ha": 0.006, "dist_km": 0.077, "node": "PRADA 220", "node_mw": 151, "osm_id": 415790896, "municipio": "Prada"}, "geometry": {"type": "Polygon", "coordinates": [[[-7.02747, 42.31744], [-7.02752, 42.31745], [-7.02756, 42.31735], [-7.02748, 42.31733], [-7.02747, 42.31744]]]}}, {"type": "Feature", "properties": {"area_ha": 0.002, "dist_km": 0.14, "node": "PRADA 220", "node_mw": 151, "osm_id": 415790961, "municipio": "Prada"}, "geometry": {"type": "Polygon", "coordinates": [[[-7.02809, 42.31558], [-7.02813, 42.31556], [-7.0281, 42.31553], [-7.02806, 42.31555], [-7.02809, 42.31558]]]}}, {"type": "Feature", "properties": {"area_ha": 0.004, "dist_km": 0.023, "node": "PRADA 220", "node_mw": 151, "osm_id": 415795396, "municipio": "Prada"}, "geometry": {"type": "Polygon", "coordinates": [[[-7.02748, 42.31656], [-7.02754, 42.31656], [-7.02756, 42.31651], [-7.02755, 42.31648], [-7.0275, 42.31648], [-7.02748, 42.31656]]]}}, {"type": "Feature", "properties": {"area_ha": 0.005, "dist_km": 0.067, "node": "PRADA 220", "node_mw": 151, "osm_id": 415795412, "municipio": "Prada"}, "geometry": {"type": "Polygon", "coordinates": [[[-7.02826, 42.31656], [-7.02825, 42.31653], [-7.02816, 42.31654], [-7.02812, 42.31655], [-7.02815, 42.31659], [-7.02826, 42.31656]]]}}, {"type": "Feature", "properties": {"area_ha": 0.005, "dist_km": 0.069, "node": "PRADA 220", "node_mw": 151, "osm_id": 415795414, "municipio": "Prada"}, "geometry": {"type": "Polygon", "coordinates": [[[-7.02825, 42.31653], [-7.02823, 42.31647], [-7.02813, 42.31649], [-7.02816, 42.31654], [-7.02825, 42.31653]]]}}, {"type": "Feature", "properties": {"area_ha": 0.002, "dist_km": 0.082, "node": "PRADA 220", "node_mw": 151, "osm_id": 415795441, "municipio": "Prada"}, "geometry": {"type": "Polygon", "coordinates": [[[-7.02719, 42.316], [-7.02714, 42.31601], [-7.02712, 42.31597], [-7.02719, 42.31596], [-7.02719, 42.316]]]}}, {"type": "Feature", "properties": {"area_ha": 0.014, "dist_km": 0.999, "node": "PRADA 220", "node_mw": 151, "osm_id": 415797144, "municipio": "Prada"}, "geometry": {"type": "Polygon", "coordinates": [[[-7.03729, 42.31163], [-7.03729, 42.31156], [-7.03749, 42.31155], [-7.03749, 42.31162], [-7.03729, 42.31163]]]}}, {"type": "Feature", "properties": {"area_ha": 0.006, "dist_km": 1.059, "node": "PRADA 220", "node_mw": 151, "osm_id": 415797145, "municipio": "Prada"}, "geometry": {"type": "Polygon", "coordinates": [[[-7.03835, 42.31171], [-7.03839, 42.31165], [-7.0383, 42.31161], [-7.03826, 42.31166], [-7.03835, 42.31171]]]}}, {"type": "Feature", "properties": {"area_ha": 0.006, "dist_km": 1.055, "node": "PRADA 220", "node_mw": 151, "osm_id": 415797146, "municipio": "Prada"}, "geometry": {"type": "Polygon", "coordinates": [[[-7.0383, 42.31161], [-7.03821, 42.31158], [-7.03815, 42.31162], [-7.03826, 42.31166], [-7.0383, 42.31161]]]}}, {"type": "Feature", "properties": {"area_ha": 0.003, "dist_km": 1.069, "node": "PRADA 220", "node_mw": 151, "osm_id": 415797149, "municipio": "Prada"}, "geometry": {"type": "Polygon", "coordinates": [[[-7.03796, 42.31108], [-7.03797, 42.31104], [-7.03789, 42.31103], [-7.03787, 42.31106], [-7.03796, 42.31108]]]}}, {"type": "Feature", "properties": {"area_ha": 0.004, "dist_km": 1.073, "node": "PRADA 220", "node_mw": 151, "osm_id": 415797150, "municipio": "Prada"}, "geometry": {"type": "Polygon", "coordinates": [[[-7.03797, 42.31104], [-7.03799, 42.31101], [-7.03791, 42.31098], [-7.03789, 42.31103], [-7.03797, 42.31104]]]}}, {"type": "Feature", "properties": {"area_ha": 0.013, "dist_km": 1.745, "node": "PRADA 220", "node_mw": 151, "osm_id": 415797155, "municipio": "Prada"}, "geometry": {"type": "Polygon", "coordinates": [[[-7.04547, 42.30827], [-7.04527, 42.30841], [-7.04523, 42.30837], [-7.0454, 42.30823], [-7.04547, 42.30827]]]}}, {"type": "Feature", "properties": {"area_ha": 79.237, "dist_km": 0.766, "node": "BALBOA 220", "node_mw": 125, "osm_id": 144767080, "municipio": "Balboa"}, "geometry": {"type": "Polygon", "coordinates": [[[-6.71507, 38.31421], [-6.71295, 38.3142], [-6.71382, 38.31734], [-6.71344, 38.31739], [-6.71401, 38.3194], [-6.71296, 38.31958], [-6.71364, 38.32282], [-6.71381, 38.32756], [-6.71403, 38.32755], [-6.71438, 38.32733], [-6.71438, 38.32724], [-6.71474, 38.32723], [-6.71472, 38.32755], [-6.71488, 38.32761], [-6.71603, 38.32717], [-6.71689, 38.32682], [-6.71732, 38.32653], [-6.71817, 38.3261], [-6.71957, 38.32514], [-6.72042, 38.32471], [-6.72047, 38.3216], [-6.71938, 38.3216], [-6.71917, 38.3214], [-6.71909, 38.32119], [-6.71919, 38.32096], [-6.71973, 38.32076], [-6.72007, 38.32041], [-6.72013, 38.32024], [-6.7199, 38.31966], [-6.71997, 38.31902], [-6.71983, 38.31818], [-6.71962, 38.31786], [-6.71914, 38.31751], [-6.71933, 38.31658], [-6.71917, 38.31626], [-6.71864, 38.31595], [-6.71742, 38.31431], [-6.71696, 38.31351], [-6.71668, 38.31176], [-6.71642, 38.31092], [-6.71528, 38.3106], [-6.71519, 38.31063], [-6.71525, 38.31144], [-6.7152, 38.31229], [-6.71502, 38.31292], [-6.71507, 38.31421]]]}}, {"type": "Feature", "properties": {"area_ha": 1.215, "dist_km": 1.853, "node": "FONTEFRIA 220", "node_mw": 148, "osm_id": 663775234, "municipio": "Fontefria"}, "geometry": {"type": "Polygon", "coordinates": [[[-8.95527, 43.18572], [-8.95473, 43.18549], [-8.95452, 43.18572], [-8.95288, 43.18508], [-8.9526, 43.18544], [-8.9544, 43.18633], [-8.95466, 43.18621], [-8.95514, 43.18589], [-8.95527, 43.18572]]]}}, {"type": "Feature", "properties": {"area_ha": 0.202, "dist_km": 2.606, "node": "FONTEFRIA 220", "node_mw": 148, "osm_id": 962146932, "municipio": "Fontefria"}, "geometry": {"type": "Polygon", "coordinates": [[[-8.94773, 43.21605], [-8.94756, 43.21616], [-8.94743, 43.21623], [-8.94736, 43.21631], [-8.94757, 43.21639], [-8.94768, 43.21639], [-8.94805, 43.21651], [-8.94826, 43.21624], [-8.94773, 43.21605]]]}}, {"type": "Feature", "properties": {"area_ha": 8.421, "dist_km": 1.058, "node": "BALBOA 220", "node_mw": 125, "osm_id": 1342408617, "municipio": "Balboa"}, "geometry": {"type": "Polygon", "coordinates": [[[-6.71547, 38.31927], [-6.7147, 38.31657], [-6.71534, 38.31646], [-6.7151, 38.31562], [-6.7155, 38.31555], [-6.71576, 38.31644], [-6.71648, 38.31631], [-6.71639, 38.316], [-6.71746, 38.31581], [-6.7183, 38.31877], [-6.71547, 38.31927]]]}}, {"type": "Feature", "properties": {"area_ha": 0.919, "dist_km": 0.627, "node": "BALBOA 220", "node_mw": 125, "osm_id": 1342408618, "municipio": "Balboa"}, "geometry": {"type": "Polygon", "coordinates": [[[-6.71519, 38.32083], [-6.71484, 38.31954], [-6.7141, 38.31966], [-6.71438, 38.32071], [-6.71462, 38.32067], [-6.71468, 38.32092], [-6.71519, 38.32083]]]}}, {"type": "Feature", "properties": {"area_ha": 4.48, "dist_km": 0.205, "node": "BALBOA 220", "node_mw": 125, "osm_id": 1342408619, "municipio": "Balboa"}, "geometry": {"type": "Polygon", "coordinates": [[[-6.71463, 38.32157], [-6.714, 38.32159], [-6.71409, 38.3239], [-6.71389, 38.32391], [-6.71398, 38.32645], [-6.7146, 38.32644], [-6.71457, 38.32549], [-6.71464, 38.32549], [-6.7146, 38.32446], [-6.7147, 38.32446], [-6.71479, 38.32677], [-6.71517, 38.32676], [-6.71516, 38.32665], [-6.71547, 38.32664], [-6.71541, 38.32502], [-6.71509, 38.32503], [-6.71506, 38.32436], [-6.71473, 38.32436], [-6.71463, 38.32157]]]}}, {"type": "Feature", "properties": {"area_ha": 3.462, "dist_km": 0.543, "node": "BALBOA 220", "node_mw": 125, "osm_id": 1342408620, "municipio": "Balboa"}, "geometry": {"type": "Polygon", "coordinates": [[[-6.71729, 38.32538], [-6.71727, 38.32332], [-6.71862, 38.32331], [-6.71862, 38.32265], [-6.71891, 38.32265], [-6.71892, 38.32537], [-6.71729, 38.32538]]]}}, {"type": "Feature", "properties": {"area_ha": 1.507, "dist_km": 0.678, "node": "BALBOA 220", "node_mw": 125, "osm_id": 1342408621, "municipio": "Balboa"}, "geometry": {"type": "Polygon", "coordinates": [[[-6.71939, 38.32462], [-6.71937, 38.32189], [-6.71994, 38.32189], [-6.71995, 38.32462], [-6.71939, 38.32462]]]}}, {"type": "Feature", "properties": {"area_ha": 1.082, "dist_km": 0.643, "node": "BALBOA 220", "node_mw": 125, "osm_id": 1342408622, "municipio": "Balboa"}, "geometry": {"type": "Polygon", "coordinates": [[[-6.71664, 38.32201], [-6.71667, 38.32078], [-6.71716, 38.32079], [-6.71715, 38.32093], [-6.71763, 38.32094], [-6.7176, 38.32202], [-6.71664, 38.32201]]]}}, {"type": "Feature", "properties": {"area_ha": 3.984, "dist_km": 0.768, "node": "BALBOA 220", "node_mw": 125, "osm_id": 1342408623, "municipio": "Balboa"}, "geometry": {"type": "Polygon", "coordinates": [[[-6.71582, 38.32012], [-6.71562, 38.31943], [-6.71891, 38.31884], [-6.71928, 38.32012], [-6.71651, 38.32061], [-6.71634, 38.32002], [-6.71582, 38.32012]]]}}, {"type": "Feature", "properties": {"area_ha": 34.592, "dist_km": 3.085, "node": "ALVARADO 220", "node_mw": 137, "osm_id": 222869050, "municipio": "Alvarado"}, "geometry": {"type": "Polygon", "coordinates": [[[-6.84062, 38.804], [-6.83773, 38.80032], [-6.83492, 38.80149], [-6.83468, 38.80145], [-6.83408, 38.8013], [-6.8323, 38.8015], [-6.83192, 38.80149], [-6.8309, 38.80126], [-6.83038, 38.80146], [-6.8301, 38.80142], [-6.83012, 38.80157], [-6.82984, 38.80178], [-6.82947, 38.80174], [-6.82896, 38.80169], [-6.82847, 38.80168], [-6.82765, 38.80185], [-6.8271, 38.80191], [-6.82654, 38.80224], [-6.82614, 38.80235], [-6.82563, 38.80245], [-6.82529, 38.80262], [-6.82406, 38.80252], [-6.8235, 38.80234], [-6.82304, 38.80232], [-6.82244, 38.80291], [-6.82241, 38.80304], [-6.82402, 38.80317], [-6.82722, 38.80394], [-6.82776, 38.80395], [-6.82905, 38.80397], [-6.83174, 38.80381], [-6.83238, 38.80368], [-6.83533, 38.80373], [-6.83868, 38.80398], [-6.84062, 38.80403], [-6.84062, 38.804]]]}}, {"type": "Feature", "properties": {"area_ha": 0.086, "dist_km": 1.738, "node": "PORTODEMOUROS 220", "node_mw": 142, "osm_id": 338784660, "municipio": "Portodemouros"}, "geometry": {"type": "Polygon", "coordinates": [[[-8.21119, 42.85567], [-8.21064, 42.85592], [-8.21053, 42.8558], [-8.21108, 42.85555], [-8.21119, 42.85567]]]}}, {"type": "Feature", "properties": {"area_ha": 60.189, "dist_km": 2.148, "node": "ALVARADO 220", "node_mw": 137, "osm_id": 1158427333, "municipio": "Alvarado"}, "geometry": {"type": "Polygon", "coordinates": [[[-6.82709, 38.78095], [-6.82711, 38.78033], [-6.82746, 38.78035], [-6.82747, 38.77983], [-6.82733, 38.77982], [-6.82733, 38.77966], [-6.82748, 38.77966], [-6.82758, 38.77696], [-6.82711, 38.7766], [-6.8246, 38.77656], [-6.82426, 38.77552], [-6.82421, 38.77537], [-6.82413, 38.77489], [-6.81738, 38.77244], [-6.81714, 38.77378], [-6.81472, 38.77316], [-6.81437, 38.77305], [-6.81426, 38.77678], [-6.81425, 38.77685], [-6.81467, 38.77703], [-6.81496, 38.77714], [-6.81688, 38.77719], [-6.81735, 38.77737], [-6.81797, 38.77783], [-6.81963, 38.77831], [-6.81947, 38.77868], [-6.82133, 38.77951], [-6.82179, 38.77971], [-6.82241, 38.77996], [-6.82273, 38.78007], [-6.82304, 38.78012], [-6.82337, 38.78014], [-6.82387, 38.78014], [-6.82404, 38.7803], [-6.82506, 38.78071], [-6.82709, 38.78095]]]}}, {"type": "Feature", "properties": {"area_ha": 72.354, "dist_km": 1.391, "node": "ALVARADO 220", "node_mw": 137, "osm_id": 1158491693, "municipio": "Alvarado"}, "geometry": {"type": "Polygon", "coordinates": [[[-6.81857, 38.78217], [-6.81791, 38.78214], [-6.81673, 38.78198], [-6.81635, 38.78196], [-6.81596, 38.7819], [-6.81551, 38.7818], [-6.81507, 38.78172], [-6.81393, 38.78153], [-6.81307, 38.78135], [-6.81175, 38.78104], [-6.81136, 38.78081], [-6.81081, 38.78077], [-6.81058, 38.78072], [-6.81015, 38.78067], [-6.80955, 38.78056], [-6.80918, 38.78038], [-6.80855, 38.78031], [-6.80781, 38.7802], [-6.80748, 38.78017], [-6.80639, 38.77999], [-6.80577, 38.77998], [-6.80551, 38.77997], [-6.80486, 38.77985], [-6.80432, 38.77964], [-6.80334, 38.77928], [-6.80374, 38.77807], [-6.80383, 38.77759], [-6.80388, 38.77738], [-6.80418, 38.77629], [-6.80471, 38.77441], [-6.8049, 38.77372], [-6.80495, 38.77372], [-6.80592, 38.77372], [-6.80675, 38.77429], [-6.80942, 38.77534], [-6.81008, 38.77553], [-6.81019, 38.77566], [-6.81037, 38.77567], [-6.81042, 38.7756], [-6.8109, 38.77571], [-6.81199, 38.7761], [-6.81286, 38.77641], [-6.81367, 38.77672], [-6.81389, 38.77695], [-6.81526, 38.77737], [-6.81529, 38.7773], [-6.81624, 38.77743], [-6.81709, 38.77754], [-6.81741, 38.77777], [-6.81765, 38.77795], [-6.81814, 38.77818], [-6.81908, 38.77856], [-6.81935, 38.77866], [-6.81939, 38.7787], [-6.81928, 38.77906], [-6.81917, 38.77947], [-6.81911, 38.78017], [-6.81898, 38.7809], [-6.81875, 38.78157], [-6.81857, 38.78217]]]}}, {"type": "Feature", "properties": {"area_ha": 0.094, "dist_km": 2.794, "node": "PORTODEMOUROS 220", "node_mw": 142, "osm_id": 1483367339, "municipio": "Portodemouros"}, "geometry": {"type": "Polygon", "coordinates": [[[-8.22394, 42.85775], [-8.22372, 42.85788], [-8.22338, 42.85755], [-8.22341, 42.85753], [-8.22347, 42.85749], [-8.22349, 42.85748], [-8.22352, 42.85751], [-8.22357, 42.85748], [-8.22365, 42.85756], [-8.22371, 42.85753], [-8.22394, 42.85775]]]}}, {"type": "Feature", "properties": {"area_ha": 0.072, "dist_km": 2.798, "node": "PORTODEMOUROS 220", "node_mw": 142, "osm_id": 1483367342, "municipio": "Portodemouros"}, "geometry": {"type": "Polygon", "coordinates": [[[-8.22377, 42.85812], [-8.22354, 42.85823], [-8.2233, 42.85797], [-8.22352, 42.85789], [-8.22377, 42.85812]]]}}, {"type": "Feature", "properties": {"area_ha": 0.019, "dist_km": 2.697, "node": "PORTODEMOUROS 220", "node_mw": 142, "osm_id": 1483367343, "municipio": "Portodemouros"}, "geometry": {"type": "Polygon", "coordinates": [[[-8.22241, 42.85755], [-8.22229, 42.85748], [-8.2224, 42.85737], [-8.22252, 42.85744], [-8.22241, 42.85755]]]}}, {"type": "Feature", "properties": {"area_ha": 0.033, "dist_km": 2.732, "node": "PORTODEMOUROS 220", "node_mw": 142, "osm_id": 1483367344, "municipio": "Portodemouros"}, "geometry": {"type": "Polygon", "coordinates": [[[-8.22308, 42.85721], [-8.22286, 42.85707], [-8.2227, 42.85714], [-8.22296, 42.85728], [-8.22308, 42.85721]]]}}, {"type": "Feature", "properties": {"area_ha": 0.43, "dist_km": 3.018, "node": "CONSO 220", "node_mw": 134, "osm_id": 105620875, "municipio": "Conso"}, "geometry": {"type": "Polygon", "coordinates": [[[-7.18815, 42.15437], [-7.18865, 42.15406], [-7.18884, 42.15394], [-7.18908, 42.15409], [-7.18917, 42.15402], [-7.18939, 42.1542], [-7.18921, 42.15433], [-7.18863, 42.15474], [-7.18837, 42.1545], [-7.18834, 42.15445], [-7.18815, 42.15437]]]}}, {"type": "Feature", "properties": {"area_ha": 0.069, "dist_km": 2.596, "node": "ABEGONDO 400", "node_mw": 470, "osm_id": 241981975, "municipio": "Abegondo"}, "geometry": {"type": "Polygon", "coordinates": [[[-8.27786, 43.19389], [-8.27766, 43.1938], [-8.27785, 43.19358], [-8.27797, 43.19355], [-8.27811, 43.19361], [-8.27786, 43.19389]]]}}, {"type": "Feature", "properties": {"area_ha": 0.272, "dist_km": 1.195, "node": "ABEGONDO 400", "node_mw": 470, "osm_id": 250506459, "municipio": "Abegondo"}, "geometry": {"type": "Polygon", "coordinates": [[[-8.29836, 43.21752], [-8.29759, 43.21747], [-8.29764, 43.21716], [-8.29774, 43.21712], [-8.29838, 43.21709], [-8.29842, 43.21714], [-8.29836, 43.21752]]]}}, {"type": "Feature", "properties": {"area_ha": 0.092, "dist_km": 1.188, "node": "ABEGONDO 400", "node_mw": 470, "osm_id": 250506460, "municipio": "Abegondo"}, "geometry": {"type": "Polygon", "coordinates": [[[-8.29818, 43.21744], [-8.2978, 43.21741], [-8.29781, 43.21734], [-8.29773, 43.21734], [-8.29775, 43.21719], [-8.2979, 43.2172], [-8.29791, 43.21716], [-8.29809, 43.21717], [-8.29808, 43.21722], [-8.2982, 43.21722], [-8.29818, 43.21744]]]}}, {"type": "Feature", "properties": {"area_ha": 0.702, "dist_km": 1.25, "node": "ABEGONDO 400", "node_mw": 470, "osm_id": 251930211, "municipio": "Abegondo"}, "geometry": {"type": "Polygon", "coordinates": [[[-8.27886, 43.22775], [-8.27808, 43.22746], [-8.27721, 43.22713], [-8.27748, 43.22674], [-8.27911, 43.22741], [-8.27886, 43.22775]]]}}, {"type": "Feature", "properties": {"area_ha": 0.051, "dist_km": 2.381, "node": "ABEGONDO 400", "node_mw": 470, "osm_id": 297880607, "municipio": "Abegondo"}, "geometry": {"type": "Polygon", "coordinates": [[[-8.30981, 43.22629], [-8.30961, 43.22638], [-8.30941, 43.2262], [-8.3096, 43.22609], [-8.30981, 43.22629]]]}}, {"type": "Feature", "properties": {"area_ha": 0.01, "dist_km": 2.729, "node": "ABEGONDO 400", "node_mw": 470, "osm_id": 297880641, "municipio": "Abegondo"}, "geometry": {"type": "Polygon", "coordinates": [[[-8.31649, 43.22094], [-8.31643, 43.22093], [-8.31647, 43.22079], [-8.31651, 43.22079], [-8.31651, 43.22078], [-8.31654, 43.22079], [-8.31649, 43.22094]]]}}, {"type": "Feature", "properties": {"area_ha": 0.018, "dist_km": 1.922, "node": "ABEGONDO 400", "node_mw": 470, "osm_id": 297996362, "municipio": "Abegondo"}, "geometry": {"type": "Polygon", "coordinates": [[[-8.30663, 43.21373], [-8.30676, 43.21359], [-8.30666, 43.21355], [-8.30653, 43.21369], [-8.30663, 43.21373]]]}}, {"type": "Feature", "properties": {"area_ha": 0.023, "dist_km": 2.663, "node": "ABEGONDO 400", "node_mw": 470, "osm_id": 298086120, "municipio": "Abegondo"}, "geometry": {"type": "Polygon", "coordinates": [[[-8.31523, 43.22247], [-8.31511, 43.22243], [-8.31524, 43.22226], [-8.31535, 43.2223], [-8.31523, 43.22247]]]}}, {"type": "Feature", "properties": {"area_ha": 0.112, "dist_km": 2.785, "node": "ABEGONDO 400", "node_mw": 470, "osm_id": 307054891, "municipio": "Abegondo"}, "geometry": {"type": "Polygon", "coordinates": [[[-8.31739, 43.22065], [-8.31754, 43.22074], [-8.31697, 43.22122], [-8.31682, 43.22112], [-8.31739, 43.22065]]]}}, {"type": "Feature", "properties": {"area_ha": 0.18, "dist_km": 1.625, "node": "ABEGONDO 400", "node_mw": 470, "osm_id": 341913263, "municipio": "Abegondo"}, "geometry": {"type": "Polygon", "coordinates": [[[-8.28838, 43.23109], [-8.28791, 43.23104], [-8.28792, 43.23098], [-8.288, 43.23062], [-8.28847, 43.23067], [-8.28838, 43.23109]]]}}, {"type": "Feature", "properties": {"area_ha": 0.363, "dist_km": 2.5, "node": "ABEGONDO 400", "node_mw": 470, "osm_id": 345383414, "municipio": "Abegondo"}, "geometry": {"type": "Polygon", "coordinates": [[[-8.3064, 43.23241], [-8.30577, 43.23241], [-8.30576, 43.23178], [-8.30583, 43.23178], [-8.30583, 43.2318], [-8.30591, 43.2318], [-8.30591, 43.23178], [-8.30643, 43.23178], [-8.3064, 43.23241]]]}}, {"type": "Feature", "properties": {"area_ha": 0.096, "dist_km": 1.201, "node": "ABEGONDO 400", "node_mw": 470, "osm_id": 351906094, "municipio": "Abegondo"}, "geometry": {"type": "Polygon", "coordinates": [[[-8.29765, 43.21954], [-8.29791, 43.21909], [-8.29785, 43.21907], [-8.29783, 43.2191], [-8.29766, 43.21906], [-8.29747, 43.21942], [-8.29751, 43.2195], [-8.29765, 43.21954]]]}}, {"type": "Feature", "properties": {"area_ha": 0.054, "dist_km": 1.167, "node": "ABEGONDO 400", "node_mw": 470, "osm_id": 351907268, "municipio": "Abegondo"}, "geometry": {"type": "Polygon", "coordinates": [[[-8.29743, 43.21937], [-8.29747, 43.21921], [-8.29709, 43.21916], [-8.29706, 43.21932], [-8.29743, 43.21937]]]}}, {"type": "Feature", "properties": {"area_ha": 0.024, "dist_km": 2.89, "node": "ABEGONDO 400", "node_mw": 470, "osm_id": 351921747, "municipio": "Abegondo"}, "geometry": {"type": "Polygon", "coordinates": [[[-8.31735, 43.20861], [-8.31727, 43.2087], [-8.31721, 43.20867], [-8.31719, 43.20868], [-8.31711, 43.20864], [-8.31714, 43.20859], [-8.3171, 43.20857], [-8.31714, 43.20851], [-8.31725, 43.20856], [-8.31735, 43.20861]]]}}, {"type": "Feature", "properties": {"area_ha": 0.042, "dist_km": 2.829, "node": "ABEGONDO 400", "node_mw": 470, "osm_id": 371527251, "municipio": "Abegondo"}, "geometry": {"type": "Polygon", "coordinates": [[[-8.27916, 43.242], [-8.27893, 43.24198], [-8.27902, 43.24182], [-8.27926, 43.24189], [-8.27929, 43.24196], [-8.27929, 43.24203], [-8.27916, 43.24202], [-8.27916, 43.242]]]}}, {"type": "Feature", "properties": {"area_ha": 0.021, "dist_km": 2.823, "node": "ABEGONDO 400", "node_mw": 470, "osm_id": 371527253, "municipio": "Abegondo"}, "geometry": {"type": "Polygon", "coordinates": [[[-8.27979, 43.24197], [-8.27938, 43.24186], [-8.27936, 43.24191], [-8.27976, 43.24202], [-8.27979, 43.24197]]]}}, {"type": "Feature", "properties": {"area_ha": 3.925, "dist_km": 2.394, "node": "ABEGONDO 400", "node_mw": 470, "osm_id": 374881192, "municipio": "Abegondo"}, "geometry": {"type": "Polygon", "coordinates": [[[-8.29539, 43.19761], [-8.29408, 43.19753], [-8.29374, 43.19753], [-8.29361, 43.19771], [-8.29255, 43.19762], [-8.29262, 43.19682], [-8.29255, 43.19672], [-8.29259, 43.19663], [-8.29269, 43.1966], [-8.29337, 43.19662], [-8.29338, 43.19652], [-8.29363, 43.19651], [-8.2936, 43.19634], [-8.2936, 43.19595], [-8.29364, 43.19588], [-8.29405, 43.19577], [-8.2944, 43.19574], [-8.29521, 43.19582], [-8.29522, 43.19597], [-8.29546, 43.1961], [-8.29565, 43.19664], [-8.29561, 43.19684], [-8.29552, 43.19698], [-8.29521, 43.19705], [-8.29539, 43.19761]]]}}, {"type": "Feature", "properties": {"area_ha": 0.721, "dist_km": 1.937, "node": "ABEGONDO 400", "node_mw": 470, "osm_id": 391754613, "municipio": "Abegondo"}, "geometry": {"type": "Polygon", "coordinates": [[[-8.26643, 43.20518], [-8.26645, 43.20483], [-8.26655, 43.20483], [-8.26661, 43.20476], [-8.26664, 43.20459], [-8.26538, 43.20448], [-8.26462, 43.20435], [-8.26458, 43.20472], [-8.26585, 43.20479], [-8.26582, 43.20514], [-8.26643, 43.20518]]]}}, {"type": "Feature", "properties": {"area_ha": 0.01, "dist_km": 2.32, "node": "ABEGONDO 400", "node_mw": 470, "osm_id": 391764195, "municipio": "Abegondo"}, "geometry": {"type": "Polygon", "coordinates": [[[-8.27327, 43.19721], [-8.27317, 43.19725], [-8.27311, 43.19716], [-8.2732, 43.19712], [-8.27324, 43.19717], [-8.27327, 43.19721]]]}}, {"type": "Feature", "properties": {"area_ha": 0.05, "dist_km": 1.384, "node": "ABEGONDO 400", "node_mw": 470, "osm_id": 418554763, "municipio": "Abegondo"}, "geometry": {"type": "Polygon", "coordinates": [[[-8.30055, 43.21756], [-8.30028, 43.21774], [-8.30014, 43.21763], [-8.30039, 43.21745], [-8.30055, 43.21756]]]}}, {"type": "Feature", "properties": {"area_ha": 0.007, "dist_km": 1.553, "node": "ABEGONDO 400", "node_mw": 470, "osm_id": 668453692, "municipio": "Abegondo"}, "geometry": {"type": "Polygon", "coordinates": [[[-8.28822, 43.23026], [-8.28825, 43.23017], [-8.28817, 43.23015], [-8.28814, 43.23025], [-8.28822, 43.23026]]]}}, {"type": "Feature", "properties": {"area_ha": 0.178, "dist_km": 1.539, "node": "ABEGONDO 400", "node_mw": 470, "osm_id": 668453693, "municipio": "Abegondo"}, "geometry": {"type": "Polygon", "coordinates": [[[-8.28844, 43.23], [-8.28831, 43.22992], [-8.28822, 43.22996], [-8.28813, 43.22997], [-8.28774, 43.22997], [-8.28766, 43.23012], [-8.28794, 43.23017], [-8.28792, 43.23025], [-8.28819, 43.23034], [-8.28838, 43.2302], [-8.28846, 43.23008], [-8.28844, 43.23]]]}}, {"type": "Feature", "properties": {"area_ha": 0.037, "dist_km": 1.505, "node": "ABEGONDO 400", "node_mw": 470, "osm_id": 859071241, "municipio": "Abegondo"}, "geometry": {"type": "Polygon", "coordinates": [[[-8.30156, 43.21991], [-8.3015, 43.21976], [-8.30127, 43.21981], [-8.3013, 43.21988], [-8.30127, 43.21988], [-8.30128, 43.21992], [-8.30131, 43.21992], [-8.30133, 43.21997], [-8.30156, 43.21991]]]}}, {"type": "Feature", "properties": {"area_ha": 0.002, "dist_km": 1.489, "node": "ABEGONDO 400", "node_mw": 470, "osm_id": 859071242, "municipio": "Abegondo"}, "geometry": {"type": "Polygon", "coordinates": [[[-8.30117, 43.21994], [-8.30116, 43.21988], [-8.30112, 43.21988], [-8.30113, 43.21995], [-8.30117, 43.21994]]]}}, {"type": "Feature", "properties": {"area_ha": 0.002, "dist_km": 1.465, "node": "ABEGONDO 400", "node_mw": 470, "osm_id": 859071243, "municipio": "Abegondo"}, "geometry": {"type": "Polygon", "coordinates": [[[-8.30079, 43.2201], [-8.30079, 43.22005], [-8.30075, 43.22005], [-8.30075, 43.2201], [-8.30079, 43.2201]]]}}, {"type": "Feature", "properties": {"area_ha": 0.002, "dist_km": 1.484, "node": "ABEGONDO 400", "node_mw": 470, "osm_id": 859071250, "municipio": "Abegondo"}, "geometry": {"type": "Polygon", "coordinates": [[[-8.30115, 43.21985], [-8.30114, 43.21982], [-8.30105, 43.21984], [-8.30106, 43.21987], [-8.30115, 43.21985]]]}}, {"type": "Feature", "properties": {"area_ha": 0.022, "dist_km": 2.517, "node": "ABEGONDO 400", "node_mw": 470, "osm_id": 949207409, "municipio": "Abegondo"}, "geometry": {"type": "Polygon", "coordinates": [[[-8.30596, 43.20114], [-8.30582, 43.20103], [-8.3057, 43.20111], [-8.30585, 43.20122], [-8.30596, 43.20114]]]}}, {"type": "Feature", "properties": {"area_ha": 0.013, "dist_km": 2.898, "node": "ABEGONDO 400", "node_mw": 470, "osm_id": 951529161, "municipio": "Abegondo"}, "geometry": {"type": "Polygon", "coordinates": [[[-8.31725, 43.20856], [-8.31714, 43.20851], [-8.31724, 43.20841], [-8.31734, 43.20846], [-8.31725, 43.20856]]]}}, {"type": "Feature", "properties": {"area_ha": 0.057, "dist_km": 2.633, "node": "ABEGONDO 400", "node_mw": 470, "osm_id": 951721183, "municipio": "Abegondo"}, "geometry": {"type": "Polygon", "coordinates": [[[-8.27822, 43.1935], [-8.27827, 43.19316], [-8.27812, 43.19315], [-8.27811, 43.19323], [-8.27804, 43.19323], [-8.27802, 43.19341], [-8.27808, 43.19342], [-8.27807, 43.19349], [-8.27822, 43.1935]]]}}, {"type": "Feature", "properties": {"area_ha": 0.888, "dist_km": 2.627, "node": "ABEGONDO 400", "node_mw": 470, "osm_id": 951721184, "municipio": "Abegondo"}, "geometry": {"type": "Polygon", "coordinates": [[[-8.27786, 43.19391], [-8.27765, 43.19381], [-8.27749, 43.1937], [-8.2777, 43.1935], [-8.27779, 43.1933], [-8.27784, 43.19291], [-8.27787, 43.19282], [-8.27893, 43.19288], [-8.27903, 43.19309], [-8.27894, 43.19356], [-8.27829, 43.19355], [-8.27818, 43.19355], [-8.27786, 43.19391]]]}}, {"type": "Feature", "properties": {"area_ha": 0.032, "dist_km": 2.846, "node": "ABEGONDO 400", "node_mw": 470, "osm_id": 951721232, "municipio": "Abegondo"}, "geometry": {"type": "Polygon", "coordinates": [[[-8.27464, 43.19196], [-8.27467, 43.19185], [-8.2745, 43.19183], [-8.27449, 43.19188], [-8.27442, 43.19187], [-8.27439, 43.19199], [-8.2746, 43.19201], [-8.27461, 43.19196], [-8.27464, 43.19196]]]}}, {"type": "Feature", "properties": {"area_ha": 0.029, "dist_km": 2.89, "node": "ABEGONDO 400", "node_mw": 470, "osm_id": 951721253, "municipio": "Abegondo"}, "geometry": {"type": "Polygon", "coordinates": [[[-8.26994, 43.19272], [-8.26985, 43.19252], [-8.2697, 43.19256], [-8.2698, 43.19276], [-8.26994, 43.19272]]]}}, {"type": "Feature", "properties": {"area_ha": 0.021, "dist_km": 2.924, "node": "ABEGONDO 400", "node_mw": 470, "osm_id": 951721254, "municipio": "Abegondo"}, "geometry": {"type": "Polygon", "coordinates": [[[-8.26999, 43.19241], [-8.26966, 43.19216], [-8.26965, 43.19223], [-8.26995, 43.19245], [-8.26999, 43.19241]]]}}, {"type": "Feature", "properties": {"area_ha": 0.016, "dist_km": 2.87, "node": "ABEGONDO 400", "node_mw": 470, "osm_id": 951721265, "municipio": "Abegondo"}, "geometry": {"type": "Polygon", "coordinates": [[[-8.26779, 43.19358], [-8.26778, 43.19349], [-8.26758, 43.1935], [-8.26758, 43.19358], [-8.26779, 43.19358]]]}}, {"type": "Feature", "properties": {"area_ha": 0.012, "dist_km": 2.845, "node": "ABEGONDO 400", "node_mw": 470, "osm_id": 951721266, "municipio": "Abegondo"}, "geometry": {"type": "Polygon", "coordinates": [[[-8.2676, 43.19389], [-8.2677, 43.19377], [-8.26762, 43.19374], [-8.26752, 43.19386], [-8.2676, 43.19389]]]}}, {"type": "Feature", "properties": {"area_ha": 0.005, "dist_km": 2.32, "node": "ABEGONDO 400", "node_mw": 470, "osm_id": 951816286, "municipio": "Abegondo"}, "geometry": {"type": "Polygon", "coordinates": [[[-8.27317, 43.19725], [-8.2731, 43.19724], [-8.27305, 43.19717], [-8.27311, 43.19716], [-8.27317, 43.19725]]]}}, {"type": "Feature", "properties": {"area_ha": 0.017, "dist_km": 2.313, "node": "ABEGONDO 400", "node_mw": 470, "osm_id": 951816287, "municipio": "Abegondo"}, "geometry": {"type": "Polygon", "coordinates": [[[-8.27317, 43.19725], [-8.27325, 43.19726], [-8.27345, 43.19729], [-8.27333, 43.19714], [-8.27324, 43.19717], [-8.27327, 43.19721], [-8.27317, 43.19725]]]}}, {"type": "Feature", "properties": {"area_ha": 0.008, "dist_km": 2.313, "node": "ABEGONDO 400", "node_mw": 470, "osm_id": 951816289, "municipio": "Abegondo"}, "geometry": {"type": "Polygon", "coordinates": [[[-8.27302, 43.19733], [-8.27295, 43.19729], [-8.27291, 43.19728], [-8.27285, 43.19732], [-8.27294, 43.19738], [-8.27302, 43.19733]]]}}, {"type": "Feature", "properties": {"area_ha": 0.012, "dist_km": 2.323, "node": "ABEGONDO 400", "node_mw": 470, "osm_id": 951816290, "municipio": "Abegondo"}, "geometry": {"type": "Polygon", "coordinates": [[[-8.27291, 43.19728], [-8.2728, 43.19719], [-8.27272, 43.19724], [-8.27273, 43.19726], [-8.27272, 43.19727], [-8.27274, 43.19729], [-8.27276, 43.19728], [-8.2728, 43.19731], [-8.27285, 43.19732], [-8.27291, 43.19728]]]}}, {"type": "Feature", "properties": {"area_ha": 0.006, "dist_km": 2.366, "node": "ABEGONDO 400", "node_mw": 470, "osm_id": 951816374, "municipio": "Abegondo"}, "geometry": {"type": "Polygon", "coordinates": [[[-8.29342, 43.19678], [-8.29342, 43.19669], [-8.29335, 43.19669], [-8.29335, 43.19678], [-8.29342, 43.19678]]]}}, {"type": "Feature", "properties": {"area_ha": 0.03, "dist_km": 2.35, "node": "ABEGONDO 400", "node_mw": 470, "osm_id": 951816375, "municipio": "Abegondo"}, "geometry": {"type": "Polygon", "coordinates": [[[-8.29526, 43.19751], [-8.29523, 43.1974], [-8.29524, 43.19739], [-8.29522, 43.19732], [-8.295, 43.19735], [-8.295, 43.19738], [-8.2951, 43.19737], [-8.29511, 43.19741], [-8.29505, 43.19741], [-8.29509, 43.19753], [-8.29526, 43.19751]]]}}, {"type": "Feature", "properties": {"area_ha": 0.009, "dist_km": 1.989, "node": "ABEGONDO 400", "node_mw": 470, "osm_id": 952407895, "municipio": "Abegondo"}, "geometry": {"type": "Polygon", "coordinates": [[[-8.28509, 43.19889], [-8.28508, 43.19882], [-8.28493, 43.19882], [-8.28494, 43.19888], [-8.28509, 43.19889]]]}}, {"type": "Feature", "properties": {"area_ha": 0.033, "dist_km": 0.588, "node": "ABEGONDO 400", "node_mw": 470, "osm_id": 953127482, "municipio": "Abegondo"}, "geometry": {"type": "Polygon", "coordinates": [[[-8.28136, 43.21171], [-8.28119, 43.21158], [-8.28117, 43.2116], [-8.28115, 43.21159], [-8.28111, 43.21161], [-8.28113, 43.21162], [-8.28105, 43.21168], [-8.28121, 43.21181], [-8.28136, 43.21171]]]}}, {"type": "Feature", "properties": {"area_ha": 0.032, "dist_km": 0.443, "node": "ABEGONDO 400", "node_mw": 470, "osm_id": 953127532, "municipio": "Abegondo"}, "geometry": {"type": "Polygon", "coordinates": [[[-8.28161, 43.213], [-8.2815, 43.21295], [-8.2815, 43.21296], [-8.28138, 43.21291], [-8.28139, 43.2129], [-8.28134, 43.21288], [-8.28125, 43.21298], [-8.28152, 43.21309], [-8.28161, 43.213]]]}}, {"type": "Feature", "properties": {"area_ha": 0.032, "dist_km": 2.227, "node": "ABEGONDO 400", "node_mw": 470, "osm_id": 953163898, "municipio": "Abegondo"}, "geometry": {"type": "Polygon", "coordinates": [[[-8.26711, 43.2005], [-8.26703, 43.20045], [-8.26678, 43.20065], [-8.26687, 43.20071], [-8.26695, 43.20064], [-8.26698, 43.20066], [-8.26706, 43.20059], [-8.26702, 43.20057], [-8.26711, 43.2005]]]}}, {"type": "Feature", "properties": {"area_ha": 0.099, "dist_km": 1.905, "node": "ABEGONDO 400", "node_mw": 470, "osm_id": 953566673, "municipio": "Abegondo"}, "geometry": {"type": "Polygon", "coordinates": [[[-8.26641, 43.20512], [-8.26642, 43.20481], [-8.26634, 43.20481], [-8.26634, 43.20483], [-8.26587, 43.2048], [-8.26585, 43.20494], [-8.266, 43.20496], [-8.26599, 43.205], [-8.26624, 43.20501], [-8.26625, 43.20498], [-8.26631, 43.20498], [-8.2663, 43.20512], [-8.26641, 43.20512]]]}}, {"type": "Feature", "properties": {"area_ha": 0.03, "dist_km": 1.906, "node": "ABEGONDO 400", "node_mw": 470, "osm_id": 953566674, "municipio": "Abegondo"}, "geometry": {"type": "Polygon", "coordinates": [[[-8.26652, 43.20481], [-8.26652, 43.2047], [-8.26657, 43.2047], [-8.26657, 43.20464], [-8.26635, 43.20464], [-8.26634, 43.20481], [-8.26642, 43.20481], [-8.26652, 43.20481]]]}}, {"type": "Feature", "properties": {"area_ha": 0.039, "dist_km": 1.426, "node": "ABEGONDO 400", "node_mw": 470, "osm_id": 953757183, "municipio": "Abegondo"}, "geometry": {"type": "Polygon", "coordinates": [[[-8.26602, 43.21547], [-8.26596, 43.21551], [-8.26592, 43.21555], [-8.26564, 43.21539], [-8.26566, 43.21538], [-8.26564, 43.21533], [-8.26571, 43.21528], [-8.26602, 43.21547]]]}}, {"type": "Feature", "properties": {"area_ha": 0.147, "dist_km": 2.403, "node": "ABEGONDO 400", "node_mw": 470, "osm_id": 964607072, "municipio": "Abegondo"}, "geometry": {"type": "Polygon", "coordinates": [[[-8.28557, 43.23853], [-8.28564, 43.23842], [-8.2845, 43.23801], [-8.28442, 43.23813], [-8.28557, 43.23853]]]}}, {"type": "Feature", "properties": {"area_ha": 2.544, "dist_km": 2.264, "node": "ALMAZAN 400", "node_mw": 128, "osm_id": 46699019, "municipio": "Almazan"}, "geometry": {"type": "Polygon", "coordinates": [[[-2.53691, 41.49772], [-2.53742, 41.49931], [-2.53772, 41.50007], [-2.53751, 41.50001], [-2.53749, 41.49994], [-2.53707, 41.49998], [-2.53688, 41.49945], [-2.53604, 41.49961], [-2.53548, 41.49817], [-2.5366, 41.49778], [-2.53691, 41.49772]]]}}, {"type": "Feature", "properties": {"area_ha": 0.837, "dist_km": 1.966, "node": "ALMAZAN 400", "node_mw": 128, "osm_id": 46699021, "municipio": "Almazan"}, "geometry": {"type": "Polygon", "coordinates": [[[-2.53476, 41.49632], [-2.53467, 41.49641], [-2.53402, 41.49733], [-2.53367, 41.49721], [-2.53366, 41.49608], [-2.53383, 41.49599], [-2.53476, 41.49632]]]}}, {"type": "Feature", "properties": {"area_ha": 40.843, "dist_km": 0.869, "node": "ALMAZAN 400", "node_mw": 128, "osm_id": 46699022, "municipio": "Almazan"}, "geometry": {"type": "Polygon", "coordinates": [[[-2.52442, 41.49243], [-2.52492, 41.49256], [-2.52363, 41.49394], [-2.52227, 41.49333], [-2.52195, 41.49309], [-2.52147, 41.49278], [-2.52093, 41.49247], [-2.5188, 41.49133], [-2.51846, 41.49107], [-2.51711, 41.49134], [-2.51602, 41.49165], [-2.51526, 41.49176], [-2.51476, 41.49181], [-2.5137, 41.49106], [-2.51335, 41.4908], [-2.51306, 41.49041], [-2.51282, 41.48973], [-2.51278, 41.4892], [-2.51276, 41.48886], [-2.51278, 41.48859], [-2.51346, 41.48855], [-2.51402, 41.48859], [-2.51477, 41.48881], [-2.51542, 41.48904], [-2.5168, 41.48907], [-2.51811, 41.48905], [-2.51814, 41.4886], [-2.51844, 41.48859], [-2.51842, 41.48794], [-2.51882, 41.48791], [-2.51888, 41.48673], [-2.52037, 41.48662], [-2.52046, 41.4865], [-2.52055, 41.48652], [-2.5211, 41.48648], [-2.52149, 41.48646], [-2.52163, 41.48646], [-2.52182, 41.48646], [-2.52224, 41.48646], [-2.52224, 41.48654], [-2.52228, 41.48657], [-2.52223, 41.48662], [-2.52116, 41.48784], [-2.52127, 41.48789], [-2.52294, 41.48787], [-2.52302, 41.48789], [-2.52311, 41.48794], [-2.52318, 41.48803], [-2.52339, 41.48841], [-2.52396, 41.48819], [-2.52479, 41.48941], [-2.52538, 41.49006], [-2.52259, 41.49194], [-2.52245, 41.49204], [-2.52242, 41.49216], [-2.52233, 41.4924], [-2.52264, 41.49255], [-2.52247, 41.49275], [-2.52238, 41.49286], [-2.5224, 41.49287], [-2.52266, 41.49299], [-2.52301, 41.49257], [-2.52347, 41.49269], [-2.52351, 41.49271], [-2.52359, 41.49274], [-2.52369, 41.4928], [-2.52368, 41.49281], [-2.52386, 41.49292], [-2.52374, 41.49304], [-2.52382, 41.49308], [-2.5243, 41.49264], [-2.52437, 41.49258], [-2.5244, 41.4925], [-2.52442, 41.49243]]]}}, {"type": "Feature", "properties": {"area_ha": 0.959, "dist_km": 1.788, "node": "ALMAZAN 400", "node_mw": 128, "osm_id": 296661796, "municipio": "Almazan"}, "geometry": {"type": "Polygon", "coordinates": [[[-2.52302, 41.48101], [-2.52279, 41.48053], [-2.52301, 41.48029], [-2.52317, 41.48028], [-2.52411, 41.47993], [-2.52459, 41.48032], [-2.5245, 41.48039], [-2.52459, 41.48047], [-2.52302, 41.48101]]]}}, {"type": "Feature", "properties": {"area_ha": 0.082, "dist_km": 2.944, "node": "ALMAZAN 400", "node_mw": 128, "osm_id": 297991983, "municipio": "Almazan"}, "geometry": {"type": "Polygon", "coordinates": [[[-2.48057, 41.50721], [-2.48049, 41.50693], [-2.48079, 41.50688], [-2.48087, 41.50715], [-2.48057, 41.50721]]]}}, {"type": "Feature", "properties": {"area_ha": 0.005, "dist_km": 2.025, "node": "ALMAZAN 400", "node_mw": 128, "osm_id": 846853141, "municipio": "Almazan"}, "geometry": {"type": "Polygon", "coordinates": [[[-2.53329, 41.4864], [-2.53329, 41.48637], [-2.53335, 41.48637], [-2.53335, 41.48639], [-2.53345, 41.48639], [-2.53346, 41.48638], [-2.53349, 41.48638], [-2.53349, 41.48642], [-2.53329, 41.4864]]]}}, {"type": "Feature", "properties": {"area_ha": 0.06, "dist_km": 1.719, "node": "ALMAZAN 400", "node_mw": 128, "osm_id": 901646467, "municipio": "Almazan"}, "geometry": {"type": "Polygon", "coordinates": [[[-2.52665, 41.48321], [-2.52652, 41.4833], [-2.5262, 41.48303], [-2.52634, 41.48294], [-2.52665, 41.48321]]]}}, {"type": "Feature", "properties": {"area_ha": 0.024, "dist_km": 1.652, "node": "ALMAZAN 400", "node_mw": 128, "osm_id": 902009839, "municipio": "Almazan"}, "geometry": {"type": "Polygon", "coordinates": [[[-2.52784, 41.48576], [-2.52787, 41.48566], [-2.52788, 41.48563], [-2.52805, 41.48566], [-2.52803, 41.48574], [-2.52801, 41.4858], [-2.52784, 41.48576]]]}}, {"type": "Feature", "properties": {"area_ha": 0.126, "dist_km": 2.009, "node": "ALMAZAN 400", "node_mw": 128, "osm_id": 903449552, "municipio": "Almazan"}, "geometry": {"type": "Polygon", "coordinates": [[[-2.53483, 41.4938], [-2.5349, 41.49381], [-2.53491, 41.49377], [-2.53538, 41.49371], [-2.53544, 41.49393], [-2.53484, 41.49401], [-2.53477, 41.49399], [-2.53483, 41.4938]]]}}, {"type": "Feature", "properties": {"area_ha": 0.551, "dist_km": 1.942, "node": "ALMAZAN 400", "node_mw": 128, "osm_id": 903449559, "municipio": "Almazan"}, "geometry": {"type": "Polygon", "coordinates": [[[-2.53483, 41.4938], [-2.53477, 41.49399], [-2.53424, 41.4939], [-2.53396, 41.49378], [-2.53399, 41.4937], [-2.53393, 41.49369], [-2.53395, 41.49364], [-2.5336, 41.49358], [-2.53361, 41.49353], [-2.53349, 41.49351], [-2.53352, 41.4934], [-2.53364, 41.49343], [-2.53365, 41.49339], [-2.53395, 41.49344], [-2.53397, 41.49335], [-2.53421, 41.49339], [-2.53424, 41.49331], [-2.53435, 41.49333], [-2.53437, 41.49327], [-2.53444, 41.49329], [-2.53446, 41.49323], [-2.53464, 41.49326], [-2.53462, 41.49332], [-2.53479, 41.49335], [-2.53486, 41.49336], [-2.53488, 41.49342], [-2.53477, 41.49379], [-2.53483, 41.4938]]]}}, {"type": "Feature", "properties": {"area_ha": 2.804, "dist_km": 1.978, "node": "ALMAZAN 400", "node_mw": 128, "osm_id": 903449560, "municipio": "Almazan"}, "geometry": {"type": "Polygon", "coordinates": [[[-2.5355, 41.4936], [-2.53509, 41.49365], [-2.53504, 41.49366], [-2.53503, 41.49366], [-2.53501, 41.49364], [-2.535, 41.49362], [-2.53499, 41.49359], [-2.53492, 41.49318], [-2.53489, 41.49319], [-2.5348, 41.4932], [-2.53472, 41.49321], [-2.53464, 41.49282], [-2.5346, 41.49268], [-2.53456, 41.49256], [-2.53382, 41.4927], [-2.53349, 41.49323], [-2.53324, 41.49319], [-2.53322, 41.4935], [-2.53303, 41.49353], [-2.53298, 41.49399], [-2.53384, 41.49421], [-2.53466, 41.49435], [-2.53586, 41.49447], [-2.53577, 41.49418], [-2.53564, 41.49416], [-2.53557, 41.49396], [-2.53562, 41.49395], [-2.5355, 41.4936]]]}}, {"type": "Feature", "properties": {"area_ha": 0.007, "dist_km": 2.702, "node": "ALMAZAN 400", "node_mw": 128, "osm_id": 903449630, "municipio": "Almazan"}, "geometry": {"type": "Polygon", "coordinates": [[[-2.54145, 41.48505], [-2.5414, 41.48505], [-2.54132, 41.48493], [-2.54137, 41.48491], [-2.54145, 41.48505]]]}}, {"type": "Feature", "properties": {"area_ha": 0.005, "dist_km": 2.717, "node": "ALMAZAN 400", "node_mw": 128, "osm_id": 903449633, "municipio": "Almazan"}, "geometry": {"type": "Polygon", "coordinates": [[[-2.54157, 41.48494], [-2.54164, 41.48507], [-2.54157, 41.48507], [-2.54156, 41.48498], [-2.54154, 41.48494], [-2.54157, 41.48494]]]}}, {"type": "Feature", "properties": {"area_ha": 0.002, "dist_km": 2.281, "node": "ALMAZAN 400", "node_mw": 128, "osm_id": 903862323, "municipio": "Almazan"}, "geometry": {"type": "Polygon", "coordinates": [[[-2.53585, 41.48482], [-2.53583, 41.48483], [-2.53577, 41.48477], [-2.53579, 41.48476], [-2.53584, 41.4848], [-2.53585, 41.48482]]]}}, {"type": "Feature", "properties": {"area_ha": 0.019, "dist_km": 2.673, "node": "ALMAZAN 400", "node_mw": 128, "osm_id": 903862393, "municipio": "Almazan"}, "geometry": {"type": "Polygon", "coordinates": [[[-2.5405, 41.48389], [-2.54039, 41.48392], [-2.54032, 41.4838], [-2.54031, 41.48376], [-2.54041, 41.48373], [-2.5405, 41.48389]]]}}, {"type": "Feature", "properties": {"area_ha": 0.012, "dist_km": 1.623, "node": "ALMAZAN 400", "node_mw": 128, "osm_id": 904329168, "municipio": "Almazan"}, "geometry": {"type": "Polygon", "coordinates": [[[-2.52772, 41.48591], [-2.52772, 41.48592], [-2.52759, 41.4859], [-2.52761, 41.4858], [-2.52774, 41.48583], [-2.52772, 41.48591]]]}}, {"type": "Feature", "properties": {"area_ha": 0.115, "dist_km": 1.178, "node": "ALMAZAN 400", "node_mw": 128, "osm_id": 905262146, "municipio": "Almazan"}, "geometry": {"type": "Polygon", "coordinates": [[[-2.52154, 41.48683], [-2.52201, 41.4868], [-2.52216, 41.48662], [-2.52216, 41.4866], [-2.52216, 41.48658], [-2.52152, 41.4866], [-2.52154, 41.48683]]]}}, {"type": "Feature", "properties": {"area_ha": 0.052, "dist_km": 1.141, "node": "ALMAZAN 400", "node_mw": 128, "osm_id": 905262147, "municipio": "Almazan"}, "geometry": {"type": "Polygon", "coordinates": [[[-2.52155, 41.48683], [-2.52154, 41.48683], [-2.52152, 41.4866], [-2.52128, 41.48662], [-2.5213, 41.48684], [-2.52155, 41.48683]]]}}, {"type": "Feature", "properties": {"area_ha": 0.07, "dist_km": 1.091, "node": "ALMAZAN 400", "node_mw": 128, "osm_id": 905262148, "municipio": "Almazan"}, "geometry": {"type": "Polygon", "coordinates": [[[-2.52081, 41.48664], [-2.52083, 41.48687], [-2.5205, 41.48689], [-2.52048, 41.48666], [-2.52061, 41.48665], [-2.52081, 41.48664]]]}}, {"type": "Feature", "properties": {"area_ha": 0.039, "dist_km": 1.107, "node": "ALMAZAN 400", "node_mw": 128, "osm_id": 905262149, "municipio": "Almazan"}, "geometry": {"type": "Polygon", "coordinates": [[[-2.52081, 41.48664], [-2.521, 41.48663], [-2.52102, 41.48686], [-2.52083, 41.48687], [-2.52081, 41.48664]]]}}, {"type": "Feature", "properties": {"area_ha": 0.01, "dist_km": 1.464, "node": "ALMAZAN 400", "node_mw": 128, "osm_id": 905262174, "municipio": "Almazan"}, "geometry": {"type": "Polygon", "coordinates": [[[-2.52608, 41.48674], [-2.52609, 41.48681], [-2.52624, 41.48682], [-2.52623, 41.4868], [-2.52623, 41.48674], [-2.52608, 41.48674]]]}}, {"type": "Feature", "properties": {"area_ha": 0.041, "dist_km": 1.995, "node": "ALMAZAN 400", "node_mw": 128, "osm_id": 905614070, "municipio": "Almazan"}, "geometry": {"type": "Polygon", "coordinates": [[[-2.53011, 41.48251], [-2.53009, 41.48244], [-2.53006, 41.48231], [-2.52981, 41.48237], [-2.52985, 41.48244], [-2.52988, 41.48252], [-2.53, 41.48251], [-2.53, 41.48252], [-2.53011, 41.48251]]]}}, {"type": "Feature", "properties": {"area_ha": 0.053, "dist_km": 1.96, "node": "ALMAZAN 400", "node_mw": 128, "osm_id": 907335914, "municipio": "Almazan"}, "geometry": {"type": "Polygon", "coordinates": [[[-2.52231, 41.47769], [-2.52241, 41.47782], [-2.52213, 41.47798], [-2.52198, 41.47788], [-2.52231, 41.47769]]]}}, {"type": "Feature", "properties": {"area_ha": 0.018, "dist_km": 1.717, "node": "ALMAZAN 400", "node_mw": 128, "osm_id": 907775499, "municipio": "Almazan"}, "geometry": {"type": "Polygon", "coordinates": [[[-2.52718, 41.4837], [-2.5271, 41.48364], [-2.52695, 41.48374], [-2.52702, 41.48381], [-2.52718, 41.4837]]]}}, {"type": "Feature", "properties": {"area_ha": 0.108, "dist_km": 3.014, "node": "ALMAZAN 400", "node_mw": 128, "osm_id": 908416486, "municipio": "Almazan"}, "geometry": {"type": "Polygon", "coordinates": [[[-2.52902, 41.46997], [-2.52873, 41.46999], [-2.52868, 41.46965], [-2.52868, 41.46959], [-2.52896, 41.46957], [-2.52902, 41.46997]]]}}, {"type": "Feature", "properties": {"area_ha": 0.109, "dist_km": 3.027, "node": "ALMAZAN 400", "node_mw": 128, "osm_id": 908416487, "municipio": "Almazan"}, "geometry": {"type": "Polygon", "coordinates": [[[-2.52902, 41.46997], [-2.52896, 41.46957], [-2.52925, 41.46954], [-2.52932, 41.46994], [-2.52902, 41.46997]]]}}, {"type": "Feature", "properties": {"area_ha": 0.073, "dist_km": 2.984, "node": "ALMAZAN 400", "node_mw": 128, "osm_id": 908416502, "municipio": "Almazan"}, "geometry": {"type": "Polygon", "coordinates": [[[-2.5318, 41.4716], [-2.53179, 41.47124], [-2.53157, 41.47124], [-2.53158, 41.47147], [-2.53158, 41.4716], [-2.5318, 41.4716]]]}}, {"type": "Feature", "properties": {"area_ha": 0.011, "dist_km": 2.979, "node": "ALMAZAN 400", "node_mw": 128, "osm_id": 908416504, "municipio": "Almazan"}, "geometry": {"type": "Polygon", "coordinates": [[[-2.5318, 41.4716], [-2.5318, 41.47165], [-2.53202, 41.47165], [-2.53202, 41.4716], [-2.5318, 41.4716]]]}}, {"type": "Feature", "properties": {"area_ha": 0.075, "dist_km": 2.997, "node": "ALMAZAN 400", "node_mw": 128, "osm_id": 908416505, "municipio": "Almazan"}, "geometry": {"type": "Polygon", "coordinates": [[[-2.53202, 41.4716], [-2.5318, 41.4716], [-2.53179, 41.47124], [-2.53201, 41.47123], [-2.53202, 41.4716]]]}}, {"type": "Feature", "properties": {"area_ha": 0.046, "dist_km": 2.981, "node": "ALMAZAN 400", "node_mw": 128, "osm_id": 908416507, "municipio": "Almazan"}, "geometry": {"type": "Polygon", "coordinates": [[[-2.53157, 41.47124], [-2.53135, 41.47125], [-2.53136, 41.47147], [-2.53158, 41.47147], [-2.53157, 41.47124]]]}}, {"type": "Feature", "properties": {"area_ha": 0.075, "dist_km": 2.986, "node": "ALMAZAN 400", "node_mw": 128, "osm_id": 908416508, "municipio": "Almazan"}, "geometry": {"type": "Polygon", "coordinates": [[[-2.52982, 41.47075], [-2.53003, 41.47073], [-2.52998, 41.47036], [-2.52977, 41.47037], [-2.52977, 41.47038], [-2.52982, 41.47075]]]}}, {"type": "Feature", "properties": {"area_ha": 0.204, "dist_km": 2.959, "node": "ALMAZAN 400", "node_mw": 128, "osm_id": 908416509, "municipio": "Almazan"}, "geometry": {"type": "Polygon", "coordinates": [[[-2.52989, 41.47125], [-2.52963, 41.47127], [-2.52953, 41.47046], [-2.52958, 41.47046], [-2.52957, 41.4704], [-2.52977, 41.47038], [-2.52982, 41.47075], [-2.52989, 41.47125]]]}}, {"type": "Feature", "properties": {"area_ha": 0.001, "dist_km": 1.941, "node": "ALMAZAN 400", "node_mw": 128, "osm_id": 910116427, "municipio": "Almazan"}, "geometry": {"type": "Polygon", "coordinates": [[[-2.53414, 41.49196], [-2.53415, 41.49194], [-2.53412, 41.49193], [-2.53411, 41.49195], [-2.53414, 41.49196]]]}}, {"type": "Feature", "properties": {"area_ha": 3.217, "dist_km": 0.881, "node": "ALMAZAN 400", "node_mw": 128, "osm_id": 1173518783, "municipio": "Almazan"}, "geometry": {"type": "Polygon", "coordinates": [[[-2.52218, 41.49118], [-2.52183, 41.49054], [-2.52188, 41.49052], [-2.52177, 41.49031], [-2.52234, 41.49013], [-2.52204, 41.48957], [-2.52166, 41.48969], [-2.52157, 41.48952], [-2.52137, 41.48959], [-2.52134, 41.48953], [-2.52116, 41.48959], [-2.52107, 41.48942], [-2.52035, 41.48964], [-2.52047, 41.48985], [-2.52037, 41.48988], [-2.52036, 41.48987], [-2.52027, 41.48989], [-2.52028, 41.48991], [-2.52015, 41.48995], [-2.52012, 41.48989], [-2.51996, 41.48994], [-2.52012, 41.49025], [-2.51996, 41.4903], [-2.51988, 41.49015], [-2.51978, 41.49018], [-2.51986, 41.49033], [-2.51966, 41.49039], [-2.51952, 41.49056], [-2.51966, 41.49082], [-2.51971, 41.49081], [-2.51969, 41.49077], [-2.51971, 41.49077], [-2.51991, 41.49114], [-2.52039, 41.49119], [-2.52082, 41.49106], [-2.52092, 41.49126], [-2.521, 41.49127], [-2.52145, 41.49113], [-2.52151, 41.49123], [-2.5216, 41.49121], [-2.52167, 41.49133], [-2.52218, 41.49118]]]}}, {"type": "Feature", "properties": {"area_ha": 0.009, "dist_km": 1.207, "node": "ALMAZAN 400", "node_mw": 128, "osm_id": 1173518784, "municipio": "Almazan"}, "geometry": {"type": "Polygon", "coordinates": [[[-2.5235, 41.48775], [-2.52352, 41.48779], [-2.5233, 41.48786], [-2.52328, 41.48782], [-2.5235, 41.48775]]]}}, {"type": "Feature", "properties": {"area_ha": 0.026, "dist_km": 1.223, "node": "ALMAZAN 400", "node_mw": 128, "osm_id": 1173518785, "municipio": "Almazan"}, "geometry": {"type": "Polygon", "coordinates": [[[-2.52378, 41.48788], [-2.52361, 41.48769], [-2.52349, 41.48773], [-2.52361, 41.48785], [-2.52366, 41.48793], [-2.52369, 41.48792], [-2.52369, 41.48791], [-2.52378, 41.48788]]]}}, {"type": "Feature", "properties": {"area_ha": 0.025, "dist_km": 1.153, "node": "ALMAZAN 400", "node_mw": 128, "osm_id": 1173518786, "municipio": "Almazan"}, "geometry": {"type": "Polygon", "coordinates": [[[-2.52294, 41.48773], [-2.52294, 41.48769], [-2.5222, 41.48771], [-2.5222, 41.48775], [-2.52294, 41.48773]]]}}, {"type": "Feature", "properties": {"area_ha": 0.057, "dist_km": 1.215, "node": "ALMAZAN 400", "node_mw": 128, "osm_id": 1173518787, "municipio": "Almazan"}, "geometry": {"type": "Polygon", "coordinates": [[[-2.52391, 41.48801], [-2.5238, 41.48789], [-2.52344, 41.48801], [-2.52352, 41.48814], [-2.52391, 41.48801]]]}}, {"type": "Feature", "properties": {"area_ha": 1.187, "dist_km": 2.493, "node": "ALMAZAN 400", "node_mw": 128, "osm_id": 1360711141, "municipio": "Almazan"}, "geometry": {"type": "Polygon", "coordinates": [[[-2.53714, 41.50176], [-2.53795, 41.50161], [-2.53796, 41.50165], [-2.53832, 41.50265], [-2.53858, 41.50262], [-2.53886, 41.50342], [-2.53872, 41.50345], [-2.5382, 41.50314], [-2.53772, 41.50283], [-2.53714, 41.50176]]]}}, {"type": "Feature", "properties": {"area_ha": 0.441, "dist_km": 3.046, "node": "CHANTADA 220", "node_mw": 128, "osm_id": 177649634, "municipio": "Chantada"}, "geometry": {"type": "Polygon", "coordinates": [[[-7.75011, 42.60193], [-7.74916, 42.60195], [-7.74877, 42.60154], [-7.74912, 42.60115], [-7.74953, 42.6016], [-7.7501, 42.60186], [-7.75011, 42.60193]]]}}, {"type": "Feature", "properties": {"area_ha": 1.424, "dist_km": 2.868, "node": "CHANTADA 220", "node_mw": 128, "osm_id": 177649638, "municipio": "Chantada"}, "geometry": {"type": "Polygon", "coordinates": [[[-7.75268, 42.60291], [-7.75192, 42.6031], [-7.75136, 42.60305], [-7.75074, 42.6024], [-7.75091, 42.60198], [-7.75158, 42.60199], [-7.75251, 42.60234], [-7.75269, 42.6026], [-7.75268, 42.60291]]]}}, {"type": "Feature", "properties": {"area_ha": 0.646, "dist_km": 2.456, "node": "CHANTADA 220", "node_mw": 128, "osm_id": 177653330, "municipio": "Chantada"}, "geometry": {"type": "Polygon", "coordinates": [[[-7.75252, 42.64442], [-7.75328, 42.64389], [-7.75304, 42.64364], [-7.75215, 42.64385], [-7.75153, 42.64384], [-7.75145, 42.64408], [-7.75222, 42.64422], [-7.75252, 42.64442]]]}}, {"type": "Feature", "properties": {"area_ha": 0.009, "dist_km": 2.146, "node": "CHANTADA 220", "node_mw": 128, "osm_id": 202439030, "municipio": "Chantada"}, "geometry": {"type": "Polygon", "coordinates": [[[-7.76825, 42.60595], [-7.76834, 42.60595], [-7.76833, 42.60606], [-7.76824, 42.60605], [-7.76825, 42.60595]]]}}, {"type": "Feature", "properties": {"area_ha": 1.4, "dist_km": 2.239, "node": "CHANTADA 220", "node_mw": 128, "osm_id": 1230096461, "municipio": "Chantada"}, "geometry": {"type": "Polygon", "coordinates": [[[-7.77443, 42.60655], [-7.77541, 42.60615], [-7.77535, 42.60602], [-7.77572, 42.60598], [-7.77566, 42.60565], [-7.77567, 42.60539], [-7.77508, 42.60541], [-7.77448, 42.60545], [-7.77394, 42.60548], [-7.77372, 42.60542], [-7.77364, 42.6054], [-7.77356, 42.60549], [-7.77365, 42.60554], [-7.77358, 42.60563], [-7.77389, 42.60582], [-7.77443, 42.60655]]]}}, {"type": "Feature", "properties": {"area_ha": 2.39, "dist_km": 2.256, "node": "CHANTADA 220", "node_mw": 128, "osm_id": 1429531996, "municipio": "Chantada"}, "geometry": {"type": "Polygon", "coordinates": [[[-7.76268, 42.60501], [-7.76269, 42.60522], [-7.76322, 42.60555], [-7.76331, 42.60587], [-7.76508, 42.60623], [-7.76546, 42.60518], [-7.76474, 42.60506], [-7.76369, 42.60471], [-7.76333, 42.60472], [-7.76268, 42.60501]]]}}, {"type": "Feature", "properties": {"area_ha": 30.346, "dist_km": 2.509, "node": "VIMIANZO 220", "node_mw": 123, "osm_id": 150155435, "municipio": "Vimianzo"}, "geometry": {"type": "Polygon", "coordinates": [[[-9.0242, 43.12262], [-9.02707, 43.12278], [-9.02765, 43.12301], [-9.02813, 43.12305], [-9.02872, 43.12292], [-9.02934, 43.12195], [-9.02959, 43.12144], [-9.02977, 43.12059], [-9.02952, 43.12049], [-9.02937, 43.1203], [-9.02932, 43.12014], [-9.02935, 43.11987], [-9.02937, 43.11962], [-9.02932, 43.11931], [-9.02938, 43.11891], [-9.02905, 43.11883], [-9.02942, 43.11781], [-9.02989, 43.11803], [-9.031, 43.1166], [-9.03052, 43.11646], [-9.03052, 43.116], [-9.02986, 43.11583], [-9.02971, 43.11579], [-9.02999, 43.11513], [-9.02921, 43.11465], [-9.02946, 43.1144], [-9.02863, 43.11409], [-9.02856, 43.11408], [-9.02833, 43.11421], [-9.02816, 43.11466], [-9.02787, 43.11545], [-9.02743, 43.11603], [-9.02685, 43.11734], [-9.02625, 43.1173], [-9.02606, 43.1174], [-9.0258, 43.11803], [-9.02491, 43.11791], [-9.02451, 43.11783], [-9.02448, 43.11849], [-9.02475, 43.11974], [-9.02481, 43.12012], [-9.02481, 43.12066], [-9.0242, 43.12262]]]}}, {"type": "Feature", "properties": {"area_ha": 0.441, "dist_km": 1.167, "node": "SAN CAYETANO 220", "node_mw": 117, "osm_id": 217857624, "municipio": "San Cayetano"}, "geometry": {"type": "Polygon", "coordinates": [[[-0.90729, 37.81291], [-0.90604, 37.81319], [-0.90553, 37.81294], [-0.90596, 37.8127], [-0.90656, 37.81277], [-0.90729, 37.81291]]]}}, {"type": "Feature", "properties": {"area_ha": 2.05, "dist_km": 2.052, "node": "SAN CAYETANO 220", "node_mw": 117, "osm_id": 225022820, "municipio": "San Cayetano"}, "geometry": {"type": "Polygon", "coordinates": [[[-0.87409, 37.80961], [-0.87413, 37.80965], [-0.87325, 37.81023], [-0.87273, 37.81018], [-0.87232, 37.81042], [-0.87149, 37.81033], [-0.87126, 37.81026], [-0.87137, 37.80961], [-0.87151, 37.80951], [-0.87185, 37.80954], [-0.87191, 37.80922], [-0.87292, 37.80933], [-0.87289, 37.80949], [-0.87409, 37.80961]]]}}, {"type": "Feature", "properties": {"area_ha": 4.476, "dist_km": 0.353, "node": "SAN CAYETANO 220", "node_mw": 117, "osm_id": 261241395, "municipio": "San Cayetano"}, "geometry": {"type": "Polygon", "coordinates": [[[-0.89165, 37.81731], [-0.89144, 37.81685], [-0.89176, 37.81671], [-0.89151, 37.81629], [-0.88675, 37.81821], [-0.8871, 37.81896], [-0.89165, 37.81731]]]}}, {"type": "Feature", "properties": {"area_ha": 3.87, "dist_km": 2.009, "node": "SAN CAYETANO 220", "node_mw": 117, "osm_id": 261242722, "municipio": "San Cayetano"}, "geometry": {"type": "Polygon", "coordinates": [[[-0.87467, 37.80972], [-0.87453, 37.80946], [-0.87179, 37.80918], [-0.87101, 37.80985], [-0.87111, 37.81026], [-0.87206, 37.81052], [-0.87325, 37.81082], [-0.87469, 37.80984], [-0.87467, 37.80972]]]}}, {"type": "Feature", "properties": {"area_ha": 0.673, "dist_km": 2.076, "node": "SAN CAYETANO 220", "node_mw": 117, "osm_id": 261242894, "municipio": "San Cayetano"}, "geometry": {"type": "Polygon", "coordinates": [[[-0.8726, 37.81075], [-0.87153, 37.81143], [-0.87079, 37.81088], [-0.87122, 37.81061], [-0.87161, 37.81091], [-0.87207, 37.81062], [-0.8726, 37.81075]]]}}, {"type": "Feature", "properties": {"area_ha": 3.28, "dist_km": 2.264, "node": "SAN CAYETANO 220", "node_mw": 117, "osm_id": 261243479, "municipio": "San Cayetano"}, "geometry": {"type": "Polygon", "coordinates": [[[-0.8708, 37.80978], [-0.86984, 37.81035], [-0.86954, 37.81006], [-0.86851, 37.81111], [-0.86718, 37.81004], [-0.86804, 37.80909], [-0.86933, 37.80998], [-0.86965, 37.80965], [-0.86991, 37.80978], [-0.87076, 37.80914], [-0.87076, 37.80914], [-0.87145, 37.80921], [-0.87154, 37.80929], [-0.87087, 37.80974], [-0.8708, 37.80978]]]}}, {"type": "Feature", "properties": {"area_ha": 1.364, "dist_km": 1.616, "node": "SAN CAYETANO 220", "node_mw": 117, "osm_id": 287671780, "municipio": "San Cayetano"}, "geometry": {"type": "Polygon", "coordinates": [[[-0.91319, 37.81349], [-0.91272, 37.8137], [-0.91021, 37.81391], [-0.91032, 37.81318], [-0.9117, 37.81331], [-0.91182, 37.81326], [-0.91318, 37.81342], [-0.91319, 37.81349]]]}}, {"type": "Feature", "properties": {"area_ha": 5.543, "dist_km": 1.777, "node": "SAN CAYETANO 220", "node_mw": 117, "osm_id": 287672012, "municipio": "San Cayetano"}, "geometry": {"type": "Polygon", "coordinates": [[[-0.91669, 37.81462], [-0.91645, 37.8146], [-0.91594, 37.8146], [-0.91578, 37.81461], [-0.91594, 37.81379], [-0.9152, 37.81372], [-0.91506, 37.81386], [-0.91404, 37.81376], [-0.91386, 37.81357], [-0.91347, 37.81379], [-0.91296, 37.81402], [-0.90991, 37.81425], [-0.90891, 37.81429], [-0.90869, 37.81455], [-0.91227, 37.8146], [-0.91254, 37.8149], [-0.91295, 37.8145], [-0.91341, 37.81439], [-0.91431, 37.81511], [-0.91472, 37.81524], [-0.91572, 37.81559], [-0.91614, 37.8149], [-0.91674, 37.81471], [-0.91669, 37.81462]]]}}, {"type": "Feature", "properties": {"area_ha": 2.558, "dist_km": 2.995, "node": "VIMIANZO 220", "node_mw": 123, "osm_id": 438881442, "municipio": "Vimianzo"}, "geometry": {"type": "Polygon", "coordinates": [[[-9.04398, 43.12901], [-9.04237, 43.12877], [-9.0423, 43.12857], [-9.04199, 43.12857], [-9.04181, 43.12812], [-9.0416, 43.128], [-9.04163, 43.12788], [-9.04236, 43.12783], [-9.04246, 43.12763], [-9.04342, 43.12777], [-9.04337, 43.12741], [-9.04394, 43.12752], [-9.04396, 43.12735], [-9.0444, 43.12738], [-9.04447, 43.12774], [-9.04446, 43.12779], [-9.04448, 43.12801], [-9.04413, 43.12795], [-9.04398, 43.12901]]]}}, {"type": "Feature", "properties": {"area_ha": 0.497, "dist_km": 3.016, "node": "VIMIANZO 220", "node_mw": 123, "osm_id": 438892377, "municipio": "Vimianzo"}, "geometry": {"type": "Polygon", "coordinates": [[[-9.04347, 43.12787], [-9.04317, 43.12783], [-9.04316, 43.12802], [-9.04244, 43.12804], [-9.04245, 43.12835], [-9.04317, 43.12833], [-9.04317, 43.1285], [-9.04327, 43.12851], [-9.04328, 43.12857], [-9.0435, 43.1286], [-9.04348, 43.12823], [-9.04369, 43.12823], [-9.04369, 43.12814], [-9.044, 43.12814], [-9.044, 43.12801], [-9.04361, 43.12801], [-9.0436, 43.12788], [-9.04347, 43.12789], [-9.04347, 43.12787]]]}}, {"type": "Feature", "properties": {"area_ha": 0.416, "dist_km": 0.454, "node": "SAN CAYETANO 220", "node_mw": 117, "osm_id": 456646022, "municipio": "San Cayetano"}, "geometry": {"type": "Polygon", "coordinates": [[[-0.89914, 37.81869], [-0.89827, 37.81831], [-0.89848, 37.81791], [-0.89901, 37.8181], [-0.89895, 37.81818], [-0.89937, 37.81835], [-0.89914, 37.81869]]]}}, {"type": "Feature", "properties": {"area_ha": 2.596, "dist_km": 0.796, "node": "SAN CAYETANO 220", "node_mw": 117, "osm_id": 457243535, "municipio": "San Cayetano"}, "geometry": {"type": "Polygon", "coordinates": [[[-0.89256, 37.81087], [-0.89218, 37.81081], [-0.8919, 37.81076], [-0.89178, 37.81069], [-0.8915, 37.81033], [-0.89106, 37.80971], [-0.89103, 37.80948], [-0.89099, 37.809], [-0.89101, 37.80886], [-0.89186, 37.80898], [-0.89328, 37.81015], [-0.89256, 37.81087]]]}}, {"type": "Feature", "properties": {"area_ha": 0.761, "dist_km": 1.511, "node": "SAN CAYETANO 220", "node_mw": 117, "osm_id": 457688720, "municipio": "San Cayetano"}, "geometry": {"type": "Polygon", "coordinates": [[[-0.90381, 37.82866], [-0.90318, 37.82887], [-0.90282, 37.82865], [-0.9034, 37.8284], [-0.90301, 37.82755], [-0.90388, 37.8277], [-0.90381, 37.82866]]]}}, {"type": "Feature", "properties": {"area_ha": 0.783, "dist_km": 3.028, "node": "SAN CAYETANO 220", "node_mw": 117, "osm_id": 458571557, "municipio": "San Cayetano"}, "geometry": {"type": "Polygon", "coordinates": [[[-0.88007, 37.84159], [-0.87934, 37.84196], [-0.87919, 37.84193], [-0.87864, 37.84138], [-0.87961, 37.84092], [-0.88007, 37.84159]]]}}, {"type": "Feature", "properties": {"area_ha": 0.987, "dist_km": 1.795, "node": "SAN CAYETANO 220", "node_mw": 117, "osm_id": 473282243, "municipio": "San Cayetano"}, "geometry": {"type": "Polygon", "coordinates": [[[-0.87847, 37.82761], [-0.87886, 37.82732], [-0.87894, 37.82721], [-0.87891, 37.82713], [-0.87877, 37.82705], [-0.87784, 37.82676], [-0.87725, 37.82724], [-0.87742, 37.82765], [-0.87847, 37.82761]]]}}, {"type": "Feature", "properties": {"area_ha": 3.642, "dist_km": 1.745, "node": "SAN CAYETANO 220", "node_mw": 117, "osm_id": 473310484, "municipio": "San Cayetano"}, "geometry": {"type": "Polygon", "coordinates": [[[-0.88034, 37.82606], [-0.87925, 37.82697], [-0.87891, 37.82713], [-0.87877, 37.82705], [-0.87784, 37.82676], [-0.87781, 37.82678], [-0.87758, 37.82669], [-0.87706, 37.82653], [-0.87712, 37.82643], [-0.87849, 37.82496], [-0.88034, 37.82606]]]}}, {"type": "Feature", "properties": {"area_ha": 0.434, "dist_km": 3.013, "node": "SAN CAYETANO 220", "node_mw": 117, "osm_id": 474994653, "municipio": "San Cayetano"}, "geometry": {"type": "Polygon", "coordinates": [[[-0.86132, 37.80897], [-0.86175, 37.80875], [-0.86173, 37.8085], [-0.86146, 37.80832], [-0.8606, 37.80823], [-0.86132, 37.80897]]]}}, {"type": "Feature", "properties": {"area_ha": 1.763, "dist_km": 2.609, "node": "SAN CAYETANO 220", "node_mw": 117, "osm_id": 474994654, "municipio": "San Cayetano"}, "geometry": {"type": "Polygon", "coordinates": [[[-0.86858, 37.80812], [-0.86745, 37.8083], [-0.86643, 37.80765], [-0.86652, 37.8076], [-0.86597, 37.80707], [-0.8662, 37.80687], [-0.86649, 37.80662], [-0.86858, 37.80812]]]}}, {"type": "Feature", "properties": {"area_ha": 1.0, "dist_km": 2.466, "node": "SAN CAYETANO 220", "node_mw": 117, "osm_id": 476343438, "municipio": "San Cayetano"}, "geometry": {"type": "Polygon", "coordinates": [[[-0.90669, 37.83704], [-0.90575, 37.83768], [-0.90501, 37.83692], [-0.90569, 37.83647], [-0.90669, 37.83704]]]}}, {"type": "Feature", "properties": {"area_ha": 2.104, "dist_km": 0.961, "node": "SAN CAYETANO 220", "node_mw": 117, "osm_id": 495845463, "municipio": "San Cayetano"}, "geometry": {"type": "Polygon", "coordinates": [[[-0.88949, 37.81056], [-0.88669, 37.81029], [-0.88716, 37.80926], [-0.88773, 37.80941], [-0.88821, 37.80922], [-0.88949, 37.81056]]]}}, {"type": "Feature", "properties": {"area_ha": 4.726, "dist_km": 0.745, "node": "SAN CAYETANO 220", "node_mw": 117, "osm_id": 495845948, "municipio": "San Cayetano"}, "geometry": {"type": "Polygon", "coordinates": [[[-0.88903, 37.81357], [-0.88795, 37.81273], [-0.88852, 37.81231], [-0.88799, 37.81196], [-0.88646, 37.8116], [-0.88702, 37.81109], [-0.88665, 37.81075], [-0.88921, 37.81103], [-0.88958, 37.81115], [-0.88987, 37.81204], [-0.88995, 37.81241], [-0.88903, 37.81357]]]}}, {"type": "Feature", "properties": {"area_ha": 2.299, "dist_km": 0.654, "node": "SAN CAYETANO 220", "node_mw": 117, "osm_id": 592820904, "municipio": "San Cayetano"}, "geometry": {"type": "Polygon", "coordinates": [[[-0.90199, 37.81484], [-0.90073, 37.81507], [-0.9005, 37.81435], [-0.8992, 37.81419], [-0.90003, 37.81313], [-0.90018, 37.81292], [-0.90075, 37.81353], [-0.90199, 37.81484]]]}}, {"type": "Feature", "properties": {"area_ha": 0.054, "dist_km": 2.792, "node": "VIMIANZO 220", "node_mw": 123, "osm_id": 912380932, "municipio": "Vimianzo"}, "geometry": {"type": "Polygon", "coordinates": [[[-9.02609, 43.12055], [-9.02591, 43.12052], [-9.02601, 43.12021], [-9.02619, 43.12025], [-9.02609, 43.12055]]]}}, {"type": "Feature", "properties": {"area_ha": 0.053, "dist_km": 2.728, "node": "VIMIANZO 220", "node_mw": 123, "osm_id": 912380933, "municipio": "Vimianzo"}, "geometry": {"type": "Polygon", "coordinates": [[[-9.0263, 43.11992], [-9.02612, 43.11989], [-9.02621, 43.11958], [-9.0264, 43.11962], [-9.0263, 43.11992]]]}}, {"type": "Feature", "properties": {"area_ha": 0.057, "dist_km": 2.691, "node": "VIMIANZO 220", "node_mw": 123, "osm_id": 912380934, "municipio": "Vimianzo"}, "geometry": {"type": "Polygon", "coordinates": [[[-9.0268, 43.11964], [-9.02635, 43.11956], [-9.02639, 43.11943], [-9.02684, 43.11951], [-9.0268, 43.11964]]]}}, {"type": "Feature", "properties": {"area_ha": 0.178, "dist_km": 2.658, "node": "VIMIANZO 220", "node_mw": 123, "osm_id": 912380935, "municipio": "Vimianzo"}, "geometry": {"type": "Polygon", "coordinates": [[[-9.0284, 43.12031], [-9.02802, 43.12024], [-9.02793, 43.12021], [-9.02786, 43.12011], [-9.02794, 43.11986], [-9.02848, 43.11995], [-9.02843, 43.1201], [-9.02846, 43.1201], [-9.0284, 43.12031]]]}}, {"type": "Feature", "properties": {"area_ha": 0.144, "dist_km": 2.618, "node": "VIMIANZO 220", "node_mw": 123, "osm_id": 912380936, "municipio": "Vimianzo"}, "geometry": {"type": "Polygon", "coordinates": [[[-9.0285, 43.11988], [-9.02797, 43.11979], [-9.02806, 43.11951], [-9.02859, 43.1196], [-9.0285, 43.11988]]]}}, {"type": "Feature", "properties": {"area_ha": 0.145, "dist_km": 2.582, "node": "VIMIANZO 220", "node_mw": 123, "osm_id": 912380937, "municipio": "Vimianzo"}, "geometry": {"type": "Polygon", "coordinates": [[[-9.02861, 43.11954], [-9.02808, 43.11944], [-9.02817, 43.11916], [-9.0287, 43.11926], [-9.02861, 43.11954]]]}}, {"type": "Feature", "properties": {"area_ha": 0.295, "dist_km": 2.874, "node": "VIMIANZO 220", "node_mw": 123, "osm_id": 945875910, "municipio": "Vimianzo"}, "geometry": {"type": "Polygon", "coordinates": [[[-9.02616, 43.12171], [-9.0257, 43.12163], [-9.0259, 43.12096], [-9.02637, 43.12104], [-9.02616, 43.12171]]]}}, {"type": "Feature", "properties": {"area_ha": 0.228, "dist_km": 1.437, "node": "SANTA ENGRACIA 220", "node_mw": 108, "osm_id": 288613454, "municipio": "Santa Engracia"}, "geometry": {"type": "Polygon", "coordinates": [[[-2.26185, 42.36011], [-2.26139, 42.36007], [-2.26134, 42.36028], [-2.26135, 42.36053], [-2.26149, 42.36061], [-2.26148, 42.36066], [-2.26175, 42.36069], [-2.26185, 42.36011]]]}}, {"type": "Feature", "properties": {"area_ha": 0.016, "dist_km": 1.482, "node": "SANTA ENGRACIA 220", "node_mw": 108, "osm_id": 288636272, "municipio": "Santa Engracia"}, "geometry": {"type": "Polygon", "coordinates": [[[-2.26155, 42.36076], [-2.26142, 42.36076], [-2.26142, 42.3609], [-2.26155, 42.3609], [-2.26155, 42.36076]]]}}, {"type": "Feature", "properties": {"area_ha": 30.798, "dist_km": 0.258, "node": "JORDANA 220", "node_mw": 104, "osm_id": 1429113861, "municipio": "Jordana"}, "geometry": {"type": "Polygon", "coordinates": [[[-5.21357, 36.44978], [-5.21375, 36.44945], [-5.21512, 36.44986], [-5.21534, 36.44984], [-5.2155, 36.4497], [-5.21554, 36.44947], [-5.21584, 36.44934], [-5.21571, 36.44831], [-5.21626, 36.4458], [-5.21695, 36.44492], [-5.21701, 36.4444], [-5.21706, 36.44404], [-5.217, 36.44387], [-5.2169, 36.44315], [-5.21677, 36.44278], [-5.21672, 36.4425], [-5.2166, 36.442], [-5.21652, 36.44154], [-5.21649, 36.44144], [-5.21641, 36.44139], [-5.21608, 36.44131], [-5.2161, 36.44109], [-5.21631, 36.44053], [-5.21641, 36.43974], [-5.21654, 36.43918], [-5.21671, 36.43882], [-5.21725, 36.43889], [-5.21739, 36.43888], [-5.21752, 36.4388], [-5.21766, 36.43883], [-5.21772, 36.43892], [-5.21792, 36.44009], [-5.218, 36.44024], [-5.21816, 36.44037], [-5.21839, 36.44043], [-5.21981, 36.44043], [-5.21996, 36.44021], [-5.22002, 36.43984], [-5.22008, 36.43839], [-5.21918, 36.43736], [-5.21853, 36.43709], [-5.21781, 36.43697], [-5.21698, 36.43689], [-5.21687, 36.43722], [-5.21644, 36.43841], [-5.21547, 36.44102], [-5.21433, 36.44381], [-5.21472, 36.4439], [-5.21466, 36.44416], [-5.21388, 36.44595], [-5.21365, 36.44661], [-5.21333, 36.44655], [-5.21325, 36.44686], [-5.21355, 36.44695], [-5.21326, 36.4477], [-5.21308, 36.44801], [-5.2128, 36.44794], [-5.21243, 36.44846], [-5.21218, 36.44929], [-5.21357, 36.44978]]]}}, {"type": "Feature", "properties": {"area_ha": 1.556, "dist_km": 0.719, "node": "JORDANA 220", "node_mw": 104, "osm_id": 1429113862, "municipio": "Jordana"}, "geometry": {"type": "Polygon", "coordinates": [[[-5.21127, 36.44334], [-5.21133, 36.44332], [-5.21132, 36.44326], [-5.2113, 36.44325], [-5.2113, 36.44315], [-5.21157, 36.44314], [-5.21165, 36.44303], [-5.21147, 36.44268], [-5.21115, 36.44267], [-5.20929, 36.44249], [-5.2094, 36.44297], [-5.20944, 36.44306], [-5.2097, 36.44338], [-5.21127, 36.44334]]]}}], "properties": {"source": "OpenStreetMap via Overpass (ODbL) — landuse=industrial / building~industrial|warehouse|factory within 3 km of an ES ≥100 MW transmission node (REE)", "note": "Candidate sites ONLY — target-then-verify. A building's connected power is not publicly screenable (CUPS/DSO enquiry only). area_ha uses a simple planar approximation, indicative only."}}