{"type": "FeatureCollection", "features": [{"type": "Feature", "properties": {"area_ha": 2.099, "dist_km": 0.53, "node": "Ilmalantori", "node_mw": 27, "osm_id": 4254310, "anchor_kind": "demand"}, "geometry": {"type": "Polygon", "coordinates": [[[24.92454, 60.21362], [24.92458, 60.21361], [24.92463, 60.2137], [24.92473, 60.21368], [24.92471, 60.21365], [24.92488, 60.21363], [24.92485, 60.21357], [24.92504, 60.21354], [24.92561, 60.21455], [24.92616, 60.21448], [24.92588, 60.21399], [24.92687, 60.21385], [24.92727, 60.21454], [24.92755, 60.21451], [24.92691, 60.21338], [24.92772, 60.21327], [24.92737, 60.21266], [24.92659, 60.21277], [24.92656, 60.21272], [24.92629, 60.21276], [24.92632, 60.2128], [24.92455, 60.21305], [24.92452, 60.21299], [24.92435, 60.21301], [24.92434, 60.21299], [24.92424, 60.213], [24.92429, 60.21309], [24.92425, 60.21309], [24.92454, 60.21362]]]}}, {"type": "Feature", "properties": {"area_ha": 1.781, "dist_km": 0.757, "node": "Ilmalantori", "node_mw": 27, "osm_id": 4254311, "anchor_kind": "demand"}, "geometry": {"type": "Polygon", "coordinates": [[[24.92888, 60.21116], [24.92912, 60.21112], [24.92923, 60.21133], [24.92911, 60.21134], [24.92922, 60.21155], [24.92935, 60.21153], [24.92953, 60.21186], [24.92931, 60.21189], [24.93046, 60.21398], [24.93071, 60.21394], [24.93072, 60.21396], [24.93125, 60.21389], [24.92924, 60.21025], [24.92869, 60.21032], [24.92873, 60.2104], [24.92848, 60.21043], [24.92888, 60.21116]]]}}, {"type": "Feature", "properties": {"area_ha": 7.707, "dist_km": 2.993, "node": "Ilmalantori", "node_mw": 27, "osm_id": 5209738, "anchor_kind": "demand"}, "geometry": {"type": "Polygon", "coordinates": [[[24.96553, 60.21505], [24.96674, 60.21537], [24.9683, 60.21578], [24.96844, 60.21581], [24.96876, 60.21589], [24.96919, 60.21597], [24.9695, 60.21601], [24.96965, 60.21603], [24.97064, 60.21614], [24.97092, 60.21617], [24.9727, 60.21636], [24.97281, 60.21637], [24.97285, 60.21636], [24.9729, 60.21636], [24.97301, 60.21635], [24.97311, 60.21632], [24.97319, 60.21629], [24.97326, 60.21626], [24.97332, 60.21621], [24.97334, 60.21617], [24.97336, 60.21613], [24.97336, 60.21607], [24.97334, 60.21601], [24.97329, 60.21595], [24.97197, 60.21461], [24.97082, 60.21347], [24.97057, 60.21322], [24.97051, 60.21323], [24.97025, 60.21297], [24.97003, 60.21296], [24.97001, 60.21296], [24.96998, 60.21296], [24.96991, 60.21296], [24.96987, 60.21296], [24.96983, 60.21296], [24.96977, 60.21296], [24.96975, 60.21296], [24.96966, 60.21296], [24.96963, 60.21319], [24.96962, 60.21329], [24.96965, 60.21334], [24.96968, 60.21336], [24.96963, 60.2138], [24.96963, 60.21383], [24.96963, 60.21385], [24.96963, 60.21387], [24.9696, 60.21415], [24.96958, 60.21417], [24.96957, 60.21419], [24.96956, 60.21423], [24.96956, 60.21427], [24.96953, 60.2143], [24.96951, 60.21432], [24.9695, 60.2144], [24.96948, 60.2144], [24.96942, 60.2144], [24.96936, 60.21439], [24.9693, 60.2144], [24.96924, 60.2144], [24.96918, 60.21441], [24.96899, 60.21447], [24.96893, 60.21441], [24.9689, 60.21442], [24.9688, 60.2144], [24.96823, 60.21434], [24.96688, 60.21397], [24.96583, 60.2148], [24.9656, 60.21499], [24.96553, 60.21505]]]}}, {"type": "Feature", "properties": {"area_ha": 4.028, "dist_km": 1.185, "node": "Pitäjänmäki E", "node_mw": 23, "osm_id": 5369294, "anchor_kind": "demand"}, "geometry": {"type": "Polygon", "coordinates": [[[24.86966, 60.22067], [24.86965, 60.22066], [24.86964, 60.22066], [24.86963, 60.22065], [24.86962, 60.22065], [24.86961, 60.22065], [24.8696, 60.22065], [24.86958, 60.22065], [24.86957, 60.22065], [24.86956, 60.22065], [24.86955, 60.22066], [24.86954, 60.22066], [24.86954, 60.22067], [24.86954, 60.22067], [24.86953, 60.22068], [24.86954, 60.22068], [24.86954, 60.22069], [24.86954, 60.2207], [24.86927, 60.22075], [24.86922, 60.22076], [24.86881, 60.22085], [24.8688, 60.22084], [24.8688, 60.22084], [24.86879, 60.22083], [24.86878, 60.22083], [24.86877, 60.22083], [24.86876, 60.22083], [24.86875, 60.22083], [24.86873, 60.22083], [24.86872, 60.22083], [24.86871, 60.22083], [24.8687, 60.22083], [24.86869, 60.22084], [24.86869, 60.22084], [24.86868, 60.22085], [24.86868, 60.22086], [24.86868, 60.22086], [24.86869, 60.22087], [24.86869, 60.22087], [24.86779, 60.22106], [24.86779, 60.22106], [24.86778, 60.22105], [24.86777, 60.22105], [24.86776, 60.22104], [24.86775, 60.22104], [24.86774, 60.22104], [24.86772, 60.22104], [24.86771, 60.22104], [24.8677, 60.22104], [24.86768, 60.22104], [24.86767, 60.22105], [24.86767, 60.22105], [24.86766, 60.22106], [24.86766, 60.22106], [24.86765, 60.22107], [24.86766, 60.22108], [24.86766, 60.22108], [24.86766, 60.22109], [24.86745, 60.22113], [24.86676, 60.22128], [24.86676, 60.22127], [24.86675, 60.22127], [24.86674, 60.22126], [24.86673, 60.22126], [24.86672, 60.22125], [24.86671, 60.22125], [24.8667, 60.22125], [24.86669, 60.22125], [24.86667, 60.22126], [24.86666, 60.22126], [24.86665, 60.22126], [24.86665, 60.22127], [24.86664, 60.22127], [24.86664, 60.22128], [24.86664, 60.22128], [24.86664, 60.22129], [24.86664, 60.2213], [24.86664, 60.2213], [24.86598, 60.22144], [24.86594, 60.22139], [24.86576, 60.22118], [24.86508, 60.22132], [24.86512, 60.22136], [24.86482, 60.22142], [24.86518, 60.22185], [24.86522, 60.2219], [24.86552, 60.22225], [24.86559, 60.22234], [24.86656, 60.22214], [24.86664, 60.22224], [24.86854, 60.22197], [24.86853, 60.22196], [24.8688, 60.2219], [24.86884, 60.22194], [24.86903, 60.2219], [24.86899, 60.22186], [24.86915, 60.22183], [24.86917, 60.22185], [24.86972, 60.22173], [24.86998, 60.22168], [24.86997, 60.22167], [24.87003, 60.22166], [24.87004, 60.22167], [24.87091, 60.22148], [24.87101, 60.2216], [24.87055, 60.2217], [24.87063, 60.22178], [24.87076, 60.22176], [24.87077, 60.22177], [24.8711, 60.22171], [24.87112, 60.22173], [24.87214, 60.22152], [24.87199, 60.22135], [24.87197, 60.22135], [24.87136, 60.22063], [24.86954, 60.22101], [24.86948, 60.22094], [24.8707, 60.22068], [24.87068, 60.22065], [24.87055, 60.22067], [24.87053, 60.22064], [24.87056, 60.22064], [24.8705, 60.22057], [24.87045, 60.22051], [24.86983, 60.22064], [24.86966, 60.22067], [24.86966, 60.22067]]]}}, {"type": "Feature", "properties": {"area_ha": 0.113, "dist_km": 1.445, "node": "Ilmalantori", "node_mw": 27, "osm_id": 14566939, "anchor_kind": "demand"}, "geometry": {"type": "Polygon", "coordinates": [[[24.9379, 60.21992], [24.93765, 60.21983], [24.93741, 60.22], [24.93823, 60.22029], [24.93848, 60.22011], [24.93827, 60.22004], [24.9382, 60.22009], [24.93785, 60.21996], [24.9379, 60.21992]]]}}, {"type": "Feature", "properties": {"area_ha": 0.097, "dist_km": 1.442, "node": "Ilmalantori", "node_mw": 27, "osm_id": 14567006, "anchor_kind": "demand"}, "geometry": {"type": "Polygon", "coordinates": [[[24.93802, 60.21956], [24.93777, 60.21973], [24.93806, 60.21983], [24.93802, 60.21987], [24.93807, 60.21989], [24.93812, 60.21985], [24.93859, 60.22001], [24.93873, 60.21992], [24.93857, 60.21986], [24.93821, 60.21973], [24.93832, 60.21966], [24.93802, 60.21956]]]}}, {"type": "Feature", "properties": {"area_ha": 0.079, "dist_km": 1.332, "node": "Pitäjänmäki E", "node_mw": 23, "osm_id": 21309581, "anchor_kind": "demand"}, "geometry": {"type": "Polygon", "coordinates": [[[24.8659, 60.22291], [24.86698, 60.22276], [24.86692, 60.22265], [24.86584, 60.2228], [24.86585, 60.22282], [24.8659, 60.22291]]]}}, {"type": "Feature", "properties": {"area_ha": 0.031, "dist_km": 1.36, "node": "Pitäjänmäki E", "node_mw": 23, "osm_id": 21309898, "anchor_kind": "demand"}, "geometry": {"type": "Polygon", "coordinates": [[[24.86607, 60.22306], [24.86639, 60.22315], [24.86653, 60.22303], [24.86622, 60.22294], [24.86607, 60.22306]]]}}, {"type": "Feature", "properties": {"area_ha": 0.064, "dist_km": 2.405, "node": "Ilmalantori", "node_mw": 27, "osm_id": 23166914, "anchor_kind": "demand"}, "geometry": {"type": "Polygon", "coordinates": [[[24.91075, 60.1915], [24.91097, 60.19143], [24.91101, 60.19146], [24.91107, 60.19144], [24.91116, 60.19151], [24.91142, 60.19142], [24.91157, 60.19153], [24.91115, 60.19167], [24.91098, 60.19155], [24.91086, 60.19158], [24.91075, 60.1915]]]}}, {"type": "Feature", "properties": {"area_ha": 0.104, "dist_km": 0.547, "node": "Ilmalantori", "node_mw": 27, "osm_id": 23309339, "anchor_kind": "demand"}, "geometry": {"type": "Polygon", "coordinates": [[[24.92105, 60.20857], [24.92072, 60.20859], [24.92072, 60.20861], [24.92043, 60.20863], [24.92035, 60.20863], [24.92028, 60.20864], [24.92031, 60.20879], [24.92046, 60.20879], [24.92076, 60.20877], [24.92076, 60.20879], [24.92109, 60.20877], [24.92109, 60.20879], [24.92124, 60.20878], [24.92119, 60.20857], [24.9211, 60.20857], [24.92105, 60.20857]]]}}, {"type": "Feature", "properties": {"area_ha": 0.616, "dist_km": 0.39, "node": "Tapanila", "node_mw": 45, "osm_id": 24550547, "anchor_kind": "demand"}, "geometry": {"type": "Polygon", "coordinates": [[[25.01323, 60.28166], [25.01324, 60.28168], [25.01309, 60.28171], [25.01323, 60.28187], [25.0143, 60.28165], [25.01416, 60.28149], [25.01357, 60.28161], [25.01355, 60.28159], [25.01376, 60.28155], [25.01338, 60.28109], [25.01358, 60.28105], [25.01354, 60.281], [25.01365, 60.28097], [25.0134, 60.28069], [25.01209, 60.28097], [25.01218, 60.28107], [25.01251, 60.281], [25.01258, 60.28109], [25.0125, 60.28111], [25.01258, 60.2812], [25.01267, 60.28118], [25.01301, 60.28159], [25.01299, 60.28159], [25.01307, 60.28169], [25.01323, 60.28166]]]}}, {"type": "Feature", "properties": {"area_ha": 0.061, "dist_km": 0.52, "node": "Tapanila", "node_mw": 45, "osm_id": 24550694, "anchor_kind": "demand"}, "geometry": {"type": "Polygon", "coordinates": [[[25.02006, 60.27844], [25.02081, 60.27836], [25.02075, 60.27824], [25.02, 60.27832], [25.02006, 60.27844]]]}}, {"type": "Feature", "properties": {"area_ha": 0.043, "dist_km": 0.384, "node": "Tapanila", "node_mw": 45, "osm_id": 24550695, "anchor_kind": "demand"}, "geometry": {"type": "Polygon", "coordinates": [[[25.01769, 60.27885], [25.01782, 60.27885], [25.01782, 60.27886], [25.01792, 60.27886], [25.01792, 60.27885], [25.01793, 60.27885], [25.01791, 60.27861], [25.01783, 60.27861], [25.01782, 60.27855], [25.01764, 60.27856], [25.01765, 60.27864], [25.01767, 60.27864], [25.01769, 60.27885]]]}}, {"type": "Feature", "properties": {"area_ha": 0.249, "dist_km": 0.442, "node": "Tapanila", "node_mw": 45, "osm_id": 24550697, "anchor_kind": "demand"}, "geometry": {"type": "Polygon", "coordinates": [[[25.01823, 60.27882], [25.01844, 60.27879], [25.0184, 60.27871], [25.01887, 60.27866], [25.0189, 60.27874], [25.01902, 60.27872], [25.01979, 60.27864], [25.01971, 60.27844], [25.01931, 60.27849], [25.01928, 60.27842], [25.01899, 60.27845], [25.01897, 60.27841], [25.01809, 60.27851], [25.01823, 60.27882]]]}}, {"type": "Feature", "properties": {"area_ha": 0.055, "dist_km": 0.401, "node": "Tapanila", "node_mw": 45, "osm_id": 24550704, "anchor_kind": "demand"}, "geometry": {"type": "Polygon", "coordinates": [[[25.01789, 60.27807], [25.01818, 60.27811], [25.01818, 60.27809], [25.01826, 60.27811], [25.01825, 60.27812], [25.01861, 60.27817], [25.01867, 60.27806], [25.01835, 60.27802], [25.01833, 60.27806], [25.01823, 60.27804], [25.01827, 60.27797], [25.01797, 60.27793], [25.01789, 60.27807]]]}}, {"type": "Feature", "properties": {"area_ha": 0.079, "dist_km": 1.114, "node": "Tapanila", "node_mw": 45, "osm_id": 24550740, "anchor_kind": "demand"}, "geometry": {"type": "Polygon", "coordinates": [[[25.00604, 60.28793], [25.00633, 60.28797], [25.00654, 60.28756], [25.00624, 60.28752], [25.00604, 60.28793]]]}}, {"type": "Feature", "properties": {"area_ha": 0.295, "dist_km": 1.482, "node": "Tapanila", "node_mw": 45, "osm_id": 24550757, "anchor_kind": "demand"}, "geometry": {"type": "Polygon", "coordinates": [[[24.99274, 60.28823], [24.99307, 60.28832], [24.99312, 60.28828], [24.99343, 60.28836], [24.99348, 60.28831], [24.99379, 60.2884], [24.99423, 60.28802], [24.9939, 60.28793], [24.99385, 60.28797], [24.99354, 60.28789], [24.99351, 60.28791], [24.99328, 60.28785], [24.9932, 60.28792], [24.99313, 60.28789], [24.99274, 60.28823]]]}}, {"type": "Feature", "properties": {"area_ha": 0.099, "dist_km": 1.504, "node": "Tapanila", "node_mw": 45, "osm_id": 24550758, "anchor_kind": "demand"}, "geometry": {"type": "Polygon", "coordinates": [[[24.99209, 60.28793], [24.9923, 60.28798], [24.99227, 60.28801], [24.99238, 60.28804], [24.99236, 60.28806], [24.99248, 60.28809], [24.99254, 60.28804], [24.99286, 60.28775], [24.99265, 60.2877], [24.99259, 60.28775], [24.99236, 60.28769], [24.99209, 60.28793]]]}}, {"type": "Feature", "properties": {"area_ha": 0.332, "dist_km": 1.964, "node": "Tapanila", "node_mw": 45, "osm_id": 24550774, "anchor_kind": "demand"}, "geometry": {"type": "Polygon", "coordinates": [[[24.9833, 60.28989], [24.98423, 60.28996], [24.9843, 60.28973], [24.98434, 60.28974], [24.9844, 60.28955], [24.98435, 60.28954], [24.98438, 60.28944], [24.98431, 60.28943], [24.98433, 60.28939], [24.98419, 60.28938], [24.98424, 60.28921], [24.98393, 60.28918], [24.98391, 60.28925], [24.98384, 60.28925], [24.98382, 60.28932], [24.98375, 60.28932], [24.98374, 60.28938], [24.98367, 60.28938], [24.98361, 60.28956], [24.9835, 60.28955], [24.98345, 60.28973], [24.98335, 60.28972], [24.9833, 60.28989]]]}}, {"type": "Feature", "properties": {"area_ha": 0.17, "dist_km": 2.053, "node": "Tapanila", "node_mw": 45, "osm_id": 24550775, "anchor_kind": "demand"}, "geometry": {"type": "Polygon", "coordinates": [[[24.98325, 60.29082], [24.98354, 60.29083], [24.9841, 60.29085], [24.98414, 60.29064], [24.98418, 60.29064], [24.98419, 60.29056], [24.98406, 60.29055], [24.98406, 60.29058], [24.98358, 60.29056], [24.98361, 60.29043], [24.98332, 60.29042], [24.98325, 60.29082]]]}}, {"type": "Feature", "properties": {"area_ha": 0.191, "dist_km": 2.087, "node": "Tapanila", "node_mw": 45, "osm_id": 24550776, "anchor_kind": "demand"}, "geometry": {"type": "Polygon", "coordinates": [[[24.98354, 60.29128], [24.98388, 60.29129], [24.98388, 60.29121], [24.98399, 60.29121], [24.98421, 60.29121], [24.98422, 60.29116], [24.98421, 60.29116], [24.98416, 60.29116], [24.98416, 60.29112], [24.98421, 60.29112], [24.98448, 60.29113], [24.98449, 60.29099], [24.98448, 60.29099], [24.98441, 60.29099], [24.98442, 60.29094], [24.98333, 60.29092], [24.98332, 60.29105], [24.98337, 60.29106], [24.98344, 60.29106], [24.98344, 60.29111], [24.98343, 60.29125], [24.98354, 60.29125], [24.98354, 60.29128]]]}}, {"type": "Feature", "properties": {"area_ha": 0.291, "dist_km": 2.125, "node": "Tapanila", "node_mw": 45, "osm_id": 24550789, "anchor_kind": "demand"}, "geometry": {"type": "Polygon", "coordinates": [[[24.9837, 60.29195], [24.98409, 60.29193], [24.98405, 60.2917], [24.98479, 60.29167], [24.98475, 60.29143], [24.98461, 60.29143], [24.98459, 60.29134], [24.98379, 60.29137], [24.9838, 60.29143], [24.9835, 60.29145], [24.98352, 60.29155], [24.98354, 60.29155], [24.98356, 60.29167], [24.98362, 60.29166], [24.98364, 60.29184], [24.98368, 60.29183], [24.9837, 60.29195]]]}}, {"type": "Feature", "properties": {"area_ha": 0.556, "dist_km": 2.307, "node": "Tapanila", "node_mw": 45, "osm_id": 24550795, "anchor_kind": "demand"}, "geometry": {"type": "Polygon", "coordinates": [[[24.98068, 60.29212], [24.98052, 60.29207], [24.97999, 60.29239], [24.97989, 60.29248], [24.97977, 60.29245], [24.97967, 60.29253], [24.98088, 60.29287], [24.98147, 60.29233], [24.98136, 60.2923], [24.98141, 60.29226], [24.98086, 60.29178], [24.98061, 60.29186], [24.98085, 60.29207], [24.98068, 60.29212]]]}}, {"type": "Feature", "properties": {"area_ha": 0.086, "dist_km": 2.318, "node": "Tapanila", "node_mw": 45, "osm_id": 24550796, "anchor_kind": "demand"}, "geometry": {"type": "Polygon", "coordinates": [[[24.98153, 60.29255], [24.98139, 60.29257], [24.98142, 60.29262], [24.98129, 60.29264], [24.98133, 60.29271], [24.98139, 60.29282], [24.98144, 60.29281], [24.98147, 60.29287], [24.98151, 60.29294], [24.98156, 60.29294], [24.98159, 60.29299], [24.98166, 60.29311], [24.98169, 60.29317], [24.9817, 60.2932], [24.98187, 60.29317], [24.98153, 60.29255]]]}}, {"type": "Feature", "properties": {"area_ha": 0.24, "dist_km": 2.235, "node": "Tapanila", "node_mw": 45, "osm_id": 24550806, "anchor_kind": "demand"}, "geometry": {"type": "Polygon", "coordinates": [[[24.97939, 60.29101], [24.98009, 60.29086], [24.97952, 60.29019], [24.97912, 60.29026], [24.97952, 60.29075], [24.97922, 60.29081], [24.97939, 60.29101]]]}}, {"type": "Feature", "properties": {"area_ha": 0.07, "dist_km": 2.237, "node": "Tapanila", "node_mw": 45, "osm_id": 24550813, "anchor_kind": "demand"}, "geometry": {"type": "Polygon", "coordinates": [[[24.97849, 60.29033], [24.97908, 60.29021], [24.97895, 60.29004], [24.97836, 60.29016], [24.97849, 60.29033]]]}}, {"type": "Feature", "properties": {"area_ha": 0.209, "dist_km": 2.311, "node": "Tapanila", "node_mw": 45, "osm_id": 24550816, "anchor_kind": "demand"}, "geometry": {"type": "Polygon", "coordinates": [[[24.97802, 60.29125], [24.97852, 60.29115], [24.97835, 60.29094], [24.97862, 60.29088], [24.97837, 60.29058], [24.97777, 60.2907], [24.97802, 60.291], [24.97784, 60.29104], [24.97802, 60.29125]]]}}, {"type": "Feature", "properties": {"area_ha": 0.266, "dist_km": 2.973, "node": "Tapanila", "node_mw": 45, "osm_id": 24551032, "anchor_kind": "demand"}, "geometry": {"type": "Polygon", "coordinates": [[[24.97108, 60.29661], [24.97231, 60.29653], [24.97216, 60.29594], [24.9717, 60.29597], [24.9718, 60.29635], [24.97102, 60.2964], [24.97108, 60.29661]]]}}, {"type": "Feature", "properties": {"area_ha": 1.128, "dist_km": 2.953, "node": "Tapanila", "node_mw": 45, "osm_id": 24551227, "anchor_kind": "demand"}, "geometry": {"type": "Polygon", "coordinates": [[[24.974, 60.29819], [24.97465, 60.29812], [24.97469, 60.29822], [24.97532, 60.29815], [24.97537, 60.29825], [24.97622, 60.29816], [24.97593, 60.29753], [24.97614, 60.29751], [24.9759, 60.29699], [24.97545, 60.29704], [24.97561, 60.29739], [24.97522, 60.29743], [24.9752, 60.29738], [24.97455, 60.29745], [24.97453, 60.29741], [24.97441, 60.29743], [24.97442, 60.29746], [24.97432, 60.29747], [24.97433, 60.2975], [24.97392, 60.29755], [24.97393, 60.29758], [24.97373, 60.2976], [24.974, 60.29819]]]}}, {"type": "Feature", "properties": {"area_ha": 0.786, "dist_km": 2.758, "node": "Tapanila", "node_mw": 45, "osm_id": 24551240, "anchor_kind": "demand"}, "geometry": {"type": "Polygon", "coordinates": [[[24.97773, 60.29734], [24.97844, 60.29725], [24.97847, 60.29731], [24.97866, 60.29729], [24.97863, 60.29724], [24.97954, 60.29713], [24.97957, 60.29718], [24.97973, 60.29716], [24.97971, 60.29711], [24.98005, 60.29707], [24.97978, 60.29652], [24.97947, 60.29656], [24.97948, 60.29659], [24.97763, 60.29681], [24.97766, 60.29686], [24.97751, 60.29688], [24.97773, 60.29734]]]}}, {"type": "Feature", "properties": {"area_ha": 1.042, "dist_km": 2.858, "node": "Tapanila", "node_mw": 45, "osm_id": 24551249, "anchor_kind": "demand"}, "geometry": {"type": "Polygon", "coordinates": [[[24.97844, 60.29859], [24.97867, 60.29856], [24.9787, 60.29864], [24.97887, 60.29862], [24.97884, 60.29854], [24.97943, 60.29848], [24.97947, 60.29855], [24.97965, 60.29853], [24.97961, 60.29846], [24.98022, 60.29839], [24.98025, 60.29846], [24.98044, 60.29844], [24.9804, 60.29837], [24.98056, 60.29835], [24.98023, 60.29761], [24.97811, 60.29785], [24.97813, 60.2979], [24.97809, 60.29791], [24.97811, 60.29797], [24.97816, 60.29796], [24.97844, 60.29859]]]}}, {"type": "Feature", "properties": {"area_ha": 0.148, "dist_km": 2.805, "node": "Tapanila", "node_mw": 45, "osm_id": 24551253, "anchor_kind": "demand"}, "geometry": {"type": "Polygon", "coordinates": [[[24.98101, 60.29872], [24.98208, 60.29861], [24.98199, 60.29839], [24.98092, 60.29851], [24.98101, 60.29872]]]}}, {"type": "Feature", "properties": {"area_ha": 0.107, "dist_km": 2.686, "node": "Tapanila", "node_mw": 45, "osm_id": 24551257, "anchor_kind": "demand"}, "geometry": {"type": "Polygon", "coordinates": [[[24.98293, 60.29801], [24.98349, 60.29794], [24.98335, 60.29765], [24.9828, 60.29771], [24.98293, 60.29801]]]}}, {"type": "Feature", "properties": {"area_ha": 0.023, "dist_km": 2.746, "node": "Tapanila", "node_mw": 45, "osm_id": 24551259, "anchor_kind": "demand"}, "geometry": {"type": "Polygon", "coordinates": [[[24.98285, 60.29851], [24.98302, 60.29849], [24.98293, 60.29828], [24.98276, 60.2983], [24.98285, 60.29851]]]}}, {"type": "Feature", "properties": {"area_ha": 0.441, "dist_km": 2.738, "node": "Tapanila", "node_mw": 45, "osm_id": 24551279, "anchor_kind": "demand"}, "geometry": {"type": "Polygon", "coordinates": [[[24.98525, 60.29953], [24.98561, 60.2995], [24.9854, 60.29904], [24.98533, 60.29887], [24.98513, 60.29844], [24.98436, 60.29853], [24.9837, 60.2986], [24.98383, 60.29888], [24.98491, 60.29876], [24.985, 60.29897], [24.98488, 60.29898], [24.98492, 60.29908], [24.98505, 60.29907], [24.98525, 60.29953]]]}}, {"type": "Feature", "properties": {"area_ha": 0.058, "dist_km": 2.789, "node": "Tapanila", "node_mw": 45, "osm_id": 24551280, "anchor_kind": "demand"}, "geometry": {"type": "Polygon", "coordinates": [[[24.98403, 60.2994], [24.98454, 60.29935], [24.98446, 60.29917], [24.98395, 60.29922], [24.98403, 60.2994]]]}}, {"type": "Feature", "properties": {"area_ha": 0.209, "dist_km": 2.821, "node": "Tapanila", "node_mw": 45, "osm_id": 24551284, "anchor_kind": "demand"}, "geometry": {"type": "Polygon", "coordinates": [[[24.98404, 60.29945], [24.98432, 60.30006], [24.98484, 60.3], [24.98466, 60.29959], [24.98457, 60.29939], [24.98404, 60.29945]]]}}, {"type": "Feature", "properties": {"area_ha": 0.909, "dist_km": 3.004, "node": "Tapanila", "node_mw": 45, "osm_id": 24551289, "anchor_kind": "demand"}, "geometry": {"type": "Polygon", "coordinates": [[[24.97947, 60.30043], [24.98095, 60.30024], [24.9805, 60.29937], [24.97895, 60.29957], [24.97924, 60.30014], [24.97891, 60.30018], [24.97899, 60.30033], [24.9794, 60.30028], [24.97947, 60.30043]]]}}, {"type": "Feature", "properties": {"area_ha": 0.389, "dist_km": 2.917, "node": "Tapanila", "node_mw": 45, "osm_id": 24551294, "anchor_kind": "demand"}, "geometry": {"type": "Polygon", "coordinates": [[[24.98525, 60.30146], [24.98587, 60.30139], [24.98542, 60.30042], [24.9848, 60.30049], [24.98525, 60.30146]]]}}, {"type": "Feature", "properties": {"area_ha": 0.487, "dist_km": 2.711, "node": "Tapanila", "node_mw": 45, "osm_id": 24551348, "anchor_kind": "demand"}, "geometry": {"type": "Polygon", "coordinates": [[[24.98669, 60.29988], [24.98754, 60.29991], [24.98781, 60.29985], [24.98713, 60.2991], [24.98709, 60.2991], [24.98701, 60.299], [24.98697, 60.29898], [24.98703, 60.29895], [24.98693, 60.29886], [24.98676, 60.29886], [24.98666, 60.29893], [24.98673, 60.29901], [24.9868, 60.29902], [24.98679, 60.29905], [24.98688, 60.29915], [24.98645, 60.29924], [24.98659, 60.2994], [24.9864, 60.29945], [24.98654, 60.29959], [24.98646, 60.29961], [24.98669, 60.29988]]]}}, {"type": "Feature", "properties": {"area_ha": 0.177, "dist_km": 2.825, "node": "Tapanila", "node_mw": 45, "osm_id": 24551351, "anchor_kind": "demand"}, "geometry": {"type": "Polygon", "coordinates": [[[24.98694, 60.30078], [24.98765, 60.3007], [24.98757, 60.30053], [24.98766, 60.30052], [24.98758, 60.30034], [24.98722, 60.30039], [24.98718, 60.3003], [24.98684, 60.30034], [24.98688, 60.30043], [24.98686, 60.30043], [24.98694, 60.30059], [24.98686, 60.3006], [24.98694, 60.30078]]]}}, {"type": "Feature", "properties": {"area_ha": 0.081, "dist_km": 2.875, "node": "Tapanila", "node_mw": 45, "osm_id": 24551354, "anchor_kind": "demand"}, "geometry": {"type": "Polygon", "coordinates": [[[24.98713, 60.3012], [24.98786, 60.30112], [24.98778, 60.30095], [24.98705, 60.30103], [24.98713, 60.3012]]]}}, {"type": "Feature", "properties": {"area_ha": 0.04, "dist_km": 2.735, "node": "Ilmalantori", "node_mw": 27, "osm_id": 24610616, "anchor_kind": "demand"}, "geometry": {"type": "Polygon", "coordinates": [[[24.90447, 60.2369], [24.90523, 60.2371], [24.9053, 60.23703], [24.90454, 60.23684], [24.90447, 60.2369]]]}}, {"type": "Feature", "properties": {"area_ha": 0.037, "dist_km": 2.766, "node": "Ilmalantori", "node_mw": 27, "osm_id": 24610617, "anchor_kind": "demand"}, "geometry": {"type": "Polygon", "coordinates": [[[24.90438, 60.23727], [24.90451, 60.23736], [24.90495, 60.23718], [24.90481, 60.2371], [24.90438, 60.23727]]]}}, {"type": "Feature", "properties": {"area_ha": 0.108, "dist_km": 1.386, "node": "Pitäjänmäki E", "node_mw": 23, "osm_id": 24867399, "anchor_kind": "demand"}, "geometry": {"type": "Polygon", "coordinates": [[[24.88649, 60.21321], [24.88678, 60.21329], [24.88709, 60.21299], [24.88705, 60.21298], [24.88714, 60.2129], [24.88688, 60.21283], [24.88668, 60.21302], [24.88648, 60.21297], [24.88632, 60.21312], [24.88653, 60.21317], [24.88649, 60.21321]]]}}, {"type": "Feature", "properties": {"area_ha": 0.063, "dist_km": 1.439, "node": "Ilmalantori", "node_mw": 27, "osm_id": 24867998, "anchor_kind": "demand"}, "geometry": {"type": "Polygon", "coordinates": [[[24.89989, 60.20283], [24.90025, 60.20284], [24.90026, 60.20278], [24.90029, 60.20278], [24.9003, 60.20277], [24.9003, 60.20276], [24.90032, 60.20276], [24.90032, 60.20272], [24.90034, 60.20272], [24.90035, 60.20254], [24.90005, 60.20254], [24.90004, 60.20271], [24.89985, 60.2027], [24.89985, 60.20274], [24.8999, 60.20274], [24.89989, 60.20283]]]}}, {"type": "Feature", "properties": {"area_ha": 8.513, "dist_km": 0.374, "node": "Ilmalantori", "node_mw": 27, "osm_id": 25498178, "anchor_kind": "demand"}, "geometry": {"type": "Polygon", "coordinates": [[[24.91924, 60.21335], [24.91866, 60.21343], [24.91868, 60.21347], [24.91857, 60.21349], [24.91792, 60.21358], [24.91781, 60.21367], [24.91764, 60.21381], [24.91753, 60.21416], [24.91767, 60.21498], [24.91803, 60.21569], [24.91786, 60.21571], [24.91806, 60.21595], [24.91852, 60.21651], [24.91854, 60.21653], [24.91868, 60.2166], [24.91916, 60.21683], [24.92045, 60.21694], [24.92071, 60.21696], [24.92108, 60.21688], [24.92115, 60.21685], [24.92116, 60.21684], [24.92127, 60.2168], [24.92129, 60.21677], [24.9214, 60.2167], [24.92158, 60.2166], [24.92166, 60.21658], [24.92188, 60.21655], [24.92213, 60.21652], [24.92229, 60.21646], [24.92241, 60.21643], [24.9225, 60.21642], [24.9226, 60.21642], [24.92272, 60.2164], [24.92219, 60.21543], [24.92213, 60.21532], [24.92124, 60.21377], [24.92088, 60.21312], [24.91924, 60.21335]]]}}, {"type": "Feature", "properties": {"area_ha": 1.445, "dist_km": 1.037, "node": "Ilmalantori", "node_mw": 27, "osm_id": 25498244, "anchor_kind": "demand"}, "geometry": {"type": "Polygon", "coordinates": [[[24.93612, 60.21659], [24.93637, 60.21655], [24.93565, 60.21524], [24.93552, 60.21525], [24.93471, 60.21376], [24.9347, 60.21376], [24.93472, 60.21375], [24.93472, 60.21374], [24.93471, 60.21373], [24.9347, 60.21372], [24.93469, 60.21372], [24.93469, 60.21372], [24.93483, 60.2137], [24.93475, 60.21355], [24.9345, 60.21359], [24.93444, 60.21348], [24.93439, 60.21349], [24.93437, 60.2135], [24.93411, 60.21354], [24.93401, 60.21355], [24.93381, 60.21358], [24.93383, 60.21363], [24.93385, 60.21366], [24.93392, 60.21378], [24.93394, 60.21382], [24.93407, 60.2138], [24.93407, 60.21382], [24.93407, 60.21383], [24.93408, 60.21384], [24.93409, 60.21384], [24.93411, 60.21384], [24.93415, 60.21389], [24.93453, 60.21458], [24.93405, 60.21464], [24.93428, 60.21506], [24.93482, 60.21498], [24.93501, 60.21532], [24.93483, 60.21535], [24.935, 60.21566], [24.93541, 60.21639], [24.93597, 60.21631], [24.93612, 60.21659]]]}}, {"type": "Feature", "properties": {"area_ha": 0.138, "dist_km": 1.223, "node": "Ilmalantori", "node_mw": 27, "osm_id": 25498468, "anchor_kind": "demand"}, "geometry": {"type": "Polygon", "coordinates": [[[24.93447, 60.21884], [24.93515, 60.21893], [24.93531, 60.21862], [24.93463, 60.21853], [24.93447, 60.21884]]]}}, {"type": "Feature", "properties": {"area_ha": 0.07, "dist_km": 1.303, "node": "Ilmalantori", "node_mw": 27, "osm_id": 25498470, "anchor_kind": "demand"}, "geometry": {"type": "Polygon", "coordinates": [[[24.93649, 60.2189], [24.93677, 60.21891], [24.93686, 60.21851], [24.93672, 60.2185], [24.93672, 60.21849], [24.93658, 60.21848], [24.93649, 60.2189]]]}}, {"type": "Feature", "properties": {"area_ha": 0.131, "dist_km": 1.291, "node": "Ilmalantori", "node_mw": 27, "osm_id": 25498472, "anchor_kind": "demand"}, "geometry": {"type": "Polygon", "coordinates": [[[24.93389, 60.22016], [24.93491, 60.22027], [24.93496, 60.22016], [24.93494, 60.22016], [24.93495, 60.22012], [24.93491, 60.22012], [24.93493, 60.22007], [24.93407, 60.21997], [24.93393, 60.21996], [24.93388, 60.22005], [24.93393, 60.22006], [24.93389, 60.22016]]]}}, {"type": "Feature", "properties": {"area_ha": 0.06, "dist_km": 1.028, "node": "Ilmalantori", "node_mw": 27, "osm_id": 25506124, "anchor_kind": "demand"}, "geometry": {"type": "Polygon", "coordinates": [[[24.93271, 60.21644], [24.93279, 60.21642], [24.93286, 60.2164], [24.93342, 60.21693], [24.93335, 60.21695], [24.93328, 60.21697], [24.93271, 60.21644]]]}}, {"type": "Feature", "properties": {"area_ha": 14.9, "dist_km": 1.1, "node": "Ilmalantori", "node_mw": 27, "osm_id": 25542515, "anchor_kind": "demand"}, "geometry": {"type": "Polygon", "coordinates": [[[24.93164, 60.21166], [24.93164, 60.21168], [24.93215, 60.21267], [24.93264, 60.21354], [24.93288, 60.21398], [24.93361, 60.2152], [24.93363, 60.21524], [24.93366, 60.21531], [24.93397, 60.2159], [24.93404, 60.21608], [24.93414, 60.21646], [24.93428, 60.21694], [24.93428, 60.21697], [24.93412, 60.2171], [24.93431, 60.21722], [24.9344, 60.21728], [24.93445, 60.21725], [24.93451, 60.21715], [24.93503, 60.21723], [24.93771, 60.21773], [24.93789, 60.21766], [24.93823, 60.21777], [24.93867, 60.21789], [24.94031, 60.2182], [24.94098, 60.21833], [24.9418, 60.2185], [24.94182, 60.21842], [24.94125, 60.21809], [24.94044, 60.21759], [24.93965, 60.21706], [24.9389, 60.21652], [24.93855, 60.21624], [24.93821, 60.21594], [24.93791, 60.21566], [24.93733, 60.21507], [24.93694, 60.21466], [24.93648, 60.21409], [24.93592, 60.21328], [24.93571, 60.21305], [24.93546, 60.2128], [24.93477, 60.2123], [24.9346, 60.21218], [24.93446, 60.21205], [24.93434, 60.21191], [24.93389, 60.21143], [24.93362, 60.21147], [24.93321, 60.21152], [24.93277, 60.21158], [24.93264, 60.21157], [24.93245, 60.21159], [24.93231, 60.2116], [24.932, 60.21164], [24.93199, 60.21161], [24.93164, 60.21166]]]}}, {"type": "Feature", "properties": {"area_ha": 0.211, "dist_km": 2.959, "node": "Tapanila", "node_mw": 45, "osm_id": 25769062, "anchor_kind": "demand"}, "geometry": {"type": "Polygon", "coordinates": [[[24.9878, 60.30234], [24.98762, 60.30176], [24.98815, 60.30172], [24.98822, 60.30194], [24.98831, 60.30193], [24.98837, 60.30214], [24.98842, 60.30214], [24.98844, 60.30219], [24.98839, 60.3022], [24.98841, 60.30224], [24.98832, 60.30225], [24.98833, 60.3023], [24.9878, 60.30234]]]}}, {"type": "Feature", "properties": {"area_ha": 0.393, "dist_km": 3.028, "node": "Tapanila", "node_mw": 45, "osm_id": 25769063, "anchor_kind": "demand"}, "geometry": {"type": "Polygon", "coordinates": [[[24.9857, 60.30269], [24.98556, 60.30234], [24.98619, 60.30227], [24.98607, 60.30202], [24.98673, 60.30195], [24.98699, 60.30255], [24.9857, 60.30269]]]}}, {"type": "Feature", "properties": {"area_ha": 1.128, "dist_km": 2.153, "node": "Tapanila", "node_mw": 45, "osm_id": 25769290, "anchor_kind": "demand"}, "geometry": {"type": "Polygon", "coordinates": [[[24.98454, 60.29296], [24.98458, 60.29321], [24.98513, 60.29319], [24.98503, 60.2926], [24.98512, 60.2926], [24.98509, 60.2924], [24.98515, 60.2924], [24.98526, 60.2924], [24.98571, 60.29238], [24.98588, 60.29345], [24.9866, 60.29342], [24.98649, 60.29271], [24.98696, 60.29269], [24.98692, 60.29249], [24.98691, 60.29242], [24.98691, 60.2924], [24.98597, 60.29244], [24.98596, 60.29237], [24.98598, 60.29237], [24.98596, 60.2922], [24.98523, 60.29223], [24.98511, 60.29224], [24.98401, 60.29228], [24.98408, 60.29277], [24.98436, 60.29276], [24.98436, 60.29279], [24.98428, 60.2928], [24.98436, 60.29298], [24.98454, 60.29296]]]}}, {"type": "Feature", "properties": {"area_ha": 0.756, "dist_km": 2.051, "node": "Tapanila", "node_mw": 45, "osm_id": 25769291, "anchor_kind": "demand"}, "geometry": {"type": "Polygon", "coordinates": [[[24.98723, 60.29298], [24.98714, 60.29248], [24.98692, 60.29249], [24.98691, 60.29242], [24.98713, 60.29241], [24.98713, 60.2924], [24.98771, 60.29238], [24.98766, 60.29215], [24.98867, 60.2921], [24.98869, 60.29225], [24.98948, 60.29222], [24.98951, 60.29238], [24.98872, 60.29241], [24.9888, 60.29286], [24.98783, 60.2929], [24.98784, 60.29295], [24.98723, 60.29298]]]}}, {"type": "Feature", "properties": {"area_ha": 0.098, "dist_km": 1.385, "node": "Ilmalantori", "node_mw": 27, "osm_id": 26116045, "anchor_kind": "demand"}, "geometry": {"type": "Polygon", "coordinates": [[[24.93832, 60.2186], [24.93801, 60.21857], [24.93794, 60.21877], [24.93808, 60.21879], [24.93828, 60.21885], [24.9381, 60.21899], [24.93822, 60.21903], [24.93866, 60.21871], [24.93832, 60.2186]]]}}, {"type": "Feature", "properties": {"area_ha": 0.064, "dist_km": 1.33, "node": "Ilmalantori", "node_mw": 27, "osm_id": 26116059, "anchor_kind": "demand"}, "geometry": {"type": "Polygon", "coordinates": [[[24.93673, 60.21908], [24.93642, 60.21907], [24.93635, 60.2194], [24.93667, 60.21941], [24.93673, 60.21908]]]}}, {"type": "Feature", "properties": {"area_ha": 0.033, "dist_km": 1.296, "node": "Ilmalantori", "node_mw": 27, "osm_id": 26116060, "anchor_kind": "demand"}, "geometry": {"type": "Polygon", "coordinates": [[[24.93619, 60.21905], [24.93581, 60.21903], [24.93578, 60.21917], [24.93617, 60.21918], [24.93619, 60.21905]]]}}, {"type": "Feature", "properties": {"area_ha": 0.132, "dist_km": 1.547, "node": "Ilmalantori", "node_mw": 27, "osm_id": 26116076, "anchor_kind": "demand"}, "geometry": {"type": "Polygon", "coordinates": [[[24.94034, 60.21971], [24.94068, 60.21982], [24.94069, 60.21981], [24.9408, 60.21973], [24.94129, 60.21937], [24.9409, 60.21924], [24.94065, 60.21942], [24.94071, 60.21944], [24.94074, 60.21945], [24.94064, 60.21952], [24.94074, 60.21956], [24.9406, 60.21966], [24.94047, 60.21962], [24.94036, 60.2197], [24.94034, 60.21971]]]}}, {"type": "Feature", "properties": {"area_ha": 0.059, "dist_km": 1.516, "node": "Ilmalantori", "node_mw": 27, "osm_id": 26116077, "anchor_kind": "demand"}, "geometry": {"type": "Polygon", "coordinates": [[[24.94019, 60.21965], [24.94045, 60.21945], [24.94027, 60.21939], [24.94022, 60.21937], [24.94014, 60.21935], [24.93983, 60.21958], [24.93996, 60.21962], [24.93999, 60.21959], [24.94019, 60.21965]]]}}, {"type": "Feature", "properties": {"area_ha": 0.065, "dist_km": 1.486, "node": "Ilmalantori", "node_mw": 27, "osm_id": 26116078, "anchor_kind": "demand"}, "geometry": {"type": "Polygon", "coordinates": [[[24.93942, 60.21943], [24.9397, 60.21951], [24.94008, 60.21922], [24.93983, 60.21914], [24.93958, 60.21935], [24.93954, 60.21933], [24.93942, 60.21943]]]}}, {"type": "Feature", "properties": {"area_ha": 0.065, "dist_km": 1.36, "node": "Ilmalantori", "node_mw": 27, "osm_id": 26116080, "anchor_kind": "demand"}, "geometry": {"type": "Polygon", "coordinates": [[[24.93745, 60.21893], [24.93752, 60.21894], [24.93753, 60.21893], [24.9376, 60.21893], [24.93761, 60.21892], [24.93778, 60.21894], [24.93791, 60.21863], [24.93759, 60.2186], [24.93745, 60.21893]]]}}, {"type": "Feature", "properties": {"area_ha": 0.072, "dist_km": 1.324, "node": "Ilmalantori", "node_mw": 27, "osm_id": 26116123, "anchor_kind": "demand"}, "geometry": {"type": "Polygon", "coordinates": [[[24.93547, 60.21973], [24.93622, 60.21976], [24.93624, 60.2196], [24.93556, 60.21957], [24.93547, 60.21973]]]}}, {"type": "Feature", "properties": {"area_ha": 0.039, "dist_km": 1.306, "node": "Ilmalantori", "node_mw": 27, "osm_id": 26116124, "anchor_kind": "demand"}, "geometry": {"type": "Polygon", "coordinates": [[[24.93564, 60.21937], [24.93617, 60.2194], [24.93619, 60.21928], [24.93566, 60.21925], [24.93564, 60.21937]]]}}, {"type": "Feature", "properties": {"area_ha": 1.904, "dist_km": 1.267, "node": "Pitäjänmäki E", "node_mw": 23, "osm_id": 26215595, "anchor_kind": "demand"}, "geometry": {"type": "Polygon", "coordinates": [[[24.87242, 60.22109], [24.87242, 60.22108], [24.87241, 60.22108], [24.8724, 60.22107], [24.8724, 60.22107], [24.87239, 60.22107], [24.87238, 60.22107], [24.87237, 60.22107], [24.87236, 60.22107], [24.87235, 60.22107], [24.87234, 60.22108], [24.87234, 60.22108], [24.87233, 60.22109], [24.87233, 60.22109], [24.87233, 60.22109], [24.87233, 60.2211], [24.87234, 60.22111], [24.8722, 60.22114], [24.87234, 60.2213], [24.87261, 60.22125], [24.87282, 60.2215], [24.87365, 60.22133], [24.87376, 60.22131], [24.87378, 60.2213], [24.87381, 60.2213], [24.87386, 60.22129], [24.8739, 60.22134], [24.87392, 60.22137], [24.8748, 60.2212], [24.87471, 60.22109], [24.8755, 60.22093], [24.87554, 60.22098], [24.87561, 60.22096], [24.87557, 60.22091], [24.87556, 60.22091], [24.87465, 60.2198], [24.87462, 60.21977], [24.87381, 60.21993], [24.87289, 60.22012], [24.87297, 60.22022], [24.87309, 60.22037], [24.87306, 60.22038], [24.8731, 60.22042], [24.87313, 60.22042], [24.87348, 60.22084], [24.87345, 60.22085], [24.8734, 60.22079], [24.87278, 60.22092], [24.87245, 60.22099], [24.87249, 60.22104], [24.87244, 60.22105], [24.87249, 60.22111], [24.87245, 60.22112], [24.87242, 60.22109]]]}}, {"type": "Feature", "properties": {"area_ha": 0.112, "dist_km": 1.745, "node": "Pitäjänmäki E", "node_mw": 23, "osm_id": 26391383, "anchor_kind": "demand"}, "geometry": {"type": "Polygon", "coordinates": [[[24.8755, 60.22495], [24.87579, 60.22506], [24.87547, 60.22526], [24.87552, 60.22528], [24.87516, 60.22549], [24.87492, 60.22539], [24.87527, 60.22518], [24.87517, 60.22515], [24.8755, 60.22495]]]}}, {"type": "Feature", "properties": {"area_ha": 0.041, "dist_km": 1.691, "node": "Pitäjänmäki E", "node_mw": 23, "osm_id": 26391438, "anchor_kind": "demand"}, "geometry": {"type": "Polygon", "coordinates": [[[24.87457, 60.22487], [24.87489, 60.22499], [24.87501, 60.22491], [24.87484, 60.22484], [24.875, 60.22474], [24.87481, 60.22467], [24.87473, 60.22472], [24.87477, 60.22474], [24.87457, 60.22487]]]}}, {"type": "Feature", "properties": {"area_ha": 1.582, "dist_km": 1.74, "node": "Pitäjänmäki E", "node_mw": 23, "osm_id": 26391486, "anchor_kind": "demand"}, "geometry": {"type": "Polygon", "coordinates": [[[24.87481, 60.22573], [24.87447, 60.22594], [24.87441, 60.22591], [24.87372, 60.22634], [24.87379, 60.22637], [24.87347, 60.22656], [24.87299, 60.22637], [24.87296, 60.22639], [24.87288, 60.22636], [24.87296, 60.22631], [24.87187, 60.22587], [24.87181, 60.2259], [24.87161, 60.22582], [24.87166, 60.22578], [24.87201, 60.22576], [24.872, 60.22577], [24.87235, 60.22556], [24.87227, 60.22553], [24.87234, 60.22549], [24.87226, 60.22546], [24.8718, 60.22548], [24.87175, 60.22526], [24.87216, 60.22524], [24.87217, 60.22524], [24.87218, 60.22529], [24.87221, 60.22529], [24.87223, 60.2253], [24.87269, 60.22501], [24.8727, 60.22501], [24.87295, 60.22511], [24.87314, 60.22499], [24.87399, 60.22534], [24.87402, 60.22532], [24.87408, 60.22534], [24.87413, 60.22531], [24.87421, 60.22534], [24.87416, 60.22537], [24.87437, 60.22545], [24.87423, 60.22553], [24.87429, 60.22556], [24.87423, 60.22559], [24.87463, 60.22575], [24.87467, 60.22573], [24.87469, 60.22574], [24.87475, 60.2257], [24.87481, 60.22573]]]}}, {"type": "Feature", "properties": {"area_ha": 0.295, "dist_km": 1.567, "node": "Pitäjänmäki E", "node_mw": 23, "osm_id": 26391950, "anchor_kind": "demand"}, "geometry": {"type": "Polygon", "coordinates": [[[24.86902, 60.2249], [24.86911, 60.22487], [24.86908, 60.22485], [24.86901, 60.2248], [24.87006, 60.22443], [24.87013, 60.22448], [24.87019, 60.22452], [24.87028, 60.22449], [24.87015, 60.2244], [24.87022, 60.22437], [24.86989, 60.22414], [24.86858, 60.2246], [24.86902, 60.2249]]]}}, {"type": "Feature", "properties": {"area_ha": 0.067, "dist_km": 1.022, "node": "Pukinmäki", "node_mw": 23, "osm_id": 27085025, "anchor_kind": "demand"}, "geometry": {"type": "Polygon", "coordinates": [[[24.97823, 60.27013], [24.97883, 60.27009], [24.97879, 60.26991], [24.97819, 60.26995], [24.97823, 60.27013]]]}}, {"type": "Feature", "properties": {"area_ha": 0.023, "dist_km": 1.014, "node": "Pukinmäki", "node_mw": 23, "osm_id": 27085026, "anchor_kind": "demand"}, "geometry": {"type": "Polygon", "coordinates": [[[24.9783, 60.2699], [24.97867, 60.26988], [24.97864, 60.26978], [24.97828, 60.2698], [24.9783, 60.2699]]]}}, {"type": "Feature", "properties": {"area_ha": 3.444, "dist_km": 2.551, "node": "Tapanila", "node_mw": 45, "osm_id": 27166732, "anchor_kind": "demand"}, "geometry": {"type": "Polygon", "coordinates": [[[25.0543, 60.28813], [25.05464, 60.28796], [25.05522, 60.2878], [25.05511, 60.28775], [25.05527, 60.28767], [25.05523, 60.28765], [25.0553, 60.28761], [25.05467, 60.28731], [25.05414, 60.28758], [25.05404, 60.28753], [25.05409, 60.2875], [25.05405, 60.28748], [25.05451, 60.28724], [25.05441, 60.28719], [25.05442, 60.28718], [25.05323, 60.28661], [25.05285, 60.28681], [25.05269, 60.28689], [25.05237, 60.28674], [25.05177, 60.28705], [25.05171, 60.28702], [25.05161, 60.28707], [25.05155, 60.28704], [25.05139, 60.28711], [25.05153, 60.28718], [25.05161, 60.28714], [25.05314, 60.28789], [25.05097, 60.289], [25.05088, 60.28896], [25.05063, 60.28908], [25.0507, 60.28912], [25.05055, 60.2892], [25.05064, 60.28923], [25.05021, 60.28946], [25.0502, 60.28946], [25.04999, 60.28957], [25.05069, 60.2899], [25.05126, 60.2896], [25.05138, 60.28966], [25.05167, 60.2895], [25.05175, 60.28954], [25.05184, 60.28948], [25.05176, 60.28943], [25.0543, 60.28813]]]}}, {"type": "Feature", "properties": {"area_ha": 0.124, "dist_km": 2.481, "node": "Tapanila", "node_mw": 45, "osm_id": 27166735, "anchor_kind": "demand"}, "geometry": {"type": "Polygon", "coordinates": [[[25.05193, 60.28792], [25.05221, 60.28778], [25.05209, 60.28772], [25.05214, 60.28769], [25.052, 60.28762], [25.05186, 60.28769], [25.05163, 60.28758], [25.05172, 60.28753], [25.05152, 60.28743], [25.05142, 60.28748], [25.0514, 60.28747], [25.05129, 60.28752], [25.05121, 60.28748], [25.05113, 60.28752], [25.05121, 60.28756], [25.0512, 60.28757], [25.05193, 60.28792]]]}}, {"type": "Feature", "properties": {"area_ha": 0.025, "dist_km": 2.476, "node": "Tapanila", "node_mw": 45, "osm_id": 27166736, "anchor_kind": "demand"}, "geometry": {"type": "Polygon", "coordinates": [[[25.0528, 60.28624], [25.05301, 60.28614], [25.0528, 60.28604], [25.0526, 60.28614], [25.0528, 60.28624]]]}}, {"type": "Feature", "properties": {"area_ha": 0.023, "dist_km": 2.265, "node": "Tapanila", "node_mw": 45, "osm_id": 27166750, "anchor_kind": "demand"}, "geometry": {"type": "Polygon", "coordinates": [[[25.04524, 60.28916], [25.04538, 60.28922], [25.04545, 60.28918], [25.04548, 60.28916], [25.04565, 60.28907], [25.04551, 60.28901], [25.04536, 60.28909], [25.04532, 60.28911], [25.04524, 60.28916]]]}}, {"type": "Feature", "properties": {"area_ha": 0.119, "dist_km": 2.237, "node": "Tapanila", "node_mw": 45, "osm_id": 27166752, "anchor_kind": "demand"}, "geometry": {"type": "Polygon", "coordinates": [[[25.04427, 60.28871], [25.04509, 60.2891], [25.04518, 60.28905], [25.04532, 60.28911], [25.04536, 60.28909], [25.04522, 60.28903], [25.04532, 60.28897], [25.0445, 60.28859], [25.04427, 60.28871]]]}}, {"type": "Feature", "properties": {"area_ha": 0.015, "dist_km": 2.589, "node": "Tapanila", "node_mw": 45, "osm_id": 27166778, "anchor_kind": "demand"}, "geometry": {"type": "Polygon", "coordinates": [[[25.05078, 60.29043], [25.051, 60.29032], [25.05088, 60.29026], [25.05067, 60.29037], [25.05078, 60.29043]]]}}, {"type": "Feature", "properties": {"area_ha": 0.094, "dist_km": 2.551, "node": "Tapanila", "node_mw": 45, "osm_id": 27166779, "anchor_kind": "demand"}, "geometry": {"type": "Polygon", "coordinates": [[[25.04982, 60.29068], [25.05034, 60.29042], [25.05004, 60.29028], [25.04969, 60.29045], [25.04968, 60.29046], [25.04952, 60.29054], [25.04982, 60.29068]]]}}, {"type": "Feature", "properties": {"area_ha": 0.094, "dist_km": 2.54, "node": "Tapanila", "node_mw": 45, "osm_id": 27166781, "anchor_kind": "demand"}, "geometry": {"type": "Polygon", "coordinates": [[[25.04885, 60.29112], [25.04952, 60.29077], [25.04929, 60.29066], [25.04862, 60.29101], [25.04873, 60.29106], [25.04885, 60.29112]]]}}, {"type": "Feature", "properties": {"area_ha": 0.11, "dist_km": 2.501, "node": "Tapanila", "node_mw": 45, "osm_id": 27166782, "anchor_kind": "demand"}, "geometry": {"type": "Polygon", "coordinates": [[[25.04832, 60.29089], [25.04902, 60.29053], [25.04876, 60.29041], [25.04806, 60.29076], [25.04821, 60.29083], [25.04832, 60.29089]]]}}, {"type": "Feature", "properties": {"area_ha": 0.072, "dist_km": 2.459, "node": "Tapanila", "node_mw": 45, "osm_id": 27166785, "anchor_kind": "demand"}, "geometry": {"type": "Polygon", "coordinates": [[[25.04788, 60.2906], [25.04824, 60.2904], [25.04792, 60.29025], [25.04756, 60.29045], [25.04788, 60.2906]]]}}, {"type": "Feature", "properties": {"area_ha": 0.042, "dist_km": 2.452, "node": "Tapanila", "node_mw": 45, "osm_id": 27166801, "anchor_kind": "demand"}, "geometry": {"type": "Polygon", "coordinates": [[[25.04866, 60.28974], [25.04921, 60.28946], [25.04909, 60.2894], [25.04883, 60.28953], [25.04854, 60.28968], [25.04866, 60.28974]]]}}, {"type": "Feature", "properties": {"area_ha": 0.029, "dist_km": 2.607, "node": "Ilmalantori", "node_mw": 27, "osm_id": 27484087, "anchor_kind": "demand"}, "geometry": {"type": "Polygon", "coordinates": [[[24.94792, 60.19595], [24.94814, 60.19596], [24.94818, 60.19576], [24.94807, 60.19575], [24.94807, 60.19574], [24.94806, 60.19574], [24.94804, 60.19573], [24.94803, 60.19573], [24.94801, 60.19573], [24.94799, 60.19574], [24.94798, 60.19574], [24.94797, 60.19575], [24.94797, 60.19577], [24.94796, 60.19577], [24.94795, 60.1958], [24.94792, 60.19595]]]}}, {"type": "Feature", "properties": {"area_ha": 0.245, "dist_km": 2.722, "node": "Ilmalantori", "node_mw": 27, "osm_id": 27484092, "anchor_kind": "demand"}, "geometry": {"type": "Polygon", "coordinates": [[[24.95053, 60.19474], [24.95074, 60.19486], [24.95093, 60.19498], [24.9499, 60.19539], [24.94961, 60.19551], [24.9496, 60.19551], [24.94953, 60.19546], [24.94949, 60.19548], [24.94945, 60.19549], [24.94921, 60.19547], [24.94919, 60.19546], [24.94917, 60.19545], [24.94916, 60.19544], [24.94916, 60.19543], [24.94916, 60.19542], [24.94917, 60.19541], [24.94941, 60.19532], [24.94944, 60.19531], [24.94932, 60.19524], [24.94952, 60.19515], [24.94971, 60.19527], [24.95044, 60.19498], [24.95031, 60.1949], [24.95028, 60.19491], [24.95027, 60.19491], [24.95024, 60.19489], [24.95027, 60.19488], [24.95025, 60.19487], [24.95023, 60.19486], [24.95041, 60.19478], [24.95053, 60.19474]]]}}, {"type": "Feature", "properties": {"area_ha": 0.087, "dist_km": 2.772, "node": "Tapanila", "node_mw": 45, "osm_id": 27519163, "anchor_kind": "demand"}, "geometry": {"type": "Polygon", "coordinates": [[[24.99224, 60.30084], [24.99202, 60.30093], [24.99187, 60.30106], [24.99179, 60.30119], [24.99179, 60.30131], [24.99208, 60.30131], [24.9921, 60.30121], [24.99215, 60.30111], [24.99227, 60.30102], [24.9924, 60.30096], [24.99224, 60.30084]]]}}, {"type": "Feature", "properties": {"area_ha": 0.058, "dist_km": 2.78, "node": "Tapanila", "node_mw": 45, "osm_id": 27519169, "anchor_kind": "demand"}, "geometry": {"type": "Polygon", "coordinates": [[[24.99252, 60.30122], [24.99247, 60.30137], [24.9931, 60.30142], [24.99316, 60.30128], [24.99252, 60.30122]]]}}, {"type": "Feature", "properties": {"area_ha": 0.069, "dist_km": 2.815, "node": "Tapanila", "node_mw": 45, "osm_id": 27519183, "anchor_kind": "demand"}, "geometry": {"type": "Polygon", "coordinates": [[[24.99202, 60.30156], [24.99204, 60.30156], [24.99238, 60.30177], [24.99264, 60.30167], [24.9923, 60.30145], [24.9922, 60.30149], [24.99206, 60.30141], [24.99193, 60.30143], [24.99202, 60.30156]]]}}, {"type": "Feature", "properties": {"area_ha": 0.048, "dist_km": 2.816, "node": "Tapanila", "node_mw": 45, "osm_id": 27519187, "anchor_kind": "demand"}, "geometry": {"type": "Polygon", "coordinates": [[[24.99317, 60.30168], [24.9931, 60.30181], [24.99366, 60.30187], [24.99372, 60.30174], [24.99317, 60.30168]]]}}, {"type": "Feature", "properties": {"area_ha": 0.03, "dist_km": 2.804, "node": "Tapanila", "node_mw": 45, "osm_id": 27519200, "anchor_kind": "demand"}, "geometry": {"type": "Polygon", "coordinates": [[[24.99408, 60.3017], [24.99399, 60.30186], [24.99427, 60.3019], [24.99436, 60.30173], [24.99408, 60.3017]]]}}, {"type": "Feature", "properties": {"area_ha": 0.141, "dist_km": 2.963, "node": "Tapanila", "node_mw": 45, "osm_id": 27519236, "anchor_kind": "demand"}, "geometry": {"type": "Polygon", "coordinates": [[[24.99064, 60.30234], [24.99039, 60.30253], [24.99031, 60.30255], [24.99069, 60.30289], [24.99076, 60.30286], [24.99121, 60.30284], [24.99064, 60.30234]]]}}, {"type": "Feature", "properties": {"area_ha": 0.041, "dist_km": 2.918, "node": "Tapanila", "node_mw": 45, "osm_id": 27519238, "anchor_kind": "demand"}, "geometry": {"type": "Polygon", "coordinates": [[[24.99284, 60.30249], [24.99272, 60.30266], [24.99272, 60.30268], [24.99287, 60.30284], [24.99303, 60.30281], [24.99304, 60.30279], [24.99293, 60.30266], [24.99302, 60.30254], [24.993, 60.30252], [24.99284, 60.30249]]]}}, {"type": "Feature", "properties": {"area_ha": 0.046, "dist_km": 2.966, "node": "Tapanila", "node_mw": 45, "osm_id": 27519244, "anchor_kind": "demand"}, "geometry": {"type": "Polygon", "coordinates": [[[24.99343, 60.30311], [24.99334, 60.30324], [24.9936, 60.30341], [24.99379, 60.30317], [24.99343, 60.30311]]]}}, {"type": "Feature", "properties": {"area_ha": 0.041, "dist_km": 3.011, "node": "Tapanila", "node_mw": 45, "osm_id": 27519246, "anchor_kind": "demand"}, "geometry": {"type": "Polygon", "coordinates": [[[24.99466, 60.30371], [24.99448, 60.30394], [24.99473, 60.30399], [24.99491, 60.30376], [24.99466, 60.30371]]]}}, {"type": "Feature", "properties": {"area_ha": 0.062, "dist_km": 3.014, "node": "Tapanila", "node_mw": 45, "osm_id": 27519251, "anchor_kind": "demand"}, "geometry": {"type": "Polygon", "coordinates": [[[24.99499, 60.30378], [24.99475, 60.30408], [24.99507, 60.30414], [24.99527, 60.30389], [24.99513, 60.30387], [24.99517, 60.30382], [24.99499, 60.30378]]]}}, {"type": "Feature", "properties": {"area_ha": 0.062, "dist_km": 2.878, "node": "Tapanila", "node_mw": 45, "osm_id": 27519404, "anchor_kind": "demand"}, "geometry": {"type": "Polygon", "coordinates": [[[25.00001, 60.3031], [24.99987, 60.3032], [24.99969, 60.30333], [24.99996, 60.30342], [24.99999, 60.30343], [25.00004, 60.30339], [25.00031, 60.3032], [25.00001, 60.3031]]]}}, {"type": "Feature", "properties": {"area_ha": 0.053, "dist_km": 2.903, "node": "Tapanila", "node_mw": 45, "osm_id": 27519412, "anchor_kind": "demand"}, "geometry": {"type": "Polygon", "coordinates": [[[25.00077, 60.30376], [25.00086, 60.3037], [25.00105, 60.30359], [25.00073, 60.30347], [25.00066, 60.30352], [25.00046, 60.30364], [25.00077, 60.30376]]]}}, {"type": "Feature", "properties": {"area_ha": 0.157, "dist_km": 2.939, "node": "Tapanila", "node_mw": 45, "osm_id": 27519419, "anchor_kind": "demand"}, "geometry": {"type": "Polygon", "coordinates": [[[25.00115, 60.30376], [25.00076, 60.30402], [25.00143, 60.30427], [25.00152, 60.30421], [25.00184, 60.304], [25.00154, 60.30389], [25.00136, 60.304], [25.00125, 60.30396], [25.00141, 60.30386], [25.00115, 60.30376]]]}}, {"type": "Feature", "properties": {"area_ha": 0.065, "dist_km": 2.921, "node": "Tapanila", "node_mw": 45, "osm_id": 27519427, "anchor_kind": "demand"}, "geometry": {"type": "Polygon", "coordinates": [[[24.99797, 60.30325], [24.99766, 60.30363], [24.9979, 60.30367], [24.99821, 60.30329], [24.99797, 60.30325]]]}}, {"type": "Feature", "properties": {"area_ha": 0.084, "dist_km": 2.613, "node": "Tapanila", "node_mw": 45, "osm_id": 27519472, "anchor_kind": "demand"}, "geometry": {"type": "Polygon", "coordinates": [[[24.99644, 60.30034], [24.99636, 60.3005], [24.99712, 60.30059], [24.9972, 60.30042], [24.99701, 60.3004], [24.99702, 60.30039], [24.99676, 60.30036], [24.99675, 60.30037], [24.99644, 60.30034]]]}}, {"type": "Feature", "properties": {"area_ha": 0.039, "dist_km": 0.661, "node": "Ilmalantori", "node_mw": 27, "osm_id": 27616325, "anchor_kind": "demand"}, "geometry": {"type": "Polygon", "coordinates": [[[24.91765, 60.20728], [24.91807, 60.20717], [24.91805, 60.20716], [24.91808, 60.20715], [24.91813, 60.20714], [24.91805, 60.20706], [24.91799, 60.20708], [24.91797, 60.20708], [24.91795, 60.20707], [24.91754, 60.20717], [24.91765, 60.20728]]]}}, {"type": "Feature", "properties": {"area_ha": 0.011, "dist_km": 0.824, "node": "Pitäjänmäki E", "node_mw": 23, "osm_id": 28656533, "anchor_kind": "demand"}, "geometry": {"type": "Polygon", "coordinates": [[[24.87452, 60.21506], [24.87472, 60.21498], [24.87463, 60.21492], [24.87443, 60.215], [24.87452, 60.21506]]]}}, {"type": "Feature", "properties": {"area_ha": 0.254, "dist_km": 1.91, "node": "Suurmetsä", "node_mw": 22, "osm_id": 29556896, "anchor_kind": "demand"}, "geometry": {"type": "Polygon", "coordinates": [[[25.02499, 60.25417], [25.02616, 60.25405], [25.02612, 60.25396], [25.02609, 60.25388], [25.02594, 60.25352], [25.02537, 60.25358], [25.02553, 60.25396], [25.02493, 60.25402], [25.02499, 60.25417]]]}}, {"type": "Feature", "properties": {"area_ha": 0.205, "dist_km": 1.983, "node": "Suurmetsä", "node_mw": 22, "osm_id": 29556900, "anchor_kind": "demand"}, "geometry": {"type": "Polygon", "coordinates": [[[25.02405, 60.25348], [25.02393, 60.2532], [25.0248, 60.2531], [25.02482, 60.25317], [25.02491, 60.25338], [25.02504, 60.25342], [25.02475, 60.25368], [25.02469, 60.25367], [25.02458, 60.25343], [25.02405, 60.25348]]]}}, {"type": "Feature", "properties": {"area_ha": 0.485, "dist_km": 1.729, "node": "Suurmetsä", "node_mw": 22, "osm_id": 29556915, "anchor_kind": "demand"}, "geometry": {"type": "Polygon", "coordinates": [[[25.02731, 60.25543], [25.02763, 60.2562], [25.02875, 60.25609], [25.02853, 60.25557], [25.02813, 60.25562], [25.02803, 60.25536], [25.02785, 60.25538], [25.02767, 60.2554], [25.02749, 60.25541], [25.02731, 60.25543]]]}}, {"type": "Feature", "properties": {"area_ha": 0.086, "dist_km": 1.874, "node": "Suurmetsä", "node_mw": 22, "osm_id": 29556928, "anchor_kind": "demand"}, "geometry": {"type": "Polygon", "coordinates": [[[25.02648, 60.25357], [25.02639, 60.25336], [25.02661, 60.25334], [25.02703, 60.25329], [25.02712, 60.2535], [25.02648, 60.25357]]]}}, {"type": "Feature", "properties": {"area_ha": 3.785, "dist_km": 1.903, "node": "Suurmetsä", "node_mw": 22, "osm_id": 29556930, "anchor_kind": "demand"}, "geometry": {"type": "Polygon", "coordinates": [[[25.02414, 60.25545], [25.02442, 60.25622], [25.02571, 60.25619], [25.02588, 60.25618], [25.02594, 60.25627], [25.02712, 60.25614], [25.026, 60.2535], [25.02586, 60.25346], [25.02546, 60.25351], [25.02525, 60.25358], [25.02475, 60.254], [25.02461, 60.25408], [25.02429, 60.25424], [25.02376, 60.25446], [25.02385, 60.25467], [25.02414, 60.25545]]]}}, {"type": "Feature", "properties": {"area_ha": 5.912, "dist_km": 1.901, "node": "Suurmetsä", "node_mw": 22, "osm_id": 29556938, "anchor_kind": "demand"}, "geometry": {"type": "Polygon", "coordinates": [[[25.01854, 60.25566], [25.02179, 60.25777], [25.02188, 60.25774], [25.02197, 60.2578], [25.02253, 60.25814], [25.02359, 60.25879], [25.0242, 60.25862], [25.02417, 60.25859], [25.0243, 60.25855], [25.02503, 60.25828], [25.02499, 60.25825], [25.02515, 60.25819], [25.02512, 60.25817], [25.02528, 60.25811], [25.02525, 60.25809], [25.02541, 60.25803], [25.02537, 60.25801], [25.02553, 60.25795], [25.0255, 60.25793], [25.02566, 60.25787], [25.02563, 60.25785], [25.02578, 60.2578], [25.02597, 60.25766], [25.02585, 60.25754], [25.02519, 60.25745], [25.02498, 60.25747], [25.02367, 60.25798], [25.02366, 60.2581], [25.02339, 60.25819], [25.02315, 60.25803], [25.02504, 60.25731], [25.02578, 60.25737], [25.02591, 60.25721], [25.02607, 60.25687], [25.02602, 60.25674], [25.0249, 60.25659], [25.02345, 60.25642], [25.02306, 60.25637], [25.02297, 60.25636], [25.02289, 60.25635], [25.02164, 60.25622], [25.02115, 60.25614], [25.02016, 60.25595], [25.01981, 60.25592], [25.01863, 60.2556], [25.01854, 60.25566]]]}}, {"type": "Feature", "properties": {"area_ha": 0.027, "dist_km": 2.041, "node": "Suurmetsä", "node_mw": 22, "osm_id": 29877548, "anchor_kind": "demand"}, "geometry": {"type": "Polygon", "coordinates": [[[25.02116, 60.2586], [25.02103, 60.25857], [25.02098, 60.25863], [25.02099, 60.25864], [25.02102, 60.25877], [25.02127, 60.25876], [25.02124, 60.25859], [25.02116, 60.2586]]]}}, {"type": "Feature", "properties": {"area_ha": 1.505, "dist_km": 2.075, "node": "Suurmetsä", "node_mw": 22, "osm_id": 29877557, "anchor_kind": "demand"}, "geometry": {"type": "Polygon", "coordinates": [[[25.02046, 60.25839], [25.02059, 60.25848], [25.02064, 60.25861], [25.02072, 60.25895], [25.02078, 60.25911], [25.02082, 60.25919], [25.02097, 60.25938], [25.02107, 60.25946], [25.02128, 60.25963], [25.02138, 60.2597], [25.02129, 60.25971], [25.02113, 60.25981], [25.0212, 60.25985], [25.02093, 60.25998], [25.02076, 60.26007], [25.02049, 60.2602], [25.02046, 60.26021], [25.02046, 60.26022], [25.02025, 60.26026], [25.01999, 60.26041], [25.01987, 60.26052], [25.01966, 60.26047], [25.01967, 60.2601], [25.01966, 60.26003], [25.01963, 60.25974], [25.01961, 60.2596], [25.01958, 60.25917], [25.01956, 60.25901], [25.01949, 60.25852], [25.01968, 60.2584], [25.0202, 60.25838], [25.02046, 60.25839]]]}}, {"type": "Feature", "properties": {"area_ha": 0.054, "dist_km": 1.964, "node": "Suurmetsä", "node_mw": 22, "osm_id": 29878987, "anchor_kind": "demand"}, "geometry": {"type": "Polygon", "coordinates": [[[25.0254, 60.25284], [25.02585, 60.25278], [25.0258, 60.25267], [25.02577, 60.2526], [25.02538, 60.25264], [25.02532, 60.25266], [25.0254, 60.25284]]]}}, {"type": "Feature", "properties": {"area_ha": 0.131, "dist_km": 1.921, "node": "Suurmetsä", "node_mw": 22, "osm_id": 29878989, "anchor_kind": "demand"}, "geometry": {"type": "Polygon", "coordinates": [[[25.02607, 60.25278], [25.02715, 60.25266], [25.02704, 60.25241], [25.02642, 60.25248], [25.02648, 60.25261], [25.02602, 60.25266], [25.02607, 60.25278]]]}}, {"type": "Feature", "properties": {"area_ha": 0.125, "dist_km": 2.007, "node": "Suurmetsä", "node_mw": 22, "osm_id": 29878990, "anchor_kind": "demand"}, "geometry": {"type": "Polygon", "coordinates": [[[25.02456, 60.2525], [25.02445, 60.25228], [25.02539, 60.25217], [25.02545, 60.25231], [25.02527, 60.25234], [25.02531, 60.25241], [25.02456, 60.2525]]]}}, {"type": "Feature", "properties": {"area_ha": 0.146, "dist_km": 1.951, "node": "Suurmetsä", "node_mw": 22, "osm_id": 29878993, "anchor_kind": "demand"}, "geometry": {"type": "Polygon", "coordinates": [[[25.02623, 60.25239], [25.027, 60.25231], [25.02691, 60.25209], [25.02615, 60.25217], [25.02612, 60.25209], [25.02585, 60.25212], [25.02595, 60.25234], [25.02619, 60.25232], [25.02623, 60.25239]]]}}, {"type": "Feature", "properties": {"area_ha": 0.116, "dist_km": 1.977, "node": "Suurmetsä", "node_mw": 22, "osm_id": 29878994, "anchor_kind": "demand"}, "geometry": {"type": "Polygon", "coordinates": [[[25.02575, 60.25205], [25.02668, 60.25195], [25.02659, 60.25173], [25.02595, 60.2518], [25.02598, 60.25186], [25.02569, 60.2519], [25.02575, 60.25205]]]}}, {"type": "Feature", "properties": {"area_ha": 1.548, "dist_km": 1.993, "node": "Suurmetsä", "node_mw": 22, "osm_id": 29878996, "anchor_kind": "demand"}, "geometry": {"type": "Polygon", "coordinates": [[[25.02501, 60.25256], [25.02513, 60.25288], [25.02541, 60.25289], [25.02724, 60.25269], [25.02694, 60.25198], [25.02651, 60.25095], [25.02602, 60.25102], [25.02597, 60.25096], [25.02543, 60.25105], [25.02536, 60.25109], [25.02532, 60.25112], [25.02532, 60.25118], [25.02544, 60.25144], [25.02587, 60.25248], [25.02582, 60.25253], [25.02579, 60.25256], [25.02545, 60.25259], [25.02541, 60.25252], [25.02541, 60.25251], [25.02501, 60.25256]]]}}, {"type": "Feature", "properties": {"area_ha": 0.084, "dist_km": 1.516, "node": "Ilmalantori", "node_mw": 27, "osm_id": 30597930, "anchor_kind": "demand"}, "geometry": {"type": "Polygon", "coordinates": [[[24.93833, 60.22058], [24.93862, 60.22037], [24.93913, 60.22054], [24.93918, 60.2205], [24.9393, 60.22054], [24.93908, 60.22069], [24.93867, 60.22055], [24.93853, 60.22065], [24.93833, 60.22058]]]}}, {"type": "Feature", "properties": {"area_ha": 0.072, "dist_km": 1.558, "node": "Ilmalantori", "node_mw": 27, "osm_id": 30597932, "anchor_kind": "demand"}, "geometry": {"type": "Polygon", "coordinates": [[[24.93984, 60.22025], [24.94027, 60.21994], [24.94045, 60.22001], [24.94052, 60.22003], [24.94023, 60.22024], [24.94027, 60.22025], [24.94023, 60.22028], [24.94019, 60.22027], [24.94009, 60.22034], [24.93984, 60.22025]]]}}, {"type": "Feature", "properties": {"area_ha": 0.069, "dist_km": 1.517, "node": "Ilmalantori", "node_mw": 27, "osm_id": 30597936, "anchor_kind": "demand"}, "geometry": {"type": "Polygon", "coordinates": [[[24.93989, 60.22002], [24.94008, 60.21989], [24.9399, 60.21983], [24.93951, 60.2197], [24.93932, 60.21983], [24.93989, 60.22002]]]}}, {"type": "Feature", "properties": {"area_ha": 0.067, "dist_km": 1.513, "node": "Ilmalantori", "node_mw": 27, "osm_id": 30597937, "anchor_kind": "demand"}, "geometry": {"type": "Polygon", "coordinates": [[[24.93933, 60.22013], [24.93939, 60.22009], [24.93907, 60.21998], [24.9392, 60.21988], [24.93982, 60.22008], [24.93962, 60.22023], [24.93933, 60.22013]]]}}, {"type": "Feature", "properties": {"area_ha": 0.135, "dist_km": 1.263, "node": "Ilmalantori", "node_mw": 27, "osm_id": 30722739, "anchor_kind": "demand"}, "geometry": {"type": "Polygon", "coordinates": [[[24.93122, 60.20438], [24.93122, 60.20444], [24.93123, 60.20462], [24.93108, 60.20462], [24.9313, 60.20499], [24.93161, 60.20498], [24.9316, 60.20483], [24.9316, 60.20462], [24.93155, 60.20462], [24.93155, 60.20448], [24.93145, 60.20448], [24.93145, 60.20438], [24.93132, 60.20438], [24.93122, 60.20438]]]}}, {"type": "Feature", "properties": {"area_ha": 0.11, "dist_km": 1.241, "node": "Ilmalantori", "node_mw": 27, "osm_id": 30734561, "anchor_kind": "demand"}, "geometry": {"type": "Polygon", "coordinates": [[[24.93695, 60.21713], [24.93674, 60.21673], [24.93715, 60.21668], [24.93737, 60.21708], [24.93695, 60.21713]]]}}, {"type": "Feature", "properties": {"area_ha": 0.56, "dist_km": 2.741, "node": "Ilmalantori", "node_mw": 27, "osm_id": 31004467, "anchor_kind": "demand"}, "geometry": {"type": "Polygon", "coordinates": [[[24.88997, 60.23337], [24.88916, 60.23344], [24.88911, 60.2335], [24.88909, 60.23353], [24.88908, 60.23354], [24.88908, 60.23354], [24.88875, 60.23396], [24.88892, 60.2341], [24.88915, 60.23419], [24.88941, 60.23423], [24.88959, 60.23424], [24.88975, 60.23424], [24.89035, 60.23345], [24.88997, 60.23337]]]}}, {"type": "Feature", "properties": {"area_ha": 0.084, "dist_km": 2.748, "node": "Ilmalantori", "node_mw": 27, "osm_id": 31004498, "anchor_kind": "demand"}, "geometry": {"type": "Polygon", "coordinates": [[[24.88962, 60.23371], [24.88929, 60.23413], [24.88957, 60.23418], [24.8899, 60.23376], [24.88962, 60.23371]]]}}, {"type": "Feature", "properties": {"area_ha": 0.06, "dist_km": 2.451, "node": "Tapanila", "node_mw": 45, "osm_id": 31127281, "anchor_kind": "demand"}, "geometry": {"type": "Polygon", "coordinates": [[[24.98751, 60.2969], [24.98773, 60.297], [24.98788, 60.29691], [24.98791, 60.29692], [24.98812, 60.29681], [24.98804, 60.29677], [24.9881, 60.29674], [24.98799, 60.2967], [24.98795, 60.29672], [24.98787, 60.29668], [24.98757, 60.29685], [24.98759, 60.29686], [24.98751, 60.2969]]]}}, {"type": "Feature", "properties": {"area_ha": 0.268, "dist_km": 1.795, "node": "Tapanila", "node_mw": 45, "osm_id": 34693063, "anchor_kind": "demand"}, "geometry": {"type": "Polygon", "coordinates": [[[24.99756, 60.29284], [24.99755, 60.29299], [24.99811, 60.29299], [24.99811, 60.29298], [24.99853, 60.29298], [24.99853, 60.293], [24.99877, 60.293], [24.99877, 60.29294], [24.9992, 60.29295], [24.99921, 60.29266], [24.99849, 60.29265], [24.99849, 60.29273], [24.9981, 60.29273], [24.9981, 60.29277], [24.99767, 60.29277], [24.99767, 60.29279], [24.9976, 60.29283], [24.99756, 60.29284]]]}}, {"type": "Feature", "properties": {"area_ha": 17.685, "dist_km": 2.505, "node": "Tapanila", "node_mw": 45, "osm_id": 37724703, "anchor_kind": "demand"}, "geometry": {"type": "Polygon", "coordinates": [[[25.05744, 60.28636], [25.05482, 60.28605], [25.05395, 60.28595], [25.0531, 60.28584], [25.05291, 60.28582], [25.05246, 60.28574], [25.05215, 60.28567], [25.05187, 60.2856], [25.04995, 60.28647], [25.05019, 60.28703], [25.05021, 60.28708], [25.05031, 60.28732], [25.05038, 60.28731], [25.05063, 60.28754], [25.05089, 60.28778], [25.05092, 60.28787], [25.05087, 60.288], [25.05121, 60.28821], [25.05131, 60.28827], [25.05135, 60.28843], [25.05059, 60.28881], [25.05042, 60.28873], [25.04991, 60.28845], [25.04977, 60.28851], [25.04912, 60.28817], [25.04906, 60.28821], [25.04894, 60.28815], [25.04889, 60.28813], [25.04837, 60.28786], [25.04787, 60.28764], [25.04776, 60.28759], [25.04765, 60.28758], [25.04715, 60.28754], [25.04607, 60.28781], [25.04602, 60.28782], [25.0453, 60.288], [25.04526, 60.28801], [25.04615, 60.28844], [25.04674, 60.28872], [25.04773, 60.2892], [25.04714, 60.28951], [25.04817, 60.29], [25.04816, 60.29001], [25.04738, 60.29041], [25.04749, 60.29047], [25.04797, 60.29071], [25.04806, 60.29076], [25.04832, 60.29089], [25.04827, 60.29091], [25.04882, 60.29117], [25.04986, 60.29102], [25.05078, 60.29054], [25.05079, 60.29045], [25.05113, 60.29027], [25.05097, 60.29001], [25.05171, 60.28963], [25.05351, 60.2887], [25.05438, 60.28825], [25.05479, 60.28809], [25.055, 60.28802], [25.05525, 60.28794], [25.05554, 60.28786], [25.05589, 60.28778], [25.05615, 60.28772], [25.05643, 60.28768], [25.05655, 60.28766], [25.05704, 60.28761], [25.05772, 60.28757], [25.05795, 60.28756], [25.05802, 60.28735], [25.05804, 60.2871], [25.05801, 60.28695], [25.05796, 60.28679], [25.05792, 60.28664], [25.05786, 60.28653], [25.05775, 60.28645], [25.05761, 60.2864], [25.05756, 60.28638], [25.05744, 60.28636]]]}}, {"type": "Feature", "properties": {"area_ha": 0.404, "dist_km": 2.776, "node": "Ilmalantori", "node_mw": 27, "osm_id": 38249200, "anchor_kind": "demand"}, "geometry": {"type": "Polygon", "coordinates": [[[24.9525, 60.19542], [24.95237, 60.19547], [24.95176, 60.19572], [24.95164, 60.19577], [24.95209, 60.19605], [24.95239, 60.19623], [24.95258, 60.19615], [24.95266, 60.19611], [24.95303, 60.19596], [24.95313, 60.19592], [24.95325, 60.19588], [24.95294, 60.1957], [24.9525, 60.19542]]]}}, {"type": "Feature", "properties": {"area_ha": 0.476, "dist_km": 2.653, "node": "Ilmalantori", "node_mw": 27, "osm_id": 38249203, "anchor_kind": "demand"}, "geometry": {"type": "Polygon", "coordinates": [[[24.94792, 60.19595], [24.94795, 60.1958], [24.94796, 60.19577], [24.94798, 60.19568], [24.94803, 60.19543], [24.94809, 60.19509], [24.94811, 60.19503], [24.94821, 60.19499], [24.94848, 60.19487], [24.94852, 60.19486], [24.94872, 60.19497], [24.94882, 60.19503], [24.94887, 60.19506], [24.94904, 60.19517], [24.94897, 60.1952], [24.94894, 60.19521], [24.94886, 60.19524], [24.94886, 60.19526], [24.94887, 60.19526], [24.94885, 60.1953], [24.94867, 60.19572], [24.94863, 60.19583], [24.94856, 60.19598], [24.94828, 60.19597], [24.94827, 60.19597], [24.94821, 60.19597], [24.94814, 60.19596], [24.94792, 60.19595]]]}}, {"type": "Feature", "properties": {"area_ha": 1.789, "dist_km": 2.62, "node": "Ilmalantori", "node_mw": 27, "osm_id": 38249206, "anchor_kind": "demand"}, "geometry": {"type": "Polygon", "coordinates": [[[24.95196, 60.19605], [24.95155, 60.1958], [24.95149, 60.19583], [24.95138, 60.19587], [24.9513, 60.19591], [24.95127, 60.19592], [24.95057, 60.1962], [24.95065, 60.19624], [24.95014, 60.19645], [24.94964, 60.19665], [24.94917, 60.19683], [24.94846, 60.19653], [24.94782, 60.19646], [24.9478, 60.19658], [24.94775, 60.19678], [24.94771, 60.19691], [24.94812, 60.19731], [24.94815, 60.19734], [24.94843, 60.19759], [24.94867, 60.19774], [24.9496, 60.19735], [24.94966, 60.19732], [24.94972, 60.1973], [24.94986, 60.19725], [24.95032, 60.19707], [24.95081, 60.19686], [24.95099, 60.19679], [24.95132, 60.19666], [24.95114, 60.19654], [24.95113, 60.19654], [24.95098, 60.19645], [24.95113, 60.19639], [24.95134, 60.1963], [24.9516, 60.1962], [24.95182, 60.19611], [24.95196, 60.19605]]]}}, {"type": "Feature", "properties": {"area_ha": 1.01, "dist_km": 2.684, "node": "Ilmalantori", "node_mw": 27, "osm_id": 38249209, "anchor_kind": "demand"}, "geometry": {"type": "Polygon", "coordinates": [[[24.94909, 60.19559], [24.94888, 60.1961], [24.94877, 60.19635], [24.94926, 60.19656], [24.94973, 60.19637], [24.95027, 60.19615], [24.95048, 60.19607], [24.95056, 60.19604], [24.95074, 60.19597], [24.95135, 60.19572], [24.95109, 60.19557], [24.95084, 60.19541], [24.95089, 60.1954], [24.95083, 60.19535], [24.95066, 60.19525], [24.94974, 60.19562], [24.94967, 60.19565], [24.94964, 60.19564], [24.94909, 60.19559]]]}}, {"type": "Feature", "properties": {"area_ha": 0.411, "dist_km": 2.781, "node": "Ilmalantori", "node_mw": 27, "osm_id": 38249210, "anchor_kind": "demand"}, "geometry": {"type": "Polygon", "coordinates": [[[24.95099, 60.19515], [24.95102, 60.1952], [24.95125, 60.19534], [24.95132, 60.19539], [24.9514, 60.19543], [24.95135, 60.19546], [24.95145, 60.19553], [24.95146, 60.19555], [24.95159, 60.1955], [24.95167, 60.19555], [24.95172, 60.19558], [24.9516, 60.19563], [24.95168, 60.19567], [24.95184, 60.19562], [24.9524, 60.1954], [24.95222, 60.19525], [24.95233, 60.19521], [24.95237, 60.19519], [24.95229, 60.19514], [24.95175, 60.19481], [24.95151, 60.19491], [24.95141, 60.19495], [24.95115, 60.19505], [24.95104, 60.1951], [24.95099, 60.19512], [24.95099, 60.19515]]]}}, {"type": "Feature", "properties": {"area_ha": 0.987, "dist_km": 2.816, "node": "Ilmalantori", "node_mw": 27, "osm_id": 38249214, "anchor_kind": "demand"}, "geometry": {"type": "Polygon", "coordinates": [[[24.94921, 60.19547], [24.94945, 60.19549], [24.94961, 60.19551], [24.9499, 60.19539], [24.95093, 60.19498], [24.95135, 60.19481], [24.95199, 60.19455], [24.95208, 60.19452], [24.95211, 60.1945], [24.95225, 60.19445], [24.9526, 60.19431], [24.95262, 60.1943], [24.95265, 60.19428], [24.95267, 60.19426], [24.95256, 60.19419], [24.95247, 60.19414], [24.95234, 60.19406], [24.95216, 60.19396], [24.95201, 60.19402], [24.95198, 60.19403], [24.95189, 60.19408], [24.95174, 60.19414], [24.95166, 60.19418], [24.95044, 60.19468], [24.95006, 60.19483], [24.94918, 60.1952], [24.9491, 60.19524], [24.94905, 60.19535], [24.94901, 60.19545], [24.94913, 60.19546], [24.94921, 60.19547]]]}}, {"type": "Feature", "properties": {"area_ha": 0.844, "dist_km": 2.831, "node": "Kluuvi", "node_mw": 24, "osm_id": 38249215, "anchor_kind": "demand"}, "geometry": {"type": "Polygon", "coordinates": [[[24.94921, 60.19457], [24.94975, 60.19435], [24.94995, 60.19426], [24.95008, 60.19421], [24.95051, 60.19403], [24.95059, 60.194], [24.95083, 60.1939], [24.95095, 60.19384], [24.95101, 60.19382], [24.95108, 60.19379], [24.95159, 60.19358], [24.95173, 60.19352], [24.95178, 60.19354], [24.95201, 60.19361], [24.95243, 60.19376], [24.9516, 60.1941], [24.95147, 60.19415], [24.95086, 60.19441], [24.95015, 60.1947], [24.94973, 60.19488], [24.94951, 60.19474], [24.94921, 60.19457]]]}}, {"type": "Feature", "properties": {"area_ha": 0.048, "dist_km": 2.619, "node": "Ilmalantori", "node_mw": 27, "osm_id": 38249355, "anchor_kind": "demand"}, "geometry": {"type": "Polygon", "coordinates": [[[24.94838, 60.19571], [24.94827, 60.19597], [24.94828, 60.19597], [24.94856, 60.19598], [24.94863, 60.19583], [24.94867, 60.19572], [24.94852, 60.19571], [24.94838, 60.19571]]]}}, {"type": "Feature", "properties": {"area_ha": 0.731, "dist_km": 2.731, "node": "Kluuvi", "node_mw": 24, "osm_id": 38249561, "anchor_kind": "demand"}, "geometry": {"type": "Polygon", "coordinates": [[[24.95036, 60.19317], [24.95058, 60.1933], [24.95082, 60.19344], [24.95105, 60.19357], [24.9511, 60.19355], [24.95123, 60.1935], [24.95128, 60.19347], [24.95146, 60.1934], [24.9515, 60.19338], [24.95181, 60.19325], [24.95182, 60.19325], [24.95184, 60.19324], [24.95189, 60.19322], [24.95211, 60.19313], [24.95219, 60.19309], [24.95239, 60.19301], [24.95249, 60.19297], [24.95253, 60.19295], [24.95256, 60.19293], [24.9526, 60.19289], [24.95261, 60.19286], [24.95261, 60.19283], [24.95261, 60.1928], [24.9526, 60.19278], [24.95258, 60.19276], [24.95255, 60.19273], [24.95245, 60.19267], [24.95206, 60.19245], [24.95141, 60.19271], [24.95128, 60.19277], [24.95067, 60.19303], [24.95036, 60.19317]]]}}, {"type": "Feature", "properties": {"area_ha": 0.532, "dist_km": 2.733, "node": "Ilmalantori", "node_mw": 27, "osm_id": 38249564, "anchor_kind": "demand"}, "geometry": {"type": "Polygon", "coordinates": [[[24.94925, 60.19432], [24.94856, 60.19391], [24.94845, 60.19395], [24.94749, 60.19435], [24.94732, 60.19442], [24.94802, 60.19483], [24.94818, 60.19476], [24.9484, 60.19467], [24.94872, 60.19454], [24.94915, 60.19436], [24.94925, 60.19432]]]}}, {"type": "Feature", "properties": {"area_ha": 0.057, "dist_km": 1.947, "node": "Ilmalantori", "node_mw": 27, "osm_id": 38579347, "anchor_kind": "demand"}, "geometry": {"type": "Polygon", "coordinates": [[[24.88738, 60.2234], [24.88781, 60.22332], [24.88766, 60.22311], [24.88727, 60.22318], [24.88738, 60.22334], [24.88734, 60.22335], [24.88738, 60.2234]]]}}, {"type": "Feature", "properties": {"area_ha": 0.054, "dist_km": 1.907, "node": "Ilmalantori", "node_mw": 27, "osm_id": 38579348, "anchor_kind": "demand"}, "geometry": {"type": "Polygon", "coordinates": [[[24.88803, 60.22328], [24.88845, 60.2232], [24.88831, 60.22302], [24.8879, 60.22309], [24.88803, 60.22328]]]}}, {"type": "Feature", "properties": {"area_ha": 0.076, "dist_km": 1.872, "node": "Ilmalantori", "node_mw": 27, "osm_id": 38579349, "anchor_kind": "demand"}, "geometry": {"type": "Polygon", "coordinates": [[[24.88864, 60.22316], [24.88921, 60.22306], [24.88907, 60.22287], [24.88853, 60.22297], [24.88857, 60.22301], [24.88853, 60.22302], [24.88864, 60.22316]]]}}, {"type": "Feature", "properties": {"area_ha": 0.065, "dist_km": 1.829, "node": "Ilmalantori", "node_mw": 27, "osm_id": 38579350, "anchor_kind": "demand"}, "geometry": {"type": "Polygon", "coordinates": [[[24.88941, 60.22302], [24.88977, 60.22295], [24.88956, 60.22266], [24.88925, 60.2228], [24.88941, 60.22302]]]}}, {"type": "Feature", "properties": {"area_ha": 0.076, "dist_km": 1.794, "node": "Ilmalantori", "node_mw": 27, "osm_id": 38579351, "anchor_kind": "demand"}, "geometry": {"type": "Polygon", "coordinates": [[[24.8901, 60.22289], [24.89037, 60.2228], [24.88993, 60.22247], [24.8897, 60.22259], [24.8901, 60.22289]]]}}, {"type": "Feature", "properties": {"area_ha": 0.207, "dist_km": 2.721, "node": "Ilmalantori", "node_mw": 27, "osm_id": 39344588, "anchor_kind": "demand"}, "geometry": {"type": "Polygon", "coordinates": [[[24.95077, 60.19544], [24.95068, 60.19548], [24.95061, 60.19544], [24.9502, 60.1956], [24.95027, 60.19565], [24.95024, 60.19566], [24.95046, 60.1958], [24.95074, 60.19597], [24.95135, 60.19572], [24.95109, 60.19557], [24.95084, 60.19541], [24.95077, 60.19544]]]}}, {"type": "Feature", "properties": {"area_ha": 0.037, "dist_km": 2.399, "node": "Tapanila", "node_mw": 45, "osm_id": 39430101, "anchor_kind": "demand"}, "geometry": {"type": "Polygon", "coordinates": [[[24.99547, 60.29808], [24.99588, 60.29815], [24.99579, 60.29828], [24.99538, 60.29821], [24.99547, 60.29808]]]}}, {"type": "Feature", "properties": {"area_ha": 0.049, "dist_km": 2.334, "node": "Tapanila", "node_mw": 45, "osm_id": 39430122, "anchor_kind": "demand"}, "geometry": {"type": "Polygon", "coordinates": [[[24.99624, 60.29759], [24.99571, 60.29751], [24.99563, 60.29765], [24.99615, 60.29773], [24.99624, 60.29759]]]}}, {"type": "Feature", "properties": {"area_ha": 1.169, "dist_km": 2.152, "node": "Tapanila", "node_mw": 45, "osm_id": 39889470, "anchor_kind": "demand"}, "geometry": {"type": "Polygon", "coordinates": [[[24.99329, 60.29503], [24.99295, 60.29557], [24.99393, 60.29572], [24.9938, 60.29593], [24.99461, 60.29605], [24.99526, 60.29499], [24.99329, 60.29469], [24.9931, 60.295], [24.99329, 60.29503]]]}}, {"type": "Feature", "properties": {"area_ha": 0.355, "dist_km": 2.037, "node": "Tapanila", "node_mw": 45, "osm_id": 39889472, "anchor_kind": "demand"}, "geometry": {"type": "Polygon", "coordinates": [[[24.99306, 60.29451], [24.9941, 60.29466], [24.99441, 60.29415], [24.99403, 60.2941], [24.994, 60.29415], [24.99345, 60.29407], [24.99354, 60.29392], [24.99335, 60.29389], [24.9932, 60.29413], [24.99329, 60.29414], [24.99306, 60.29451]]]}}, {"type": "Feature", "properties": {"area_ha": 0.48, "dist_km": 1.964, "node": "Tapanila", "node_mw": 45, "osm_id": 39889473, "anchor_kind": "demand"}, "geometry": {"type": "Polygon", "coordinates": [[[24.99582, 60.29386], [24.99532, 60.29378], [24.99497, 60.29436], [24.99599, 60.29451], [24.9965, 60.29369], [24.99598, 60.29361], [24.99582, 60.29386]]]}}, {"type": "Feature", "properties": {"area_ha": 0.329, "dist_km": 1.958, "node": "Tapanila", "node_mw": 45, "osm_id": 39889474, "anchor_kind": "demand"}, "geometry": {"type": "Polygon", "coordinates": [[[24.99314, 60.29315], [24.99358, 60.29312], [24.99354, 60.29295], [24.99309, 60.29298], [24.99308, 60.29293], [24.99214, 60.29299], [24.99215, 60.29304], [24.9923, 60.29364], [24.9929, 60.2936], [24.99278, 60.29316], [24.99313, 60.29313], [24.99314, 60.29315]]]}}, {"type": "Feature", "properties": {"area_ha": 0.149, "dist_km": 2.007, "node": "Tapanila", "node_mw": 45, "osm_id": 39889475, "anchor_kind": "demand"}, "geometry": {"type": "Polygon", "coordinates": [[[24.99184, 60.29311], [24.99183, 60.29311], [24.99185, 60.29305], [24.9916, 60.29303], [24.99158, 60.2931], [24.99124, 60.29308], [24.99122, 60.29315], [24.99078, 60.29313], [24.99073, 60.29332], [24.99117, 60.29335], [24.99116, 60.29336], [24.99138, 60.29337], [24.99138, 60.29337], [24.9915, 60.29337], [24.99153, 60.29326], [24.99179, 60.29328], [24.99184, 60.29311]]]}}, {"type": "Feature", "properties": {"area_ha": 0.066, "dist_km": 1.986, "node": "Tapanila", "node_mw": 45, "osm_id": 39889477, "anchor_kind": "demand"}, "geometry": {"type": "Polygon", "coordinates": [[[24.99672, 60.29435], [24.99664, 60.29447], [24.99742, 60.2946], [24.9975, 60.29448], [24.99672, 60.29435]]]}}, {"type": "Feature", "properties": {"area_ha": 0.057, "dist_km": 2.038, "node": "Tapanila", "node_mw": 45, "osm_id": 39889478, "anchor_kind": "demand"}, "geometry": {"type": "Polygon", "coordinates": [[[24.9965, 60.29485], [24.99642, 60.29496], [24.99709, 60.29507], [24.99719, 60.29492], [24.99696, 60.29488], [24.99693, 60.29492], [24.9965, 60.29485]]]}}, {"type": "Feature", "properties": {"area_ha": 0.382, "dist_km": 2.068, "node": "Tapanila", "node_mw": 45, "osm_id": 39889479, "anchor_kind": "demand"}, "geometry": {"type": "Polygon", "coordinates": [[[24.9965, 60.29541], [24.99799, 60.29567], [24.99822, 60.29534], [24.99673, 60.29508], [24.99673, 60.29509], [24.99652, 60.29505], [24.99652, 60.29505], [24.99633, 60.29501], [24.99617, 60.29522], [24.99638, 60.29526], [24.99645, 60.29515], [24.99666, 60.29519], [24.9965, 60.29541]]]}}, {"type": "Feature", "properties": {"area_ha": 0.126, "dist_km": 2.178, "node": "Tapanila", "node_mw": 45, "osm_id": 39889480, "anchor_kind": "demand"}, "geometry": {"type": "Polygon", "coordinates": [[[24.99562, 60.29615], [24.99678, 60.29635], [24.99689, 60.29619], [24.99573, 60.296], [24.99562, 60.29615]]]}}, {"type": "Feature", "properties": {"area_ha": 0.132, "dist_km": 2.212, "node": "Tapanila", "node_mw": 45, "osm_id": 39889481, "anchor_kind": "demand"}, "geometry": {"type": "Polygon", "coordinates": [[[24.99571, 60.29654], [24.99576, 60.29645], [24.99659, 60.29658], [24.99667, 60.29645], [24.99668, 60.29643], [24.99573, 60.29628], [24.99572, 60.2963], [24.99553, 60.29627], [24.99542, 60.29645], [24.9954, 60.29644], [24.99537, 60.29649], [24.99571, 60.29654]]]}}, {"type": "Feature", "properties": {"area_ha": 0.107, "dist_km": 2.233, "node": "Tapanila", "node_mw": 45, "osm_id": 39889482, "anchor_kind": "demand"}, "geometry": {"type": "Polygon", "coordinates": [[[24.99665, 60.29666], [24.9966, 60.29675], [24.99608, 60.29666], [24.99596, 60.29684], [24.99673, 60.29697], [24.9969, 60.2967], [24.99686, 60.2967], [24.99665, 60.29666]]]}}, {"type": "Feature", "properties": {"area_ha": 0.067, "dist_km": 2.333, "node": "Tapanila", "node_mw": 45, "osm_id": 39889483, "anchor_kind": "demand"}, "geometry": {"type": "Polygon", "coordinates": [[[24.99647, 60.29779], [24.99718, 60.2979], [24.99727, 60.29776], [24.99655, 60.29765], [24.99647, 60.29779]]]}}, {"type": "Feature", "properties": {"area_ha": 0.053, "dist_km": 2.369, "node": "Tapanila", "node_mw": 45, "osm_id": 39889485, "anchor_kind": "demand"}, "geometry": {"type": "Polygon", "coordinates": [[[24.99633, 60.29797], [24.99626, 60.29809], [24.99693, 60.29819], [24.997, 60.29807], [24.99633, 60.29797]]]}}, {"type": "Feature", "properties": {"area_ha": 0.152, "dist_km": 2.403, "node": "Tapanila", "node_mw": 45, "osm_id": 39889486, "anchor_kind": "demand"}, "geometry": {"type": "Polygon", "coordinates": [[[24.99464, 60.29777], [24.99439, 60.29818], [24.99448, 60.29819], [24.99455, 60.29821], [24.99478, 60.29824], [24.99481, 60.29819], [24.99501, 60.29822], [24.99521, 60.29791], [24.995, 60.29788], [24.99503, 60.29783], [24.99464, 60.29777]]]}}, {"type": "Feature", "properties": {"area_ha": 0.1, "dist_km": 2.505, "node": "Tapanila", "node_mw": 45, "osm_id": 39889487, "anchor_kind": "demand"}, "geometry": {"type": "Polygon", "coordinates": [[[24.99727, 60.29922], [24.99709, 60.29973], [24.9974, 60.29976], [24.99758, 60.29924], [24.99727, 60.29922]]]}}, {"type": "Feature", "properties": {"area_ha": 0.344, "dist_km": 2.288, "node": "Tapanila", "node_mw": 45, "osm_id": 39889488, "anchor_kind": "demand"}, "geometry": {"type": "Polygon", "coordinates": [[[24.9969, 60.29709], [24.9968, 60.29749], [24.99665, 60.29748], [24.99662, 60.29758], [24.99689, 60.2976], [24.99691, 60.29752], [24.99694, 60.29753], [24.99694, 60.29752], [24.99704, 60.29753], [24.99707, 60.29744], [24.99728, 60.29745], [24.99724, 60.29763], [24.99778, 60.29766], [24.99797, 60.29698], [24.99743, 60.29695], [24.99736, 60.29722], [24.99712, 60.2972], [24.99715, 60.29711], [24.9969, 60.29709]]]}}, {"type": "Feature", "properties": {"area_ha": 0.029, "dist_km": 2.082, "node": "Tapanila", "node_mw": 45, "osm_id": 39889489, "anchor_kind": "demand"}, "geometry": {"type": "Polygon", "coordinates": [[[24.99105, 60.29378], [24.9909, 60.29395], [24.99067, 60.2939], [24.99082, 60.29373], [24.99105, 60.29378]]]}}, {"type": "Feature", "properties": {"area_ha": 0.819, "dist_km": 1.898, "node": "Tapanila", "node_mw": 45, "osm_id": 39889494, "anchor_kind": "demand"}, "geometry": {"type": "Polygon", "coordinates": [[[24.9887, 60.29043], [24.9883, 60.29044], [24.9883, 60.29043], [24.98816, 60.29044], [24.98816, 60.29045], [24.98802, 60.29046], [24.98796, 60.29016], [24.98783, 60.29016], [24.98782, 60.29013], [24.98764, 60.29014], [24.98764, 60.29017], [24.98748, 60.29018], [24.98754, 60.29052], [24.98762, 60.29051], [24.9878, 60.29155], [24.9879, 60.29154], [24.98791, 60.29158], [24.98825, 60.29156], [24.98824, 60.29153], [24.98888, 60.2915], [24.98887, 60.2914], [24.98883, 60.29141], [24.98882, 60.29137], [24.98886, 60.29137], [24.98872, 60.2906], [24.98873, 60.2906], [24.9887, 60.29043]]]}}, {"type": "Feature", "properties": {"area_ha": 6.206, "dist_km": 0.081, "node": "Tapanila", "node_mw": 45, "osm_id": 41926184, "anchor_kind": "demand"}, "geometry": {"type": "Polygon", "coordinates": [[[25.01169, 60.27746], [25.01159, 60.27748], [25.01153, 60.27751], [25.01149, 60.27755], [25.0116, 60.27785], [25.01185, 60.27793], [25.01193, 60.27812], [25.01148, 60.27816], [25.01124, 60.27757], [25.0112, 60.27754], [25.01115, 60.27752], [25.01104, 60.27751], [25.01008, 60.27761], [25.01001, 60.27763], [25.00996, 60.27768], [25.00995, 60.27773], [25.01038, 60.27886], [25.01044, 60.27892], [25.01052, 60.27898], [25.01162, 60.2793], [25.01334, 60.27908], [25.01344, 60.27933], [25.01352, 60.27933], [25.01599, 60.27904], [25.01607, 60.27884], [25.01573, 60.27784], [25.01574, 60.27779], [25.01562, 60.27747], [25.01558, 60.27747], [25.01547, 60.27718], [25.01528, 60.27712], [25.01169, 60.27746]]]}}, {"type": "Feature", "properties": {"area_ha": 6.2, "dist_km": 0.353, "node": "Tapanila", "node_mw": 45, "osm_id": 41926185, "anchor_kind": "demand"}, "geometry": {"type": "Polygon", "coordinates": [[[25.01731, 60.28094], [25.01733, 60.281], [25.0173, 60.28103], [25.01722, 60.28106], [25.01283, 60.28226], [25.01273, 60.28228], [25.01262, 60.28227], [25.01253, 60.28225], [25.01247, 60.28222], [25.01242, 60.28218], [25.01199, 60.2812], [25.01177, 60.28085], [25.01135, 60.2804], [25.01324, 60.27995], [25.01297, 60.27967], [25.01453, 60.27947], [25.01508, 60.27938], [25.0154, 60.27937], [25.01547, 60.27937], [25.01553, 60.27939], [25.01593, 60.27976], [25.01612, 60.27993], [25.01604, 60.27995], [25.01607, 60.27997], [25.01611, 60.27999], [25.01617, 60.27997], [25.01664, 60.28037], [25.01731, 60.28094]]]}}, {"type": "Feature", "properties": {"area_ha": 0.013, "dist_km": 0.374, "node": "Tapanila", "node_mw": 45, "osm_id": 42380190, "anchor_kind": "demand"}, "geometry": {"type": "Polygon", "coordinates": [[[25.01763, 60.27849], [25.01784, 60.27848], [25.01782, 60.27838], [25.01761, 60.27839], [25.01763, 60.27849]]]}}, {"type": "Feature", "properties": {"area_ha": 0.028, "dist_km": 1.853, "node": "Tapanila", "node_mw": 45, "osm_id": 43446072, "anchor_kind": "demand"}, "geometry": {"type": "Polygon", "coordinates": [[[25.03646, 60.2889], [25.03644, 60.2888], [25.03643, 60.28875], [25.03673, 60.28874], [25.03676, 60.28889], [25.03646, 60.2889]]]}}, {"type": "Feature", "properties": {"area_ha": 0.209, "dist_km": 1.308, "node": "Pitäjänmäki E", "node_mw": 23, "osm_id": 44674820, "anchor_kind": "demand"}, "geometry": {"type": "Polygon", "coordinates": [[[24.88116, 60.21843], [24.88088, 60.2182], [24.88087, 60.21821], [24.88081, 60.21815], [24.88081, 60.21815], [24.88064, 60.21801], [24.88036, 60.21809], [24.88037, 60.2181], [24.88027, 60.21813], [24.88026, 60.21812], [24.87962, 60.21832], [24.87974, 60.21841], [24.8799, 60.21837], [24.87998, 60.21843], [24.88044, 60.21828], [24.88056, 60.21838], [24.88059, 60.21837], [24.88071, 60.21847], [24.88077, 60.21845], [24.88081, 60.21848], [24.88092, 60.21845], [24.88103, 60.21853], [24.8811, 60.21854], [24.88116, 60.21843]]]}}, {"type": "Feature", "properties": {"area_ha": 0.323, "dist_km": 0.962, "node": "Pitäjänmäki E", "node_mw": 23, "osm_id": 44715731, "anchor_kind": "demand"}, "geometry": {"type": "Polygon", "coordinates": [[[24.87533, 60.21683], [24.87503, 60.21723], [24.87524, 60.21727], [24.87523, 60.21728], [24.8752, 60.21732], [24.87465, 60.21722], [24.87468, 60.21718], [24.87471, 60.21719], [24.87482, 60.21705], [24.87468, 60.21695], [24.87436, 60.21706], [24.87432, 60.21703], [24.87399, 60.21714], [24.87389, 60.21707], [24.87389, 60.21707], [24.8738, 60.21701], [24.87385, 60.21699], [24.87387, 60.217], [24.87413, 60.21691], [24.87407, 60.21688], [24.8744, 60.21676], [24.87445, 60.2168], [24.87499, 60.21661], [24.87493, 60.21657], [24.87512, 60.2165], [24.87523, 60.21647], [24.87535, 60.21655], [24.87537, 60.21654], [24.87544, 60.2166], [24.87538, 60.21662], [24.87535, 60.2166], [24.8751, 60.21669], [24.87523, 60.21678], [24.87525, 60.21678], [24.87533, 60.21683]]]}}, {"type": "Feature", "properties": {"area_ha": 0.077, "dist_km": 1.002, "node": "Pitäjänmäki E", "node_mw": 23, "osm_id": 44715732, "anchor_kind": "demand"}, "geometry": {"type": "Polygon", "coordinates": [[[24.87613, 60.21663], [24.87624, 60.2166], [24.87675, 60.21642], [24.87676, 60.21642], [24.87657, 60.21628], [24.87594, 60.2165], [24.87613, 60.21663]]]}}, {"type": "Feature", "properties": {"area_ha": 0.784, "dist_km": 0.384, "node": "Tapanila", "node_mw": 45, "osm_id": 45183152, "anchor_kind": "demand"}, "geometry": {"type": "Polygon", "coordinates": [[[25.01677, 60.28016], [25.01652, 60.27994], [25.01608, 60.27957], [25.01601, 60.27939], [25.01604, 60.27933], [25.01764, 60.27922], [25.0177, 60.2794], [25.01807, 60.27973], [25.01797, 60.27975], [25.01789, 60.2799], [25.01691, 60.28018], [25.01685, 60.28018], [25.01677, 60.28016]]]}}, {"type": "Feature", "properties": {"area_ha": 0.034, "dist_km": 1.379, "node": "Tapanila", "node_mw": 45, "osm_id": 47918679, "anchor_kind": "demand"}, "geometry": {"type": "Polygon", "coordinates": [[[25.03449, 60.28246], [25.03452, 60.28247], [25.03418, 60.28269], [25.03398, 60.28261], [25.03416, 60.2825], [25.03449, 60.28246]]]}}, {"type": "Feature", "properties": {"area_ha": 0.036, "dist_km": 1.354, "node": "Tapanila", "node_mw": 45, "osm_id": 47918680, "anchor_kind": "demand"}, "geometry": {"type": "Polygon", "coordinates": [[[25.03356, 60.28261], [25.0339, 60.28274], [25.03373, 60.28285], [25.03339, 60.28271], [25.03356, 60.28261]]]}}, {"type": "Feature", "properties": {"area_ha": 0.09, "dist_km": 1.366, "node": "Ilmalantori", "node_mw": 27, "osm_id": 57940974, "anchor_kind": "demand"}, "geometry": {"type": "Polygon", "coordinates": [[[24.93693, 60.21929], [24.93743, 60.21931], [24.93769, 60.21932], [24.93771, 60.21925], [24.93777, 60.21925], [24.93778, 60.21919], [24.93771, 60.21919], [24.93772, 60.21914], [24.93698, 60.2191], [24.93697, 60.21916], [24.93691, 60.21915], [24.9369, 60.21923], [24.93694, 60.21923], [24.93693, 60.21929]]]}}, {"type": "Feature", "properties": {"area_ha": 0.062, "dist_km": 2.657, "node": "Tapanila", "node_mw": 45, "osm_id": 59165563, "anchor_kind": "demand"}, "geometry": {"type": "Polygon", "coordinates": [[[24.99315, 60.3003], [24.99365, 60.30036], [24.99366, 60.30035], [24.99383, 60.30037], [24.99386, 60.30031], [24.99369, 60.30029], [24.99374, 60.3002], [24.99323, 60.30013], [24.99315, 60.3003]]]}}, {"type": "Feature", "properties": {"area_ha": 0.14, "dist_km": 3.03, "node": "Tapanila", "node_mw": 45, "osm_id": 59165568, "anchor_kind": "demand"}, "geometry": {"type": "Polygon", "coordinates": [[[24.98777, 60.30282], [24.98803, 60.30283], [24.98802, 60.30296], [24.98829, 60.30297], [24.98832, 60.30247], [24.98779, 60.30247], [24.98777, 60.30282]]]}}, {"type": "Feature", "properties": {"area_ha": 0.037, "dist_km": 0.261, "node": "Suurmetsä", "node_mw": 22, "osm_id": 60706680, "anchor_kind": "demand"}, "geometry": {"type": "Polygon", "coordinates": [[[25.0538, 60.26135], [25.05436, 60.26142], [25.05442, 60.26132], [25.05385, 60.26125], [25.0538, 60.26135]]]}}, {"type": "Feature", "properties": {"area_ha": 0.062, "dist_km": 0.266, "node": "Suurmetsä", "node_mw": 22, "osm_id": 60706708, "anchor_kind": "demand"}, "geometry": {"type": "Polygon", "coordinates": [[[25.05464, 60.26191], [25.0554, 60.26201], [25.05547, 60.26188], [25.0547, 60.26178], [25.05464, 60.26191]]]}}, {"type": "Feature", "properties": {"area_ha": 0.107, "dist_km": 0.291, "node": "Suurmetsä", "node_mw": 22, "osm_id": 60706710, "anchor_kind": "demand"}, "geometry": {"type": "Polygon", "coordinates": [[[25.05451, 60.26219], [25.05531, 60.2623], [25.05543, 60.2621], [25.05461, 60.26199], [25.05451, 60.26219]]]}}, {"type": "Feature", "properties": {"area_ha": 0.067, "dist_km": 1.523, "node": "Ilmalantori", "node_mw": 27, "osm_id": 60797334, "anchor_kind": "demand"}, "geometry": {"type": "Polygon", "coordinates": [[[24.94023, 60.21932], [24.94051, 60.21941], [24.94086, 60.21914], [24.94058, 60.21905], [24.94023, 60.21932]]]}}, {"type": "Feature", "properties": {"area_ha": 0.155, "dist_km": 1.956, "node": "Suurmetsä", "node_mw": 22, "osm_id": 78322457, "anchor_kind": "demand"}, "geometry": {"type": "Polygon", "coordinates": [[[25.02482, 60.25317], [25.02491, 60.25338], [25.02504, 60.25342], [25.02507, 60.2534], [25.02508, 60.25342], [25.02584, 60.25334], [25.02572, 60.25307], [25.02482, 60.25317]]]}}, {"type": "Feature", "properties": {"area_ha": 0.032, "dist_km": 2.641, "node": "Ilmalantori", "node_mw": 27, "osm_id": 89807179, "anchor_kind": "demand"}, "geometry": {"type": "Polygon", "coordinates": [[[24.9174, 60.2369], [24.91723, 60.23687], [24.91731, 60.23672], [24.91726, 60.23672], [24.91731, 60.23662], [24.91753, 60.23665], [24.9174, 60.2369]]]}}, {"type": "Feature", "properties": {"area_ha": 0.849, "dist_km": 2.053, "node": "Tapanila", "node_mw": 45, "osm_id": 90155336, "anchor_kind": "demand"}, "geometry": {"type": "Polygon", "coordinates": [[[24.97529, 60.28534], [24.97526, 60.28482], [24.97813, 60.28478], [24.97815, 60.2853], [24.9772, 60.28532], [24.97719, 60.28512], [24.97662, 60.28513], [24.97663, 60.28532], [24.97559, 60.28534], [24.97529, 60.28534]]]}}, {"type": "Feature", "properties": {"area_ha": 0.321, "dist_km": 2.615, "node": "Kluuvi", "node_mw": 24, "osm_id": 95560982, "anchor_kind": "demand"}, "geometry": {"type": "Polygon", "coordinates": [[[24.94966, 60.1926], [24.95026, 60.19234], [24.94941, 60.19185], [24.9488, 60.1921], [24.94966, 60.1926]]]}}, {"type": "Feature", "properties": {"area_ha": 0.074, "dist_km": 2.63, "node": "Kluuvi", "node_mw": 24, "osm_id": 95570765, "anchor_kind": "demand"}, "geometry": {"type": "Polygon", "coordinates": [[[24.94712, 60.19269], [24.94745, 60.19256], [24.94739, 60.19252], [24.94748, 60.19249], [24.94753, 60.19246], [24.9477, 60.1924], [24.94754, 60.1923], [24.94722, 60.19243], [24.94691, 60.19255], [24.94698, 60.1926], [24.94712, 60.19269]]]}}, {"type": "Feature", "properties": {"area_ha": 0.214, "dist_km": 2.683, "node": "Kluuvi", "node_mw": 24, "osm_id": 95570781, "anchor_kind": "demand"}, "geometry": {"type": "Polygon", "coordinates": [[[24.94812, 60.19324], [24.94871, 60.19301], [24.94862, 60.19295], [24.94874, 60.19291], [24.94867, 60.19286], [24.94854, 60.19291], [24.94825, 60.19273], [24.94813, 60.19266], [24.94806, 60.19269], [24.9479, 60.19275], [24.94755, 60.1929], [24.94789, 60.19311], [24.9479, 60.19312], [24.94797, 60.19316], [24.94812, 60.19324]]]}}, {"type": "Feature", "properties": {"area_ha": 0.028, "dist_km": 1.876, "node": "Ilmalantori", "node_mw": 27, "osm_id": 96969903, "anchor_kind": "demand"}, "geometry": {"type": "Polygon", "coordinates": [[[24.94176, 60.22389], [24.94212, 60.22394], [24.94215, 60.22387], [24.94219, 60.22388], [24.94224, 60.22378], [24.94211, 60.22377], [24.94208, 60.22383], [24.9418, 60.2238], [24.94179, 60.22383], [24.94176, 60.22389]]]}}, {"type": "Feature", "properties": {"area_ha": 0.229, "dist_km": 0.99, "node": "Pitäjänmäki E", "node_mw": 23, "osm_id": 126560938, "anchor_kind": "demand"}, "geometry": {"type": "Polygon", "coordinates": [[[24.87315, 60.21783], [24.87304, 60.21787], [24.8728, 60.21769], [24.87311, 60.21758], [24.87308, 60.21756], [24.87333, 60.21748], [24.87422, 60.21812], [24.87398, 60.2182], [24.8739, 60.21815], [24.87381, 60.21818], [24.87327, 60.21779], [24.87315, 60.21783]]]}}, {"type": "Feature", "properties": {"area_ha": 0.1, "dist_km": 2.627, "node": "Kluuvi", "node_mw": 24, "osm_id": 127951993, "anchor_kind": "demand"}, "geometry": {"type": "Polygon", "coordinates": [[[24.91671, 60.1893], [24.91681, 60.18923], [24.91719, 60.18897], [24.91699, 60.18889], [24.91701, 60.18887], [24.91677, 60.18879], [24.91674, 60.18881], [24.9166, 60.1889], [24.91678, 60.18897], [24.91676, 60.18898], [24.9168, 60.189], [24.91654, 60.18917], [24.91649, 60.18915], [24.91643, 60.1892], [24.91671, 60.1893]]]}}, {"type": "Feature", "properties": {"area_ha": 0.073, "dist_km": 2.432, "node": "Tapanila", "node_mw": 45, "osm_id": 136097655, "anchor_kind": "demand"}, "geometry": {"type": "Polygon", "coordinates": [[[24.99743, 60.2988], [24.99738, 60.2988], [24.99732, 60.29903], [24.99763, 60.29905], [24.99774, 60.29865], [24.99747, 60.29864], [24.99743, 60.2988]]]}}, {"type": "Feature", "properties": {"area_ha": 0.07, "dist_km": 2.626, "node": "Tapanila", "node_mw": 45, "osm_id": 136098861, "anchor_kind": "demand"}, "geometry": {"type": "Polygon", "coordinates": [[[24.99844, 60.30064], [24.99822, 60.3008], [24.99873, 60.30097], [24.99894, 60.30081], [24.99844, 60.30064]]]}}, {"type": "Feature", "properties": {"area_ha": 0.065, "dist_km": 1.657, "node": "Ilmalantori", "node_mw": 27, "osm_id": 138350799, "anchor_kind": "demand"}, "geometry": {"type": "Polygon", "coordinates": [[[24.94173, 60.22094], [24.94167, 60.22099], [24.94173, 60.22101], [24.94167, 60.22105], [24.94161, 60.22103], [24.94154, 60.22109], [24.94107, 60.22093], [24.94114, 60.22087], [24.94108, 60.22085], [24.94113, 60.22081], [24.94119, 60.22084], [24.94126, 60.22079], [24.94173, 60.22094]]]}}, {"type": "Feature", "properties": {"area_ha": 6.246, "dist_km": 0.986, "node": "Ilmalantori", "node_mw": 27, "osm_id": 138669855, "anchor_kind": "demand"}, "geometry": {"type": "Polygon", "coordinates": [[[24.90369, 60.20786], [24.90375, 60.20785], [24.90407, 60.20785], [24.90474, 60.20769], [24.90483, 60.20767], [24.90499, 60.20762], [24.90513, 60.20758], [24.90525, 60.20753], [24.90538, 60.20749], [24.90539, 60.20748], [24.9054, 60.20741], [24.90541, 60.20739], [24.90544, 60.20737], [24.90547, 60.20734], [24.90573, 60.20722], [24.90593, 60.20708], [24.906, 60.20705], [24.90607, 60.20704], [24.90613, 60.20703], [24.90619, 60.20702], [24.90624, 60.20703], [24.9063, 60.20704], [24.90635, 60.20705], [24.90633, 60.20697], [24.90623, 60.20668], [24.90613, 60.20641], [24.90604, 60.20616], [24.90597, 60.20598], [24.90594, 60.20589], [24.90593, 60.20587], [24.90463, 60.20589], [24.9029, 60.20592], [24.90261, 60.20592], [24.90154, 60.20537], [24.90047, 60.20482], [24.90046, 60.20484], [24.90045, 60.20486], [24.90044, 60.20501], [24.90044, 60.20505], [24.90046, 60.20514], [24.90045, 60.20519], [24.90046, 60.20523], [24.90047, 60.20532], [24.90048, 60.20542], [24.9005, 60.20559], [24.90089, 60.20579], [24.90106, 60.20587], [24.90101, 60.20591], [24.90102, 60.20597], [24.90102, 60.20606], [24.90105, 60.20632], [24.90113, 60.20747], [24.90114, 60.2075], [24.90116, 60.20752], [24.90118, 60.20754], [24.90121, 60.20755], [24.90128, 60.20758], [24.90157, 60.20765], [24.90169, 60.20775], [24.90172, 60.20783], [24.90182, 60.20788], [24.90289, 60.2079], [24.90305, 60.2079], [24.90312, 60.2079], [24.90318, 60.2079], [24.90325, 60.2079], [24.90364, 60.20786], [24.90369, 60.20786]]]}}, {"type": "Feature", "properties": {"area_ha": 0.613, "dist_km": 0.797, "node": "Ilmalantori", "node_mw": 27, "osm_id": 138669856, "anchor_kind": "demand"}, "geometry": {"type": "Polygon", "coordinates": [[[24.90548, 60.20766], [24.90557, 60.20771], [24.90553, 60.20773], [24.90591, 60.20792], [24.90616, 60.20794], [24.90679, 60.20801], [24.90759, 60.2077], [24.90672, 60.20716], [24.90548, 60.20766]]]}}, {"type": "Feature", "properties": {"area_ha": 2.222, "dist_km": 2.729, "node": "Kluuvi", "node_mw": 24, "osm_id": 139189586, "anchor_kind": "demand"}, "geometry": {"type": "Polygon", "coordinates": [[[24.94772, 60.19338], [24.94752, 60.19327], [24.94695, 60.19291], [24.94666, 60.19273], [24.94654, 60.19266], [24.94648, 60.19263], [24.94567, 60.19296], [24.94562, 60.19292], [24.94537, 60.19302], [24.94542, 60.19306], [24.94507, 60.1932], [24.94521, 60.19328], [24.94625, 60.19392], [24.94591, 60.19405], [24.94586, 60.19402], [24.94488, 60.19342], [24.94482, 60.19338], [24.94419, 60.19363], [24.94523, 60.19427], [24.9453, 60.19431], [24.94529, 60.19431], [24.94577, 60.19461], [24.94821, 60.19363], [24.94792, 60.19345], [24.94777, 60.19336], [24.94772, 60.19338]]]}}, {"type": "Feature", "properties": {"area_ha": 0.076, "dist_km": 1.821, "node": "Tapanila", "node_mw": 45, "osm_id": 140403476, "anchor_kind": "demand"}, "geometry": {"type": "Polygon", "coordinates": [[[24.99911, 60.29313], [24.99822, 60.29312], [24.99822, 60.29326], [24.9991, 60.29326], [24.99911, 60.29313]]]}}, {"type": "Feature", "properties": {"area_ha": 0.078, "dist_km": 1.853, "node": "Tapanila", "node_mw": 45, "osm_id": 140403481, "anchor_kind": "demand"}, "geometry": {"type": "Polygon", "coordinates": [[[24.9989, 60.29362], [24.99808, 60.29347], [24.99818, 60.29334], [24.999, 60.29348], [24.9989, 60.29362]]]}}, {"type": "Feature", "properties": {"area_ha": 0.056, "dist_km": 1.9, "node": "Tapanila", "node_mw": 45, "osm_id": 140403483, "anchor_kind": "demand"}, "geometry": {"type": "Polygon", "coordinates": [[[24.99881, 60.2941], [24.99835, 60.29405], [24.99837, 60.29401], [24.99831, 60.294], [24.99835, 60.29389], [24.99842, 60.29389], [24.99842, 60.29388], [24.99875, 60.29391], [24.99876, 60.29389], [24.99884, 60.29389], [24.99883, 60.29392], [24.99887, 60.29392], [24.99881, 60.2941]]]}}, {"type": "Feature", "properties": {"area_ha": 0.76, "dist_km": 2.437, "node": "Ilmalantori", "node_mw": 27, "osm_id": 140862704, "anchor_kind": "demand"}, "geometry": {"type": "Polygon", "coordinates": [[[24.94641, 60.19696], [24.94601, 60.19716], [24.94609, 60.1972], [24.94657, 60.19746], [24.9466, 60.19748], [24.94718, 60.19779], [24.94738, 60.1979], [24.94758, 60.19801], [24.94777, 60.19812], [24.94777, 60.19812], [24.94797, 60.19804], [24.94798, 60.19803], [24.94818, 60.19795], [24.94831, 60.19789], [24.94807, 60.19766], [24.94802, 60.19761], [24.94789, 60.19747], [24.94788, 60.19746], [24.94779, 60.19738], [24.94747, 60.19705], [24.94641, 60.19696]]]}}, {"type": "Feature", "properties": {"area_ha": 1.09, "dist_km": 2.443, "node": "Ilmalantori", "node_mw": 27, "osm_id": 140862721, "anchor_kind": "demand"}, "geometry": {"type": "Polygon", "coordinates": [[[24.94398, 60.19622], [24.94388, 60.1965], [24.94383, 60.19664], [24.94405, 60.19666], [24.9443, 60.19669], [24.94461, 60.19673], [24.94486, 60.19678], [24.94514, 60.19685], [24.94544, 60.19694], [24.94552, 60.19696], [24.94585, 60.19709], [24.94593, 60.19713], [24.94602, 60.19708], [24.94624, 60.19697], [24.94635, 60.19691], [24.94638, 60.19689], [24.94699, 60.19695], [24.94702, 60.19695], [24.94736, 60.19699], [24.94745, 60.19654], [24.94676, 60.19648], [24.9466, 60.19647], [24.94654, 60.19646], [24.94639, 60.19645], [24.94565, 60.19638], [24.9456, 60.19637], [24.94551, 60.19636], [24.945, 60.19632], [24.94476, 60.1963], [24.9443, 60.19625], [24.94424, 60.19625], [24.94398, 60.19622]]]}}, {"type": "Feature", "properties": {"area_ha": 0.027, "dist_km": 1.176, "node": "Tapanila", "node_mw": 45, "osm_id": 163962554, "anchor_kind": "demand"}, "geometry": {"type": "Polygon", "coordinates": [[[24.99175, 60.27322], [24.99211, 60.27327], [24.99204, 60.27338], [24.99168, 60.27333], [24.99175, 60.27322]]]}}, {"type": "Feature", "properties": {"area_ha": 0.039, "dist_km": 0.634, "node": "Ilmalantori", "node_mw": 27, "osm_id": 177159977, "anchor_kind": "demand"}, "geometry": {"type": "Polygon", "coordinates": [[[24.92534, 60.20949], [24.92526, 60.2095], [24.92521, 60.2095], [24.9252, 60.20945], [24.92511, 60.20946], [24.92517, 60.20976], [24.92522, 60.20976], [24.92522, 60.20978], [24.92531, 60.20977], [24.92539, 60.20977], [24.92534, 60.20949]]]}}, {"type": "Feature", "properties": {"area_ha": 1.581, "dist_km": 0.712, "node": "Ilmalantori", "node_mw": 27, "osm_id": 177159980, "anchor_kind": "demand"}, "geometry": {"type": "Polygon", "coordinates": [[[24.9276, 60.20983], [24.92751, 60.20984], [24.92736, 60.20986], [24.92725, 60.20987], [24.92938, 60.21368], [24.92949, 60.21366], [24.92964, 60.21364], [24.92979, 60.21362], [24.92994, 60.2136], [24.93006, 60.21358], [24.92827, 60.21039], [24.92815, 60.2104], [24.928, 60.21042], [24.92794, 60.21043], [24.9276, 60.20983]]]}}, {"type": "Feature", "properties": {"area_ha": 0.642, "dist_km": 1.047, "node": "Ilmalantori", "node_mw": 27, "osm_id": 177387882, "anchor_kind": "demand"}, "geometry": {"type": "Polygon", "coordinates": [[[24.90246, 60.20616], [24.90177, 60.20617], [24.90159, 60.20617], [24.90167, 60.20738], [24.90254, 60.20737], [24.90246, 60.20616]]]}}, {"type": "Feature", "properties": {"area_ha": 0.127, "dist_km": 0.316, "node": "Suurmetsä", "node_mw": 22, "osm_id": 177808354, "anchor_kind": "demand"}, "geometry": {"type": "Polygon", "coordinates": [[[25.05396, 60.26209], [25.05415, 60.26171], [25.0536, 60.26164], [25.05343, 60.26197], [25.0537, 60.262], [25.05367, 60.26205], [25.05396, 60.26209]]]}}, {"type": "Feature", "properties": {"area_ha": 0.015, "dist_km": 2.456, "node": "Tapanila", "node_mw": 45, "osm_id": 178818961, "anchor_kind": "demand"}, "geometry": {"type": "Polygon", "coordinates": [[[25.05225, 60.28652], [25.05203, 60.28641], [25.05192, 60.28647], [25.05215, 60.28658], [25.05224, 60.28653], [25.05225, 60.28652]]]}}, {"type": "Feature", "properties": {"area_ha": 0.021, "dist_km": 2.637, "node": "Tapanila", "node_mw": 45, "osm_id": 178983132, "anchor_kind": "demand"}, "geometry": {"type": "Polygon", "coordinates": [[[25.00944, 60.3018], [25.00962, 60.30179], [25.00958, 60.30161], [25.00939, 60.30162], [25.00944, 60.3018]]]}}, {"type": "Feature", "properties": {"area_ha": 0.055, "dist_km": 2.669, "node": "Tapanila", "node_mw": 45, "osm_id": 178983134, "anchor_kind": "demand"}, "geometry": {"type": "Polygon", "coordinates": [[[25.00962, 60.30194], [25.0096, 60.30194], [25.00936, 60.30184], [25.00903, 60.30206], [25.00929, 60.30216], [25.00962, 60.30194]]]}}, {"type": "Feature", "properties": {"area_ha": 0.06, "dist_km": 2.702, "node": "Tapanila", "node_mw": 45, "osm_id": 178983136, "anchor_kind": "demand"}, "geometry": {"type": "Polygon", "coordinates": [[[25.00926, 60.30223], [25.00921, 60.30221], [25.00899, 60.30213], [25.00864, 60.30236], [25.0089, 60.30246], [25.00926, 60.30223]]]}}, {"type": "Feature", "properties": {"area_ha": 0.069, "dist_km": 2.736, "node": "Tapanila", "node_mw": 45, "osm_id": 178983138, "anchor_kind": "demand"}, "geometry": {"type": "Polygon", "coordinates": [[[25.00891, 60.30261], [25.00884, 60.30255], [25.00888, 60.30253], [25.00884, 60.30251], [25.00881, 60.30252], [25.00874, 60.30247], [25.00817, 60.30264], [25.00835, 60.30278], [25.00891, 60.30261]]]}}, {"type": "Feature", "properties": {"area_ha": 0.041, "dist_km": 2.634, "node": "Tapanila", "node_mw": 45, "osm_id": 178983142, "anchor_kind": "demand"}, "geometry": {"type": "Polygon", "coordinates": [[[25.00883, 60.30173], [25.00825, 60.30151], [25.00814, 60.30159], [25.00872, 60.3018], [25.00883, 60.30173]]]}}, {"type": "Feature", "properties": {"area_ha": 0.069, "dist_km": 2.733, "node": "Tapanila", "node_mw": 45, "osm_id": 178983143, "anchor_kind": "demand"}, "geometry": {"type": "Polygon", "coordinates": [[[25.00759, 60.30257], [25.007, 60.30234], [25.00681, 60.30245], [25.00741, 60.30268], [25.00759, 60.30257]]]}}, {"type": "Feature", "properties": {"area_ha": 0.069, "dist_km": 2.679, "node": "Tapanila", "node_mw": 45, "osm_id": 178983144, "anchor_kind": "demand"}, "geometry": {"type": "Polygon", "coordinates": [[[25.00826, 60.3021], [25.00768, 60.30187], [25.00749, 60.30199], [25.00807, 60.30222], [25.00826, 60.3021]]]}}, {"type": "Feature", "properties": {"area_ha": 0.045, "dist_km": 2.059, "node": "Tapanila", "node_mw": 45, "osm_id": 183506362, "anchor_kind": "demand"}, "geometry": {"type": "Polygon", "coordinates": [[[24.99094, 60.29369], [24.99106, 60.29354], [24.99063, 60.29346], [24.99051, 60.29361], [24.99094, 60.29369]]]}}, {"type": "Feature", "properties": {"area_ha": 0.901, "dist_km": 1.655, "node": "Tapanila", "node_mw": 45, "osm_id": 204685039, "anchor_kind": "demand"}, "geometry": {"type": "Polygon", "coordinates": [[[24.99301, 60.29062], [24.99444, 60.29056], [24.99451, 60.29095], [24.99495, 60.29093], [24.99488, 60.29054], [24.99501, 60.29054], [24.99499, 60.29046], [24.99528, 60.29044], [24.99521, 60.29], [24.9952, 60.28995], [24.99291, 60.29005], [24.99301, 60.29062]]]}}, {"type": "Feature", "properties": {"area_ha": 0.315, "dist_km": 1.748, "node": "Tapanila", "node_mw": 45, "osm_id": 204685049, "anchor_kind": "demand"}, "geometry": {"type": "Polygon", "coordinates": [[[24.99554, 60.29133], [24.99445, 60.29138], [24.99452, 60.29186], [24.99551, 60.29182], [24.99549, 60.29168], [24.99559, 60.29167], [24.99554, 60.29133]]]}}, {"type": "Feature", "properties": {"area_ha": 0.654, "dist_km": 1.746, "node": "Tapanila", "node_mw": 45, "osm_id": 204685055, "anchor_kind": "demand"}, "geometry": {"type": "Polygon", "coordinates": [[[24.99239, 60.29009], [24.99129, 60.29013], [24.99144, 60.29112], [24.99255, 60.29108], [24.9925, 60.29078], [24.99239, 60.29078], [24.99234, 60.29051], [24.99245, 60.2905], [24.99239, 60.29009]]]}}, {"type": "Feature", "properties": {"area_ha": 1.061, "dist_km": 2.426, "node": "Tapanila", "node_mw": 45, "osm_id": 207477407, "anchor_kind": "demand"}, "geometry": {"type": "Polygon", "coordinates": [[[24.98121, 60.29398], [24.98125, 60.2939], [24.98126, 60.29381], [24.98124, 60.29373], [24.9812, 60.29367], [24.98114, 60.29359], [24.98106, 60.29353], [24.98102, 60.29353], [24.98077, 60.29333], [24.98046, 60.29339], [24.98045, 60.29336], [24.97969, 60.29318], [24.9795, 60.29321], [24.97942, 60.29309], [24.97863, 60.29323], [24.97893, 60.29366], [24.97941, 60.29358], [24.9797, 60.29399], [24.97922, 60.29408], [24.97937, 60.2943], [24.98121, 60.29398]]]}}, {"type": "Feature", "properties": {"area_ha": 0.056, "dist_km": 2.753, "node": "Tapanila", "node_mw": 45, "osm_id": 207573617, "anchor_kind": "demand"}, "geometry": {"type": "Polygon", "coordinates": [[[24.99386, 60.30121], [24.99381, 60.30133], [24.99451, 60.30142], [24.99457, 60.30129], [24.99386, 60.30121]]]}}, {"type": "Feature", "properties": {"area_ha": 0.119, "dist_km": 2.141, "node": "Tapanila", "node_mw": 45, "osm_id": 207573619, "anchor_kind": "demand"}, "geometry": {"type": "Polygon", "coordinates": [[[24.99591, 60.29567], [24.99581, 60.29583], [24.99694, 60.29601], [24.99704, 60.29586], [24.99591, 60.29567]]]}}, {"type": "Feature", "properties": {"area_ha": 0.054, "dist_km": 1.932, "node": "Tapanila", "node_mw": 45, "osm_id": 207573624, "anchor_kind": "demand"}, "geometry": {"type": "Polygon", "coordinates": [[[24.99887, 60.29419], [24.99835, 60.29414], [24.99828, 60.2943], [24.9988, 60.29435], [24.99887, 60.29419]]]}}, {"type": "Feature", "properties": {"area_ha": 0.069, "dist_km": 2.637, "node": "Tapanila", "node_mw": 45, "osm_id": 207573626, "anchor_kind": "demand"}, "geometry": {"type": "Polygon", "coordinates": [[[24.9952, 60.30035], [24.99514, 60.30047], [24.99599, 60.30057], [24.99601, 60.30055], [24.99604, 60.30055], [24.99607, 60.30049], [24.99604, 60.30048], [24.99605, 60.30045], [24.9952, 60.30035]]]}}, {"type": "Feature", "properties": {"area_ha": 0.128, "dist_km": 2.595, "node": "Tapanila", "node_mw": 45, "osm_id": 207573629, "anchor_kind": "demand"}, "geometry": {"type": "Polygon", "coordinates": [[[24.99353, 60.29955], [24.99329, 60.30005], [24.99368, 60.3001], [24.99393, 60.2996], [24.99365, 60.29957], [24.99366, 60.29954], [24.99361, 60.29953], [24.9936, 60.29956], [24.99353, 60.29955]]]}}, {"type": "Feature", "properties": {"area_ha": 0.036, "dist_km": 2.593, "node": "Tapanila", "node_mw": 45, "osm_id": 207573630, "anchor_kind": "demand"}, "geometry": {"type": "Polygon", "coordinates": [[[24.99572, 60.30003], [24.99566, 60.30015], [24.99614, 60.3002], [24.99619, 60.3001], [24.99613, 60.3001], [24.99613, 60.30009], [24.99605, 60.30008], [24.99606, 60.30007], [24.99572, 60.30003]]]}}, {"type": "Feature", "properties": {"area_ha": 0.059, "dist_km": 2.859, "node": "Tapanila", "node_mw": 45, "osm_id": 218598304, "anchor_kind": "demand"}, "geometry": {"type": "Polygon", "coordinates": [[[24.99947, 60.30292], [24.99982, 60.303], [24.99968, 60.30317], [24.99963, 60.30323], [24.99927, 60.30316], [24.99941, 60.30299], [24.99947, 60.30292]]]}}, {"type": "Feature", "properties": {"area_ha": 0.103, "dist_km": 2.807, "node": "Tapanila", "node_mw": 45, "osm_id": 218598306, "anchor_kind": "demand"}, "geometry": {"type": "Polygon", "coordinates": [[[25.00081, 60.30283], [25.00116, 60.30259], [25.00146, 60.3027], [25.00162, 60.30276], [25.00128, 60.303], [25.00081, 60.30283]]]}}, {"type": "Feature", "properties": {"area_ha": 0.194, "dist_km": 2.762, "node": "Tapanila", "node_mw": 45, "osm_id": 218598307, "anchor_kind": "demand"}, "geometry": {"type": "Polygon", "coordinates": [[[25.0014, 60.30246], [25.00188, 60.30214], [25.00251, 60.30236], [25.00241, 60.30243], [25.00217, 60.3026], [25.00203, 60.30269], [25.0014, 60.30246]]]}}, {"type": "Feature", "properties": {"area_ha": 0.197, "dist_km": 2.78, "node": "Tapanila", "node_mw": 45, "osm_id": 218598309, "anchor_kind": "demand"}, "geometry": {"type": "Polygon", "coordinates": [[[25.00041, 60.30214], [25.00107, 60.30236], [25.00091, 60.30249], [25.00072, 60.30262], [25.00062, 60.30269], [24.99996, 60.30248], [25.00041, 60.30214]]]}}, {"type": "Feature", "properties": {"area_ha": 0.198, "dist_km": 2.831, "node": "Tapanila", "node_mw": 45, "osm_id": 218598310, "anchor_kind": "demand"}, "geometry": {"type": "Polygon", "coordinates": [[[25.00138, 60.30317], [25.00183, 60.30285], [25.00207, 60.30293], [25.00228, 60.303], [25.0025, 60.30307], [25.00205, 60.3034], [25.00138, 60.30317]]]}}, {"type": "Feature", "properties": {"area_ha": 0.118, "dist_km": 2.982, "node": "Tapanila", "node_mw": 45, "osm_id": 218598467, "anchor_kind": "demand"}, "geometry": {"type": "Polygon", "coordinates": [[[24.99403, 60.30314], [24.99423, 60.30325], [24.99408, 60.30346], [24.99448, 60.30372], [24.99425, 60.30382], [24.99376, 60.3035], [24.99403, 60.30314]]]}}, {"type": "Feature", "properties": {"area_ha": 0.523, "dist_km": 1.724, "node": "Tapanila", "node_mw": 45, "osm_id": 248635221, "anchor_kind": "demand"}, "geometry": {"type": "Polygon", "coordinates": [[[24.99995, 60.29291], [25.00004, 60.29292], [25.00228, 60.29299], [25.00232, 60.29265], [25.00199, 60.29264], [25.002, 60.29258], [25.0009, 60.29254], [25.00089, 60.29261], [24.99999, 60.29258], [24.99995, 60.29291]]]}}, {"type": "Feature", "properties": {"area_ha": 0.533, "dist_km": 1.749, "node": "Suurmetsä", "node_mw": 22, "osm_id": 265353076, "anchor_kind": "demand"}, "geometry": {"type": "Polygon", "coordinates": [[[25.02623, 60.26116], [25.02652, 60.26137], [25.02678, 60.26165], [25.02729, 60.26204], [25.02736, 60.26206], [25.02712, 60.26212], [25.02708, 60.26213], [25.02704, 60.26213], [25.02679, 60.26208], [25.02665, 60.26204], [25.02644, 60.26197], [25.02639, 60.262], [25.02613, 60.26188], [25.02563, 60.26165], [25.02522, 60.26147], [25.02528, 60.26145], [25.02623, 60.26116]]]}}, {"type": "Feature", "properties": {"area_ha": 0.495, "dist_km": 2.489, "node": "Tapanila", "node_mw": 45, "osm_id": 320919398, "anchor_kind": "demand"}, "geometry": {"type": "Polygon", "coordinates": [[[24.99571, 60.29867], [24.99563, 60.29885], [24.9951, 60.29878], [24.99499, 60.29899], [24.99485, 60.29897], [24.99479, 60.2991], [24.99494, 60.29916], [24.99543, 60.29922], [24.9954, 60.2993], [24.99627, 60.29941], [24.99626, 60.29942], [24.99629, 60.29943], [24.9963, 60.29941], [24.99648, 60.29943], [24.99663, 60.29913], [24.99615, 60.29908], [24.99634, 60.2987], [24.99593, 60.29865], [24.99591, 60.2987], [24.99571, 60.29867]]]}}, {"type": "Feature", "properties": {"area_ha": 0.123, "dist_km": 1.536, "node": "Tapanila", "node_mw": 45, "osm_id": 320919403, "anchor_kind": "demand"}, "geometry": {"type": "Polygon", "coordinates": [[[25.00814, 60.29188], [25.00913, 60.29189], [25.00913, 60.29183], [25.00919, 60.29183], [25.00919, 60.2917], [25.00837, 60.2917], [25.00837, 60.29164], [25.00814, 60.29164], [25.00814, 60.29188]]]}}, {"type": "Feature", "properties": {"area_ha": 0.018, "dist_km": 1.147, "node": "Tapanila", "node_mw": 45, "osm_id": 320919456, "anchor_kind": "demand"}, "geometry": {"type": "Polygon", "coordinates": [[[25.00374, 60.28759], [25.00356, 60.28757], [25.00341, 60.28759], [25.00338, 60.28766], [25.00352, 60.28767], [25.00353, 60.28766], [25.0037, 60.28768], [25.00374, 60.28759]]]}}, {"type": "Feature", "properties": {"area_ha": 0.339, "dist_km": 1.662, "node": "Tapanila", "node_mw": 45, "osm_id": 320919837, "anchor_kind": "demand"}, "geometry": {"type": "Polygon", "coordinates": [[[25.00309, 60.29264], [25.0031, 60.29257], [25.00284, 60.29256], [25.00286, 60.29236], [25.0036, 60.29239], [25.00361, 60.29234], [25.00481, 60.29238], [25.00477, 60.29269], [25.00309, 60.29264]]]}}, {"type": "Feature", "properties": {"area_ha": 0.251, "dist_km": 1.711, "node": "Tapanila", "node_mw": 45, "osm_id": 320919984, "anchor_kind": "demand"}, "geometry": {"type": "Polygon", "coordinates": [[[25.00292, 60.29304], [25.00472, 60.2931], [25.00475, 60.29287], [25.00307, 60.29281], [25.00306, 60.2929], [25.00294, 60.2929], [25.00292, 60.29304]]]}}, {"type": "Feature", "properties": {"area_ha": 0.251, "dist_km": 1.753, "node": "Tapanila", "node_mw": 45, "osm_id": 320920022, "anchor_kind": "demand"}, "geometry": {"type": "Polygon", "coordinates": [[[25.00287, 60.29343], [25.00467, 60.29349], [25.0047, 60.29325], [25.00302, 60.2932], [25.00301, 60.29329], [25.00289, 60.29329], [25.00287, 60.29343]]]}}, {"type": "Feature", "properties": {"area_ha": 0.251, "dist_km": 1.795, "node": "Tapanila", "node_mw": 45, "osm_id": 320920063, "anchor_kind": "demand"}, "geometry": {"type": "Polygon", "coordinates": [[[25.00282, 60.29381], [25.00462, 60.29387], [25.00465, 60.29364], [25.00297, 60.29359], [25.00296, 60.29368], [25.00284, 60.29367], [25.00282, 60.29381]]]}}, {"type": "Feature", "properties": {"area_ha": 0.183, "dist_km": 2.168, "node": "Tapanila", "node_mw": 45, "osm_id": 320920073, "anchor_kind": "demand"}, "geometry": {"type": "Polygon", "coordinates": [[[24.99719, 60.2961], [24.99814, 60.29626], [24.99794, 60.29654], [24.997, 60.29639], [24.99719, 60.2961]]]}}, {"type": "Feature", "properties": {"area_ha": 0.015, "dist_km": 2.244, "node": "Tapanila", "node_mw": 45, "osm_id": 320920199, "anchor_kind": "demand"}, "geometry": {"type": "Polygon", "coordinates": [[[25.01622, 60.29806], [25.01651, 60.298], [25.01645, 60.29793], [25.01617, 60.29799], [25.01619, 60.29802], [25.01615, 60.29803], [25.01618, 60.29807], [25.01622, 60.29806]]]}}, {"type": "Feature", "properties": {"area_ha": 0.006, "dist_km": 2.804, "node": "Tapanila", "node_mw": 45, "osm_id": 320920209, "anchor_kind": "demand"}, "geometry": {"type": "Polygon", "coordinates": [[[25.03017, 60.30131], [25.03023, 60.30138], [25.03016, 60.3014], [25.03015, 60.30138], [25.03008, 60.30139], [25.03004, 60.30134], [25.03017, 60.30131]]]}}, {"type": "Feature", "properties": {"area_ha": 0.004, "dist_km": 2.42, "node": "Tapanila", "node_mw": 45, "osm_id": 320920371, "anchor_kind": "demand"}, "geometry": {"type": "Polygon", "coordinates": [[[25.00265, 60.2994], [25.00267, 60.29934], [25.00258, 60.29933], [25.00256, 60.29939], [25.00265, 60.2994]]]}}, {"type": "Feature", "properties": {"area_ha": 0.005, "dist_km": 2.306, "node": "Tapanila", "node_mw": 45, "osm_id": 320920399, "anchor_kind": "demand"}, "geometry": {"type": "Polygon", "coordinates": [[[25.04769, 60.28791], [25.04762, 60.28795], [25.04772, 60.28799], [25.04779, 60.28794], [25.04769, 60.28791]]]}}, {"type": "Feature", "properties": {"area_ha": 0.013, "dist_km": 2.57, "node": "Tapanila", "node_mw": 45, "osm_id": 320920400, "anchor_kind": "demand"}, "geometry": {"type": "Polygon", "coordinates": [[[25.04947, 60.29095], [25.04961, 60.29102], [25.04976, 60.29095], [25.04962, 60.29088], [25.04947, 60.29095]]]}}, {"type": "Feature", "properties": {"area_ha": 0.138, "dist_km": 1.528, "node": "Tapanila", "node_mw": 45, "osm_id": 320920713, "anchor_kind": "demand"}, "geometry": {"type": "Polygon", "coordinates": [[[25.0231, 60.29049], [25.02416, 60.29026], [25.02417, 60.29024], [25.0241, 60.29016], [25.02414, 60.29015], [25.02411, 60.29011], [25.0241, 60.29011], [25.02406, 60.29011], [25.02405, 60.29011], [25.02367, 60.29019], [25.02369, 60.2902], [25.02321, 60.2903], [25.02315, 60.29022], [25.02298, 60.29025], [25.023, 60.29027], [25.02284, 60.2903], [25.02298, 60.29047], [25.0231, 60.29049]]]}}, {"type": "Feature", "properties": {"area_ha": 0.024, "dist_km": 1.13, "node": "Tapanila", "node_mw": 45, "osm_id": 320920800, "anchor_kind": "demand"}, "geometry": {"type": "Polygon", "coordinates": [[[25.00426, 60.2875], [25.00418, 60.28768], [25.00438, 60.28771], [25.00447, 60.28753], [25.00426, 60.2875]]]}}, {"type": "Feature", "properties": {"area_ha": 0.007, "dist_km": 2.414, "node": "Pukinmäki", "node_mw": 23, "osm_id": 320935266, "anchor_kind": "demand"}, "geometry": {"type": "Polygon", "coordinates": [[[24.96431, 60.28872], [24.96425, 60.28859], [24.96415, 60.2886], [24.96416, 60.28862], [24.96419, 60.28862], [24.96424, 60.28873], [24.96431, 60.28872]]]}}, {"type": "Feature", "properties": {"area_ha": 0.004, "dist_km": 2.47, "node": "Tapanila", "node_mw": 45, "osm_id": 320935300, "anchor_kind": "demand"}, "geometry": {"type": "Polygon", "coordinates": [[[24.97561, 60.29158], [24.97553, 60.29153], [24.9755, 60.29155], [24.97544, 60.29157], [24.97551, 60.29162], [24.97561, 60.29158]]]}}, {"type": "Feature", "properties": {"area_ha": 0.082, "dist_km": 2.742, "node": "Pukinmäki", "node_mw": 23, "osm_id": 320935334, "anchor_kind": "demand"}, "geometry": {"type": "Polygon", "coordinates": [[[24.96758, 60.29171], [24.96793, 60.29152], [24.96793, 60.29138], [24.96778, 60.29131], [24.96777, 60.29132], [24.9676, 60.29124], [24.96753, 60.29128], [24.96753, 60.29169], [24.96758, 60.29171]]]}}, {"type": "Feature", "properties": {"area_ha": 0.1, "dist_km": 2.913, "node": "Tapanila", "node_mw": 45, "osm_id": 320935344, "anchor_kind": "demand"}, "geometry": {"type": "Polygon", "coordinates": [[[24.99846, 60.30363], [24.99911, 60.30374], [24.99922, 60.30359], [24.9989, 60.30353], [24.9989, 60.30352], [24.99915, 60.30356], [24.99924, 60.30345], [24.9989, 60.30339], [24.99889, 60.30339], [24.99884, 60.30338], [24.99881, 60.30342], [24.99886, 60.30343], [24.99881, 60.3035], [24.99882, 60.3035], [24.99881, 60.30352], [24.99857, 60.30347], [24.99846, 60.30363]]]}}, {"type": "Feature", "properties": {"area_ha": 0.052, "dist_km": 1.798, "node": "Pukinmäki", "node_mw": 23, "osm_id": 320935829, "anchor_kind": "demand"}, "geometry": {"type": "Polygon", "coordinates": [[[24.96923, 60.28264], [24.96926, 60.28281], [24.96962, 60.28279], [24.96959, 60.28262], [24.9694, 60.28263], [24.96937, 60.28246], [24.96924, 60.28246], [24.96927, 60.28263], [24.96923, 60.28264]]]}}, {"type": "Feature", "properties": {"area_ha": 0.189, "dist_km": 2.868, "node": "Tapanila", "node_mw": 45, "osm_id": 320935879, "anchor_kind": "demand"}, "geometry": {"type": "Polygon", "coordinates": [[[24.97935, 60.29892], [24.98079, 60.29874], [24.98069, 60.29854], [24.97925, 60.29871], [24.97935, 60.29892]]]}}, {"type": "Feature", "properties": {"area_ha": 6.427, "dist_km": 1.547, "node": "Pitäjänmäki E", "node_mw": 23, "osm_id": 321211637, "anchor_kind": "demand"}, "geometry": {"type": "Polygon", "coordinates": [[[24.87622, 60.22348], [24.87615, 60.22337], [24.87584, 60.22292], [24.87583, 60.22291], [24.87582, 60.22289], [24.87545, 60.22237], [24.87541, 60.22235], [24.87479, 60.22238], [24.874, 60.2225], [24.8729, 60.22277], [24.87287, 60.22279], [24.87279, 60.22281], [24.87028, 60.2237], [24.86893, 60.22417], [24.86799, 60.2245], [24.86818, 60.22461], [24.8687, 60.22492], [24.86906, 60.22514], [24.86913, 60.22512], [24.86973, 60.2249], [24.8702, 60.22479], [24.87044, 60.22475], [24.87079, 60.22469], [24.87087, 60.22467], [24.87126, 60.22463], [24.872, 60.22457], [24.87324, 60.22447], [24.87364, 60.22442], [24.874, 60.22435], [24.87429, 60.22428], [24.87446, 60.22422], [24.87593, 60.22365], [24.87601, 60.22356], [24.87622, 60.22348]]]}}, {"type": "Feature", "properties": {"area_ha": 0.632, "dist_km": 2.104, "node": "Pukinmäki", "node_mw": 23, "osm_id": 368798556, "anchor_kind": "demand"}, "geometry": {"type": "Polygon", "coordinates": [[[24.97195, 60.28472], [24.97274, 60.28472], [24.97274, 60.28478], [24.97288, 60.28478], [24.97288, 60.28471], [24.97327, 60.28472], [24.97327, 60.28481], [24.97404, 60.28482], [24.97403, 60.28513], [24.9739, 60.28513], [24.9739, 60.28524], [24.97285, 60.28523], [24.97285, 60.28511], [24.97276, 60.28511], [24.97276, 60.28523], [24.97152, 60.28523], [24.97152, 60.28509], [24.97194, 60.28509], [24.97195, 60.28472]]]}}, {"type": "Feature", "properties": {"area_ha": 3.032, "dist_km": 2.028, "node": "Pukinmäki", "node_mw": 23, "osm_id": 368799380, "anchor_kind": "demand"}, "geometry": {"type": "Polygon", "coordinates": [[[24.9711, 60.28542], [24.97128, 60.28542], [24.97426, 60.28542], [24.97416, 60.28381], [24.97411, 60.28377], [24.97375, 60.28377], [24.9729, 60.28376], [24.97136, 60.28391], [24.97124, 60.28395], [24.97118, 60.284], [24.9711, 60.28542]]]}}, {"type": "Feature", "properties": {"area_ha": 2.272, "dist_km": 1.739, "node": "Pukinmäki", "node_mw": 23, "osm_id": 368799655, "anchor_kind": "demand"}, "geometry": {"type": "Polygon", "coordinates": [[[24.96732, 60.2829], [24.9673, 60.28284], [24.96704, 60.28159], [24.96698, 60.28128], [24.96718, 60.28117], [24.9683, 60.28114], [24.96934, 60.282], [24.96988, 60.28237], [24.97006, 60.28252], [24.97007, 60.28272], [24.96999, 60.28277], [24.96987, 60.28278], [24.96732, 60.2829]]]}}, {"type": "Feature", "properties": {"area_ha": 1.053, "dist_km": 2.843, "node": "Tapanila", "node_mw": 45, "osm_id": 368945029, "anchor_kind": "demand"}, "geometry": {"type": "Polygon", "coordinates": [[[24.97239, 60.29497], [24.97263, 60.29503], [24.97372, 60.29532], [24.97418, 60.29544], [24.97427, 60.29544], [24.9743, 60.29553], [24.9744, 60.29591], [24.97406, 60.29595], [24.97403, 60.29606], [24.97384, 60.29624], [24.97272, 60.29631], [24.97239, 60.29497]]]}}, {"type": "Feature", "properties": {"area_ha": 3.895, "dist_km": 2.27, "node": "Tapanila", "node_mw": 45, "osm_id": 368945120, "anchor_kind": "demand"}, "geometry": {"type": "Polygon", "coordinates": [[[24.97636, 60.28995], [24.97637, 60.2899], [24.97687, 60.28966], [24.97706, 60.28966], [24.97734, 60.28968], [24.97771, 60.28974], [24.9789, 60.29003], [24.9795, 60.29017], [24.98008, 60.2906], [24.98037, 60.2906], [24.98087, 60.29103], [24.98132, 60.29154], [24.98115, 60.29157], [24.97837, 60.29216], [24.97797, 60.29168], [24.9776, 60.29108], [24.97711, 60.2905], [24.97636, 60.28995]]]}}, {"type": "Feature", "properties": {"area_ha": 17.989, "dist_km": 2.839, "node": "Tapanila", "node_mw": 45, "osm_id": 369241543, "anchor_kind": "demand"}, "geometry": {"type": "Polygon", "coordinates": [[[24.98541, 60.2985], [24.98485, 60.29729], [24.9848, 60.29719], [24.98384, 60.2973], [24.98365, 60.29726], [24.98315, 60.29715], [24.98239, 60.29764], [24.98234, 60.29769], [24.98223, 60.2978], [24.98238, 60.29811], [24.98238, 60.29821], [24.98231, 60.2983], [24.98087, 60.29849], [24.98055, 60.29783], [24.97984, 60.2963], [24.97923, 60.29645], [24.9788, 60.29655], [24.97821, 60.29663], [24.97717, 60.29673], [24.97704, 60.2967], [24.97689, 60.29672], [24.97852, 60.30034], [24.97859, 60.3004], [24.97868, 60.30043], [24.97876, 60.30045], [24.97958, 60.30052], [24.97987, 60.30059], [24.98041, 60.30067], [24.98145, 60.3008], [24.98258, 60.30096], [24.98319, 60.30114], [24.98346, 60.30126], [24.98378, 60.30146], [24.98415, 60.30174], [24.98452, 60.30173], [24.98547, 60.30157], [24.98602, 60.30146], [24.98653, 60.30131], [24.98541, 60.2985]]]}}, {"type": "Feature", "properties": {"area_ha": 0.055, "dist_km": 2.742, "node": "Tapanila", "node_mw": 45, "osm_id": 369242004, "anchor_kind": "demand"}, "geometry": {"type": "Polygon", "coordinates": [[[24.99264, 60.30101], [24.99271, 60.30088], [24.99337, 60.30097], [24.9933, 60.30109], [24.99264, 60.30101]]]}}, {"type": "Feature", "properties": {"area_ha": 0.073, "dist_km": 2.1, "node": "Tapanila", "node_mw": 45, "osm_id": 370191459, "anchor_kind": "demand"}, "geometry": {"type": "Polygon", "coordinates": [[[24.99093, 60.29399], [24.98988, 60.29411], [24.9899, 60.29407], [24.99066, 60.294], [24.9907, 60.29394], [24.99062, 60.29393], [24.99079, 60.2937], [24.99112, 60.29375], [24.99093, 60.29399]]]}}, {"type": "Feature", "properties": {"area_ha": 1.519, "dist_km": 1.801, "node": "Tapanila", "node_mw": 45, "osm_id": 370191762, "anchor_kind": "demand"}, "geometry": {"type": "Polygon", "coordinates": [[[24.99126, 60.29031], [24.99112, 60.29034], [24.99065, 60.2906], [24.9904, 60.29061], [24.99018, 60.29062], [24.99013, 60.29057], [24.98994, 60.29057], [24.99, 60.29069], [24.99007, 60.29081], [24.99012, 60.29112], [24.99015, 60.29116], [24.99021, 60.2912], [24.9903, 60.29122], [24.99284, 60.29112], [24.99264, 60.29001], [24.99124, 60.29006], [24.99126, 60.29031]]]}}, {"type": "Feature", "properties": {"area_ha": 0.286, "dist_km": 1.471, "node": "Tapanila", "node_mw": 45, "osm_id": 383267973, "anchor_kind": "demand"}, "geometry": {"type": "Polygon", "coordinates": [[[24.98533, 60.28004], [24.98526, 60.2801], [24.98478, 60.28014], [24.98448, 60.28016], [24.98391, 60.28022], [24.98378, 60.2802], [24.98419, 60.28001], [24.98381, 60.27989], [24.98388, 60.27982], [24.984, 60.27981], [24.98409, 60.27978], [24.9842, 60.27978], [24.98426, 60.27976], [24.98439, 60.27975], [24.98439, 60.27974], [24.9844, 60.27972], [24.9846, 60.27973], [24.98482, 60.27971], [24.98489, 60.27971], [24.98494, 60.27975], [24.98494, 60.27978], [24.98494, 60.2798], [24.98494, 60.27981], [24.98495, 60.27989], [24.98503, 60.27992], [24.98512, 60.27996], [24.9852, 60.28], [24.98525, 60.28003], [24.98533, 60.28004]]]}}, {"type": "Feature", "properties": {"area_ha": 0.65, "dist_km": 2.813, "node": "Ilmalantori", "node_mw": 27, "osm_id": 396282449, "anchor_kind": "demand"}, "geometry": {"type": "Polygon", "coordinates": [[[24.90156, 60.18905], [24.90254, 60.18926], [24.90277, 60.18906], [24.90296, 60.18886], [24.90306, 60.18877], [24.9033, 60.18851], [24.90346, 60.18832], [24.90354, 60.18821], [24.90351, 60.18817], [24.90322, 60.18816], [24.90299, 60.18818], [24.90272, 60.18827], [24.90248, 60.18837], [24.90214, 60.18855], [24.90189, 60.18877], [24.90156, 60.18905]]]}}, {"type": "Feature", "properties": {"area_ha": 0.002, "dist_km": 0.958, "node": "Ilmalantori", "node_mw": 27, "osm_id": 432050008, "anchor_kind": "demand"}, "geometry": {"type": "Polygon", "coordinates": [[[24.93095, 60.20857], [24.93088, 60.20858], [24.93087, 60.20858], [24.93086, 60.20858], [24.93084, 60.20858], [24.93084, 60.20857], [24.93083, 60.20857], [24.93084, 60.20856], [24.93084, 60.20855], [24.93086, 60.20855], [24.93087, 60.20855], [24.93088, 60.20855], [24.93089, 60.20855], [24.9309, 60.20856], [24.93094, 60.20855], [24.93095, 60.20857]]]}}, {"type": "Feature", "properties": {"area_ha": 0.267, "dist_km": 0.985, "node": "Ilmalantori", "node_mw": 27, "osm_id": 432050009, "anchor_kind": "demand"}, "geometry": {"type": "Polygon", "coordinates": [[[24.931, 60.20867], [24.93134, 60.20928], [24.932, 60.20919], [24.93187, 60.20895], [24.93192, 60.20894], [24.93191, 60.20893], [24.93192, 60.20893], [24.93193, 60.20893], [24.93193, 60.20892], [24.93193, 60.20892], [24.93193, 60.20891], [24.93192, 60.20891], [24.93191, 60.20891], [24.9319, 60.20891], [24.93189, 60.20891], [24.93188, 60.20891], [24.93188, 60.20892], [24.93188, 60.20892], [24.93189, 60.20893], [24.93189, 60.20893], [24.93186, 60.20894], [24.93166, 60.20858], [24.93134, 60.20863], [24.931, 60.20867]]]}}, {"type": "Feature", "properties": {"area_ha": 0.031, "dist_km": 0.968, "node": "Ilmalantori", "node_mw": 27, "osm_id": 432050010, "anchor_kind": "demand"}, "geometry": {"type": "Polygon", "coordinates": [[[24.93134, 60.20863], [24.931, 60.20867], [24.93097, 60.2086], [24.93095, 60.20857], [24.93094, 60.20855], [24.93093, 60.20853], [24.93126, 60.20849], [24.9313, 60.20856], [24.93134, 60.20863]]]}}, {"type": "Feature", "properties": {"area_ha": 0.011, "dist_km": 1.629, "node": "Pitäjänmäki E", "node_mw": 23, "osm_id": 443553143, "anchor_kind": "demand"}, "geometry": {"type": "Polygon", "coordinates": [[[24.87166, 60.2248], [24.87167, 60.22484], [24.87159, 60.22485], [24.8716, 60.22485], [24.87158, 60.22487], [24.87151, 60.22487], [24.87152, 60.22489], [24.87143, 60.22489], [24.87143, 60.2249], [24.87142, 60.22491], [24.87142, 60.22491], [24.87141, 60.22491], [24.8714, 60.22491], [24.87139, 60.22491], [24.87138, 60.22491], [24.87137, 60.22486], [24.87142, 60.22486], [24.87141, 60.22482], [24.87166, 60.2248], [24.87166, 60.2248]]]}}, {"type": "Feature", "properties": {"area_ha": 0.02, "dist_km": 0.993, "node": "Tapanila", "node_mw": 45, "osm_id": 479606595, "anchor_kind": "demand"}, "geometry": {"type": "Polygon", "coordinates": [[[25.01185, 60.28698], [25.01186, 60.28682], [25.0121, 60.28683], [25.01209, 60.28695], [25.01196, 60.28694], [25.01196, 60.28698], [25.01185, 60.28698]]]}}, {"type": "Feature", "properties": {"area_ha": 2.561, "dist_km": 2.695, "node": "Tapanila", "node_mw": 45, "osm_id": 505073117, "anchor_kind": "demand"}, "geometry": {"type": "Polygon", "coordinates": [[[25.00621, 60.30221], [25.00735, 60.30123], [25.00791, 60.30121], [25.00831, 60.30119], [25.00941, 60.30108], [25.00953, 60.30148], [25.00982, 60.30149], [25.00992, 60.30193], [25.01, 60.30211], [25.00977, 60.30214], [25.00974, 60.30215], [25.00966, 60.3019], [25.0096, 60.30194], [25.00962, 60.30194], [25.00929, 60.30216], [25.00921, 60.30221], [25.00926, 60.30223], [25.0089, 60.30246], [25.00884, 60.30251], [25.00888, 60.30253], [25.00884, 60.30255], [25.00891, 60.30261], [25.00835, 60.30278], [25.00825, 60.30281], [25.00843, 60.30296], [25.00831, 60.30298], [25.00819, 60.30301], [25.00788, 60.30275], [25.00776, 60.3028], [25.00741, 60.30268], [25.00681, 60.30245], [25.00621, 60.30221]]]}}, {"type": "Feature", "properties": {"area_ha": 2.6, "dist_km": 2.7, "node": "Tapanila", "node_mw": 45, "osm_id": 505605391, "anchor_kind": "demand"}, "geometry": {"type": "Polygon", "coordinates": [[[25.01569, 60.30267], [25.01569, 60.30273], [25.01568, 60.3031], [25.01533, 60.30312], [25.01517, 60.30312], [25.01512, 60.30312], [25.015, 60.30312], [25.01479, 60.30312], [25.01424, 60.30312], [25.01409, 60.30351], [25.01359, 60.30349], [25.01332, 60.30347], [25.01329, 60.30314], [25.01329, 60.30259], [25.01329, 60.30243], [25.01337, 60.30243], [25.01336, 60.30198], [25.013, 60.30197], [25.01302, 60.30168], [25.01302, 60.30161], [25.01302, 60.3016], [25.01396, 60.3016], [25.01403, 60.3016], [25.01411, 60.3016], [25.01425, 60.3016], [25.01425, 60.30164], [25.01426, 60.30175], [25.01442, 60.30175], [25.01447, 60.30175], [25.01453, 60.30175], [25.01454, 60.30175], [25.01453, 60.3017], [25.01454, 60.30169], [25.01466, 60.30169], [25.01467, 60.30174], [25.01478, 60.30174], [25.01478, 60.30177], [25.01496, 60.30177], [25.01496, 60.30172], [25.01556, 60.30171], [25.01556, 60.30175], [25.01617, 60.30175], [25.01617, 60.30184], [25.0163, 60.30184], [25.0163, 60.30208], [25.0163, 60.30211], [25.01618, 60.30225], [25.01612, 60.30231], [25.01601, 60.30243], [25.01591, 60.30251], [25.01578, 60.30261], [25.01569, 60.30267]]]}}, {"type": "Feature", "properties": {"area_ha": 0.067, "dist_km": 2.871, "node": "Tapanila", "node_mw": 45, "osm_id": 505616524, "anchor_kind": "demand"}, "geometry": {"type": "Polygon", "coordinates": [[[24.99632, 60.30285], [24.99679, 60.30265], [24.99702, 60.30279], [24.99654, 60.30298], [24.99632, 60.30285]]]}}, {"type": "Feature", "properties": {"area_ha": 0.11, "dist_km": 2.903, "node": "Tapanila", "node_mw": 45, "osm_id": 505616525, "anchor_kind": "demand"}, "geometry": {"type": "Polygon", "coordinates": [[[24.99698, 60.30327], [24.99757, 60.30301], [24.99781, 60.30314], [24.99762, 60.30323], [24.99771, 60.30328], [24.99732, 60.30346], [24.99698, 60.30327]]]}}, {"type": "Feature", "properties": {"area_ha": 0.043, "dist_km": 2.881, "node": "Tapanila", "node_mw": 45, "osm_id": 505616526, "anchor_kind": "demand"}, "geometry": {"type": "Polygon", "coordinates": [[[24.99684, 60.30295], [24.99709, 60.30284], [24.99736, 60.30301], [24.99711, 60.30311], [24.99684, 60.30295]]]}}, {"type": "Feature", "properties": {"area_ha": 0.044, "dist_km": 2.789, "node": "Tapanila", "node_mw": 45, "osm_id": 505616638, "anchor_kind": "demand"}, "geometry": {"type": "Polygon", "coordinates": [[[24.99502, 60.30163], [24.99522, 60.30165], [24.99507, 60.30198], [24.99487, 60.30196], [24.99502, 60.30163]]]}}, {"type": "Feature", "properties": {"area_ha": 0.118, "dist_km": 2.684, "node": "Tapanila", "node_mw": 45, "osm_id": 505617101, "anchor_kind": "demand"}, "geometry": {"type": "Polygon", "coordinates": [[[24.99459, 60.3005], [24.99501, 60.30055], [24.99481, 60.30098], [24.99439, 60.30094], [24.99459, 60.3005]]]}}, {"type": "Feature", "properties": {"area_ha": 1.967, "dist_km": 2.801, "node": "Tapanila", "node_mw": 45, "osm_id": 505617537, "anchor_kind": "demand"}, "geometry": {"type": "Polygon", "coordinates": [[[24.99932, 60.30237], [24.9993, 60.30235], [24.9993, 60.30232], [24.99947, 60.30203], [24.99941, 60.30201], [24.99958, 60.30172], [25.00001, 60.30187], [25.00045, 60.30202], [25.00049, 60.30203], [25.00137, 60.30233], [25.00201, 60.30187], [25.00219, 60.30202], [25.00234, 60.30215], [25.00253, 60.30235], [25.00258, 60.30251], [25.00261, 60.30263], [25.00259, 60.30281], [25.00256, 60.30303], [25.00251, 60.30325], [25.00245, 60.30349], [25.0024, 60.30353], [25.00234, 60.30356], [25.00229, 60.30357], [25.00223, 60.30359], [25.00212, 60.30359], [25.00201, 60.30356], [25.00128, 60.30326], [25.0012, 60.30324], [25.00111, 60.30321], [25.00125, 60.30312], [25.00075, 60.30295], [25.00074, 60.30291], [25.00049, 60.30282], [24.99987, 60.30259], [24.99975, 60.30254], [24.99932, 60.30237]]]}}, {"type": "Feature", "properties": {"area_ha": 0.275, "dist_km": 1.816, "node": "Tapanila", "node_mw": 45, "osm_id": 505667672, "anchor_kind": "demand"}, "geometry": {"type": "Polygon", "coordinates": [[[24.99325, 60.29137], [24.9937, 60.29135], [24.99386, 60.29233], [24.9934, 60.29234], [24.99325, 60.29137]]]}}, {"type": "Feature", "properties": {"area_ha": 0.467, "dist_km": 1.819, "node": "Tapanila", "node_mw": 45, "osm_id": 505668014, "anchor_kind": "demand"}, "geometry": {"type": "Polygon", "coordinates": [[[24.99996, 60.2934], [25.00223, 60.29347], [25.00219, 60.29381], [24.99991, 60.29373], [24.99996, 60.2934]]]}}, {"type": "Feature", "properties": {"area_ha": 0.309, "dist_km": 1.837, "node": "Tapanila", "node_mw": 45, "osm_id": 505668256, "anchor_kind": "demand"}, "geometry": {"type": "Polygon", "coordinates": [[[25.00251, 60.29402], [25.0046, 60.29409], [25.0046, 60.29413], [25.00465, 60.29413], [25.00464, 60.29419], [25.00459, 60.29418], [25.00457, 60.29432], [25.00248, 60.29425], [25.00251, 60.29402]]]}}, {"type": "Feature", "properties": {"area_ha": 0.016, "dist_km": 2.534, "node": "Pitäjänmäki E", "node_mw": 23, "osm_id": 516001134, "anchor_kind": "demand"}, "geometry": {"type": "Polygon", "coordinates": [[[24.89116, 60.19333], [24.8913, 60.19334], [24.89129, 60.19339], [24.8913, 60.1934], [24.89129, 60.19342], [24.89127, 60.19342], [24.89126, 60.19349], [24.89122, 60.19349], [24.89122, 60.19351], [24.8912, 60.19352], [24.89116, 60.19352], [24.89113, 60.19349], [24.89113, 60.19347], [24.8911, 60.19344], [24.8911, 60.19341], [24.89111, 60.19341], [24.89112, 60.19341], [24.89113, 60.19341], [24.89114, 60.19335], [24.89115, 60.19334], [24.89116, 60.19331], [24.89116, 60.19331], [24.89116, 60.19333]]]}}, {"type": "Feature", "properties": {"area_ha": 0.429, "dist_km": 2.026, "node": "Tapanila", "node_mw": 45, "osm_id": 552266900, "anchor_kind": "demand"}, "geometry": {"type": "Polygon", "coordinates": [[[25.01937, 60.25974], [25.01937, 60.26021], [25.01889, 60.26025], [25.01882, 60.26042], [25.01826, 60.26048], [25.01823, 60.26043], [25.01822, 60.25975], [25.01937, 60.25974]]]}}, {"type": "Feature", "properties": {"area_ha": 0.654, "dist_km": 1.882, "node": "Tapanila", "node_mw": 45, "osm_id": 577869498, "anchor_kind": "demand"}, "geometry": {"type": "Polygon", "coordinates": [[[24.99407, 60.29287], [24.99418, 60.29332], [24.99652, 60.29318], [24.9964, 60.29273], [24.99407, 60.29287]]]}}, {"type": "Feature", "properties": {"area_ha": 0.039, "dist_km": 1.881, "node": "Tapanila", "node_mw": 45, "osm_id": 577869541, "anchor_kind": "demand"}, "geometry": {"type": "Polygon", "coordinates": [[[25.00845, 60.29482], [25.00844, 60.29492], [25.00904, 60.29494], [25.00905, 60.29483], [25.00845, 60.29482]]]}}, {"type": "Feature", "properties": {"area_ha": 1.161, "dist_km": 2.984, "node": "Tapanila", "node_mw": 45, "osm_id": 624169067, "anchor_kind": "demand"}, "geometry": {"type": "Polygon", "coordinates": [[[24.97073, 60.29574], [24.97109, 60.29722], [24.97173, 60.29696], [24.9721, 60.29684], [24.97235, 60.29679], [24.97243, 60.29675], [24.97246, 60.29672], [24.97242, 60.29657], [24.97219, 60.29565], [24.97073, 60.29574]]]}}, {"type": "Feature", "properties": {"area_ha": 1.753, "dist_km": 1.364, "node": "Pitäjänmäki E", "node_mw": 23, "osm_id": 633879840, "anchor_kind": "demand"}, "geometry": {"type": "Polygon", "coordinates": [[[24.86571, 60.22276], [24.86575, 60.22283], [24.86587, 60.22305], [24.86677, 60.22332], [24.86686, 60.22335], [24.86696, 60.22329], [24.86703, 60.22326], [24.86715, 60.22322], [24.86728, 60.22319], [24.86745, 60.22316], [24.87039, 60.22274], [24.87037, 60.2227], [24.87044, 60.22269], [24.87069, 60.22266], [24.87075, 60.22265], [24.87049, 60.22219], [24.8697, 60.22227], [24.86879, 60.22234], [24.86571, 60.22276]]]}}, {"type": "Feature", "properties": {"area_ha": 0.541, "dist_km": 0.902, "node": "Ilmalantori", "node_mw": 27, "osm_id": 635556394, "anchor_kind": "demand"}, "geometry": {"type": "Polygon", "coordinates": [[[24.90662, 60.2071], [24.90738, 60.2068], [24.907, 60.20657], [24.90689, 60.20649], [24.9064, 60.2058], [24.90623, 60.20583], [24.90593, 60.20587], [24.90594, 60.20589], [24.90597, 60.20598], [24.90604, 60.20616], [24.90613, 60.20641], [24.90623, 60.20668], [24.90633, 60.20697], [24.90635, 60.20705], [24.90649, 60.20704], [24.90662, 60.2071]]]}}, {"type": "Feature", "properties": {"area_ha": 1.969, "dist_km": 0.961, "node": "Pukinmäki", "node_mw": 23, "osm_id": 657174924, "anchor_kind": "demand"}, "geometry": {"type": "Polygon", "coordinates": [[[24.97649, 60.27024], [24.9775, 60.27025], [24.97816, 60.27021], [24.97831, 60.27022], [24.97907, 60.27019], [24.97907, 60.27013], [24.97906, 60.27012], [24.97901, 60.26993], [24.97888, 60.26931], [24.97879, 60.26894], [24.97852, 60.26858], [24.97792, 60.26879], [24.97784, 60.26894], [24.97761, 60.26902], [24.97735, 60.26905], [24.97691, 60.26922], [24.97673, 60.26934], [24.97664, 60.26941], [24.97643, 60.2696], [24.97621, 60.26975], [24.97606, 60.26988], [24.97621, 60.27002], [24.97635, 60.27013], [24.97649, 60.27024]]]}}, {"type": "Feature", "properties": {"area_ha": 0.022, "dist_km": 2.75, "node": "Ilmalantori", "node_mw": 27, "osm_id": 667940364, "anchor_kind": "demand"}, "geometry": {"type": "Polygon", "coordinates": [[[24.9047, 60.23702], [24.90449, 60.23697], [24.90445, 60.23701], [24.90442, 60.237], [24.90439, 60.23703], [24.90442, 60.23704], [24.90438, 60.23707], [24.90441, 60.23708], [24.90438, 60.23712], [24.90452, 60.23715], [24.90455, 60.23712], [24.90459, 60.23713], [24.90462, 60.23709], [24.90467, 60.23711], [24.90471, 60.23707], [24.90467, 60.23706], [24.9047, 60.23702]]]}}, {"type": "Feature", "properties": {"area_ha": 0.072, "dist_km": 1.918, "node": "Tapanila", "node_mw": 45, "osm_id": 673447189, "anchor_kind": "demand"}, "geometry": {"type": "Polygon", "coordinates": [[[24.97811, 60.28313], [24.97794, 60.28314], [24.97795, 60.28323], [24.97777, 60.28324], [24.97777, 60.2833], [24.97768, 60.2833], [24.9777, 60.28348], [24.97816, 60.28346], [24.97811, 60.28313]]]}}, {"type": "Feature", "properties": {"area_ha": 2.928, "dist_km": 2.941, "node": "Tapanila", "node_mw": 45, "osm_id": 675760860, "anchor_kind": "demand"}, "geometry": {"type": "Polygon", "coordinates": [[[24.97675, 60.29733], [24.97656, 60.29698], [24.97647, 60.29678], [24.97632, 60.29679], [24.97526, 60.2969], [24.97515, 60.29689], [24.97307, 60.29713], [24.97311, 60.29721], [24.97296, 60.29723], [24.97299, 60.29731], [24.97295, 60.29732], [24.97293, 60.29752], [24.97285, 60.29814], [24.9749, 60.2983], [24.97609, 60.2984], [24.97614, 60.2984], [24.97671, 60.29743], [24.97675, 60.29733]]]}}, {"type": "Feature", "properties": {"area_ha": 0.002, "dist_km": 1.889, "node": "Pitäjänmäki E", "node_mw": 23, "osm_id": 685085920, "anchor_kind": "demand"}, "geometry": {"type": "Polygon", "coordinates": [[[24.87035, 60.2275], [24.87039, 60.22748], [24.87032, 60.22744], [24.87028, 60.22746], [24.87035, 60.2275]]]}}, {"type": "Feature", "properties": {"area_ha": 0.001, "dist_km": 1.945, "node": "Pitäjänmäki E", "node_mw": 23, "osm_id": 685088022, "anchor_kind": "demand"}, "geometry": {"type": "Polygon", "coordinates": [[[24.87152, 60.22786], [24.87159, 60.22783], [24.87156, 60.22781], [24.87149, 60.22784], [24.87152, 60.22786]]]}}, {"type": "Feature", "properties": {"area_ha": 0.259, "dist_km": 1.844, "node": "Tapanila", "node_mw": 45, "osm_id": 736858637, "anchor_kind": "demand"}, "geometry": {"type": "Polygon", "coordinates": [[[24.99222, 60.29136], [24.99267, 60.29134], [24.99282, 60.29229], [24.99238, 60.2923], [24.99222, 60.29136]]]}}, {"type": "Feature", "properties": {"area_ha": 2.458, "dist_km": 0.454, "node": "Tapanila", "node_mw": 45, "osm_id": 762285438, "anchor_kind": "demand"}, "geometry": {"type": "Polygon", "coordinates": [[[25.01758, 60.27896], [25.01845, 60.27889], [25.01916, 60.27879], [25.01983, 60.27867], [25.02007, 60.27862], [25.0206, 60.27848], [25.02109, 60.27833], [25.02098, 60.27809], [25.02038, 60.27755], [25.02031, 60.27749], [25.02022, 60.27747], [25.02002, 60.27746], [25.01961, 60.2775], [25.01911, 60.27787], [25.01877, 60.27833], [25.01846, 60.27838], [25.01864, 60.27822], [25.01872, 60.27805], [25.01878, 60.27798], [25.01915, 60.27757], [25.01915, 60.27755], [25.01749, 60.27734], [25.01747, 60.2777], [25.01746, 60.2778], [25.01758, 60.27896]]]}}, {"type": "Feature", "properties": {"area_ha": 0.703, "dist_km": 1.406, "node": "Tapanila", "node_mw": 45, "osm_id": 762325461, "anchor_kind": "demand"}, "geometry": {"type": "Polygon", "coordinates": [[[25.03531, 60.28311], [25.03426, 60.28268], [25.03385, 60.28293], [25.03376, 60.28289], [25.03323, 60.28268], [25.03346, 60.28252], [25.03476, 60.28238], [25.03603, 60.28225], [25.03594, 60.28237], [25.03566, 60.28272], [25.03543, 60.28298], [25.03531, 60.28311]]]}}, {"type": "Feature", "properties": {"area_ha": 5.96, "dist_km": 2.134, "node": "Tapanila", "node_mw": 45, "osm_id": 762328722, "anchor_kind": "demand"}, "geometry": {"type": "Polygon", "coordinates": [[[25.04647, 60.28604], [25.0471, 60.28592], [25.04805, 60.28573], [25.04818, 60.28569], [25.04904, 60.28529], [25.0504, 60.28505], [25.05009, 60.28488], [25.04986, 60.28472], [25.04963, 60.28455], [25.04952, 60.28446], [25.04939, 60.28434], [25.04922, 60.28415], [25.04867, 60.28355], [25.04852, 60.28339], [25.04835, 60.28325], [25.04813, 60.28309], [25.04789, 60.28295], [25.04766, 60.28283], [25.0474, 60.28272], [25.04733, 60.2827], [25.04723, 60.28269], [25.04714, 60.28271], [25.04705, 60.28273], [25.0462, 60.28313], [25.04612, 60.28319], [25.04606, 60.28327], [25.04532, 60.28446], [25.0453, 60.28453], [25.04531, 60.28462], [25.04536, 60.28471], [25.04647, 60.28604]]]}}, {"type": "Feature", "properties": {"area_ha": 0.126, "dist_km": 1.676, "node": "Ilmalantori", "node_mw": 27, "osm_id": 841005360, "anchor_kind": "demand"}, "geometry": {"type": "Polygon", "coordinates": [[[24.92224, 60.22776], [24.92239, 60.22754], [24.92249, 60.22749], [24.92319, 60.22769], [24.92319, 60.22771], [24.92292, 60.22788], [24.92275, 60.22783], [24.92224, 60.22776]]]}}, {"type": "Feature", "properties": {"area_ha": 0.013, "dist_km": 2.741, "node": "Ilmalantori", "node_mw": 27, "osm_id": 867051864, "anchor_kind": "demand"}, "geometry": {"type": "Polygon", "coordinates": [[[24.96102, 60.20287], [24.96109, 60.20278], [24.96131, 60.20283], [24.9613, 60.20283], [24.96129, 60.20285], [24.96126, 60.20289], [24.96124, 60.20291], [24.96102, 60.20287]]]}}, {"type": "Feature", "properties": {"area_ha": 0.012, "dist_km": 2.735, "node": "Ilmalantori", "node_mw": 27, "osm_id": 867316303, "anchor_kind": "demand"}, "geometry": {"type": "Polygon", "coordinates": [[[24.96117, 60.20303], [24.96151, 60.20303], [24.96132, 60.20313], [24.96114, 60.20305], [24.96117, 60.20303]]]}}, {"type": "Feature", "properties": {"area_ha": 0.427, "dist_km": 0.988, "node": "Tapanila", "node_mw": 45, "osm_id": 874128686, "anchor_kind": "demand"}, "geometry": {"type": "Polygon", "coordinates": [[[25.01217, 60.28701], [25.01233, 60.28701], [25.01253, 60.28704], [25.01289, 60.2871], [25.0131, 60.28701], [25.01311, 60.28697], [25.01316, 60.28688], [25.01329, 60.28647], [25.01274, 60.28652], [25.01182, 60.2866], [25.01181, 60.28662], [25.01178, 60.28678], [25.01181, 60.28693], [25.01183, 60.28701], [25.01217, 60.28701]]]}}, {"type": "Feature", "properties": {"area_ha": 0.042, "dist_km": 2.435, "node": "Tapanila", "node_mw": 45, "osm_id": 879186669, "anchor_kind": "demand"}, "geometry": {"type": "Polygon", "coordinates": [[[25.04808, 60.28976], [25.04864, 60.28946], [25.04876, 60.28952], [25.0482, 60.28981], [25.04808, 60.28976]]]}}, {"type": "Feature", "properties": {"area_ha": 0.036, "dist_km": 2.481, "node": "Tapanila", "node_mw": 45, "osm_id": 879187846, "anchor_kind": "demand"}, "geometry": {"type": "Polygon", "coordinates": [[[25.04921, 60.28946], [25.04971, 60.28922], [25.05021, 60.28946], [25.0502, 60.28946], [25.04971, 60.28924], [25.0492, 60.28949], [25.04863, 60.28978], [25.04847, 60.28987], [25.04969, 60.29045], [25.04968, 60.29046], [25.04842, 60.28987], [25.04866, 60.28974], [25.04921, 60.28946]]]}}, {"type": "Feature", "properties": {"area_ha": 0.013, "dist_km": 2.564, "node": "Tapanila", "node_mw": 45, "osm_id": 879817615, "anchor_kind": "demand"}, "geometry": {"type": "Polygon", "coordinates": [[[25.05022, 60.29029], [25.05036, 60.29035], [25.05051, 60.29028], [25.05036, 60.29021], [25.05022, 60.29029]]]}}, {"type": "Feature", "properties": {"area_ha": 0.015, "dist_km": 2.622, "node": "Tapanila", "node_mw": 45, "osm_id": 879817616, "anchor_kind": "demand"}, "geometry": {"type": "Polygon", "coordinates": [[[25.05491, 60.28689], [25.05509, 60.2868], [25.05523, 60.28687], [25.05505, 60.28696], [25.05491, 60.28689]]]}}, {"type": "Feature", "properties": {"area_ha": 0.09, "dist_km": 2.032, "node": "Tapanila", "node_mw": 45, "osm_id": 891430495, "anchor_kind": "demand"}, "geometry": {"type": "Polygon", "coordinates": [[[25.01826, 60.26015], [25.01831, 60.26026], [25.01929, 60.26017], [25.01924, 60.26006], [25.01897, 60.26009], [25.01896, 60.26004], [25.01831, 60.2601], [25.01832, 60.26014], [25.01826, 60.26015]]]}}, {"type": "Feature", "properties": {"area_ha": 1.65, "dist_km": 2.013, "node": "Tapanila", "node_mw": 45, "osm_id": 967563198, "anchor_kind": "demand"}, "geometry": {"type": "Polygon", "coordinates": [[[24.97495, 60.28552], [24.97559, 60.28551], [24.97816, 60.28547], [24.97852, 60.28546], [24.97853, 60.28544], [24.97858, 60.28531], [24.97864, 60.28517], [24.9787, 60.28492], [24.97869, 60.28474], [24.97491, 60.28479], [24.97495, 60.28552]]]}}, {"type": "Feature", "properties": {"area_ha": 1.689, "dist_km": 1.66, "node": "Tapanila", "node_mw": 45, "osm_id": 970431792, "anchor_kind": "demand"}, "geometry": {"type": "Polygon", "coordinates": [[[24.99279, 60.29003], [24.99288, 60.29062], [24.99297, 60.29111], [24.99427, 60.29106], [24.99518, 60.29103], [24.99523, 60.29102], [24.99528, 60.291], [24.99531, 60.29098], [24.99532, 60.29095], [24.99528, 60.29068], [24.99519, 60.29062], [24.99518, 60.29058], [24.99518, 60.29052], [24.9952, 60.29049], [24.99525, 60.29048], [24.99532, 60.29047], [24.99522, 60.28989], [24.99481, 60.28991], [24.99459, 60.28989], [24.9937, 60.28992], [24.99365, 60.28996], [24.99267, 60.28997], [24.99279, 60.29003]]]}}, {"type": "Feature", "properties": {"area_ha": 3.35, "dist_km": 1.833, "node": "Tapanila", "node_mw": 45, "osm_id": 970431793, "anchor_kind": "demand"}, "geometry": {"type": "Polygon", "coordinates": [[[24.99035, 60.29139], [24.99025, 60.2914], [24.9902, 60.29146], [24.99019, 60.29151], [24.99041, 60.29205], [24.99055, 60.29246], [24.99303, 60.29234], [24.99328, 60.29244], [24.9944, 60.29242], [24.99461, 60.29196], [24.99562, 60.29184], [24.99571, 60.29167], [24.99581, 60.29116], [24.99538, 60.29118], [24.99035, 60.29139]]]}}, {"type": "Feature", "properties": {"area_ha": 4.895, "dist_km": 1.904, "node": "Tapanila", "node_mw": 45, "osm_id": 970431794, "anchor_kind": "demand"}, "geometry": {"type": "Polygon", "coordinates": [[[24.98766, 60.29006], [24.98692, 60.28999], [24.98677, 60.28998], [24.98596, 60.28987], [24.98558, 60.2899], [24.98512, 60.28994], [24.98491, 60.2905], [24.98514, 60.29179], [24.98533, 60.29188], [24.9865, 60.29182], [24.98981, 60.29167], [24.98992, 60.29162], [24.98986, 60.29127], [24.98977, 60.29076], [24.9897, 60.29068], [24.98959, 60.29057], [24.98943, 60.29049], [24.98892, 60.29036], [24.98881, 60.29032], [24.98854, 60.29024], [24.98813, 60.29012], [24.98766, 60.29006]]]}}, {"type": "Feature", "properties": {"area_ha": 6.1, "dist_km": 2.153, "node": "Tapanila", "node_mw": 45, "osm_id": 970431795, "anchor_kind": "demand"}, "geometry": {"type": "Polygon", "coordinates": [[[24.98995, 60.29187], [24.9898, 60.29182], [24.98504, 60.29203], [24.98332, 60.29211], [24.98344, 60.29238], [24.98345, 60.2924], [24.98357, 60.29268], [24.98359, 60.29272], [24.98386, 60.29324], [24.9841, 60.2937], [24.98439, 60.29413], [24.98447, 60.29425], [24.98506, 60.29405], [24.9854, 60.29395], [24.98575, 60.29392], [24.98607, 60.29382], [24.98637, 60.29375], [24.98726, 60.2935], [24.98776, 60.29334], [24.98871, 60.29304], [24.98928, 60.29291], [24.9899, 60.29279], [24.99003, 60.29274], [24.9901, 60.29268], [24.99008, 60.29248], [24.98995, 60.29187]]]}}, {"type": "Feature", "properties": {"area_ha": 2.948, "dist_km": 1.999, "node": "Tapanila", "node_mw": 45, "osm_id": 970431796, "anchor_kind": "demand"}, "geometry": {"type": "Polygon", "coordinates": [[[24.98488, 60.29195], [24.98461, 60.29051], [24.98468, 60.29032], [24.9848, 60.28999], [24.98484, 60.28991], [24.98493, 60.2897], [24.98493, 60.28965], [24.98477, 60.28955], [24.98467, 60.28945], [24.9846, 60.28932], [24.98458, 60.28925], [24.98444, 60.28889], [24.98429, 60.28887], [24.98387, 60.28915], [24.9836, 60.28934], [24.98333, 60.28963], [24.98303, 60.28997], [24.98292, 60.29018], [24.98282, 60.29068], [24.98283, 60.291], [24.98329, 60.29202], [24.98337, 60.29202], [24.98488, 60.29195]]]}}, {"type": "Feature", "properties": {"area_ha": 1.395, "dist_km": 2.03, "node": "Suurmetsä", "node_mw": 22, "osm_id": 974360618, "anchor_kind": "demand"}, "geometry": {"type": "Polygon", "coordinates": [[[25.0236, 60.25469], [25.02331, 60.25462], [25.02261, 60.25483], [25.02222, 60.25492], [25.02181, 60.255], [25.02155, 60.25504], [25.02153, 60.25507], [25.02119, 60.25511], [25.02143, 60.25573], [25.02154, 60.25592], [25.02171, 60.25596], [25.0237, 60.25557], [25.02368, 60.25551], [25.02388, 60.25546], [25.02364, 60.25473], [25.0236, 60.25469]]]}}, {"type": "Feature", "properties": {"area_ha": 0.631, "dist_km": 1.979, "node": "Suurmetsä", "node_mw": 22, "osm_id": 974360619, "anchor_kind": "demand"}, "geometry": {"type": "Polygon", "coordinates": [[[25.02517, 60.25342], [25.02584, 60.25334], [25.02572, 60.25307], [25.02482, 60.25317], [25.0248, 60.2531], [25.02393, 60.2532], [25.02361, 60.25323], [25.0238, 60.25367], [25.02453, 60.25393], [25.02472, 60.2538], [25.02517, 60.25342]]]}}, {"type": "Feature", "properties": {"area_ha": 2.538, "dist_km": 1.776, "node": "Suurmetsä", "node_mw": 22, "osm_id": 974360620, "anchor_kind": "demand"}, "geometry": {"type": "Polygon", "coordinates": [[[25.02738, 60.25606], [25.02746, 60.25622], [25.0276, 60.25627], [25.02882, 60.25617], [25.02822, 60.25486], [25.02808, 60.25454], [25.02796, 60.25428], [25.02746, 60.25319], [25.02665, 60.25314], [25.02614, 60.25311], [25.02738, 60.25606]]]}}, {"type": "Feature", "properties": {"area_ha": 0.471, "dist_km": 2.023, "node": "Suurmetsä", "node_mw": 22, "osm_id": 974364866, "anchor_kind": "demand"}, "geometry": {"type": "Polygon", "coordinates": [[[25.02539, 60.25248], [25.02536, 60.25241], [25.02551, 60.2523], [25.02531, 60.25177], [25.02483, 60.25182], [25.02419, 60.25189], [25.02425, 60.25203], [25.02449, 60.25258], [25.02539, 60.25248]]]}}, {"type": "Feature", "properties": {"area_ha": 0.003, "dist_km": 2.804, "node": "Ilmalantori", "node_mw": 27, "osm_id": 977072517, "anchor_kind": "demand"}, "geometry": {"type": "Polygon", "coordinates": [[[24.89129, 60.23502], [24.89143, 60.23504], [24.8914, 60.23508], [24.89126, 60.23505], [24.89129, 60.23502]]]}}, {"type": "Feature", "properties": {"area_ha": 0.002, "dist_km": 2.804, "node": "Ilmalantori", "node_mw": 27, "osm_id": 977072518, "anchor_kind": "demand"}, "geometry": {"type": "Polygon", "coordinates": [[[24.89149, 60.23512], [24.89153, 60.23507], [24.89148, 60.23506], [24.89144, 60.23511], [24.89149, 60.23512]]]}}, {"type": "Feature", "properties": {"area_ha": 2.207, "dist_km": 0.695, "node": "Tapanila", "node_mw": 45, "osm_id": 989815957, "anchor_kind": "demand"}, "geometry": {"type": "Polygon", "coordinates": [[[25.02027, 60.28322], [25.02031, 60.28324], [25.01723, 60.2841], [25.01639, 60.28339], [25.01652, 60.28335], [25.01634, 60.28318], [25.0164, 60.28315], [25.01929, 60.28236], [25.02027, 60.28322]]]}}, {"type": "Feature", "properties": {"area_ha": 5.594, "dist_km": 0.581, "node": "Tapanila", "node_mw": 45, "osm_id": 989815958, "anchor_kind": "demand"}, "geometry": {"type": "Polygon", "coordinates": [[[25.01944, 60.28231], [25.01936, 60.28225], [25.01921, 60.28228], [25.0178, 60.28106], [25.01693, 60.28029], [25.01831, 60.27991], [25.01852, 60.27984], [25.01842, 60.27975], [25.0183, 60.27967], [25.01807, 60.27973], [25.0177, 60.2794], [25.01764, 60.27922], [25.01861, 60.27909], [25.02004, 60.28043], [25.02106, 60.28139], [25.02212, 60.28233], [25.02248, 60.28262], [25.02183, 60.28281], [25.02095, 60.28307], [25.02055, 60.28319], [25.02048, 60.28321], [25.01944, 60.28231]]]}}, {"type": "Feature", "properties": {"area_ha": 3.771, "dist_km": 0.637, "node": "Tapanila", "node_mw": 45, "osm_id": 989815959, "anchor_kind": "demand"}, "geometry": {"type": "Polygon", "coordinates": [[[25.01462, 60.28201], [25.01603, 60.28324], [25.01598, 60.28329], [25.01601, 60.28332], [25.01606, 60.28336], [25.01612, 60.28341], [25.01617, 60.28345], [25.01626, 60.28342], [25.01704, 60.2841], [25.01709, 60.28413], [25.01672, 60.28421], [25.01631, 60.28428], [25.01599, 60.2843], [25.01576, 60.2843], [25.01549, 60.28429], [25.01518, 60.28426], [25.01411, 60.28415], [25.01341, 60.28398], [25.01334, 60.28387], [25.01324, 60.28377], [25.01297, 60.28371], [25.01292, 60.28356], [25.01259, 60.28257], [25.01266, 60.28252], [25.01308, 60.2824], [25.01314, 60.28238], [25.01352, 60.28227], [25.01449, 60.28201], [25.01462, 60.28201], [25.01462, 60.28201]]]}}, {"type": "Feature", "properties": {"area_ha": 0.947, "dist_km": 0.105, "node": "Tapanila", "node_mw": 45, "osm_id": 989819653, "anchor_kind": "demand"}, "geometry": {"type": "Polygon", "coordinates": [[[25.01049, 60.27626], [25.00985, 60.27632], [25.00953, 60.27658], [25.00968, 60.27689], [25.00977, 60.27712], [25.00947, 60.27714], [25.00963, 60.27753], [25.01, 60.27749], [25.01007, 60.27749], [25.01045, 60.27745], [25.01101, 60.2774], [25.01104, 60.27739], [25.01108, 60.27738], [25.01111, 60.27737], [25.01113, 60.27736], [25.01114, 60.27734], [25.01115, 60.27732], [25.01115, 60.27729], [25.01106, 60.27706], [25.01103, 60.27699], [25.01084, 60.27647], [25.01054, 60.27636], [25.01049, 60.27626]]]}}, {"type": "Feature", "properties": {"area_ha": 3.6, "dist_km": 0.216, "node": "Tapanila", "node_mw": 45, "osm_id": 989819654, "anchor_kind": "demand"}, "geometry": {"type": "Polygon", "coordinates": [[[25.01125, 60.2769], [25.01139, 60.2773], [25.01145, 60.27732], [25.01149, 60.27734], [25.01155, 60.27735], [25.015, 60.27702], [25.0153, 60.27698], [25.01555, 60.27697], [25.01564, 60.27697], [25.01569, 60.27684], [25.01568, 60.27676], [25.01573, 60.27674], [25.01576, 60.27649], [25.01577, 60.2763], [25.01573, 60.27613], [25.01565, 60.27575], [25.01344, 60.27586], [25.01277, 60.2759], [25.01093, 60.27609], [25.01095, 60.27613], [25.01125, 60.2769]]]}}, {"type": "Feature", "properties": {"area_ha": 1.618, "dist_km": 0.115, "node": "Tapanila", "node_mw": 45, "osm_id": 989819655, "anchor_kind": "demand"}, "geometry": {"type": "Polygon", "coordinates": [[[25.00949, 60.27763], [25.00935, 60.27756], [25.00865, 60.27781], [25.00734, 60.2779], [25.00722, 60.27797], [25.0077, 60.2784], [25.008, 60.27857], [25.00926, 60.27913], [25.01007, 60.27903], [25.01027, 60.27901], [25.01017, 60.27893], [25.00979, 60.27798], [25.0096, 60.27781], [25.00949, 60.27763]]]}}, {"type": "Feature", "properties": {"area_ha": 0.004, "dist_km": 1.257, "node": "Ilmalantori", "node_mw": 27, "osm_id": 1004641858, "anchor_kind": "demand"}, "geometry": {"type": "Polygon", "coordinates": [[[24.93142, 60.20475], [24.93142, 60.20469], [24.93155, 60.20469], [24.93155, 60.20475], [24.93142, 60.20475]]]}}, {"type": "Feature", "properties": {"area_ha": 0.142, "dist_km": 0.51, "node": "Tapanila", "node_mw": 45, "osm_id": 1024226704, "anchor_kind": "demand"}, "geometry": {"type": "Polygon", "coordinates": [[[25.01899, 60.28046], [25.01778, 60.28081], [25.01794, 60.28095], [25.01915, 60.28061], [25.01899, 60.28046]]]}}, {"type": "Feature", "properties": {"area_ha": 0.153, "dist_km": 0.481, "node": "Tapanila", "node_mw": 45, "osm_id": 1024226705, "anchor_kind": "demand"}, "geometry": {"type": "Polygon", "coordinates": [[[25.01869, 60.28022], [25.01746, 60.28057], [25.01764, 60.28072], [25.01887, 60.28037], [25.01869, 60.28022]]]}}, {"type": "Feature", "properties": {"area_ha": 0.145, "dist_km": 0.45, "node": "Tapanila", "node_mw": 45, "osm_id": 1024226706, "anchor_kind": "demand"}, "geometry": {"type": "Polygon", "coordinates": [[[25.01831, 60.28], [25.01714, 60.28033], [25.01731, 60.28048], [25.01848, 60.28015], [25.01831, 60.28]]]}}, {"type": "Feature", "properties": {"area_ha": 0.061, "dist_km": 2.738, "node": "Tapanila", "node_mw": 45, "osm_id": 1036890728, "anchor_kind": "demand"}, "geometry": {"type": "Polygon", "coordinates": [[[24.99955, 60.30195], [25.00018, 60.30216], [25.00033, 60.30206], [24.99969, 60.30184], [24.99955, 60.30195]]]}}, {"type": "Feature", "properties": {"area_ha": 0.059, "dist_km": 2.723, "node": "Tapanila", "node_mw": 45, "osm_id": 1036890730, "anchor_kind": "demand"}, "geometry": {"type": "Polygon", "coordinates": [[[24.99667, 60.30174], [24.99694, 60.30116], [24.99678, 60.30114], [24.99651, 60.30173], [24.99667, 60.30174]]]}}, {"type": "Feature", "properties": {"area_ha": 0.119, "dist_km": 2.726, "node": "Tapanila", "node_mw": 45, "osm_id": 1036890731, "anchor_kind": "demand"}, "geometry": {"type": "Polygon", "coordinates": [[[24.99619, 60.30109], [24.99592, 60.30165], [24.99624, 60.30169], [24.99652, 60.30113], [24.99619, 60.30109]]]}}, {"type": "Feature", "properties": {"area_ha": 0.04, "dist_km": 2.883, "node": "Tapanila", "node_mw": 45, "osm_id": 1036890733, "anchor_kind": "demand"}, "geometry": {"type": "Polygon", "coordinates": [[[24.99568, 60.30274], [24.99532, 60.30287], [24.99514, 60.30276], [24.9955, 60.30262], [24.99568, 60.30274]]]}}, {"type": "Feature", "properties": {"area_ha": 0.227, "dist_km": 2.879, "node": "Tapanila", "node_mw": 45, "osm_id": 1036890734, "anchor_kind": "demand"}, "geometry": {"type": "Polygon", "coordinates": [[[24.99521, 60.30292], [24.99494, 60.30303], [24.99448, 60.30274], [24.99448, 60.30272], [24.99408, 60.30265], [24.99435, 60.30224], [24.99441, 60.30215], [24.99481, 60.30222], [24.9946, 60.30255], [24.99521, 60.30292]]]}}, {"type": "Feature", "properties": {"area_ha": 0.055, "dist_km": 2.714, "node": "Tapanila", "node_mw": 45, "osm_id": 1036890738, "anchor_kind": "demand"}, "geometry": {"type": "Polygon", "coordinates": [[[24.99271, 60.30076], [24.99343, 60.30083], [24.99348, 60.30071], [24.99276, 60.30064], [24.99271, 60.30076]]]}}, {"type": "Feature", "properties": {"area_ha": 0.027, "dist_km": 2.724, "node": "Tapanila", "node_mw": 45, "osm_id": 1036890739, "anchor_kind": "demand"}, "geometry": {"type": "Polygon", "coordinates": [[[24.99232, 60.3008], [24.9924, 60.3006], [24.99262, 60.30062], [24.99257, 60.30074], [24.99254, 60.30082], [24.99232, 60.3008]]]}}, {"type": "Feature", "properties": {"area_ha": 0.061, "dist_km": 2.726, "node": "Tapanila", "node_mw": 45, "osm_id": 1036890741, "anchor_kind": "demand"}, "geometry": {"type": "Polygon", "coordinates": [[[24.99558, 60.30134], [24.99477, 60.30125], [24.99482, 60.30113], [24.99563, 60.30122], [24.99558, 60.30134]]]}}, {"type": "Feature", "properties": {"area_ha": 0.069, "dist_km": 2.004, "node": "Tapanila", "node_mw": 45, "osm_id": 1036890742, "anchor_kind": "demand"}, "geometry": {"type": "Polygon", "coordinates": [[[24.99855, 60.29499], [24.99768, 60.29485], [24.99776, 60.29473], [24.99863, 60.29488], [24.99855, 60.29499]]]}}, {"type": "Feature", "properties": {"area_ha": 0.217, "dist_km": 1.447, "node": "Ilmalantori", "node_mw": 27, "osm_id": 1050081666, "anchor_kind": "demand"}, "geometry": {"type": "Polygon", "coordinates": [[[24.93928, 60.21961], [24.93899, 60.21984], [24.93837, 60.21962], [24.93802, 60.21951], [24.9382, 60.21936], [24.93827, 60.21933], [24.93833, 60.21931], [24.93845, 60.2193], [24.93859, 60.21933], [24.93927, 60.21955], [24.93929, 60.21956], [24.9393, 60.21959], [24.93928, 60.21961]]]}}, {"type": "Feature", "properties": {"area_ha": 1.466, "dist_km": 1.985, "node": "Suurmetsä", "node_mw": 22, "osm_id": 1055297431, "anchor_kind": "demand"}, "geometry": {"type": "Polygon", "coordinates": [[[25.02306, 60.26037], [25.02274, 60.26022], [25.02234, 60.26], [25.02154, 60.2595], [25.02128, 60.25928], [25.0211, 60.25907], [25.021, 60.25886], [25.02095, 60.25868], [25.02094, 60.25859], [25.021, 60.25856], [25.02112, 60.25855], [25.02121, 60.25855], [25.02139, 60.25864], [25.02249, 60.25938], [25.02245, 60.25951], [25.02261, 60.25961], [25.02295, 60.25951], [25.02231, 60.25909], [25.02272, 60.25893], [25.02362, 60.25954], [25.02426, 60.25994], [25.02306, 60.26037]]]}}, {"type": "Feature", "properties": {"area_ha": 0.438, "dist_km": 2.029, "node": "Suurmetsä", "node_mw": 22, "osm_id": 1055297434, "anchor_kind": "demand"}, "geometry": {"type": "Polygon", "coordinates": [[[25.02129, 60.25843], [25.02101, 60.25844], [25.02086, 60.25838], [25.02065, 60.25757], [25.0224, 60.25872], [25.02198, 60.25888], [25.02129, 60.25843]]]}}, {"type": "Feature", "properties": {"area_ha": 1.002, "dist_km": 2.136, "node": "Suurmetsä", "node_mw": 22, "osm_id": 1055297437, "anchor_kind": "demand"}, "geometry": {"type": "Polygon", "coordinates": [[[25.01924, 60.25827], [25.01818, 60.25828], [25.01817, 60.25757], [25.01828, 60.25752], [25.01923, 60.25751], [25.01938, 60.25751], [25.01987, 60.25741], [25.01996, 60.25743], [25.02007, 60.25749], [25.02028, 60.25768], [25.02034, 60.2578], [25.02036, 60.25781], [25.02041, 60.2582], [25.01993, 60.25823], [25.01924, 60.25827]]]}}, {"type": "Feature", "properties": {"area_ha": 0.941, "dist_km": 2.149, "node": "Tapanila", "node_mw": 45, "osm_id": 1055297438, "anchor_kind": "demand"}, "geometry": {"type": "Polygon", "coordinates": [[[25.01937, 60.25974], [25.01822, 60.25975], [25.01816, 60.25839], [25.01923, 60.25837], [25.01937, 60.25974]]]}}, {"type": "Feature", "properties": {"area_ha": 2.272, "dist_km": 2.767, "node": "Tapanila", "node_mw": 45, "osm_id": 1057570613, "anchor_kind": "demand"}, "geometry": {"type": "Polygon", "coordinates": [[[24.98706, 60.30126], [24.98711, 60.30137], [24.98828, 60.30116], [24.98847, 60.30109], [24.98853, 60.30097], [24.98838, 60.30064], [24.98814, 60.30008], [24.98802, 60.29996], [24.98791, 60.29979], [24.98751, 60.2994], [24.98699, 60.29881], [24.98657, 60.29832], [24.98638, 60.29828], [24.98596, 60.29844], [24.98664, 60.30018], [24.98706, 60.30126]]]}}, {"type": "Feature", "properties": {"area_ha": 0.818, "dist_km": 3.033, "node": "Tapanila", "node_mw": 45, "osm_id": 1057572327, "anchor_kind": "demand"}, "geometry": {"type": "Polygon", "coordinates": [[[24.98545, 60.30278], [24.98555, 60.30281], [24.98699, 60.30276], [24.98717, 60.30262], [24.98708, 60.30227], [24.98695, 60.30201], [24.9868, 60.30189], [24.98541, 60.30206], [24.98545, 60.30278]]]}}, {"type": "Feature", "properties": {"area_ha": 3.807, "dist_km": 2.994, "node": "Tapanila", "node_mw": 45, "osm_id": 1057572328, "anchor_kind": "demand"}, "geometry": {"type": "Polygon", "coordinates": [[[24.98767, 60.3037], [24.98845, 60.30371], [24.98902, 60.30359], [24.98936, 60.30371], [24.9904, 60.30354], [24.99031, 60.30292], [24.99134, 60.3029], [24.99082, 60.30236], [24.98974, 60.30147], [24.98964, 60.30141], [24.98954, 60.30138], [24.98942, 60.30135], [24.98926, 60.30134], [24.98912, 60.30135], [24.98828, 60.30153], [24.98743, 60.30176], [24.98737, 60.30183], [24.98753, 60.30244], [24.98768, 60.30299], [24.98779, 60.30303], [24.98834, 60.30302], [24.98835, 60.30297], [24.98906, 60.30293], [24.98907, 60.30307], [24.98836, 60.30312], [24.98778, 60.30314], [24.9877, 60.30321], [24.98767, 60.3037]]]}}, {"type": "Feature", "properties": {"area_ha": 0.389, "dist_km": 2.626, "node": "Tapanila", "node_mw": 45, "osm_id": 1057583375, "anchor_kind": "demand"}, "geometry": {"type": "Polygon", "coordinates": [[[24.99957, 60.30134], [24.9987, 60.30105], [24.99783, 60.30076], [24.99788, 60.30054], [24.99793, 60.3005], [24.99801, 60.30049], [24.9981, 60.3005], [24.99902, 60.30081], [24.99971, 60.30104], [24.99974, 60.30108], [24.99957, 60.30134]]]}}, {"type": "Feature", "properties": {"area_ha": 1.352, "dist_km": 2.671, "node": "Tapanila", "node_mw": 45, "osm_id": 1057583378, "anchor_kind": "demand"}, "geometry": {"type": "Polygon", "coordinates": [[[24.99737, 60.30187], [24.99731, 60.30192], [24.99721, 60.30196], [24.99572, 60.30202], [24.9956, 60.30199], [24.99556, 60.30191], [24.99602, 60.30101], [24.9962, 60.30068], [24.99622, 60.30064], [24.99627, 60.30053], [24.9964, 60.30028], [24.99642, 60.30024], [24.99649, 60.3001], [24.99653, 60.30008], [24.99662, 60.30005], [24.99666, 60.30004], [24.99721, 60.30021], [24.99737, 60.30027], [24.99722, 60.30072], [24.99689, 60.30153], [24.9974, 60.3017], [24.99737, 60.30187]]]}}, {"type": "Feature", "properties": {"area_ha": 1.044, "dist_km": 2.883, "node": "Tapanila", "node_mw": 45, "osm_id": 1057583381, "anchor_kind": "demand"}, "geometry": {"type": "Polygon", "coordinates": [[[24.99832, 60.30325], [24.99795, 60.30368], [24.99783, 60.30372], [24.99774, 60.30372], [24.99767, 60.3037], [24.99738, 60.30354], [24.99591, 60.30266], [24.99574, 60.30253], [24.9956, 60.30238], [24.99548, 60.30218], [24.99552, 60.30215], [24.99684, 60.3021], [24.99692, 60.30262], [24.99792, 60.30321], [24.99817, 60.30324], [24.99832, 60.30325]]]}}, {"type": "Feature", "properties": {"area_ha": 0.909, "dist_km": 2.881, "node": "Tapanila", "node_mw": 45, "osm_id": 1057583383, "anchor_kind": "demand"}, "geometry": {"type": "Polygon", "coordinates": [[[25.00125, 60.30352], [25.00108, 60.30363], [25.00093, 60.30373], [25.00069, 60.3039], [25.00058, 60.30393], [25.00048, 60.30394], [25.00035, 60.30388], [25.00024, 60.30379], [25.00017, 60.30374], [24.99987, 60.30351], [24.99962, 60.30338], [24.99945, 60.30332], [24.99935, 60.30331], [24.99883, 60.30324], [24.99875, 60.30323], [24.9987, 60.30321], [24.99868, 60.30318], [24.99868, 60.30315], [24.99871, 60.30308], [24.99876, 60.30303], [24.99895, 60.30281], [24.99912, 60.30261], [24.99919, 60.30258], [25.00014, 60.30292], [25.00017, 60.30293], [25.00027, 60.30298], [25.00034, 60.30302], [25.00051, 60.30313], [25.00083, 60.30335], [25.00116, 60.30348], [25.00125, 60.30352]]]}}, {"type": "Feature", "properties": {"area_ha": 2.043, "dist_km": 2.905, "node": "Tapanila", "node_mw": 45, "osm_id": 1057583384, "anchor_kind": "demand"}, "geometry": {"type": "Polygon", "coordinates": [[[24.99542, 60.30244], [24.99558, 60.3026], [24.99676, 60.30332], [24.99734, 60.30369], [24.9968, 60.3039], [24.99622, 60.30353], [24.99597, 60.30362], [24.99593, 60.30367], [24.9957, 60.30395], [24.99498, 60.3035], [24.99334, 60.30246], [24.99277, 60.3021], [24.99277, 60.30201], [24.99282, 60.30197], [24.99293, 60.30196], [24.99497, 60.30215], [24.99472, 60.30254], [24.99488, 60.30266], [24.99542, 60.30244]]]}}, {"type": "Feature", "properties": {"area_ha": 0.414, "dist_km": 2.944, "node": "Tapanila", "node_mw": 45, "osm_id": 1057583385, "anchor_kind": "demand"}, "geometry": {"type": "Polygon", "coordinates": [[[25.0014, 60.3036], [25.00145, 60.3036], [25.00179, 60.30373], [25.00213, 60.30386], [25.00183, 60.30415], [25.00166, 60.30426], [25.0014, 60.30443], [25.00112, 60.30438], [25.00106, 60.30435], [25.00102, 60.30433], [25.001, 60.30433], [25.00073, 60.30409], [25.00072, 60.30405], [25.00074, 60.30401], [25.00125, 60.30369], [25.00132, 60.30364], [25.0014, 60.3036]]]}}, {"type": "Feature", "properties": {"area_ha": 2.593, "dist_km": 3.056, "node": "Tapanila", "node_mw": 45, "osm_id": 1057583386, "anchor_kind": "demand"}, "geometry": {"type": "Polygon", "coordinates": [[[24.99931, 60.30341], [24.99932, 60.30382], [24.99932, 60.30393], [24.99932, 60.3041], [24.99933, 60.30442], [25.00014, 60.30504], [24.99937, 60.30493], [24.99845, 60.30504], [24.99851, 60.30522], [24.99864, 60.30558], [24.99862, 60.3056], [24.99837, 60.30591], [24.99814, 60.30605], [24.99696, 60.30575], [24.99679, 60.30567], [24.99706, 60.3054], [24.99698, 60.30538], [24.99699, 60.30532], [24.997, 60.30531], [24.99704, 60.30515], [24.99703, 60.30498], [24.99702, 60.30486], [24.99707, 60.30486], [24.9971, 60.30486], [24.99711, 60.30477], [24.99708, 60.30474], [24.99713, 60.30471], [24.99725, 60.30466], [24.99712, 60.30466], [24.9971, 60.30464], [24.99732, 60.30455], [24.99745, 60.30448], [24.99784, 60.30411], [24.99788, 60.30405], [24.99799, 60.30393], [24.99826, 60.30363], [24.99846, 60.30341], [24.99857, 60.30335], [24.99867, 60.30333], [24.99931, 60.30341]]]}}, {"type": "Feature", "properties": {"area_ha": 0.829, "dist_km": 2.984, "node": "Tapanila", "node_mw": 45, "osm_id": 1057583387, "anchor_kind": "demand"}, "geometry": {"type": "Polygon", "coordinates": [[[25.00119, 60.30472], [25.001, 60.30495], [25.00064, 60.30502], [25.00056, 60.30496], [24.99995, 60.30453], [24.99987, 60.30448], [24.99972, 60.30449], [24.9996, 60.30452], [24.9994, 60.30439], [24.99939, 60.30396], [24.99938, 60.30342], [24.9996, 60.30346], [24.99973, 60.30352], [24.99982, 60.3036], [25.0005, 60.30411], [25.00085, 60.30442], [25.00119, 60.30472]]]}}, {"type": "Feature", "properties": {"area_ha": 2.053, "dist_km": 3.011, "node": "Tapanila", "node_mw": 45, "osm_id": 1057583388, "anchor_kind": "demand"}, "geometry": {"type": "Polygon", "coordinates": [[[24.99656, 60.30564], [24.99624, 60.30555], [24.99616, 60.3055], [24.995, 60.30472], [24.995, 60.30454], [24.99505, 60.30433], [24.99483, 60.30419], [24.99445, 60.30395], [24.99439, 60.30391], [24.99368, 60.30347], [24.99343, 60.30331], [24.9933, 60.30324], [24.99334, 60.30319], [24.99296, 60.30302], [24.99257, 60.30254], [24.99245, 60.30237], [24.99223, 60.30205], [24.99227, 60.30202], [24.99232, 60.30199], [24.99247, 60.30194], [24.99246, 60.30201], [24.99248, 60.30207], [24.99267, 60.30221], [24.99277, 60.30229], [24.99286, 60.30235], [24.99288, 60.30237], [24.99324, 60.3026], [24.99379, 60.30293], [24.99391, 60.30301], [24.994, 60.30307], [24.99474, 60.30352], [24.99536, 60.30391], [24.99579, 60.30417], [24.9962, 60.30443], [24.9963, 60.30449], [24.99661, 60.30469], [24.99678, 60.30472], [24.99684, 60.30486], [24.99674, 60.3049], [24.99682, 60.30496], [24.99687, 60.30499], [24.99688, 60.30509], [24.99679, 60.30525], [24.99665, 60.30527], [24.99664, 60.30532], [24.99664, 60.30535], [24.99663, 60.3054], [24.99671, 60.30542], [24.99671, 60.30546], [24.99656, 60.30564]]]}}, {"type": "Feature", "properties": {"area_ha": 2.218, "dist_km": 2.739, "node": "Tapanila", "node_mw": 45, "osm_id": 1057583389, "anchor_kind": "demand"}, "geometry": {"type": "Polygon", "coordinates": [[[24.99309, 60.30184], [24.99299, 60.30181], [24.993, 60.30173], [24.99328, 60.30157], [24.9935, 60.30141], [24.99371, 60.30118], [24.99421, 60.30017], [24.9943, 60.30014], [24.99607, 60.30032], [24.99614, 60.30039], [24.99574, 60.30118], [24.99533, 60.30197], [24.99518, 60.30203], [24.99309, 60.30184]]]}}, {"type": "Feature", "properties": {"area_ha": 1.911, "dist_km": 2.688, "node": "Tapanila", "node_mw": 45, "osm_id": 1057583390, "anchor_kind": "demand"}, "geometry": {"type": "Polygon", "coordinates": [[[24.99358, 60.30105], [24.99345, 60.30121], [24.9932, 60.30144], [24.99286, 60.30165], [24.99247, 60.3018], [24.99221, 60.30177], [24.99175, 60.30145], [24.99148, 60.3011], [24.99233, 60.30066], [24.99217, 60.30056], [24.99222, 60.30053], [24.99263, 60.3003], [24.99298, 60.30032], [24.99312, 60.30007], [24.99321, 60.29992], [24.99358, 60.2993], [24.99392, 60.29925], [24.9944, 60.29939], [24.9943, 60.29961], [24.99426, 60.2996], [24.99419, 60.29974], [24.99404, 60.30007], [24.99358, 60.30105]]]}}, {"type": "Feature", "properties": {"area_ha": 0.501, "dist_km": 2.584, "node": "Tapanila", "node_mw": 45, "osm_id": 1057583391, "anchor_kind": "demand"}, "geometry": {"type": "Polygon", "coordinates": [[[24.99429, 60.30001], [24.99455, 60.2995], [24.99457, 60.29944], [24.99518, 60.29964], [24.99613, 60.29994], [24.99622, 60.29998], [24.99622, 60.30004], [24.99618, 60.30023], [24.99495, 60.30011], [24.99434, 60.30005], [24.99429, 60.30001]]]}}, {"type": "Feature", "properties": {"area_ha": 1.212, "dist_km": 2.467, "node": "Tapanila", "node_mw": 45, "osm_id": 1057583392, "anchor_kind": "demand"}, "geometry": {"type": "Polygon", "coordinates": [[[24.99413, 60.2989], [24.99407, 60.29881], [24.99409, 60.29875], [24.99421, 60.29855], [24.99425, 60.29849], [24.99497, 60.29859], [24.995, 60.29859], [24.99505, 60.2986], [24.9953, 60.29863], [24.99553, 60.29864], [24.99581, 60.29863], [24.99653, 60.2986], [24.99662, 60.2986], [24.9967, 60.29862], [24.99672, 60.29858], [24.99678, 60.29858], [24.99682, 60.29858], [24.99685, 60.29858], [24.99689, 60.29858], [24.99692, 60.29859], [24.99695, 60.29862], [24.99697, 60.29865], [24.99695, 60.29872], [24.99688, 60.29885], [24.99681, 60.29885], [24.99679, 60.2989], [24.99674, 60.29899], [24.99679, 60.299], [24.99674, 60.2991], [24.99657, 60.29944], [24.99651, 60.29958], [24.9965, 60.29959], [24.99646, 60.29963], [24.9964, 60.29966], [24.99635, 60.29966], [24.9963, 60.29967], [24.99623, 60.29966], [24.99618, 60.29965], [24.99468, 60.2991], [24.99413, 60.2989]]]}}, {"type": "Feature", "properties": {"area_ha": 0.639, "dist_km": 2.492, "node": "Tapanila", "node_mw": 45, "osm_id": 1057583393, "anchor_kind": "demand"}, "geometry": {"type": "Polygon", "coordinates": [[[24.99723, 60.29862], [24.9973, 60.29857], [24.99738, 60.29854], [24.99787, 60.2985], [24.99778, 60.29886], [24.99773, 60.29908], [24.99769, 60.29927], [24.99755, 60.29973], [24.99752, 60.29986], [24.99746, 60.30006], [24.99742, 60.30006], [24.99676, 60.29985], [24.9967, 60.29981], [24.99669, 60.29977], [24.99672, 60.29972], [24.99677, 60.29962], [24.99706, 60.29902], [24.99723, 60.29862]]]}}, {"type": "Feature", "properties": {"area_ha": 7.929, "dist_km": 2.182, "node": "Tapanila", "node_mw": 45, "osm_id": 1057583394, "anchor_kind": "demand"}, "geometry": {"type": "Polygon", "coordinates": [[[24.9963, 60.29849], [24.99616, 60.29847], [24.99603, 60.29845], [24.99597, 60.29839], [24.99644, 60.29767], [24.9963, 60.29765], [24.99578, 60.29847], [24.9957, 60.2985], [24.99559, 60.29851], [24.99434, 60.29832], [24.99427, 60.29828], [24.99424, 60.29825], [24.99429, 60.29814], [24.99449, 60.29778], [24.9964, 60.29475], [24.99753, 60.29492], [24.99769, 60.29466], [24.99657, 60.29448], [24.99711, 60.29362], [24.9972, 60.29357], [24.99734, 60.29356], [24.99897, 60.29387], [24.99903, 60.29389], [24.99907, 60.29393], [24.99893, 60.29446], [24.99887, 60.2945], [24.9988, 60.2945], [24.99874, 60.29461], [24.99881, 60.29464], [24.99884, 60.2947], [24.99858, 60.29528], [24.99842, 60.29581], [24.9983, 60.29588], [24.99818, 60.29591], [24.99816, 60.29599], [24.99828, 60.296], [24.99836, 60.29603], [24.99828, 60.29633], [24.99821, 60.29669], [24.99817, 60.29688], [24.99812, 60.29687], [24.99799, 60.29741], [24.99791, 60.29782], [24.99803, 60.29784], [24.99791, 60.2983], [24.99789, 60.29834], [24.99783, 60.29837], [24.99775, 60.29839], [24.9963, 60.29849]]]}}, {"type": "Feature", "properties": {"area_ha": 4.207, "dist_km": 2.06, "node": "Tapanila", "node_mw": 45, "osm_id": 1057583395, "anchor_kind": "demand"}, "geometry": {"type": "Polygon", "coordinates": [[[24.99514, 60.29614], [24.99497, 60.29618], [24.99467, 60.29613], [24.99369, 60.29596], [24.99356, 60.29593], [24.99341, 60.29589], [24.99329, 60.29582], [24.99297, 60.29565], [24.99287, 60.29559], [24.99278, 60.2954], [24.99279, 60.29529], [24.99312, 60.29457], [24.99295, 60.29455], [24.99298, 60.29447], [24.99314, 60.29394], [24.99316, 60.29392], [24.9932, 60.29389], [24.99323, 60.29387], [24.99328, 60.29385], [24.99337, 60.29386], [24.99387, 60.2938], [24.99407, 60.29378], [24.99415, 60.29377], [24.99423, 60.29376], [24.99443, 60.29373], [24.99452, 60.29372], [24.9946, 60.29371], [24.99515, 60.29365], [24.99598, 60.29353], [24.99654, 60.29351], [24.99672, 60.29359], [24.99629, 60.29428], [24.99613, 60.29438], [24.99605, 60.29451], [24.99604, 60.29468], [24.99514, 60.29614]]]}}, {"type": "Feature", "properties": {"area_ha": 1.156, "dist_km": 1.824, "node": "Tapanila", "node_mw": 45, "osm_id": 1057583401, "anchor_kind": "demand"}, "geometry": {"type": "Polygon", "coordinates": [[[24.9973, 60.29335], [24.99726, 60.29331], [24.99725, 60.29285], [24.99726, 60.29273], [24.99734, 60.29266], [24.99741, 60.29263], [24.99939, 60.29251], [24.99913, 60.2936], [24.99907, 60.29365], [24.9989, 60.29366], [24.9973, 60.29335]]]}}, {"type": "Feature", "properties": {"area_ha": 6.226, "dist_km": 1.771, "node": "Tapanila", "node_mw": 45, "osm_id": 1057583402, "anchor_kind": "demand"}, "geometry": {"type": "Polygon", "coordinates": [[[24.99954, 60.2925], [25.00253, 60.29233], [25.00548, 60.29222], [25.00556, 60.29228], [25.00542, 60.29264], [25.00523, 60.29324], [25.0049, 60.29395], [25.00484, 60.29415], [25.00489, 60.29431], [25.00485, 60.29444], [25.0034, 60.29439], [25.00226, 60.29435], [25.00221, 60.29435], [25.00225, 60.29405], [25.00228, 60.29389], [24.99932, 60.29379], [24.99954, 60.29289], [24.9997, 60.29283], [24.99972, 60.29271], [24.99946, 60.29269], [24.9995, 60.29254], [24.99954, 60.2925]]]}}, {"type": "Feature", "properties": {"area_ha": 0.203, "dist_km": 1.916, "node": "Tapanila", "node_mw": 45, "osm_id": 1059309304, "anchor_kind": "demand"}, "geometry": {"type": "Polygon", "coordinates": [[[24.97763, 60.28354], [24.97755, 60.28306], [24.97816, 60.28305], [24.97839, 60.28353], [24.97806, 60.28353], [24.97763, 60.28354]]]}}, {"type": "Feature", "properties": {"area_ha": 5.417, "dist_km": 2.471, "node": "Tapanila", "node_mw": 45, "osm_id": 1063652580, "anchor_kind": "demand"}, "geometry": {"type": "Polygon", "coordinates": [[[24.97711, 60.29134], [24.97759, 60.29203], [24.97757, 60.2921], [24.97252, 60.29337], [24.97164, 60.29251], [24.9744, 60.2918], [24.97476, 60.29171], [24.97362, 60.29071], [24.97423, 60.29047], [24.97526, 60.29], [24.97561, 60.29013], [24.97613, 60.29044], [24.97683, 60.291], [24.97711, 60.29134]]]}}, {"type": "Feature", "properties": {"area_ha": 1.654, "dist_km": 2.333, "node": "Tapanila", "node_mw": 45, "osm_id": 1063652581, "anchor_kind": "demand"}, "geometry": {"type": "Polygon", "coordinates": [[[24.98202, 60.29358], [24.98185, 60.29347], [24.98182, 60.29345], [24.98137, 60.29316], [24.98133, 60.29314], [24.98123, 60.29307], [24.98113, 60.29301], [24.98089, 60.29294], [24.97926, 60.29249], [24.97924, 60.29248], [24.97918, 60.29246], [24.97913, 60.29244], [24.97853, 60.29221], [24.98105, 60.29168], [24.9813, 60.29176], [24.98162, 60.29231], [24.98167, 60.29241], [24.98182, 60.29266], [24.98186, 60.29297], [24.98205, 60.29339], [24.98202, 60.29358]]]}}, {"type": "Feature", "properties": {"area_ha": 2.217, "dist_km": 2.435, "node": "Tapanila", "node_mw": 45, "osm_id": 1063652582, "anchor_kind": "demand"}, "geometry": {"type": "Polygon", "coordinates": [[[24.97849, 60.29252], [24.97876, 60.29264], [24.97883, 60.29266], [24.97891, 60.29269], [24.97951, 60.29292], [24.98027, 60.2931], [24.98052, 60.29317], [24.9806, 60.29319], [24.98068, 60.29322], [24.9807, 60.29322], [24.98081, 60.29329], [24.98112, 60.29351], [24.98143, 60.29377], [24.98145, 60.29386], [24.98129, 60.29399], [24.97969, 60.29439], [24.97903, 60.29449], [24.97872, 60.29447], [24.97865, 60.29411], [24.97863, 60.29404], [24.97861, 60.29397], [24.97844, 60.29327], [24.97846, 60.29326], [24.97828, 60.2926], [24.97849, 60.29252]]]}}, {"type": "Feature", "properties": {"area_ha": 0.203, "dist_km": 2.692, "node": "Ilmalantori", "node_mw": 27, "osm_id": 1065953438, "anchor_kind": "demand"}, "geometry": {"type": "Polygon", "coordinates": [[[24.91093, 60.23765], [24.91123, 60.23737], [24.91185, 60.23703], [24.91185, 60.23689], [24.91175, 60.2367], [24.91168, 60.23654], [24.91181, 60.2365], [24.91204, 60.23679], [24.91224, 60.23689], [24.91208, 60.23702], [24.91198, 60.23711], [24.91154, 60.23739], [24.91138, 60.23758], [24.9113, 60.23762], [24.91105, 60.23767], [24.91093, 60.23765]]]}}, {"type": "Feature", "properties": {"area_ha": 1.627, "dist_km": 0.566, "node": "Pukinmäki", "node_mw": 23, "osm_id": 1097566157, "anchor_kind": "demand"}, "geometry": {"type": "Polygon", "coordinates": [[[24.96743, 60.26257], [24.96749, 60.26259], [24.96987, 60.26364], [24.96994, 60.26374], [24.96985, 60.26386], [24.96987, 60.26391], [24.96968, 60.2641], [24.96952, 60.26408], [24.96917, 60.26479], [24.96793, 60.26373], [24.96785, 60.26365], [24.9676, 60.26352], [24.96772, 60.2635], [24.96728, 60.26315], [24.96686, 60.26282], [24.96713, 60.26271], [24.96718, 60.26268], [24.96721, 60.26267], [24.96743, 60.26257]]]}}, {"type": "Feature", "properties": {"area_ha": 6.798, "dist_km": 0.095, "node": "Suurmetsä", "node_mw": 22, "osm_id": 1103414074, "anchor_kind": "demand"}, "geometry": {"type": "Polygon", "coordinates": [[[25.05943, 60.2584], [25.05872, 60.25831], [25.05659, 60.25801], [25.05648, 60.25821], [25.0543, 60.26221], [25.05449, 60.26233], [25.05545, 60.26249], [25.0561, 60.26255], [25.05623, 60.26251], [25.05631, 60.26244], [25.05931, 60.25857], [25.05943, 60.2584]]]}}, {"type": "Feature", "properties": {"area_ha": 5.903, "dist_km": 0.226, "node": "Suurmetsä", "node_mw": 22, "osm_id": 1103414075, "anchor_kind": "demand"}, "geometry": {"type": "Polygon", "coordinates": [[[25.05628, 60.25799], [25.05617, 60.25798], [25.05608, 60.25797], [25.0555, 60.25789], [25.05537, 60.25787], [25.05418, 60.25772], [25.05405, 60.2577], [25.05403, 60.25772], [25.054, 60.25776], [25.05398, 60.25781], [25.0539, 60.25796], [25.05389, 60.25797], [25.05385, 60.25805], [25.05376, 60.25823], [25.05368, 60.25838], [25.05211, 60.26137], [25.05238, 60.26157], [25.05272, 60.26176], [25.05313, 60.26195], [25.05382, 60.26219], [25.05401, 60.26218], [25.05409, 60.26211], [25.05592, 60.25868], [25.05614, 60.25825], [25.05628, 60.25799]]]}}, {"type": "Feature", "properties": {"area_ha": 4.299, "dist_km": 0.357, "node": "Suurmetsä", "node_mw": 22, "osm_id": 1103414076, "anchor_kind": "demand"}, "geometry": {"type": "Polygon", "coordinates": [[[25.05375, 60.25766], [25.0517, 60.25737], [25.05028, 60.2601], [25.05028, 60.26026], [25.05042, 60.26035], [25.05161, 60.26107], [25.05181, 60.26108], [25.0519, 60.26107], [25.05196, 60.26103], [25.05375, 60.25766]]]}}, {"type": "Feature", "properties": {"area_ha": 3.091, "dist_km": 0.45, "node": "Suurmetsä", "node_mw": 22, "osm_id": 1103414077, "anchor_kind": "demand"}, "geometry": {"type": "Polygon", "coordinates": [[[25.05142, 60.25744], [25.05139, 60.25744], [25.05047, 60.25733], [25.05031, 60.25752], [25.05014, 60.25757], [25.05009, 60.25765], [25.05025, 60.25769], [25.05015, 60.25793], [25.04995, 60.25796], [25.04988, 60.25811], [25.04999, 60.25822], [25.05044, 60.25826], [25.05034, 60.25843], [25.04974, 60.25837], [25.04892, 60.26], [25.0488, 60.25999], [25.04878, 60.26003], [25.04875, 60.26008], [25.04891, 60.26078], [25.04961, 60.26137], [25.04973, 60.26136], [25.05129, 60.26114], [25.05141, 60.26113], [25.05011, 60.26035], [25.05005, 60.26029], [25.05001, 60.26022], [25.05002, 60.26015], [25.05142, 60.25744]]]}}, {"type": "Feature", "properties": {"area_ha": 0.281, "dist_km": 1.114, "node": "Tapanila", "node_mw": 45, "osm_id": 1105820832, "anchor_kind": "demand"}, "geometry": {"type": "Polygon", "coordinates": [[[25.00689, 60.28795], [25.00683, 60.28807], [25.00594, 60.28797], [25.00619, 60.28747], [25.00695, 60.28756], [25.00703, 60.28767], [25.00689, 60.28795]]]}}, {"type": "Feature", "properties": {"area_ha": 0.093, "dist_km": 2.772, "node": "Ilmalantori", "node_mw": 27, "osm_id": 1136476055, "anchor_kind": "demand"}, "geometry": {"type": "Polygon", "coordinates": [[[24.89234, 60.23484], [24.89225, 60.23494], [24.89215, 60.23491], [24.89205, 60.23502], [24.89218, 60.23505], [24.8924, 60.2351], [24.89255, 60.23513], [24.89265, 60.23504], [24.89295, 60.23511], [24.89305, 60.235], [24.89234, 60.23484]]]}}, {"type": "Feature", "properties": {"area_ha": 5.934, "dist_km": 0.924, "node": "Ilmalantori", "node_mw": 27, "osm_id": 1181253248, "anchor_kind": "demand"}, "geometry": {"type": "Polygon", "coordinates": [[[24.93389, 60.21143], [24.93362, 60.21147], [24.93321, 60.21152], [24.93277, 60.21158], [24.93264, 60.21157], [24.93245, 60.21159], [24.93231, 60.2116], [24.932, 60.21164], [24.93199, 60.21161], [24.93179, 60.21164], [24.93164, 60.21166], [24.93124, 60.21097], [24.93062, 60.2099], [24.93072, 60.20989], [24.93039, 60.20931], [24.93042, 60.20918], [24.93041, 60.20916], [24.9304, 60.20913], [24.93036, 60.20906], [24.93007, 60.20852], [24.93001, 60.20842], [24.93003, 60.20817], [24.92977, 60.20763], [24.9304, 60.20705], [24.93045, 60.20706], [24.93049, 60.20708], [24.93115, 60.20698], [24.93195, 60.20804], [24.93308, 60.21], [24.93389, 60.21143]]]}}, {"type": "Feature", "properties": {"area_ha": 0.037, "dist_km": 2.384, "node": "Tapanila", "node_mw": 45, "osm_id": 1193385963, "anchor_kind": "demand"}, "geometry": {"type": "Polygon", "coordinates": [[[24.99556, 60.29795], [24.99598, 60.29803], [24.99588, 60.29815], [24.99547, 60.29808], [24.99556, 60.29795]]]}}, {"type": "Feature", "properties": {"area_ha": 0.085, "dist_km": 2.086, "node": "Tapanila", "node_mw": 45, "osm_id": 1212808765, "anchor_kind": "demand"}, "geometry": {"type": "Polygon", "coordinates": [[[25.01828, 60.25971], [25.01928, 60.2597], [25.01927, 60.25957], [25.01828, 60.25957], [25.01828, 60.25971]]]}}, {"type": "Feature", "properties": {"area_ha": 0.07, "dist_km": 2.178, "node": "Suurmetsä", "node_mw": 22, "osm_id": 1213379060, "anchor_kind": "demand"}, "geometry": {"type": "Polygon", "coordinates": [[[25.019, 60.25859], [25.019, 60.25844], [25.01826, 60.25844], [25.01826, 60.25859], [25.019, 60.25859]]]}}, {"type": "Feature", "properties": {"area_ha": 0.11, "dist_km": 1.546, "node": "Pukinmäki", "node_mw": 23, "osm_id": 1220345030, "anchor_kind": "demand"}, "geometry": {"type": "Polygon", "coordinates": [[[24.97664, 60.27872], [24.97656, 60.27868], [24.97662, 60.27864], [24.97619, 60.27843], [24.97615, 60.27845], [24.97619, 60.27847], [24.97581, 60.27866], [24.97589, 60.2787], [24.97593, 60.27868], [24.97627, 60.27885], [24.97624, 60.27886], [24.97629, 60.27889], [24.97664, 60.27872]]]}}, {"type": "Feature", "properties": {"area_ha": 0.092, "dist_km": 2.937, "node": "Tapanila", "node_mw": 45, "osm_id": 1227309464, "anchor_kind": "demand"}, "geometry": {"type": "Polygon", "coordinates": [[[24.98904, 60.30226], [24.98903, 60.30209], [24.98993, 60.30208], [24.98995, 60.30224], [24.98904, 60.30226]]]}}, {"type": "Feature", "properties": {"area_ha": 0.08, "dist_km": 3.0, "node": "Tapanila", "node_mw": 45, "osm_id": 1227309465, "anchor_kind": "demand"}, "geometry": {"type": "Polygon", "coordinates": [[[24.98859, 60.30241], [24.98888, 60.3024], [24.98894, 60.30285], [24.98865, 60.30286], [24.98859, 60.30241]]]}}, {"type": "Feature", "properties": {"area_ha": 0.079, "dist_km": 2.984, "node": "Tapanila", "node_mw": 45, "osm_id": 1227309466, "anchor_kind": "demand"}, "geometry": {"type": "Polygon", "coordinates": [[[24.98913, 60.30236], [24.98941, 60.30235], [24.98946, 60.3028], [24.98917, 60.30281], [24.98913, 60.30236]]]}}, {"type": "Feature", "properties": {"area_ha": 0.083, "dist_km": 2.967, "node": "Tapanila", "node_mw": 45, "osm_id": 1227309467, "anchor_kind": "demand"}, "geometry": {"type": "Polygon", "coordinates": [[[24.98965, 60.30232], [24.98994, 60.30231], [24.99, 60.30275], [24.98969, 60.30276], [24.98965, 60.30232]]]}}, {"type": "Feature", "properties": {"area_ha": 2.298, "dist_km": 0.933, "node": "Ilmalantori", "node_mw": 27, "osm_id": 1232185091, "anchor_kind": "demand"}, "geometry": {"type": "Polygon", "coordinates": [[[24.90435, 60.20733], [24.90435, 60.20741], [24.90435, 60.20746], [24.90434, 60.20749], [24.90429, 60.20753], [24.90422, 60.20756], [24.90416, 60.20758], [24.90409, 60.20758], [24.90409, 60.20762], [24.90409, 60.20766], [24.90416, 60.20766], [24.90417, 60.20774], [24.90447, 60.20769], [24.90445, 60.20767], [24.90452, 60.20765], [24.90453, 60.20767], [24.90462, 60.20764], [24.90461, 60.20763], [24.9052, 60.20744], [24.90525, 60.20745], [24.90528, 60.20743], [24.90526, 60.2074], [24.90593, 60.20704], [24.9061, 60.20702], [24.90609, 60.207], [24.90633, 60.20697], [24.90623, 60.20668], [24.90613, 60.20641], [24.90604, 60.20616], [24.90597, 60.20598], [24.90395, 60.206], [24.90395, 60.20604], [24.90395, 60.20608], [24.904, 60.20608], [24.9041, 60.2061], [24.90418, 60.20613], [24.90425, 60.20618], [24.90427, 60.20623], [24.90428, 60.20635], [24.90419, 60.20635], [24.90408, 60.20635], [24.90397, 60.20635], [24.90388, 60.20636], [24.9038, 60.20636], [24.90379, 60.20623], [24.90351, 60.20624], [24.90351, 60.20631], [24.90348, 60.20631], [24.90349, 60.20656], [24.90344, 60.20657], [24.90331, 60.20657], [24.90317, 60.20657], [24.90309, 60.20657], [24.90314, 60.20725], [24.90322, 60.20725], [24.90335, 60.20725], [24.90348, 60.20725], [24.90356, 60.20725], [24.90356, 60.20734], [24.90405, 60.20733], [24.90415, 60.20733], [24.90425, 60.20733], [24.90435, 60.20733]]]}}, {"type": "Feature", "properties": {"area_ha": 2.172, "dist_km": 2.555, "node": "Ilmalantori", "node_mw": 27, "osm_id": 1273066358, "anchor_kind": "demand"}, "geometry": {"type": "Polygon", "coordinates": [[[24.94514, 60.19611], [24.94649, 60.19623], [24.94663, 60.19625], [24.94746, 60.19632], [24.94748, 60.19626], [24.9475, 60.19626], [24.94772, 60.19515], [24.94776, 60.19494], [24.94706, 60.19453], [24.94607, 60.19495], [24.94555, 60.19516], [24.94454, 60.19559], [24.9452, 60.19597], [24.94518, 60.196], [24.94514, 60.19611]]]}}, {"type": "Feature", "properties": {"area_ha": 0.104, "dist_km": 0.654, "node": "Suurmetsä", "node_mw": 22, "osm_id": 1274456197, "anchor_kind": "demand"}, "geometry": {"type": "Polygon", "coordinates": [[[25.04636, 60.26163], [25.04668, 60.26162], [25.04656, 60.2611], [25.04623, 60.26111], [25.04636, 60.26163]]]}}, {"type": "Feature", "properties": {"area_ha": 0.163, "dist_km": 2.824, "node": "Tapanila", "node_mw": 45, "osm_id": 1282531882, "anchor_kind": "demand"}, "geometry": {"type": "Polygon", "coordinates": [[[24.99572, 60.30242], [24.9967, 60.30239], [24.99667, 60.30213], [24.99565, 60.30217], [24.99567, 60.30238], [24.99572, 60.30242]]]}}, {"type": "Feature", "properties": {"area_ha": 0.084, "dist_km": 2.929, "node": "Tapanila", "node_mw": 45, "osm_id": 1282531884, "anchor_kind": "demand"}, "geometry": {"type": "Polygon", "coordinates": [[[24.99588, 60.30347], [24.9965, 60.30323], [24.99628, 60.30309], [24.99566, 60.30334], [24.99588, 60.30347]]]}}, {"type": "Feature", "properties": {"area_ha": 1.133, "dist_km": 1.963, "node": "Tapanila", "node_mw": 45, "osm_id": 1290243626, "anchor_kind": "demand"}, "geometry": {"type": "Polygon", "coordinates": [[[24.98561, 60.29033], [24.98675, 60.29028], [24.98678, 60.29045], [24.98693, 60.29044], [24.98698, 60.29072], [24.98703, 60.29075], [24.98733, 60.29073], [24.98747, 60.29152], [24.98629, 60.29158], [24.98626, 60.29144], [24.98581, 60.29146], [24.98561, 60.29033]]]}}, {"type": "Feature", "properties": {"area_ha": 0.032, "dist_km": 1.948, "node": "Tapanila", "node_mw": 45, "osm_id": 1290243631, "anchor_kind": "demand"}, "geometry": {"type": "Polygon", "coordinates": [[[24.98518, 60.29003], [24.98562, 60.29001], [24.98564, 60.29013], [24.9852, 60.29015], [24.98518, 60.29003]]]}}, {"type": "Feature", "properties": {"area_ha": 0.049, "dist_km": 2.891, "node": "Tapanila", "node_mw": 45, "osm_id": 1302657562, "anchor_kind": "demand"}, "geometry": {"type": "Polygon", "coordinates": [[[25.00061, 60.30343], [25.00032, 60.30332], [25.00014, 60.30343], [25.00006, 60.30349], [25.00035, 60.3036], [25.00054, 60.30347], [25.00061, 60.30343]]]}}, {"type": "Feature", "properties": {"area_ha": 0.062, "dist_km": 2.853, "node": "Tapanila", "node_mw": 45, "osm_id": 1302657564, "anchor_kind": "demand"}, "geometry": {"type": "Polygon", "coordinates": [[[24.99935, 60.30288], [24.99928, 60.30297], [24.99915, 60.30313], [24.9988, 60.30306], [24.99901, 60.30281], [24.99935, 60.30288]]]}}, {"type": "Feature", "properties": {"area_ha": 0.056, "dist_km": 2.944, "node": "Tapanila", "node_mw": 45, "osm_id": 1302657566, "anchor_kind": "demand"}, "geometry": {"type": "Polygon", "coordinates": [[[24.9999, 60.30373], [25.00009, 60.30388], [24.99993, 60.30393], [24.99965, 60.30401], [24.99946, 60.30386], [24.9999, 60.30373]]]}}, {"type": "Feature", "properties": {"area_ha": 0.056, "dist_km": 2.964, "node": "Tapanila", "node_mw": 45, "osm_id": 1302657567, "anchor_kind": "demand"}, "geometry": {"type": "Polygon", "coordinates": [[[25.00017, 60.30395], [25.00036, 60.3041], [25.00004, 60.3042], [24.99992, 60.30423], [24.99973, 60.30408], [25.00001, 60.304], [25.00017, 60.30395]]]}}, {"type": "Feature", "properties": {"area_ha": 0.056, "dist_km": 2.996, "node": "Tapanila", "node_mw": 45, "osm_id": 1302657569, "anchor_kind": "demand"}, "geometry": {"type": "Polygon", "coordinates": [[[25.00061, 60.30429], [25.00078, 60.30444], [25.00059, 60.3045], [25.00033, 60.30457], [25.00015, 60.30442], [25.00026, 60.30439], [25.00061, 60.30429]]]}}, {"type": "Feature", "properties": {"area_ha": 0.056, "dist_km": 3.015, "node": "Tapanila", "node_mw": 45, "osm_id": 1302657570, "anchor_kind": "demand"}, "geometry": {"type": "Polygon", "coordinates": [[[25.00085, 60.30451], [25.00103, 60.30466], [25.00058, 60.30479], [25.0004, 60.30464], [25.00066, 60.30456], [25.00085, 60.30451]]]}}, {"type": "Feature", "properties": {"area_ha": 0.083, "dist_km": 2.69, "node": "Tapanila", "node_mw": 45, "osm_id": 1302657573, "anchor_kind": "demand"}, "geometry": {"type": "Polygon", "coordinates": [[[24.99253, 60.30055], [24.99282, 60.30037], [24.99302, 60.30039], [24.99296, 60.30049], [24.99361, 60.30055], [24.99356, 60.30066], [24.99253, 60.30055]]]}}, {"type": "Feature", "properties": {"area_ha": 0.035, "dist_km": 1.912, "node": "Tapanila", "node_mw": 45, "osm_id": 1307973456, "anchor_kind": "demand"}, "geometry": {"type": "Polygon", "coordinates": [[[24.98669, 60.29004], [24.98603, 60.29007], [24.98604, 60.29016], [24.98671, 60.29013], [24.98669, 60.29004]]]}}, {"type": "Feature", "properties": {"area_ha": 0.105, "dist_km": 0.245, "node": "Tapanila", "node_mw": 45, "osm_id": 1330920938, "anchor_kind": "demand"}, "geometry": {"type": "Polygon", "coordinates": [[[25.01523, 60.27776], [25.01561, 60.27773], [25.01544, 60.27729], [25.01506, 60.27732], [25.01523, 60.27776]]]}}, {"type": "Feature", "properties": {"area_ha": 0.253, "dist_km": 2.033, "node": "Ilmalantori", "node_mw": 27, "osm_id": 1334283669, "anchor_kind": "demand"}, "geometry": {"type": "Polygon", "coordinates": [[[24.91344, 60.23138], [24.91371, 60.23136], [24.9141, 60.23135], [24.91425, 60.23133], [24.91436, 60.23134], [24.91452, 60.23147], [24.91457, 60.23146], [24.91462, 60.23145], [24.91463, 60.23146], [24.91471, 60.23144], [24.91473, 60.23125], [24.91458, 60.23104], [24.91442, 60.23103], [24.91422, 60.23094], [24.914, 60.23101], [24.91386, 60.231], [24.91383, 60.23102], [24.91379, 60.23105], [24.9135, 60.23124], [24.91334, 60.23135], [24.91338, 60.23137], [24.91344, 60.23138]]]}}, {"type": "Feature", "properties": {"area_ha": 0.001, "dist_km": 1.702, "node": "Pitäjänmäki E", "node_mw": 23, "osm_id": 1334283671, "anchor_kind": "demand"}, "geometry": {"type": "Polygon", "coordinates": [[[24.87464, 60.22494], [24.87464, 60.22494], [24.87465, 60.22494], [24.87466, 60.22494], [24.87467, 60.22494], [24.87467, 60.22495], [24.87467, 60.22495], [24.87467, 60.22496], [24.87467, 60.22496], [24.87467, 60.22496], [24.87466, 60.22496], [24.87465, 60.22496], [24.87465, 60.22496], [24.87464, 60.22496], [24.87463, 60.22496], [24.87463, 60.22496], [24.87463, 60.22495], [24.87463, 60.22495], [24.87463, 60.22495], [24.87464, 60.22494]]]}}, {"type": "Feature", "properties": {"area_ha": 0.021, "dist_km": 2.799, "node": "Ilmalantori", "node_mw": 27, "osm_id": 1387366338, "anchor_kind": "demand"}, "geometry": {"type": "Polygon", "coordinates": [[[24.89674, 60.18988], [24.89684, 60.18986], [24.89665, 60.18957], [24.89654, 60.18959], [24.89674, 60.18988]]]}}, {"type": "Feature", "properties": {"area_ha": 0.389, "dist_km": 1.048, "node": "Pukinmäki", "node_mw": 23, "osm_id": 1413796823, "anchor_kind": "demand"}, "geometry": {"type": "Polygon", "coordinates": [[[24.97263, 60.27443], [24.97252, 60.27404], [24.97271, 60.27402], [24.97271, 60.27405], [24.97399, 60.27396], [24.97428, 60.27407], [24.97435, 60.27431], [24.97368, 60.27436], [24.97263, 60.27443]]]}}, {"type": "Feature", "properties": {"area_ha": 0.364, "dist_km": 2.64, "node": "Tapanila", "node_mw": 45, "osm_id": 1443307352, "anchor_kind": "demand"}, "geometry": {"type": "Polygon", "coordinates": [[[25.00208, 60.30099], [25.00253, 60.30113], [25.00273, 60.30098], [25.00303, 60.30107], [25.00309, 60.30109], [25.00291, 60.30123], [25.00302, 60.30127], [25.00299, 60.30129], [25.00312, 60.30133], [25.00281, 60.30157], [25.00293, 60.30161], [25.00276, 60.30174], [25.00269, 60.30172], [25.00262, 60.30178], [25.0026, 60.30177], [25.00198, 60.30158], [25.00209, 60.30149], [25.00202, 60.30147], [25.00209, 60.30141], [25.00219, 60.30144], [25.00233, 60.30133], [25.00184, 60.30118], [25.00194, 60.3011], [25.00208, 60.30099]]]}}, {"type": "Feature", "properties": {"area_ha": 5.419, "dist_km": 2.352, "node": "Tapanila", "node_mw": 45, "osm_id": 1448055706, "anchor_kind": "demand"}, "geometry": {"type": "Polygon", "coordinates": [[[24.99262, 60.29568], [24.99315, 60.29599], [24.99342, 60.29608], [24.99493, 60.29634], [24.99485, 60.29641], [24.99451, 60.29686], [24.99419, 60.29735], [24.99392, 60.29767], [24.99355, 60.29808], [24.99334, 60.29826], [24.99306, 60.2985], [24.99271, 60.29843], [24.99251, 60.29836], [24.99236, 60.29828], [24.99161, 60.29786], [24.9912, 60.29762], [24.99115, 60.29766], [24.99111, 60.29763], [24.99105, 60.29759], [24.99044, 60.29718], [24.99022, 60.29708], [24.99008, 60.29697], [24.99004, 60.29687], [24.99003, 60.29681], [24.99012, 60.29665], [24.99023, 60.29642], [24.99036, 60.29617], [24.99039, 60.29602], [24.99041, 60.29594], [24.9904, 60.29582], [24.99038, 60.29567], [24.99107, 60.29559], [24.99214, 60.2955], [24.99257, 60.2957], [24.99262, 60.29568]]]}}, {"type": "Feature", "properties": {"area_ha": 0.343, "dist_km": 3.015, "node": "Tapanila", "node_mw": 45, "osm_id": 1469605063, "anchor_kind": "demand"}, "geometry": {"type": "Polygon", "coordinates": [[[25.00537, 60.30514], [25.00515, 60.30528], [25.00376, 60.3048], [25.00421, 60.3045], [25.00535, 60.30499], [25.00537, 60.30514]]]}}, {"type": "Feature", "properties": {"area_ha": 0.955, "dist_km": 1.786, "node": "Tapanila", "node_mw": 45, "osm_id": 1485416537, "anchor_kind": "demand"}, "geometry": {"type": "Polygon", "coordinates": [[[24.98852, 60.29011], [24.989, 60.29023], [24.98954, 60.29041], [24.98968, 60.29031], [24.98993, 60.29025], [24.99006, 60.29025], [24.99017, 60.29018], [24.99022, 60.29013], [24.99118, 60.28976], [24.99012, 60.28926], [24.98944, 60.28946], [24.98877, 60.28989], [24.98873, 60.28996], [24.98867, 60.29002], [24.9886, 60.29007], [24.98852, 60.29011]]]}}, {"type": "Feature", "properties": {"area_ha": 0.699, "dist_km": 1.6, "node": "Pitäjänmäki E", "node_mw": 23, "osm_id": 1488808373, "anchor_kind": "demand"}, "geometry": {"type": "Polygon", "coordinates": [[[24.87706, 60.22334], [24.8776, 60.22345], [24.87809, 60.22357], [24.87843, 60.22323], [24.87862, 60.22297], [24.87885, 60.22265], [24.87839, 60.2226], [24.87769, 60.22253], [24.87753, 60.22269], [24.87705, 60.22321], [24.87708, 60.22322], [24.87709, 60.22325], [24.8771, 60.22329], [24.87706, 60.22334]]]}}, {"type": "Feature", "properties": {"area_ha": 3.921, "dist_km": 1.409, "node": "Pitäjänmäki E", "node_mw": 23, "osm_id": 1529442403, "anchor_kind": "demand"}, "geometry": {"type": "Polygon", "coordinates": [[[24.87482, 60.22235], [24.87479, 60.22223], [24.87428, 60.22218], [24.87391, 60.22216], [24.87346, 60.22214], [24.87322, 60.22213], [24.87231, 60.22212], [24.87107, 60.22215], [24.87049, 60.22219], [24.87075, 60.22265], [24.87085, 60.22282], [24.86992, 60.22294], [24.86885, 60.2231], [24.86738, 60.22331], [24.86725, 60.22334], [24.86716, 60.22338], [24.86706, 60.22345], [24.8665, 60.22388], [24.86738, 60.22415], [24.86779, 60.2244], [24.86791, 60.22446], [24.87276, 60.22277], [24.8731, 60.22267], [24.87364, 60.22254], [24.87397, 60.22247], [24.87438, 60.2224], [24.87459, 60.22237], [24.87482, 60.22235]]]}}, {"type": "Feature", "properties": {"area_ha": 6.081, "dist_km": 1.667, "node": "Pitäjänmäki E", "node_mw": 23, "osm_id": 1529444028, "anchor_kind": "demand"}, "geometry": {"type": "Polygon", "coordinates": [[[24.87624, 60.22494], [24.8747, 60.22433], [24.87441, 60.22442], [24.87422, 60.22447], [24.87393, 60.22453], [24.87372, 60.22456], [24.87364, 60.22458], [24.87354, 60.22459], [24.87319, 60.22463], [24.87296, 60.22464], [24.87294, 60.22465], [24.87289, 60.22466], [24.87283, 60.22466], [24.87281, 60.22466], [24.87268, 60.22467], [24.87215, 60.22471], [24.87155, 60.22476], [24.87117, 60.22479], [24.87112, 60.2248], [24.87088, 60.22483], [24.8708, 60.22484], [24.87064, 60.22486], [24.87028, 60.22494], [24.87006, 60.22499], [24.86986, 60.22505], [24.86962, 60.22513], [24.86923, 60.22527], [24.86951, 60.22546], [24.86956, 60.22549], [24.86982, 60.22568], [24.86997, 60.22581], [24.87018, 60.22595], [24.87046, 60.22614], [24.87102, 60.22638], [24.87238, 60.22685], [24.87245, 60.22688], [24.8732, 60.22683], [24.87375, 60.22647], [24.87624, 60.22494]]]}}, {"type": "Feature", "properties": {"area_ha": 1.652, "dist_km": 0.716, "node": "Punavuori", "node_mw": 27, "osm_id": 4260855, "anchor_kind": "demand"}, "geometry": {"type": "Polygon", "coordinates": [[[24.92663, 60.15734], [24.92998, 60.15513], [24.92999, 60.15513], [24.92997, 60.15512], [24.92922, 60.15484], [24.92603, 60.15693], [24.92595, 60.15699], [24.92586, 60.15704], [24.92587, 60.15705], [24.92585, 60.15706], [24.92642, 60.15727], [24.92643, 60.15726], [24.92663, 60.15734]]]}}, {"type": "Feature", "properties": {"area_ha": 0.612, "dist_km": 0.896, "node": "Punavuori", "node_mw": 27, "osm_id": 4261039, "anchor_kind": "demand"}, "geometry": {"type": "Polygon", "coordinates": [[[24.9255, 60.15863], [24.92613, 60.15888], [24.92762, 60.15793], [24.92744, 60.15786], [24.9275, 60.1578], [24.92738, 60.15775], [24.92728, 60.1578], [24.92696, 60.15768], [24.9255, 60.15863]]]}}, {"type": "Feature", "properties": {"area_ha": 0.145, "dist_km": 0.721, "node": "Punavuori", "node_mw": 27, "osm_id": 4261040, "anchor_kind": "demand"}, "geometry": {"type": "Polygon", "coordinates": [[[24.92842, 60.15667], [24.92871, 60.15678], [24.9295, 60.15627], [24.92921, 60.15616], [24.92842, 60.15667]]]}}, {"type": "Feature", "properties": {"area_ha": 0.301, "dist_km": 0.629, "node": "Punavuori", "node_mw": 27, "osm_id": 4261041, "anchor_kind": "demand"}, "geometry": {"type": "Polygon", "coordinates": [[[24.93066, 60.15535], [24.93024, 60.15528], [24.93018, 60.15538], [24.93005, 60.15536], [24.92998, 60.15548], [24.92993, 60.15547], [24.92956, 60.15604], [24.93016, 60.15613], [24.93066, 60.15535]]]}}, {"type": "Feature", "properties": {"area_ha": 0.069, "dist_km": 0.603, "node": "Punavuori", "node_mw": 27, "osm_id": 4261043, "anchor_kind": "demand"}, "geometry": {"type": "Polygon", "coordinates": [[[24.92757, 60.1553], [24.92696, 60.15534], [24.92701, 60.15552], [24.92762, 60.15548], [24.92757, 60.1553]]]}}, {"type": "Feature", "properties": {"area_ha": 0.124, "dist_km": 0.569, "node": "Punavuori", "node_mw": 27, "osm_id": 4261044, "anchor_kind": "demand"}, "geometry": {"type": "Polygon", "coordinates": [[[24.92718, 60.15509], [24.92713, 60.15493], [24.92685, 60.15495], [24.92693, 60.15525], [24.92708, 60.15524], [24.92787, 60.15518], [24.92802, 60.15517], [24.92798, 60.15504], [24.92718, 60.15509]]]}}, {"type": "Feature", "properties": {"area_ha": 0.322, "dist_km": 2.522, "node": "Kluuvi", "node_mw": 24, "osm_id": 11072954, "anchor_kind": "demand"}, "geometry": {"type": "Polygon", "coordinates": [[[24.96957, 60.18673], [24.9696, 60.18676], [24.96957, 60.18677], [24.96997, 60.18711], [24.96987, 60.18714], [24.97002, 60.18728], [24.97018, 60.18723], [24.97025, 60.18729], [24.97035, 60.18726], [24.97046, 60.18737], [24.97118, 60.18716], [24.97105, 60.18705], [24.97105, 60.18705], [24.97069, 60.18715], [24.97008, 60.18662], [24.97005, 60.18663], [24.97002, 60.1866], [24.96995, 60.18658], [24.96987, 60.18658], [24.96981, 60.1866], [24.9698, 60.18659], [24.96973, 60.18661], [24.96966, 60.18663], [24.96966, 60.18664], [24.96961, 60.18665], [24.96956, 60.18669], [24.96957, 60.18673]]]}}, {"type": "Feature", "properties": {"area_ha": 0.064, "dist_km": 2.635, "node": "Kluuvi", "node_mw": 24, "osm_id": 11073063, "anchor_kind": "demand"}, "geometry": {"type": "Polygon", "coordinates": [[[24.97266, 60.18707], [24.97266, 60.18707], [24.97266, 60.18707], [24.97276, 60.18716], [24.97277, 60.18716], [24.97278, 60.18717], [24.97338, 60.18699], [24.97332, 60.18694], [24.97324, 60.18687], [24.97321, 60.18684], [24.97286, 60.18694], [24.97292, 60.18699], [24.97266, 60.18707]]]}}, {"type": "Feature", "properties": {"area_ha": 0.042, "dist_km": 2.662, "node": "Kluuvi", "node_mw": 24, "osm_id": 11073383, "anchor_kind": "demand"}, "geometry": {"type": "Polygon", "coordinates": [[[24.97285, 60.18724], [24.97296, 60.18734], [24.97322, 60.18726], [24.97326, 60.18725], [24.97351, 60.18718], [24.9734, 60.18709], [24.97285, 60.18724]]]}}, {"type": "Feature", "properties": {"area_ha": 0.373, "dist_km": 2.327, "node": "Kluuvi", "node_mw": 24, "osm_id": 11073715, "anchor_kind": "demand"}, "geometry": {"type": "Polygon", "coordinates": [[[24.96789, 60.18494], [24.96896, 60.18552], [24.96953, 60.18526], [24.96952, 60.18526], [24.96937, 60.18518], [24.96927, 60.18512], [24.96848, 60.18469], [24.96846, 60.18468], [24.96789, 60.18494]]]}}, {"type": "Feature", "properties": {"area_ha": 0.454, "dist_km": 2.05, "node": "Punavuori", "node_mw": 27, "osm_id": 14829857, "anchor_kind": "demand"}, "geometry": {"type": "Polygon", "coordinates": [[[24.90324, 60.1636], [24.90305, 60.16372], [24.90299, 60.1637], [24.90297, 60.16371], [24.90295, 60.1637], [24.90285, 60.16376], [24.90295, 60.1638], [24.90301, 60.16382], [24.90271, 60.16402], [24.90337, 60.16427], [24.90347, 60.16431], [24.90375, 60.16441], [24.90404, 60.16422], [24.90407, 60.16423], [24.90413, 60.16419], [24.90419, 60.16415], [24.90416, 60.16414], [24.90434, 60.16403], [24.9041, 60.16394], [24.90417, 60.16389], [24.90423, 60.16386], [24.90431, 60.1638], [24.90427, 60.16378], [24.90419, 60.16383], [24.90413, 60.16387], [24.9041, 60.16386], [24.90403, 60.16391], [24.90388, 60.16386], [24.90399, 60.16379], [24.90345, 60.16358], [24.90336, 60.16364], [24.90324, 60.1636]]]}}, {"type": "Feature", "properties": {"area_ha": 0.043, "dist_km": 1.955, "node": "Kluuvi", "node_mw": 24, "osm_id": 19985701, "anchor_kind": "demand"}, "geometry": {"type": "Polygon", "coordinates": [[[24.96255, 60.18341], [24.96246, 60.18335], [24.96239, 60.18332], [24.96234, 60.18329], [24.96241, 60.18326], [24.96239, 60.18324], [24.96236, 60.18322], [24.9624, 60.18321], [24.96237, 60.18319], [24.96234, 60.18317], [24.96223, 60.18322], [24.9621, 60.18327], [24.9625, 60.18352], [24.96253, 60.18354], [24.96266, 60.18348], [24.96266, 60.18348], [24.96264, 60.18346], [24.96261, 60.18345], [24.96257, 60.18342], [24.96255, 60.18341]]]}}, {"type": "Feature", "properties": {"area_ha": 2.27, "dist_km": 2.335, "node": "Kluuvi", "node_mw": 24, "osm_id": 22904384, "anchor_kind": "demand"}, "geometry": {"type": "Polygon", "coordinates": [[[24.9714, 60.18295], [24.9692, 60.18394], [24.96991, 60.18434], [24.97082, 60.18485], [24.97113, 60.1848], [24.97247, 60.18424], [24.97227, 60.18411], [24.97293, 60.18382], [24.9714, 60.18295]]]}}, {"type": "Feature", "properties": {"area_ha": 0.401, "dist_km": 1.297, "node": "Kluuvi", "node_mw": 24, "osm_id": 22957630, "anchor_kind": "demand"}, "geometry": {"type": "Polygon", "coordinates": [[[24.96566, 60.16567], [24.96564, 60.16565], [24.96541, 60.16548], [24.9654, 60.16548], [24.96539, 60.16547], [24.96536, 60.16547], [24.96469, 60.1657], [24.96432, 60.16582], [24.96367, 60.16604], [24.9637, 60.16606], [24.96365, 60.16608], [24.9633, 60.16619], [24.96336, 60.16624], [24.96342, 60.16629], [24.96345, 60.16631], [24.96354, 60.16637], [24.96356, 60.16639], [24.96358, 60.16638], [24.96409, 60.16621], [24.96456, 60.16605], [24.965, 60.16591], [24.96551, 60.16574], [24.96565, 60.16569], [24.96565, 60.16569], [24.96566, 60.16569], [24.96567, 60.16568], [24.96567, 60.16568], [24.96566, 60.16567]]]}}, {"type": "Feature", "properties": {"area_ha": 0.071, "dist_km": 2.284, "node": "Punavuori", "node_mw": 27, "osm_id": 23044675, "anchor_kind": "demand"}, "geometry": {"type": "Polygon", "coordinates": [[[24.88647, 60.15024], [24.8867, 60.15024], [24.88686, 60.15024], [24.88695, 60.15024], [24.88701, 60.15001], [24.88657, 60.14997], [24.88652, 60.15011], [24.88647, 60.15024]]]}}, {"type": "Feature", "properties": {"area_ha": 0.557, "dist_km": 1.995, "node": "Kluuvi", "node_mw": 24, "osm_id": 23233811, "anchor_kind": "demand"}, "geometry": {"type": "Polygon", "coordinates": [[[24.92247, 60.18472], [24.9234, 60.18412], [24.92334, 60.18409], [24.92329, 60.18408], [24.92324, 60.18405], [24.92319, 60.18404], [24.92314, 60.18402], [24.92309, 60.184], [24.92304, 60.18398], [24.92299, 60.18396], [24.92294, 60.18394], [24.92289, 60.18392], [24.92284, 60.1839], [24.92279, 60.18389], [24.92276, 60.18387], [24.92266, 60.18394], [24.92263, 60.18392], [24.92259, 60.18391], [24.92253, 60.18389], [24.92248, 60.18387], [24.9224, 60.18384], [24.92234, 60.18381], [24.92151, 60.18435], [24.92232, 60.18466], [24.92223, 60.18471], [24.92223, 60.18474], [24.92226, 60.18477], [24.92228, 60.18479], [24.92233, 60.18481], [24.92247, 60.18472]]]}}, {"type": "Feature", "properties": {"area_ha": 0.611, "dist_km": 0.523, "node": "Punavuori", "node_mw": 27, "osm_id": 23949215, "anchor_kind": "demand"}, "geometry": {"type": "Polygon", "coordinates": [[[24.92924, 60.15442], [24.92923, 60.15442], [24.92922, 60.15441], [24.92906, 60.15442], [24.92905, 60.15443], [24.9289, 60.15444], [24.92877, 60.15445], [24.92874, 60.15445], [24.92873, 60.15445], [24.92872, 60.15445], [24.92871, 60.15443], [24.92782, 60.15449], [24.92782, 60.15447], [24.92781, 60.15446], [24.92767, 60.15447], [24.9271, 60.15452], [24.92627, 60.15457], [24.92625, 60.15458], [24.92624, 60.15459], [24.92624, 60.15459], [24.92625, 60.15465], [24.92626, 60.15465], [24.92626, 60.15465], [24.92627, 60.15466], [24.92626, 60.15466], [24.92626, 60.15467], [24.92628, 60.15476], [24.92629, 60.15476], [24.92635, 60.155], [24.92636, 60.15501], [24.92638, 60.15502], [24.9264, 60.15502], [24.92658, 60.15501], [24.92661, 60.15501], [24.92662, 60.155], [24.92663, 60.15499], [24.92663, 60.15499], [24.92656, 60.15476], [24.92681, 60.15474], [24.92684, 60.15484], [24.92699, 60.15483], [24.92701, 60.15488], [24.92712, 60.15488], [24.92715, 60.15487], [24.92729, 60.15486], [24.92745, 60.15485], [24.92767, 60.15484], [24.92768, 60.15488], [24.92793, 60.15487], [24.92792, 60.15484], [24.92863, 60.15479], [24.92881, 60.15478], [24.9288, 60.15476], [24.92894, 60.15475], [24.92893, 60.1547], [24.92879, 60.15471], [24.92877, 60.15466], [24.929, 60.15465], [24.92928, 60.15463], [24.92929, 60.15462], [24.92926, 60.15452], [24.92924, 60.15442]]]}}, {"type": "Feature", "properties": {"area_ha": 0.021, "dist_km": 2.162, "node": "Punavuori", "node_mw": 27, "osm_id": 24449020, "anchor_kind": "demand"}, "geometry": {"type": "Polygon", "coordinates": [[[24.96685, 60.15128], [24.96692, 60.15137], [24.96685, 60.15139], [24.9669, 60.15146], [24.96704, 60.15143], [24.96719, 60.1514], [24.96713, 60.15133], [24.96702, 60.15135], [24.96697, 60.15127], [24.96693, 60.15128], [24.9669, 60.15128], [24.96685, 60.15128]]]}}, {"type": "Feature", "properties": {"area_ha": 0.396, "dist_km": 2.661, "node": "Kluuvi", "node_mw": 24, "osm_id": 24489074, "anchor_kind": "demand"}, "geometry": {"type": "Polygon", "coordinates": [[[24.95371, 60.19197], [24.9535, 60.19184], [24.95281, 60.19214], [24.95291, 60.1922], [24.95299, 60.19225], [24.95303, 60.19224], [24.95318, 60.19233], [24.95307, 60.19238], [24.95319, 60.19245], [24.95331, 60.19241], [24.95353, 60.19254], [24.95415, 60.19291], [24.9545, 60.19276], [24.95377, 60.19232], [24.95408, 60.19219], [24.95385, 60.19205], [24.95354, 60.19218], [24.9534, 60.19209], [24.95359, 60.19201], [24.95362, 60.19203], [24.95365, 60.19202], [24.95374, 60.19207], [24.95382, 60.19204], [24.95371, 60.19197]]]}}, {"type": "Feature", "properties": {"area_ha": 0.802, "dist_km": 2.071, "node": "Kluuvi", "node_mw": 24, "osm_id": 24724941, "anchor_kind": "demand"}, "geometry": {"type": "Polygon", "coordinates": [[[24.90541, 60.16582], [24.90543, 60.16582], [24.90545, 60.16582], [24.90547, 60.16582], [24.90548, 60.16581], [24.9055, 60.1658], [24.90551, 60.1658], [24.90552, 60.16579], [24.90552, 60.16578], [24.90552, 60.16577], [24.90552, 60.16576], [24.90552, 60.16575], [24.90551, 60.16575], [24.9055, 60.16574], [24.90549, 60.16573], [24.90548, 60.16573], [24.90546, 60.16572], [24.90544, 60.16572], [24.90542, 60.16572], [24.9054, 60.16571], [24.90542, 60.16569], [24.90537, 60.16568], [24.90533, 60.16566], [24.90543, 60.1656], [24.9053, 60.16555], [24.90528, 60.16556], [24.90521, 60.16553], [24.90512, 60.16558], [24.90503, 60.16555], [24.90511, 60.16549], [24.90516, 60.16552], [24.90525, 60.16546], [24.90518, 60.16544], [24.9054, 60.16529], [24.90541, 60.1653], [24.9054, 60.1653], [24.90547, 60.16533], [24.90552, 60.1653], [24.90553, 60.16531], [24.90549, 60.16534], [24.90556, 60.16536], [24.90562, 60.16532], [24.90571, 60.16535], [24.90592, 60.16522], [24.90571, 60.16514], [24.90583, 60.16506], [24.9063, 60.16524], [24.90651, 60.1651], [24.90607, 60.16494], [24.90627, 60.16481], [24.90601, 60.16471], [24.90588, 60.1648], [24.90553, 60.16467], [24.90547, 60.16471], [24.90544, 60.1647], [24.90529, 60.16464], [24.90496, 60.16486], [24.90479, 60.16479], [24.90462, 60.1649], [24.90459, 60.16493], [24.90481, 60.16501], [24.90485, 60.16503], [24.90479, 60.16506], [24.90478, 60.16507], [24.90485, 60.1651], [24.90486, 60.16509], [24.90488, 60.1651], [24.90469, 60.16521], [24.90462, 60.16518], [24.90464, 60.16517], [24.90438, 60.16506], [24.90413, 60.16523], [24.9044, 60.16533], [24.90451, 60.16526], [24.90474, 60.16534], [24.90446, 60.16553], [24.90439, 60.1655], [24.90429, 60.16557], [24.90436, 60.16559], [24.90435, 60.1656], [24.90434, 60.1656], [24.90434, 60.1656], [24.90506, 60.16587], [24.90511, 60.16589], [24.90513, 60.16588], [24.90515, 60.16589], [24.90516, 60.1659], [24.90517, 60.16591], [24.90519, 60.16592], [24.90521, 60.16592], [24.90523, 60.16593], [24.90525, 60.16593], [24.90527, 60.16593], [24.90529, 60.16592], [24.90531, 60.16592], [24.90533, 60.16591], [24.90534, 60.1659], [24.90535, 60.16589], [24.90536, 60.16588], [24.90536, 60.16587], [24.90535, 60.16586], [24.90537, 60.16585], [24.9054, 60.16586], [24.90543, 60.16584], [24.9054, 60.16583], [24.90541, 60.16582]]]}}, {"type": "Feature", "properties": {"area_ha": 0.089, "dist_km": 2.013, "node": "Punavuori", "node_mw": 27, "osm_id": 24724998, "anchor_kind": "demand"}, "geometry": {"type": "Polygon", "coordinates": [[[24.90372, 60.16357], [24.90427, 60.16378], [24.90431, 60.1638], [24.90445, 60.16385], [24.90454, 60.16388], [24.90466, 60.1638], [24.90474, 60.16383], [24.90478, 60.16381], [24.90388, 60.16347], [24.90381, 60.16351], [24.90378, 60.1635], [24.90374, 60.16352], [24.90378, 60.16353], [24.90372, 60.16357], [24.90372, 60.16357]]]}}, {"type": "Feature", "properties": {"area_ha": 0.045, "dist_km": 2.142, "node": "Punavuori", "node_mw": 27, "osm_id": 24725130, "anchor_kind": "demand"}, "geometry": {"type": "Polygon", "coordinates": [[[24.90386, 60.16524], [24.9042, 60.16502], [24.90399, 60.16494], [24.90365, 60.16516], [24.90386, 60.16524]]]}}, {"type": "Feature", "properties": {"area_ha": 0.039, "dist_km": 2.175, "node": "Punavuori", "node_mw": 27, "osm_id": 24725177, "anchor_kind": "demand"}, "geometry": {"type": "Polygon", "coordinates": [[[24.90168, 60.16465], [24.90191, 60.16473], [24.90199, 60.16476], [24.90202, 60.16474], [24.9021, 60.16468], [24.90207, 60.16467], [24.90216, 60.16461], [24.90192, 60.16452], [24.90189, 60.16451], [24.90168, 60.16465]]]}}, {"type": "Feature", "properties": {"area_ha": 0.064, "dist_km": 2.155, "node": "Punavuori", "node_mw": 27, "osm_id": 24725178, "anchor_kind": "demand"}, "geometry": {"type": "Polygon", "coordinates": [[[24.90237, 60.16471], [24.90293, 60.16492], [24.90311, 60.1648], [24.90255, 60.16459], [24.90237, 60.16471]]]}}, {"type": "Feature", "properties": {"area_ha": 0.013, "dist_km": 3.003, "node": "Punavuori", "node_mw": 27, "osm_id": 24916981, "anchor_kind": "demand"}, "geometry": {"type": "Polygon", "coordinates": [[[24.98151, 60.14583], [24.98171, 60.14579], [24.98164, 60.1457], [24.98144, 60.14573], [24.98151, 60.14583]]]}}, {"type": "Feature", "properties": {"area_ha": 0.007, "dist_km": 2.655, "node": "Kluuvi", "node_mw": 24, "osm_id": 25318052, "anchor_kind": "demand"}, "geometry": {"type": "Polygon", "coordinates": [[[24.9727, 60.1873], [24.97282, 60.18727], [24.9729, 60.18734], [24.97278, 60.18737], [24.9727, 60.1873]]]}}, {"type": "Feature", "properties": {"area_ha": 0.125, "dist_km": 0.893, "node": "Punavuori", "node_mw": 27, "osm_id": 26936195, "anchor_kind": "demand"}, "geometry": {"type": "Polygon", "coordinates": [[[24.94337, 60.15183], [24.94439, 60.15221], [24.94421, 60.15233], [24.94354, 60.15208], [24.94349, 60.15206], [24.94341, 60.15211], [24.94331, 60.15208], [24.94338, 60.15202], [24.94319, 60.15195], [24.94337, 60.15183]]]}}, {"type": "Feature", "properties": {"area_ha": 0.021, "dist_km": 0.878, "node": "Punavuori", "node_mw": 27, "osm_id": 26936322, "anchor_kind": "demand"}, "geometry": {"type": "Polygon", "coordinates": [[[24.94302, 60.15227], [24.94326, 60.15211], [24.94339, 60.15215], [24.94336, 60.15218], [24.94315, 60.15232], [24.94302, 60.15227]]]}}, {"type": "Feature", "properties": {"area_ha": 0.035, "dist_km": 1.065, "node": "Punavuori", "node_mw": 27, "osm_id": 26936497, "anchor_kind": "demand"}, "geometry": {"type": "Polygon", "coordinates": [[[24.94715, 60.15176], [24.94701, 60.15167], [24.94687, 60.15159], [24.94676, 60.15163], [24.94674, 60.15164], [24.94677, 60.15166], [24.94668, 60.1517], [24.94689, 60.15183], [24.94694, 60.1518], [24.94696, 60.15182], [24.94698, 60.15181], [24.94701, 60.1518], [24.94704, 60.15179], [24.94704, 60.15179], [24.94706, 60.1518], [24.94715, 60.15176]]]}}, {"type": "Feature", "properties": {"area_ha": 0.07, "dist_km": 2.246, "node": "Punavuori", "node_mw": 27, "osm_id": 26956618, "anchor_kind": "demand"}, "geometry": {"type": "Polygon", "coordinates": [[[24.88712, 60.15054], [24.88734, 60.15055], [24.88769, 60.15055], [24.88769, 60.15042], [24.88769, 60.15035], [24.88737, 60.15034], [24.88714, 60.15034], [24.88712, 60.15054]]]}}, {"type": "Feature", "properties": {"area_ha": 0.301, "dist_km": 2.136, "node": "Punavuori", "node_mw": 27, "osm_id": 26956706, "anchor_kind": "demand"}, "geometry": {"type": "Polygon", "coordinates": [[[24.8885, 60.1497], [24.8901, 60.14972], [24.89012, 60.14942], [24.88995, 60.14941], [24.8899, 60.14941], [24.88984, 60.14941], [24.88966, 60.14941], [24.88929, 60.1494], [24.88929, 60.14941], [24.88849, 60.1494], [24.88848, 60.14969], [24.8885, 60.1497]]]}}, {"type": "Feature", "properties": {"area_ha": 0.022, "dist_km": 2.141, "node": "Punavuori", "node_mw": 27, "osm_id": 26956713, "anchor_kind": "demand"}, "geometry": {"type": "Polygon", "coordinates": [[[24.88918, 60.15093], [24.88917, 60.15103], [24.88954, 60.15104], [24.88955, 60.15094], [24.88918, 60.15093]]]}}, {"type": "Feature", "properties": {"area_ha": 0.134, "dist_km": 2.163, "node": "Punavuori", "node_mw": 27, "osm_id": 26956723, "anchor_kind": "demand"}, "geometry": {"type": "Polygon", "coordinates": [[[24.88843, 60.14898], [24.88839, 60.14917], [24.88862, 60.14918], [24.88862, 60.14916], [24.88863, 60.14912], [24.88998, 60.14919], [24.89001, 60.14907], [24.88843, 60.14898]]]}}, {"type": "Feature", "properties": {"area_ha": 0.949, "dist_km": 1.7, "node": "Punavuori", "node_mw": 27, "osm_id": 28231918, "anchor_kind": "demand"}, "geometry": {"type": "Polygon", "coordinates": [[[24.90893, 60.16157], [24.90894, 60.16154], [24.90896, 60.1615], [24.90794, 60.1614], [24.90778, 60.16144], [24.90762, 60.1617], [24.90757, 60.16204], [24.90762, 60.1621], [24.90809, 60.16219], [24.90829, 60.16223], [24.90857, 60.16224], [24.90873, 60.16224], [24.90875, 60.16224], [24.90877, 60.16224], [24.9088, 60.16224], [24.90883, 60.16224], [24.90966, 60.16227], [24.90972, 60.16215], [24.90973, 60.16212], [24.90987, 60.1618], [24.90989, 60.16167], [24.90977, 60.16165], [24.90922, 60.1616], [24.90893, 60.16157]]]}}, {"type": "Feature", "properties": {"area_ha": 0.175, "dist_km": 2.628, "node": "Punavuori", "node_mw": 27, "osm_id": 28507442, "anchor_kind": "demand"}, "geometry": {"type": "Polygon", "coordinates": [[[24.88032, 60.15303], [24.88155, 60.15316], [24.88159, 60.15306], [24.88164, 60.15294], [24.8814, 60.15292], [24.88043, 60.15281], [24.88042, 60.15282], [24.88036, 60.15296], [24.88035, 60.15298], [24.88032, 60.15303]]]}}, {"type": "Feature", "properties": {"area_ha": 0.152, "dist_km": 2.619, "node": "Punavuori", "node_mw": 27, "osm_id": 28507444, "anchor_kind": "demand"}, "geometry": {"type": "Polygon", "coordinates": [[[24.88047, 60.15267], [24.88158, 60.15279], [24.88165, 60.15262], [24.88103, 60.15256], [24.88106, 60.15248], [24.88108, 60.15244], [24.88059, 60.15239], [24.88058, 60.15243], [24.88055, 60.15249], [24.88047, 60.15267]]]}}, {"type": "Feature", "properties": {"area_ha": 0.098, "dist_km": 2.69, "node": "Punavuori", "node_mw": 27, "osm_id": 30092491, "anchor_kind": "demand"}, "geometry": {"type": "Polygon", "coordinates": [[[24.87917, 60.1522], [24.87919, 60.1522], [24.87985, 60.15228], [24.87995, 60.15229], [24.87997, 60.15229], [24.88005, 60.1521], [24.87927, 60.15201], [24.87926, 60.15201], [24.87917, 60.1522]]]}}, {"type": "Feature", "properties": {"area_ha": 0.039, "dist_km": 2.729, "node": "Punavuori", "node_mw": 27, "osm_id": 30092575, "anchor_kind": "demand"}, "geometry": {"type": "Polygon", "coordinates": [[[24.879, 60.15373], [24.87929, 60.15376], [24.87934, 60.15364], [24.8794, 60.15351], [24.87923, 60.15349], [24.87919, 60.15359], [24.87907, 60.15358], [24.879, 60.15373]]]}}, {"type": "Feature", "properties": {"area_ha": 0.225, "dist_km": 2.699, "node": "Punavuori", "node_mw": 27, "osm_id": 30094806, "anchor_kind": "demand"}, "geometry": {"type": "Polygon", "coordinates": [[[24.87885, 60.14891], [24.88017, 60.14905], [24.88032, 60.14872], [24.87997, 60.14869], [24.87992, 60.14882], [24.87927, 60.14875], [24.87933, 60.14862], [24.87912, 60.1486], [24.87912, 60.14859], [24.87912, 60.14859], [24.87898, 60.14857], [24.87898, 60.14858], [24.87895, 60.14863], [24.87897, 60.14863], [24.87894, 60.1487], [24.87889, 60.1488], [24.87885, 60.14891]]]}}, {"type": "Feature", "properties": {"area_ha": 0.456, "dist_km": 2.664, "node": "Punavuori", "node_mw": 27, "osm_id": 32134752, "anchor_kind": "demand"}, "geometry": {"type": "Polygon", "coordinates": [[[24.87881, 60.14899], [24.88006, 60.14912], [24.88026, 60.14914], [24.88045, 60.14872], [24.88046, 60.14869], [24.88047, 60.14866], [24.87902, 60.14849], [24.87881, 60.14899]]]}}, {"type": "Feature", "properties": {"area_ha": 0.058, "dist_km": 0.886, "node": "Kluuvi", "node_mw": 24, "osm_id": 34139408, "anchor_kind": "demand"}, "geometry": {"type": "Polygon", "coordinates": [[[24.95629, 60.17269], [24.95563, 60.17268], [24.95562, 60.17275], [24.95567, 60.17275], [24.95567, 60.17278], [24.95613, 60.1728], [24.95612, 60.17285], [24.95612, 60.17287], [24.95607, 60.17287], [24.95606, 60.17293], [24.95606, 60.17295], [24.95624, 60.17295], [24.95624, 60.17294], [24.95625, 60.17287], [24.95627, 60.17288], [24.95627, 60.17285], [24.95629, 60.17269]]]}}, {"type": "Feature", "properties": {"area_ha": 0.113, "dist_km": 2.339, "node": "Kluuvi", "node_mw": 24, "osm_id": 36905898, "anchor_kind": "demand"}, "geometry": {"type": "Polygon", "coordinates": [[[24.89988, 60.1714], [24.90029, 60.17125], [24.9002, 60.17119], [24.89992, 60.17101], [24.89985, 60.17097], [24.89944, 60.17112], [24.89988, 60.1714]]]}}, {"type": "Feature", "properties": {"area_ha": 0.019, "dist_km": 2.295, "node": "Kluuvi", "node_mw": 24, "osm_id": 36905902, "anchor_kind": "demand"}, "geometry": {"type": "Polygon", "coordinates": [[[24.90058, 60.17051], [24.90079, 60.17041], [24.90065, 60.17034], [24.90044, 60.17044], [24.90058, 60.17051]]]}}, {"type": "Feature", "properties": {"area_ha": 0.718, "dist_km": 1.039, "node": "Punavuori", "node_mw": 27, "osm_id": 52434766, "anchor_kind": "demand"}, "geometry": {"type": "Polygon", "coordinates": [[[24.93464, 60.15856], [24.93462, 60.15856], [24.9339, 60.15844], [24.93361, 60.1584], [24.93334, 60.15835], [24.93329, 60.15835], [24.93279, 60.15913], [24.93281, 60.15913], [24.93285, 60.15914], [24.93286, 60.15914], [24.93287, 60.15914], [24.93293, 60.15915], [24.93298, 60.15916], [24.93313, 60.15918], [24.93415, 60.15934], [24.93416, 60.15934], [24.93416, 60.15933], [24.93442, 60.15892], [24.93464, 60.15856]]]}}, {"type": "Feature", "properties": {"area_ha": 0.098, "dist_km": 2.227, "node": "Punavuori", "node_mw": 27, "osm_id": 88733048, "anchor_kind": "demand"}, "geometry": {"type": "Polygon", "coordinates": [[[24.8882, 60.15431], [24.88873, 60.15436], [24.88907, 60.15439], [24.88913, 60.15421], [24.88826, 60.15413], [24.8882, 60.15431]]]}}, {"type": "Feature", "properties": {"area_ha": 0.134, "dist_km": 2.353, "node": "Punavuori", "node_mw": 27, "osm_id": 88739502, "anchor_kind": "demand"}, "geometry": {"type": "Polygon", "coordinates": [[[24.88636, 60.15465], [24.88733, 60.1541], [24.8871, 60.154], [24.8862, 60.15452], [24.88612, 60.15456], [24.88619, 60.15459], [24.88622, 60.15457], [24.88627, 60.15459], [24.88625, 60.1546], [24.88636, 60.15465]]]}}, {"type": "Feature", "properties": {"area_ha": 0.62, "dist_km": 2.511, "node": "Punavuori", "node_mw": 27, "osm_id": 88742367, "anchor_kind": "demand"}, "geometry": {"type": "Polygon", "coordinates": [[[24.88167, 60.15401], [24.88209, 60.15405], [24.88221, 60.15376], [24.88259, 60.15381], [24.88247, 60.15409], [24.88286, 60.15414], [24.88292, 60.154], [24.88299, 60.15385], [24.88304, 60.15386], [24.88327, 60.15389], [24.88317, 60.15412], [24.88358, 60.15416], [24.88368, 60.15393], [24.88404, 60.15397], [24.88391, 60.15426], [24.88409, 60.15428], [24.88414, 60.15428], [24.88419, 60.15429], [24.8843, 60.1543], [24.88445, 60.15396], [24.88448, 60.1539], [24.88452, 60.15381], [24.88452, 60.15381], [24.88444, 60.1538], [24.8833, 60.15368], [24.88309, 60.15366], [24.88263, 60.15361], [24.88192, 60.15353], [24.88188, 60.15353], [24.88167, 60.15401]]]}}, {"type": "Feature", "properties": {"area_ha": 0.174, "dist_km": 1.726, "node": "Punavuori", "node_mw": 27, "osm_id": 91559832, "anchor_kind": "demand"}, "geometry": {"type": "Polygon", "coordinates": [[[24.90818, 60.1621], [24.90814, 60.16212], [24.9081, 60.16212], [24.90804, 60.16212], [24.90801, 60.16211], [24.90798, 60.1621], [24.90796, 60.16208], [24.9079, 60.16207], [24.90793, 60.16202], [24.90782, 60.16201], [24.90794, 60.16174], [24.90806, 60.16176], [24.90807, 60.16173], [24.90817, 60.16174], [24.90839, 60.16177], [24.9085, 60.16178], [24.90872, 60.16181], [24.90873, 60.16181], [24.90864, 60.16202], [24.90859, 60.16215], [24.90851, 60.16214], [24.90849, 60.16215], [24.90846, 60.16216], [24.90842, 60.16216], [24.90838, 60.16216], [24.90834, 60.16215], [24.90831, 60.16214], [24.90829, 60.16212], [24.90818, 60.1621]]]}}, {"type": "Feature", "properties": {"area_ha": 0.035, "dist_km": 1.41, "node": "Kluuvi", "node_mw": 24, "osm_id": 91665245, "anchor_kind": "demand"}, "geometry": {"type": "Polygon", "coordinates": [[[24.91637, 60.16911], [24.91662, 60.16911], [24.91664, 60.16889], [24.91639, 60.16888], [24.91637, 60.16911]]]}}, {"type": "Feature", "properties": {"area_ha": 0.084, "dist_km": 2.696, "node": "Punavuori", "node_mw": 27, "osm_id": 116354330, "anchor_kind": "demand"}, "geometry": {"type": "Polygon", "coordinates": [[[24.87908, 60.15146], [24.87941, 60.15149], [24.87945, 60.15141], [24.87948, 60.15133], [24.87957, 60.15111], [24.87936, 60.15109], [24.87937, 60.15107], [24.87929, 60.15106], [24.87928, 60.15108], [24.87923, 60.15108], [24.87908, 60.15146]]]}}, {"type": "Feature", "properties": {"area_ha": 0.996, "dist_km": 2.009, "node": "Kluuvi", "node_mw": 24, "osm_id": 127997680, "anchor_kind": "demand"}, "geometry": {"type": "Polygon", "coordinates": [[[24.92369, 60.18393], [24.92373, 60.1839], [24.92365, 60.18387], [24.92353, 60.18384], [24.92344, 60.18383], [24.92166, 60.18381], [24.92166, 60.18389], [24.92088, 60.18431], [24.92131, 60.18447], [24.92191, 60.18469], [24.92204, 60.18474], [24.92224, 60.18481], [24.92229, 60.18483], [24.92233, 60.18481], [24.92247, 60.18472], [24.9234, 60.18412], [24.92347, 60.18407], [24.92369, 60.18393]]]}}, {"type": "Feature", "properties": {"area_ha": 0.091, "dist_km": 0.466, "node": "Punavuori", "node_mw": 27, "osm_id": 150168483, "anchor_kind": "demand"}, "geometry": {"type": "Polygon", "coordinates": [[[24.92703, 60.15412], [24.92702, 60.15411], [24.92701, 60.15411], [24.927, 60.1541], [24.92698, 60.15411], [24.92696, 60.15411], [24.92695, 60.15412], [24.92695, 60.15412], [24.92694, 60.15412], [24.92693, 60.15412], [24.92692, 60.15411], [24.9269, 60.15411], [24.92689, 60.15411], [24.92687, 60.15412], [24.92686, 60.15412], [24.92686, 60.15413], [24.92685, 60.15413], [24.92685, 60.15413], [24.92671, 60.15414], [24.92676, 60.15429], [24.92676, 60.15429], [24.9269, 60.15428], [24.92689, 60.15428], [24.9269, 60.15428], [24.92691, 60.15429], [24.92692, 60.15429], [24.92694, 60.15429], [24.92696, 60.15429], [24.92697, 60.15429], [24.92698, 60.15428], [24.92699, 60.15427], [24.927, 60.15427], [24.92701, 60.15428], [24.92702, 60.15428], [24.92703, 60.15429], [24.92705, 60.15429], [24.92706, 60.15428], [24.92707, 60.15428], [24.92708, 60.15427], [24.92708, 60.15427], [24.92709, 60.15427], [24.92711, 60.15428], [24.92712, 60.15428], [24.92714, 60.15428], [24.92715, 60.15428], [24.92716, 60.15427], [24.92716, 60.15426], [24.92717, 60.15426], [24.92718, 60.15427], [24.92719, 60.15427], [24.92721, 60.15428], [24.92723, 60.15428], [24.92724, 60.15427], [24.92725, 60.15426], [24.92725, 60.15426], [24.92726, 60.15426], [24.92728, 60.15427], [24.92729, 60.15427], [24.92731, 60.15427], [24.92732, 60.15426], [24.92733, 60.15426], [24.92734, 60.15425], [24.92735, 60.15425], [24.92736, 60.15426], [24.92737, 60.15426], [24.92739, 60.15426], [24.9274, 60.15426], [24.92741, 60.15426], [24.92742, 60.15425], [24.92743, 60.15424], [24.92744, 60.15424], [24.92745, 60.15425], [24.92746, 60.15425], [24.92748, 60.15426], [24.92749, 60.15425], [24.92751, 60.15425], [24.92752, 60.15424], [24.92752, 60.15424], [24.92753, 60.15424], [24.92754, 60.15424], [24.92755, 60.15425], [24.92757, 60.15425], [24.92758, 60.15425], [24.9276, 60.15424], [24.92761, 60.15424], [24.92762, 60.15423], [24.92761, 60.15422], [24.92761, 60.15422], [24.9276, 60.15421], [24.92759, 60.15421], [24.92758, 60.1542], [24.92757, 60.1542], [24.92759, 60.1542], [24.9276, 60.15419], [24.92761, 60.15418], [24.9276, 60.15417], [24.92759, 60.15416], [24.92758, 60.15416], [24.92756, 60.15416], [24.92756, 60.15415], [24.92757, 60.15415], [24.92759, 60.15414], [24.92759, 60.15413], [24.92759, 60.15413], [24.92758, 60.15412], [24.92756, 60.15411], [24.92755, 60.15411], [24.92755, 60.15411], [24.92756, 60.1541], [24.92757, 60.1541], [24.92758, 60.15409], [24.92758, 60.15408], [24.92757, 60.15408], [24.92756, 60.15407], [24.92755, 60.15407], [24.92753, 60.15406], [24.92752, 60.15407], [24.9275, 60.15407], [24.9275, 60.15408], [24.92749, 60.15409], [24.92748, 60.15409], [24.92747, 60.15408], [24.92746, 60.15407], [24.92744, 60.15407], [24.92743, 60.15407], [24.92741, 60.15408], [24.9274, 60.15408], [24.9274, 60.15409], [24.92739, 60.15409], [24.92738, 60.15409], [24.92737, 60.15408], [24.92736, 60.15408], [24.92734, 60.15408], [24.92733, 60.15408], [24.92732, 60.15409], [24.92731, 60.1541], [24.9273, 60.1541], [24.9273, 60.15409], [24.92728, 60.15409], [24.92727, 60.15409], [24.92725, 60.15409], [24.92724, 60.15409], [24.92723, 60.1541], [24.92722, 60.1541], [24.92721, 60.1541], [24.9272, 60.1541], [24.92719, 60.15409], [24.92718, 60.15409], [24.92716, 60.15409], [24.92715, 60.1541], [24.92714, 60.1541], [24.92713, 60.15411], [24.92712, 60.15411], [24.92711, 60.1541], [24.9271, 60.1541], [24.92709, 60.1541], [24.92707, 60.1541], [24.92706, 60.1541], [24.92705, 60.15411], [24.92704, 60.15412], [24.92703, 60.15412]]]}}, {"type": "Feature", "properties": {"area_ha": 14.458, "dist_km": 0.726, "node": "Punavuori", "node_mw": 27, "osm_id": 150178866, "anchor_kind": "demand"}, "geometry": {"type": "Polygon", "coordinates": [[[24.93094, 60.1587], [24.93096, 60.15867], [24.93098, 60.15864], [24.9316, 60.15768], [24.93156, 60.15767], [24.93159, 60.15756], [24.93137, 60.15752], [24.93142, 60.15748], [24.93158, 60.1574], [24.93146, 60.15738], [24.92967, 60.1571], [24.92958, 60.15708], [24.92964, 60.15698], [24.92964, 60.15694], [24.93016, 60.15614], [24.93066, 60.15535], [24.93083, 60.15509], [24.93092, 60.15494], [24.93086, 60.15486], [24.931, 60.15463], [24.93103, 60.15459], [24.93103, 60.15458], [24.93107, 60.15452], [24.93003, 60.15437], [24.92972, 60.15431], [24.92975, 60.15423], [24.92956, 60.15411], [24.92918, 60.15403], [24.92888, 60.15397], [24.92848, 60.15391], [24.92817, 60.15382], [24.92785, 60.15373], [24.92761, 60.15363], [24.92749, 60.15358], [24.92715, 60.1534], [24.92707, 60.15336], [24.92696, 60.15328], [24.92631, 60.15272], [24.926, 60.1528], [24.92509, 60.15303], [24.92485, 60.15297], [24.92478, 60.15299], [24.92465, 60.15302], [24.92531, 60.15364], [24.92562, 60.15363], [24.92586, 60.15443], [24.92611, 60.15536], [24.92616, 60.15535], [24.92628, 60.15534], [24.92636, 60.15565], [24.92632, 60.15566], [24.92631, 60.15568], [24.92636, 60.15622], [24.92638, 60.15634], [24.92643, 60.15639], [24.92652, 60.15645], [24.9265, 60.15647], [24.92644, 60.15644], [24.92632, 60.15651], [24.92638, 60.15654], [24.92567, 60.157], [24.92567, 60.157], [24.92567, 60.15701], [24.92576, 60.15707], [24.9258, 60.15709], [24.92582, 60.15709], [24.92583, 60.15709], [24.92584, 60.15709], [24.92654, 60.15738], [24.92686, 60.1575], [24.92514, 60.15863], [24.92514, 60.15863], [24.92515, 60.15864], [24.9262, 60.15905], [24.92622, 60.15905], [24.92625, 60.15904], [24.92767, 60.1581], [24.92817, 60.15829], [24.9262, 60.15959], [24.9262, 60.1596], [24.92643, 60.15968], [24.92645, 60.15968], [24.92858, 60.15829], [24.92917, 60.15838], [24.92928, 60.15836], [24.92954, 60.1584], [24.92958, 60.15842], [24.92954, 60.15845], [24.92955, 60.15846], [24.9285, 60.15915], [24.9285, 60.15916], [24.92871, 60.15924], [24.92974, 60.15855], [24.92976, 60.15856], [24.92983, 60.15851], [24.93041, 60.1586], [24.93048, 60.15861], [24.93054, 60.15863], [24.93061, 60.15866], [24.93087, 60.1587], [24.93094, 60.1587]]]}}, {"type": "Feature", "properties": {"area_ha": 0.163, "dist_km": 2.439, "node": "Kluuvi", "node_mw": 24, "osm_id": 331967008, "anchor_kind": "demand"}, "geometry": {"type": "Polygon", "coordinates": [[[24.96948, 60.18635], [24.9697, 60.1863], [24.9702, 60.18616], [24.96986, 60.18586], [24.9696, 60.18595], [24.96938, 60.18602], [24.96918, 60.18609], [24.96948, 60.18635]]]}}, {"type": "Feature", "properties": {"area_ha": 0.031, "dist_km": 2.135, "node": "Punavuori", "node_mw": 27, "osm_id": 349596073, "anchor_kind": "demand"}, "geometry": {"type": "Polygon", "coordinates": [[[24.9031, 60.16473], [24.90313, 60.16473], [24.90316, 60.16472], [24.90319, 60.16471], [24.90321, 60.16469], [24.90322, 60.16468], [24.90323, 60.16466], [24.90323, 60.16464], [24.90323, 60.16462], [24.90321, 60.16461], [24.90319, 60.16459], [24.90317, 60.16458], [24.90314, 60.16457], [24.90311, 60.16456], [24.90308, 60.16456], [24.90304, 60.16456], [24.90301, 60.16456], [24.90297, 60.16457], [24.90294, 60.16458], [24.90292, 60.16459], [24.9029, 60.1646], [24.90288, 60.16462], [24.90288, 60.16464], [24.90287, 60.16465], [24.90288, 60.16467], [24.90289, 60.16469], [24.90291, 60.1647], [24.90294, 60.16471], [24.90296, 60.16472], [24.903, 60.16473], [24.90303, 60.16473], [24.90307, 60.16474], [24.9031, 60.16473]]]}}, {"type": "Feature", "properties": {"area_ha": 0.03, "dist_km": 2.115, "node": "Punavuori", "node_mw": 27, "osm_id": 349596077, "anchor_kind": "demand"}, "geometry": {"type": "Polygon", "coordinates": [[[24.90332, 60.16459], [24.90335, 60.16458], [24.90338, 60.16457], [24.90341, 60.16456], [24.90343, 60.16455], [24.90344, 60.16453], [24.90345, 60.16451], [24.90345, 60.1645], [24.90345, 60.16448], [24.90343, 60.16446], [24.90341, 60.16445], [24.90339, 60.16444], [24.90336, 60.16443], [24.90333, 60.16442], [24.9033, 60.16441], [24.90326, 60.16441], [24.90323, 60.16442], [24.90319, 60.16442], [24.90317, 60.16443], [24.90314, 60.16444], [24.90312, 60.16446], [24.90311, 60.16447], [24.9031, 60.16449], [24.9031, 60.16451], [24.9031, 60.16453], [24.90311, 60.16454], [24.90313, 60.16456], [24.90316, 60.16457], [24.90319, 60.16458], [24.90322, 60.16459], [24.90325, 60.16459], [24.90329, 60.16459], [24.90332, 60.16459]]]}}, {"type": "Feature", "properties": {"area_ha": 4.279, "dist_km": 2.343, "node": "Punavuori", "node_mw": 27, "osm_id": 403883643, "anchor_kind": "demand"}, "geometry": {"type": "Polygon", "coordinates": [[[24.88834, 60.15398], [24.88869, 60.15401], [24.88915, 60.15406], [24.88942, 60.15409], [24.88943, 60.15407], [24.88955, 60.15409], [24.88946, 60.15434], [24.88947, 60.15436], [24.88929, 60.15488], [24.88926, 60.1549], [24.88897, 60.15565], [24.88833, 60.15572], [24.88804, 60.15494], [24.88741, 60.15501], [24.8874, 60.15501], [24.88744, 60.15511], [24.88704, 60.15515], [24.88693, 60.15516], [24.88695, 60.1552], [24.88705, 60.15545], [24.88703, 60.15545], [24.88699, 60.15545], [24.88647, 60.15551], [24.88644, 60.15551], [24.8859, 60.15557], [24.88648, 60.1571], [24.88764, 60.157], [24.88766, 60.157], [24.88769, 60.15707], [24.8877, 60.1571], [24.88771, 60.15712], [24.88775, 60.15721], [24.88772, 60.15721], [24.88712, 60.15727], [24.88657, 60.15733], [24.88698, 60.15838], [24.88699, 60.15838], [24.88755, 60.15832], [24.88756, 60.15832], [24.88758, 60.15832], [24.8876, 60.15832], [24.88794, 60.15829], [24.88807, 60.15828], [24.88809, 60.15828], [24.88811, 60.15828], [24.88812, 60.15828], [24.88815, 60.15827], [24.88865, 60.15822], [24.88867, 60.15822], [24.88869, 60.15822], [24.88871, 60.15822], [24.88873, 60.15822], [24.88923, 60.15817], [24.88926, 60.15816], [24.88927, 60.15816], [24.88929, 60.15816], [24.88931, 60.15816], [24.88931, 60.15816], [24.8898, 60.15811], [24.88958, 60.15754], [24.88954, 60.15743], [24.88954, 60.15742], [24.88948, 60.15726], [24.88947, 60.15725], [24.88944, 60.15718], [24.88942, 60.15711], [24.88941, 60.1571], [24.88909, 60.15624], [24.88866, 60.15627], [24.88854, 60.15629], [24.8885, 60.15626], [24.88847, 60.15624], [24.8885, 60.15621], [24.88907, 60.15614], [24.88919, 60.15616], [24.88926, 60.15623], [24.88974, 60.15746], [24.88973, 60.15746], [24.88974, 60.15749], [24.88965, 60.1575], [24.88967, 60.15753], [24.88976, 60.15753], [24.88977, 60.15754], [24.8898, 60.15755], [24.88981, 60.1576], [24.88982, 60.15766], [24.88985, 60.15768], [24.88985, 60.15771], [24.88995, 60.15787], [24.88998, 60.15793], [24.89, 60.15811], [24.88989, 60.15813], [24.88984, 60.15814], [24.88957, 60.15816], [24.88928, 60.15819], [24.8887, 60.15825], [24.88857, 60.15826], [24.88838, 60.1583], [24.88812, 60.15834], [24.8881, 60.15834], [24.88811, 60.15836], [24.88812, 60.1584], [24.88837, 60.15909], [24.88837, 60.1591], [24.88817, 60.15912], [24.88753, 60.15917], [24.88741, 60.15921], [24.88696, 60.15884], [24.88679, 60.15869], [24.88662, 60.15853], [24.88648, 60.15837], [24.88635, 60.1582], [24.88628, 60.15808], [24.88619, 60.15794], [24.88612, 60.15779], [24.88607, 60.15767], [24.88602, 60.15751], [24.88593, 60.15725], [24.886, 60.15712], [24.88599, 60.15708], [24.88598, 60.15704], [24.88592, 60.15698], [24.88585, 60.15691], [24.88579, 60.15685], [24.88573, 60.15665], [24.88572, 60.15658], [24.88567, 60.15645], [24.88564, 60.15639], [24.88554, 60.15612], [24.88532, 60.15542], [24.88533, 60.15538], [24.88537, 60.15534], [24.88544, 60.1553], [24.88553, 60.15527], [24.8857, 60.15521], [24.88624, 60.155], [24.88632, 60.15497], [24.88653, 60.15489], [24.88688, 60.15469], [24.88709, 60.15458], [24.88716, 60.15454], [24.88757, 60.15431], [24.88779, 60.1543], [24.88798, 60.15418], [24.88799, 60.15418], [24.888, 60.15417], [24.88817, 60.15408], [24.88834, 60.15398]]]}}, {"type": "Feature", "properties": {"area_ha": 4.982, "dist_km": 1.917, "node": "Punavuori", "node_mw": 27, "osm_id": 403904085, "anchor_kind": "demand"}, "geometry": {"type": "Polygon", "coordinates": [[[24.89083, 60.15167], [24.891, 60.15149], [24.89167, 60.1508], [24.89225, 60.15008], [24.89221, 60.15004], [24.89219, 60.15002], [24.89213, 60.14996], [24.89212, 60.14994], [24.89206, 60.14989], [24.89204, 60.14987], [24.89199, 60.14981], [24.89198, 60.1498], [24.89188, 60.1497], [24.89207, 60.14965], [24.8921, 60.14969], [24.89218, 60.14972], [24.89238, 60.1499], [24.89248, 60.14994], [24.89267, 60.14996], [24.89273, 60.14998], [24.89284, 60.14998], [24.89302, 60.1499], [24.89308, 60.14988], [24.89311, 60.14976], [24.89314, 60.14976], [24.89319, 60.14977], [24.89324, 60.14975], [24.89329, 60.14977], [24.89331, 60.1498], [24.89334, 60.14982], [24.89341, 60.14986], [24.8935, 60.1499], [24.89366, 60.14993], [24.89378, 60.14996], [24.89382, 60.14999], [24.89505, 60.15031], [24.89522, 60.15037], [24.89534, 60.15045], [24.89541, 60.15057], [24.89542, 60.15063], [24.8954, 60.15071], [24.89536, 60.15083], [24.89537, 60.151], [24.8954, 60.15125], [24.89538, 60.15132], [24.89542, 60.15139], [24.89541, 60.15146], [24.89547, 60.15153], [24.89547, 60.15164], [24.89539, 60.15169], [24.89531, 60.1517], [24.89522, 60.15169], [24.89516, 60.15166], [24.89512, 60.1516], [24.8951, 60.15152], [24.89505, 60.15128], [24.89507, 60.15102], [24.89508, 60.15092], [24.89507, 60.15085], [24.89508, 60.15083], [24.89508, 60.1508], [24.89506, 60.15076], [24.89501, 60.15074], [24.89493, 60.15073], [24.89476, 60.15073], [24.89454, 60.15072], [24.89446, 60.15072], [24.89407, 60.15072], [24.89387, 60.15072], [24.89372, 60.15072], [24.89356, 60.15072], [24.89351, 60.15073], [24.89346, 60.15076], [24.89346, 60.15087], [24.89344, 60.15093], [24.89344, 60.15099], [24.89342, 60.15102], [24.89341, 60.15104], [24.8934, 60.15107], [24.89332, 60.15112], [24.89321, 60.15118], [24.89317, 60.15141], [24.89317, 60.15143], [24.89315, 60.15154], [24.89312, 60.15157], [24.89304, 60.15158], [24.89298, 60.15157], [24.89295, 60.15154], [24.89295, 60.15145], [24.89292, 60.15144], [24.89289, 60.15143], [24.8928, 60.15142], [24.89238, 60.15138], [24.89237, 60.15136], [24.89206, 60.15132], [24.89205, 60.15134], [24.89196, 60.15155], [24.89189, 60.1517], [24.89183, 60.15183], [24.89183, 60.15185], [24.89216, 60.15188], [24.89217, 60.15186], [24.89281, 60.15194], [24.89291, 60.1518], [24.89298, 60.15178], [24.89308, 60.15179], [24.89313, 60.15183], [24.893, 60.15212], [24.893, 60.15214], [24.89307, 60.15258], [24.89305, 60.15263], [24.89306, 60.15272], [24.89307, 60.1529], [24.89309, 60.15301], [24.8931, 60.15314], [24.89313, 60.15321], [24.89328, 60.15356], [24.89338, 60.15361], [24.89351, 60.15362], [24.89361, 60.15361], [24.89373, 60.15362], [24.89382, 60.15361], [24.89403, 60.15362], [24.89411, 60.15361], [24.89432, 60.15361], [24.89465, 60.1536], [24.89468, 60.15359], [24.89467, 60.15357], [24.89469, 60.15354], [24.89476, 60.1535], [24.89482, 60.15348], [24.89487, 60.15347], [24.89489, 60.15345], [24.89493, 60.1534], [24.89493, 60.15333], [24.89494, 60.15327], [24.89495, 60.15322], [24.89494, 60.15313], [24.89496, 60.15309], [24.89496, 60.15304], [24.89496, 60.15302], [24.89496, 60.15301], [24.89498, 60.15296], [24.89498, 60.15284], [24.89496, 60.15279], [24.89498, 60.15272], [24.89497, 60.15232], [24.8949, 60.15217], [24.8949, 60.15213], [24.8948, 60.15195], [24.89481, 60.15191], [24.89485, 60.15188], [24.89493, 60.15186], [24.89502, 60.15186], [24.89505, 60.15188], [24.89509, 60.15189], [24.89516, 60.15198], [24.8952, 60.152], [24.8952, 60.15204], [24.89523, 60.15208], [24.89523, 60.15213], [24.89526, 60.15217], [24.89525, 60.15223], [24.89524, 60.15226], [24.89525, 60.15229], [24.89526, 60.15231], [24.89526, 60.15234], [24.89531, 60.15238], [24.89531, 60.15259], [24.89529, 60.15266], [24.89527, 60.15276], [24.89526, 60.15282], [24.89528, 60.15284], [24.89527, 60.15287], [24.89527, 60.15294], [24.89526, 60.153], [24.89529, 60.15303], [24.89528, 60.15313], [24.89524, 60.15328], [24.89521, 60.15342], [24.89521, 60.15353], [24.89517, 60.15361], [24.89515, 60.15367], [24.89512, 60.15372], [24.8951, 60.15376], [24.89502, 60.1538], [24.8949, 60.1538], [24.8948, 60.15378], [24.89458, 60.15374], [24.89396, 60.15375], [24.89375, 60.15374], [24.89369, 60.15373], [24.89357, 60.15375], [24.89343, 60.15377], [24.89334, 60.1538], [24.89333, 60.15382], [24.89336, 60.15391], [24.89339, 60.15405], [24.89341, 60.15409], [24.89342, 60.15424], [24.89343, 60.15434], [24.8934, 60.15439], [24.89336, 60.15442], [24.89331, 60.15443], [24.8933, 60.15446], [24.8933, 60.15449], [24.89329, 60.15452], [24.89325, 60.15454], [24.89318, 60.15455], [24.89307, 60.15455], [24.893, 60.15453], [24.8929, 60.15441], [24.89288, 60.1544], [24.8929, 60.15434], [24.8931, 60.15429], [24.89309, 60.15418], [24.89303, 60.15395], [24.89296, 60.15375], [24.89286, 60.15355], [24.89273, 60.15334], [24.89261, 60.15318], [24.89239, 60.15293], [24.89206, 60.15288], [24.89206, 60.15287], [24.89179, 60.15282], [24.89177, 60.15282], [24.89136, 60.15275], [24.89133, 60.15274], [24.89133, 60.15271], [24.89159, 60.15217], [24.89147, 60.15216], [24.89146, 60.15214], [24.89122, 60.15212], [24.891, 60.15257], [24.89099, 60.15256], [24.89098, 60.15256], [24.89097, 60.15256], [24.8908, 60.15254], [24.89081, 60.15253], [24.89074, 60.15252], [24.8907, 60.15248], [24.89063, 60.15231], [24.89062, 60.15227], [24.89036, 60.15222], [24.89068, 60.15188], [24.89074, 60.15181], [24.89086, 60.15169], [24.89083, 60.15167]]]}}, {"type": "Feature", "properties": {"area_ha": 7.603, "dist_km": 2.081, "node": "Kluuvi", "node_mw": 24, "osm_id": 438003909, "anchor_kind": "demand"}, "geometry": {"type": "Polygon", "coordinates": [[[24.90694, 60.16638], [24.90717, 60.16634], [24.90738, 60.1663], [24.90754, 60.16625], [24.90774, 60.16613], [24.90817, 60.16572], [24.90846, 60.16543], [24.90851, 60.16538], [24.90845, 60.16528], [24.90792, 60.16503], [24.90763, 60.1649], [24.90758, 60.16487], [24.90755, 60.16486], [24.90737, 60.16478], [24.90545, 60.16395], [24.90464, 60.16361], [24.90455, 60.16357], [24.90437, 60.16349], [24.90413, 60.16339], [24.90396, 60.16332], [24.90388, 60.16328], [24.90376, 60.16324], [24.90368, 60.16323], [24.90358, 60.16324], [24.9035, 60.16325], [24.9034, 60.16329], [24.90305, 60.16353], [24.90219, 60.16408], [24.90197, 60.16424], [24.90191, 60.1643], [24.90193, 60.16433], [24.90189, 60.16451], [24.90168, 60.16465], [24.90144, 60.1648], [24.90277, 60.1653], [24.90285, 60.16533], [24.90491, 60.16612], [24.90522, 60.16624], [24.90496, 60.1664], [24.90496, 60.16647], [24.905, 60.1665], [24.9052, 60.16659], [24.9054, 60.16657], [24.90597, 60.1665], [24.90606, 60.16649], [24.90611, 60.16646], [24.90631, 60.16643], [24.90657, 60.1664], [24.90663, 60.1664], [24.90665, 60.16643], [24.90691, 60.16638], [24.90694, 60.16638]]]}}, {"type": "Feature", "properties": {"area_ha": 0.487, "dist_km": 0.892, "node": "Punavuori", "node_mw": 27, "osm_id": 446178806, "anchor_kind": "demand"}, "geometry": {"type": "Polygon", "coordinates": [[[24.94322, 60.15289], [24.94299, 60.15286], [24.94262, 60.15281], [24.94277, 60.15249], [24.94296, 60.15241], [24.94314, 60.15234], [24.94315, 60.15232], [24.94336, 60.15218], [24.94339, 60.15215], [24.94354, 60.15208], [24.94431, 60.15237], [24.94417, 60.15253], [24.94355, 60.15288], [24.94322, 60.15289]]]}}, {"type": "Feature", "properties": {"area_ha": 0.773, "dist_km": 2.328, "node": "Kluuvi", "node_mw": 24, "osm_id": 447055121, "anchor_kind": "demand"}, "geometry": {"type": "Polygon", "coordinates": [[[24.90011, 60.17163], [24.89991, 60.17148], [24.89987, 60.17145], [24.89945, 60.17124], [24.89933, 60.17118], [24.89919, 60.17117], [24.89911, 60.17107], [24.89901, 60.17102], [24.89896, 60.17088], [24.89904, 60.17086], [24.89924, 60.17096], [24.89981, 60.17074], [24.89972, 60.17068], [24.89977, 60.17064], [24.89984, 60.17061], [24.9, 60.17061], [24.90006, 60.17065], [24.90015, 60.17063], [24.9002, 60.17065], [24.90056, 60.17058], [24.90057, 60.17054], [24.9007, 60.1705], [24.90076, 60.17054], [24.90084, 60.17055], [24.90087, 60.1706], [24.90093, 60.1707], [24.90091, 60.17092], [24.90084, 60.17112], [24.90079, 60.17118], [24.90063, 60.17124], [24.90036, 60.17148], [24.90035, 60.17153], [24.90034, 60.17157], [24.90036, 60.17157], [24.90039, 60.17165], [24.90053, 60.17176], [24.90037, 60.17179], [24.90028, 60.1718], [24.90023, 60.1718], [24.90018, 60.1718], [24.90014, 60.17171], [24.90011, 60.17163]]]}}, {"type": "Feature", "properties": {"area_ha": 3.928, "dist_km": 3.137, "node": "Punavuori", "node_mw": 27, "osm_id": 447055124, "anchor_kind": "demand"}, "geometry": {"type": "Polygon", "coordinates": [[[24.98605, 60.14444], [24.98634, 60.14474], [24.98632, 60.14475], [24.98637, 60.14489], [24.98639, 60.14494], [24.98643, 60.145], [24.9867, 60.14495], [24.98683, 60.14493], [24.98696, 60.14485], [24.98702, 60.14482], [24.98707, 60.14481], [24.98712, 60.14481], [24.98714, 60.14483], [24.9871, 60.14488], [24.98701, 60.14499], [24.98698, 60.14501], [24.98689, 60.14502], [24.98664, 60.1452], [24.98666, 60.14526], [24.98663, 60.14531], [24.98655, 60.14542], [24.98643, 60.14549], [24.98629, 60.14555], [24.98617, 60.14557], [24.98586, 60.14556], [24.98582, 60.14556], [24.98568, 60.14552], [24.98557, 60.14552], [24.98552, 60.14554], [24.98548, 60.14556], [24.98545, 60.14561], [24.98506, 60.14573], [24.98482, 60.14578], [24.98476, 60.14578], [24.98471, 60.14581], [24.98447, 60.1457], [24.98428, 60.14557], [24.98416, 60.14558], [24.98398, 60.14561], [24.98391, 60.14565], [24.98398, 60.14568], [24.98324, 60.14609], [24.98312, 60.14603], [24.98281, 60.14612], [24.98277, 60.14613], [24.98268, 60.14614], [24.98257, 60.14619], [24.98165, 60.14632], [24.98161, 60.14633], [24.98145, 60.14636], [24.98135, 60.14636], [24.98105, 60.14641], [24.98105, 60.14642], [24.98094, 60.14645], [24.98081, 60.14648], [24.98062, 60.14651], [24.98049, 60.14651], [24.98038, 60.14649], [24.98015, 60.14638], [24.97998, 60.14624], [24.97995, 60.14618], [24.97994, 60.14611], [24.97998, 60.14607], [24.97994, 60.14604], [24.98071, 60.14587], [24.98069, 60.14585], [24.98062, 60.14583], [24.98044, 60.14562], [24.98057, 60.14559], [24.98055, 60.14556], [24.98267, 60.14514], [24.98262, 60.145], [24.98278, 60.14493], [24.98296, 60.14485], [24.98419, 60.14475], [24.98445, 60.14472], [24.98448, 60.14466], [24.98483, 60.14471], [24.98516, 60.14475], [24.98568, 60.1445], [24.98576, 60.14455], [24.98605, 60.14444]]]}}, {"type": "Feature", "properties": {"area_ha": 12.736, "dist_km": 0.608, "node": "Punavuori", "node_mw": 27, "osm_id": 458092697, "anchor_kind": "demand"}, "geometry": {"type": "Polygon", "coordinates": [[[24.91435, 60.15041], [24.91445, 60.15038], [24.91458, 60.15031], [24.91465, 60.15029], [24.91455, 60.15011], [24.91427, 60.14985], [24.9142, 60.14979], [24.91501, 60.14958], [24.91517, 60.14974], [24.91533, 60.14985], [24.91541, 60.14989], [24.91624, 60.1501], [24.91634, 60.15015], [24.91651, 60.15026], [24.91657, 60.15031], [24.9169, 60.15063], [24.91674, 60.15075], [24.91651, 60.15088], [24.91649, 60.15099], [24.9165, 60.15103], [24.91755, 60.152], [24.91761, 60.15202], [24.91798, 60.15212], [24.91805, 60.15213], [24.91827, 60.1522], [24.91829, 60.15221], [24.91833, 60.15224], [24.91845, 60.15235], [24.9186, 60.15261], [24.91857, 60.1526], [24.91847, 60.15261], [24.91839, 60.15261], [24.91836, 60.15247], [24.9182, 60.15251], [24.91814, 60.15253], [24.91817, 60.15266], [24.9186, 60.15304], [24.9191, 60.15351], [24.91917, 60.15358], [24.91936, 60.1537], [24.91946, 60.1538], [24.91948, 60.15381], [24.91961, 60.15393], [24.91996, 60.15405], [24.91985, 60.15411], [24.92014, 60.15441], [24.92028, 60.15459], [24.9203, 60.15463], [24.92077, 60.15509], [24.92084, 60.15512], [24.92094, 60.15517], [24.92103, 60.15527], [24.92109, 60.15538], [24.92112, 60.15541], [24.92156, 60.15583], [24.9217, 60.15596], [24.92173, 60.15598], [24.92193, 60.15616], [24.92217, 60.15638], [24.9224, 60.15657], [24.92249, 60.15669], [24.9225, 60.15688], [24.92244, 60.15699], [24.9222, 60.15719], [24.92196, 60.15842], [24.92276, 60.15847], [24.92278, 60.15837], [24.92322, 60.15593], [24.92346, 60.15594], [24.92364, 60.15594], [24.92366, 60.15582], [24.92377, 60.15582], [24.92381, 60.15554], [24.92371, 60.15547], [24.92363, 60.1554], [24.9234, 60.15546], [24.92317, 60.15552], [24.91993, 60.15248], [24.92047, 60.15234], [24.92034, 60.15222], [24.92016, 60.15211], [24.91992, 60.15189], [24.91969, 60.15196], [24.91948, 60.15201], [24.91951, 60.15205], [24.91948, 60.15206], [24.91718, 60.14991], [24.91709, 60.14982], [24.91695, 60.14969], [24.91671, 60.14948], [24.91666, 60.14949], [24.91661, 60.14947], [24.91651, 60.14949], [24.91614, 60.14958], [24.91523, 60.14871], [24.91484, 60.14835], [24.91414, 60.14771], [24.91135, 60.14812], [24.91132, 60.14814], [24.9113, 60.14816], [24.91131, 60.14818], [24.91317, 60.14994], [24.91356, 60.1503], [24.91354, 60.1503], [24.91363, 60.15038], [24.91339, 60.15045], [24.91279, 60.15061], [24.91283, 60.15065], [24.91279, 60.15066], [24.91298, 60.15084], [24.91432, 60.15049], [24.91435, 60.15041]]]}}, {"type": "Feature", "properties": {"area_ha": 0.087, "dist_km": 2.12, "node": "Punavuori", "node_mw": 27, "osm_id": 475241412, "anchor_kind": "demand"}, "geometry": {"type": "Polygon", "coordinates": [[[24.90291, 60.16435], [24.90279, 60.1643], [24.90275, 60.16433], [24.90241, 60.16455], [24.90218, 60.16446], [24.90231, 60.16438], [24.90232, 60.16439], [24.90235, 60.16437], [24.90233, 60.16437], [24.90257, 60.16421], [24.90259, 60.16422], [24.90274, 60.16412], [24.90282, 60.16416], [24.90279, 60.16417], [24.90291, 60.16422], [24.90296, 60.16419], [24.90309, 60.16423], [24.90291, 60.16435]]]}}, {"type": "Feature", "properties": {"area_ha": 3.284, "dist_km": 2.231, "node": "Kluuvi", "node_mw": 24, "osm_id": 563913766, "anchor_kind": "demand"}, "geometry": {"type": "Polygon", "coordinates": [[[24.96717, 60.18315], [24.96707, 60.1832], [24.96705, 60.18321], [24.96651, 60.1834], [24.96604, 60.18359], [24.96577, 60.1837], [24.9657, 60.18373], [24.96572, 60.18373], [24.96573, 60.18374], [24.96572, 60.18374], [24.96576, 60.18376], [24.96576, 60.18377], [24.96617, 60.18396], [24.96614, 60.18397], [24.96698, 60.1845], [24.96702, 60.18449], [24.96784, 60.18415], [24.96805, 60.18419], [24.96774, 60.18443], [24.96767, 60.18446], [24.96765, 60.18447], [24.96752, 60.18449], [24.96756, 60.18466], [24.96768, 60.18494], [24.96768, 60.18496], [24.96766, 60.18496], [24.96769, 60.18503], [24.96774, 60.1851], [24.96775, 60.18511], [24.96776, 60.18513], [24.96773, 60.18516], [24.96765, 60.18521], [24.96841, 60.18566], [24.96854, 60.18562], [24.96893, 60.18584], [24.97028, 60.18536], [24.97016, 60.18525], [24.97035, 60.18513], [24.97022, 60.18505], [24.97023, 60.18504], [24.97012, 60.18498], [24.97006, 60.18501], [24.96938, 60.18462], [24.9692, 60.18452], [24.96966, 60.18432], [24.96922, 60.18407], [24.96917, 60.18404], [24.96895, 60.18402], [24.9689, 60.18399], [24.96884, 60.18396], [24.96872, 60.18401], [24.96871, 60.18402], [24.9687, 60.18402], [24.96869, 60.18402], [24.96868, 60.18402], [24.96867, 60.18402], [24.96866, 60.18402], [24.96864, 60.18402], [24.96864, 60.18401], [24.96863, 60.18401], [24.96862, 60.184], [24.96862, 60.184], [24.96862, 60.18399], [24.96862, 60.18398], [24.96863, 60.18398], [24.96863, 60.18397], [24.96864, 60.18397], [24.96877, 60.18391], [24.96876, 60.18391], [24.96867, 60.18386], [24.96728, 60.1831], [24.96717, 60.18315]]]}}, {"type": "Feature", "properties": {"area_ha": 2.239, "dist_km": 0.381, "node": "Punavuori", "node_mw": 27, "osm_id": 574844831, "anchor_kind": "demand"}, "geometry": {"type": "Polygon", "coordinates": [[[24.92226, 60.14769], [24.92291, 60.14751], [24.92246, 60.14713], [24.92212, 60.14695], [24.92162, 60.14727], [24.92025, 60.14809], [24.92019, 60.14811], [24.91991, 60.14819], [24.92004, 60.14832], [24.91989, 60.14836], [24.91996, 60.14842], [24.92027, 60.14872], [24.9204, 60.14869], [24.9205, 60.14866], [24.92053, 60.14866], [24.9215, 60.1484], [24.92223, 60.14909], [24.92233, 60.14906], [24.92326, 60.14881], [24.92324, 60.1488], [24.92346, 60.14874], [24.9235, 60.14872], [24.92351, 60.14869], [24.92352, 60.14866], [24.92351, 60.14863], [24.92332, 60.14846], [24.9233, 60.14844], [24.92328, 60.14842], [24.92305, 60.1482], [24.92288, 60.14805], [24.92284, 60.14801], [24.92277, 60.14797], [24.92273, 60.14796], [24.9227, 60.14794], [24.92265, 60.14792], [24.92257, 60.1479], [24.9225, 60.14789], [24.92242, 60.14788], [24.92232, 60.14788], [24.92223, 60.14788], [24.92217, 60.14789], [24.92226, 60.14769]]]}}, {"type": "Feature", "properties": {"area_ha": 0.035, "dist_km": 2.114, "node": "Punavuori", "node_mw": 27, "osm_id": 576456976, "anchor_kind": "demand"}, "geometry": {"type": "Polygon", "coordinates": [[[24.90428, 60.16496], [24.9044, 60.16488], [24.90395, 60.16471], [24.90383, 60.16479], [24.90428, 60.16496]]]}}, {"type": "Feature", "properties": {"area_ha": 0.011, "dist_km": 2.139, "node": "Punavuori", "node_mw": 27, "osm_id": 576456986, "anchor_kind": "demand"}, "geometry": {"type": "Polygon", "coordinates": [[[24.90356, 60.16484], [24.90343, 60.16479], [24.9033, 60.16488], [24.90343, 60.16493], [24.90356, 60.16484]]]}}, {"type": "Feature", "properties": {"area_ha": 0.145, "dist_km": 2.489, "node": "Punavuori", "node_mw": 27, "osm_id": 817013770, "anchor_kind": "demand"}, "geometry": {"type": "Polygon", "coordinates": [[[24.88505, 60.15563], [24.88486, 60.15565], [24.884, 60.15574], [24.88393, 60.15556], [24.88391, 60.15553], [24.88498, 60.15542], [24.88505, 60.15563]]]}}, {"type": "Feature", "properties": {"area_ha": 0.009, "dist_km": 1.697, "node": "Punavuori", "node_mw": 27, "osm_id": 830160009, "anchor_kind": "demand"}, "geometry": {"type": "Polygon", "coordinates": [[[24.90604, 60.16062], [24.90592, 60.16059], [24.90587, 60.16064], [24.90615, 60.16071], [24.90619, 60.16067], [24.90603, 60.16063], [24.90604, 60.16062]]]}}, {"type": "Feature", "properties": {"area_ha": 0.016, "dist_km": 1.699, "node": "Punavuori", "node_mw": 27, "osm_id": 830160010, "anchor_kind": "demand"}, "geometry": {"type": "Polygon", "coordinates": [[[24.9056, 60.1604], [24.9055, 60.16044], [24.9055, 60.16048], [24.90556, 60.16052], [24.90566, 60.16053], [24.90574, 60.1605], [24.90576, 60.16045], [24.9057, 60.16041], [24.9056, 60.1604]]]}}, {"type": "Feature", "properties": {"area_ha": 0.053, "dist_km": 2.14, "node": "Kluuvi", "node_mw": 24, "osm_id": 830160017, "anchor_kind": "demand"}, "geometry": {"type": "Polygon", "coordinates": [[[24.90431, 60.16558], [24.90408, 60.16549], [24.9038, 60.16538], [24.90377, 60.1654], [24.90363, 60.16549], [24.90415, 60.16568], [24.90431, 60.16558]]]}}, {"type": "Feature", "properties": {"area_ha": 0.019, "dist_km": 0.624, "node": "Punavuori", "node_mw": 27, "osm_id": 836070491, "anchor_kind": "demand"}, "geometry": {"type": "Polygon", "coordinates": [[[24.92734, 60.15554], [24.92697, 60.15557], [24.927, 60.15565], [24.92737, 60.15562], [24.92734, 60.15554]]]}}, {"type": "Feature", "properties": {"area_ha": 0.044, "dist_km": 0.574, "node": "Punavuori", "node_mw": 27, "osm_id": 836070500, "anchor_kind": "demand"}, "geometry": {"type": "Polygon", "coordinates": [[[24.9264, 60.15502], [24.9264, 60.15502], [24.92637, 60.15503], [24.92643, 60.15527], [24.92644, 60.15527], [24.92655, 60.15526], [24.92672, 60.15525], [24.92665, 60.155], [24.92658, 60.15501], [24.92658, 60.15501], [24.9264, 60.15502]]]}}, {"type": "Feature", "properties": {"area_ha": 0.7, "dist_km": 1.716, "node": "Punavuori", "node_mw": 27, "osm_id": 1010455493, "anchor_kind": "demand"}, "geometry": {"type": "Polygon", "coordinates": [[[24.90637, 60.16085], [24.90347, 60.16009], [24.90342, 60.16012], [24.9034, 60.1601], [24.9034, 60.16007], [24.90347, 60.15999], [24.90354, 60.15997], [24.90361, 60.15997], [24.90369, 60.15998], [24.90376, 60.15999], [24.90379, 60.16], [24.9038, 60.16], [24.90381, 60.16001], [24.90387, 60.16002], [24.90392, 60.16003], [24.904, 60.16005], [24.90411, 60.16008], [24.90415, 60.16009], [24.90421, 60.16011], [24.90429, 60.16013], [24.90432, 60.16015], [24.90448, 60.16019], [24.90451, 60.16018], [24.90461, 60.16018], [24.90465, 60.16019], [24.90466, 60.1602], [24.90477, 60.16009], [24.90458, 60.16005], [24.90469, 60.15994], [24.90687, 60.16051], [24.90678, 60.16059], [24.90679, 60.1606], [24.90677, 60.16062], [24.90673, 60.16061], [24.90656, 60.16072], [24.90658, 60.16073], [24.90659, 60.16074], [24.90661, 60.16076], [24.90656, 60.1608], [24.90645, 60.16077], [24.9064, 60.16081], [24.90637, 60.16085]]]}}, {"type": "Feature", "properties": {"area_ha": 2.321, "dist_km": 3.107, "node": "Punavuori", "node_mw": 27, "osm_id": 1071687604, "anchor_kind": "demand"}, "geometry": {"type": "Polygon", "coordinates": [[[24.98671, 60.14572], [24.98675, 60.14606], [24.98683, 60.14613], [24.9869, 60.14619], [24.98693, 60.14623], [24.98694, 60.14627], [24.98693, 60.14645], [24.98687, 60.14651], [24.98654, 60.14663], [24.98618, 60.14662], [24.98608, 60.14662], [24.98589, 60.1467], [24.98536, 60.1469], [24.98515, 60.14696], [24.98433, 60.14712], [24.98404, 60.14718], [24.98344, 60.14733], [24.98328, 60.14717], [24.9832, 60.14712], [24.98317, 60.1471], [24.98312, 60.14707], [24.98305, 60.14702], [24.98284, 60.14707], [24.98274, 60.14711], [24.98268, 60.14714], [24.98264, 60.14719], [24.98262, 60.14726], [24.98282, 60.14744], [24.98282, 60.14747], [24.98281, 60.1475], [24.983, 60.14767], [24.98288, 60.1477], [24.98275, 60.14771], [24.98269, 60.14773], [24.98258, 60.14778], [24.98238, 60.14795], [24.98234, 60.14798], [24.98222, 60.14804], [24.98216, 60.14808], [24.98204, 60.14815], [24.98176, 60.14796], [24.9817, 60.14787], [24.98168, 60.14783], [24.9817, 60.14779], [24.98175, 60.14774], [24.98184, 60.14768], [24.98177, 60.14763], [24.98179, 60.14761], [24.98182, 60.14759], [24.98185, 60.14758], [24.98191, 60.14756], [24.98203, 60.14742], [24.98163, 60.14704], [24.98171, 60.14702], [24.98193, 60.14722], [24.9821, 60.14716], [24.9819, 60.14697], [24.98201, 60.14694], [24.98221, 60.14712], [24.98238, 60.14707], [24.98218, 60.14689], [24.98226, 60.14686], [24.98246, 60.14705], [24.98252, 60.14704], [24.98252, 60.14699], [24.98252, 60.14697], [24.98275, 60.14688], [24.98295, 60.14681], [24.9834, 60.14672], [24.9835, 60.14683], [24.98367, 60.14679], [24.98355, 60.14663], [24.98374, 60.14659], [24.98394, 60.1465], [24.98416, 60.14648], [24.98492, 60.14646], [24.98494, 60.14636], [24.98497, 60.14633], [24.98506, 60.14631], [24.98509, 60.14627], [24.98508, 60.14618], [24.98507, 60.14605], [24.98516, 60.14594], [24.98521, 60.14592], [24.98534, 60.14588], [24.98542, 60.14588], [24.98552, 60.14582], [24.98562, 60.14579], [24.98563, 60.14577], [24.98574, 60.14576], [24.98582, 60.14574], [24.98588, 60.14574], [24.98602, 60.14578], [24.98614, 60.14578], [24.98632, 60.14579], [24.98643, 60.14577], [24.98671, 60.14572]]]}}, {"type": "Feature", "properties": {"area_ha": 7.861, "dist_km": 1.611, "node": "Kluuvi", "node_mw": 24, "osm_id": 1074962031, "anchor_kind": "demand"}, "geometry": {"type": "Polygon", "coordinates": [[[24.97542, 60.16595], [24.97538, 60.16597], [24.97382, 60.16546], [24.97314, 60.16523], [24.97179, 60.16479], [24.97142, 60.16471], [24.97116, 60.16465], [24.97076, 60.16462], [24.97029, 60.16462], [24.96992, 60.16462], [24.96954, 60.16465], [24.9691, 60.1647], [24.96875, 60.16475], [24.96846, 60.16481], [24.9681, 60.16454], [24.96771, 60.16461], [24.96634, 60.16506], [24.96574, 60.16526], [24.96553, 60.16533], [24.96523, 60.16515], [24.96503, 60.16521], [24.96451, 60.16482], [24.96433, 60.16488], [24.96429, 60.16488], [24.96237, 60.16552], [24.96227, 60.16544], [24.96212, 60.16549], [24.95994, 60.16621], [24.9599, 60.16616], [24.96603, 60.16411], [24.9657, 60.16388], [24.96575, 60.16386], [24.9658, 60.1639], [24.96952, 60.16331], [24.96949, 60.16327], [24.96945, 60.16328], [24.96933, 60.16307], [24.96963, 60.16302], [24.97417, 60.16456], [24.97412, 60.16459], [24.9741, 60.16459], [24.97408, 60.1646], [24.9741, 60.16461], [24.97406, 60.16464], [24.97451, 60.16479], [24.97448, 60.16481], [24.97445, 60.16482], [24.97449, 60.16485], [24.97476, 60.16494], [24.97479, 60.16494], [24.97486, 60.16495], [24.9762, 60.1654], [24.97587, 60.16563], [24.97559, 60.16583], [24.9755, 60.1659], [24.97542, 60.16595]]]}}, {"type": "Feature", "properties": {"area_ha": 0.502, "dist_km": 2.107, "node": "Kluuvi", "node_mw": 24, "osm_id": 1074964247, "anchor_kind": "demand"}, "geometry": {"type": "Polygon", "coordinates": [[[24.97871, 60.16648], [24.97992, 60.16688], [24.98086, 60.16724], [24.98089, 60.16726], [24.98091, 60.1673], [24.98092, 60.16733], [24.98088, 60.16736], [24.98083, 60.16737], [24.98064, 60.16731], [24.9806, 60.16731], [24.98059, 60.16729], [24.98049, 60.16726], [24.98044, 60.16725], [24.98042, 60.16723], [24.98032, 60.16722], [24.98031, 60.1672], [24.9803, 60.1672], [24.98029, 60.16719], [24.98025, 60.16719], [24.98015, 60.16716], [24.98006, 60.16716], [24.98001, 60.16717], [24.97995, 60.16719], [24.97995, 60.16721], [24.97988, 60.16725], [24.97979, 60.16731], [24.97978, 60.16737], [24.97967, 60.16733], [24.97961, 60.16729], [24.97942, 60.16713], [24.97912, 60.16704], [24.97847, 60.16686], [24.97842, 60.16684], [24.9783, 60.1668], [24.97842, 60.16671], [24.97857, 60.16658], [24.97866, 60.16652], [24.97871, 60.16648]]]}}, {"type": "Feature", "properties": {"area_ha": 0.71, "dist_km": 1.738, "node": "Kluuvi", "node_mw": 24, "osm_id": 1074964249, "anchor_kind": "demand"}, "geometry": {"type": "Polygon", "coordinates": [[[24.97561, 60.16989], [24.97546, 60.17003], [24.9709, 60.16885], [24.97119, 60.1686], [24.97358, 60.16922], [24.97355, 60.16925], [24.97352, 60.16928], [24.97346, 60.16934], [24.97561, 60.16989]]]}}, {"type": "Feature", "properties": {"area_ha": 5.753, "dist_km": 1.148, "node": "Kluuvi", "node_mw": 24, "osm_id": 1074965607, "anchor_kind": "demand"}, "geometry": {"type": "Polygon", "coordinates": [[[24.96129, 60.15983], [24.95968, 60.16092], [24.95993, 60.16101], [24.95994, 60.16102], [24.95977, 60.16112], [24.95925, 60.16121], [24.95863, 60.16162], [24.95878, 60.16167], [24.95782, 60.16221], [24.95778, 60.1622], [24.95731, 60.16251], [24.95768, 60.16267], [24.95758, 60.16273], [24.95762, 60.16275], [24.95762, 60.16276], [24.95421, 60.16481], [24.9542, 60.16488], [24.95415, 60.16488], [24.95415, 60.16481], [24.95405, 60.16481], [24.95404, 60.16491], [24.95293, 60.16488], [24.95295, 60.16476], [24.95297, 60.16466], [24.953, 60.16456], [24.95304, 60.16448], [24.95309, 60.16439], [24.95315, 60.16429], [24.95331, 60.1641], [24.95353, 60.16389], [24.95365, 60.16381], [24.95369, 60.16378], [24.95585, 60.16234], [24.95619, 60.16211], [24.95632, 60.16201], [24.95646, 60.16188], [24.95657, 60.16175], [24.95667, 60.16162], [24.95673, 60.1615], [24.95675, 60.16145], [24.95677, 60.16144], [24.9568, 60.16143], [24.95699, 60.1614], [24.95728, 60.16135], [24.95746, 60.16122], [24.95827, 60.16068], [24.95837, 60.1606], [24.95829, 60.16052], [24.95826, 60.16047], [24.95854, 60.1604], [24.95859, 60.16039], [24.95871, 60.16037], [24.95873, 60.16037], [24.9593, 60.1603], [24.9594, 60.16028], [24.95966, 60.16025], [24.95983, 60.16023], [24.95998, 60.1602], [24.96014, 60.16016], [24.96042, 60.16007], [24.96078, 60.15991], [24.961, 60.15991], [24.9611, 60.15984], [24.96117, 60.15987], [24.96125, 60.15981], [24.96129, 60.15983]]]}}, {"type": "Feature", "properties": {"area_ha": 1.045, "dist_km": 2.023, "node": "Kluuvi", "node_mw": 24, "osm_id": 1074969625, "anchor_kind": "demand"}, "geometry": {"type": "Polygon", "coordinates": [[[24.90761, 60.17716], [24.90735, 60.17706], [24.90723, 60.17697], [24.9072, 60.1768], [24.90777, 60.17642], [24.90789, 60.17635], [24.90905, 60.1757], [24.90954, 60.17591], [24.90969, 60.17599], [24.90973, 60.176], [24.90975, 60.1761], [24.90959, 60.17632], [24.90954, 60.17639], [24.90892, 60.1768], [24.90862, 60.17668], [24.90761, 60.17716]]]}}, {"type": "Feature", "properties": {"area_ha": 3.041, "dist_km": 2.088, "node": "Punavuori", "node_mw": 27, "osm_id": 1125397245, "anchor_kind": "demand"}, "geometry": {"type": "Polygon", "coordinates": [[[24.88797, 60.14922], [24.88797, 60.14897], [24.88843, 60.14898], [24.89001, 60.14907], [24.89013, 60.14906], [24.89023, 60.14897], [24.89042, 60.14897], [24.89044, 60.14897], [24.89061, 60.14894], [24.89066, 60.14897], [24.89075, 60.14898], [24.8911, 60.14899], [24.89141, 60.14899], [24.89157, 60.149], [24.89164, 60.14904], [24.89174, 60.14916], [24.89177, 60.14921], [24.89181, 60.14924], [24.89185, 60.14934], [24.89184, 60.14936], [24.89181, 60.14938], [24.89183, 60.1494], [24.89181, 60.1494], [24.89167, 60.14944], [24.89163, 60.1494], [24.89162, 60.14937], [24.89157, 60.14932], [24.89143, 60.14918], [24.89135, 60.14915], [24.89128, 60.14914], [24.8903, 60.14909], [24.89025, 60.14911], [24.89029, 60.14923], [24.89029, 60.14924], [24.89029, 60.14925], [24.89028, 60.14936], [24.89028, 60.14941], [24.89026, 60.14941], [24.89026, 60.14943], [24.89027, 60.14943], [24.89029, 60.14948], [24.8903, 60.14948], [24.89031, 60.14952], [24.89031, 60.14953], [24.89032, 60.14959], [24.89031, 60.14959], [24.89032, 60.14964], [24.89032, 60.14965], [24.89033, 60.14969], [24.89036, 60.14971], [24.89048, 60.14973], [24.89056, 60.14974], [24.89061, 60.14977], [24.89059, 60.14979], [24.89058, 60.14982], [24.89036, 60.14982], [24.89035, 60.14987], [24.89044, 60.14988], [24.89043, 60.14991], [24.89032, 60.14991], [24.89032, 60.14996], [24.89032, 60.15001], [24.89057, 60.15002], [24.89056, 60.15005], [24.8905, 60.15016], [24.89047, 60.15021], [24.89047, 60.15022], [24.89035, 60.15048], [24.89034, 60.1505], [24.89032, 60.15053], [24.89028, 60.15062], [24.89027, 60.15064], [24.89022, 60.15075], [24.89021, 60.15077], [24.89021, 60.15078], [24.88987, 60.15078], [24.88987, 60.15086], [24.88994, 60.15086], [24.88993, 60.15088], [24.88993, 60.1509], [24.8901, 60.1509], [24.8901, 60.15091], [24.89009, 60.15092], [24.89003, 60.15103], [24.88997, 60.15103], [24.8899, 60.15109], [24.88989, 60.15118], [24.89002, 60.1512], [24.89002, 60.15122], [24.88989, 60.15124], [24.88988, 60.1513], [24.88979, 60.1513], [24.88971, 60.15129], [24.88893, 60.15128], [24.88813, 60.15127], [24.88807, 60.15127], [24.88803, 60.15051], [24.88932, 60.15052], [24.88934, 60.1502], [24.88848, 60.15019], [24.88848, 60.15015], [24.88848, 60.15014], [24.88802, 60.15013], [24.88797, 60.14922]]]}}, {"type": "Feature", "properties": {"area_ha": 0.238, "dist_km": 1.068, "node": "Punavuori", "node_mw": 27, "osm_id": 1150256640, "anchor_kind": "demand"}, "geometry": {"type": "Polygon", "coordinates": [[[24.94622, 60.15268], [24.9463, 60.15265], [24.94636, 60.15263], [24.94638, 60.15262], [24.94644, 60.1526], [24.94647, 60.15259], [24.9466, 60.15256], [24.94665, 60.15255], [24.94671, 60.15256], [24.94673, 60.15258], [24.94681, 60.15259], [24.94683, 60.15259], [24.94698, 60.1526], [24.94698, 60.15259], [24.94716, 60.1526], [24.94716, 60.15261], [24.94716, 60.15263], [24.94708, 60.15284], [24.94704, 60.15283], [24.947, 60.15283], [24.94697, 60.15283], [24.94695, 60.15287], [24.94693, 60.15288], [24.94692, 60.15288], [24.94679, 60.15293], [24.94669, 60.15295], [24.94666, 60.15296], [24.94664, 60.15296], [24.94665, 60.15299], [24.94665, 60.15301], [24.94665, 60.15301], [24.94653, 60.15302], [24.94653, 60.15302], [24.94652, 60.15302], [24.94648, 60.15303], [24.94646, 60.15303], [24.94621, 60.15305], [24.94618, 60.15306], [24.94617, 60.15306], [24.94616, 60.15302], [24.94615, 60.15302], [24.94614, 60.15303], [24.94609, 60.15303], [24.94609, 60.15301], [24.9461, 60.153], [24.94612, 60.153], [24.94611, 60.15299], [24.94608, 60.15299], [24.94604, 60.15299], [24.946, 60.15298], [24.94597, 60.15296], [24.94594, 60.15294], [24.94591, 60.15294], [24.94592, 60.15293], [24.94596, 60.15286], [24.94602, 60.15287], [24.94605, 60.15283], [24.9461, 60.1528], [24.94611, 60.15278], [24.94608, 60.15276], [24.94608, 60.15274], [24.94609, 60.15273], [24.94613, 60.15271], [24.94616, 60.1527], [24.94617, 60.1527], [24.94622, 60.15268]]]}}, {"type": "Feature", "properties": {"area_ha": 0.252, "dist_km": 1.636, "node": "Kluuvi", "node_mw": 24, "osm_id": 1203436800, "anchor_kind": "demand"}, "geometry": {"type": "Polygon", "coordinates": [[[24.92282, 60.18059], [24.9231, 60.18032], [24.92378, 60.1805], [24.92382, 60.18049], [24.92407, 60.18042], [24.92424, 60.18058], [24.9242, 60.18062], [24.92418, 60.18063], [24.92418, 60.18064], [24.92417, 60.18065], [24.92416, 60.18066], [24.92392, 60.18087], [24.9238, 60.18084], [24.92349, 60.18076], [24.92282, 60.18059]]]}}, {"type": "Feature", "properties": {"area_ha": 0.368, "dist_km": 2.329, "node": "Punavuori", "node_mw": 27, "osm_id": 1207684743, "anchor_kind": "demand"}, "geometry": {"type": "Polygon", "coordinates": [[[24.88636, 60.15481], [24.88597, 60.15453], [24.88609, 60.15447], [24.88673, 60.1541], [24.88692, 60.15399], [24.88697, 60.15396], [24.88763, 60.15402], [24.88769, 60.15405], [24.88636, 60.15481]]]}}, {"type": "Feature", "properties": {"area_ha": 0.879, "dist_km": 2.676, "node": "Punavuori", "node_mw": 27, "osm_id": 1207694184, "anchor_kind": "demand"}, "geometry": {"type": "Polygon", "coordinates": [[[24.88064, 60.15116], [24.88042, 60.15114], [24.87912, 60.151], [24.8789, 60.15151], [24.8793, 60.15154], [24.87928, 60.15158], [24.87899, 60.15224], [24.8799, 60.15236], [24.88032, 60.15138], [24.88055, 60.15141], [24.88064, 60.15116]]]}}, {"type": "Feature", "properties": {"area_ha": 0.532, "dist_km": 2.744, "node": "Punavuori", "node_mw": 27, "osm_id": 1207694185, "anchor_kind": "demand"}, "geometry": {"type": "Polygon", "coordinates": [[[24.87831, 60.15222], [24.87809, 60.15273], [24.87809, 60.15274], [24.87818, 60.15275], [24.87966, 60.15292], [24.87988, 60.15239], [24.87831, 60.15222]]]}}, {"type": "Feature", "properties": {"area_ha": 0.2, "dist_km": 2.534, "node": "Punavuori", "node_mw": 27, "osm_id": 1207694191, "anchor_kind": "demand"}, "geometry": {"type": "Polygon", "coordinates": [[[24.8825, 60.15121], [24.88247, 60.15121], [24.88184, 60.15114], [24.88202, 60.15072], [24.88204, 60.15067], [24.8827, 60.15074], [24.8825, 60.15121]]]}}, {"type": "Feature", "properties": {"area_ha": 0.396, "dist_km": 2.758, "node": "Punavuori", "node_mw": 27, "osm_id": 1207694193, "anchor_kind": "demand"}, "geometry": {"type": "Polygon", "coordinates": [[[24.87926, 60.15382], [24.878, 60.15369], [24.87802, 60.15363], [24.87821, 60.1532], [24.87905, 60.15329], [24.87947, 60.15333], [24.87926, 60.15382]]]}}, {"type": "Feature", "properties": {"area_ha": 1.2, "dist_km": 2.521, "node": "Punavuori", "node_mw": 27, "osm_id": 1207694195, "anchor_kind": "demand"}, "geometry": {"type": "Polygon", "coordinates": [[[24.8847, 60.15374], [24.8818, 60.15343], [24.88153, 60.15407], [24.88445, 60.15438], [24.8847, 60.15374]]]}}, {"type": "Feature", "properties": {"area_ha": 2.507, "dist_km": 2.281, "node": "Punavuori", "node_mw": 27, "osm_id": 1207695750, "anchor_kind": "demand"}, "geometry": {"type": "Polygon", "coordinates": [[[24.88785, 60.15126], [24.88772, 60.15126], [24.88752, 60.15182], [24.8871, 60.15201], [24.88627, 60.15194], [24.88613, 60.1523], [24.8856, 60.15225], [24.88613, 60.15086], [24.88628, 60.15086], [24.88685, 60.15088], [24.88693, 60.15088], [24.88698, 60.1506], [24.88623, 60.1506], [24.88662, 60.14957], [24.88723, 60.14918], [24.88776, 60.1492], [24.88785, 60.15126]]]}}, {"type": "Feature", "properties": {"area_ha": 0.183, "dist_km": 1.043, "node": "Punavuori", "node_mw": 27, "osm_id": 1230927254, "anchor_kind": "demand"}, "geometry": {"type": "Polygon", "coordinates": [[[24.94588, 60.15201], [24.94602, 60.15197], [24.94603, 60.15196], [24.9461, 60.15193], [24.94617, 60.15187], [24.94626, 60.15181], [24.94636, 60.15174], [24.94644, 60.1517], [24.94651, 60.15165], [24.94667, 60.15173], [24.94653, 60.15181], [24.9467, 60.1519], [24.94692, 60.15201], [24.94665, 60.15218], [24.94663, 60.15217], [24.94661, 60.15218], [24.9466, 60.15221], [24.94655, 60.15223], [24.94648, 60.15225], [24.94645, 60.15227], [24.94588, 60.15201]]]}}, {"type": "Feature", "properties": {"area_ha": 0.134, "dist_km": 2.138, "node": "Punavuori", "node_mw": 27, "osm_id": 1236073659, "anchor_kind": "demand"}, "geometry": {"type": "Polygon", "coordinates": [[[24.96663, 60.15095], [24.96667, 60.15103], [24.96672, 60.15113], [24.96685, 60.15128], [24.96692, 60.15137], [24.96685, 60.15139], [24.96678, 60.15141], [24.96652, 60.15145], [24.96649, 60.15141], [24.96642, 60.15134], [24.96637, 60.15133], [24.96636, 60.15135], [24.96619, 60.15132], [24.96634, 60.15121], [24.96619, 60.15098], [24.96663, 60.15095]]]}}, {"type": "Feature", "properties": {"area_ha": 0.145, "dist_km": 0.441, "node": "Punavuori", "node_mw": 27, "osm_id": 1307836794, "anchor_kind": "demand"}, "geometry": {"type": "Polygon", "coordinates": [[[24.92213, 60.14765], [24.92145, 60.14738], [24.92111, 60.14759], [24.92179, 60.14786], [24.92213, 60.14765]]]}}, {"type": "Feature", "properties": {"area_ha": 1.61, "dist_km": 0.476, "node": "Punavuori", "node_mw": 27, "osm_id": 1392626132, "anchor_kind": "demand"}, "geometry": {"type": "Polygon", "coordinates": [[[24.92004, 60.14832], [24.91991, 60.14819], [24.92019, 60.14811], [24.92025, 60.14809], [24.92162, 60.14727], [24.92212, 60.14695], [24.92216, 60.14692], [24.92243, 60.14691], [24.92266, 60.14689], [24.9237, 60.14626], [24.92346, 60.14616], [24.92457, 60.14546], [24.92446, 60.14541], [24.92439, 60.14539], [24.9235, 60.14594], [24.92338, 60.14596], [24.92327, 60.14601], [24.92315, 60.14604], [24.92285, 60.14592], [24.91935, 60.14809], [24.91935, 60.14813], [24.91937, 60.14814], [24.91953, 60.14829], [24.91952, 60.14829], [24.91966, 60.14842], [24.91989, 60.14836], [24.92004, 60.14832]]]}}, {"type": "Feature", "properties": {"area_ha": 1.622, "dist_km": 0.322, "node": "Punavuori", "node_mw": 27, "osm_id": 1432222185, "anchor_kind": "demand"}, "geometry": {"type": "Polygon", "coordinates": [[[24.92445, 60.1529], [24.9247, 60.15283], [24.92368, 60.15188], [24.92385, 60.15184], [24.92328, 60.15131], [24.92308, 60.15136], [24.92267, 60.15098], [24.92313, 60.15086], [24.92277, 60.15053], [24.92304, 60.15046], [24.92185, 60.14935], [24.92142, 60.14946], [24.9212, 60.14952], [24.92115, 60.14953], [24.92027, 60.14872], [24.91996, 60.14842], [24.91989, 60.14836], [24.91966, 60.14842], [24.92445, 60.1529]]]}}, {"type": "Feature", "properties": {"area_ha": 0.185, "dist_km": 0.63, "node": "Punavuori", "node_mw": 27, "osm_id": 1433798500, "anchor_kind": "demand"}, "geometry": {"type": "Polygon", "coordinates": [[[24.93161, 60.1551], [24.93146, 60.15507], [24.93118, 60.15503], [24.93091, 60.15546], [24.93089, 60.15549], [24.93087, 60.15551], [24.93087, 60.15552], [24.93086, 60.15553], [24.93083, 60.15557], [24.9308, 60.15562], [24.93083, 60.15562], [24.93081, 60.15566], [24.93121, 60.15572], [24.93124, 60.15565], [24.93128, 60.15566], [24.93132, 60.1556], [24.93129, 60.15559], [24.93134, 60.15551], [24.93138, 60.15552], [24.93142, 60.15545], [24.93139, 60.15544], [24.93144, 60.15537], [24.93147, 60.15537], [24.93151, 60.1553], [24.93148, 60.1553], [24.93153, 60.15522], [24.93156, 60.15523], [24.9316, 60.15516], [24.93157, 60.15515], [24.93161, 60.1551]]]}}, {"type": "Feature", "properties": {"area_ha": 0.105, "dist_km": 0.45, "node": "Punavuori", "node_mw": 27, "osm_id": 1450616511, "anchor_kind": "demand"}, "geometry": {"type": "Polygon", "coordinates": [[[24.92155, 60.14783], [24.92105, 60.14763], [24.92071, 60.14783], [24.92121, 60.14803], [24.92155, 60.14783]]]}}, {"type": "Feature", "properties": {"area_ha": 0.002, "dist_km": 2.159, "node": "Kluuvi", "node_mw": 24, "osm_id": 1494725967, "anchor_kind": "demand"}, "geometry": {"type": "Polygon", "coordinates": [[[24.92108, 60.18536], [24.92115, 60.18538], [24.92114, 60.18539], [24.92112, 60.18538], [24.92106, 60.18542], [24.92109, 60.18542], [24.92108, 60.18542], [24.92099, 60.18542], [24.92099, 60.18542], [24.92103, 60.18542], [24.92109, 60.18537], [24.92107, 60.18536], [24.92108, 60.18536]]]}}, {"type": "Feature", "properties": {"area_ha": 0.957, "dist_km": 2.129, "node": "Kluuvi", "node_mw": 24, "osm_id": 1528891255, "anchor_kind": "demand"}, "geometry": {"type": "Polygon", "coordinates": [[[24.96752, 60.18298], [24.96772, 60.18288], [24.96783, 60.18272], [24.96803, 60.18262], [24.96884, 60.18238], [24.96895, 60.18244], [24.96917, 60.18256], [24.96963, 60.18281], [24.96984, 60.18293], [24.96848, 60.18354], [24.96835, 60.18356], [24.96829, 60.18357], [24.96775, 60.18327], [24.96755, 60.18315], [24.96736, 60.18305], [24.96752, 60.18298]]]}}, {"type": "Feature", "properties": {"area_ha": 0.323, "dist_km": 2.344, "node": "Kluuvi", "node_mw": 24, "osm_id": 1528891256, "anchor_kind": "demand"}, "geometry": {"type": "Polygon", "coordinates": [[[24.96966, 60.18432], [24.97025, 60.18464], [24.97029, 60.18463], [24.9708, 60.18493], [24.97035, 60.18513], [24.97022, 60.18505], [24.97023, 60.18504], [24.97012, 60.18498], [24.97006, 60.18501], [24.96938, 60.18462], [24.9692, 60.18452], [24.96966, 60.18432]]]}}, {"type": "Feature", "properties": {"area_ha": 0.274, "dist_km": 1.371, "node": "Pitäjänmäki E", "node_mw": 23, "osm_id": 15242723, "anchor_kind": "demand"}, "geometry": {"type": "Polygon", "coordinates": [[[24.8581, 60.22322], [24.85772, 60.22327], [24.85778, 60.22339], [24.85817, 60.22334], [24.85823, 60.22345], [24.86013, 60.22318], [24.86004, 60.22303], [24.8596, 60.22309], [24.85957, 60.22304], [24.85811, 60.22324], [24.8581, 60.22322]]]}}, {"type": "Feature", "properties": {"area_ha": 0.463, "dist_km": 1.291, "node": "Pitäjänmäki E", "node_mw": 23, "osm_id": 15242728, "anchor_kind": "demand"}, "geometry": {"type": "Polygon", "coordinates": [[[24.85736, 60.22243], [24.8576, 60.22285], [24.85894, 60.22265], [24.85897, 60.2227], [24.85946, 60.22263], [24.85921, 60.2222], [24.85872, 60.22227], [24.85872, 60.22227], [24.85837, 60.22232], [24.85851, 60.22256], [24.85829, 60.22259], [24.85813, 60.22232], [24.85736, 60.22243]]]}}, {"type": "Feature", "properties": {"area_ha": 0.046, "dist_km": 1.244, "node": "Pitäjänmäki E", "node_mw": 23, "osm_id": 15242729, "anchor_kind": "demand"}, "geometry": {"type": "Polygon", "coordinates": [[[24.85858, 60.22207], [24.85866, 60.22219], [24.85916, 60.22212], [24.85913, 60.22208], [24.8592, 60.22207], [24.85915, 60.22198], [24.85858, 60.22207]]]}}, {"type": "Feature", "properties": {"area_ha": 0.133, "dist_km": 1.393, "node": "Pitäjänmäki E", "node_mw": 23, "osm_id": 21286193, "anchor_kind": "demand"}, "geometry": {"type": "Polygon", "coordinates": [[[24.855, 60.223], [24.85493, 60.22323], [24.85584, 60.2233], [24.85589, 60.22314], [24.8559, 60.22309], [24.85591, 60.22306], [24.85542, 60.22303], [24.85522, 60.22301], [24.85513, 60.22301], [24.855, 60.223]]]}}, {"type": "Feature", "properties": {"area_ha": 0.264, "dist_km": 1.386, "node": "Pitäjänmäki E", "node_mw": 23, "osm_id": 21286362, "anchor_kind": "demand"}, "geometry": {"type": "Polygon", "coordinates": [[[24.855, 60.223], [24.85501, 60.22296], [24.85503, 60.22291], [24.8547, 60.22289], [24.85469, 60.22288], [24.85445, 60.22287], [24.85446, 60.22285], [24.85444, 60.22285], [24.85442, 60.22285], [24.85441, 60.22286], [24.85436, 60.22286], [24.85432, 60.22286], [24.85434, 60.22279], [24.85434, 60.22277], [24.85425, 60.22276], [24.85393, 60.22274], [24.85388, 60.22273], [24.85376, 60.22315], [24.85493, 60.22323], [24.855, 60.223]]]}}, {"type": "Feature", "properties": {"area_ha": 0.058, "dist_km": 1.181, "node": "Pitäjänmäki E", "node_mw": 23, "osm_id": 21288729, "anchor_kind": "demand"}, "geometry": {"type": "Polygon", "coordinates": [[[24.85982, 60.22156], [24.8599, 60.2217], [24.86053, 60.2216], [24.86045, 60.22147], [24.85982, 60.22156]]]}}, {"type": "Feature", "properties": {"area_ha": 0.063, "dist_km": 1.158, "node": "Pitäjänmäki E", "node_mw": 23, "osm_id": 21288757, "anchor_kind": "demand"}, "geometry": {"type": "Polygon", "coordinates": [[[24.85977, 60.22149], [24.86047, 60.22138], [24.86039, 60.22125], [24.85969, 60.22136], [24.85977, 60.22149]]]}}, {"type": "Feature", "properties": {"area_ha": 0.081, "dist_km": 1.187, "node": "Pitäjänmäki E", "node_mw": 23, "osm_id": 21288803, "anchor_kind": "demand"}, "geometry": {"type": "Polygon", "coordinates": [[[24.85929, 60.22179], [24.85964, 60.22174], [24.85943, 60.2214], [24.85908, 60.22145], [24.85929, 60.22179]]]}}, {"type": "Feature", "properties": {"area_ha": 0.055, "dist_km": 1.344, "node": "Pitäjänmäki E", "node_mw": 23, "osm_id": 21289740, "anchor_kind": "demand"}, "geometry": {"type": "Polygon", "coordinates": [[[24.85269, 60.22232], [24.85284, 60.22234], [24.85295, 60.22235], [24.85309, 60.22202], [24.85283, 60.22199], [24.85269, 60.22232]]]}}, {"type": "Feature", "properties": {"area_ha": 0.126, "dist_km": 1.286, "node": "Pitäjänmäki E", "node_mw": 23, "osm_id": 21290229, "anchor_kind": "demand"}, "geometry": {"type": "Polygon", "coordinates": [[[24.84959, 60.22063], [24.84958, 60.22073], [24.84954, 60.22097], [24.84967, 60.22097], [24.84967, 60.22098], [24.84973, 60.22098], [24.84973, 60.22097], [24.84974, 60.22097], [24.84975, 60.22087], [24.84976, 60.22081], [24.85018, 60.22083], [24.85054, 60.22084], [24.85057, 60.22066], [24.84959, 60.22063]]]}}, {"type": "Feature", "properties": {"area_ha": 0.216, "dist_km": 1.451, "node": "Pitäjänmäki E", "node_mw": 23, "osm_id": 21866892, "anchor_kind": "demand"}, "geometry": {"type": "Polygon", "coordinates": [[[24.84939, 60.22278], [24.84961, 60.2228], [24.84969, 60.2226], [24.84983, 60.22226], [24.84928, 60.22221], [24.84892, 60.22217], [24.84888, 60.22228], [24.84939, 60.22278]]]}}, {"type": "Feature", "properties": {"area_ha": 0.065, "dist_km": 1.365, "node": "Pitäjänmäki E", "node_mw": 23, "osm_id": 21867618, "anchor_kind": "demand"}, "geometry": {"type": "Polygon", "coordinates": [[[24.85057, 60.22207], [24.85092, 60.22211], [24.85103, 60.22181], [24.85069, 60.22178], [24.85057, 60.22207]]]}}, {"type": "Feature", "properties": {"area_ha": 2.509, "dist_km": 2.785, "node": "Pukinmäki", "node_mw": 23, "osm_id": 22751249, "anchor_kind": "demand"}, "geometry": {"type": "Polygon", "coordinates": [[[24.95651, 60.29285], [24.95769, 60.29285], [24.95769, 60.29267], [24.95794, 60.29267], [24.95795, 60.29274], [24.95862, 60.29274], [24.95862, 60.29281], [24.95898, 60.29281], [24.95897, 60.29214], [24.95893, 60.29214], [24.95893, 60.29177], [24.95901, 60.29177], [24.95901, 60.29149], [24.95879, 60.29149], [24.95878, 60.291], [24.95626, 60.291], [24.95626, 60.29097], [24.95612, 60.29097], [24.95612, 60.2911], [24.95624, 60.2911], [24.95624, 60.29139], [24.95727, 60.29139], [24.95727, 60.29152], [24.95791, 60.29152], [24.95791, 60.29177], [24.95646, 60.29177], [24.95646, 60.29198], [24.95646, 60.29209], [24.95636, 60.29209], [24.95636, 60.29232], [24.95625, 60.29232], [24.95626, 60.29243], [24.95637, 60.29243], [24.95637, 60.29253], [24.95651, 60.29253], [24.95651, 60.29285]]]}}, {"type": "Feature", "properties": {"area_ha": 0.199, "dist_km": 2.838, "node": "Pukinmäki", "node_mw": 23, "osm_id": 22751251, "anchor_kind": "demand"}, "geometry": {"type": "Polygon", "coordinates": [[[24.95636, 60.29209], [24.95571, 60.29209], [24.95571, 60.29223], [24.95562, 60.29223], [24.95562, 60.29239], [24.95571, 60.29239], [24.95571, 60.29253], [24.95595, 60.29253], [24.95595, 60.29262], [24.95627, 60.29262], [24.95627, 60.29256], [24.95637, 60.29256], [24.95637, 60.29253], [24.95637, 60.29243], [24.95626, 60.29243], [24.95625, 60.29232], [24.95636, 60.29232], [24.95636, 60.29209]]]}}, {"type": "Feature", "properties": {"area_ha": 0.185, "dist_km": 2.831, "node": "Pukinmäki", "node_mw": 23, "osm_id": 24403284, "anchor_kind": "demand"}, "geometry": {"type": "Polygon", "coordinates": [[[24.94387, 60.24297], [24.94506, 60.24307], [24.94515, 60.24282], [24.94396, 60.24272], [24.94387, 60.24297]]]}}, {"type": "Feature", "properties": {"area_ha": 0.077, "dist_km": 2.901, "node": "Pukinmäki", "node_mw": 23, "osm_id": 24436319, "anchor_kind": "demand"}, "geometry": {"type": "Polygon", "coordinates": [[[24.94397, 60.24248], [24.94445, 60.24234], [24.94421, 60.24214], [24.9438, 60.24226], [24.94386, 60.24231], [24.94379, 60.24233], [24.94397, 60.24248]]]}}, {"type": "Feature", "properties": {"area_ha": 3.826, "dist_km": 1.743, "node": "Pukinmäki", "node_mw": 23, "osm_id": 24440533, "anchor_kind": "demand"}, "geometry": {"type": "Polygon", "coordinates": [[[24.94967, 60.25104], [24.94962, 60.25104], [24.94957, 60.25104], [24.94951, 60.25105], [24.94946, 60.25106], [24.94941, 60.25107], [24.94936, 60.25109], [24.94932, 60.25111], [24.94929, 60.25113], [24.94928, 60.25115], [24.94926, 60.25118], [24.94923, 60.2512], [24.94921, 60.25122], [24.94918, 60.25127], [24.94915, 60.25131], [24.94913, 60.25135], [24.9491, 60.25141], [24.94908, 60.25146], [24.94906, 60.25153], [24.94905, 60.25158], [24.94904, 60.25165], [24.94905, 60.2517], [24.94906, 60.25174], [24.94907, 60.25181], [24.9491, 60.25187], [24.94913, 60.25195], [24.94916, 60.25203], [24.94927, 60.25223], [24.94941, 60.25247], [24.9496, 60.25274], [24.94967, 60.25283], [24.94976, 60.25292], [24.94985, 60.25303], [24.94994, 60.2531], [24.95003, 60.25318], [24.95011, 60.25324], [24.95022, 60.25331], [24.95032, 60.25338], [24.95044, 60.25344], [24.95053, 60.25349], [24.95064, 60.25354], [24.95078, 60.25359], [24.95087, 60.25363], [24.951, 60.25367], [24.95112, 60.25371], [24.95123, 60.25374], [24.95138, 60.25378], [24.95152, 60.25381], [24.95179, 60.25387], [24.95223, 60.25381], [24.95282, 60.25374], [24.95314, 60.25315], [24.95304, 60.25309], [24.95286, 60.25298], [24.95217, 60.25255], [24.95215, 60.25254], [24.95143, 60.25237], [24.95123, 60.2522], [24.95119, 60.25211], [24.95113, 60.25195], [24.95108, 60.2518], [24.95102, 60.25164], [24.95096, 60.25149], [24.9509, 60.25133], [24.95088, 60.25127], [24.95083, 60.25113], [24.94967, 60.25104]]]}}, {"type": "Feature", "properties": {"area_ha": 0.173, "dist_km": 2.921, "node": "Pitäjänmäki E", "node_mw": 23, "osm_id": 24663214, "anchor_kind": "demand"}, "geometry": {"type": "Polygon", "coordinates": [[[24.86237, 60.23734], [24.8613, 60.23692], [24.86105, 60.23707], [24.86152, 60.23726], [24.86147, 60.23729], [24.86156, 60.23732], [24.86171, 60.23738], [24.86176, 60.23735], [24.86212, 60.2375], [24.86237, 60.23734]]]}}, {"type": "Feature", "properties": {"area_ha": 0.043, "dist_km": 3.011, "node": "Pitäjänmäki E", "node_mw": 23, "osm_id": 24663227, "anchor_kind": "demand"}, "geometry": {"type": "Polygon", "coordinates": [[[24.86027, 60.23814], [24.86051, 60.23824], [24.86086, 60.23802], [24.86073, 60.23796], [24.86058, 60.23806], [24.86048, 60.23801], [24.86027, 60.23814]]]}}, {"type": "Feature", "properties": {"area_ha": 0.204, "dist_km": 2.312, "node": "Pitäjänmäki E", "node_mw": 23, "osm_id": 24789000, "anchor_kind": "demand"}, "geometry": {"type": "Polygon", "coordinates": [[[24.85518, 60.2318], [24.85555, 60.23192], [24.85635, 60.23128], [24.85597, 60.23117], [24.85542, 60.2316], [24.85518, 60.2318]]]}}, {"type": "Feature", "properties": {"area_ha": 0.665, "dist_km": 2.348, "node": "Pitäjänmäki E", "node_mw": 23, "osm_id": 24789016, "anchor_kind": "demand"}, "geometry": {"type": "Polygon", "coordinates": [[[24.8562, 60.23204], [24.85821, 60.23266], [24.8583, 60.23258], [24.85839, 60.23261], [24.85856, 60.23248], [24.85846, 60.23245], [24.85848, 60.23243], [24.85764, 60.23217], [24.85808, 60.23182], [24.85777, 60.23172], [24.85779, 60.2317], [24.85784, 60.23172], [24.85789, 60.23168], [24.85748, 60.23155], [24.85733, 60.23167], [24.85726, 60.23164], [24.85699, 60.23186], [24.85707, 60.23188], [24.85703, 60.23191], [24.85655, 60.23176], [24.85649, 60.23181], [24.8564, 60.23178], [24.85618, 60.23196], [24.85627, 60.23199], [24.8562, 60.23204]]]}}, {"type": "Feature", "properties": {"area_ha": 0.232, "dist_km": 2.315, "node": "Pitäjänmäki E", "node_mw": 23, "osm_id": 24789020, "anchor_kind": "demand"}, "geometry": {"type": "Polygon", "coordinates": [[[24.86005, 60.23206], [24.86038, 60.23188], [24.85933, 60.23142], [24.859, 60.2316], [24.85929, 60.23173], [24.85917, 60.2318], [24.85945, 60.23192], [24.85957, 60.23185], [24.86005, 60.23206]]]}}, {"type": "Feature", "properties": {"area_ha": 0.223, "dist_km": 2.184, "node": "Pitäjänmäki E", "node_mw": 23, "osm_id": 24789030, "anchor_kind": "demand"}, "geometry": {"type": "Polygon", "coordinates": [[[24.86053, 60.23057], [24.86047, 60.23054], [24.86037, 60.23056], [24.86016, 60.23036], [24.85909, 60.23064], [24.85933, 60.23087], [24.8604, 60.23059], [24.86043, 60.23062], [24.86045, 60.23061], [24.86048, 60.23063], [24.86042, 60.23066], [24.86076, 60.23081], [24.8609, 60.23073], [24.86056, 60.23058], [24.86052, 60.2306], [24.8605, 60.23059], [24.86053, 60.23057]]]}}, {"type": "Feature", "properties": {"area_ha": 0.27, "dist_km": 2.28, "node": "Pitäjänmäki E", "node_mw": 23, "osm_id": 24789031, "anchor_kind": "demand"}, "geometry": {"type": "Polygon", "coordinates": [[[24.86003, 60.23123], [24.86014, 60.23128], [24.85988, 60.23142], [24.85986, 60.23144], [24.86013, 60.23156], [24.86004, 60.2316], [24.86045, 60.23179], [24.86066, 60.23167], [24.86074, 60.2317], [24.86114, 60.23148], [24.86038, 60.23114], [24.86003, 60.23123]]]}}, {"type": "Feature", "properties": {"area_ha": 0.447, "dist_km": 2.308, "node": "Pitäjänmäki E", "node_mw": 23, "osm_id": 24789032, "anchor_kind": "demand"}, "geometry": {"type": "Polygon", "coordinates": [[[24.8604, 60.23198], [24.86098, 60.23223], [24.86224, 60.23152], [24.86167, 60.23127], [24.8604, 60.23198]]]}}, {"type": "Feature", "properties": {"area_ha": 0.087, "dist_km": 2.247, "node": "Pitäjänmäki E", "node_mw": 23, "osm_id": 24789037, "anchor_kind": "demand"}, "geometry": {"type": "Polygon", "coordinates": [[[24.86099, 60.23126], [24.861, 60.23126], [24.86129, 60.23139], [24.86176, 60.23112], [24.86146, 60.23099], [24.86099, 60.23126]]]}}, {"type": "Feature", "properties": {"area_ha": 0.147, "dist_km": 2.243, "node": "Pitäjänmäki E", "node_mw": 23, "osm_id": 24789039, "anchor_kind": "demand"}, "geometry": {"type": "Polygon", "coordinates": [[[24.86276, 60.23141], [24.86302, 60.23126], [24.86308, 60.23122], [24.86234, 60.2309], [24.86202, 60.23108], [24.86276, 60.23141]]]}}, {"type": "Feature", "properties": {"area_ha": 0.009, "dist_km": 2.247, "node": "Pitäjänmäki E", "node_mw": 23, "osm_id": 24789040, "anchor_kind": "demand"}, "geometry": {"type": "Polygon", "coordinates": [[[24.862, 60.23128], [24.86208, 60.23123], [24.86188, 60.23115], [24.8618, 60.23119], [24.862, 60.23128]]]}}, {"type": "Feature", "properties": {"area_ha": 0.152, "dist_km": 2.179, "node": "Pitäjänmäki E", "node_mw": 23, "osm_id": 24789042, "anchor_kind": "demand"}, "geometry": {"type": "Polygon", "coordinates": [[[24.86314, 60.23092], [24.8636, 60.23066], [24.86321, 60.23049], [24.86315, 60.23052], [24.86308, 60.23049], [24.86303, 60.23053], [24.86296, 60.2305], [24.86284, 60.23056], [24.86278, 60.23054], [24.86255, 60.23067], [24.86314, 60.23092]]]}}, {"type": "Feature", "properties": {"area_ha": 0.627, "dist_km": 2.342, "node": "Pitäjänmäki E", "node_mw": 23, "osm_id": 24789047, "anchor_kind": "demand"}, "geometry": {"type": "Polygon", "coordinates": [[[24.86251, 60.23279], [24.86437, 60.23173], [24.86379, 60.23148], [24.86358, 60.2316], [24.86365, 60.23163], [24.86302, 60.23199], [24.86299, 60.23198], [24.86271, 60.23214], [24.86274, 60.23215], [24.86261, 60.23222], [24.86216, 60.23202], [24.86197, 60.23213], [24.86251, 60.23236], [24.86208, 60.2326], [24.86251, 60.23279]]]}}, {"type": "Feature", "properties": {"area_ha": 0.021, "dist_km": 2.275, "node": "Pitäjänmäki E", "node_mw": 23, "osm_id": 24789051, "anchor_kind": "demand"}, "geometry": {"type": "Polygon", "coordinates": [[[24.86464, 60.23151], [24.86481, 60.23142], [24.8646, 60.23133], [24.86443, 60.23142], [24.86464, 60.23151]]]}}, {"type": "Feature", "properties": {"area_ha": 0.119, "dist_km": 2.243, "node": "Pitäjänmäki E", "node_mw": 23, "osm_id": 24789055, "anchor_kind": "demand"}, "geometry": {"type": "Polygon", "coordinates": [[[24.85842, 60.23136], [24.85876, 60.23127], [24.85826, 60.2308], [24.85805, 60.23086], [24.85809, 60.2309], [24.85797, 60.23093], [24.85836, 60.23128], [24.85834, 60.23129], [24.85842, 60.23136]]]}}, {"type": "Feature", "properties": {"area_ha": 0.471, "dist_km": 2.211, "node": "Pitäjänmäki E", "node_mw": 23, "osm_id": 24789057, "anchor_kind": "demand"}, "geometry": {"type": "Polygon", "coordinates": [[[24.86508, 60.23126], [24.8654, 60.23107], [24.86536, 60.23106], [24.86557, 60.23094], [24.8652, 60.23078], [24.8654, 60.23067], [24.86486, 60.23044], [24.86456, 60.23061], [24.86451, 60.23059], [24.86449, 60.23058], [24.86424, 60.23047], [24.86382, 60.23071], [24.86396, 60.23077], [24.86392, 60.23079], [24.86402, 60.23084], [24.86405, 60.23085], [24.86409, 60.23087], [24.86477, 60.23117], [24.86482, 60.23114], [24.86505, 60.23124], [24.86508, 60.23126]]]}}, {"type": "Feature", "properties": {"area_ha": 0.831, "dist_km": 2.861, "node": "Pukinmäki", "node_mw": 23, "osm_id": 25497945, "anchor_kind": "demand"}, "geometry": {"type": "Polygon", "coordinates": [[[24.94367, 60.24253], [24.94393, 60.24254], [24.94423, 60.24254], [24.94456, 60.24253], [24.94457, 60.24255], [24.94457, 60.24257], [24.94457, 60.24258], [24.94458, 60.2426], [24.94458, 60.24261], [24.94458, 60.24263], [24.94457, 60.24266], [24.94457, 60.24269], [24.94457, 60.24271], [24.94422, 60.2427], [24.94392, 60.24268], [24.9436, 60.24266], [24.94355, 60.24292], [24.9449, 60.24332], [24.94507, 60.24313], [24.94518, 60.24288], [24.9452, 60.24274], [24.9452, 60.24253], [24.9451, 60.24236], [24.94508, 60.24232], [24.9447, 60.24199], [24.94374, 60.24227], [24.94372, 60.24236], [24.94367, 60.24253]]]}}, {"type": "Feature", "properties": {"area_ha": 0.109, "dist_km": 1.963, "node": "Pukinmäki", "node_mw": 23, "osm_id": 25940758, "anchor_kind": "demand"}, "geometry": {"type": "Polygon", "coordinates": [[[24.95119, 60.24985], [24.95165, 60.24985], [24.95187, 60.24985], [24.95185, 60.25011], [24.95163, 60.25011], [24.95117, 60.25011], [24.95119, 60.24985]]]}}, {"type": "Feature", "properties": {"area_ha": 0.147, "dist_km": 1.918, "node": "Pukinmäki", "node_mw": 23, "osm_id": 25940762, "anchor_kind": "demand"}, "geometry": {"type": "Polygon", "coordinates": [[[24.95059, 60.25042], [24.95059, 60.25026], [24.95191, 60.25027], [24.95191, 60.2504], [24.95195, 60.2504], [24.95195, 60.25042], [24.9519, 60.25042], [24.9519, 60.25049], [24.95146, 60.25048], [24.95146, 60.25043], [24.95059, 60.25042]]]}}, {"type": "Feature", "properties": {"area_ha": 0.061, "dist_km": 1.884, "node": "Pukinmäki", "node_mw": 23, "osm_id": 25940763, "anchor_kind": "demand"}, "geometry": {"type": "Polygon", "coordinates": [[[24.9514, 60.25073], [24.9514, 60.25055], [24.95193, 60.25055], [24.95193, 60.25067], [24.95196, 60.25067], [24.95196, 60.25073], [24.95184, 60.25073], [24.95184, 60.25075], [24.95168, 60.25075], [24.95168, 60.25073], [24.9514, 60.25073]]]}}, {"type": "Feature", "properties": {"area_ha": 0.101, "dist_km": 1.988, "node": "Pukinmäki", "node_mw": 23, "osm_id": 25940764, "anchor_kind": "demand"}, "geometry": {"type": "Polygon", "coordinates": [[[24.94972, 60.24983], [24.95005, 60.24983], [24.95005, 60.24989], [24.95035, 60.24989], [24.95042, 60.24989], [24.95041, 60.2501], [24.95035, 60.2501], [24.94972, 60.25009], [24.94972, 60.24983]]]}}, {"type": "Feature", "properties": {"area_ha": 0.038, "dist_km": 1.907, "node": "Pukinmäki", "node_mw": 23, "osm_id": 25940765, "anchor_kind": "demand"}, "geometry": {"type": "Polygon", "coordinates": [[[24.95058, 60.25088], [24.95058, 60.25057], [24.95061, 60.25057], [24.95061, 60.25056], [24.95063, 60.25056], [24.95063, 60.25057], [24.95078, 60.25056], [24.95078, 60.25088], [24.95058, 60.25088]]]}}, {"type": "Feature", "properties": {"area_ha": 0.084, "dist_km": 1.837, "node": "Pukinmäki", "node_mw": 23, "osm_id": 25940766, "anchor_kind": "demand"}, "geometry": {"type": "Polygon", "coordinates": [[[24.95272, 60.25101], [24.95272, 60.25092], [24.95299, 60.25092], [24.953, 60.25072], [24.95338, 60.25072], [24.95337, 60.25101], [24.95332, 60.25101], [24.95332, 60.25104], [24.95316, 60.25104], [24.95316, 60.251], [24.953, 60.251], [24.953, 60.25101], [24.95272, 60.25101]]]}}, {"type": "Feature", "properties": {"area_ha": 0.254, "dist_km": 1.983, "node": "Pukinmäki", "node_mw": 23, "osm_id": 25940783, "anchor_kind": "demand"}, "geometry": {"type": "Polygon", "coordinates": [[[24.94876, 60.24987], [24.94879, 60.24987], [24.94879, 60.24984], [24.94909, 60.24984], [24.94909, 60.24987], [24.9492, 60.24987], [24.9492, 60.25006], [24.94923, 60.25006], [24.94923, 60.25011], [24.9492, 60.25011], [24.94919, 60.25078], [24.94874, 60.25078], [24.94875, 60.25056], [24.94878, 60.25056], [24.94879, 60.25043], [24.94875, 60.25043], [24.94876, 60.24987]]]}}, {"type": "Feature", "properties": {"area_ha": 0.415, "dist_km": 2.372, "node": "Pukinmäki", "node_mw": 23, "osm_id": 30546354, "anchor_kind": "demand"}, "geometry": {"type": "Polygon", "coordinates": [[[24.97815, 60.24745], [24.97851, 60.247], [24.97882, 60.24706], [24.97862, 60.2473], [24.97867, 60.24731], [24.9786, 60.2474], [24.9788, 60.24744], [24.97892, 60.24741], [24.97902, 60.2475], [24.97875, 60.24757], [24.97876, 60.24758], [24.97869, 60.2476], [24.97894, 60.24785], [24.97898, 60.24784], [24.97901, 60.24787], [24.97931, 60.24779], [24.97928, 60.24777], [24.97954, 60.2477], [24.97957, 60.24773], [24.97999, 60.24762], [24.98015, 60.24777], [24.9801, 60.24779], [24.98012, 60.24781], [24.97889, 60.24812], [24.97873, 60.24796], [24.97871, 60.24797], [24.97839, 60.24766], [24.97837, 60.24767], [24.97815, 60.24745]]]}}, {"type": "Feature", "properties": {"area_ha": 0.033, "dist_km": 1.042, "node": "Pukinmäki", "node_mw": 23, "osm_id": 30574995, "anchor_kind": "demand"}, "geometry": {"type": "Polygon", "coordinates": [[[24.96524, 60.25794], [24.96504, 60.25789], [24.96501, 60.25791], [24.96498, 60.25791], [24.96501, 60.25788], [24.965, 60.25787], [24.96517, 60.2577], [24.96541, 60.25776], [24.96524, 60.25794]]]}}, {"type": "Feature", "properties": {"area_ha": 0.031, "dist_km": 2.022, "node": "Pukinmäki", "node_mw": 23, "osm_id": 30581520, "anchor_kind": "demand"}, "geometry": {"type": "Polygon", "coordinates": [[[24.95024, 60.24971], [24.94988, 60.24972], [24.94988, 60.24957], [24.95024, 60.24957], [24.95024, 60.24971]]]}}, {"type": "Feature", "properties": {"area_ha": 0.05, "dist_km": 2.011, "node": "Pukinmäki", "node_mw": 23, "osm_id": 30581524, "anchor_kind": "demand"}, "geometry": {"type": "Polygon", "coordinates": [[[24.95044, 60.24973], [24.95044, 60.24957], [24.95096, 60.24957], [24.95096, 60.24973], [24.95044, 60.24973]]]}}, {"type": "Feature", "properties": {"area_ha": 0.178, "dist_km": 1.723, "node": "Pukinmäki", "node_mw": 23, "osm_id": 30602344, "anchor_kind": "demand"}, "geometry": {"type": "Polygon", "coordinates": [[[24.94959, 60.25225], [24.94984, 60.25222], [24.94981, 60.25216], [24.95013, 60.25211], [24.95029, 60.25238], [24.95011, 60.25241], [24.95027, 60.25266], [24.95031, 60.25265], [24.95038, 60.25277], [24.95015, 60.2528], [24.95008, 60.2527], [24.94988, 60.25273], [24.94959, 60.25225]]]}}, {"type": "Feature", "properties": {"area_ha": 0.166, "dist_km": 1.808, "node": "Pukinmäki", "node_mw": 23, "osm_id": 30602345, "anchor_kind": "demand"}, "geometry": {"type": "Polygon", "coordinates": [[[24.94983, 60.25196], [24.94942, 60.25197], [24.94932, 60.25141], [24.94981, 60.25139], [24.94989, 60.25185], [24.94981, 60.25185], [24.94983, 60.25196]]]}}, {"type": "Feature", "properties": {"area_ha": 0.075, "dist_km": 1.648, "node": "Pukinmäki", "node_mw": 23, "osm_id": 30602347, "anchor_kind": "demand"}, "geometry": {"type": "Polygon", "coordinates": [[[24.95269, 60.25305], [24.952, 60.25262], [24.95217, 60.25255], [24.95286, 60.25298], [24.95269, 60.25305]]]}}, {"type": "Feature", "properties": {"area_ha": 0.06, "dist_km": 1.694, "node": "Pukinmäki", "node_mw": 23, "osm_id": 30602348, "anchor_kind": "demand"}, "geometry": {"type": "Polygon", "coordinates": [[[24.95176, 60.25264], [24.95163, 60.25256], [24.95154, 60.2526], [24.9514, 60.25251], [24.95132, 60.25254], [24.95105, 60.25237], [24.95122, 60.25231], [24.95149, 60.25247], [24.95157, 60.25244], [24.95171, 60.25252], [24.9518, 60.25249], [24.95193, 60.25257], [24.95176, 60.25264]]]}}, {"type": "Feature", "properties": {"area_ha": 0.056, "dist_km": 1.351, "node": "Pukinmäki", "node_mw": 23, "osm_id": 32803019, "anchor_kind": "demand"}, "geometry": {"type": "Polygon", "coordinates": [[[24.94343, 60.25853], [24.94375, 60.25857], [24.94389, 60.25831], [24.94358, 60.25826], [24.94343, 60.25853]]]}}, {"type": "Feature", "properties": {"area_ha": 0.101, "dist_km": 1.298, "node": "Pitäjänmäki E", "node_mw": 23, "osm_id": 36328397, "anchor_kind": "demand"}, "geometry": {"type": "Polygon", "coordinates": [[[24.852, 60.22179], [24.85242, 60.22183], [24.85256, 60.22145], [24.85214, 60.22142], [24.852, 60.22179]]]}}, {"type": "Feature", "properties": {"area_ha": 0.082, "dist_km": 1.376, "node": "Pitäjänmäki E", "node_mw": 23, "osm_id": 36328405, "anchor_kind": "demand"}, "geometry": {"type": "Polygon", "coordinates": [[[24.85008, 60.2217], [24.84994, 60.22204], [24.85031, 60.22208], [24.85046, 60.22174], [24.85008, 60.2217]]]}}, {"type": "Feature", "properties": {"area_ha": 0.067, "dist_km": 1.433, "node": "Pitäjänmäki E", "node_mw": 23, "osm_id": 36328415, "anchor_kind": "demand"}, "geometry": {"type": "Polygon", "coordinates": [[[24.84991, 60.22262], [24.85029, 60.22266], [24.85035, 60.2225], [24.85038, 60.2225], [24.85045, 60.22232], [24.85021, 60.2223], [24.85014, 60.22248], [24.84997, 60.22246], [24.84991, 60.22262]]]}}, {"type": "Feature", "properties": {"area_ha": 0.062, "dist_km": 1.42, "node": "Pitäjänmäki E", "node_mw": 23, "osm_id": 36328417, "anchor_kind": "demand"}, "geometry": {"type": "Polygon", "coordinates": [[[24.85049, 60.22267], [24.85079, 60.22271], [24.85081, 60.22265], [24.85092, 60.2224], [24.85081, 60.22239], [24.85083, 60.22236], [24.85065, 60.22234], [24.85064, 60.22238], [24.85061, 60.22237], [24.85049, 60.22267]]]}}, {"type": "Feature", "properties": {"area_ha": 0.06, "dist_km": 1.406, "node": "Pitäjänmäki E", "node_mw": 23, "osm_id": 36328422, "anchor_kind": "demand"}, "geometry": {"type": "Polygon", "coordinates": [[[24.85251, 60.22254], [24.85254, 60.22276], [24.85239, 60.22277], [24.8524, 60.22288], [24.85255, 60.22288], [24.85255, 60.22289], [24.85278, 60.22288], [24.85274, 60.22253], [24.85262, 60.22254], [24.85251, 60.22254]]]}}, {"type": "Feature", "properties": {"area_ha": 0.124, "dist_km": 1.404, "node": "Pitäjänmäki E", "node_mw": 23, "osm_id": 36328425, "anchor_kind": "demand"}, "geometry": {"type": "Polygon", "coordinates": [[[24.853, 60.22303], [24.85344, 60.22306], [24.85343, 60.22312], [24.85357, 60.22313], [24.85359, 60.22302], [24.85356, 60.22302], [24.85357, 60.22299], [24.85347, 60.22281], [24.85344, 60.22281], [24.85345, 60.22278], [24.85329, 60.22277], [24.85317, 60.22276], [24.85318, 60.22269], [24.85312, 60.22257], [24.85294, 60.22257], [24.85293, 60.22259], [24.85295, 60.22268], [24.85297, 60.2228], [24.853, 60.22281], [24.85296, 60.22292], [24.85304, 60.22292], [24.853, 60.22303]]]}}, {"type": "Feature", "properties": {"area_ha": 3.009, "dist_km": 1.338, "node": "Pitäjänmäki E", "node_mw": 23, "osm_id": 36328478, "anchor_kind": "demand"}, "geometry": {"type": "Polygon", "coordinates": [[[24.85372, 60.22246], [24.85376, 60.22245], [24.85379, 60.22244], [24.8538, 60.22243], [24.85382, 60.22242], [24.85382, 60.2224], [24.85382, 60.22238], [24.85381, 60.22237], [24.85372, 60.22229], [24.85366, 60.22223], [24.8536, 60.22217], [24.85355, 60.22212], [24.85351, 60.22206], [24.85348, 60.22201], [24.85345, 60.22195], [24.85341, 60.22188], [24.85339, 60.22182], [24.8533, 60.22157], [24.85329, 60.22154], [24.85327, 60.22153], [24.85325, 60.22151], [24.85322, 60.22149], [24.85319, 60.22148], [24.85316, 60.22147], [24.85313, 60.22146], [24.85309, 60.22146], [24.85204, 60.22136], [24.84921, 60.2211], [24.84844, 60.2211], [24.84836, 60.22111], [24.84829, 60.22112], [24.84823, 60.22114], [24.84817, 60.22117], [24.84812, 60.2212], [24.8481, 60.22123], [24.84808, 60.22127], [24.84808, 60.2213], [24.84811, 60.22146], [24.84812, 60.2215], [24.84814, 60.22154], [24.84816, 60.22157], [24.8482, 60.22163], [24.84822, 60.22166], [24.84846, 60.22188], [24.8485, 60.22191], [24.84855, 60.22193], [24.84859, 60.22195], [24.84865, 60.22196], [24.84871, 60.22197], [24.85155, 60.22226], [24.85365, 60.22246], [24.85368, 60.22247], [24.85372, 60.22246]]]}}, {"type": "Feature", "properties": {"area_ha": 0.117, "dist_km": 1.468, "node": "Pitäjänmäki E", "node_mw": 23, "osm_id": 36328489, "anchor_kind": "demand"}, "geometry": {"type": "Polygon", "coordinates": [[[24.84625, 60.22192], [24.84688, 60.22164], [24.84658, 60.22147], [24.84595, 60.22175], [24.84625, 60.22192]]]}}, {"type": "Feature", "properties": {"area_ha": 0.082, "dist_km": 1.512, "node": "Pitäjänmäki E", "node_mw": 23, "osm_id": 36328499, "anchor_kind": "demand"}, "geometry": {"type": "Polygon", "coordinates": [[[24.84515, 60.22191], [24.84538, 60.22179], [24.84497, 60.2216], [24.84506, 60.22156], [24.84493, 60.2215], [24.84462, 60.22167], [24.84515, 60.22191]]]}}, {"type": "Feature", "properties": {"area_ha": 0.914, "dist_km": 1.988, "node": "Pukinmäki", "node_mw": 23, "osm_id": 38540946, "anchor_kind": "demand"}, "geometry": {"type": "Polygon", "coordinates": [[[24.95199, 60.24956], [24.95192, 60.24952], [24.94966, 60.24953], [24.94958, 60.24956], [24.94957, 60.24975], [24.94956, 60.25011], [24.94962, 60.25014], [24.9505, 60.25014], [24.95117, 60.25015], [24.95197, 60.25015], [24.95195, 60.24988], [24.95196, 60.24978], [24.95199, 60.24956]]]}}, {"type": "Feature", "properties": {"area_ha": 1.051, "dist_km": 2.042, "node": "Pukinmäki", "node_mw": 23, "osm_id": 38540947, "anchor_kind": "demand"}, "geometry": {"type": "Polygon", "coordinates": [[[24.94937, 60.24975], [24.94941, 60.24868], [24.94896, 60.24867], [24.94869, 60.24868], [24.94855, 60.24956], [24.94853, 60.25008], [24.94863, 60.25079], [24.94935, 60.2509], [24.94937, 60.24975]]]}}, {"type": "Feature", "properties": {"area_ha": 0.462, "dist_km": 1.852, "node": "Pukinmäki", "node_mw": 23, "osm_id": 38540948, "anchor_kind": "demand"}, "geometry": {"type": "Polygon", "coordinates": [[[24.95347, 60.25107], [24.95353, 60.25103], [24.95352, 60.25101], [24.95344, 60.25047], [24.9529, 60.25047], [24.95221, 60.25047], [24.95227, 60.25106], [24.95233, 60.25109], [24.95347, 60.25107]]]}}, {"type": "Feature", "properties": {"area_ha": 1.22, "dist_km": 1.882, "node": "Pukinmäki", "node_mw": 23, "osm_id": 38540949, "anchor_kind": "demand"}, "geometry": {"type": "Polygon", "coordinates": [[[24.94958, 60.25024], [24.94957, 60.2509], [24.94962, 60.25093], [24.95089, 60.25103], [24.95096, 60.25104], [24.95129, 60.25106], [24.95149, 60.25107], [24.95178, 60.2511], [24.95208, 60.25109], [24.95208, 60.25103], [24.95201, 60.25024], [24.94963, 60.2502], [24.94958, 60.25024]]]}}, {"type": "Feature", "properties": {"area_ha": 2.451, "dist_km": 1.757, "node": "Pitäjänmäki E", "node_mw": 23, "osm_id": 51366161, "anchor_kind": "demand"}, "geometry": {"type": "Polygon", "coordinates": [[[24.8333, 60.2174], [24.8339, 60.2174], [24.83451, 60.21768], [24.83451, 60.21773], [24.8345, 60.21776], [24.83448, 60.21791], [24.8351, 60.21798], [24.83506, 60.21808], [24.83489, 60.21847], [24.83474, 60.21846], [24.83454, 60.21844], [24.83382, 60.21836], [24.83375, 60.21836], [24.83338, 60.21833], [24.83346, 60.21803], [24.83339, 60.218], [24.83324, 60.21796], [24.83314, 60.218], [24.83271, 60.21818], [24.83159, 60.21813], [24.83043, 60.21806], [24.8306, 60.21721], [24.83139, 60.21722], [24.83148, 60.21705], [24.83191, 60.21706], [24.83192, 60.21706], [24.83328, 60.2172], [24.83329, 60.21725], [24.8333, 60.2174]]]}}, {"type": "Feature", "properties": {"area_ha": 0.09, "dist_km": 1.879, "node": "Pitäjänmäki E", "node_mw": 23, "osm_id": 51366162, "anchor_kind": "demand"}, "geometry": {"type": "Polygon", "coordinates": [[[24.83074, 60.21789], [24.83074, 60.21799], [24.83099, 60.21799], [24.83099, 60.21789], [24.83087, 60.21789], [24.83086, 60.21769], [24.83109, 60.21769], [24.83109, 60.21752], [24.83073, 60.21752], [24.83073, 60.2176], [24.83064, 60.2176], [24.83064, 60.21769], [24.83062, 60.21769], [24.83062, 60.21789], [24.83074, 60.21789]]]}}, {"type": "Feature", "properties": {"area_ha": 0.173, "dist_km": 2.886, "node": "Pukinmäki", "node_mw": 23, "osm_id": 61740420, "anchor_kind": "demand"}, "geometry": {"type": "Polygon", "coordinates": [[[24.94543, 60.24224], [24.94551, 60.24226], [24.94559, 60.24232], [24.94571, 60.2423], [24.94582, 60.24228], [24.94592, 60.24225], [24.94615, 60.24214], [24.94632, 60.24209], [24.94622, 60.2419], [24.94557, 60.24184], [24.94543, 60.24224]]]}}, {"type": "Feature", "properties": {"area_ha": 1.513, "dist_km": 2.422, "node": "Pukinmäki", "node_mw": 23, "osm_id": 79506111, "anchor_kind": "demand"}, "geometry": {"type": "Polygon", "coordinates": [[[24.97855, 60.24684], [24.97859, 60.24678], [24.97862, 60.24675], [24.97867, 60.24669], [24.97966, 60.24666], [24.97989, 60.24665], [24.97993, 60.2467], [24.9801, 60.24716], [24.98004, 60.24721], [24.98006, 60.24724], [24.98012, 60.24726], [24.98017, 60.24729], [24.98028, 60.24757], [24.98032, 60.24766], [24.98023, 60.2478], [24.98017, 60.24785], [24.97892, 60.24818], [24.97872, 60.24814], [24.97802, 60.24749], [24.97853, 60.24687], [24.97855, 60.24684]]]}}, {"type": "Feature", "properties": {"area_ha": 0.045, "dist_km": 2.996, "node": "Pitäjänmäki E", "node_mw": 23, "osm_id": 88543203, "anchor_kind": "demand"}, "geometry": {"type": "Polygon", "coordinates": [[[24.85996, 60.23802], [24.86024, 60.23813], [24.8606, 60.23791], [24.8605, 60.23787], [24.86043, 60.23791], [24.8604, 60.2379], [24.86038, 60.23789], [24.86036, 60.2379], [24.86035, 60.23791], [24.86036, 60.23792], [24.8604, 60.23793], [24.86034, 60.23797], [24.86016, 60.2379], [24.85996, 60.23802]]]}}, {"type": "Feature", "properties": {"area_ha": 0.174, "dist_km": 2.893, "node": "Pitäjänmäki E", "node_mw": 23, "osm_id": 88543204, "anchor_kind": "demand"}, "geometry": {"type": "Polygon", "coordinates": [[[24.86271, 60.23713], [24.86172, 60.23674], [24.86163, 60.23671], [24.86139, 60.23686], [24.86186, 60.23705], [24.86181, 60.23707], [24.86205, 60.23717], [24.8621, 60.23714], [24.86246, 60.23729], [24.86271, 60.23713]]]}}, {"type": "Feature", "properties": {"area_ha": 0.003, "dist_km": 2.992, "node": "Pitäjänmäki E", "node_mw": 23, "osm_id": 88543429, "anchor_kind": "demand"}, "geometry": {"type": "Polygon", "coordinates": [[[24.85961, 60.23788], [24.85971, 60.23792], [24.85976, 60.23788], [24.85966, 60.23785], [24.85961, 60.23788]]]}}, {"type": "Feature", "properties": {"area_ha": 0.001, "dist_km": 2.405, "node": "Pitäjänmäki E", "node_mw": 23, "osm_id": 94123465, "anchor_kind": "demand"}, "geometry": {"type": "Polygon", "coordinates": [[[24.84437, 60.2308], [24.84444, 60.2308], [24.84444, 60.23077], [24.84437, 60.23078], [24.84437, 60.2308]]]}}, {"type": "Feature", "properties": {"area_ha": 0.001, "dist_km": 2.409, "node": "Pitäjänmäki E", "node_mw": 23, "osm_id": 94123467, "anchor_kind": "demand"}, "geometry": {"type": "Polygon", "coordinates": [[[24.84417, 60.23079], [24.84422, 60.23079], [24.84422, 60.23076], [24.84417, 60.23076], [24.84417, 60.23079]]]}}, {"type": "Feature", "properties": {"area_ha": 0.001, "dist_km": 2.427, "node": "Pitäjänmäki E", "node_mw": 23, "osm_id": 94123468, "anchor_kind": "demand"}, "geometry": {"type": "Polygon", "coordinates": [[[24.84373, 60.23087], [24.84373, 60.23085], [24.84383, 60.23085], [24.84383, 60.23087], [24.84373, 60.23087]]]}}, {"type": "Feature", "properties": {"area_ha": 0.001, "dist_km": 2.432, "node": "Pitäjänmäki E", "node_mw": 23, "osm_id": 94123475, "anchor_kind": "demand"}, "geometry": {"type": "Polygon", "coordinates": [[[24.84352, 60.23087], [24.84357, 60.23087], [24.84357, 60.23085], [24.84352, 60.23085], [24.84352, 60.23087]]]}}, {"type": "Feature", "properties": {"area_ha": 0.001, "dist_km": 2.416, "node": "Pitäjänmäki E", "node_mw": 23, "osm_id": 94123480, "anchor_kind": "demand"}, "geometry": {"type": "Polygon", "coordinates": [[[24.8441, 60.23084], [24.84414, 60.23084], [24.84414, 60.23082], [24.8441, 60.23082], [24.8441, 60.23084]]]}}, {"type": "Feature", "properties": {"area_ha": 0.001, "dist_km": 2.436, "node": "Pitäjänmäki E", "node_mw": 23, "osm_id": 94123482, "anchor_kind": "demand"}, "geometry": {"type": "Polygon", "coordinates": [[[24.84336, 60.23088], [24.84336, 60.23085], [24.84343, 60.23085], [24.84343, 60.23088], [24.84336, 60.23088]]]}}, {"type": "Feature", "properties": {"area_ha": 0.001, "dist_km": 2.457, "node": "Pitäjänmäki E", "node_mw": 23, "osm_id": 94123487, "anchor_kind": "demand"}, "geometry": {"type": "Polygon", "coordinates": [[[24.8427, 60.23093], [24.8427, 60.2309], [24.84278, 60.2309], [24.84278, 60.23093], [24.8427, 60.23093]]]}}, {"type": "Feature", "properties": {"area_ha": 0.001, "dist_km": 2.446, "node": "Pitäjänmäki E", "node_mw": 23, "osm_id": 94123490, "anchor_kind": "demand"}, "geometry": {"type": "Polygon", "coordinates": [[[24.84317, 60.23093], [24.84317, 60.2309], [24.8432, 60.2309], [24.8432, 60.23093], [24.84317, 60.23093]]]}}, {"type": "Feature", "properties": {"area_ha": 0.133, "dist_km": 2.72, "node": "Pitäjänmäki E", "node_mw": 23, "osm_id": 97918909, "anchor_kind": "demand"}, "geometry": {"type": "Polygon", "coordinates": [[[24.82374, 60.22636], [24.82373, 60.22645], [24.82379, 60.22645], [24.82377, 60.22677], [24.8241, 60.22678], [24.8241, 60.22681], [24.82425, 60.22682], [24.82425, 60.22678], [24.82428, 60.22678], [24.8243, 60.22645], [24.82423, 60.22645], [24.82423, 60.22636], [24.82374, 60.22636]]]}}, {"type": "Feature", "properties": {"area_ha": 0.034, "dist_km": 1.897, "node": "Pukinmäki", "node_mw": 23, "osm_id": 101259971, "anchor_kind": "demand"}, "geometry": {"type": "Polygon", "coordinates": [[[24.95099, 60.25079], [24.95099, 60.25052], [24.9512, 60.25052], [24.9512, 60.25079], [24.95099, 60.25079]]]}}, {"type": "Feature", "properties": {"area_ha": 0.062, "dist_km": 1.858, "node": "Pukinmäki", "node_mw": 23, "osm_id": 101259999, "anchor_kind": "demand"}, "geometry": {"type": "Polygon", "coordinates": [[[24.95163, 60.25103], [24.95199, 60.25103], [24.95198, 60.25084], [24.9514, 60.25084], [24.95141, 60.25098], [24.95163, 60.25098], [24.95163, 60.25103]]]}}, {"type": "Feature", "properties": {"area_ha": 0.003, "dist_km": 2.033, "node": "Pitäjänmäki E", "node_mw": 23, "osm_id": 114662020, "anchor_kind": "demand"}, "geometry": {"type": "Polygon", "coordinates": [[[24.86941, 60.22892], [24.86938, 60.22888], [24.86926, 60.22891], [24.86929, 60.22894], [24.86941, 60.22892]]]}}, {"type": "Feature", "properties": {"area_ha": 0.046, "dist_km": 2.931, "node": "Pitäjänmäki E", "node_mw": 23, "osm_id": 114690903, "anchor_kind": "demand"}, "geometry": {"type": "Polygon", "coordinates": [[[24.86379, 60.23719], [24.8641, 60.2373], [24.86406, 60.23734], [24.86401, 60.23736], [24.86395, 60.23741], [24.86384, 60.23749], [24.86362, 60.23741], [24.86373, 60.23733], [24.86366, 60.23728], [24.86379, 60.23719]]]}}, {"type": "Feature", "properties": {"area_ha": 0.045, "dist_km": 1.566, "node": "Pukinmäki", "node_mw": 23, "osm_id": 126382094, "anchor_kind": "demand"}, "geometry": {"type": "Polygon", "coordinates": [[[24.95152, 60.25356], [24.95141, 60.25366], [24.95199, 60.25381], [24.9521, 60.25372], [24.95152, 60.25356]]]}}, {"type": "Feature", "properties": {"area_ha": 7.96, "dist_km": 1.35, "node": "Pitäjänmäki E", "node_mw": 23, "osm_id": 156570583, "anchor_kind": "demand"}, "geometry": {"type": "Polygon", "coordinates": [[[24.85046, 60.22227], [24.85045, 60.22232], [24.85038, 60.2225], [24.85035, 60.2225], [24.85029, 60.22266], [24.84991, 60.22262], [24.84969, 60.2226], [24.84961, 60.2228], [24.84939, 60.22278], [24.84935, 60.2228], [24.84921, 60.2229], [24.84924, 60.22303], [24.84925, 60.22305], [24.84917, 60.22311], [24.84916, 60.22314], [24.84915, 60.22317], [24.84972, 60.2233], [24.84994, 60.2233], [24.85015, 60.22339], [24.85107, 60.22354], [24.8516, 60.2236], [24.85217, 60.22365], [24.85359, 60.22372], [24.85456, 60.22373], [24.85573, 60.22367], [24.85584, 60.22367], [24.85651, 60.22361], [24.85688, 60.22357], [24.85823, 60.22345], [24.86013, 60.22318], [24.86094, 60.22307], [24.86111, 60.22305], [24.86186, 60.22294], [24.86181, 60.22288], [24.8624, 60.22279], [24.86222, 60.22259], [24.86233, 60.22251], [24.86221, 60.22231], [24.86204, 60.22234], [24.86114, 60.22248], [24.86103, 60.22232], [24.861, 60.22227], [24.86088, 60.22208], [24.86077, 60.2219], [24.86067, 60.22177], [24.86064, 60.22173], [24.86065, 60.22171], [24.86068, 60.2217], [24.86042, 60.22174], [24.85976, 60.22184], [24.85928, 60.22192], [24.85857, 60.22203], [24.85849, 60.22204], [24.85843, 60.22206], [24.85825, 60.22208], [24.85813, 60.2221], [24.85808, 60.2221], [24.85775, 60.22216], [24.85753, 60.22224], [24.85715, 60.22241], [24.85718, 60.22246], [24.85752, 60.22306], [24.85748, 60.22307], [24.85735, 60.22309], [24.85632, 60.22329], [24.85616, 60.22307], [24.8561, 60.223], [24.85608, 60.22298], [24.85604, 60.22296], [24.85599, 60.22295], [24.85595, 60.22294], [24.85588, 60.22294], [24.85583, 60.22294], [24.85575, 60.22294], [24.85566, 60.22294], [24.85558, 60.22294], [24.85551, 60.22294], [24.85544, 60.22294], [24.85536, 60.22293], [24.85517, 60.2229], [24.85502, 60.22287], [24.85486, 60.22283], [24.85473, 60.2228], [24.85458, 60.22275], [24.85454, 60.22273], [24.85445, 60.2227], [24.85438, 60.22268], [24.85429, 60.22266], [24.8542, 60.22265], [24.85392, 60.22262], [24.85178, 60.2224], [24.85085, 60.22231], [24.85046, 60.22227]]]}}, {"type": "Feature", "properties": {"area_ha": 0.904, "dist_km": 1.205, "node": "Pitäjänmäki E", "node_mw": 23, "osm_id": 156570584, "anchor_kind": "demand"}, "geometry": {"type": "Polygon", "coordinates": [[[24.85764, 60.22205], [24.85781, 60.22202], [24.85804, 60.22198], [24.85836, 60.22194], [24.85856, 60.22191], [24.85899, 60.22184], [24.85929, 60.22179], [24.85964, 60.22174], [24.8599, 60.2217], [24.86053, 60.2216], [24.86082, 60.22156], [24.8608, 60.22152], [24.86061, 60.22122], [24.86039, 60.22125], [24.85969, 60.22136], [24.85943, 60.2214], [24.85908, 60.22145], [24.85885, 60.22149], [24.85813, 60.2216], [24.85783, 60.22164], [24.85766, 60.22167], [24.85679, 60.2218], [24.85689, 60.22196], [24.85707, 60.22226], [24.85714, 60.22223], [24.85764, 60.22205]]]}}, {"type": "Feature", "properties": {"area_ha": 0.03, "dist_km": 2.378, "node": "Pitäjänmäki E", "node_mw": 23, "osm_id": 204761210, "anchor_kind": "demand"}, "geometry": {"type": "Polygon", "coordinates": [[[24.85519, 60.232], [24.85514, 60.23205], [24.85591, 60.23228], [24.85597, 60.23224], [24.85519, 60.232]]]}}, {"type": "Feature", "properties": {"area_ha": 0.059, "dist_km": 1.972, "node": "Pukinmäki", "node_mw": 23, "osm_id": 206639213, "anchor_kind": "demand"}, "geometry": {"type": "Polygon", "coordinates": [[[24.9508, 60.2501], [24.95117, 60.25011], [24.95119, 60.24985], [24.95082, 60.24984], [24.9508, 60.2501]]]}}, {"type": "Feature", "properties": {"area_ha": 1.049, "dist_km": 1.616, "node": "Pitäjänmäki E", "node_mw": 23, "osm_id": 210994414, "anchor_kind": "demand"}, "geometry": {"type": "Polygon", "coordinates": [[[24.85134, 60.22483], [24.85078, 60.22483], [24.84984, 60.22472], [24.84961, 60.22467], [24.84932, 60.22458], [24.84897, 60.22446], [24.84899, 60.22442], [24.84908, 60.22421], [24.84914, 60.22405], [24.84897, 60.22402], [24.84924, 60.22376], [24.85005, 60.22377], [24.85045, 60.22385], [24.85104, 60.22393], [24.85105, 60.22396], [24.85094, 60.22394], [24.85073, 60.22412], [24.85075, 60.22433], [24.85106, 60.22459], [24.85123, 60.2247], [24.85134, 60.22483]]]}}, {"type": "Feature", "properties": {"area_ha": 0.058, "dist_km": 2.851, "node": "Pukinmäki", "node_mw": 23, "osm_id": 320935127, "anchor_kind": "demand"}, "geometry": {"type": "Polygon", "coordinates": [[[24.95513, 60.29253], [24.95513, 60.29246], [24.95511, 60.29246], [24.95511, 60.29247], [24.95509, 60.29247], [24.95509, 60.29248], [24.95502, 60.29248], [24.95502, 60.29246], [24.95494, 60.29246], [24.95494, 60.29233], [24.95546, 60.29233], [24.95546, 60.29253], [24.95542, 60.29253], [24.95542, 60.29255], [24.95536, 60.29255], [24.95536, 60.29253], [24.95513, 60.29253]]]}}, {"type": "Feature", "properties": {"area_ha": 0.446, "dist_km": 2.623, "node": "Pukinmäki", "node_mw": 23, "osm_id": 320935130, "anchor_kind": "demand"}, "geometry": {"type": "Polygon", "coordinates": [[[24.95822, 60.29061], [24.95822, 60.29059], [24.95826, 60.29059], [24.95826, 60.29067], [24.95879, 60.29066], [24.95879, 60.29058], [24.95881, 60.29058], [24.95879, 60.29001], [24.95744, 60.29002], [24.95744, 60.29009], [24.95763, 60.29009], [24.95764, 60.29029], [24.95758, 60.29029], [24.95759, 60.29034], [24.95764, 60.29034], [24.95765, 60.29059], [24.95819, 60.29059], [24.95819, 60.29061], [24.95819, 60.29061], [24.95818, 60.29061], [24.95818, 60.29061], [24.95818, 60.29061], [24.95818, 60.29061], [24.95818, 60.29062], [24.95818, 60.29062], [24.95818, 60.29062], [24.95818, 60.29062], [24.95818, 60.29062], [24.95819, 60.29063], [24.95819, 60.29063], [24.95819, 60.29063], [24.9582, 60.29063], [24.9582, 60.29063], [24.95821, 60.29063], [24.95821, 60.29063], [24.95821, 60.29063], [24.95822, 60.29063], [24.95822, 60.29063], [24.95823, 60.29063], [24.95823, 60.29062], [24.95823, 60.29062], [24.95823, 60.29062], [24.95823, 60.29062], [24.95823, 60.29062], [24.95823, 60.29061], [24.95823, 60.29061], [24.95823, 60.29061], [24.95822, 60.29061], [24.95822, 60.29061], [24.95822, 60.29061]]]}}, {"type": "Feature", "properties": {"area_ha": 0.066, "dist_km": 2.912, "node": "Pukinmäki", "node_mw": 23, "osm_id": 320935131, "anchor_kind": "demand"}, "geometry": {"type": "Polygon", "coordinates": [[[24.95499, 60.29318], [24.95543, 60.29318], [24.95542, 60.29304], [24.9552, 60.29304], [24.9552, 60.29283], [24.95499, 60.29283], [24.95499, 60.29304], [24.95498, 60.29304], [24.95499, 60.29318]]]}}, {"type": "Feature", "properties": {"area_ha": 0.055, "dist_km": 2.858, "node": "Pitäjänmäki E", "node_mw": 23, "osm_id": 322062271, "anchor_kind": "demand"}, "geometry": {"type": "Polygon", "coordinates": [[[24.82503, 60.22881], [24.825, 60.22912], [24.82511, 60.22912], [24.8251, 60.22917], [24.82527, 60.22917], [24.82529, 60.22882], [24.82503, 60.22881]]]}}, {"type": "Feature", "properties": {"area_ha": 0.007, "dist_km": 1.857, "node": "Pitäjänmäki E", "node_mw": 23, "osm_id": 322062421, "anchor_kind": "demand"}, "geometry": {"type": "Polygon", "coordinates": [[[24.83146, 60.218], [24.83146, 60.21809], [24.83158, 60.21809], [24.83157, 60.218], [24.83146, 60.218]]]}}, {"type": "Feature", "properties": {"area_ha": 0.002, "dist_km": 2.265, "node": "Pitäjänmäki E", "node_mw": 23, "osm_id": 322062912, "anchor_kind": "demand"}, "geometry": {"type": "Polygon", "coordinates": [[[24.83498, 60.22628], [24.83489, 60.22632], [24.83492, 60.22633], [24.83501, 60.2263], [24.83498, 60.22628]]]}}, {"type": "Feature", "properties": {"area_ha": 0.236, "dist_km": 2.491, "node": "Pitäjänmäki E", "node_mw": 23, "osm_id": 356568243, "anchor_kind": "demand"}, "geometry": {"type": "Polygon", "coordinates": [[[24.82125, 60.21994], [24.82118, 60.21994], [24.8211, 60.21994], [24.82057, 60.21995], [24.81986, 60.21996], [24.81988, 60.21973], [24.81989, 60.2197], [24.81991, 60.21969], [24.81994, 60.21967], [24.82001, 60.21966], [24.82107, 60.21964], [24.8211, 60.21968], [24.82121, 60.21988], [24.82125, 60.21994]]]}}, {"type": "Feature", "properties": {"area_ha": 11.364, "dist_km": 2.779, "node": "Pukinmäki", "node_mw": 23, "osm_id": 367128337, "anchor_kind": "demand"}, "geometry": {"type": "Polygon", "coordinates": [[[24.95479, 60.29174], [24.95266, 60.29174], [24.95266, 60.29036], [24.95273, 60.29004], [24.95274, 60.29001], [24.95278, 60.28999], [24.95281, 60.28998], [24.95288, 60.28997], [24.95514, 60.28997], [24.95884, 60.28998], [24.95902, 60.28998], [24.9591, 60.29013], [24.95915, 60.29027], [24.95923, 60.29047], [24.9594, 60.29098], [24.95945, 60.29116], [24.95947, 60.29244], [24.95941, 60.29258], [24.95921, 60.29285], [24.95904, 60.29298], [24.95902, 60.29299], [24.95893, 60.29304], [24.9588, 60.29309], [24.95864, 60.29315], [24.95846, 60.29319], [24.95831, 60.29322], [24.95813, 60.29324], [24.95704, 60.29324], [24.95704, 60.29321], [24.957, 60.29321], [24.95659, 60.29321], [24.95652, 60.29321], [24.95645, 60.29321], [24.95644, 60.29325], [24.95489, 60.29325], [24.95478, 60.29326], [24.95479, 60.29174]]]}}, {"type": "Feature", "properties": {"area_ha": 0.982, "dist_km": 1.708, "node": "Pitäjänmäki E", "node_mw": 23, "osm_id": 581407533, "anchor_kind": "demand"}, "geometry": {"type": "Polygon", "coordinates": [[[24.83855, 60.22015], [24.83857, 60.22012], [24.83859, 60.22009], [24.8386, 60.22008], [24.83846, 60.22006], [24.83847, 60.22004], [24.83819, 60.21999], [24.83819, 60.21998], [24.83806, 60.21996], [24.83807, 60.21994], [24.83792, 60.21992], [24.83793, 60.2199], [24.83765, 60.21985], [24.83766, 60.21984], [24.83738, 60.21979], [24.83738, 60.21977], [24.83654, 60.21962], [24.83651, 60.21965], [24.83637, 60.21963], [24.83635, 60.21965], [24.8362, 60.21963], [24.83615, 60.21969], [24.83612, 60.21973], [24.8361, 60.21976], [24.83607, 60.2198], [24.83604, 60.21984], [24.83601, 60.21988], [24.83599, 60.21992], [24.83597, 60.21991], [24.83592, 60.21999], [24.83589, 60.22003], [24.83587, 60.22007], [24.83584, 60.22011], [24.83583, 60.2201], [24.8358, 60.22014], [24.83577, 60.22018], [24.83574, 60.22022], [24.83572, 60.22026], [24.83569, 60.2203], [24.83588, 60.22033], [24.83587, 60.22035], [24.83613, 60.2204], [24.83615, 60.22037], [24.83643, 60.22042], [24.83645, 60.22039], [24.83673, 60.22044], [24.83675, 60.22041], [24.83703, 60.22046], [24.83704, 60.22044], [24.83721, 60.22047], [24.83722, 60.22045], [24.83738, 60.22048], [24.83739, 60.22047], [24.83751, 60.22049], [24.83753, 60.22047], [24.83781, 60.22052], [24.83782, 60.2205], [24.83796, 60.22052], [24.8381, 60.22018], [24.83815, 60.22018], [24.8382, 60.22019], [24.83825, 60.22019], [24.8383, 60.2202], [24.83834, 60.2202], [24.83839, 60.2202], [24.83846, 60.22021], [24.83851, 60.22021], [24.83853, 60.22017], [24.83855, 60.22015]]]}}, {"type": "Feature", "properties": {"area_ha": 0.044, "dist_km": 1.888, "node": "Pukinmäki", "node_mw": 23, "osm_id": 638023926, "anchor_kind": "demand"}, "geometry": {"type": "Polygon", "coordinates": [[[24.95038, 60.25068], [24.9501, 60.25068], [24.95009, 60.25093], [24.95027, 60.25093], [24.95027, 60.25096], [24.95036, 60.25096], [24.95036, 60.25093], [24.95037, 60.25093], [24.95038, 60.25068]]]}}, {"type": "Feature", "properties": {"area_ha": 0.117, "dist_km": 1.936, "node": "Pukinmäki", "node_mw": 23, "osm_id": 638023930, "anchor_kind": "demand"}, "geometry": {"type": "Polygon", "coordinates": [[[24.95039, 60.25026], [24.9498, 60.25025], [24.94979, 60.25051], [24.94996, 60.25051], [24.94995, 60.25061], [24.95038, 60.25061], [24.95039, 60.25026]]]}}, {"type": "Feature", "properties": {"area_ha": 0.118, "dist_km": 2.938, "node": "Pitäjänmäki E", "node_mw": 23, "osm_id": 677629097, "anchor_kind": "demand"}, "geometry": {"type": "Polygon", "coordinates": [[[24.86098, 60.23737], [24.86105, 60.23737], [24.86111, 60.23739], [24.86111, 60.23742], [24.86087, 60.23757], [24.86102, 60.23763], [24.86148, 60.23735], [24.86099, 60.23715], [24.86053, 60.23744], [24.86074, 60.23752], [24.86098, 60.23737]]]}}, {"type": "Feature", "properties": {"area_ha": 0.002, "dist_km": 1.478, "node": "Pitäjänmäki E", "node_mw": 23, "osm_id": 684653655, "anchor_kind": "demand"}, "geometry": {"type": "Polygon", "coordinates": [[[24.86099, 60.22431], [24.86104, 60.22431], [24.86101, 60.22425], [24.86095, 60.22425], [24.86099, 60.22431]]]}}, {"type": "Feature", "properties": {"area_ha": 0.001, "dist_km": 1.783, "node": "Pitäjänmäki E", "node_mw": 23, "osm_id": 684701058, "anchor_kind": "demand"}, "geometry": {"type": "Polygon", "coordinates": [[[24.85621, 60.22678], [24.85629, 60.2268], [24.85631, 60.22678], [24.85623, 60.22676], [24.85621, 60.22678]]]}}, {"type": "Feature", "properties": {"area_ha": 0.002, "dist_km": 2.092, "node": "Pitäjänmäki E", "node_mw": 23, "osm_id": 684754668, "anchor_kind": "demand"}, "geometry": {"type": "Polygon", "coordinates": [[[24.85062, 60.22896], [24.85065, 60.22895], [24.85057, 60.22891], [24.85054, 60.22893], [24.85062, 60.22896]]]}}, {"type": "Feature", "properties": {"area_ha": 0.002, "dist_km": 2.108, "node": "Pitäjänmäki E", "node_mw": 23, "osm_id": 684754669, "anchor_kind": "demand"}, "geometry": {"type": "Polygon", "coordinates": [[[24.84978, 60.22899], [24.84983, 60.22897], [24.84974, 60.22892], [24.8497, 60.22894], [24.84978, 60.22899]]]}}, {"type": "Feature", "properties": {"area_ha": 0.002, "dist_km": 2.082, "node": "Pitäjänmäki E", "node_mw": 23, "osm_id": 685032183, "anchor_kind": "demand"}, "geometry": {"type": "Polygon", "coordinates": [[[24.86523, 60.22968], [24.8653, 60.22967], [24.86528, 60.22963], [24.86522, 60.22964], [24.86523, 60.22968]]]}}, {"type": "Feature", "properties": {"area_ha": 0.001, "dist_km": 1.63, "node": "Pitäjänmäki E", "node_mw": 23, "osm_id": 685048309, "anchor_kind": "demand"}, "geometry": {"type": "Polygon", "coordinates": [[[24.86388, 60.22562], [24.86393, 60.22561], [24.86395, 60.22563], [24.8639, 60.22564], [24.86388, 60.22562]]]}}, {"type": "Feature", "properties": {"area_ha": 0.002, "dist_km": 1.908, "node": "Pitäjänmäki E", "node_mw": 23, "osm_id": 685067525, "anchor_kind": "demand"}, "geometry": {"type": "Polygon", "coordinates": [[[24.8662, 60.22806], [24.86625, 60.22804], [24.86619, 60.22801], [24.86614, 60.22803], [24.8662, 60.22806]]]}}, {"type": "Feature", "properties": {"area_ha": 0.002, "dist_km": 1.876, "node": "Pitäjänmäki E", "node_mw": 23, "osm_id": 685067528, "anchor_kind": "demand"}, "geometry": {"type": "Polygon", "coordinates": [[[24.8657, 60.2278], [24.86574, 60.22778], [24.86568, 60.22775], [24.86564, 60.22776], [24.8657, 60.2278]]]}}, {"type": "Feature", "properties": {"area_ha": 0.001, "dist_km": 1.87, "node": "Pitäjänmäki E", "node_mw": 23, "osm_id": 685076952, "anchor_kind": "demand"}, "geometry": {"type": "Polygon", "coordinates": [[[24.86822, 60.22755], [24.86829, 60.22753], [24.86826, 60.22751], [24.8682, 60.22753], [24.86822, 60.22755]]]}}, {"type": "Feature", "properties": {"area_ha": 0.001, "dist_km": 1.77, "node": "Pitäjänmäki E", "node_mw": 23, "osm_id": 685079449, "anchor_kind": "demand"}, "geometry": {"type": "Polygon", "coordinates": [[[24.86791, 60.22666], [24.86789, 60.22664], [24.86784, 60.22664], [24.86783, 60.22666], [24.8679, 60.22666], [24.86791, 60.22666]]]}}, {"type": "Feature", "properties": {"area_ha": 0.003, "dist_km": 2.034, "node": "Pitäjänmäki E", "node_mw": 23, "osm_id": 685088020, "anchor_kind": "demand"}, "geometry": {"type": "Polygon", "coordinates": [[[24.86929, 60.22894], [24.86926, 60.22891], [24.86914, 60.22894], [24.86917, 60.22897], [24.86929, 60.22894]]]}}, {"type": "Feature", "properties": {"area_ha": 0.001, "dist_km": 2.431, "node": "Pitäjänmäki E", "node_mw": 23, "osm_id": 686287128, "anchor_kind": "demand"}, "geometry": {"type": "Polygon", "coordinates": [[[24.8432, 60.23079], [24.8432, 60.23076], [24.84326, 60.23076], [24.84326, 60.23078], [24.84322, 60.23078], [24.84322, 60.23079], [24.8432, 60.23079]]]}}, {"type": "Feature", "properties": {"area_ha": 0.81, "dist_km": 3.045, "node": "Pitäjänmäki E", "node_mw": 23, "osm_id": 690729410, "anchor_kind": "demand"}, "geometry": {"type": "Polygon", "coordinates": [[[24.82243, 60.23026], [24.8239, 60.23011], [24.82392, 60.23003], [24.82392, 60.23], [24.82418, 60.23001], [24.82414, 60.23027], [24.82411, 60.23038], [24.82345, 60.23139], [24.82307, 60.23133], [24.82296, 60.23115], [24.823, 60.23109], [24.8227, 60.23064], [24.82251, 60.23038], [24.82245, 60.23031], [24.82243, 60.23026]]]}}, {"type": "Feature", "properties": {"area_ha": 0.029, "dist_km": 1.633, "node": "Pitäjänmäki E", "node_mw": 23, "osm_id": 703967758, "anchor_kind": "demand"}, "geometry": {"type": "Polygon", "coordinates": [[[24.83483, 60.21714], [24.83521, 60.21707], [24.8352, 60.21705], [24.83519, 60.21703], [24.83517, 60.21701], [24.83517, 60.217], [24.83513, 60.21696], [24.83475, 60.21703], [24.8348, 60.2171], [24.83483, 60.21714]]]}}, {"type": "Feature", "properties": {"area_ha": 0.44, "dist_km": 2.705, "node": "Pitäjänmäki E", "node_mw": 23, "osm_id": 711330165, "anchor_kind": "demand"}, "geometry": {"type": "Polygon", "coordinates": [[[24.86303, 60.23574], [24.86318, 60.2358], [24.86404, 60.23558], [24.86503, 60.23535], [24.86517, 60.23531], [24.86511, 60.23525], [24.86513, 60.23516], [24.86535, 60.23516], [24.86532, 60.23506], [24.86514, 60.23501], [24.86491, 60.23504], [24.86479, 60.23499], [24.86464, 60.23499], [24.86412, 60.23508], [24.86394, 60.23522], [24.8633, 60.23564], [24.8631, 60.23571], [24.86303, 60.23574]]]}}, {"type": "Feature", "properties": {"area_ha": 0.012, "dist_km": 2.263, "node": "Pitäjänmäki E", "node_mw": 23, "osm_id": 717600823, "anchor_kind": "demand"}, "geometry": {"type": "Polygon", "coordinates": [[[24.85718, 60.23119], [24.85699, 60.23114], [24.8569, 60.23121], [24.85708, 60.23127], [24.85718, 60.23119]]]}}, {"type": "Feature", "properties": {"area_ha": 0.333, "dist_km": 1.29, "node": "Pitäjänmäki E", "node_mw": 23, "osm_id": 970639590, "anchor_kind": "demand"}, "geometry": {"type": "Polygon", "coordinates": [[[24.84932, 60.22083], [24.84933, 60.22072], [24.84935, 60.22061], [24.84938, 60.22034], [24.84829, 60.2203], [24.84825, 60.22059], [24.84822, 60.22079], [24.84932, 60.22083]]]}}, {"type": "Feature", "properties": {"area_ha": 1.151, "dist_km": 1.288, "node": "Pitäjänmäki E", "node_mw": 23, "osm_id": 970639595, "anchor_kind": "demand"}, "geometry": {"type": "Polygon", "coordinates": [[[24.8507, 60.22066], [24.85011, 60.22049], [24.84973, 60.22036], [24.84916, 60.22016], [24.8491, 60.22016], [24.84835, 60.22013], [24.84832, 60.22013], [24.84804, 60.22026], [24.8479, 60.22028], [24.84789, 60.22031], [24.84789, 60.22037], [24.84788, 60.22048], [24.84798, 60.22071], [24.84805, 60.22087], [24.84827, 60.22097], [24.84849, 60.22097], [24.84925, 60.22098], [24.84942, 60.22099], [24.8501, 60.22106], [24.85053, 60.2211], [24.8507, 60.22066]]]}}, {"type": "Feature", "properties": {"area_ha": 0.002, "dist_km": 2.778, "node": "Pitäjänmäki E", "node_mw": 23, "osm_id": 1083863622, "anchor_kind": "demand"}, "geometry": {"type": "Polygon", "coordinates": [[[24.84021, 60.23354], [24.84022, 60.23349], [24.84015, 60.23349], [24.84014, 60.23353], [24.84021, 60.23354]]]}}, {"type": "Feature", "properties": {"area_ha": 0.005, "dist_km": 2.118, "node": "Pitäjänmäki E", "node_mw": 23, "osm_id": 1087335499, "anchor_kind": "demand"}, "geometry": {"type": "Polygon", "coordinates": [[[24.82451, 60.21513], [24.82462, 60.21513], [24.82461, 60.21506], [24.8245, 60.21507], [24.82451, 60.21513]]]}}, {"type": "Feature", "properties": {"area_ha": 0.834, "dist_km": 1.229, "node": "Pitäjänmäki E", "node_mw": 23, "osm_id": 1128229181, "anchor_kind": "demand"}, "geometry": {"type": "Polygon", "coordinates": [[[24.8507, 60.22066], [24.85053, 60.2211], [24.85312, 60.22134], [24.85329, 60.22074], [24.85266, 60.22072], [24.85204, 60.22071], [24.85106, 60.22068], [24.8507, 60.22066]]]}}, {"type": "Feature", "properties": {"area_ha": 0.532, "dist_km": 1.455, "node": "Pukinmäki", "node_mw": 23, "osm_id": 1134604007, "anchor_kind": "demand"}, "geometry": {"type": "Polygon", "coordinates": [[[24.94943, 60.25514], [24.94936, 60.25514], [24.9494, 60.25509], [24.94939, 60.255], [24.94944, 60.25501], [24.94931, 60.25492], [24.94942, 60.25441], [24.94957, 60.25442], [24.95008, 60.25483], [24.95043, 60.25506], [24.95084, 60.25535], [24.95068, 60.25537], [24.95043, 60.2554], [24.95026, 60.25547], [24.94996, 60.25547], [24.94977, 60.25551], [24.9496, 60.2555], [24.94954, 60.25548], [24.94945, 60.2553], [24.94943, 60.25514]]]}}, {"type": "Feature", "properties": {"area_ha": 0.423, "dist_km": 1.444, "node": "Pitäjänmäki E", "node_mw": 23, "osm_id": 1205911342, "anchor_kind": "demand"}, "geometry": {"type": "Polygon", "coordinates": [[[24.84939, 60.22278], [24.84961, 60.2228], [24.84969, 60.2226], [24.84991, 60.22262], [24.85029, 60.22266], [24.85035, 60.2225], [24.85038, 60.2225], [24.85045, 60.22232], [24.85046, 60.22227], [24.8493, 60.22216], [24.84929, 60.22218], [24.84882, 60.22213], [24.84877, 60.22224], [24.84935, 60.2228], [24.84939, 60.22278]]]}}, {"type": "Feature", "properties": {"area_ha": 0.087, "dist_km": 1.745, "node": "Pitäjänmäki E", "node_mw": 23, "osm_id": 1311193624, "anchor_kind": "demand"}, "geometry": {"type": "Polygon", "coordinates": [[[24.83034, 60.20934], [24.83033, 60.20938], [24.83039, 60.20944], [24.83053, 60.20948], [24.83081, 60.20946], [24.83095, 60.20941], [24.83072, 60.20906], [24.8306, 60.20907], [24.83063, 60.20923], [24.83034, 60.20934]]]}}, {"type": "Feature", "properties": {"area_ha": 0.011, "dist_km": 1.608, "node": "Pitäjänmäki E", "node_mw": 23, "osm_id": 1369655399, "anchor_kind": "demand"}, "geometry": {"type": "Polygon", "coordinates": [[[24.83546, 60.21704], [24.83561, 60.21701], [24.83554, 60.21691], [24.83539, 60.21693], [24.83544, 60.21701], [24.83546, 60.21704]]]}}, {"type": "Feature", "properties": {"area_ha": 0.024, "dist_km": 1.615, "node": "Pitäjänmäki E", "node_mw": 23, "osm_id": 1369655402, "anchor_kind": "demand"}, "geometry": {"type": "Polygon", "coordinates": [[[24.8352, 60.21669], [24.83518, 60.21656], [24.83489, 60.21657], [24.8349, 60.2167], [24.83508, 60.2167], [24.83514, 60.21669], [24.8352, 60.21669]]]}}, {"type": "Feature", "properties": {"area_ha": 0.17, "dist_km": 3.026, "node": "Pukinmäki", "node_mw": 23, "osm_id": 1425525201, "anchor_kind": "demand"}, "geometry": {"type": "Polygon", "coordinates": [[[24.95295, 60.2935], [24.95292, 60.29348], [24.95276, 60.29354], [24.9527, 60.29359], [24.95272, 60.29359], [24.95266, 60.29368], [24.95264, 60.29367], [24.95256, 60.29375], [24.95257, 60.29376], [24.95248, 60.29383], [24.95246, 60.29383], [24.9523, 60.29395], [24.95233, 60.29397], [24.95219, 60.29407], [24.95236, 60.2941], [24.95238, 60.2941], [24.95225, 60.29435], [24.95242, 60.29437], [24.95251, 60.29437], [24.95251, 60.2941], [24.95286, 60.2941], [24.95286, 60.29405], [24.95283, 60.29405], [24.95283, 60.29377], [24.95292, 60.29368], [24.95295, 60.2935]]]}}, {"type": "Feature", "properties": {"area_ha": 0.018, "dist_km": 2.008, "node": "Pitäjänmäki E", "node_mw": 23, "osm_id": 1432490884, "anchor_kind": "demand"}, "geometry": {"type": "Polygon", "coordinates": [[[24.82582, 60.21078], [24.82583, 60.21072], [24.8258, 60.21066], [24.82562, 60.21069], [24.82559, 60.2107], [24.82557, 60.21072], [24.82556, 60.21073], [24.82558, 60.21077], [24.8256, 60.21081], [24.82582, 60.21078]]]}}, {"type": "Feature", "properties": {"area_ha": 0.012, "dist_km": 1.56, "node": "Pitäjänmäki E", "node_mw": 23, "osm_id": 1432493780, "anchor_kind": "demand"}, "geometry": {"type": "Polygon", "coordinates": [[[24.83363, 60.21148], [24.83373, 60.21141], [24.83384, 60.21136], [24.8339, 60.21141], [24.83386, 60.21146], [24.83382, 60.2115], [24.83378, 60.2115], [24.83374, 60.21148], [24.83368, 60.21149], [24.83363, 60.21148]]]}}, {"type": "Feature", "properties": {"area_ha": 11.775, "dist_km": 1.558, "node": "Suurmetsä", "node_mw": 22, "osm_id": 4341709, "anchor_kind": "demand"}, "geometry": {"type": "Polygon", "coordinates": [[[25.04798, 60.24551], [25.04933, 60.246], [25.05011, 60.24604], [25.05142, 60.24651], [25.05238, 60.24666], [25.05274, 60.24649], [25.05308, 60.24673], [25.0533, 60.24668], [25.05366, 60.24686], [25.05385, 60.2468], [25.05434, 60.24705], [25.0546, 60.24696], [25.05491, 60.24683], [25.05533, 60.24713], [25.05537, 60.24718], [25.05558, 60.24724], [25.05622, 60.24739], [25.05702, 60.24758], [25.05742, 60.24775], [25.05796, 60.24748], [25.05778, 60.24736], [25.05822, 60.2472], [25.05849, 60.24736], [25.0589, 60.24714], [25.05802, 60.24645], [25.05737, 60.24604], [25.05545, 60.24511], [25.0545, 60.24465], [25.05403, 60.24483], [25.0538, 60.24467], [25.05119, 60.24362], [25.04997, 60.24426], [25.04994, 60.24433], [25.0501, 60.24457], [25.05003, 60.2446], [25.04985, 60.24468], [25.04962, 60.24478], [25.04851, 60.24528], [25.04798, 60.24551]]]}}, {"type": "Feature", "properties": {"area_ha": 5.477, "dist_km": 0.088, "node": "Suurmetsä", "node_mw": 22, "osm_id": 4882227, "anchor_kind": "demand"}, "geometry": {"type": "Polygon", "coordinates": [[[25.06185, 60.25879], [25.06156, 60.25865], [25.06078, 60.25854], [25.0604, 60.25903], [25.05936, 60.25884], [25.05932, 60.25888], [25.05924, 60.25905], [25.05916, 60.25916], [25.0566, 60.26244], [25.05665, 60.26252], [25.0568, 60.26257], [25.05862, 60.26251], [25.05877, 60.26247], [25.05887, 60.26245], [25.05899, 60.26238], [25.06185, 60.25879]]]}}, {"type": "Feature", "properties": {"area_ha": 0.593, "dist_km": 2.558, "node": "Suurmetsä", "node_mw": 22, "osm_id": 18592006, "anchor_kind": "demand"}, "geometry": {"type": "Polygon", "coordinates": [[[25.04776, 60.23804], [25.04904, 60.23802], [25.049, 60.23754], [25.04918, 60.23753], [25.04918, 60.23746], [25.049, 60.23746], [25.04897, 60.23715], [25.04862, 60.23716], [25.04865, 60.23751], [25.04817, 60.23752], [25.04814, 60.23714], [25.04769, 60.23715], [25.04776, 60.23804]]]}}, {"type": "Feature", "properties": {"area_ha": 0.177, "dist_km": 2.539, "node": "Suurmetsä", "node_mw": 22, "osm_id": 18592286, "anchor_kind": "demand"}, "geometry": {"type": "Polygon", "coordinates": [[[25.04998, 60.23766], [25.05006, 60.23767], [25.05079, 60.23776], [25.05102, 60.23732], [25.0503, 60.23723], [25.05027, 60.23728], [25.05018, 60.23726], [25.05012, 60.23737], [25.05054, 60.23743], [25.05043, 60.23763], [25.05002, 60.23758], [25.05001, 60.2376], [25.04998, 60.23766]]]}}, {"type": "Feature", "properties": {"area_ha": 0.082, "dist_km": 0.817, "node": "Suurmetsä", "node_mw": 22, "osm_id": 26775940, "anchor_kind": "demand"}, "geometry": {"type": "Polygon", "coordinates": [[[25.05642, 60.25242], [25.05617, 60.25244], [25.05639, 60.25297], [25.05663, 60.25295], [25.05642, 60.25242]]]}}, {"type": "Feature", "properties": {"area_ha": 0.45, "dist_km": 1.872, "node": "Suurmetsä", "node_mw": 22, "osm_id": 26776045, "anchor_kind": "demand"}, "geometry": {"type": "Polygon", "coordinates": [[[25.0459, 60.24413], [25.0461, 60.24419], [25.04603, 60.24424], [25.04734, 60.24468], [25.04779, 60.24435], [25.04651, 60.24392], [25.04659, 60.24386], [25.04637, 60.24378], [25.0459, 60.24413]]]}}, {"type": "Feature", "properties": {"area_ha": 0.248, "dist_km": 1.809, "node": "Suurmetsä", "node_mw": 22, "osm_id": 26776070, "anchor_kind": "demand"}, "geometry": {"type": "Polygon", "coordinates": [[[25.04507, 60.24499], [25.04616, 60.24522], [25.04643, 60.24491], [25.04578, 60.24477], [25.04534, 60.24468], [25.04507, 60.24499]]]}}, {"type": "Feature", "properties": {"area_ha": 0.126, "dist_km": 2.52, "node": "Suurmetsä", "node_mw": 22, "osm_id": 27012747, "anchor_kind": "demand"}, "geometry": {"type": "Polygon", "coordinates": [[[25.08622, 60.27798], [25.08639, 60.27791], [25.08631, 60.27786], [25.08705, 60.27757], [25.08684, 60.27744], [25.08596, 60.27778], [25.08596, 60.27781], [25.08622, 60.27798]]]}}, {"type": "Feature", "properties": {"area_ha": 0.484, "dist_km": 2.536, "node": "Suurmetsä", "node_mw": 22, "osm_id": 27012780, "anchor_kind": "demand"}, "geometry": {"type": "Polygon", "coordinates": [[[25.08411, 60.27906], [25.08493, 60.27877], [25.08479, 60.27867], [25.08485, 60.27864], [25.0848, 60.27848], [25.0857, 60.27816], [25.08545, 60.27798], [25.08359, 60.27865], [25.08388, 60.27884], [25.08382, 60.27886], [25.08411, 60.27906]]]}}, {"type": "Feature", "properties": {"area_ha": 0.076, "dist_km": 2.666, "node": "Suurmetsä", "node_mw": 22, "osm_id": 27012814, "anchor_kind": "demand"}, "geometry": {"type": "Polygon", "coordinates": [[[25.08289, 60.28074], [25.08339, 60.28069], [25.08328, 60.28042], [25.08321, 60.28043], [25.08319, 60.28038], [25.08279, 60.28042], [25.0828, 60.28046], [25.08291, 60.28045], [25.08291, 60.28046], [25.0831, 60.28044], [25.08311, 60.28049], [25.08295, 60.28061], [25.08284, 60.28062], [25.08289, 60.28074]]]}}, {"type": "Feature", "properties": {"area_ha": 0.124, "dist_km": 2.72, "node": "Suurmetsä", "node_mw": 22, "osm_id": 27012838, "anchor_kind": "demand"}, "geometry": {"type": "Polygon", "coordinates": [[[25.08442, 60.28059], [25.08535, 60.2805], [25.08534, 60.28046], [25.08538, 60.28046], [25.08536, 60.28042], [25.08532, 60.28042], [25.08531, 60.28039], [25.08506, 60.2803], [25.08433, 60.28037], [25.08442, 60.28059]]]}}, {"type": "Feature", "properties": {"area_ha": 7.25, "dist_km": 3.001, "node": "Suurmetsä", "node_mw": 22, "osm_id": 27012948, "anchor_kind": "demand"}, "geometry": {"type": "Polygon", "coordinates": [[[25.07757, 60.28705], [25.07754, 60.28656], [25.07793, 60.28655], [25.0779, 60.28604], [25.07753, 60.28605], [25.07747, 60.28511], [25.0776, 60.28511], [25.07759, 60.28496], [25.07751, 60.28496], [25.0775, 60.28491], [25.07746, 60.28491], [25.07741, 60.28418], [25.07746, 60.28418], [25.07746, 60.28412], [25.07753, 60.28412], [25.07752, 60.28398], [25.0774, 60.28398], [25.0774, 60.28397], [25.07666, 60.28399], [25.07667, 60.28399], [25.07544, 60.28401], [25.07545, 60.2842], [25.0752, 60.2842], [25.0752, 60.28417], [25.07514, 60.28417], [25.07513, 60.28397], [25.07512, 60.28385], [25.07504, 60.28385], [25.07495, 60.28385], [25.07496, 60.28388], [25.07501, 60.28388], [25.07502, 60.28394], [25.07507, 60.28394], [25.07507, 60.28398], [25.07508, 60.28418], [25.07497, 60.28418], [25.07497, 60.28402], [25.07446, 60.28402], [25.07448, 60.28426], [25.07439, 60.28427], [25.07439, 60.28431], [25.07448, 60.28431], [25.07451, 60.28471], [25.07441, 60.28472], [25.07442, 60.28476], [25.07451, 60.28476], [25.07453, 60.28515], [25.07444, 60.28515], [25.07444, 60.2852], [25.07453, 60.2852], [25.07455, 60.2856], [25.07446, 60.2856], [25.07447, 60.28565], [25.07455, 60.28565], [25.07457, 60.28599], [25.07435, 60.28599], [25.07436, 60.28609], [25.07458, 60.28609], [25.0746, 60.28649], [25.07451, 60.28649], [25.07451, 60.28654], [25.0746, 60.28653], [25.07463, 60.28693], [25.07453, 60.28693], [25.07454, 60.28698], [25.07463, 60.28698], [25.07463, 60.28709], [25.07457, 60.28709], [25.07458, 60.28715], [25.07463, 60.28715], [25.07467, 60.2878], [25.0751, 60.28779], [25.07512, 60.28801], [25.07538, 60.288], [25.07538, 60.28804], [25.0755, 60.28803], [25.0755, 60.288], [25.07718, 60.28798], [25.07717, 60.28777], [25.07762, 60.28776], [25.07762, 60.28774], [25.07758, 60.28711], [25.07764, 60.28711], [25.07764, 60.28705], [25.07757, 60.28705]]]}}, {"type": "Feature", "properties": {"area_ha": 0.067, "dist_km": 0.824, "node": "Suurmetsä", "node_mw": 22, "osm_id": 27060339, "anchor_kind": "demand"}, "geometry": {"type": "Polygon", "coordinates": [[[25.06851, 60.25493], [25.0688, 60.25488], [25.06858, 60.25456], [25.06828, 60.25461], [25.06851, 60.25493]]]}}, {"type": "Feature", "properties": {"area_ha": 0.082, "dist_km": 1.629, "node": "Suurmetsä", "node_mw": 22, "osm_id": 27614915, "anchor_kind": "demand"}, "geometry": {"type": "Polygon", "coordinates": [[[25.07546, 60.27209], [25.07571, 60.27201], [25.07523, 60.27164], [25.07497, 60.27172], [25.07546, 60.27209]]]}}, {"type": "Feature", "properties": {"area_ha": 0.061, "dist_km": 1.45, "node": "Suurmetsä", "node_mw": 22, "osm_id": 27614919, "anchor_kind": "demand"}, "geometry": {"type": "Polygon", "coordinates": [[[25.07367, 60.27052], [25.07409, 60.27051], [25.07406, 60.27027], [25.07364, 60.27028], [25.07367, 60.27052]]]}}, {"type": "Feature", "properties": {"area_ha": 0.067, "dist_km": 1.489, "node": "Suurmetsä", "node_mw": 22, "osm_id": 27614920, "anchor_kind": "demand"}, "geometry": {"type": "Polygon", "coordinates": [[[25.07374, 60.27096], [25.07405, 60.27094], [25.07403, 60.2708], [25.07416, 60.27079], [25.07413, 60.27065], [25.07369, 60.27067], [25.07374, 60.27096]]]}}, {"type": "Feature", "properties": {"area_ha": 0.176, "dist_km": 1.527, "node": "Suurmetsä", "node_mw": 22, "osm_id": 27614924, "anchor_kind": "demand"}, "geometry": {"type": "Polygon", "coordinates": [[[25.07494, 60.27104], [25.07544, 60.27085], [25.0751, 60.27063], [25.0746, 60.27083], [25.07458, 60.27082], [25.07425, 60.27095], [25.07458, 60.27116], [25.07491, 60.27103], [25.07494, 60.27104]]]}}, {"type": "Feature", "properties": {"area_ha": 0.027, "dist_km": 1.515, "node": "Suurmetsä", "node_mw": 22, "osm_id": 27614925, "anchor_kind": "demand"}, "geometry": {"type": "Polygon", "coordinates": [[[25.07379, 60.27116], [25.07387, 60.27114], [25.07389, 60.27116], [25.07416, 60.2711], [25.07415, 60.27109], [25.07421, 60.27108], [25.07412, 60.27099], [25.0738, 60.27107], [25.07381, 60.27108], [25.07372, 60.2711], [25.07379, 60.27116]]]}}, {"type": "Feature", "properties": {"area_ha": 0.143, "dist_km": 1.355, "node": "Suurmetsä", "node_mw": 22, "osm_id": 27614957, "anchor_kind": "demand"}, "geometry": {"type": "Polygon", "coordinates": [[[25.0745, 60.269], [25.07536, 60.26906], [25.07539, 60.26894], [25.07516, 60.26892], [25.0752, 60.26873], [25.07496, 60.26872], [25.07498, 60.26866], [25.07481, 60.26865], [25.0748, 60.26871], [25.07457, 60.2687], [25.0745, 60.269]]]}}, {"type": "Feature", "properties": {"area_ha": 0.082, "dist_km": 1.337, "node": "Suurmetsä", "node_mw": 22, "osm_id": 27614983, "anchor_kind": "demand"}, "geometry": {"type": "Polygon", "coordinates": [[[25.07534, 60.26841], [25.07609, 60.26845], [25.07612, 60.2683], [25.07541, 60.26826], [25.07542, 60.26821], [25.07525, 60.2682], [25.07522, 60.26832], [25.07536, 60.26832], [25.07534, 60.26841]]]}}, {"type": "Feature", "properties": {"area_ha": 0.081, "dist_km": 1.302, "node": "Suurmetsä", "node_mw": 22, "osm_id": 27614985, "anchor_kind": "demand"}, "geometry": {"type": "Polygon", "coordinates": [[[25.07491, 60.268], [25.07509, 60.26801], [25.07508, 60.26806], [25.07566, 60.26809], [25.07569, 60.26795], [25.0755, 60.26794], [25.07552, 60.26789], [25.07494, 60.26786], [25.07491, 60.268]]]}}, {"type": "Feature", "properties": {"area_ha": 0.052, "dist_km": 1.143, "node": "Suurmetsä", "node_mw": 22, "osm_id": 27614999, "anchor_kind": "demand"}, "geometry": {"type": "Polygon", "coordinates": [[[25.07209, 60.26762], [25.07241, 60.2676], [25.07234, 60.26734], [25.07201, 60.26737], [25.07209, 60.26762]]]}}, {"type": "Feature", "properties": {"area_ha": 0.054, "dist_km": 1.186, "node": "Suurmetsä", "node_mw": 22, "osm_id": 27615000, "anchor_kind": "demand"}, "geometry": {"type": "Polygon", "coordinates": [[[25.07218, 60.26804], [25.07256, 60.26806], [25.07259, 60.26782], [25.07221, 60.26781], [25.07218, 60.26804]]]}}, {"type": "Feature", "properties": {"area_ha": 0.078, "dist_km": 1.287, "node": "Suurmetsä", "node_mw": 22, "osm_id": 27615006, "anchor_kind": "demand"}, "geometry": {"type": "Polygon", "coordinates": [[[25.074, 60.26846], [25.0744, 60.26848], [25.07448, 60.26817], [25.07408, 60.26815], [25.074, 60.26846]]]}}, {"type": "Feature", "properties": {"area_ha": 0.066, "dist_km": 1.816, "node": "Suurmetsä", "node_mw": 22, "osm_id": 27615048, "anchor_kind": "demand"}, "geometry": {"type": "Polygon", "coordinates": [[[25.07671, 60.27353], [25.07733, 60.27332], [25.07716, 60.2732], [25.07654, 60.27342], [25.07671, 60.27353]]]}}, {"type": "Feature", "properties": {"area_ha": 0.071, "dist_km": 1.863, "node": "Suurmetsä", "node_mw": 22, "osm_id": 27615097, "anchor_kind": "demand"}, "geometry": {"type": "Polygon", "coordinates": [[[25.07823, 60.27325], [25.07807, 60.27331], [25.07827, 60.27345], [25.07804, 60.27353], [25.07818, 60.27363], [25.07865, 60.27347], [25.07838, 60.27327], [25.0783, 60.2733], [25.07823, 60.27325]]]}}, {"type": "Feature", "properties": {"area_ha": 0.083, "dist_km": 1.937, "node": "Suurmetsä", "node_mw": 22, "osm_id": 27615102, "anchor_kind": "demand"}, "geometry": {"type": "Polygon", "coordinates": [[[25.08002, 60.27385], [25.08039, 60.27368], [25.08005, 60.2735], [25.07993, 60.27355], [25.07991, 60.27354], [25.07984, 60.27358], [25.07983, 60.27357], [25.07975, 60.27361], [25.07973, 60.2736], [25.07963, 60.27364], [25.08002, 60.27385]]]}}, {"type": "Feature", "properties": {"area_ha": 0.057, "dist_km": 1.939, "node": "Suurmetsä", "node_mw": 22, "osm_id": 27615104, "anchor_kind": "demand"}, "geometry": {"type": "Polygon", "coordinates": [[[25.07914, 60.27403], [25.0796, 60.27387], [25.07941, 60.27374], [25.07895, 60.27389], [25.07914, 60.27403]]]}}, {"type": "Feature", "properties": {"area_ha": 0.066, "dist_km": 1.904, "node": "Suurmetsä", "node_mw": 22, "osm_id": 27615110, "anchor_kind": "demand"}, "geometry": {"type": "Polygon", "coordinates": [[[25.07896, 60.27374], [25.07873, 60.27357], [25.07829, 60.27372], [25.07852, 60.27389], [25.07896, 60.27374]]]}}, {"type": "Feature", "properties": {"area_ha": 0.07, "dist_km": 1.985, "node": "Suurmetsä", "node_mw": 22, "osm_id": 27615113, "anchor_kind": "demand"}, "geometry": {"type": "Polygon", "coordinates": [[[25.08041, 60.27411], [25.08082, 60.27395], [25.08054, 60.27378], [25.08014, 60.27393], [25.08041, 60.27411]]]}}, {"type": "Feature", "properties": {"area_ha": 0.364, "dist_km": 1.901, "node": "Suurmetsä", "node_mw": 22, "osm_id": 27615132, "anchor_kind": "demand"}, "geometry": {"type": "Polygon", "coordinates": [[[25.07772, 60.27435], [25.07827, 60.27416], [25.0781, 60.27404], [25.07808, 60.27403], [25.07825, 60.27397], [25.07752, 60.27345], [25.0769, 60.27366], [25.07762, 60.27418], [25.07753, 60.27421], [25.07772, 60.27435]]]}}, {"type": "Feature", "properties": {"area_ha": 0.684, "dist_km": 2.003, "node": "Suurmetsä", "node_mw": 22, "osm_id": 29344886, "anchor_kind": "demand"}, "geometry": {"type": "Polygon", "coordinates": [[[25.05651, 60.24161], [25.05664, 60.24165], [25.05667, 60.24163], [25.05686, 60.2417], [25.0569, 60.24167], [25.05698, 60.24169], [25.057, 60.24168], [25.0579, 60.24198], [25.05766, 60.24216], [25.05729, 60.24204], [25.05669, 60.24249], [25.05677, 60.24252], [25.05681, 60.24249], [25.05695, 60.24254], [25.05686, 60.24261], [25.05537, 60.24211], [25.05555, 60.24197], [25.05582, 60.24206], [25.0563, 60.24171], [25.05628, 60.24163], [25.05651, 60.24161]]]}}, {"type": "Feature", "properties": {"area_ha": 1.75, "dist_km": 2.627, "node": "Suurmetsä", "node_mw": 22, "osm_id": 29507219, "anchor_kind": "demand"}, "geometry": {"type": "Polygon", "coordinates": [[[25.02592, 60.24195], [25.0258, 60.24196], [25.02528, 60.24199], [25.02528, 60.242], [25.02471, 60.24204], [25.02473, 60.24208], [25.02447, 60.24209], [25.02468, 60.24285], [25.02475, 60.24318], [25.02503, 60.24332], [25.02504, 60.24337], [25.02542, 60.24334], [25.02541, 60.24327], [25.02561, 60.24319], [25.02567, 60.24317], [25.02579, 60.24313], [25.02585, 60.2431], [25.0259, 60.24312], [25.02663, 60.24274], [25.02705, 60.24258], [25.02755, 60.24241], [25.02765, 60.24237], [25.02781, 60.24222], [25.027, 60.24194], [25.02672, 60.24192], [25.02672, 60.242], [25.02592, 60.24199], [25.02592, 60.24195]]]}}, {"type": "Feature", "properties": {"area_ha": 0.272, "dist_km": 2.012, "node": "Suurmetsä", "node_mw": 22, "osm_id": 29878995, "anchor_kind": "demand"}, "geometry": {"type": "Polygon", "coordinates": [[[25.02608, 60.25172], [25.02592, 60.25132], [25.02574, 60.25133], [25.02574, 60.25132], [25.02545, 60.25135], [25.02541, 60.25124], [25.02565, 60.25122], [25.02563, 60.25117], [25.02612, 60.25112], [25.0261, 60.25107], [25.02636, 60.25104], [25.02642, 60.25119], [25.02639, 60.2512], [25.02641, 60.25125], [25.02655, 60.25123], [25.02672, 60.25166], [25.02608, 60.25172]]]}}, {"type": "Feature", "properties": {"area_ha": 0.119, "dist_km": 1.091, "node": "Suurmetsä", "node_mw": 22, "osm_id": 30606787, "anchor_kind": "demand"}, "geometry": {"type": "Polygon", "coordinates": [[[25.074, 60.26587], [25.07412, 60.26551], [25.07405, 60.2655], [25.07409, 60.26536], [25.07458, 60.2654], [25.07454, 60.26551], [25.07447, 60.2655], [25.07434, 60.2659], [25.074, 60.26587]]]}}, {"type": "Feature", "properties": {"area_ha": 0.072, "dist_km": 1.129, "node": "Suurmetsä", "node_mw": 22, "osm_id": 30606788, "anchor_kind": "demand"}, "geometry": {"type": "Polygon", "coordinates": [[[25.07459, 60.26595], [25.07473, 60.2656], [25.07505, 60.26563], [25.0749, 60.26598], [25.07459, 60.26595]]]}}, {"type": "Feature", "properties": {"area_ha": 0.038, "dist_km": 2.181, "node": "Suurmetsä", "node_mw": 22, "osm_id": 32883227, "anchor_kind": "demand"}, "geometry": {"type": "Polygon", "coordinates": [[[25.09702, 60.25669], [25.09707, 60.25643], [25.09683, 60.25642], [25.09678, 60.25668], [25.09702, 60.25669]]]}}, {"type": "Feature", "properties": {"area_ha": 2.262, "dist_km": 2.291, "node": "Suurmetsä", "node_mw": 22, "osm_id": 32883228, "anchor_kind": "demand"}, "geometry": {"type": "Polygon", "coordinates": [[[25.09722, 60.25644], [25.0977, 60.25647], [25.09767, 60.25663], [25.09938, 60.25672], [25.09956, 60.25585], [25.09967, 60.25585], [25.09975, 60.25546], [25.09985, 60.25546], [25.09995, 60.25497], [25.09919, 60.25493], [25.09919, 60.25489], [25.09864, 60.25487], [25.09865, 60.25485], [25.0986, 60.25485], [25.09852, 60.25485], [25.09851, 60.25489], [25.09802, 60.25487], [25.09794, 60.25527], [25.09779, 60.25527], [25.09774, 60.25549], [25.09756, 60.25548], [25.09747, 60.25591], [25.09733, 60.2559], [25.09722, 60.25644]]]}}, {"type": "Feature", "properties": {"area_ha": 3.397, "dist_km": 2.549, "node": "Suurmetsä", "node_mw": 22, "osm_id": 32883229, "anchor_kind": "demand"}, "geometry": {"type": "Polygon", "coordinates": [[[25.10132, 60.25664], [25.10189, 60.25667], [25.10194, 60.25643], [25.10209, 60.25644], [25.10211, 60.25633], [25.10198, 60.25632], [25.102, 60.25623], [25.1021, 60.25624], [25.10213, 60.25612], [25.10203, 60.25611], [25.10205, 60.25601], [25.10219, 60.25602], [25.10221, 60.25593], [25.10207, 60.25593], [25.10214, 60.25559], [25.10224, 60.25559], [25.10222, 60.25571], [25.1027, 60.25573], [25.10272, 60.25562], [25.10296, 60.25563], [25.1027, 60.25692], [25.10332, 60.25695], [25.10333, 60.25688], [25.10349, 60.25689], [25.1035, 60.2568], [25.10336, 60.25679], [25.10342, 60.25653], [25.10356, 60.25653], [25.10358, 60.25644], [25.10343, 60.25644], [25.10348, 60.25619], [25.10355, 60.25619], [25.10357, 60.25609], [25.10364, 60.25609], [25.10366, 60.25601], [25.10353, 60.25601], [25.10358, 60.25576], [25.10375, 60.25577], [25.10376, 60.25569], [25.1036, 60.25569], [25.1036, 60.25566], [25.10374, 60.25567], [25.10376, 60.2556], [25.10387, 60.25561], [25.10386, 60.25568], [25.10403, 60.25569], [25.10405, 60.25561], [25.10432, 60.25563], [25.10431, 60.25569], [25.10444, 60.2557], [25.10437, 60.25605], [25.10423, 60.25604], [25.10422, 60.25613], [25.10435, 60.25613], [25.10433, 60.25622], [25.10416, 60.25626], [25.10419, 60.2563], [25.10432, 60.25628], [25.10427, 60.25648], [25.10414, 60.25647], [25.10412, 60.25656], [25.10425, 60.25657], [25.1042, 60.25679], [25.10478, 60.25681], [25.10483, 60.25681], [25.10505, 60.25583], [25.10516, 60.25584], [25.1051, 60.2561], [25.10543, 60.25612], [25.10551, 60.25577], [25.10611, 60.2558], [25.10605, 60.2561], [25.10641, 60.25612], [25.10653, 60.25562], [25.10619, 60.2556], [25.10618, 60.25564], [25.10565, 60.25561], [25.10571, 60.25538], [25.10513, 60.25535], [25.10519, 60.25507], [25.1045, 60.25503], [25.10452, 60.25493], [25.1044, 60.25493], [25.10438, 60.25502], [25.10443, 60.25502], [25.10442, 60.25506], [25.10446, 60.25506], [25.10443, 60.25518], [25.10428, 60.25517], [25.10427, 60.25518], [25.10425, 60.25529], [25.10425, 60.25531], [25.10383, 60.25529], [25.10375, 60.25529], [25.10368, 60.25529], [25.10373, 60.25508], [25.10387, 60.25509], [25.10389, 60.255], [25.10375, 60.25499], [25.10376, 60.25492], [25.10314, 60.25489], [25.10313, 60.25493], [25.10269, 60.25491], [25.10268, 60.25494], [25.10168, 60.25489], [25.10167, 60.25497], [25.10153, 60.25496], [25.10155, 60.25498], [25.10155, 60.255], [25.10154, 60.25502], [25.10152, 60.25503], [25.10165, 60.25504], [25.10162, 60.25518], [25.10035, 60.25512], [25.10032, 60.2553], [25.10092, 60.25533], [25.1009, 60.2554], [25.10113, 60.25541], [25.10115, 60.25535], [25.10157, 60.25537], [25.10145, 60.25595], [25.10124, 60.25594], [25.10119, 60.2562], [25.10141, 60.25621], [25.10132, 60.25664]]]}}, {"type": "Feature", "properties": {"area_ha": 0.114, "dist_km": 0.216, "node": "Suurmetsä", "node_mw": 22, "osm_id": 32912996, "anchor_kind": "demand"}, "geometry": {"type": "Polygon", "coordinates": [[[25.06176, 60.2593], [25.06228, 60.25939], [25.06203, 60.25972], [25.06151, 60.25962], [25.06159, 60.25952], [25.06164, 60.25953], [25.06173, 60.25941], [25.06168, 60.2594], [25.06176, 60.2593]]]}}, {"type": "Feature", "properties": {"area_ha": 0.098, "dist_km": 0.213, "node": "Suurmetsä", "node_mw": 22, "osm_id": 32913005, "anchor_kind": "demand"}, "geometry": {"type": "Polygon", "coordinates": [[[25.06152, 60.25975], [25.06234, 60.25991], [25.06221, 60.26008], [25.06139, 60.25992], [25.06152, 60.25975]]]}}, {"type": "Feature", "properties": {"area_ha": 0.189, "dist_km": 0.417, "node": "Suurmetsä", "node_mw": 22, "osm_id": 32913050, "anchor_kind": "demand"}, "geometry": {"type": "Polygon", "coordinates": [[[25.06226, 60.25713], [25.06282, 60.25713], [25.06283, 60.2568], [25.0632, 60.2568], [25.0632, 60.25733], [25.06225, 60.25732], [25.06226, 60.25713]]]}}, {"type": "Feature", "properties": {"area_ha": 0.183, "dist_km": 0.476, "node": "Suurmetsä", "node_mw": 22, "osm_id": 32913081, "anchor_kind": "demand"}, "geometry": {"type": "Polygon", "coordinates": [[[25.06289, 60.25628], [25.06321, 60.25628], [25.06322, 60.25675], [25.06288, 60.25675], [25.06288, 60.25647], [25.0628, 60.25647], [25.0628, 60.25651], [25.06223, 60.25651], [25.06224, 60.25626], [25.06281, 60.25626], [25.06281, 60.25642], [25.06288, 60.25642], [25.06289, 60.25628]]]}}, {"type": "Feature", "properties": {"area_ha": 0.075, "dist_km": 0.203, "node": "Suurmetsä", "node_mw": 22, "osm_id": 37776226, "anchor_kind": "demand"}, "geometry": {"type": "Polygon", "coordinates": [[[25.06142, 60.26004], [25.06203, 60.26016], [25.0619, 60.26033], [25.06128, 60.26021], [25.06142, 60.26004]]]}}, {"type": "Feature", "properties": {"area_ha": 0.078, "dist_km": 0.202, "node": "Suurmetsä", "node_mw": 22, "osm_id": 37776227, "anchor_kind": "demand"}, "geometry": {"type": "Polygon", "coordinates": [[[25.06116, 60.26052], [25.06131, 60.26034], [25.06191, 60.26045], [25.06177, 60.26064], [25.06116, 60.26052]]]}}, {"type": "Feature", "properties": {"area_ha": 0.168, "dist_km": 0.233, "node": "Suurmetsä", "node_mw": 22, "osm_id": 37776229, "anchor_kind": "demand"}, "geometry": {"type": "Polygon", "coordinates": [[[25.06046, 60.2613], [25.06185, 60.26157], [25.06198, 60.2614], [25.06059, 60.26113], [25.06046, 60.2613]]]}}, {"type": "Feature", "properties": {"area_ha": 0.207, "dist_km": 0.211, "node": "Suurmetsä", "node_mw": 22, "osm_id": 37776231, "anchor_kind": "demand"}, "geometry": {"type": "Polygon", "coordinates": [[[25.06199, 60.26115], [25.06219, 60.2609], [25.06096, 60.26066], [25.06082, 60.26084], [25.06112, 60.2609], [25.06106, 60.26098], [25.06199, 60.26115]]]}}, {"type": "Feature", "properties": {"area_ha": 0.09, "dist_km": 0.212, "node": "Suurmetsä", "node_mw": 22, "osm_id": 37776232, "anchor_kind": "demand"}, "geometry": {"type": "Polygon", "coordinates": [[[25.06068, 60.25887], [25.06108, 60.25892], [25.06107, 60.25894], [25.0613, 60.25897], [25.06128, 60.259], [25.06147, 60.25902], [25.06157, 60.25883], [25.06076, 60.25872], [25.06068, 60.25887]]]}}, {"type": "Feature", "properties": {"area_ha": 0.038, "dist_km": 0.194, "node": "Suurmetsä", "node_mw": 22, "osm_id": 37776233, "anchor_kind": "demand"}, "geometry": {"type": "Polygon", "coordinates": [[[25.06072, 60.25893], [25.06123, 60.25904], [25.06115, 60.25914], [25.06064, 60.25904], [25.06072, 60.25893]]]}}, {"type": "Feature", "properties": {"area_ha": 0.13, "dist_km": 0.16, "node": "Suurmetsä", "node_mw": 22, "osm_id": 37776237, "anchor_kind": "demand"}, "geometry": {"type": "Polygon", "coordinates": [[[25.06027, 60.2598], [25.06061, 60.25936], [25.06109, 60.25945], [25.06103, 60.25953], [25.06096, 60.25952], [25.06068, 60.25988], [25.06027, 60.2598]]]}}, {"type": "Feature", "properties": {"area_ha": 0.094, "dist_km": 0.121, "node": "Suurmetsä", "node_mw": 22, "osm_id": 37776238, "anchor_kind": "demand"}, "geometry": {"type": "Polygon", "coordinates": [[[25.05988, 60.25987], [25.06065, 60.26002], [25.06051, 60.26019], [25.05974, 60.26004], [25.05988, 60.25987]]]}}, {"type": "Feature", "properties": {"area_ha": 0.164, "dist_km": 0.116, "node": "Suurmetsä", "node_mw": 22, "osm_id": 37776239, "anchor_kind": "demand"}, "geometry": {"type": "Polygon", "coordinates": [[[25.05957, 60.26027], [25.05935, 60.26056], [25.06016, 60.26071], [25.06038, 60.26042], [25.05957, 60.26027]]]}}, {"type": "Feature", "properties": {"area_ha": 0.012, "dist_km": 2.94, "node": "Suurmetsä", "node_mw": 22, "osm_id": 40852559, "anchor_kind": "demand"}, "geometry": {"type": "Polygon", "coordinates": [[[25.10349, 60.27378], [25.10365, 60.27378], [25.10365, 60.27366], [25.10349, 60.27367], [25.10349, 60.27378]]]}}, {"type": "Feature", "properties": {"area_ha": 0.322, "dist_km": 1.646, "node": "Suurmetsä", "node_mw": 22, "osm_id": 43183317, "anchor_kind": "demand"}, "geometry": {"type": "Polygon", "coordinates": [[[25.05101, 60.24564], [25.05134, 60.24588], [25.05282, 60.24538], [25.05249, 60.24514], [25.05101, 60.24564]]]}}, {"type": "Feature", "properties": {"area_ha": 0.166, "dist_km": 1.558, "node": "Suurmetsä", "node_mw": 22, "osm_id": 43183319, "anchor_kind": "demand"}, "geometry": {"type": "Polygon", "coordinates": [[[25.05403, 60.24609], [25.05437, 60.24634], [25.05511, 60.24609], [25.05477, 60.24584], [25.05403, 60.24609]]]}}, {"type": "Feature", "properties": {"area_ha": 0.21, "dist_km": 1.525, "node": "Suurmetsä", "node_mw": 22, "osm_id": 43183325, "anchor_kind": "demand"}, "geometry": {"type": "Polygon", "coordinates": [[[25.0545, 60.24644], [25.05482, 60.24668], [25.05559, 60.24642], [25.05545, 60.24632], [25.05582, 60.24619], [25.05564, 60.24606], [25.0545, 60.24644]]]}}, {"type": "Feature", "properties": {"area_ha": 0.066, "dist_km": 1.419, "node": "Suurmetsä", "node_mw": 22, "osm_id": 43183326, "anchor_kind": "demand"}, "geometry": {"type": "Polygon", "coordinates": [[[25.05579, 60.24727], [25.05641, 60.24741], [25.05654, 60.24727], [25.05592, 60.24713], [25.05579, 60.24727]]]}}, {"type": "Feature", "properties": {"area_ha": 0.329, "dist_km": 1.675, "node": "Suurmetsä", "node_mw": 22, "osm_id": 43183330, "anchor_kind": "demand"}, "geometry": {"type": "Polygon", "coordinates": [[[25.04853, 60.24566], [25.04914, 60.24589], [25.04922, 60.24584], [25.04927, 60.2458], [25.04938, 60.24583], [25.04971, 60.24561], [25.04961, 60.24556], [25.0497, 60.24551], [25.04996, 60.24562], [25.05015, 60.24549], [25.04988, 60.2454], [25.05005, 60.2453], [25.04964, 60.24516], [25.0494, 60.24532], [25.04956, 60.24537], [25.0494, 60.24547], [25.04899, 60.24533], [25.04853, 60.24566]]]}}, {"type": "Feature", "properties": {"area_ha": 0.032, "dist_km": 2.837, "node": "Suurmetsä", "node_mw": 22, "osm_id": 58928535, "anchor_kind": "demand"}, "geometry": {"type": "Polygon", "coordinates": [[[25.06264, 60.23454], [25.06269, 60.23456], [25.06235, 60.23476], [25.06227, 60.23473], [25.06235, 60.23468], [25.06232, 60.23467], [25.06256, 60.23452], [25.06253, 60.2345], [25.06278, 60.23443], [25.06285, 60.23448], [25.06264, 60.23454]]]}}, {"type": "Feature", "properties": {"area_ha": 0.106, "dist_km": 0.09, "node": "Suurmetsä", "node_mw": 22, "osm_id": 60706631, "anchor_kind": "demand"}, "geometry": {"type": "Polygon", "coordinates": [[[25.05607, 60.25982], [25.05595, 60.26004], [25.05667, 60.26014], [25.05679, 60.25991], [25.05607, 60.25982]]]}}, {"type": "Feature", "properties": {"area_ha": 0.172, "dist_km": 0.185, "node": "Suurmetsä", "node_mw": 22, "osm_id": 60706635, "anchor_kind": "demand"}, "geometry": {"type": "Polygon", "coordinates": [[[25.0541, 60.25976], [25.05516, 60.2599], [25.05527, 60.2597], [25.05502, 60.25967], [25.05504, 60.25964], [25.05445, 60.25956], [25.05451, 60.25945], [25.05428, 60.25941], [25.0541, 60.25976]]]}}, {"type": "Feature", "properties": {"area_ha": 0.086, "dist_km": 0.208, "node": "Suurmetsä", "node_mw": 22, "osm_id": 60706668, "anchor_kind": "demand"}, "geometry": {"type": "Polygon", "coordinates": [[[25.05448, 60.25892], [25.05455, 60.25879], [25.05565, 60.25893], [25.05559, 60.25905], [25.0546, 60.25892], [25.05459, 60.25894], [25.05448, 60.25892]]]}}, {"type": "Feature", "properties": {"area_ha": 0.042, "dist_km": 0.186, "node": "Suurmetsä", "node_mw": 22, "osm_id": 60706678, "anchor_kind": "demand"}, "geometry": {"type": "Polygon", "coordinates": [[[25.05443, 60.26013], [25.05494, 60.26019], [25.05488, 60.26032], [25.05437, 60.26026], [25.05443, 60.26013]]]}}, {"type": "Feature", "properties": {"area_ha": 0.076, "dist_km": 0.206, "node": "Suurmetsä", "node_mw": 22, "osm_id": 60706679, "anchor_kind": "demand"}, "geometry": {"type": "Polygon", "coordinates": [[[25.05483, 60.26054], [25.05489, 60.26043], [25.05388, 60.2603], [25.05382, 60.26041], [25.05483, 60.26054]]]}}, {"type": "Feature", "properties": {"area_ha": 0.064, "dist_km": 0.249, "node": "Suurmetsä", "node_mw": 22, "osm_id": 60706681, "anchor_kind": "demand"}, "geometry": {"type": "Polygon", "coordinates": [[[25.05359, 60.26108], [25.05365, 60.26097], [25.05454, 60.26109], [25.05448, 60.2612], [25.05359, 60.26108]]]}}, {"type": "Feature", "properties": {"area_ha": 0.048, "dist_km": 0.245, "node": "Suurmetsä", "node_mw": 22, "osm_id": 60706688, "anchor_kind": "demand"}, "geometry": {"type": "Polygon", "coordinates": [[[25.05414, 60.26093], [25.05421, 60.2608], [25.05363, 60.26073], [25.05356, 60.26085], [25.05414, 60.26093]]]}}, {"type": "Feature", "properties": {"area_ha": 0.039, "dist_km": 0.232, "node": "Suurmetsä", "node_mw": 22, "osm_id": 60706690, "anchor_kind": "demand"}, "geometry": {"type": "Polygon", "coordinates": [[[25.05422, 60.2607], [25.05428, 60.26058], [25.05375, 60.26051], [25.05369, 60.26063], [25.05422, 60.2607]]]}}, {"type": "Feature", "properties": {"area_ha": 0.066, "dist_km": 0.198, "node": "Suurmetsä", "node_mw": 22, "osm_id": 60706697, "anchor_kind": "demand"}, "geometry": {"type": "Polygon", "coordinates": [[[25.05509, 60.26114], [25.05503, 60.26127], [25.05584, 60.26137], [25.05591, 60.26125], [25.05509, 60.26114]]]}}, {"type": "Feature", "properties": {"area_ha": 0.064, "dist_km": 0.22, "node": "Suurmetsä", "node_mw": 22, "osm_id": 60706699, "anchor_kind": "demand"}, "geometry": {"type": "Polygon", "coordinates": [[[25.05487, 60.26147], [25.05493, 60.26135], [25.05576, 60.26146], [25.0557, 60.26158], [25.05487, 60.26147]]]}}, {"type": "Feature", "properties": {"area_ha": 0.082, "dist_km": 0.169, "node": "Suurmetsä", "node_mw": 22, "osm_id": 60706702, "anchor_kind": "demand"}, "geometry": {"type": "Polygon", "coordinates": [[[25.05509, 60.26104], [25.05516, 60.26091], [25.05605, 60.26103], [25.05605, 60.26104], [25.05613, 60.26105], [25.05607, 60.26117], [25.05509, 60.26104]]]}}, {"type": "Feature", "properties": {"area_ha": 0.052, "dist_km": 0.108, "node": "Suurmetsä", "node_mw": 22, "osm_id": 60706704, "anchor_kind": "demand"}, "geometry": {"type": "Polygon", "coordinates": [[[25.05573, 60.26038], [25.0558, 60.26024], [25.05625, 60.2603], [25.05624, 60.26032], [25.05653, 60.26035], [25.0565, 60.26041], [25.05621, 60.26037], [25.05617, 60.26044], [25.05573, 60.26038]]]}}, {"type": "Feature", "properties": {"area_ha": 0.022, "dist_km": 0.214, "node": "Suurmetsä", "node_mw": 22, "osm_id": 60706706, "anchor_kind": "demand"}, "geometry": {"type": "Polygon", "coordinates": [[[25.05422, 60.26083], [25.05425, 60.26077], [25.05477, 60.26084], [25.05474, 60.2609], [25.05422, 60.26083]]]}}, {"type": "Feature", "properties": {"area_ha": 0.024, "dist_km": 0.288, "node": "Suurmetsä", "node_mw": 22, "osm_id": 60706712, "anchor_kind": "demand"}, "geometry": {"type": "Polygon", "coordinates": [[[25.05589, 60.26243], [25.05597, 60.26232], [25.05628, 60.26238], [25.0562, 60.26249], [25.05589, 60.26243]]]}}, {"type": "Feature", "properties": {"area_ha": 0.082, "dist_km": 0.238, "node": "Suurmetsä", "node_mw": 22, "osm_id": 60706714, "anchor_kind": "demand"}, "geometry": {"type": "Polygon", "coordinates": [[[25.0547, 60.26168], [25.05476, 60.26156], [25.05549, 60.26166], [25.05552, 60.26162], [25.05575, 60.26165], [25.05567, 60.2618], [25.05556, 60.26178], [25.05555, 60.2618], [25.0547, 60.26168]]]}}, {"type": "Feature", "properties": {"area_ha": 0.471, "dist_km": 0.136, "node": "Suurmetsä", "node_mw": 22, "osm_id": 60706715, "anchor_kind": "demand"}, "geometry": {"type": "Polygon", "coordinates": [[[25.05819, 60.26112], [25.05851, 60.26071], [25.05993, 60.26098], [25.05961, 60.26139], [25.05847, 60.26118], [25.05827, 60.26143], [25.058, 60.26138], [25.05804, 60.26132], [25.05799, 60.26131], [25.05814, 60.26111], [25.05819, 60.26112]]]}}, {"type": "Feature", "properties": {"area_ha": 0.052, "dist_km": 0.266, "node": "Suurmetsä", "node_mw": 22, "osm_id": 60708035, "anchor_kind": "demand"}, "geometry": {"type": "Polygon", "coordinates": [[[25.0598, 60.25792], [25.0598, 60.2578], [25.06048, 60.2578], [25.06048, 60.25792], [25.0598, 60.25792]]]}}, {"type": "Feature", "properties": {"area_ha": 0.032, "dist_km": 0.253, "node": "Suurmetsä", "node_mw": 22, "osm_id": 60708036, "anchor_kind": "demand"}, "geometry": {"type": "Polygon", "coordinates": [[[25.05981, 60.25802], [25.05981, 60.25795], [25.06047, 60.25794], [25.06047, 60.25802], [25.05981, 60.25802]]]}}, {"type": "Feature", "properties": {"area_ha": 0.082, "dist_km": 0.653, "node": "Suurmetsä", "node_mw": 22, "osm_id": 60708040, "anchor_kind": "demand"}, "geometry": {"type": "Polygon", "coordinates": [[[25.06188, 60.2547], [25.06281, 60.25461], [25.06274, 60.25443], [25.06249, 60.25445], [25.06251, 60.25451], [25.06184, 60.25458], [25.06188, 60.2547]]]}}, {"type": "Feature", "properties": {"area_ha": 0.042, "dist_km": 0.632, "node": "Suurmetsä", "node_mw": 22, "osm_id": 60708041, "anchor_kind": "demand"}, "geometry": {"type": "Polygon", "coordinates": [[[25.06041, 60.25456], [25.06036, 60.25444], [25.06091, 60.25439], [25.06096, 60.2545], [25.06041, 60.25456]]]}}, {"type": "Feature", "properties": {"area_ha": 0.043, "dist_km": 0.498, "node": "Suurmetsä", "node_mw": 22, "osm_id": 60708063, "anchor_kind": "demand"}, "geometry": {"type": "Polygon", "coordinates": [[[25.05725, 60.25561], [25.05779, 60.25556], [25.05774, 60.25544], [25.0572, 60.25549], [25.05725, 60.25561]]]}}, {"type": "Feature", "properties": {"area_ha": 0.045, "dist_km": 0.586, "node": "Suurmetsä", "node_mw": 22, "osm_id": 60708064, "anchor_kind": "demand"}, "geometry": {"type": "Polygon", "coordinates": [[[25.05807, 60.25482], [25.05804, 60.25473], [25.05885, 60.25465], [25.05889, 60.25473], [25.05807, 60.25482]]]}}, {"type": "Feature", "properties": {"area_ha": 0.062, "dist_km": 0.55, "node": "Suurmetsä", "node_mw": 22, "osm_id": 60708065, "anchor_kind": "demand"}, "geometry": {"type": "Polygon", "coordinates": [[[25.05817, 60.25516], [25.05813, 60.25504], [25.05898, 60.25496], [25.05902, 60.25508], [25.05817, 60.25516]]]}}, {"type": "Feature", "properties": {"area_ha": 0.08, "dist_km": 0.674, "node": "Suurmetsä", "node_mw": 22, "osm_id": 60708082, "anchor_kind": "demand"}, "geometry": {"type": "Polygon", "coordinates": [[[25.06172, 60.25435], [25.06225, 60.2543], [25.06221, 60.25422], [25.06264, 60.25418], [25.06271, 60.25435], [25.06176, 60.25445], [25.06172, 60.25435]]]}}, {"type": "Feature", "properties": {"area_ha": 0.064, "dist_km": 0.697, "node": "Suurmetsä", "node_mw": 22, "osm_id": 60708083, "anchor_kind": "demand"}, "geometry": {"type": "Polygon", "coordinates": [[[25.06166, 60.25416], [25.0626, 60.25407], [25.06256, 60.25396], [25.06183, 60.25403], [25.06184, 60.25405], [25.06162, 60.25407], [25.06166, 60.25416]]]}}, {"type": "Feature", "properties": {"area_ha": 0.113, "dist_km": 0.764, "node": "Suurmetsä", "node_mw": 22, "osm_id": 60708085, "anchor_kind": "demand"}, "geometry": {"type": "Polygon", "coordinates": [[[25.0614, 60.25351], [25.06143, 60.2536], [25.06238, 60.25351], [25.06234, 60.25342], [25.06226, 60.25342], [25.06226, 60.25341], [25.06234, 60.25341], [25.0623, 60.25331], [25.06195, 60.25335], [25.062, 60.25345], [25.06197, 60.25345], [25.0619, 60.25328], [25.06158, 60.25332], [25.06165, 60.25348], [25.0614, 60.25351]]]}}, {"type": "Feature", "properties": {"area_ha": 0.054, "dist_km": 0.393, "node": "Suurmetsä", "node_mw": 22, "osm_id": 60708100, "anchor_kind": "demand"}, "geometry": {"type": "Polygon", "coordinates": [[[25.06102, 60.25695], [25.06102, 60.25682], [25.06175, 60.25683], [25.06174, 60.25695], [25.06102, 60.25695]]]}}, {"type": "Feature", "properties": {"area_ha": 0.063, "dist_km": 0.371, "node": "Suurmetsä", "node_mw": 22, "osm_id": 60708104, "anchor_kind": "demand"}, "geometry": {"type": "Polygon", "coordinates": [[[25.06087, 60.25705], [25.06139, 60.25705], [25.06139, 60.25709], [25.06175, 60.25709], [25.06175, 60.25718], [25.06087, 60.25718], [25.06087, 60.25705]]]}}, {"type": "Feature", "properties": {"area_ha": 0.074, "dist_km": 0.324, "node": "Suurmetsä", "node_mw": 22, "osm_id": 60708106, "anchor_kind": "demand"}, "geometry": {"type": "Polygon", "coordinates": [[[25.06223, 60.2582], [25.0632, 60.2582], [25.0632, 60.25832], [25.06223, 60.25832], [25.06223, 60.2582]]]}}, {"type": "Feature", "properties": {"area_ha": 0.025, "dist_km": 0.373, "node": "Suurmetsä", "node_mw": 22, "osm_id": 60708107, "anchor_kind": "demand"}, "geometry": {"type": "Polygon", "coordinates": [[[25.0622, 60.2575], [25.0622, 60.25741], [25.06265, 60.25742], [25.06265, 60.25752], [25.06255, 60.25752], [25.06255, 60.2575], [25.0622, 60.2575]]]}}, {"type": "Feature", "properties": {"area_ha": 0.029, "dist_km": 0.346, "node": "Suurmetsä", "node_mw": 22, "osm_id": 60708108, "anchor_kind": "demand"}, "geometry": {"type": "Polygon", "coordinates": [[[25.06222, 60.25787], [25.06276, 60.25787], [25.06276, 60.25779], [25.06221, 60.25779], [25.06222, 60.25787]]]}}, {"type": "Feature", "properties": {"area_ha": 0.03, "dist_km": 0.349, "node": "Suurmetsä", "node_mw": 22, "osm_id": 60708112, "anchor_kind": "demand"}, "geometry": {"type": "Polygon", "coordinates": [[[25.06118, 60.25732], [25.06173, 60.25732], [25.06173, 60.25741], [25.06118, 60.25741], [25.06118, 60.25732]]]}}, {"type": "Feature", "properties": {"area_ha": 0.057, "dist_km": 0.627, "node": "Suurmetsä", "node_mw": 22, "osm_id": 60708330, "anchor_kind": "demand"}, "geometry": {"type": "Polygon", "coordinates": [[[25.05555, 60.25457], [25.05549, 60.25444], [25.05605, 60.25438], [25.05607, 60.25443], [25.05628, 60.25441], [25.05632, 60.25449], [25.05555, 60.25457]]]}}, {"type": "Feature", "properties": {"area_ha": 0.085, "dist_km": 0.787, "node": "Suurmetsä", "node_mw": 22, "osm_id": 60708331, "anchor_kind": "demand"}, "geometry": {"type": "Polygon", "coordinates": [[[25.05556, 60.25319], [25.05546, 60.25296], [25.05544, 60.25289], [25.05532, 60.25291], [25.05534, 60.25296], [25.0549, 60.253], [25.05498, 60.25321], [25.05517, 60.25319], [25.05519, 60.25322], [25.05556, 60.25319]]]}}, {"type": "Feature", "properties": {"area_ha": 0.088, "dist_km": 0.836, "node": "Suurmetsä", "node_mw": 22, "osm_id": 60708332, "anchor_kind": "demand"}, "geometry": {"type": "Polygon", "coordinates": [[[25.05699, 60.25262], [25.05708, 60.25261], [25.05716, 60.25261], [25.05747, 60.25258], [25.05737, 60.25231], [25.05675, 60.25237], [25.05678, 60.25243], [25.05691, 60.25242], [25.05699, 60.25262]]]}}, {"type": "Feature", "properties": {"area_ha": 0.058, "dist_km": 0.811, "node": "Suurmetsä", "node_mw": 22, "osm_id": 60708333, "anchor_kind": "demand"}, "geometry": {"type": "Polygon", "coordinates": [[[25.05762, 60.25295], [25.05753, 60.25273], [25.05746, 60.25274], [25.05744, 60.25268], [25.05751, 60.25268], [25.05748, 60.25261], [25.05717, 60.25264], [25.05716, 60.25261], [25.05708, 60.25261], [25.05709, 60.25265], [25.057, 60.25266], [25.05703, 60.25273], [25.05711, 60.25272], [25.05712, 60.25273], [25.0572, 60.25272], [25.0572, 60.25271], [25.05738, 60.25269], [25.05741, 60.25274], [25.05731, 60.25275], [25.0574, 60.25297], [25.05762, 60.25295]]]}}, {"type": "Feature", "properties": {"area_ha": 0.062, "dist_km": 0.657, "node": "Suurmetsä", "node_mw": 22, "osm_id": 60708334, "anchor_kind": "demand"}, "geometry": {"type": "Polygon", "coordinates": [[[25.05548, 60.25414], [25.05613, 60.25408], [25.05619, 60.25423], [25.05554, 60.25429], [25.05548, 60.25414]]]}}, {"type": "Feature", "properties": {"area_ha": 0.042, "dist_km": 0.688, "node": "Suurmetsä", "node_mw": 22, "osm_id": 60708335, "anchor_kind": "demand"}, "geometry": {"type": "Polygon", "coordinates": [[[25.05532, 60.25404], [25.05574, 60.254], [25.05567, 60.25384], [25.05526, 60.25388], [25.05532, 60.25404]]]}}, {"type": "Feature", "properties": {"area_ha": 0.06, "dist_km": 0.718, "node": "Suurmetsä", "node_mw": 22, "osm_id": 60708336, "anchor_kind": "demand"}, "geometry": {"type": "Polygon", "coordinates": [[[25.05521, 60.25377], [25.05515, 60.25362], [25.05576, 60.25356], [25.05582, 60.25371], [25.05521, 60.25377]]]}}, {"type": "Feature", "properties": {"area_ha": 0.087, "dist_km": 0.843, "node": "Suurmetsä", "node_mw": 22, "osm_id": 60708339, "anchor_kind": "demand"}, "geometry": {"type": "Polygon", "coordinates": [[[25.05785, 60.25262], [25.05823, 60.25258], [25.05809, 60.25222], [25.05771, 60.25225], [25.05785, 60.25262]]]}}, {"type": "Feature", "properties": {"area_ha": 0.108, "dist_km": 0.834, "node": "Suurmetsä", "node_mw": 22, "osm_id": 60708340, "anchor_kind": "demand"}, "geometry": {"type": "Polygon", "coordinates": [[[25.05839, 60.25268], [25.05884, 60.25264], [25.05867, 60.2522], [25.05829, 60.25223], [25.05845, 60.25263], [25.05837, 60.25264], [25.05839, 60.25268]]]}}, {"type": "Feature", "properties": {"area_ha": 0.054, "dist_km": 0.558, "node": "Suurmetsä", "node_mw": 22, "osm_id": 60708342, "anchor_kind": "demand"}, "geometry": {"type": "Polygon", "coordinates": [[[25.05638, 60.25512], [25.05633, 60.25498], [25.05573, 60.25504], [25.05579, 60.25518], [25.05638, 60.25512]]]}}, {"type": "Feature", "properties": {"area_ha": 0.049, "dist_km": 0.533, "node": "Suurmetsä", "node_mw": 22, "osm_id": 60708343, "anchor_kind": "demand"}, "geometry": {"type": "Polygon", "coordinates": [[[25.05652, 60.25521], [25.05657, 60.25533], [25.05588, 60.2554], [25.05584, 60.25529], [25.05616, 60.25526], [25.05616, 60.25525], [25.05652, 60.25521]]]}}, {"type": "Feature", "properties": {"area_ha": 0.04, "dist_km": 0.502, "node": "Suurmetsä", "node_mw": 22, "osm_id": 60708344, "anchor_kind": "demand"}, "geometry": {"type": "Polygon", "coordinates": [[[25.05654, 60.25549], [25.05658, 60.25559], [25.05597, 60.25565], [25.05593, 60.25555], [25.05654, 60.25549]]]}}, {"type": "Feature", "properties": {"area_ha": 0.143, "dist_km": 0.843, "node": "Suurmetsä", "node_mw": 22, "osm_id": 60708840, "anchor_kind": "demand"}, "geometry": {"type": "Polygon", "coordinates": [[[25.05931, 60.2523], [25.05949, 60.25277], [25.05967, 60.25275], [25.05959, 60.25253], [25.05962, 60.25253], [25.05966, 60.25264], [25.05985, 60.25263], [25.05978, 60.25246], [25.05981, 60.25245], [25.05987, 60.25262], [25.06005, 60.25261], [25.05991, 60.25224], [25.05973, 60.25225], [25.0598, 60.25243], [25.05977, 60.25243], [25.05971, 60.25226], [25.05952, 60.25227], [25.05959, 60.25245], [25.05956, 60.25245], [25.0595, 60.25228], [25.05931, 60.2523]]]}}, {"type": "Feature", "properties": {"area_ha": 0.054, "dist_km": 0.871, "node": "Suurmetsä", "node_mw": 22, "osm_id": 60708843, "anchor_kind": "demand"}, "geometry": {"type": "Polygon", "coordinates": [[[25.06093, 60.25243], [25.06076, 60.25245], [25.06076, 60.25246], [25.06059, 60.25248], [25.06055, 60.25239], [25.06063, 60.25238], [25.06061, 60.25232], [25.06069, 60.25231], [25.06066, 60.25221], [25.06053, 60.25223], [25.06051, 60.25217], [25.06063, 60.25216], [25.06063, 60.25215], [25.06067, 60.25214], [25.06066, 60.25211], [25.06079, 60.2521], [25.06093, 60.25243]]]}}, {"type": "Feature", "properties": {"area_ha": 0.043, "dist_km": 2.604, "node": "Suurmetsä", "node_mw": 22, "osm_id": 60776444, "anchor_kind": "demand"}, "geometry": {"type": "Polygon", "coordinates": [[[25.02703, 60.24212], [25.02762, 60.24232], [25.02773, 60.24224], [25.02715, 60.24204], [25.02703, 60.24212]]]}}, {"type": "Feature", "properties": {"area_ha": 0.217, "dist_km": 0.798, "node": "Suurmetsä", "node_mw": 22, "osm_id": 66177202, "anchor_kind": "demand"}, "geometry": {"type": "Polygon", "coordinates": [[[25.06862, 60.25523], [25.06906, 60.25515], [25.06917, 60.2553], [25.06925, 60.25529], [25.06932, 60.25538], [25.06944, 60.25555], [25.06935, 60.25556], [25.06954, 60.25582], [25.0691, 60.25589], [25.06862, 60.25523]]]}}, {"type": "Feature", "properties": {"area_ha": 0.03, "dist_km": 0.413, "node": "Suurmetsä", "node_mw": 22, "osm_id": 66191765, "anchor_kind": "demand"}, "geometry": {"type": "Polygon", "coordinates": [[[25.06222, 60.25708], [25.06222, 60.25686], [25.06243, 60.25686], [25.06243, 60.25709], [25.06222, 60.25708]]]}}, {"type": "Feature", "properties": {"area_ha": 0.047, "dist_km": 1.462, "node": "Suurmetsä", "node_mw": 22, "osm_id": 67747781, "anchor_kind": "demand"}, "geometry": {"type": "Polygon", "coordinates": [[[25.07506, 60.26999], [25.0751, 60.26985], [25.07564, 60.26989], [25.07561, 60.27002], [25.07506, 60.26999]]]}}, {"type": "Feature", "properties": {"area_ha": 0.416, "dist_km": 1.279, "node": "Suurmetsä", "node_mw": 22, "osm_id": 69906334, "anchor_kind": "demand"}, "geometry": {"type": "Polygon", "coordinates": [[[25.05886, 60.24869], [25.05882, 60.2487], [25.05882, 60.24872], [25.05883, 60.24873], [25.05886, 60.24874], [25.05888, 60.24873], [25.05918, 60.24897], [25.05962, 60.24885], [25.0593, 60.24859], [25.05937, 60.24857], [25.05941, 60.24855], [25.05938, 60.24853], [25.05931, 60.24855], [25.05803, 60.24779], [25.05783, 60.24787], [25.05767, 60.24794], [25.05763, 60.24795], [25.05878, 60.24864], [25.05886, 60.24869]]]}}, {"type": "Feature", "properties": {"area_ha": 0.004, "dist_km": 1.644, "node": "Suurmetsä", "node_mw": 22, "osm_id": 165776537, "anchor_kind": "demand"}, "geometry": {"type": "Polygon", "coordinates": [[[25.08431, 60.25312], [25.08427, 60.25305], [25.08436, 60.25304], [25.0844, 60.25311], [25.08431, 60.25312]]]}}, {"type": "Feature", "properties": {"area_ha": 0.516, "dist_km": 2.485, "node": "Suurmetsä", "node_mw": 22, "osm_id": 177767244, "anchor_kind": "demand"}, "geometry": {"type": "Polygon", "coordinates": [[[25.08648, 60.27685], [25.087, 60.27719], [25.0871, 60.27718], [25.08723, 60.27718], [25.08733, 60.27721], [25.08742, 60.27728], [25.08842, 60.27699], [25.08848, 60.27697], [25.08767, 60.27656], [25.0876, 60.27659], [25.08744, 60.27648], [25.08663, 60.27679], [25.08648, 60.27685]]]}}, {"type": "Feature", "properties": {"area_ha": 0.271, "dist_km": 1.735, "node": "Suurmetsä", "node_mw": 22, "osm_id": 183404627, "anchor_kind": "demand"}, "geometry": {"type": "Polygon", "coordinates": [[[25.07576, 60.27268], [25.07609, 60.27298], [25.07612, 60.27298], [25.07615, 60.273], [25.07622, 60.27307], [25.07677, 60.27292], [25.07667, 60.27283], [25.07654, 60.27286], [25.07622, 60.27257], [25.07618, 60.27259], [25.07593, 60.27217], [25.0755, 60.27223], [25.07576, 60.27268]]]}}, {"type": "Feature", "properties": {"area_ha": 0.065, "dist_km": 1.735, "node": "Suurmetsä", "node_mw": 22, "osm_id": 186813111, "anchor_kind": "demand"}, "geometry": {"type": "Polygon", "coordinates": [[[25.06067, 60.24439], [25.06052, 60.24428], [25.05988, 60.24449], [25.06004, 60.2446], [25.06067, 60.24439]]]}}, {"type": "Feature", "properties": {"area_ha": 0.057, "dist_km": 1.703, "node": "Suurmetsä", "node_mw": 22, "osm_id": 186813112, "anchor_kind": "demand"}, "geometry": {"type": "Polygon", "coordinates": [[[25.06103, 60.24474], [25.06085, 60.24461], [25.06072, 60.24465], [25.06074, 60.24467], [25.06065, 60.24466], [25.06064, 60.2447], [25.06068, 60.2447], [25.06059, 60.24473], [25.06049, 60.24472], [25.06048, 60.24475], [25.06051, 60.24476], [25.06043, 60.24478], [25.06048, 60.24482], [25.06038, 60.24485], [25.06048, 60.24493], [25.06103, 60.24474]]]}}, {"type": "Feature", "properties": {"area_ha": 0.085, "dist_km": 2.014, "node": "Suurmetsä", "node_mw": 22, "osm_id": 190255558, "anchor_kind": "demand"}, "geometry": {"type": "Polygon", "coordinates": [[[25.04568, 60.24275], [25.04525, 60.24307], [25.04554, 60.24317], [25.04598, 60.24285], [25.04568, 60.24275]]]}}, {"type": "Feature", "properties": {"area_ha": 0.063, "dist_km": 1.701, "node": "Suurmetsä", "node_mw": 22, "osm_id": 204913596, "anchor_kind": "demand"}, "geometry": {"type": "Polygon", "coordinates": [[[25.08817, 60.26258], [25.08871, 60.26258], [25.08871, 60.26239], [25.08817, 60.26239], [25.08817, 60.26258]]]}}, {"type": "Feature", "properties": {"area_ha": 0.112, "dist_km": 1.665, "node": "Suurmetsä", "node_mw": 22, "osm_id": 204913630, "anchor_kind": "demand"}, "geometry": {"type": "Polygon", "coordinates": [[[25.08754, 60.26287], [25.08791, 60.26287], [25.08791, 60.26238], [25.08754, 60.26238], [25.08754, 60.26287]]]}}, {"type": "Feature", "properties": {"area_ha": 3.058, "dist_km": 1.804, "node": "Suurmetsä", "node_mw": 22, "osm_id": 204915684, "anchor_kind": "demand"}, "geometry": {"type": "Polygon", "coordinates": [[[25.08923, 60.26188], [25.089, 60.26124], [25.0892, 60.26087], [25.08931, 60.26062], [25.09006, 60.26056], [25.09296, 60.26086], [25.09259, 60.26157], [25.09224, 60.26218], [25.09132, 60.26218], [25.0908, 60.26215], [25.0895, 60.26194], [25.08923, 60.26188]]]}}, {"type": "Feature", "properties": {"area_ha": 1.98, "dist_km": 1.839, "node": "Suurmetsä", "node_mw": 22, "osm_id": 204916047, "anchor_kind": "demand"}, "geometry": {"type": "Polygon", "coordinates": [[[25.08866, 60.26295], [25.09071, 60.26328], [25.09156, 60.26341], [25.09189, 60.26301], [25.09252, 60.26315], [25.09327, 60.26279], [25.0927, 60.26246], [25.0921, 60.26245], [25.09144, 60.26246], [25.09075, 60.26239], [25.09016, 60.26231], [25.08982, 60.26224], [25.08952, 60.2622], [25.0894, 60.26221], [25.08931, 60.26223], [25.08866, 60.26295]]]}}, {"type": "Feature", "properties": {"area_ha": 0.035, "dist_km": 0.172, "node": "Suurmetsä", "node_mw": 22, "osm_id": 205112451, "anchor_kind": "demand"}, "geometry": {"type": "Polygon", "coordinates": [[[25.05486, 60.25935], [25.05481, 60.25945], [25.05533, 60.25952], [25.05539, 60.25941], [25.05486, 60.25935]]]}}, {"type": "Feature", "properties": {"area_ha": 1.444, "dist_km": 2.774, "node": "Suurmetsä", "node_mw": 22, "osm_id": 231260721, "anchor_kind": "demand"}, "geometry": {"type": "Polygon", "coordinates": [[[25.04928, 60.23478], [25.04967, 60.23458], [25.04981, 60.23459], [25.05073, 60.23486], [25.05269, 60.23603], [25.05194, 60.23642], [25.05185, 60.23642], [25.04915, 60.23485], [25.04928, 60.23478]]]}}, {"type": "Feature", "properties": {"area_ha": 0.007, "dist_km": 2.814, "node": "Suurmetsä", "node_mw": 22, "osm_id": 320924720, "anchor_kind": "demand"}, "geometry": {"type": "Polygon", "coordinates": [[[25.07479, 60.28388], [25.07458, 60.28389], [25.07458, 60.28394], [25.0748, 60.28394], [25.07479, 60.28388]]]}}, {"type": "Feature", "properties": {"area_ha": 0.043, "dist_km": 1.266, "node": "Suurmetsä", "node_mw": 22, "osm_id": 329043080, "anchor_kind": "demand"}, "geometry": {"type": "Polygon", "coordinates": [[[25.07345, 60.26844], [25.0735, 60.26822], [25.07382, 60.26824], [25.07377, 60.26846], [25.07345, 60.26844]]]}}, {"type": "Feature", "properties": {"area_ha": 0.769, "dist_km": 2.553, "node": "Suurmetsä", "node_mw": 22, "osm_id": 383996377, "anchor_kind": "demand"}, "geometry": {"type": "Polygon", "coordinates": [[[25.08752, 60.27777], [25.08784, 60.27813], [25.08786, 60.27818], [25.08782, 60.27822], [25.08779, 60.27824], [25.08655, 60.27842], [25.08658, 60.2784], [25.08653, 60.2784], [25.08648, 60.27839], [25.08645, 60.27837], [25.08622, 60.27809], [25.08595, 60.27788], [25.0859, 60.27784], [25.08589, 60.27781], [25.08593, 60.27776], [25.08691, 60.27738], [25.08699, 60.27738], [25.08709, 60.27738], [25.08717, 60.27741], [25.08752, 60.27777]]]}}, {"type": "Feature", "properties": {"area_ha": 0.43, "dist_km": 2.783, "node": "Suurmetsä", "node_mw": 22, "osm_id": 383998251, "anchor_kind": "demand"}, "geometry": {"type": "Polygon", "coordinates": [[[25.08503, 60.28063], [25.08527, 60.28133], [25.08632, 60.2813], [25.08584, 60.28054], [25.08503, 60.28063]]]}}, {"type": "Feature", "properties": {"area_ha": 0.086, "dist_km": 1.524, "node": "Suurmetsä", "node_mw": 22, "osm_id": 444772817, "anchor_kind": "demand"}, "geometry": {"type": "Polygon", "coordinates": [[[25.06264, 60.24668], [25.06251, 60.24653], [25.06334, 60.24636], [25.06346, 60.2465], [25.06264, 60.24668]]]}}, {"type": "Feature", "properties": {"area_ha": 0.072, "dist_km": 1.489, "node": "Suurmetsä", "node_mw": 22, "osm_id": 444772919, "anchor_kind": "demand"}, "geometry": {"type": "Polygon", "coordinates": [[[25.06296, 60.24702], [25.06284, 60.24689], [25.06359, 60.24672], [25.0637, 60.24686], [25.06296, 60.24702]]]}}, {"type": "Feature", "properties": {"area_ha": 0.172, "dist_km": 1.554, "node": "Suurmetsä", "node_mw": 22, "osm_id": 444773407, "anchor_kind": "demand"}, "geometry": {"type": "Polygon", "coordinates": [[[25.06121, 60.24582], [25.06146, 60.24601], [25.06045, 60.24636], [25.06019, 60.24617], [25.06121, 60.24582]]]}}, {"type": "Feature", "properties": {"area_ha": 0.479, "dist_km": 1.715, "node": "Suurmetsä", "node_mw": 22, "osm_id": 521804568, "anchor_kind": "demand"}, "geometry": {"type": "Polygon", "coordinates": [[[25.05864, 60.24398], [25.05722, 60.24447], [25.05771, 60.24483], [25.05783, 60.24479], [25.05789, 60.24484], [25.05825, 60.24471], [25.05819, 60.24467], [25.05914, 60.24434], [25.05864, 60.24398]]]}}, {"type": "Feature", "properties": {"area_ha": 0.117, "dist_km": 1.774, "node": "Suurmetsä", "node_mw": 22, "osm_id": 521804569, "anchor_kind": "demand"}, "geometry": {"type": "Polygon", "coordinates": [[[25.05956, 60.24428], [25.06031, 60.24403], [25.06007, 60.24386], [25.05932, 60.24411], [25.05956, 60.24428]]]}}, {"type": "Feature", "properties": {"area_ha": 0.101, "dist_km": 1.192, "node": "Suurmetsä", "node_mw": 22, "osm_id": 549686016, "anchor_kind": "demand"}, "geometry": {"type": "Polygon", "coordinates": [[[25.06026, 60.24918], [25.05959, 60.24923], [25.05966, 60.24947], [25.06033, 60.24942], [25.06026, 60.24918]]]}}, {"type": "Feature", "properties": {"area_ha": 0.079, "dist_km": 1.463, "node": "Suurmetsä", "node_mw": 22, "osm_id": 550168242, "anchor_kind": "demand"}, "geometry": {"type": "Polygon", "coordinates": [[[25.06399, 60.24709], [25.06334, 60.24731], [25.06315, 60.24718], [25.0638, 60.24695], [25.06399, 60.24709]]]}}, {"type": "Feature", "properties": {"area_ha": 0.166, "dist_km": 1.652, "node": "Suurmetsä", "node_mw": 22, "osm_id": 575071470, "anchor_kind": "demand"}, "geometry": {"type": "Polygon", "coordinates": [[[25.05411, 60.24487], [25.05384, 60.24496], [25.05481, 60.24562], [25.05507, 60.24552], [25.05411, 60.24487]]]}}, {"type": "Feature", "properties": {"area_ha": 0.14, "dist_km": 1.531, "node": "Suurmetsä", "node_mw": 22, "osm_id": 575071472, "anchor_kind": "demand"}, "geometry": {"type": "Polygon", "coordinates": [[[25.06155, 60.24607], [25.06053, 60.24642], [25.06074, 60.24657], [25.06176, 60.24622], [25.06155, 60.24607]]]}}, {"type": "Feature", "properties": {"area_ha": 0.053, "dist_km": 0.826, "node": "Suurmetsä", "node_mw": 22, "osm_id": 614196156, "anchor_kind": "demand"}, "geometry": {"type": "Polygon", "coordinates": [[[25.05662, 60.25281], [25.05683, 60.25279], [25.05667, 60.25239], [25.05646, 60.25241], [25.05662, 60.25281]]]}}, {"type": "Feature", "properties": {"area_ha": 0.036, "dist_km": 0.173, "node": "Suurmetsä", "node_mw": 22, "osm_id": 614196160, "anchor_kind": "demand"}, "geometry": {"type": "Polygon", "coordinates": [[[25.06055, 60.25916], [25.06106, 60.25926], [25.06098, 60.25936], [25.06047, 60.25925], [25.06055, 60.25916]]]}}, {"type": "Feature", "properties": {"area_ha": 0.036, "dist_km": 0.183, "node": "Suurmetsä", "node_mw": 22, "osm_id": 614233916, "anchor_kind": "demand"}, "geometry": {"type": "Polygon", "coordinates": [[[25.06064, 60.25905], [25.06115, 60.25915], [25.06106, 60.25925], [25.06055, 60.25915], [25.06064, 60.25905]]]}}, {"type": "Feature", "properties": {"area_ha": 0.097, "dist_km": 1.552, "node": "Suurmetsä", "node_mw": 22, "osm_id": 618149705, "anchor_kind": "demand"}, "geometry": {"type": "Polygon", "coordinates": [[[25.06228, 60.24625], [25.06242, 60.24642], [25.06323, 60.24624], [25.06309, 60.24608], [25.06228, 60.24625]]]}}, {"type": "Feature", "properties": {"area_ha": 0.091, "dist_km": 1.462, "node": "Suurmetsä", "node_mw": 22, "osm_id": 618149707, "anchor_kind": "demand"}, "geometry": {"type": "Polygon", "coordinates": [[[25.06143, 60.24703], [25.06237, 60.24683], [25.06249, 60.24696], [25.06155, 60.24717], [25.06143, 60.24703]]]}}, {"type": "Feature", "properties": {"area_ha": 2.176, "dist_km": 2.255, "node": "Suurmetsä", "node_mw": 22, "osm_id": 639181980, "anchor_kind": "demand"}, "geometry": {"type": "Polygon", "coordinates": [[[25.05213, 60.23983], [25.05201, 60.23922], [25.05184, 60.23921], [25.05083, 60.23936], [25.05049, 60.23946], [25.04972, 60.23968], [25.04965, 60.2397], [25.04958, 60.23973], [25.04951, 60.23976], [25.04942, 60.23981], [25.04938, 60.23984], [25.04936, 60.23986], [25.04934, 60.23989], [25.04933, 60.23991], [25.04932, 60.23994], [25.04933, 60.23996], [25.04933, 60.23998], [25.04935, 60.24], [25.04937, 60.24003], [25.04939, 60.24004], [25.04942, 60.24006], [25.04946, 60.24008], [25.05059, 60.24051], [25.05193, 60.24098], [25.05235, 60.2411], [25.05242, 60.24104], [25.05253, 60.24095], [25.05271, 60.24072], [25.05268, 60.24058], [25.0526, 60.24042], [25.05237, 60.24011], [25.0523, 60.24003], [25.05213, 60.23983]]]}}, {"type": "Feature", "properties": {"area_ha": 1.216, "dist_km": 0.852, "node": "Suurmetsä", "node_mw": 22, "osm_id": 701076303, "anchor_kind": "demand"}, "geometry": {"type": "Polygon", "coordinates": [[[25.06961, 60.25582], [25.06956, 60.25535], [25.06959, 60.25507], [25.06964, 60.25478], [25.06974, 60.25453], [25.06991, 60.25425], [25.06967, 60.25421], [25.06947, 60.25421], [25.06936, 60.25424], [25.06929, 60.25431], [25.06914, 60.25469], [25.06925, 60.25485], [25.06907, 60.25488], [25.06897, 60.25472], [25.06895, 60.25465], [25.06914, 60.25431], [25.06897, 60.25435], [25.0687, 60.25393], [25.068, 60.25403], [25.06819, 60.25456], [25.06848, 60.25507], [25.06859, 60.25526], [25.06903, 60.25592], [25.06961, 60.25582]]]}}, {"type": "Feature", "properties": {"area_ha": 2.167, "dist_km": 1.026, "node": "Suurmetsä", "node_mw": 22, "osm_id": 701076304, "anchor_kind": "demand"}, "geometry": {"type": "Polygon", "coordinates": [[[25.07278, 60.26588], [25.07251, 60.26578], [25.07258, 60.26391], [25.07258, 60.26384], [25.07306, 60.26378], [25.0732, 60.26382], [25.07336, 60.26401], [25.07355, 60.26444], [25.07387, 60.2648], [25.07407, 60.26501], [25.07527, 60.26558], [25.07538, 60.26578], [25.07518, 60.26603], [25.07502, 60.26606], [25.07278, 60.26588]]]}}, {"type": "Feature", "properties": {"area_ha": 2.428, "dist_km": 1.711, "node": "Suurmetsä", "node_mw": 22, "osm_id": 701076306, "anchor_kind": "demand"}, "geometry": {"type": "Polygon", "coordinates": [[[25.07689, 60.27301], [25.07695, 60.27296], [25.07692, 60.27293], [25.07645, 60.27257], [25.07649, 60.27248], [25.07703, 60.27286], [25.07709, 60.27289], [25.07717, 60.2729], [25.07725, 60.27288], [25.07819, 60.27228], [25.07821, 60.27224], [25.07819, 60.2722], [25.07755, 60.27188], [25.07738, 60.27177], [25.07723, 60.27168], [25.07697, 60.27149], [25.07665, 60.27127], [25.07631, 60.27107], [25.07541, 60.27141], [25.07506, 60.27151], [25.07469, 60.27168], [25.07489, 60.27182], [25.0751, 60.27201], [25.07532, 60.27232], [25.07557, 60.2727], [25.07579, 60.27292], [25.0761, 60.27317], [25.07615, 60.2732], [25.07622, 60.27322], [25.0763, 60.27321], [25.07689, 60.27301]]]}}, {"type": "Feature", "properties": {"area_ha": 0.09, "dist_km": 1.437, "node": "Suurmetsä", "node_mw": 22, "osm_id": 744348388, "anchor_kind": "demand"}, "geometry": {"type": "Polygon", "coordinates": [[[25.06271, 60.24721], [25.0625, 60.24706], [25.06183, 60.2473], [25.06203, 60.24744], [25.06271, 60.24721]]]}}, {"type": "Feature", "properties": {"area_ha": 0.131, "dist_km": 1.493, "node": "Suurmetsä", "node_mw": 22, "osm_id": 744348389, "anchor_kind": "demand"}, "geometry": {"type": "Polygon", "coordinates": [[[25.06226, 60.24671], [25.06208, 60.24651], [25.06119, 60.2467], [25.06137, 60.2469], [25.06226, 60.24671]]]}}, {"type": "Feature", "properties": {"area_ha": 1.988, "dist_km": 2.021, "node": "Suurmetsä", "node_mw": 22, "osm_id": 771040882, "anchor_kind": "demand"}, "geometry": {"type": "Polygon", "coordinates": [[[25.05701, 60.2427], [25.05705, 60.24268], [25.05827, 60.24204], [25.05832, 60.24201], [25.05759, 60.24162], [25.05599, 60.24147], [25.05584, 60.24146], [25.05508, 60.2412], [25.0536, 60.24152], [25.05434, 60.24177], [25.05701, 60.2427]]]}}, {"type": "Feature", "properties": {"area_ha": 8.028, "dist_km": 2.574, "node": "Suurmetsä", "node_mw": 22, "osm_id": 771042230, "anchor_kind": "demand"}, "geometry": {"type": "Polygon", "coordinates": [[[25.05087, 60.23814], [25.05126, 60.23733], [25.05218, 60.23685], [25.04997, 60.23557], [25.04903, 60.23503], [25.04879, 60.23504], [25.04859, 60.2352], [25.04855, 60.23523], [25.0482, 60.23551], [25.04766, 60.23595], [25.04733, 60.23623], [25.04726, 60.2363], [25.0472, 60.23639], [25.04714, 60.23647], [25.04706, 60.23657], [25.04694, 60.23674], [25.04684, 60.23693], [25.04679, 60.23705], [25.04675, 60.23719], [25.0467, 60.23737], [25.04668, 60.2376], [25.04669, 60.23785], [25.04675, 60.23809], [25.04683, 60.2383], [25.04685, 60.23836], [25.04687, 60.23839], [25.04689, 60.23843], [25.0469, 60.23848], [25.04695, 60.23858], [25.04703, 60.2387], [25.04708, 60.23879], [25.04723, 60.23895], [25.04735, 60.23906], [25.04749, 60.23918], [25.04757, 60.23923], [25.04761, 60.23926], [25.04878, 60.23892], [25.04831, 60.23852], [25.05087, 60.23814]]]}}, {"type": "Feature", "properties": {"area_ha": 0.05, "dist_km": 2.334, "node": "Suurmetsä", "node_mw": 22, "osm_id": 814595882, "anchor_kind": "demand"}, "geometry": {"type": "Polygon", "coordinates": [[[25.04889, 60.23936], [25.04911, 60.2393], [25.04944, 60.23958], [25.04922, 60.23964], [25.04889, 60.23936]]]}}, {"type": "Feature", "properties": {"area_ha": 0.069, "dist_km": 2.325, "node": "Suurmetsä", "node_mw": 22, "osm_id": 814595883, "anchor_kind": "demand"}, "geometry": {"type": "Polygon", "coordinates": [[[25.04867, 60.23963], [25.04857, 60.23966], [25.0484, 60.23951], [25.04874, 60.23941], [25.04907, 60.23969], [25.04882, 60.23976], [25.04867, 60.23963]]]}}, {"type": "Feature", "properties": {"area_ha": 0.041, "dist_km": 2.186, "node": "Suurmetsä", "node_mw": 22, "osm_id": 928934308, "anchor_kind": "demand"}, "geometry": {"type": "Polygon", "coordinates": [[[25.05079, 60.24057], [25.05149, 60.24081], [25.05159, 60.24075], [25.05134, 60.24066], [25.05136, 60.24065], [25.05125, 60.24061], [25.05108, 60.24055], [25.05102, 60.24059], [25.05085, 60.24053], [25.05079, 60.24057]]]}}, {"type": "Feature", "properties": {"area_ha": 0.025, "dist_km": 2.232, "node": "Suurmetsä", "node_mw": 22, "osm_id": 928934310, "anchor_kind": "demand"}, "geometry": {"type": "Polygon", "coordinates": [[[25.05209, 60.24024], [25.05197, 60.24007], [25.05219, 60.24003], [25.05231, 60.2402], [25.05209, 60.24024]]]}}, {"type": "Feature", "properties": {"area_ha": 0.016, "dist_km": 2.217, "node": "Suurmetsä", "node_mw": 22, "osm_id": 928934312, "anchor_kind": "demand"}, "geometry": {"type": "Polygon", "coordinates": [[[25.05162, 60.24038], [25.05167, 60.2404], [25.05183, 60.24029], [25.05167, 60.24024], [25.05161, 60.24028], [25.05162, 60.24029], [25.0516, 60.2403], [25.05156, 60.24029], [25.05149, 60.24033], [25.05162, 60.24038]]]}}, {"type": "Feature", "properties": {"area_ha": 0.078, "dist_km": 1.414, "node": "Suurmetsä", "node_mw": 22, "osm_id": 929107552, "anchor_kind": "demand"}, "geometry": {"type": "Polygon", "coordinates": [[[25.06303, 60.24743], [25.06285, 60.24731], [25.06216, 60.24755], [25.06234, 60.24767], [25.06283, 60.2475], [25.06303, 60.24743]]]}}, {"type": "Feature", "properties": {"area_ha": 0.932, "dist_km": 1.855, "node": "Suurmetsä", "node_mw": 22, "osm_id": 962952025, "anchor_kind": "demand"}, "geometry": {"type": "Polygon", "coordinates": [[[25.07724, 60.27316], [25.07717, 60.27314], [25.07713, 60.27313], [25.07706, 60.27314], [25.07651, 60.27338], [25.07645, 60.27341], [25.07642, 60.27343], [25.07643, 60.27347], [25.07678, 60.27376], [25.07729, 60.27423], [25.07774, 60.27462], [25.0786, 60.27433], [25.07845, 60.27422], [25.07847, 60.27406], [25.07724, 60.27316]]]}}, {"type": "Feature", "properties": {"area_ha": 2.17, "dist_km": 1.889, "node": "Suurmetsä", "node_mw": 22, "osm_id": 962952026, "anchor_kind": "demand"}, "geometry": {"type": "Polygon", "coordinates": [[[25.07897, 60.27425], [25.07994, 60.27392], [25.08036, 60.27414], [25.08092, 60.27393], [25.08135, 60.27377], [25.08091, 60.27354], [25.08065, 60.27363], [25.08018, 60.27339], [25.08034, 60.27333], [25.07942, 60.27287], [25.07898, 60.2726], [25.07849, 60.27236], [25.0784, 60.27238], [25.07835, 60.2724], [25.07738, 60.27302], [25.07735, 60.27306], [25.07737, 60.27309], [25.07897, 60.27425]]]}}, {"type": "Feature", "properties": {"area_ha": 0.892, "dist_km": 1.474, "node": "Suurmetsä", "node_mw": 22, "osm_id": 962952031, "anchor_kind": "demand"}, "geometry": {"type": "Polygon", "coordinates": [[[25.07387, 60.27124], [25.07431, 60.27109], [25.07459, 60.27122], [25.07572, 60.27078], [25.07505, 60.27057], [25.07477, 60.27049], [25.07482, 60.27028], [25.07403, 60.27022], [25.07385, 60.27022], [25.07357, 60.27022], [25.07355, 60.27023], [25.07351, 60.27024], [25.07349, 60.27025], [25.07349, 60.27026], [25.07352, 60.27067], [25.07358, 60.27092], [25.07367, 60.27108], [25.07387, 60.27124]]]}}, {"type": "Feature", "properties": {"area_ha": 2.523, "dist_km": 1.376, "node": "Suurmetsä", "node_mw": 22, "osm_id": 962952032, "anchor_kind": "demand"}, "geometry": {"type": "Polygon", "coordinates": [[[25.0756, 60.2701], [25.0758, 60.26934], [25.07578, 60.26924], [25.0757, 60.26915], [25.07532, 60.26877], [25.07524, 60.26871], [25.07515, 60.26868], [25.07505, 60.26866], [25.07349, 60.26857], [25.07307, 60.26863], [25.07282, 60.26854], [25.07283, 60.26849], [25.07221, 60.26846], [25.07333, 60.26992], [25.0734, 60.26997], [25.07346, 60.27], [25.0736, 60.27002], [25.07433, 60.2701], [25.07541, 60.27017], [25.07551, 60.27017], [25.07557, 60.27014], [25.0756, 60.2701]]]}}, {"type": "Feature", "properties": {"area_ha": 2.037, "dist_km": 1.232, "node": "Suurmetsä", "node_mw": 22, "osm_id": 962952033, "anchor_kind": "demand"}, "geometry": {"type": "Polygon", "coordinates": [[[25.07301, 60.26846], [25.07487, 60.26857], [25.07495, 60.26856], [25.07501, 60.26854], [25.07503, 60.2685], [25.07459, 60.26806], [25.07459, 60.26791], [25.07464, 60.26744], [25.07463, 60.26741], [25.07458, 60.26738], [25.07453, 60.26737], [25.07418, 60.26734], [25.07359, 60.2673], [25.07321, 60.26727], [25.07302, 60.26725], [25.07261, 60.26722], [25.07176, 60.26714], [25.07203, 60.26808], [25.07219, 60.26841], [25.07285, 60.26845], [25.07301, 60.26846]]]}}, {"type": "Feature", "properties": {"area_ha": 1.89, "dist_km": 1.405, "node": "Suurmetsä", "node_mw": 22, "osm_id": 962952034, "anchor_kind": "demand"}, "geometry": {"type": "Polygon", "coordinates": [[[25.07708, 60.26977], [25.07715, 60.26938], [25.07695, 60.26896], [25.07606, 60.26813], [25.07613, 60.2675], [25.07487, 60.26739], [25.07482, 60.26796], [25.07483, 60.26803], [25.07488, 60.2681], [25.07599, 60.26918], [25.07604, 60.26926], [25.07603, 60.26935], [25.07585, 60.27008], [25.07586, 60.27011], [25.07594, 60.27012], [25.07702, 60.26999], [25.07708, 60.26977]]]}}, {"type": "Feature", "properties": {"area_ha": 0.248, "dist_km": 2.315, "node": "Suurmetsä", "node_mw": 22, "osm_id": 974025374, "anchor_kind": "demand"}, "geometry": {"type": "Polygon", "coordinates": [[[25.04959, 60.2396], [25.0492, 60.23927], [25.04819, 60.23957], [25.04859, 60.23973], [25.04875, 60.23979], [25.0488, 60.2398], [25.0489, 60.2398], [25.04898, 60.2398], [25.04908, 60.23977], [25.04959, 60.2396]]]}}, {"type": "Feature", "properties": {"area_ha": 1.461, "dist_km": 1.682, "node": "Suurmetsä", "node_mw": 22, "osm_id": 984427175, "anchor_kind": "demand"}, "geometry": {"type": "Polygon", "coordinates": [[[25.0891, 60.26202], [25.08787, 60.26141], [25.08704, 60.26181], [25.08711, 60.26249], [25.08731, 60.26313], [25.08854, 60.26285], [25.08918, 60.26216], [25.08917, 60.26209], [25.0891, 60.26202]]]}}, {"type": "Feature", "properties": {"area_ha": 0.246, "dist_km": 2.227, "node": "Suurmetsä", "node_mw": 22, "osm_id": 984427201, "anchor_kind": "demand"}, "geometry": {"type": "Polygon", "coordinates": [[[25.08976, 60.27262], [25.08933, 60.27226], [25.08937, 60.27216], [25.08977, 60.27205], [25.09003, 60.27227], [25.09043, 60.27215], [25.09068, 60.27236], [25.08976, 60.27262]]]}}, {"type": "Feature", "properties": {"area_ha": 0.866, "dist_km": 2.527, "node": "Suurmetsä", "node_mw": 22, "osm_id": 984461483, "anchor_kind": "demand"}, "geometry": {"type": "Polygon", "coordinates": [[[25.08406, 60.27909], [25.08609, 60.27837], [25.0859, 60.27815], [25.08571, 60.27802], [25.08552, 60.27792], [25.0854, 60.2779], [25.0835, 60.27863], [25.08406, 60.27909]]]}}, {"type": "Feature", "properties": {"area_ha": 0.958, "dist_km": 2.675, "node": "Suurmetsä", "node_mw": 22, "osm_id": 984461487, "anchor_kind": "demand"}, "geometry": {"type": "Polygon", "coordinates": [[[25.08239, 60.28048], [25.08323, 60.28028], [25.08329, 60.28026], [25.08469, 60.27995], [25.08481, 60.27997], [25.08545, 60.28024], [25.08555, 60.28053], [25.08251, 60.28083], [25.08251, 60.28078], [25.08239, 60.28048]]]}}, {"type": "Feature", "properties": {"area_ha": 2.634, "dist_km": 3.128, "node": "Suurmetsä", "node_mw": 22, "osm_id": 984648730, "anchor_kind": "demand"}, "geometry": {"type": "Polygon", "coordinates": [[[25.0822, 60.28616], [25.08352, 60.28587], [25.08286, 60.28485], [25.08211, 60.28444], [25.08194, 60.28444], [25.08127, 60.28446], [25.08026, 60.28459], [25.08078, 60.28618], [25.08083, 60.28625], [25.08089, 60.28629], [25.08164, 60.28627], [25.08188, 60.28624], [25.08205, 60.28617], [25.0822, 60.28616]]]}}, {"type": "Feature", "properties": {"area_ha": 0.156, "dist_km": 2.978, "node": "Suurmetsä", "node_mw": 22, "osm_id": 997866250, "anchor_kind": "demand"}, "geometry": {"type": "Polygon", "coordinates": [[[25.08901, 60.28208], [25.08862, 60.28178], [25.08876, 60.28175], [25.08966, 60.28176], [25.08963, 60.28202], [25.08901, 60.28208]]]}}, {"type": "Feature", "properties": {"area_ha": 0.755, "dist_km": 1.233, "node": "Suurmetsä", "node_mw": 22, "osm_id": 1007203577, "anchor_kind": "demand"}, "geometry": {"type": "Polygon", "coordinates": [[[25.06592, 60.24961], [25.06723, 60.24915], [25.06806, 60.24974], [25.06659, 60.25024], [25.0663, 60.25002], [25.06612, 60.24988], [25.06604, 60.24972], [25.06592, 60.24961]]]}}, {"type": "Feature", "properties": {"area_ha": 0.13, "dist_km": 1.805, "node": "Suurmetsä", "node_mw": 22, "osm_id": 1015916847, "anchor_kind": "demand"}, "geometry": {"type": "Polygon", "coordinates": [[[25.05807, 60.24357], [25.05658, 60.24407], [25.05644, 60.24398], [25.05793, 60.24347], [25.05807, 60.24357]]]}}, {"type": "Feature", "properties": {"area_ha": 0.256, "dist_km": 1.789, "node": "Suurmetsä", "node_mw": 22, "osm_id": 1015916848, "anchor_kind": "demand"}, "geometry": {"type": "Polygon", "coordinates": [[[25.05818, 60.24374], [25.05819, 60.24375], [25.05823, 60.24373], [25.05828, 60.24377], [25.05833, 60.24376], [25.05853, 60.2439], [25.05704, 60.24441], [25.05678, 60.24422], [25.05818, 60.24374]]]}}, {"type": "Feature", "properties": {"area_ha": 0.193, "dist_km": 0.426, "node": "Suurmetsä", "node_mw": 22, "osm_id": 1030056405, "anchor_kind": "demand"}, "geometry": {"type": "Polygon", "coordinates": [[[25.06175, 60.25636], [25.06175, 60.25672], [25.06088, 60.25672], [25.06088, 60.25636], [25.06175, 60.25636]]]}}, {"type": "Feature", "properties": {"area_ha": 0.19, "dist_km": 1.863, "node": "Suurmetsä", "node_mw": 22, "osm_id": 1086053868, "anchor_kind": "demand"}, "geometry": {"type": "Polygon", "coordinates": [[[25.09148, 60.26335], [25.09176, 60.26293], [25.09123, 60.26284], [25.09114, 60.26282], [25.091, 60.26304], [25.09089, 60.26302], [25.09076, 60.26321], [25.09127, 60.2633], [25.09126, 60.26332], [25.09148, 60.26335]]]}}, {"type": "Feature", "properties": {"area_ha": 0.14, "dist_km": 1.869, "node": "Suurmetsä", "node_mw": 22, "osm_id": 1086053869, "anchor_kind": "demand"}, "geometry": {"type": "Polygon", "coordinates": [[[25.09176, 60.26293], [25.09197, 60.26261], [25.09158, 60.26255], [25.0916, 60.26252], [25.0911, 60.26244], [25.09101, 60.26257], [25.09152, 60.26265], [25.09146, 60.26274], [25.09131, 60.26272], [25.09123, 60.26284], [25.09176, 60.26293]]]}}, {"type": "Feature", "properties": {"area_ha": 0.393, "dist_km": 1.291, "node": "Suurmetsä", "node_mw": 22, "osm_id": 1103388166, "anchor_kind": "demand"}, "geometry": {"type": "Polygon", "coordinates": [[[25.08127, 60.25807], [25.0812, 60.25805], [25.08058, 60.2578], [25.0805, 60.25777], [25.08044, 60.25774], [25.08031, 60.25768], [25.08024, 60.25765], [25.08074, 60.25747], [25.08114, 60.25732], [25.08137, 60.25731], [25.08161, 60.25754], [25.08176, 60.25779], [25.08127, 60.25807]]]}}, {"type": "Feature", "properties": {"area_ha": 4.29, "dist_km": 0.228, "node": "Suurmetsä", "node_mw": 22, "osm_id": 1103414078, "anchor_kind": "demand"}, "geometry": {"type": "Polygon", "coordinates": [[[25.0591, 60.26266], [25.05976, 60.26281], [25.06044, 60.26286], [25.0606, 60.26275], [25.06118, 60.26269], [25.0618, 60.26192], [25.06228, 60.26131], [25.06264, 60.26086], [25.06287, 60.26058], [25.06309, 60.2603], [25.06274, 60.26025], [25.06296, 60.25998], [25.06332, 60.25948], [25.06179, 60.25919], [25.06099, 60.26022], [25.06077, 60.2605], [25.06069, 60.26061], [25.06048, 60.26087], [25.05995, 60.26156], [25.0591, 60.26266]]]}}, {"type": "Feature", "properties": {"area_ha": 0.377, "dist_km": 0.279, "node": "Suurmetsä", "node_mw": 22, "osm_id": 1103414079, "anchor_kind": "demand"}, "geometry": {"type": "Polygon", "coordinates": [[[25.06215, 60.25895], [25.06205, 60.25915], [25.06217, 60.25916], [25.06253, 60.25922], [25.06297, 60.25928], [25.06305, 60.2593], [25.06343, 60.25935], [25.06366, 60.25892], [25.06333, 60.25888], [25.06267, 60.2588], [25.06261, 60.2588], [25.06233, 60.25877], [25.06227, 60.25881], [25.0622, 60.25883], [25.06217, 60.2589], [25.06215, 60.25895]]]}}, {"type": "Feature", "properties": {"area_ha": 7.226, "dist_km": 0.485, "node": "Suurmetsä", "node_mw": 22, "osm_id": 1103414080, "anchor_kind": "demand"}, "geometry": {"type": "Polygon", "coordinates": [[[25.06193, 60.25839], [25.06185, 60.25577], [25.06183, 60.25559], [25.06079, 60.25298], [25.06075, 60.25291], [25.06066, 60.25289], [25.05968, 60.25299], [25.05971, 60.25307], [25.05867, 60.25318], [25.0597, 60.25577], [25.05965, 60.25802], [25.05966, 60.25818], [25.05971, 60.25822], [25.05981, 60.25824], [25.06166, 60.25847], [25.06183, 60.25845], [25.06193, 60.25839]]]}}, {"type": "Feature", "properties": {"area_ha": 6.17, "dist_km": 0.358, "node": "Suurmetsä", "node_mw": 22, "osm_id": 1103414081, "anchor_kind": "demand"}, "geometry": {"type": "Polygon", "coordinates": [[[25.05942, 60.25807], [25.05942, 60.25796], [25.05942, 60.25791], [25.05942, 60.25773], [25.05941, 60.25585], [25.05938, 60.25567], [25.05839, 60.2532], [25.0563, 60.25342], [25.05725, 60.25585], [25.05727, 60.25779], [25.05732, 60.2578], [25.05741, 60.25781], [25.05787, 60.25787], [25.05931, 60.25806], [25.05942, 60.25807]]]}}, {"type": "Feature", "properties": {"area_ha": 3.712, "dist_km": 0.582, "node": "Suurmetsä", "node_mw": 22, "osm_id": 1103414083, "anchor_kind": "demand"}, "geometry": {"type": "Polygon", "coordinates": [[[25.06215, 60.25834], [25.06322, 60.25835], [25.06321, 60.2556], [25.06312, 60.2553], [25.06208, 60.25275], [25.06113, 60.25285], [25.06105, 60.25291], [25.06213, 60.25561], [25.06215, 60.25834]]]}}, {"type": "Feature", "properties": {"area_ha": 6.594, "dist_km": 0.535, "node": "Suurmetsä", "node_mw": 22, "osm_id": 1103414084, "anchor_kind": "demand"}, "geometry": {"type": "Polygon", "coordinates": [[[25.05618, 60.25314], [25.05604, 60.25279], [25.05475, 60.25298], [25.05451, 60.25317], [25.05528, 60.25502], [25.05563, 60.255], [25.05574, 60.25526], [25.05391, 60.25665], [25.05378, 60.25651], [25.05332, 60.25648], [25.05319, 60.25659], [25.05273, 60.2565], [25.05211, 60.25645], [25.05151, 60.2565], [25.0515, 60.25652], [25.05138, 60.25676], [25.05134, 60.25685], [25.05126, 60.25684], [25.05119, 60.25704], [25.05176, 60.25717], [25.05197, 60.25712], [25.05699, 60.25775], [25.05696, 60.25584], [25.05598, 60.25338], [25.05603, 60.25326], [25.05618, 60.25314]]]}}, {"type": "Feature", "properties": {"area_ha": 2.312, "dist_km": 0.846, "node": "Suurmetsä", "node_mw": 22, "osm_id": 1103414085, "anchor_kind": "demand"}, "geometry": {"type": "Polygon", "coordinates": [[[25.06119, 60.25193], [25.06065, 60.25197], [25.05984, 60.25205], [25.05934, 60.25209], [25.0563, 60.25236], [25.05617, 60.25244], [25.05639, 60.25297], [25.05645, 60.25312], [25.06147, 60.25262], [25.06119, 60.25193]]]}}, {"type": "Feature", "properties": {"area_ha": 2.608, "dist_km": 1.312, "node": "Suurmetsä", "node_mw": 22, "osm_id": 1103422289, "anchor_kind": "demand"}, "geometry": {"type": "Polygon", "coordinates": [[[25.05309, 60.24741], [25.05296, 60.24741], [25.05177, 60.24752], [25.05186, 60.2478], [25.05175, 60.24784], [25.05182, 60.24819], [25.05193, 60.24845], [25.05217, 60.24852], [25.05247, 60.24924], [25.05265, 60.24973], [25.05278, 60.24988], [25.05422, 60.24973], [25.05444, 60.24967], [25.05398, 60.24807], [25.05324, 60.24794], [25.05309, 60.24741]]]}}, {"type": "Feature", "properties": {"area_ha": 1.417, "dist_km": 1.286, "node": "Suurmetsä", "node_mw": 22, "osm_id": 1103422290, "anchor_kind": "demand"}, "geometry": {"type": "Polygon", "coordinates": [[[25.05501, 60.24782], [25.05452, 60.24798], [25.05432, 60.24805], [25.05426, 60.24814], [25.0544, 60.24867], [25.05454, 60.24922], [25.05469, 60.24929], [25.05474, 60.24952], [25.05618, 60.24939], [25.05565, 60.24795], [25.0552, 60.24786], [25.05501, 60.24782]]]}}, {"type": "Feature", "properties": {"area_ha": 2.053, "dist_km": 1.306, "node": "Suurmetsä", "node_mw": 22, "osm_id": 1103422995, "anchor_kind": "demand"}, "geometry": {"type": "Polygon", "coordinates": [[[25.05752, 60.24805], [25.0581, 60.24833], [25.0587, 60.24872], [25.05958, 60.24948], [25.06037, 60.24943], [25.06024, 60.24897], [25.06025, 60.24891], [25.06019, 60.24865], [25.06013, 60.2486], [25.05984, 60.24801], [25.05967, 60.24781], [25.05955, 60.24768], [25.05898, 60.24723], [25.0589, 60.24714], [25.05849, 60.24736], [25.05745, 60.24792], [25.05752, 60.24805]]]}}, {"type": "Feature", "properties": {"area_ha": 0.073, "dist_km": 0.266, "node": "Suurmetsä", "node_mw": 22, "osm_id": 1146972086, "anchor_kind": "demand"}, "geometry": {"type": "Polygon", "coordinates": [[[25.05928, 60.25757], [25.05844, 60.25757], [25.05844, 60.25772], [25.05928, 60.25772], [25.05928, 60.25757]]]}}, {"type": "Feature", "properties": {"area_ha": 0.097, "dist_km": 0.251, "node": "Suurmetsä", "node_mw": 22, "osm_id": 1146972089, "anchor_kind": "demand"}, "geometry": {"type": "Polygon", "coordinates": [[[25.06208, 60.26015], [25.06197, 60.26029], [25.06294, 60.26048], [25.06305, 60.26034], [25.06208, 60.26015]]]}}, {"type": "Feature", "properties": {"area_ha": 0.133, "dist_km": 1.275, "node": "Suurmetsä", "node_mw": 22, "osm_id": 1212127633, "anchor_kind": "demand"}, "geometry": {"type": "Polygon", "coordinates": [[[25.07345, 60.26898], [25.07351, 60.26875], [25.07278, 60.2687], [25.07268, 60.26856], [25.07247, 60.26859], [25.07271, 60.26891], [25.07345, 60.26898]]]}}, {"type": "Feature", "properties": {"area_ha": 0.067, "dist_km": 0.378, "node": "Suurmetsä", "node_mw": 22, "osm_id": 1292138440, "anchor_kind": "demand"}, "geometry": {"type": "Polygon", "coordinates": [[[25.05086, 60.25939], [25.05161, 60.25949], [25.05168, 60.25936], [25.05093, 60.25926], [25.05086, 60.25939]]]}}, {"type": "Feature", "properties": {"area_ha": 0.12, "dist_km": 2.435, "node": "Suurmetsä", "node_mw": 22, "osm_id": 1314607545, "anchor_kind": "demand"}, "geometry": {"type": "Polygon", "coordinates": [[[25.10233, 60.2592], [25.10255, 60.25894], [25.10217, 60.25883], [25.10179, 60.25893], [25.10162, 60.25907], [25.10233, 60.2592]]]}}, {"type": "Feature", "properties": {"area_ha": 0.015, "dist_km": 0.289, "node": "Suurmetsä", "node_mw": 22, "osm_id": 1320699500, "anchor_kind": "demand"}, "geometry": {"type": "Polygon", "coordinates": [[[25.06314, 60.25995], [25.06332, 60.25996], [25.06335, 60.25983], [25.06316, 60.25983], [25.06314, 60.25995]]]}}, {"type": "Feature", "properties": {"area_ha": 1.116, "dist_km": 2.653, "node": "Suurmetsä", "node_mw": 22, "osm_id": 1342088763, "anchor_kind": "demand"}, "geometry": {"type": "Polygon", "coordinates": [[[25.0233, 60.24388], [25.02384, 60.24383], [25.02431, 60.24374], [25.02461, 60.24359], [25.02454, 60.24336], [25.02451, 60.24323], [25.02441, 60.24322], [25.02425, 60.24237], [25.02329, 60.24244], [25.02294, 60.24255], [25.02309, 60.24314], [25.02314, 60.24314], [25.0233, 60.24388]]]}}, {"type": "Feature", "properties": {"area_ha": 0.134, "dist_km": 1.85, "node": "Suurmetsä", "node_mw": 22, "osm_id": 1361795444, "anchor_kind": "demand"}, "geometry": {"type": "Polygon", "coordinates": [[[25.04808, 60.24384], [25.0489, 60.24412], [25.04865, 60.2443], [25.04783, 60.24402], [25.04808, 60.24384]]]}}, {"type": "Feature", "properties": {"area_ha": 0.382, "dist_km": 1.882, "node": "Suurmetsä", "node_mw": 22, "osm_id": 1443645706, "anchor_kind": "demand"}, "geometry": {"type": "Polygon", "coordinates": [[[25.05554, 60.24309], [25.05668, 60.24347], [25.05719, 60.24309], [25.05605, 60.24271], [25.05554, 60.24309]]]}}, {"type": "Feature", "properties": {"area_ha": 0.086, "dist_km": 0.483, "node": "Suurmetsä", "node_mw": 22, "osm_id": 1443907360, "anchor_kind": "demand"}, "geometry": {"type": "Polygon", "coordinates": [[[25.06251, 60.26355], [25.06238, 60.26355], [25.06225, 60.26384], [25.06234, 60.26384], [25.0624, 60.26385], [25.06242, 60.26389], [25.06275, 60.26386], [25.06287, 60.2636], [25.0625, 60.2636], [25.06251, 60.26355]]]}}, {"type": "Feature", "properties": {"area_ha": 0.637, "dist_km": 2.683, "node": "Suurmetsä", "node_mw": 22, "osm_id": 1485793468, "anchor_kind": "demand"}, "geometry": {"type": "Polygon", "coordinates": [[[25.10412, 60.2541], [25.10411, 60.25406], [25.10458, 60.25407], [25.10555, 60.25411], [25.10694, 60.25421], [25.10686, 60.25457], [25.10627, 60.25454], [25.10493, 60.2545], [25.10482, 60.25447], [25.1044, 60.25444], [25.10412, 60.2541]]]}}, {"type": "Feature", "properties": {"area_ha": 0.007, "dist_km": 2.591, "node": "Suurmetsä", "node_mw": 22, "osm_id": 1498061630, "anchor_kind": "demand"}, "geometry": {"type": "Polygon", "coordinates": [[[25.10076, 60.25049], [25.10079, 60.25041], [25.10093, 60.25043], [25.10089, 60.25051], [25.10076, 60.25049]]]}}, {"type": "Feature", "properties": {"area_ha": 7.046, "dist_km": 1.716, "node": "Suurmetsä", "node_mw": 22, "osm_id": 1499861608, "anchor_kind": "demand"}, "geometry": {"type": "Polygon", "coordinates": [[[25.05353, 60.24238], [25.05417, 60.24204], [25.05438, 60.24202], [25.05504, 60.24223], [25.05511, 60.24226], [25.0571, 60.24293], [25.05738, 60.24307], [25.05823, 60.24363], [25.05967, 60.24466], [25.06153, 60.24599], [25.06199, 60.24631], [25.06273, 60.24716], [25.06308, 60.24741], [25.06299, 60.24744], [25.06224, 60.24771], [25.06073, 60.24664], [25.05982, 60.24608], [25.05861, 60.24539], [25.05819, 60.24516], [25.05699, 60.24454], [25.05617, 60.24407], [25.05468, 60.24308], [25.05425, 60.24281], [25.05353, 60.24238]]]}}, {"type": "Feature", "properties": {"area_ha": 3.603, "dist_km": 1.687, "node": "Suurmetsä", "node_mw": 22, "osm_id": 1499861609, "anchor_kind": "demand"}, "geometry": {"type": "Polygon", "coordinates": [[[25.05729, 60.24278], [25.0574, 60.24283], [25.05768, 60.24297], [25.05782, 60.24305], [25.05896, 60.24386], [25.06067, 60.24511], [25.06107, 60.2454], [25.06153, 60.24574], [25.06163, 60.24579], [25.06181, 60.24584], [25.06205, 60.24585], [25.06225, 60.2459], [25.06236, 60.24599], [25.06246, 60.2461], [25.06217, 60.2462], [25.06302, 60.24716], [25.06332, 60.24733], [25.06405, 60.24707], [25.06375, 60.24681], [25.06309, 60.24593], [25.06221, 60.24528], [25.06181, 60.24507], [25.06139, 60.24486], [25.06107, 60.2447], [25.06062, 60.24418], [25.05943, 60.2432], [25.05852, 60.24213], [25.05845, 60.24217], [25.05732, 60.24277], [25.05729, 60.24278]]]}}, {"type": "Feature", "properties": {"area_ha": 1.55, "dist_km": 2.075, "node": "Suurmetsä", "node_mw": 22, "osm_id": 1499863841, "anchor_kind": "demand"}, "geometry": {"type": "Polygon", "coordinates": [[[25.03991, 60.24387], [25.03997, 60.24383], [25.04011, 60.24377], [25.04329, 60.24301], [25.04356, 60.24293], [25.04376, 60.24283], [25.04397, 60.24272], [25.04415, 60.24254], [25.0442, 60.24248], [25.04333, 60.24228], [25.04305, 60.24253], [25.03943, 60.24337], [25.03957, 60.24354], [25.0393, 60.24359], [25.03958, 60.24389], [25.03983, 60.24384], [25.03991, 60.24387]]]}}, {"type": "Feature", "properties": {"area_ha": 10.247, "dist_km": 2.061, "node": "Suurmetsä", "node_mw": 22, "osm_id": 1499863842, "anchor_kind": "demand"}, "geometry": {"type": "Polygon", "coordinates": [[[25.04428, 60.24182], [25.04267, 60.24038], [25.04309, 60.24023], [25.04316, 60.24027], [25.04332, 60.24041], [25.04324, 60.24054], [25.04359, 60.24086], [25.04397, 60.2412], [25.04402, 60.24124], [25.04462, 60.24178], [25.04467, 60.24185], [25.04472, 60.24194], [25.04477, 60.24208], [25.04478, 60.24218], [25.04481, 60.24222], [25.04485, 60.24225], [25.04499, 60.2423], [25.04781, 60.24328], [25.04775, 60.24332], [25.04898, 60.24373], [25.04883, 60.24384], [25.04859, 60.24376], [25.04855, 60.24367], [25.04805, 60.24354], [25.04781, 60.24345], [25.04761, 60.24338], [25.04735, 60.24329], [25.04733, 60.2433], [25.04719, 60.24325], [25.04703, 60.24326], [25.04656, 60.24359], [25.04651, 60.24361], [25.04642, 60.24367], [25.04579, 60.24412], [25.04574, 60.24416], [25.04577, 60.24417], [25.04572, 60.2442], [25.04562, 60.24427], [25.04553, 60.24432], [25.04498, 60.24495], [25.04497, 60.24507], [25.0462, 60.2453], [25.04662, 60.24538], [25.04751, 60.24496], [25.04771, 60.24486], [25.04866, 60.24434], [25.04912, 60.24411], [25.04934, 60.24398], [25.0495, 60.24405], [25.05082, 60.24337], [25.04943, 60.24278], [25.04895, 60.24238], [25.04629, 60.24105], [25.04538, 60.24073], [25.04488, 60.24052], [25.04479, 60.24049], [25.04403, 60.24023], [25.04372, 60.24014], [25.0436, 60.2401], [25.04335, 60.2401], [25.04307, 60.2401], [25.04268, 60.24008], [25.04243, 60.24012], [25.04202, 60.24025], [25.04147, 60.24037], [25.04161, 60.24045], [25.04333, 60.24201], [25.04428, 60.24182]]]}}, {"type": "Feature", "properties": {"area_ha": 4.579, "dist_km": 1.982, "node": "Suurmetsä", "node_mw": 22, "osm_id": 1499863843, "anchor_kind": "demand"}, "geometry": {"type": "Polygon", "coordinates": [[[25.04051, 60.24383], [25.04354, 60.24313], [25.04361, 60.2431], [25.04384, 60.24302], [25.04394, 60.24296], [25.04404, 60.2429], [25.04414, 60.24285], [25.04429, 60.24274], [25.04449, 60.24253], [25.04458, 60.24247], [25.0447, 60.24245], [25.04483, 60.24245], [25.04494, 60.24247], [25.04661, 60.24305], [25.04666, 60.24309], [25.04668, 60.24313], [25.04668, 60.24319], [25.04665, 60.24323], [25.0454, 60.2441], [25.04525, 60.24424], [25.0447, 60.24488], [25.04457, 60.24486], [25.04453, 60.24489], [25.04396, 60.24477], [25.0439, 60.24475], [25.04387, 60.24479], [25.04095, 60.24417], [25.04089, 60.24415], [25.04078, 60.24412], [25.04051, 60.24383]]]}}, {"type": "Feature", "properties": {"area_ha": 0.126, "dist_km": 0.892, "node": "Suurmetsä", "node_mw": 22, "osm_id": 1529412781, "anchor_kind": "demand"}, "geometry": {"type": "Polygon", "coordinates": [[[25.06164, 60.25255], [25.06195, 60.25252], [25.06177, 60.25202], [25.06163, 60.25191], [25.06138, 60.25193], [25.06164, 60.25255]]]}}], "properties": {"source": "OpenStreetMap via Overpass (ODbL) — landuse=industrial / building~industrial|warehouse|factory within 3.0 km of a FI ≥20 MW DSO consumption headroom node (Helen · Elenia · Järvi-Suomen)", "note": "Candidate sites ONLY — target-then-verify. A building's connected power is not publicly screenable (CUPS/DSO enquiry or equivalent only). area_ha uses a simple planar approximation, indicative only."}}