{"type": "FeatureCollection", "features": [{"type": "Feature", "properties": {"area_ha": 8.409, "dist_km": 0.495, "node": "Mościska", "node_mw": 50, "osm_id": 23823412, "anchor_kind": "demand"}, "geometry": {"type": "Polygon", "coordinates": [[[16.89521, 52.37744], [16.89528, 52.37763], [16.89531, 52.37772], [16.89512, 52.37776], [16.8952, 52.3779], [16.89554, 52.37863], [16.89576, 52.37949], [16.89557, 52.37976], [16.89314, 52.37998], [16.89294, 52.38], [16.89283, 52.38001], [16.89285, 52.38016], [16.89278, 52.38022], [16.89104, 52.38038], [16.89054, 52.37961], [16.89033, 52.37918], [16.89028, 52.37899], [16.89037, 52.37874], [16.89052, 52.37866], [16.89072, 52.37859], [16.89094, 52.37857], [16.89115, 52.37857], [16.89163, 52.37845], [16.89216, 52.37801], [16.89303, 52.37771], [16.89421, 52.37736], [16.89488, 52.37717], [16.89511, 52.37718], [16.89521, 52.37744]]]}}, {"type": "Feature", "properties": {"area_ha": 19.418, "dist_km": 0.806, "node": "Mościska", "node_mw": 50, "osm_id": 23823500, "anchor_kind": "demand"}, "geometry": {"type": "Polygon", "coordinates": [[[16.91181, 52.38248], [16.91167, 52.38253], [16.91166, 52.38252], [16.91166, 52.38252], [16.91165, 52.38252], [16.91165, 52.38252], [16.91163, 52.3825], [16.91171, 52.38247], [16.91162, 52.38237], [16.91159, 52.38239], [16.91157, 52.38236], [16.91155, 52.38234], [16.91165, 52.3823], [16.91158, 52.38222], [16.91149, 52.38225], [16.91145, 52.38221], [16.91143, 52.38218], [16.91141, 52.38216], [16.91145, 52.38214], [16.91144, 52.38212], [16.91142, 52.38211], [16.91139, 52.38208], [16.91148, 52.38205], [16.91114, 52.38168], [16.91113, 52.38167], [16.91109, 52.38162], [16.91073, 52.38122], [16.91072, 52.38121], [16.91056, 52.38124], [16.91057, 52.38125], [16.91069, 52.3815], [16.91083, 52.38147], [16.91096, 52.3817], [16.91082, 52.38173], [16.9108, 52.38171], [16.91074, 52.38172], [16.91088, 52.38199], [16.90968, 52.38222], [16.90964, 52.38213], [16.90952, 52.38216], [16.90949, 52.38216], [16.90896, 52.38114], [16.90885, 52.38105], [16.90797, 52.37935], [16.9076, 52.37942], [16.90751, 52.37924], [16.90695, 52.37935], [16.90693, 52.37936], [16.90587, 52.37956], [16.90576, 52.37935], [16.90551, 52.37939], [16.90531, 52.37941], [16.9055, 52.38001], [16.90587, 52.3811], [16.90617, 52.38202], [16.90621, 52.38214], [16.90625, 52.38213], [16.90629, 52.38213], [16.9069, 52.38376], [16.90711, 52.38409], [16.90726, 52.38423], [16.90731, 52.38431], [16.90746, 52.38454], [16.90787, 52.38529], [16.90801, 52.38557], [16.90819, 52.38591], [16.90858, 52.3859], [16.90903, 52.38593], [16.90969, 52.38596], [16.90995, 52.38597], [16.91023, 52.38597], [16.91026, 52.38597], [16.91017, 52.38579], [16.91022, 52.38571], [16.91026, 52.38564], [16.91028, 52.38562], [16.91029, 52.3856], [16.91032, 52.38558], [16.91058, 52.38553], [16.91057, 52.38551], [16.91075, 52.38547], [16.91076, 52.38549], [16.91116, 52.38541], [16.91121, 52.3854], [16.91127, 52.38539], [16.91134, 52.38538], [16.91139, 52.38537], [16.91147, 52.38535], [16.91148, 52.38537], [16.91159, 52.38535], [16.91168, 52.38551], [16.91325, 52.38521], [16.91319, 52.38509], [16.91314, 52.385], [16.91313, 52.38498], [16.91309, 52.3849], [16.91314, 52.38489], [16.91316, 52.38488], [16.91324, 52.38487], [16.91329, 52.38497], [16.91338, 52.38495], [16.91341, 52.38495], [16.91324, 52.38464], [16.91321, 52.38459], [16.9133, 52.38457], [16.91321, 52.38441], [16.91292, 52.3842], [16.91281, 52.38422], [16.91278, 52.38416], [16.91262, 52.38386], [16.91262, 52.38386], [16.91262, 52.38385], [16.91262, 52.38385], [16.91253, 52.38387], [16.91249, 52.38388], [16.91249, 52.38388], [16.91222, 52.38393], [16.91215, 52.38394], [16.91139, 52.38409], [16.91123, 52.38412], [16.91121, 52.38408], [16.9112, 52.38405], [16.91118, 52.38402], [16.91115, 52.38398], [16.91113, 52.38392], [16.91086, 52.38341], [16.91067, 52.38305], [16.91068, 52.38304], [16.91067, 52.38302], [16.91066, 52.38299], [16.91061, 52.38291], [16.91045, 52.38294], [16.91042, 52.38291], [16.91041, 52.38288], [16.91039, 52.38284], [16.91037, 52.38281], [16.91036, 52.38279], [16.91034, 52.38275], [16.91106, 52.3826], [16.91116, 52.38258], [16.91142, 52.38253], [16.91143, 52.38252], [16.91146, 52.38257], [16.9115, 52.38257], [16.91183, 52.38251], [16.91181, 52.38248]]]}}, {"type": "Feature", "properties": {"area_ha": 2.307, "dist_km": 0.92, "node": "Mościska", "node_mw": 50, "osm_id": 23823560, "anchor_kind": "demand"}, "geometry": {"type": "Polygon", "coordinates": [[[16.91203, 52.37868], [16.91373, 52.38068], [16.91491, 52.38037], [16.91348, 52.37841], [16.91203, 52.37868]]]}}, {"type": "Feature", "properties": {"area_ha": 0.713, "dist_km": 0.945, "node": "Mościska", "node_mw": 50, "osm_id": 27910792, "anchor_kind": "demand"}, "geometry": {"type": "Polygon", "coordinates": [[[16.8898, 52.3736], [16.89004, 52.37388], [16.89048, 52.37377], [16.8909, 52.37466], [16.89012, 52.37482], [16.88958, 52.37397], [16.88941, 52.3737], [16.8898, 52.3736]]]}}, {"type": "Feature", "properties": {"area_ha": 4.674, "dist_km": 2.801, "node": "Mościska", "node_mw": 50, "osm_id": 28381314, "anchor_kind": "demand"}, "geometry": {"type": "Polygon", "coordinates": [[[16.93153, 52.36637], [16.93174, 52.36662], [16.932, 52.36695], [16.93234, 52.36683], [16.93359, 52.36636], [16.93413, 52.36615], [16.9348, 52.36584], [16.93523, 52.36562], [16.93683, 52.36466], [16.93662, 52.36428], [16.93638, 52.36432], [16.93627, 52.3641], [16.93586, 52.36418], [16.9358, 52.36421], [16.93567, 52.36428], [16.93528, 52.36462], [16.93404, 52.36485], [16.93415, 52.36506], [16.93291, 52.36522], [16.9317, 52.36559], [16.93098, 52.36588], [16.93106, 52.36603], [16.93123, 52.36621], [16.93132, 52.3663], [16.93142, 52.36633], [16.93153, 52.36637]]]}}, {"type": "Feature", "properties": {"area_ha": 3.039, "dist_km": 2.655, "node": "Mościska", "node_mw": 50, "osm_id": 28535615, "anchor_kind": "demand"}, "geometry": {"type": "Polygon", "coordinates": [[[16.86132, 52.38189], [16.86134, 52.38189], [16.86168, 52.38165], [16.86187, 52.3815], [16.86188, 52.3812], [16.86189, 52.38106], [16.8619, 52.38086], [16.8619, 52.38085], [16.8619, 52.38081], [16.86191, 52.38052], [16.86193, 52.38009], [16.86154, 52.38009], [16.86154, 52.3801], [16.86105, 52.38009], [16.86071, 52.38009], [16.86045, 52.38008], [16.86041, 52.38008], [16.86034, 52.38006], [16.86024, 52.38006], [16.86017, 52.38012], [16.8601, 52.38017], [16.85994, 52.38028], [16.86046, 52.38058], [16.86046, 52.38059], [16.8596, 52.38117], [16.85961, 52.38117], [16.85956, 52.3812], [16.8591, 52.3815], [16.85929, 52.38161], [16.86062, 52.38237], [16.86094, 52.38215], [16.86114, 52.38203], [16.86111, 52.38201], [16.86116, 52.38198], [16.86119, 52.38196], [16.86121, 52.38194], [16.86124, 52.38192], [16.86127, 52.3819], [16.86128, 52.38189], [16.8613, 52.38189], [16.86131, 52.38189], [16.86132, 52.38189]]]}}, {"type": "Feature", "properties": {"area_ha": 0.097, "dist_km": 1.666, "node": "Mościska", "node_mw": 50, "osm_id": 30126891, "anchor_kind": "demand"}, "geometry": {"type": "Polygon", "coordinates": [[[16.91122, 52.36687], [16.91123, 52.36679], [16.91125, 52.36679], [16.91125, 52.36678], [16.91124, 52.36678], [16.91142, 52.36599], [16.91129, 52.36598], [16.91108, 52.36686], [16.91107, 52.36694], [16.9112, 52.36695], [16.91122, 52.36687]]]}}, {"type": "Feature", "properties": {"area_ha": 8.254, "dist_km": 1.19, "node": "Mościska", "node_mw": 50, "osm_id": 31539958, "anchor_kind": "demand"}, "geometry": {"type": "Polygon", "coordinates": [[[16.91585, 52.37174], [16.91631, 52.37171], [16.9164, 52.37195], [16.91657, 52.37235], [16.91675, 52.37282], [16.91726, 52.37407], [16.9133, 52.3745], [16.91204, 52.37464], [16.91192, 52.37429], [16.9119, 52.37423], [16.91174, 52.37417], [16.91131, 52.37422], [16.91128, 52.37411], [16.91146, 52.37409], [16.9114, 52.37392], [16.91182, 52.37388], [16.91164, 52.37333], [16.91205, 52.37312], [16.912, 52.37307], [16.91199, 52.37305], [16.91287, 52.37268], [16.91336, 52.37248], [16.9141, 52.37219], [16.91479, 52.37193], [16.91518, 52.37184], [16.91542, 52.37179], [16.91585, 52.37174]]]}}, {"type": "Feature", "properties": {"area_ha": 1.61, "dist_km": 0.038, "node": "Mościska", "node_mw": 50, "osm_id": 32487207, "anchor_kind": "demand"}, "geometry": {"type": "Polygon", "coordinates": [[[16.89936, 52.38092], [16.89939, 52.3807], [16.89899, 52.38019], [16.89896, 52.38015], [16.89868, 52.37978], [16.89857, 52.37965], [16.89853, 52.37959], [16.89914, 52.37947], [16.89931, 52.37944], [16.9005, 52.37945], [16.90067, 52.37946], [16.90054, 52.38058], [16.90003, 52.38073], [16.89969, 52.38084], [16.89936, 52.38092]]]}}, {"type": "Feature", "properties": {"area_ha": 0.268, "dist_km": 2.653, "node": "Mościska", "node_mw": 50, "osm_id": 48545205, "anchor_kind": "demand"}, "geometry": {"type": "Polygon", "coordinates": [[[16.86076, 52.38095], [16.86079, 52.38097], [16.86094, 52.38106], [16.86105, 52.38112], [16.86106, 52.38113], [16.86122, 52.38122], [16.86131, 52.38127], [16.86134, 52.38128], [16.86138, 52.3813], [16.8614, 52.38132], [16.86154, 52.38139], [16.86123, 52.3816], [16.86118, 52.38164], [16.86105, 52.38157], [16.86101, 52.38155], [16.86099, 52.38153], [16.86096, 52.38152], [16.86094, 52.38151], [16.86092, 52.3815], [16.8609, 52.38149], [16.86089, 52.38148], [16.86079, 52.38142], [16.86055, 52.38129], [16.86039, 52.3812], [16.8604, 52.3812], [16.86045, 52.38116], [16.86074, 52.38096], [16.86076, 52.38095]]]}}, {"type": "Feature", "properties": {"area_ha": 0.106, "dist_km": 2.717, "node": "Mościska", "node_mw": 50, "osm_id": 48545206, "anchor_kind": "demand"}, "geometry": {"type": "Polygon", "coordinates": [[[16.8606, 52.38066], [16.85973, 52.38124], [16.85961, 52.38117], [16.8596, 52.38117], [16.86046, 52.38059], [16.8606, 52.38066]]]}}, {"type": "Feature", "properties": {"area_ha": 0.475, "dist_km": 2.621, "node": "Mościska", "node_mw": 50, "osm_id": 48957182, "anchor_kind": "demand"}, "geometry": {"type": "Polygon", "coordinates": [[[16.9334, 52.36787], [16.93344, 52.36786], [16.93343, 52.36785], [16.93396, 52.36773], [16.93398, 52.36777], [16.93402, 52.36782], [16.93402, 52.36783], [16.93404, 52.36786], [16.93351, 52.36798], [16.93345, 52.36789], [16.93341, 52.3679], [16.93366, 52.36832], [16.9336, 52.36833], [16.93359, 52.36833], [16.93355, 52.36834], [16.93352, 52.36829], [16.93345, 52.36831], [16.93348, 52.36836], [16.93341, 52.36838], [16.9334, 52.36838], [16.93334, 52.36839], [16.93333, 52.36839], [16.93311, 52.36844], [16.9331, 52.36845], [16.93304, 52.36846], [16.93303, 52.36846], [16.93298, 52.36847], [16.933, 52.3685], [16.9329, 52.36852], [16.93249, 52.36782], [16.93259, 52.3678], [16.93261, 52.36785], [16.93268, 52.36784], [16.93275, 52.36782], [16.9329, 52.36779], [16.9329, 52.36779], [16.93296, 52.36777], [16.93297, 52.36777], [16.93303, 52.36776], [16.93304, 52.36776], [16.93319, 52.36772], [16.93319, 52.36773], [16.93323, 52.36772], [16.9333, 52.3677], [16.9334, 52.36787]]]}}, {"type": "Feature", "properties": {"area_ha": 0.17, "dist_km": 0.842, "node": "Mościska", "node_mw": 50, "osm_id": 89820672, "anchor_kind": "demand"}, "geometry": {"type": "Polygon", "coordinates": [[[16.90828, 52.38522], [16.90792, 52.38529], [16.90822, 52.38585], [16.90858, 52.38578], [16.90857, 52.38577], [16.90853, 52.3857], [16.90828, 52.38522]]]}}, {"type": "Feature", "properties": {"area_ha": 0.699, "dist_km": 0.867, "node": "Mościska", "node_mw": 50, "osm_id": 102540322, "anchor_kind": "demand"}, "geometry": {"type": "Polygon", "coordinates": [[[16.88667, 52.37906], [16.88669, 52.37909], [16.88665, 52.3791], [16.88667, 52.37912], [16.88637, 52.37924], [16.88617, 52.37932], [16.88624, 52.3794], [16.88625, 52.3794], [16.88627, 52.37943], [16.8891, 52.37862], [16.88876, 52.37842], [16.88858, 52.37831], [16.88847, 52.37831], [16.88831, 52.37836], [16.88827, 52.3784], [16.88798, 52.3785], [16.88792, 52.37851], [16.88765, 52.37864], [16.88707, 52.37889], [16.88667, 52.37906]]]}}, {"type": "Feature", "properties": {"area_ha": 27.286, "dist_km": 1.723, "node": "Mościska", "node_mw": 50, "osm_id": 129557627, "anchor_kind": "demand"}, "geometry": {"type": "Polygon", "coordinates": [[[16.91368, 52.39239], [16.91351, 52.39224], [16.91349, 52.39221], [16.91346, 52.39218], [16.91221, 52.39147], [16.91171, 52.39093], [16.91125, 52.39002], [16.9107, 52.38951], [16.91058, 52.38941], [16.90992, 52.38873], [16.90921, 52.38898], [16.90968, 52.38959], [16.90973, 52.38968], [16.90977, 52.39059], [16.90985, 52.39118], [16.90987, 52.39131], [16.91003, 52.39241], [16.91032, 52.39338], [16.91148, 52.39565], [16.91231, 52.39592], [16.91215, 52.39654], [16.91786, 52.39925], [16.91825, 52.39913], [16.91836, 52.3985], [16.9166, 52.39769], [16.9174, 52.39752], [16.91721, 52.39706], [16.91857, 52.39681], [16.91737, 52.39525], [16.91492, 52.39338], [16.91368, 52.39239]]]}}, {"type": "Feature", "properties": {"area_ha": 4.907, "dist_km": 2.215, "node": "Mościska", "node_mw": 50, "osm_id": 131550114, "anchor_kind": "demand"}, "geometry": {"type": "Polygon", "coordinates": [[[16.90943, 52.40133], [16.90735, 52.40058], [16.90672, 52.40038], [16.90541, 52.39964], [16.90606, 52.39908], [16.90679, 52.3994], [16.90743, 52.39975], [16.90789, 52.3993], [16.90704, 52.39897], [16.90683, 52.39887], [16.9072, 52.39853], [16.90684, 52.39838], [16.90691, 52.39824], [16.90689, 52.39805], [16.90709, 52.39803], [16.90719, 52.39807], [16.90824, 52.39854], [16.90832, 52.39883], [16.90833, 52.39887], [16.90843, 52.39919], [16.90851, 52.39948], [16.90857, 52.39971], [16.90912, 52.39961], [16.90959, 52.39962], [16.91012, 52.40134], [16.90977, 52.40129], [16.90943, 52.40133]]]}}, {"type": "Feature", "properties": {"area_ha": 0.034, "dist_km": 2.458, "node": "Mościska", "node_mw": 50, "osm_id": 159654785, "anchor_kind": "demand"}, "geometry": {"type": "Polygon", "coordinates": [[[16.93177, 52.36926], [16.93176, 52.36925], [16.93156, 52.36933], [16.93174, 52.36949], [16.93174, 52.36949], [16.93193, 52.36941], [16.93177, 52.36926]]]}}, {"type": "Feature", "properties": {"area_ha": 1.612, "dist_km": 3.036, "node": "Mościska", "node_mw": 50, "osm_id": 160404687, "anchor_kind": "demand"}, "geometry": {"type": "Polygon", "coordinates": [[[16.93951, 52.36555], [16.93823, 52.3658], [16.93841, 52.36621], [16.93815, 52.36642], [16.93822, 52.36666], [16.93875, 52.36683], [16.93889, 52.3668], [16.93896, 52.36678], [16.9391, 52.36698], [16.93958, 52.36754], [16.93978, 52.36751], [16.94, 52.36747], [16.93974, 52.36612], [16.93951, 52.36555]]]}}, {"type": "Feature", "properties": {"area_ha": 0.021, "dist_km": 1.99, "node": "Mościska", "node_mw": 50, "osm_id": 164864800, "anchor_kind": "demand"}, "geometry": {"type": "Polygon", "coordinates": [[[16.87653, 52.39075], [16.87661, 52.39069], [16.87634, 52.39054], [16.87626, 52.3906], [16.87653, 52.39075]]]}}, {"type": "Feature", "properties": {"area_ha": 0.042, "dist_km": 1.953, "node": "Mościska", "node_mw": 50, "osm_id": 164865192, "anchor_kind": "demand"}, "geometry": {"type": "Polygon", "coordinates": [[[16.88114, 52.39344], [16.88114, 52.39346], [16.8811, 52.39356], [16.88136, 52.39351], [16.88134, 52.39348], [16.88137, 52.39347], [16.88143, 52.39346], [16.88138, 52.39337], [16.88149, 52.39335], [16.88147, 52.39332], [16.88153, 52.3933], [16.88154, 52.39331], [16.88162, 52.3933], [16.8816, 52.39326], [16.88144, 52.3933], [16.88143, 52.3933], [16.88117, 52.39336], [16.88121, 52.39342], [16.88114, 52.39344]]]}}, {"type": "Feature", "properties": {"area_ha": 0.007, "dist_km": 2.243, "node": "Mościska", "node_mw": 50, "osm_id": 164865258, "anchor_kind": "demand"}, "geometry": {"type": "Polygon", "coordinates": [[[16.87625, 52.39409], [16.87632, 52.39415], [16.87642, 52.3941], [16.8764, 52.39409], [16.87634, 52.39404], [16.87625, 52.39409]]]}}, {"type": "Feature", "properties": {"area_ha": 0.032, "dist_km": 2.52, "node": "Mościska", "node_mw": 50, "osm_id": 164928798, "anchor_kind": "demand"}, "geometry": {"type": "Polygon", "coordinates": [[[16.86277, 52.38036], [16.86296, 52.38036], [16.86296, 52.38029], [16.86291, 52.38029], [16.86291, 52.38009], [16.86277, 52.38009], [16.86277, 52.38036]]]}}, {"type": "Feature", "properties": {"area_ha": 0.083, "dist_km": 1.67, "node": "Mościska", "node_mw": 50, "osm_id": 164948662, "anchor_kind": "demand"}, "geometry": {"type": "Polygon", "coordinates": [[[16.87573, 52.38127], [16.87587, 52.38117], [16.87528, 52.38084], [16.87528, 52.38084], [16.87513, 52.38094], [16.87524, 52.38101], [16.87544, 52.38111], [16.87564, 52.38122], [16.87573, 52.38127]]]}}, {"type": "Feature", "properties": {"area_ha": 0.02, "dist_km": 1.777, "node": "Mościska", "node_mw": 50, "osm_id": 164949178, "anchor_kind": "demand"}, "geometry": {"type": "Polygon", "coordinates": [[[16.87389, 52.38219], [16.87406, 52.38229], [16.87419, 52.38221], [16.87418, 52.3822], [16.87402, 52.38211], [16.87389, 52.38219]]]}}, {"type": "Feature", "properties": {"area_ha": 0.012, "dist_km": 2.54, "node": "Mościska", "node_mw": 50, "osm_id": 164958455, "anchor_kind": "demand"}, "geometry": {"type": "Polygon", "coordinates": [[[16.86286, 52.38215], [16.86286, 52.38215], [16.86286, 52.38215], [16.86279, 52.38208], [16.8628, 52.38208], [16.86279, 52.38208], [16.86263, 52.38213], [16.86263, 52.38213], [16.86263, 52.38213], [16.8627, 52.38221], [16.86269, 52.38221], [16.8627, 52.38221], [16.86286, 52.38215]]]}}, {"type": "Feature", "properties": {"area_ha": 0.017, "dist_km": 1.569, "node": "Mościska", "node_mw": 50, "osm_id": 164958595, "anchor_kind": "demand"}, "geometry": {"type": "Polygon", "coordinates": [[[16.87767, 52.38372], [16.87778, 52.38378], [16.87787, 52.38373], [16.87765, 52.3836], [16.87757, 52.38366], [16.87757, 52.38366], [16.87767, 52.38372]]]}}, {"type": "Feature", "properties": {"area_ha": 0.018, "dist_km": 2.908, "node": "Mościska", "node_mw": 50, "osm_id": 165026464, "anchor_kind": "demand"}, "geometry": {"type": "Polygon", "coordinates": [[[16.85845, 52.38598], [16.85834, 52.38593], [16.85826, 52.386], [16.85827, 52.386], [16.85823, 52.38604], [16.8582, 52.38607], [16.85829, 52.38611], [16.85831, 52.38612], [16.85832, 52.38612], [16.85833, 52.38612], [16.85836, 52.38609], [16.85835, 52.38608], [16.85838, 52.38605], [16.85838, 52.38605], [16.85845, 52.38598]]]}}, {"type": "Feature", "properties": {"area_ha": 0.095, "dist_km": 2.219, "node": "Mościska", "node_mw": 50, "osm_id": 165086324, "anchor_kind": "demand"}, "geometry": {"type": "Polygon", "coordinates": [[[16.86765, 52.37724], [16.8676, 52.37719], [16.86761, 52.37718], [16.86752, 52.3771], [16.86746, 52.37704], [16.86744, 52.37705], [16.86731, 52.37694], [16.86761, 52.37682], [16.86774, 52.37693], [16.86773, 52.37694], [16.86784, 52.37703], [16.86788, 52.37707], [16.8679, 52.37707], [16.86795, 52.37712], [16.86765, 52.37724]]]}}, {"type": "Feature", "properties": {"area_ha": 1.0, "dist_km": 2.022, "node": "Mościska", "node_mw": 50, "osm_id": 172642555, "anchor_kind": "demand"}, "geometry": {"type": "Polygon", "coordinates": [[[16.86903, 52.38012], [16.86909, 52.38005], [16.86976, 52.38008], [16.86976, 52.38005], [16.86977, 52.38002], [16.87013, 52.38006], [16.87052, 52.38012], [16.87081, 52.38019], [16.87119, 52.38031], [16.87165, 52.38058], [16.87081, 52.38108], [16.87057, 52.38096], [16.86968, 52.38047], [16.86903, 52.38012]]]}}, {"type": "Feature", "properties": {"area_ha": 0.113, "dist_km": 2.832, "node": "Mościska", "node_mw": 50, "osm_id": 172777571, "anchor_kind": "demand"}, "geometry": {"type": "Polygon", "coordinates": [[[16.9414, 52.37957], [16.94188, 52.37951], [16.94197, 52.37927], [16.94198, 52.37924], [16.94129, 52.37933], [16.9414, 52.37957]]]}}, {"type": "Feature", "properties": {"area_ha": 0.409, "dist_km": 1.485, "node": "Mościska", "node_mw": 50, "osm_id": 176442895, "anchor_kind": "demand"}, "geometry": {"type": "Polygon", "coordinates": [[[16.90353, 52.36701], [16.90353, 52.36704], [16.90353, 52.36706], [16.90263, 52.36703], [16.90266, 52.36658], [16.90368, 52.36648], [16.90375, 52.36647], [16.90375, 52.36653], [16.90373, 52.36675], [16.9037, 52.36675], [16.90363, 52.36674], [16.90363, 52.36682], [16.90372, 52.36683], [16.9037, 52.36697], [16.90356, 52.36699], [16.90356, 52.36701], [16.90353, 52.36701]]]}}, {"type": "Feature", "properties": {"area_ha": 1.05, "dist_km": 2.001, "node": "Mościska", "node_mw": 50, "osm_id": 176481705, "anchor_kind": "demand"}, "geometry": {"type": "Polygon", "coordinates": [[[16.90087, 52.36245], [16.90356, 52.36255], [16.90357, 52.36236], [16.90358, 52.3623], [16.90361, 52.36205], [16.90324, 52.36203], [16.90325, 52.36199], [16.90315, 52.36199], [16.90305, 52.36199], [16.90305, 52.36202], [16.90235, 52.362], [16.90236, 52.36196], [16.90226, 52.36196], [16.90217, 52.36195], [16.90217, 52.36199], [16.90147, 52.36197], [16.90147, 52.36192], [16.90138, 52.36192], [16.90128, 52.36192], [16.90128, 52.36196], [16.90092, 52.36195], [16.90087, 52.36245]]]}}, {"type": "Feature", "properties": {"area_ha": 2.513, "dist_km": 2.015, "node": "Mościska", "node_mw": 50, "osm_id": 176481728, "anchor_kind": "demand"}, "geometry": {"type": "Polygon", "coordinates": [[[16.90381, 52.36259], [16.90363, 52.36258], [16.90067, 52.36247], [16.90042, 52.36157], [16.90105, 52.36159], [16.90194, 52.36162], [16.90211, 52.36163], [16.9023, 52.36163], [16.90237, 52.36164], [16.90254, 52.36164], [16.90294, 52.36165], [16.90344, 52.36167], [16.90425, 52.3617], [16.90424, 52.36181], [16.90424, 52.36186], [16.90424, 52.36187], [16.90421, 52.36232], [16.90421, 52.36234], [16.9042, 52.36237], [16.9042, 52.36239], [16.90418, 52.36261], [16.90381, 52.36259]]]}}, {"type": "Feature", "properties": {"area_ha": 0.259, "dist_km": 1.942, "node": "Mościska", "node_mw": 50, "osm_id": 187916106, "anchor_kind": "demand"}, "geometry": {"type": "Polygon", "coordinates": [[[16.90746, 52.39657], [16.90787, 52.39654], [16.90796, 52.39724], [16.90722, 52.39698], [16.90719, 52.39692], [16.90746, 52.39657]]]}}, {"type": "Feature", "properties": {"area_ha": 0.288, "dist_km": 0.98, "node": "Mościska", "node_mw": 50, "osm_id": 202646591, "anchor_kind": "demand"}, "geometry": {"type": "Polygon", "coordinates": [[[16.91131, 52.38462], [16.91278, 52.38432], [16.91293, 52.38459], [16.91273, 52.38463], [16.91271, 52.38459], [16.91144, 52.38484], [16.91131, 52.38462]]]}}, {"type": "Feature", "properties": {"area_ha": 0.015, "dist_km": 2.162, "node": "Ostrów", "node_mw": 200, "osm_id": 237965405, "anchor_kind": "demand"}, "geometry": {"type": "Polygon", "coordinates": [[[17.86018, 51.64492], [17.86033, 51.64488], [17.86025, 51.64477], [17.8601, 51.64481], [17.86018, 51.64492]]]}}, {"type": "Feature", "properties": {"area_ha": 1.094, "dist_km": 1.969, "node": "Ostrów", "node_mw": 200, "osm_id": 243859822, "anchor_kind": "demand"}, "geometry": {"type": "Polygon", "coordinates": [[[17.8014, 51.65445], [17.8014, 51.65438], [17.80144, 51.65438], [17.80144, 51.65361], [17.80312, 51.65361], [17.80312, 51.65437], [17.80316, 51.65437], [17.80316, 51.65445], [17.8014, 51.65445]]]}}, {"type": "Feature", "properties": {"area_ha": 0.997, "dist_km": 1.996, "node": "Ostrów", "node_mw": 200, "osm_id": 243859825, "anchor_kind": "demand"}, "geometry": {"type": "Polygon", "coordinates": [[[17.80141, 51.65535], [17.80141, 51.65533], [17.8014, 51.65533], [17.8014, 51.65462], [17.80317, 51.65461], [17.80317, 51.65532], [17.80316, 51.65532], [17.80316, 51.65535], [17.80141, 51.65535]]]}}, {"type": "Feature", "properties": {"area_ha": 0.209, "dist_km": 2.007, "node": "Ostrów", "node_mw": 200, "osm_id": 243859880, "anchor_kind": "demand"}, "geometry": {"type": "Polygon", "coordinates": [[[17.80261, 51.6555], [17.80195, 51.6555], [17.80195, 51.65556], [17.80185, 51.65556], [17.80185, 51.6555], [17.80141, 51.6555], [17.80141, 51.65535], [17.80316, 51.65535], [17.80316, 51.6555], [17.80272, 51.6555], [17.80272, 51.65556], [17.80261, 51.65556], [17.80261, 51.6555]]]}}, {"type": "Feature", "properties": {"area_ha": 0.153, "dist_km": 2.774, "node": "Ostrów", "node_mw": 200, "osm_id": 250455746, "anchor_kind": "demand"}, "geometry": {"type": "Polygon", "coordinates": [[[17.79678, 51.66373], [17.79681, 51.66412], [17.79695, 51.66412], [17.79696, 51.66425], [17.79663, 51.66426], [17.79663, 51.66425], [17.79658, 51.66425], [17.79657, 51.66417], [17.79663, 51.66417], [17.79663, 51.66417], [17.79659, 51.66373], [17.79656, 51.6633], [17.79675, 51.66329], [17.79678, 51.66373]]]}}, {"type": "Feature", "properties": {"area_ha": 0.03, "dist_km": 2.536, "node": "Ostrów", "node_mw": 200, "osm_id": 250657479, "anchor_kind": "demand"}, "geometry": {"type": "Polygon", "coordinates": [[[17.79833, 51.6613], [17.7984, 51.66141], [17.7982, 51.66146], [17.79812, 51.66148], [17.79807, 51.66149], [17.798, 51.66139], [17.79833, 51.6613]]]}}, {"type": "Feature", "properties": {"area_ha": 0.167, "dist_km": 2.537, "node": "Ostrów", "node_mw": 200, "osm_id": 250657480, "anchor_kind": "demand"}, "geometry": {"type": "Polygon", "coordinates": [[[17.79843, 51.66146], [17.79823, 51.66151], [17.7982, 51.66146], [17.79812, 51.66148], [17.79815, 51.66153], [17.79802, 51.66156], [17.79836, 51.66206], [17.79878, 51.66195], [17.79871, 51.66185], [17.79861, 51.66187], [17.79842, 51.66158], [17.7985, 51.66156], [17.79843, 51.66146]]]}}, {"type": "Feature", "properties": {"area_ha": 0.073, "dist_km": 2.514, "node": "Ostrów", "node_mw": 200, "osm_id": 250657481, "anchor_kind": "demand"}, "geometry": {"type": "Polygon", "coordinates": [[[17.79871, 51.66139], [17.79904, 51.6619], [17.79884, 51.66195], [17.79865, 51.66165], [17.79874, 51.66163], [17.7986, 51.66142], [17.79871, 51.66139]]]}}, {"type": "Feature", "properties": {"area_ha": 0.028, "dist_km": 2.503, "node": "Ostrów", "node_mw": 200, "osm_id": 250657483, "anchor_kind": "demand"}, "geometry": {"type": "Polygon", "coordinates": [[[17.79844, 51.66119], [17.79861, 51.66117], [17.79874, 51.66135], [17.79858, 51.66139], [17.79844, 51.66119]]]}}, {"type": "Feature", "properties": {"area_ha": 0.022, "dist_km": 2.577, "node": "Ostrów", "node_mw": 200, "osm_id": 250657485, "anchor_kind": "demand"}, "geometry": {"type": "Polygon", "coordinates": [[[17.79798, 51.66178], [17.79781, 51.66182], [17.7978, 51.66182], [17.79789, 51.66196], [17.79807, 51.66192], [17.79798, 51.66178]]]}}, {"type": "Feature", "properties": {"area_ha": 0.15, "dist_km": 2.607, "node": "Ostrów", "node_mw": 200, "osm_id": 250665947, "anchor_kind": "demand"}, "geometry": {"type": "Polygon", "coordinates": [[[17.79929, 51.66394], [17.79915, 51.6634], [17.7995, 51.66337], [17.79964, 51.66391], [17.79951, 51.66392], [17.79952, 51.66395], [17.79945, 51.66395], [17.79944, 51.66393], [17.79929, 51.66394]]]}}, {"type": "Feature", "properties": {"area_ha": 0.097, "dist_km": 2.569, "node": "Ostrów", "node_mw": 200, "osm_id": 250665948, "anchor_kind": "demand"}, "geometry": {"type": "Polygon", "coordinates": [[[17.7997, 51.66366], [17.79967, 51.66355], [17.79973, 51.66354], [17.79971, 51.66349], [17.79975, 51.66348], [17.79972, 51.66337], [17.7999, 51.66336], [17.79993, 51.66346], [17.79998, 51.66346], [17.79999, 51.66352], [17.79995, 51.66353], [17.79998, 51.66363], [17.80004, 51.66384], [17.79976, 51.66387], [17.7997, 51.66366]]]}}, {"type": "Feature", "properties": {"area_ha": 0.058, "dist_km": 2.71, "node": "Ostrów", "node_mw": 200, "osm_id": 250764290, "anchor_kind": "demand"}, "geometry": {"type": "Polygon", "coordinates": [[[17.79328, 51.65908], [17.79322, 51.65907], [17.79323, 51.65896], [17.79347, 51.65897], [17.79347, 51.65899], [17.79347, 51.65899], [17.79367, 51.659], [17.79367, 51.65898], [17.7939, 51.65899], [17.79388, 51.6591], [17.79366, 51.65909], [17.79365, 51.65909], [17.79362, 51.6591], [17.79359, 51.65909], [17.79346, 51.65908], [17.79346, 51.65908], [17.79346, 51.65911], [17.79328, 51.6591], [17.79328, 51.65908]]]}}, {"type": "Feature", "properties": {"area_ha": 0.143, "dist_km": 2.563, "node": "Ostrów", "node_mw": 200, "osm_id": 250764297, "anchor_kind": "demand"}, "geometry": {"type": "Polygon", "coordinates": [[[17.79546, 51.65918], [17.79566, 51.65948], [17.79585, 51.65944], [17.79575, 51.6593], [17.79594, 51.65925], [17.79634, 51.65926], [17.79636, 51.6591], [17.79621, 51.65909], [17.79621, 51.65904], [17.79596, 51.65904], [17.79595, 51.65909], [17.79575, 51.65914], [17.79573, 51.65911], [17.79546, 51.65918]]]}}, {"type": "Feature", "properties": {"area_ha": 0.222, "dist_km": 2.598, "node": "Ostrów", "node_mw": 200, "osm_id": 254070110, "anchor_kind": "demand"}, "geometry": {"type": "Polygon", "coordinates": [[[17.80158, 51.66564], [17.80156, 51.66564], [17.80163, 51.6655], [17.80172, 51.66551], [17.80175, 51.66545], [17.80182, 51.66546], [17.80183, 51.66544], [17.80217, 51.66545], [17.80215, 51.66565], [17.80276, 51.66569], [17.80275, 51.6658], [17.80255, 51.66579], [17.80254, 51.66586], [17.80192, 51.66584], [17.80193, 51.66576], [17.80157, 51.66576], [17.80158, 51.66564]]]}}, {"type": "Feature", "properties": {"area_ha": 0.079, "dist_km": 2.7, "node": "Ostrów", "node_mw": 200, "osm_id": 254070154, "anchor_kind": "demand"}, "geometry": {"type": "Polygon", "coordinates": [[[17.80145, 51.66691], [17.80153, 51.66675], [17.80161, 51.66677], [17.80161, 51.66676], [17.80204, 51.66684], [17.80203, 51.66684], [17.80212, 51.66686], [17.80204, 51.66701], [17.80145, 51.66691]]]}}, {"type": "Feature", "properties": {"area_ha": 0.111, "dist_km": 2.331, "node": "Ostrów", "node_mw": 200, "osm_id": 254070208, "anchor_kind": "demand"}, "geometry": {"type": "Polygon", "coordinates": [[[17.80189, 51.66211], [17.80186, 51.66157], [17.80213, 51.66156], [17.80213, 51.66157], [17.80214, 51.66179], [17.80216, 51.6621], [17.80189, 51.66211]]]}}, {"type": "Feature", "properties": {"area_ha": 0.164, "dist_km": 2.322, "node": "Ostrów", "node_mw": 200, "osm_id": 254070222, "anchor_kind": "demand"}, "geometry": {"type": "Polygon", "coordinates": [[[17.80103, 51.66122], [17.80101, 51.66092], [17.80172, 51.6609], [17.80173, 51.66101], [17.80174, 51.6612], [17.80103, 51.66122]]]}}, {"type": "Feature", "properties": {"area_ha": 0.062, "dist_km": 2.793, "node": "Ostrów", "node_mw": 200, "osm_id": 254070227, "anchor_kind": "demand"}, "geometry": {"type": "Polygon", "coordinates": [[[17.80139, 51.66775], [17.8014, 51.66774], [17.80188, 51.66783], [17.80183, 51.66793], [17.80135, 51.66784], [17.80104, 51.66778], [17.80108, 51.66769], [17.80139, 51.66775]]]}}, {"type": "Feature", "properties": {"area_ha": 0.105, "dist_km": 2.672, "node": "Ostrów", "node_mw": 200, "osm_id": 254070244, "anchor_kind": "demand"}, "geometry": {"type": "Polygon", "coordinates": [[[17.8023, 51.66718], [17.80238, 51.6667], [17.80242, 51.6667], [17.80265, 51.66672], [17.80258, 51.6672], [17.8023, 51.66718]]]}}, {"type": "Feature", "properties": {"area_ha": 0.082, "dist_km": 2.3, "node": "Ostrów", "node_mw": 200, "osm_id": 254070248, "anchor_kind": "demand"}, "geometry": {"type": "Polygon", "coordinates": [[[17.80174, 51.66123], [17.80174, 51.6612], [17.80173, 51.66101], [17.80207, 51.66099], [17.80208, 51.66111], [17.8022, 51.66111], [17.80221, 51.66122], [17.80203, 51.66122], [17.80204, 51.66133], [17.80192, 51.66134], [17.80192, 51.66126], [17.80188, 51.66126], [17.80187, 51.66123], [17.80174, 51.66123]]]}}, {"type": "Feature", "properties": {"area_ha": 0.048, "dist_km": 2.83, "node": "Ostrów", "node_mw": 200, "osm_id": 254070285, "anchor_kind": "demand"}, "geometry": {"type": "Polygon", "coordinates": [[[17.80058, 51.66788], [17.8007, 51.66764], [17.80075, 51.66765], [17.80076, 51.66763], [17.80085, 51.66765], [17.80073, 51.6679], [17.80066, 51.66802], [17.80049, 51.66799], [17.80056, 51.66787], [17.80058, 51.66788]]]}}, {"type": "Feature", "properties": {"area_ha": 0.059, "dist_km": 2.64, "node": "Ostrów", "node_mw": 200, "osm_id": 254070336, "anchor_kind": "demand"}, "geometry": {"type": "Polygon", "coordinates": [[[17.80242, 51.6667], [17.80245, 51.66649], [17.80247, 51.66637], [17.80269, 51.66638], [17.80265, 51.66672], [17.80242, 51.6667]]]}}, {"type": "Feature", "properties": {"area_ha": 0.201, "dist_km": 2.719, "node": "Ostrów", "node_mw": 200, "osm_id": 254150538, "anchor_kind": "demand"}, "geometry": {"type": "Polygon", "coordinates": [[[17.79375, 51.66009], [17.79357, 51.6594], [17.79393, 51.65936], [17.79412, 51.66006], [17.79375, 51.66009]]]}}, {"type": "Feature", "properties": {"area_ha": 0.133, "dist_km": 2.742, "node": "Ostrów", "node_mw": 200, "osm_id": 254150605, "anchor_kind": "demand"}, "geometry": {"type": "Polygon", "coordinates": [[[17.79348, 51.66013], [17.79329, 51.65944], [17.79353, 51.65941], [17.79372, 51.6601], [17.79348, 51.66013]]]}}, {"type": "Feature", "properties": {"area_ha": 0.26, "dist_km": 2.706, "node": "Ostrów", "node_mw": 200, "osm_id": 254150677, "anchor_kind": "demand"}, "geometry": {"type": "Polygon", "coordinates": [[[17.7944, 51.65867], [17.79442, 51.65845], [17.79336, 51.6584], [17.79336, 51.65848], [17.7931, 51.65847], [17.7931, 51.65846], [17.79298, 51.65845], [17.79298, 51.65848], [17.79292, 51.65847], [17.79292, 51.65845], [17.79267, 51.65844], [17.79265, 51.6586], [17.7944, 51.65867]]]}}, {"type": "Feature", "properties": {"area_ha": 0.031, "dist_km": 2.313, "node": "Ostrów", "node_mw": 200, "osm_id": 254329652, "anchor_kind": "demand"}, "geometry": {"type": "Polygon", "coordinates": [[[17.79653, 51.65024], [17.79628, 51.65027], [17.7963, 51.65035], [17.79636, 51.65034], [17.79638, 51.6504], [17.79646, 51.65039], [17.79668, 51.65036], [17.79666, 51.6503], [17.79664, 51.65029], [17.79655, 51.6503], [17.79653, 51.65024]]]}}, {"type": "Feature", "properties": {"area_ha": 1.024, "dist_km": 2.711, "node": "Ostrów", "node_mw": 200, "osm_id": 254496507, "anchor_kind": "demand"}, "geometry": {"type": "Polygon", "coordinates": [[[17.79258, 51.65869], [17.79443, 51.65877], [17.79447, 51.65812], [17.79304, 51.65783], [17.79301, 51.65828], [17.79288, 51.65828], [17.79243, 51.65826], [17.79243, 51.65834], [17.79251, 51.65867], [17.79258, 51.65869]]]}}, {"type": "Feature", "properties": {"area_ha": 0.038, "dist_km": 2.307, "node": "Ostrów", "node_mw": 200, "osm_id": 257107460, "anchor_kind": "demand"}, "geometry": {"type": "Polygon", "coordinates": [[[17.81434, 51.6318], [17.81451, 51.63178], [17.81443, 51.63151], [17.81425, 51.63154], [17.81434, 51.6318]]]}}, {"type": "Feature", "properties": {"area_ha": 0.128, "dist_km": 2.342, "node": "Ostrów", "node_mw": 200, "osm_id": 257107644, "anchor_kind": "demand"}, "geometry": {"type": "Polygon", "coordinates": [[[17.81401, 51.63123], [17.81364, 51.63127], [17.81377, 51.6317], [17.81414, 51.63166], [17.81401, 51.63123]]]}}, {"type": "Feature", "properties": {"area_ha": 0.04, "dist_km": 1.595, "node": "Ostrów", "node_mw": 200, "osm_id": 257107661, "anchor_kind": "demand"}, "geometry": {"type": "Polygon", "coordinates": [[[17.81524, 51.63876], [17.81541, 51.63874], [17.81551, 51.63903], [17.81533, 51.63905], [17.81524, 51.63876]]]}}, {"type": "Feature", "properties": {"area_ha": 1.426, "dist_km": 2.564, "node": "Ostrów", "node_mw": 200, "osm_id": 257107675, "anchor_kind": "demand"}, "geometry": {"type": "Polygon", "coordinates": [[[17.81438, 51.6285], [17.81443, 51.62864], [17.81474, 51.62966], [17.81603, 51.6295], [17.81616, 51.62949], [17.81629, 51.62947], [17.81597, 51.62846], [17.81593, 51.62832], [17.81567, 51.62835], [17.81567, 51.62834], [17.81464, 51.62847], [17.81464, 51.62847], [17.81438, 51.6285]]]}}, {"type": "Feature", "properties": {"area_ha": 0.068, "dist_km": 1.629, "node": "Ostrów", "node_mw": 200, "osm_id": 257107796, "anchor_kind": "demand"}, "geometry": {"type": "Polygon", "coordinates": [[[17.81511, 51.6383], [17.81528, 51.63828], [17.81535, 51.63849], [17.81541, 51.63848], [17.81544, 51.63858], [17.81538, 51.63859], [17.81542, 51.63874], [17.81525, 51.63876], [17.81511, 51.6383]]]}}, {"type": "Feature", "properties": {"area_ha": 0.054, "dist_km": 2.342, "node": "Ostrów", "node_mw": 200, "osm_id": 257107816, "anchor_kind": "demand"}, "geometry": {"type": "Polygon", "coordinates": [[[17.8171, 51.63054], [17.8177, 51.63047], [17.81766, 51.63036], [17.81706, 51.63043], [17.8171, 51.63054]]]}}, {"type": "Feature", "properties": {"area_ha": 3.882, "dist_km": 2.031, "node": "Ostrów", "node_mw": 200, "osm_id": 257107901, "anchor_kind": "demand"}, "geometry": {"type": "Polygon", "coordinates": [[[17.82021, 51.63357], [17.82303, 51.63324], [17.82251, 51.63151], [17.8197, 51.63183], [17.82021, 51.63357]]]}}, {"type": "Feature", "properties": {"area_ha": 0.522, "dist_km": 1.721, "node": "Ostrów", "node_mw": 200, "osm_id": 257178144, "anchor_kind": "demand"}, "geometry": {"type": "Polygon", "coordinates": [[[17.80803, 51.65867], [17.80813, 51.65898], [17.80819, 51.65898], [17.81006, 51.65875], [17.81019, 51.65873], [17.81014, 51.65856], [17.81013, 51.65856], [17.81008, 51.65841], [17.80803, 51.65867]]]}}, {"type": "Feature", "properties": {"area_ha": 0.113, "dist_km": 1.671, "node": "Ostrów", "node_mw": 200, "osm_id": 257178177, "anchor_kind": "demand"}, "geometry": {"type": "Polygon", "coordinates": [[[17.81084, 51.65955], [17.81104, 51.65953], [17.81081, 51.65881], [17.81061, 51.65884], [17.81084, 51.65955]]]}}, {"type": "Feature", "properties": {"area_ha": 0.243, "dist_km": 1.748, "node": "Ostrów", "node_mw": 200, "osm_id": 257178191, "anchor_kind": "demand"}, "geometry": {"type": "Polygon", "coordinates": [[[17.81006, 51.65875], [17.80819, 51.65898], [17.80824, 51.65914], [17.81012, 51.65891], [17.81006, 51.65875]]]}}, {"type": "Feature", "properties": {"area_ha": 0.488, "dist_km": 1.9, "node": "Ostrów", "node_mw": 200, "osm_id": 257178496, "anchor_kind": "demand"}, "geometry": {"type": "Polygon", "coordinates": [[[17.80775, 51.65968], [17.80755, 51.65914], [17.80645, 51.65929], [17.80664, 51.65984], [17.80775, 51.65968]]]}}, {"type": "Feature", "properties": {"area_ha": 1.364, "dist_km": 1.747, "node": "Ostrów", "node_mw": 200, "osm_id": 257178519, "anchor_kind": "demand"}, "geometry": {"type": "Polygon", "coordinates": [[[17.8083, 51.65986], [17.81028, 51.65961], [17.81063, 51.65957], [17.81075, 51.65955], [17.81052, 51.65886], [17.80808, 51.65917], [17.8083, 51.65986]]]}}, {"type": "Feature", "properties": {"area_ha": 1.116, "dist_km": 1.692, "node": "Ostrów", "node_mw": 200, "osm_id": 257178615, "anchor_kind": "demand"}, "geometry": {"type": "Polygon", "coordinates": [[[17.81, 51.65776], [17.80781, 51.65803], [17.80803, 51.65867], [17.81008, 51.65841], [17.81021, 51.6584], [17.81014, 51.65818], [17.81, 51.65776]]]}}, {"type": "Feature", "properties": {"area_ha": 0.099, "dist_km": 1.912, "node": "Ostrów", "node_mw": 200, "osm_id": 257178665, "anchor_kind": "demand"}, "geometry": {"type": "Polygon", "coordinates": [[[17.80772, 51.65989], [17.80766, 51.65974], [17.8069, 51.65985], [17.80695, 51.66], [17.80772, 51.65989]]]}}, {"type": "Feature", "properties": {"area_ha": 8.342, "dist_km": 2.003, "node": "Ostrów", "node_mw": 200, "osm_id": 257179049, "anchor_kind": "demand"}, "geometry": {"type": "Polygon", "coordinates": [[[17.8011, 51.65269], [17.80101, 51.6528], [17.80095, 51.65281], [17.80068, 51.65282], [17.80067, 51.65331], [17.80065, 51.65427], [17.80065, 51.65438], [17.80017, 51.65436], [17.79939, 51.65434], [17.79937, 51.65564], [17.79982, 51.65564], [17.80009, 51.65561], [17.80076, 51.65561], [17.80126, 51.65564], [17.80128, 51.65574], [17.80186, 51.65575], [17.80222, 51.65574], [17.80309, 51.65573], [17.80345, 51.65575], [17.80349, 51.65589], [17.80373, 51.65583], [17.80366, 51.65406], [17.80357, 51.65406], [17.80352, 51.65288], [17.80369, 51.65282], [17.8032, 51.65217], [17.80274, 51.65232], [17.80293, 51.65256], [17.80286, 51.6527], [17.8011, 51.65269]]]}}, {"type": "Feature", "properties": {"area_ha": 0.413, "dist_km": 1.917, "node": "Ostrów", "node_mw": 200, "osm_id": 259537651, "anchor_kind": "demand"}, "geometry": {"type": "Polygon", "coordinates": [[[17.81107, 51.66277], [17.81131, 51.6633], [17.81226, 51.66313], [17.81202, 51.66261], [17.81107, 51.66277]]]}}, {"type": "Feature", "properties": {"area_ha": 0.073, "dist_km": 2.477, "node": "Mościska", "node_mw": 50, "osm_id": 262639143, "anchor_kind": "demand"}, "geometry": {"type": "Polygon", "coordinates": [[[16.89604, 52.4022], [16.89605, 52.4021], [16.89699, 52.40214], [16.89698, 52.40225], [16.89604, 52.4022]]]}}, {"type": "Feature", "properties": {"area_ha": 0.176, "dist_km": 2.522, "node": "Mościska", "node_mw": 50, "osm_id": 262639240, "anchor_kind": "demand"}, "geometry": {"type": "Polygon", "coordinates": [[[16.89569, 52.40304], [16.89574, 52.40269], [16.8958, 52.40269], [16.89591, 52.40191], [16.89607, 52.40191], [16.89604, 52.4022], [16.89597, 52.4027], [16.89603, 52.4027], [16.89597, 52.40305], [16.89569, 52.40304]]]}}, {"type": "Feature", "properties": {"area_ha": 0.078, "dist_km": 1.43, "node": "Ostrów", "node_mw": 200, "osm_id": 263023981, "anchor_kind": "demand"}, "geometry": {"type": "Polygon", "coordinates": [[[17.81938, 51.63891], [17.81878, 51.63898], [17.81883, 51.63914], [17.81918, 51.6391], [17.81925, 51.63909], [17.81943, 51.63907], [17.81938, 51.63891]]]}}, {"type": "Feature", "properties": {"area_ha": 0.068, "dist_km": 1.416, "node": "Ostrów", "node_mw": 200, "osm_id": 263024037, "anchor_kind": "demand"}, "geometry": {"type": "Polygon", "coordinates": [[[17.8194, 51.63926], [17.81935, 51.6391], [17.81883, 51.63916], [17.81888, 51.63932], [17.8194, 51.63926]]]}}, {"type": "Feature", "properties": {"area_ha": 0.039, "dist_km": 2.107, "node": "Ostrów", "node_mw": 200, "osm_id": 267689327, "anchor_kind": "demand"}, "geometry": {"type": "Polygon", "coordinates": [[[17.85927, 51.65503], [17.85928, 51.65525], [17.85951, 51.65524], [17.8595, 51.65502], [17.85927, 51.65503]]]}}, {"type": "Feature", "properties": {"area_ha": 0.062, "dist_km": 2.907, "node": "Ostrów", "node_mw": 200, "osm_id": 300907490, "anchor_kind": "demand"}, "geometry": {"type": "Polygon", "coordinates": [[[17.81294, 51.62624], [17.8129, 51.62608], [17.81279, 51.62609], [17.81276, 51.626], [17.81325, 51.62594], [17.81327, 51.62601], [17.81311, 51.62603], [17.81317, 51.62621], [17.81294, 51.62624]]]}}, {"type": "Feature", "properties": {"area_ha": 0.015, "dist_km": 1.227, "node": "Ostrów", "node_mw": 200, "osm_id": 301639305, "anchor_kind": "demand"}, "geometry": {"type": "Polygon", "coordinates": [[[17.81222, 51.65089], [17.81226, 51.65103], [17.81227, 51.65107], [17.81234, 51.65106], [17.81234, 51.65106], [17.81234, 51.65105], [17.81232, 51.65101], [17.81231, 51.65095], [17.81231, 51.65094], [17.81228, 51.65084], [17.81227, 51.6508], [17.8122, 51.65081], [17.81222, 51.65089]]]}}, {"type": "Feature", "properties": {"area_ha": 0.006, "dist_km": 1.36, "node": "Ostrów", "node_mw": 200, "osm_id": 301639321, "anchor_kind": "demand"}, "geometry": {"type": "Polygon", "coordinates": [[[17.81053, 51.65168], [17.81053, 51.65166], [17.81052, 51.65163], [17.81039, 51.65164], [17.8104, 51.6517], [17.81053, 51.65168]]]}}, {"type": "Feature", "properties": {"area_ha": 0.002, "dist_km": 1.282, "node": "Ostrów", "node_mw": 200, "osm_id": 301639324, "anchor_kind": "demand"}, "geometry": {"type": "Polygon", "coordinates": [[[17.81161, 51.65174], [17.81165, 51.65173], [17.81163, 51.65169], [17.81159, 51.65169], [17.81161, 51.65174]]]}}, {"type": "Feature", "properties": {"area_ha": 0.001, "dist_km": 1.377, "node": "Ostrów", "node_mw": 200, "osm_id": 301639326, "anchor_kind": "demand"}, "geometry": {"type": "Polygon", "coordinates": [[[17.8103, 51.65212], [17.81036, 51.65211], [17.81036, 51.6521], [17.8103, 51.6521], [17.8103, 51.65212]]]}}, {"type": "Feature", "properties": {"area_ha": 0.0, "dist_km": 1.213, "node": "Ostrów", "node_mw": 200, "osm_id": 301639328, "anchor_kind": "demand"}, "geometry": {"type": "Polygon", "coordinates": [[[17.81248, 51.65076], [17.81245, 51.65076], [17.81246, 51.65078], [17.81249, 51.65078], [17.81248, 51.65076]]]}}, {"type": "Feature", "properties": {"area_ha": 0.009, "dist_km": 1.332, "node": "Ostrów", "node_mw": 200, "osm_id": 301639331, "anchor_kind": "demand"}, "geometry": {"type": "Polygon", "coordinates": [[[17.81108, 51.65195], [17.81107, 51.65191], [17.81081, 51.65194], [17.81082, 51.65199], [17.81108, 51.65195]]]}}, {"type": "Feature", "properties": {"area_ha": 0.01, "dist_km": 1.37, "node": "Ostrów", "node_mw": 200, "osm_id": 301639332, "anchor_kind": "demand"}, "geometry": {"type": "Polygon", "coordinates": [[[17.81042, 51.65223], [17.81051, 51.65223], [17.81049, 51.65208], [17.8104, 51.65209], [17.81042, 51.65223]]]}}, {"type": "Feature", "properties": {"area_ha": 0.0, "dist_km": 1.194, "node": "Ostrów", "node_mw": 200, "osm_id": 301639334, "anchor_kind": "demand"}, "geometry": {"type": "Polygon", "coordinates": [[[17.81286, 51.65142], [17.81286, 51.6514], [17.81284, 51.65141], [17.81284, 51.65143], [17.81286, 51.65142]]]}}, {"type": "Feature", "properties": {"area_ha": 0.0, "dist_km": 1.282, "node": "Ostrów", "node_mw": 200, "osm_id": 301639339, "anchor_kind": "demand"}, "geometry": {"type": "Polygon", "coordinates": [[[17.81167, 51.65192], [17.8117, 51.65192], [17.81169, 51.65191], [17.81166, 51.65191], [17.81167, 51.65192]]]}}, {"type": "Feature", "properties": {"area_ha": 0.002, "dist_km": 1.396, "node": "Ostrów", "node_mw": 200, "osm_id": 301639340, "anchor_kind": "demand"}, "geometry": {"type": "Polygon", "coordinates": [[[17.80989, 51.65172], [17.80989, 51.65174], [17.81003, 51.65173], [17.81003, 51.6517], [17.80989, 51.65172]]]}}, {"type": "Feature", "properties": {"area_ha": 0.008, "dist_km": 1.221, "node": "Ostrów", "node_mw": 200, "osm_id": 301639342, "anchor_kind": "demand"}, "geometry": {"type": "Polygon", "coordinates": [[[17.8124, 51.65094], [17.81231, 51.65095], [17.81234, 51.65106], [17.81243, 51.65105], [17.8124, 51.65094]]]}}, {"type": "Feature", "properties": {"area_ha": 0.007, "dist_km": 1.184, "node": "Ostrów", "node_mw": 200, "osm_id": 301639343, "anchor_kind": "demand"}, "geometry": {"type": "Polygon", "coordinates": [[[17.81307, 51.65102], [17.81306, 51.65099], [17.81277, 51.65102], [17.81277, 51.65105], [17.81307, 51.65102]]]}}, {"type": "Feature", "properties": {"area_ha": 0.006, "dist_km": 1.267, "node": "Ostrów", "node_mw": 200, "osm_id": 301639349, "anchor_kind": "demand"}, "geometry": {"type": "Polygon", "coordinates": [[[17.81182, 51.65171], [17.81189, 51.6517], [17.81184, 51.6516], [17.81178, 51.65161], [17.81182, 51.65171]]]}}, {"type": "Feature", "properties": {"area_ha": 0.006, "dist_km": 1.207, "node": "Ostrów", "node_mw": 200, "osm_id": 301639351, "anchor_kind": "demand"}, "geometry": {"type": "Polygon", "coordinates": [[[17.81273, 51.65135], [17.81271, 51.65129], [17.81258, 51.6513], [17.81259, 51.65133], [17.81259, 51.65136], [17.81273, 51.65135]]]}}, {"type": "Feature", "properties": {"area_ha": 0.003, "dist_km": 1.39, "node": "Ostrów", "node_mw": 200, "osm_id": 301639352, "anchor_kind": "demand"}, "geometry": {"type": "Polygon", "coordinates": [[[17.81003, 51.65144], [17.81002, 51.65138], [17.80995, 51.65139], [17.80995, 51.65141], [17.80996, 51.65144], [17.81003, 51.65144]]]}}, {"type": "Feature", "properties": {"area_ha": 0.001, "dist_km": 1.28, "node": "Ostrów", "node_mw": 200, "osm_id": 301639355, "anchor_kind": "demand"}, "geometry": {"type": "Polygon", "coordinates": [[[17.81165, 51.65183], [17.81171, 51.65181], [17.81169, 51.65179], [17.81168, 51.65179], [17.81164, 51.6518], [17.81165, 51.65183]]]}}, {"type": "Feature", "properties": {"area_ha": 0.003, "dist_km": 1.223, "node": "Ostrów", "node_mw": 200, "osm_id": 301639359, "anchor_kind": "demand"}, "geometry": {"type": "Polygon", "coordinates": [[[17.81237, 51.65083], [17.81236, 51.65079], [17.81232, 51.6508], [17.81227, 51.6508], [17.81228, 51.65084], [17.81237, 51.65083]]]}}, {"type": "Feature", "properties": {"area_ha": 0.004, "dist_km": 1.251, "node": "Ostrów", "node_mw": 200, "osm_id": 301639362, "anchor_kind": "demand"}, "geometry": {"type": "Polygon", "coordinates": [[[17.81187, 51.65084], [17.8119, 51.65094], [17.81195, 51.65094], [17.81195, 51.65092], [17.81193, 51.65083], [17.81187, 51.65084]]]}}, {"type": "Feature", "properties": {"area_ha": 0.003, "dist_km": 1.282, "node": "Ostrów", "node_mw": 200, "osm_id": 301639365, "anchor_kind": "demand"}, "geometry": {"type": "Polygon", "coordinates": [[[17.81155, 51.65161], [17.81169, 51.6516], [17.81168, 51.65157], [17.81155, 51.65158], [17.81154, 51.65159], [17.81154, 51.65159], [17.81155, 51.65161]]]}}, {"type": "Feature", "properties": {"area_ha": 0.007, "dist_km": 1.216, "node": "Ostrów", "node_mw": 200, "osm_id": 301639367, "anchor_kind": "demand"}, "geometry": {"type": "Polygon", "coordinates": [[[17.81236, 51.65122], [17.81245, 51.65121], [17.81262, 51.6512], [17.81261, 51.65116], [17.81244, 51.65117], [17.81235, 51.65118], [17.81236, 51.65122]]]}}, {"type": "Feature", "properties": {"area_ha": 0.001, "dist_km": 1.185, "node": "Ostrów", "node_mw": 200, "osm_id": 301639372, "anchor_kind": "demand"}, "geometry": {"type": "Polygon", "coordinates": [[[17.81296, 51.65123], [17.81295, 51.65119], [17.81295, 51.65118], [17.81291, 51.65119], [17.81293, 51.65124], [17.81294, 51.65123], [17.81295, 51.65123], [17.81296, 51.65123]]]}}, {"type": "Feature", "properties": {"area_ha": 0.013, "dist_km": 1.196, "node": "Ostrów", "node_mw": 200, "osm_id": 301639373, "anchor_kind": "demand"}, "geometry": {"type": "Polygon", "coordinates": [[[17.81295, 51.65118], [17.81293, 51.65113], [17.81261, 51.65116], [17.81262, 51.6512], [17.81262, 51.65121], [17.81291, 51.65119], [17.81295, 51.65118]]]}}, {"type": "Feature", "properties": {"area_ha": 0.004, "dist_km": 1.24, "node": "Ostrów", "node_mw": 200, "osm_id": 301639377, "anchor_kind": "demand"}, "geometry": {"type": "Polygon", "coordinates": [[[17.81218, 51.65158], [17.81228, 51.65157], [17.81225, 51.65152], [17.8122, 51.65152], [17.81218, 51.65152], [17.81215, 51.65152], [17.81216, 51.65153], [17.81218, 51.65158]]]}}, {"type": "Feature", "properties": {"area_ha": 0.008, "dist_km": 1.232, "node": "Ostrów", "node_mw": 200, "osm_id": 301639379, "anchor_kind": "demand"}, "geometry": {"type": "Polygon", "coordinates": [[[17.81239, 51.65161], [17.81237, 51.65155], [17.81234, 51.65151], [17.81228, 51.65151], [17.81225, 51.65152], [17.81228, 51.65157], [17.81231, 51.65163], [17.81239, 51.65161]]]}}, {"type": "Feature", "properties": {"area_ha": 0.002, "dist_km": 1.279, "node": "Ostrów", "node_mw": 200, "osm_id": 301639380, "anchor_kind": "demand"}, "geometry": {"type": "Polygon", "coordinates": [[[17.81176, 51.65192], [17.81174, 51.65189], [17.81174, 51.65189], [17.81169, 51.6519], [17.81169, 51.65191], [17.8117, 51.65192], [17.81171, 51.65194], [17.81176, 51.65192]]]}}, {"type": "Feature", "properties": {"area_ha": 0.008, "dist_km": 1.374, "node": "Ostrów", "node_mw": 200, "osm_id": 301639381, "anchor_kind": "demand"}, "geometry": {"type": "Polygon", "coordinates": [[[17.8103, 51.6521], [17.81036, 51.6521], [17.8104, 51.65209], [17.81049, 51.65208], [17.81048, 51.65203], [17.81025, 51.65206], [17.81027, 51.65211], [17.8103, 51.6521]]]}}, {"type": "Feature", "properties": {"area_ha": 0.01, "dist_km": 1.249, "node": "Ostrów", "node_mw": 200, "osm_id": 301639384, "anchor_kind": "demand"}, "geometry": {"type": "Polygon", "coordinates": [[[17.81205, 51.65076], [17.81185, 51.65077], [17.81186, 51.65084], [17.81187, 51.65084], [17.81193, 51.65083], [17.81199, 51.65083], [17.81201, 51.65083], [17.81205, 51.65082], [17.81205, 51.65076]]]}}, {"type": "Feature", "properties": {"area_ha": 0.011, "dist_km": 1.272, "node": "Ostrów", "node_mw": 200, "osm_id": 301639385, "anchor_kind": "demand"}, "geometry": {"type": "Polygon", "coordinates": [[[17.81177, 51.65174], [17.81183, 51.65173], [17.81182, 51.65171], [17.81178, 51.65161], [17.81176, 51.65156], [17.81168, 51.65157], [17.81169, 51.6516], [17.81175, 51.65174], [17.81177, 51.65174]]]}}, {"type": "Feature", "properties": {"area_ha": 0.017, "dist_km": 1.242, "node": "Ostrów", "node_mw": 200, "osm_id": 301639386, "anchor_kind": "demand"}, "geometry": {"type": "Polygon", "coordinates": [[[17.81193, 51.65083], [17.81195, 51.65092], [17.81222, 51.65089], [17.8122, 51.65081], [17.8121, 51.65082], [17.81205, 51.65082], [17.81201, 51.65083], [17.81199, 51.65083], [17.81193, 51.65083]]]}}, {"type": "Feature", "properties": {"area_ha": 0.011, "dist_km": 1.266, "node": "Ostrów", "node_mw": 200, "osm_id": 301639391, "anchor_kind": "demand"}, "geometry": {"type": "Polygon", "coordinates": [[[17.81198, 51.65186], [17.81189, 51.6517], [17.81182, 51.65171], [17.81183, 51.65173], [17.81183, 51.65174], [17.81185, 51.65176], [17.81187, 51.65183], [17.8119, 51.65189], [17.8119, 51.65189], [17.81198, 51.65186]]]}}, {"type": "Feature", "properties": {"area_ha": 0.758, "dist_km": 1.186, "node": "Mościska", "node_mw": 50, "osm_id": 314772771, "anchor_kind": "demand"}, "geometry": {"type": "Polygon", "coordinates": [[[16.91467, 52.38639], [16.9146, 52.3864], [16.91464, 52.38648], [16.91465, 52.3865], [16.91466, 52.38653], [16.91468, 52.38656], [16.91468, 52.38657], [16.91469, 52.38659], [16.91471, 52.38662], [16.91471, 52.38664], [16.91479, 52.38678], [16.91467, 52.38681], [16.91408, 52.38692], [16.91408, 52.38691], [16.91406, 52.38692], [16.91404, 52.38692], [16.91401, 52.38693], [16.91397, 52.38691], [16.91397, 52.38692], [16.91396, 52.38693], [16.91394, 52.38694], [16.91394, 52.38694], [16.9139, 52.38695], [16.91304, 52.38613], [16.91299, 52.38608], [16.91306, 52.38605], [16.91307, 52.38605], [16.91309, 52.38604], [16.91312, 52.38603], [16.9133, 52.3862], [16.91332, 52.38622], [16.91334, 52.38621], [16.91337, 52.3862], [16.91341, 52.38624], [16.91342, 52.38624], [16.91344, 52.38625], [16.91345, 52.38625], [16.91357, 52.38629], [16.91361, 52.38629], [16.91365, 52.38628], [16.91364, 52.38627], [16.91376, 52.38622], [16.91372, 52.38619], [16.9137, 52.38619], [16.91363, 52.38612], [16.91373, 52.3861], [16.91382, 52.38609], [16.91387, 52.38608], [16.91392, 52.38607], [16.91437, 52.38598], [16.91446, 52.38596], [16.91452, 52.38603], [16.91471, 52.38623], [16.91478, 52.38631], [16.91483, 52.38636], [16.91478, 52.38637], [16.91467, 52.38639]]]}}, {"type": "Feature", "properties": {"area_ha": 0.145, "dist_km": 1.871, "node": "Ostrów", "node_mw": 200, "osm_id": 316983737, "anchor_kind": "demand"}, "geometry": {"type": "Polygon", "coordinates": [[[17.8051, 51.65647], [17.80517, 51.65647], [17.80518, 51.65625], [17.8049, 51.65624], [17.80483, 51.65704], [17.80504, 51.65705], [17.8051, 51.65647]]]}}, {"type": "Feature", "properties": {"area_ha": 0.662, "dist_km": 0.949, "node": "Mościska", "node_mw": 50, "osm_id": 331761791, "anchor_kind": "demand"}, "geometry": {"type": "Polygon", "coordinates": [[[16.8936, 52.38826], [16.89359, 52.38825], [16.89359, 52.38825], [16.89357, 52.38822], [16.89358, 52.38822], [16.89357, 52.38821], [16.89356, 52.38822], [16.89356, 52.38821], [16.89355, 52.38819], [16.89355, 52.38818], [16.89355, 52.38818], [16.89354, 52.38818], [16.89353, 52.38817], [16.89352, 52.38816], [16.89353, 52.38815], [16.89353, 52.38815], [16.89352, 52.38815], [16.89351, 52.38813], [16.8935, 52.38812], [16.89351, 52.38812], [16.89351, 52.38812], [16.8935, 52.38812], [16.89349, 52.3881], [16.89348, 52.38809], [16.89349, 52.38809], [16.89349, 52.38809], [16.89348, 52.38809], [16.89347, 52.38807], [16.89346, 52.38806], [16.89347, 52.38806], [16.89347, 52.38805], [16.89346, 52.38805], [16.89345, 52.38804], [16.89344, 52.38802], [16.89345, 52.38802], [16.89345, 52.38802], [16.89344, 52.38802], [16.89343, 52.38801], [16.89342, 52.38799], [16.89343, 52.38799], [16.89342, 52.38799], [16.89342, 52.38799], [16.89341, 52.38798], [16.8934, 52.38796], [16.89341, 52.38796], [16.89337, 52.3879], [16.89336, 52.3879], [16.89334, 52.38788], [16.89331, 52.38783], [16.89328, 52.38778], [16.89325, 52.38774], [16.89322, 52.38769], [16.89318, 52.38764], [16.89316, 52.38761], [16.89317, 52.38761], [16.89317, 52.3876], [16.89317, 52.3876], [16.89317, 52.38761], [16.89331, 52.38757], [16.89331, 52.38757], [16.89331, 52.38757], [16.89331, 52.38757], [16.89346, 52.38753], [16.89346, 52.38753], [16.89346, 52.38753], [16.89346, 52.38753], [16.89361, 52.3875], [16.89361, 52.38749], [16.89361, 52.38749], [16.89361, 52.3875], [16.89375, 52.38746], [16.89374, 52.38746], [16.89375, 52.38746], [16.89375, 52.38746], [16.89377, 52.38746], [16.8938, 52.38745], [16.89382, 52.38745], [16.89381, 52.38744], [16.89381, 52.38744], [16.89382, 52.38745], [16.8939, 52.38743], [16.89397, 52.38741], [16.89397, 52.38741], [16.89397, 52.3874], [16.89397, 52.38741], [16.894, 52.3874], [16.89411, 52.38737], [16.89411, 52.38737], [16.89411, 52.38737], [16.89412, 52.38737], [16.89425, 52.38734], [16.89425, 52.38734], [16.89425, 52.38733], [16.89425, 52.38734], [16.89438, 52.38731], [16.89438, 52.3873], [16.89438, 52.3873], [16.89439, 52.38731], [16.89439, 52.38731], [16.8944, 52.38732], [16.89439, 52.38732], [16.8944, 52.38734], [16.89441, 52.38736], [16.89442, 52.38736], [16.89443, 52.38737], [16.89442, 52.38737], [16.89444, 52.38739], [16.89445, 52.38741], [16.89446, 52.38741], [16.89446, 52.38741], [16.89445, 52.38742], [16.89447, 52.38744], [16.89448, 52.38745], [16.89448, 52.38745], [16.89449, 52.38746], [16.89448, 52.38746], [16.8945, 52.38748], [16.89451, 52.3875], [16.89451, 52.3875], [16.89452, 52.3875], [16.89451, 52.3875], [16.89453, 52.38753], [16.89454, 52.38755], [16.89455, 52.38755], [16.89455, 52.38756], [16.89455, 52.38756], [16.89456, 52.38758], [16.89457, 52.3876], [16.89458, 52.38759], [16.89459, 52.38761], [16.89458, 52.38761], [16.8946, 52.38765], [16.89461, 52.38765], [16.89462, 52.38765], [16.89461, 52.38766], [16.89461, 52.38766], [16.89461, 52.38766], [16.89461, 52.38766], [16.89449, 52.38768], [16.8945, 52.38769], [16.89449, 52.38769], [16.89449, 52.38768], [16.89449, 52.38769], [16.89449, 52.38769], [16.89448, 52.38769], [16.89449, 52.3877], [16.8945, 52.3877], [16.8945, 52.38771], [16.89451, 52.38772], [16.8945, 52.38772], [16.8945, 52.38772], [16.89451, 52.38772], [16.89452, 52.38774], [16.89453, 52.38775], [16.89452, 52.38775], [16.89453, 52.38776], [16.89453, 52.38775], [16.89454, 52.38777], [16.89455, 52.38778], [16.89454, 52.38778], [16.89455, 52.3878], [16.89456, 52.3878], [16.89457, 52.3878], [16.89457, 52.38782], [16.89457, 52.38782], [16.89457, 52.38782], [16.89458, 52.38782], [16.89459, 52.38783], [16.8946, 52.38785], [16.89459, 52.38785], [16.89459, 52.38785], [16.8946, 52.38785], [16.89461, 52.38786], [16.89462, 52.38788], [16.89461, 52.38788], [16.89461, 52.38789], [16.89462, 52.38788], [16.89463, 52.3879], [16.89464, 52.38791], [16.89463, 52.38791], [16.89463, 52.38792], [16.89464, 52.38791], [16.89465, 52.38793], [16.89466, 52.38794], [16.89465, 52.38795], [16.89465, 52.38795], [16.89466, 52.38795], [16.89467, 52.38796], [16.89469, 52.38799], [16.8936, 52.38826]]]}}, {"type": "Feature", "properties": {"area_ha": 1.073, "dist_km": 1.281, "node": "Ostrów", "node_mw": 200, "osm_id": 334919950, "anchor_kind": "demand"}, "geometry": {"type": "Polygon", "coordinates": [[[17.81689, 51.64263], [17.81624, 51.64269], [17.81545, 51.64276], [17.81547, 51.64291], [17.81537, 51.64292], [17.81534, 51.64277], [17.81537, 51.64276], [17.81535, 51.64265], [17.81519, 51.64263], [17.81513, 51.64278], [17.81495, 51.64276], [17.8149, 51.64274], [17.81499, 51.64242], [17.81528, 51.64243], [17.81537, 51.6421], [17.81745, 51.64192], [17.81748, 51.64228], [17.81691, 51.64234], [17.81701, 51.64262], [17.81689, 51.64263]]]}}, {"type": "Feature", "properties": {"area_ha": 16.506, "dist_km": 1.74, "node": "Ostrów", "node_mw": 200, "osm_id": 334979871, "anchor_kind": "demand"}, "geometry": {"type": "Polygon", "coordinates": [[[17.80562, 51.65735], [17.80556, 51.6575], [17.8053, 51.65745], [17.80488, 51.65832], [17.80574, 51.65822], [17.80598, 51.65854], [17.80629, 51.65851], [17.80634, 51.65865], [17.80569, 51.65874], [17.8058, 51.65913], [17.80541, 51.65918], [17.80705, 51.66012], [17.80807, 51.65999], [17.80812, 51.66016], [17.80884, 51.66006], [17.80879, 51.65991], [17.80968, 51.6598], [17.80981, 51.66021], [17.81414, 51.65967], [17.81425, 51.65958], [17.81301, 51.65898], [17.81281, 51.65901], [17.81201, 51.65861], [17.81202, 51.65858], [17.81202, 51.65854], [17.81201, 51.65852], [17.81125, 51.65804], [17.81028, 51.65745], [17.81032, 51.65742], [17.80999, 51.65719], [17.80865, 51.65633], [17.80857, 51.65624], [17.80828, 51.65606], [17.80811, 51.65606], [17.80772, 51.65633], [17.80663, 51.65639], [17.80627, 51.65622], [17.80594, 51.65616], [17.80539, 51.6573], [17.80562, 51.65735]]]}}, {"type": "Feature", "properties": {"area_ha": 9.286, "dist_km": 1.466, "node": "Ostrów", "node_mw": 200, "osm_id": 334987959, "anchor_kind": "demand"}, "geometry": {"type": "Polygon", "coordinates": [[[17.81468, 51.65975], [17.81473, 51.65971], [17.81491, 51.65959], [17.81541, 51.65943], [17.81549, 51.65953], [17.81637, 51.65926], [17.81666, 51.65942], [17.81677, 51.65942], [17.81708, 51.65952], [17.81714, 51.65945], [17.8179, 51.65953], [17.81898, 51.65993], [17.81974, 51.66045], [17.81988, 51.66059], [17.8206, 51.6614], [17.82029, 51.66205], [17.81667, 51.66263], [17.81595, 51.66159], [17.81658, 51.66148], [17.81642, 51.66126], [17.81653, 51.66123], [17.81634, 51.66093], [17.81557, 51.66106], [17.81476, 51.6599], [17.81468, 51.65975]]]}}, {"type": "Feature", "properties": {"area_ha": 1.007, "dist_km": 2.565, "node": "Ostrów", "node_mw": 200, "osm_id": 334988128, "anchor_kind": "demand"}, "geometry": {"type": "Polygon", "coordinates": [[[17.79923, 51.66416], [17.8, 51.66386], [17.80066, 51.6639], [17.80076, 51.66336], [17.80041, 51.66332], [17.80037, 51.66344], [17.8, 51.6634], [17.80004, 51.66329], [17.79941, 51.66315], [17.79929, 51.66281], [17.79886, 51.66286], [17.79896, 51.66341], [17.79911, 51.66385], [17.79923, 51.66416]]]}}, {"type": "Feature", "properties": {"area_ha": 0.614, "dist_km": 2.255, "node": "Ostrów", "node_mw": 200, "osm_id": 334989257, "anchor_kind": "demand"}, "geometry": {"type": "Polygon", "coordinates": [[[17.80258, 51.66173], [17.80253, 51.66153], [17.80252, 51.66129], [17.80253, 51.66107], [17.80258, 51.66084], [17.80261, 51.66084], [17.8026, 51.66082], [17.80336, 51.6608], [17.80346, 51.66083], [17.80335, 51.66103], [17.80285, 51.66226], [17.80265, 51.66195], [17.80258, 51.66173]]]}}, {"type": "Feature", "properties": {"area_ha": 3.028, "dist_km": 0.176, "node": "Ostrów", "node_mw": 200, "osm_id": 334989697, "anchor_kind": "demand"}, "geometry": {"type": "Polygon", "coordinates": [[[17.82887, 51.65256], [17.82874, 51.65131], [17.8293, 51.65127], [17.82926, 51.65091], [17.82998, 51.65091], [17.83042, 51.65119], [17.8316, 51.65179], [17.83175, 51.6527], [17.82887, 51.65256]]]}}, {"type": "Feature", "properties": {"area_ha": 4.445, "dist_km": 2.876, "node": "Ostrów", "node_mw": 200, "osm_id": 334990833, "anchor_kind": "demand"}, "geometry": {"type": "Polygon", "coordinates": [[[17.82417, 51.62514], [17.82364, 51.62512], [17.82251, 51.62504], [17.82219, 51.62416], [17.82316, 51.62398], [17.82305, 51.62349], [17.82616, 51.62308], [17.82635, 51.62365], [17.82629, 51.62467], [17.82458, 51.62471], [17.82458, 51.62479], [17.82418, 51.62479], [17.82417, 51.62514]]]}}, {"type": "Feature", "properties": {"area_ha": 0.834, "dist_km": 2.18, "node": "Ostrów", "node_mw": 200, "osm_id": 334992442, "anchor_kind": "demand"}, "geometry": {"type": "Polygon", "coordinates": [[[17.8142, 51.63387], [17.81488, 51.63379], [17.81479, 51.63345], [17.81518, 51.63336], [17.81507, 51.63323], [17.81481, 51.63298], [17.8145, 51.63271], [17.81424, 51.63253], [17.81398, 51.6324], [17.8138, 51.63242], [17.81377, 51.63242], [17.81379, 51.63247], [17.81388, 51.63282], [17.8142, 51.63387]]]}}, {"type": "Feature", "properties": {"area_ha": 0.365, "dist_km": 2.054, "node": "Ostrów", "node_mw": 200, "osm_id": 334992451, "anchor_kind": "demand"}, "geometry": {"type": "Polygon", "coordinates": [[[17.81425, 51.63395], [17.81433, 51.63422], [17.8144, 51.63447], [17.81531, 51.63437], [17.81525, 51.63417], [17.81512, 51.63418], [17.815, 51.63382], [17.81429, 51.63391], [17.81425, 51.63395]]]}}, {"type": "Feature", "properties": {"area_ha": 3.283, "dist_km": 1.477, "node": "Ostrów", "node_mw": 200, "osm_id": 334992496, "anchor_kind": "demand"}, "geometry": {"type": "Polygon", "coordinates": [[[17.83976, 51.66196], [17.8391, 51.662], [17.83901, 51.66154], [17.83915, 51.66153], [17.839, 51.6606], [17.83923, 51.66034], [17.84099, 51.6602], [17.84114, 51.66109], [17.8412, 51.66108], [17.8413, 51.66174], [17.84096, 51.66176], [17.84076, 51.66177], [17.84081, 51.6621], [17.84093, 51.66216], [17.84103, 51.66266], [17.84098, 51.66271], [17.83989, 51.66271], [17.83976, 51.66196]]]}}, {"type": "Feature", "properties": {"area_ha": 2.72, "dist_km": 3.05, "node": "Ostrów", "node_mw": 200, "osm_id": 334993063, "anchor_kind": "demand"}, "geometry": {"type": "Polygon", "coordinates": [[[17.78791, 51.63962], [17.78874, 51.63949], [17.78885, 51.63979], [17.79028, 51.63961], [17.7914, 51.63948], [17.79169, 51.63915], [17.79137, 51.63901], [17.79091, 51.63882], [17.79014, 51.63849], [17.78968, 51.63862], [17.78875, 51.63877], [17.78871, 51.63864], [17.78722, 51.63891], [17.78754, 51.63923], [17.78788, 51.63958], [17.78791, 51.63962]]]}}, {"type": "Feature", "properties": {"area_ha": 5.093, "dist_km": 1.887, "node": "Ostrów", "node_mw": 200, "osm_id": 334993649, "anchor_kind": "demand"}, "geometry": {"type": "Polygon", "coordinates": [[[17.804, 51.652], [17.80308, 51.65195], [17.80275, 51.6519], [17.80244, 51.65194], [17.80177, 51.65167], [17.80196, 51.65149], [17.80186, 51.65101], [17.80182, 51.65074], [17.80182, 51.65052], [17.80182, 51.65049], [17.80154, 51.65], [17.80109, 51.64975], [17.80088, 51.64962], [17.80135, 51.64937], [17.80158, 51.64924], [17.80267, 51.64881], [17.80304, 51.64859], [17.80332, 51.64865], [17.80319, 51.64912], [17.80316, 51.64943], [17.80377, 51.64944], [17.80372, 51.65016], [17.80406, 51.65072], [17.80417, 51.65128], [17.80419, 51.65158], [17.8041, 51.652], [17.804, 51.652]]]}}, {"type": "Feature", "properties": {"area_ha": 1.827, "dist_km": 1.964, "node": "Ostrów", "node_mw": 200, "osm_id": 335071228, "anchor_kind": "demand"}, "geometry": {"type": "Polygon", "coordinates": [[[17.80514, 51.64226], [17.80457, 51.64177], [17.80404, 51.64146], [17.80399, 51.64144], [17.80403, 51.64138], [17.80407, 51.64131], [17.80459, 51.64152], [17.80479, 51.64123], [17.80519, 51.64071], [17.8054, 51.64063], [17.80617, 51.64065], [17.80589, 51.64237], [17.80588, 51.64287], [17.80554, 51.64288], [17.80514, 51.64226]]]}}, {"type": "Feature", "properties": {"area_ha": 1.517, "dist_km": 2.414, "node": "Ostrów", "node_mw": 200, "osm_id": 335071310, "anchor_kind": "demand"}, "geometry": {"type": "Polygon", "coordinates": [[[17.81309, 51.63118], [17.81397, 51.63106], [17.81429, 51.63101], [17.81532, 51.63087], [17.8152, 51.63045], [17.81479, 51.63002], [17.81292, 51.63026], [17.81297, 51.63053], [17.81309, 51.63118]]]}}, {"type": "Feature", "properties": {"area_ha": 0.565, "dist_km": 2.345, "node": "Ostrów", "node_mw": 200, "osm_id": 335073498, "anchor_kind": "demand"}, "geometry": {"type": "Polygon", "coordinates": [[[17.81321, 51.63124], [17.81329, 51.63146], [17.81351, 51.63183], [17.81364, 51.63193], [17.81439, 51.63217], [17.81406, 51.6311], [17.81406, 51.63109], [17.81327, 51.6312], [17.81321, 51.63124]]]}}, {"type": "Feature", "properties": {"area_ha": 1.544, "dist_km": 2.257, "node": "Ostrów", "node_mw": 200, "osm_id": 335073728, "anchor_kind": "demand"}, "geometry": {"type": "Polygon", "coordinates": [[[17.81406, 51.6311], [17.81439, 51.63217], [17.81585, 51.63271], [17.81596, 51.63268], [17.81566, 51.63185], [17.81532, 51.63087], [17.81406, 51.6311]]]}}, {"type": "Feature", "properties": {"area_ha": 6.475, "dist_km": 2.636, "node": "Ostrów", "node_mw": 200, "osm_id": 336008239, "anchor_kind": "demand"}, "geometry": {"type": "Polygon", "coordinates": [[[17.81398, 51.62833], [17.81362, 51.62838], [17.81366, 51.62849], [17.81393, 51.62942], [17.81368, 51.62945], [17.8138, 51.62988], [17.81467, 51.62978], [17.81652, 51.62957], [17.81687, 51.62952], [17.81676, 51.62906], [17.81694, 51.62903], [17.81676, 51.62851], [17.81691, 51.6285], [17.81672, 51.62808], [17.8163, 51.62726], [17.81619, 51.62723], [17.81616, 51.62682], [17.81577, 51.62681], [17.8153, 51.62684], [17.81475, 51.62685], [17.8141, 51.62684], [17.81375, 51.62698], [17.81313, 51.62706], [17.81371, 51.62767], [17.81382, 51.62789], [17.81398, 51.62833]]]}}, {"type": "Feature", "properties": {"area_ha": 1.446, "dist_km": 2.183, "node": "Ostrów", "node_mw": 200, "osm_id": 336671463, "anchor_kind": "demand"}, "geometry": {"type": "Polygon", "coordinates": [[[17.84227, 51.66816], [17.84231, 51.66812], [17.84233, 51.66809], [17.84246, 51.66808], [17.8426, 51.66798], [17.84249, 51.66742], [17.84273, 51.66722], [17.84386, 51.66717], [17.84407, 51.66844], [17.84361, 51.66869], [17.84227, 51.66816]]]}}, {"type": "Feature", "properties": {"area_ha": 19.914, "dist_km": 2.711, "node": "Ostrów", "node_mw": 200, "osm_id": 336758097, "anchor_kind": "demand"}, "geometry": {"type": "Polygon", "coordinates": [[[17.81885, 51.62753], [17.8198, 51.62798], [17.82102, 51.62841], [17.82375, 51.62935], [17.82491, 51.62967], [17.8255, 51.62976], [17.82572, 51.62976], [17.82562, 51.62859], [17.82447, 51.62852], [17.82482, 51.62678], [17.82496, 51.62582], [17.82401, 51.62577], [17.8241, 51.62518], [17.82251, 51.62507], [17.82243, 51.625], [17.82191, 51.62354], [17.82104, 51.6236], [17.82095, 51.62338], [17.81958, 51.62354], [17.8197, 51.62396], [17.81952, 51.62399], [17.81964, 51.62438], [17.81925, 51.62434], [17.81915, 51.62486], [17.8188, 51.62487], [17.81891, 51.62541], [17.81893, 51.62592], [17.81886, 51.62637], [17.81891, 51.62702], [17.8189, 51.62724], [17.81885, 51.62753]]]}}, {"type": "Feature", "properties": {"area_ha": 0.453, "dist_km": 1.435, "node": "Ostrów", "node_mw": 200, "osm_id": 336758518, "anchor_kind": "demand"}, "geometry": {"type": "Polygon", "coordinates": [[[17.81005, 51.64689], [17.81008, 51.64686], [17.81027, 51.64669], [17.81029, 51.64663], [17.81072, 51.64626], [17.81016, 51.646], [17.80965, 51.64604], [17.80939, 51.64618], [17.80988, 51.6464], [17.80987, 51.64652], [17.80965, 51.64672], [17.81005, 51.64689]]]}}, {"type": "Feature", "properties": {"area_ha": 1.984, "dist_km": 1.505, "node": "Ostrów", "node_mw": 200, "osm_id": 336759031, "anchor_kind": "demand"}, "geometry": {"type": "Polygon", "coordinates": [[[17.82297, 51.63687], [17.82347, 51.63631], [17.82369, 51.6362], [17.82386, 51.63625], [17.82411, 51.63658], [17.82417, 51.63792], [17.82305, 51.63801], [17.82207, 51.63805], [17.82204, 51.6379], [17.822, 51.63775], [17.82227, 51.63741], [17.82282, 51.63683], [17.82297, 51.63687]]]}}, {"type": "Feature", "properties": {"area_ha": 3.688, "dist_km": 2.748, "node": "Ostrów", "node_mw": 200, "osm_id": 336759157, "anchor_kind": "demand"}, "geometry": {"type": "Polygon", "coordinates": [[[17.79288, 51.66155], [17.79306, 51.66202], [17.79326, 51.66251], [17.79369, 51.66243], [17.79378, 51.66259], [17.79407, 51.66258], [17.79553, 51.66254], [17.797, 51.6625], [17.79702, 51.66246], [17.7976, 51.66245], [17.79702, 51.6616], [17.79691, 51.66141], [17.79672, 51.66114], [17.79639, 51.66117], [17.79533, 51.66128], [17.79537, 51.66142], [17.79443, 51.66154], [17.7944, 51.66145], [17.79366, 51.66154], [17.79347, 51.66149], [17.79288, 51.66155]]]}}, {"type": "Feature", "properties": {"area_ha": 0.014, "dist_km": 0.356, "node": "Ostrów", "node_mw": 200, "osm_id": 341871043, "anchor_kind": "demand"}, "geometry": {"type": "Polygon", "coordinates": [[[17.83199, 51.64716], [17.83195, 51.64696], [17.83204, 51.64695], [17.83208, 51.64715], [17.83199, 51.64716]]]}}, {"type": "Feature", "properties": {"area_ha": 2.814, "dist_km": 2.625, "node": "Mościska", "node_mw": 50, "osm_id": 363779065, "anchor_kind": "demand"}, "geometry": {"type": "Polygon", "coordinates": [[[16.93288, 52.36862], [16.93269, 52.36829], [16.93268, 52.36829], [16.93257, 52.36811], [16.93247, 52.36801], [16.93241, 52.36796], [16.93236, 52.36784], [16.93235, 52.36782], [16.93234, 52.3678], [16.93233, 52.36779], [16.93244, 52.36772], [16.93238, 52.36761], [16.93307, 52.36744], [16.93358, 52.36726], [16.9336, 52.36728], [16.93361, 52.3673], [16.93376, 52.36726], [16.93473, 52.36701], [16.93494, 52.36697], [16.93529, 52.36756], [16.93557, 52.36802], [16.93568, 52.36819], [16.93572, 52.36825], [16.93413, 52.36855], [16.93409, 52.36856], [16.93404, 52.36857], [16.93357, 52.36866], [16.93313, 52.36874], [16.93297, 52.36877], [16.93293, 52.36871], [16.93293, 52.3687], [16.93291, 52.36868], [16.93289, 52.36864], [16.93277, 52.36866], [16.93277, 52.36865], [16.93276, 52.36864], [16.93288, 52.36862]]]}}, {"type": "Feature", "properties": {"area_ha": 53.043, "dist_km": 2.682, "node": "Mościska", "node_mw": 50, "osm_id": 363779206, "anchor_kind": "demand"}, "geometry": {"type": "Polygon", "coordinates": [[[16.93019, 52.36814], [16.93042, 52.36808], [16.93047, 52.36813], [16.93071, 52.3683], [16.93079, 52.36826], [16.93092, 52.36838], [16.93087, 52.3684], [16.931, 52.36852], [16.93092, 52.36855], [16.93161, 52.36923], [16.93206, 52.36908], [16.93226, 52.36929], [16.93298, 52.3691], [16.93289, 52.36894], [16.93345, 52.36884], [16.93581, 52.3684], [16.93575, 52.3683], [16.93572, 52.36825], [16.93568, 52.36819], [16.93557, 52.36802], [16.93529, 52.36756], [16.93494, 52.36697], [16.93508, 52.36695], [16.93611, 52.3668], [16.93672, 52.36675], [16.93731, 52.36674], [16.9371, 52.36621], [16.93624, 52.36635], [16.93379, 52.36677], [16.93368, 52.36669], [16.93479, 52.36624], [16.93613, 52.3655], [16.93763, 52.36468], [16.93869, 52.36511], [16.93951, 52.36498], [16.93988, 52.36659], [16.94007, 52.36767], [16.941, 52.36751], [16.94127, 52.36814], [16.94047, 52.36829], [16.93988, 52.36827], [16.9388, 52.36846], [16.93898, 52.36884], [16.9377, 52.36909], [16.93796, 52.36946], [16.93757, 52.36956], [16.93766, 52.36973], [16.93753, 52.36976], [16.93724, 52.36949], [16.93608, 52.36968], [16.93595, 52.36952], [16.93552, 52.36964], [16.936, 52.37018], [16.93618, 52.37011], [16.93637, 52.37029], [16.93661, 52.37047], [16.93779, 52.37], [16.93767, 52.36985], [16.93937, 52.36951], [16.9379, 52.37206], [16.9382, 52.37215], [16.93915, 52.37194], [16.9398, 52.37179], [16.93991, 52.37193], [16.94034, 52.37354], [16.9391, 52.37377], [16.93929, 52.37411], [16.93813, 52.37432], [16.93899, 52.37511], [16.93976, 52.37497], [16.93967, 52.37481], [16.9401, 52.37472], [16.94018, 52.37489], [16.9406, 52.37481], [16.94068, 52.3748], [16.94083, 52.37551], [16.94096, 52.37591], [16.93963, 52.37618], [16.93973, 52.37627], [16.94125, 52.3777], [16.94108, 52.37777], [16.94085, 52.37755], [16.93985, 52.37795], [16.93942, 52.37813], [16.93921, 52.37791], [16.93831, 52.37731], [16.9379, 52.3766], [16.93513, 52.37707], [16.93222, 52.37237], [16.93348, 52.37196], [16.93243, 52.37074], [16.93262, 52.37065], [16.93232, 52.37037], [16.93137, 52.37071], [16.93084, 52.37001], [16.93003, 52.36839], [16.92988, 52.36813], [16.92988, 52.3681], [16.9299, 52.36808], [16.93009, 52.36801], [16.93019, 52.36814]]]}}, {"type": "Feature", "properties": {"area_ha": 0.065, "dist_km": 1.586, "node": "Mościska", "node_mw": 50, "osm_id": 374748356, "anchor_kind": "demand"}, "geometry": {"type": "Polygon", "coordinates": [[[16.92206, 52.38459], [16.92175, 52.38463], [16.92181, 52.38489], [16.92204, 52.38487], [16.92206, 52.38487], [16.92208, 52.38487], [16.92211, 52.38487], [16.92212, 52.38487], [16.92206, 52.38461], [16.92206, 52.38459]]]}}, {"type": "Feature", "properties": {"area_ha": 0.065, "dist_km": 2.718, "node": "Ostrów", "node_mw": 200, "osm_id": 390822388, "anchor_kind": "demand"}, "geometry": {"type": "Polygon", "coordinates": [[[17.79694, 51.66363], [17.79692, 51.66333], [17.79691, 51.66333], [17.79691, 51.6633], [17.79689, 51.66329], [17.79688, 51.66327], [17.79688, 51.66326], [17.79688, 51.66324], [17.7969, 51.66323], [17.79693, 51.66322], [17.79695, 51.66322], [17.79698, 51.66322], [17.79701, 51.66324], [17.79704, 51.66324], [17.79706, 51.66323], [17.79713, 51.66323], [17.79714, 51.66333], [17.7971, 51.66333], [17.79711, 51.6634], [17.79713, 51.66366], [17.79695, 51.66366], [17.79694, 51.66363], [17.79694, 51.66363]]]}}, {"type": "Feature", "properties": {"area_ha": 0.013, "dist_km": 2.653, "node": "Ostrów", "node_mw": 200, "osm_id": 390822390, "anchor_kind": "demand"}, "geometry": {"type": "Polygon", "coordinates": [[[17.80176, 51.66629], [17.80179, 51.66623], [17.80204, 51.66628], [17.80201, 51.66634], [17.80176, 51.66629]]]}}, {"type": "Feature", "properties": {"area_ha": 0.007, "dist_km": 2.77, "node": "Ostrów", "node_mw": 200, "osm_id": 390822394, "anchor_kind": "demand"}, "geometry": {"type": "Polygon", "coordinates": [[[17.80165, 51.66772], [17.80167, 51.66768], [17.80188, 51.66772], [17.80186, 51.66776], [17.80165, 51.66772]]]}}, {"type": "Feature", "properties": {"area_ha": 0.015, "dist_km": 2.355, "node": "Ostrów", "node_mw": 200, "osm_id": 390953743, "anchor_kind": "demand"}, "geometry": {"type": "Polygon", "coordinates": [[[17.80144, 51.66174], [17.80143, 51.66158], [17.80156, 51.66158], [17.80157, 51.66173], [17.80144, 51.66174]]]}}, {"type": "Feature", "properties": {"area_ha": 0.064, "dist_km": 2.727, "node": "Ostrów", "node_mw": 200, "osm_id": 390953767, "anchor_kind": "demand"}, "geometry": {"type": "Polygon", "coordinates": [[[17.7929, 51.65922], [17.79291, 51.65914], [17.7939, 51.65918], [17.79389, 51.65926], [17.79316, 51.65923], [17.7929, 51.65922]]]}}, {"type": "Feature", "properties": {"area_ha": 0.01, "dist_km": 0.261, "node": "Ostrów", "node_mw": 200, "osm_id": 391088242, "anchor_kind": "demand"}, "geometry": {"type": "Polygon", "coordinates": [[[17.82789, 51.64809], [17.82799, 51.64809], [17.82799, 51.64796], [17.82789, 51.64796], [17.82789, 51.64809]]]}}, {"type": "Feature", "properties": {"area_ha": 0.194, "dist_km": 1.458, "node": "Ostrów", "node_mw": 200, "osm_id": 391095687, "anchor_kind": "demand"}, "geometry": {"type": "Polygon", "coordinates": [[[17.84014, 51.66176], [17.84016, 51.6619], [17.83994, 51.66191], [17.83991, 51.66178], [17.83987, 51.66178], [17.83974, 51.66179], [17.83953, 51.6618], [17.83952, 51.66178], [17.83941, 51.66179], [17.83939, 51.66165], [17.8395, 51.66164], [17.83949, 51.66159], [17.83966, 51.66158], [17.83984, 51.66157], [17.8398, 51.6613], [17.84007, 51.66128], [17.84007, 51.66131], [17.84011, 51.6613], [17.84012, 51.66135], [17.84008, 51.66135], [17.84014, 51.66176]]]}}, {"type": "Feature", "properties": {"area_ha": 0.035, "dist_km": 1.479, "node": "Ostrów", "node_mw": 200, "osm_id": 391095729, "anchor_kind": "demand"}, "geometry": {"type": "Polygon", "coordinates": [[[17.83761, 51.66252], [17.83759, 51.66237], [17.83758, 51.66234], [17.83784, 51.66233], [17.83787, 51.6625], [17.83761, 51.66252]]]}}, {"type": "Feature", "properties": {"area_ha": 0.021, "dist_km": 1.44, "node": "Ostrów", "node_mw": 200, "osm_id": 391095730, "anchor_kind": "demand"}, "geometry": {"type": "Polygon", "coordinates": [[[17.84012, 51.66135], [17.84011, 51.6613], [17.8401, 51.66125], [17.84037, 51.66123], [17.84039, 51.66134], [17.84012, 51.66135]]]}}, {"type": "Feature", "properties": {"area_ha": 0.022, "dist_km": 1.477, "node": "Ostrów", "node_mw": 200, "osm_id": 391095739, "anchor_kind": "demand"}, "geometry": {"type": "Polygon", "coordinates": [[[17.83738, 51.66251], [17.83736, 51.66239], [17.83759, 51.66237], [17.83759, 51.66237], [17.83761, 51.6625], [17.83756, 51.6625], [17.83738, 51.66251]]]}}, {"type": "Feature", "properties": {"area_ha": 0.064, "dist_km": 1.919, "node": "Ostrów", "node_mw": 200, "osm_id": 391137954, "anchor_kind": "demand"}, "geometry": {"type": "Polygon", "coordinates": [[[17.81504, 51.63568], [17.81502, 51.63559], [17.81499, 51.6356], [17.81493, 51.63537], [17.81485, 51.63538], [17.81485, 51.63538], [17.81467, 51.6354], [17.81476, 51.63571], [17.81504, 51.63568]]]}}, {"type": "Feature", "properties": {"area_ha": 0.101, "dist_km": 1.906, "node": "Ostrów", "node_mw": 200, "osm_id": 391137965, "anchor_kind": "demand"}, "geometry": {"type": "Polygon", "coordinates": [[[17.8157, 51.63496], [17.81592, 51.63494], [17.81595, 51.63505], [17.81597, 51.63512], [17.81609, 51.63551], [17.81586, 51.63553], [17.81583, 51.63544], [17.81583, 51.63543], [17.81583, 51.63543], [17.8157, 51.63496]]]}}, {"type": "Feature", "properties": {"area_ha": 0.094, "dist_km": 1.939, "node": "Ostrów", "node_mw": 200, "osm_id": 391137973, "anchor_kind": "demand"}, "geometry": {"type": "Polygon", "coordinates": [[[17.81503, 51.63524], [17.81538, 51.6352], [17.81565, 51.63517], [17.81559, 51.63497], [17.81498, 51.63504], [17.81503, 51.63524]]]}}, {"type": "Feature", "properties": {"area_ha": 0.082, "dist_km": 2.028, "node": "Ostrów", "node_mw": 200, "osm_id": 391137976, "anchor_kind": "demand"}, "geometry": {"type": "Polygon", "coordinates": [[[17.81531, 51.63396], [17.81542, 51.63432], [17.81566, 51.63429], [17.81563, 51.63419], [17.81566, 51.63419], [17.81564, 51.6341], [17.81571, 51.63409], [17.81562, 51.63393], [17.81551, 51.63394], [17.81531, 51.63396]]]}}, {"type": "Feature", "properties": {"area_ha": 0.848, "dist_km": 0.926, "node": "Mościska", "node_mw": 50, "osm_id": 391299473, "anchor_kind": "demand"}, "geometry": {"type": "Polygon", "coordinates": [[[16.91346, 52.37986], [16.91351, 52.37985], [16.91355, 52.3799], [16.9142, 52.37968], [16.91416, 52.37963], [16.91424, 52.3796], [16.9133, 52.37854], [16.91252, 52.3788], [16.91346, 52.37986]]]}}, {"type": "Feature", "properties": {"area_ha": 0.048, "dist_km": 0.426, "node": "Mościska", "node_mw": 50, "osm_id": 391598738, "anchor_kind": "demand"}, "geometry": {"type": "Polygon", "coordinates": [[[16.9061, 52.37948], [16.90599, 52.37927], [16.90627, 52.37922], [16.90637, 52.37943], [16.9061, 52.37948]]]}}, {"type": "Feature", "properties": {"area_ha": 0.093, "dist_km": 0.731, "node": "Mościska", "node_mw": 50, "osm_id": 391598740, "anchor_kind": "demand"}, "geometry": {"type": "Polygon", "coordinates": [[[16.90907, 52.38314], [16.90976, 52.383], [16.90984, 52.38316], [16.90915, 52.3833], [16.90907, 52.38314]]]}}, {"type": "Feature", "properties": {"area_ha": 0.123, "dist_km": 0.464, "node": "Mościska", "node_mw": 50, "osm_id": 391598741, "anchor_kind": "demand"}, "geometry": {"type": "Polygon", "coordinates": [[[16.90596, 52.37973], [16.90692, 52.37955], [16.90692, 52.37955], [16.90697, 52.37954], [16.90697, 52.37954], [16.90706, 52.37952], [16.90702, 52.37944], [16.90701, 52.37944], [16.90698, 52.37938], [16.90685, 52.37941], [16.90685, 52.37941], [16.90589, 52.37959], [16.90596, 52.37973]]]}}, {"type": "Feature", "properties": {"area_ha": 1.43, "dist_km": 0.762, "node": "Mościska", "node_mw": 50, "osm_id": 391598742, "anchor_kind": "demand"}, "geometry": {"type": "Polygon", "coordinates": [[[16.90991, 52.38323], [16.90778, 52.38364], [16.90817, 52.38439], [16.90841, 52.38434], [16.90845, 52.38442], [16.9086, 52.38439], [16.90856, 52.38431], [16.9086, 52.3843], [16.90863, 52.38436], [16.90989, 52.38412], [16.90992, 52.38418], [16.91035, 52.3841], [16.90991, 52.38323]]]}}, {"type": "Feature", "properties": {"area_ha": 0.289, "dist_km": 0.91, "node": "Mościska", "node_mw": 50, "osm_id": 391598743, "anchor_kind": "demand"}, "geometry": {"type": "Polygon", "coordinates": [[[16.90934, 52.38565], [16.90923, 52.38543], [16.91085, 52.38512], [16.91096, 52.38534], [16.90934, 52.38565]]]}}, {"type": "Feature", "properties": {"area_ha": 0.346, "dist_km": 0.819, "node": "Mościska", "node_mw": 50, "osm_id": 391598744, "anchor_kind": "demand"}, "geometry": {"type": "Polygon", "coordinates": [[[16.91056, 52.38451], [16.91044, 52.38426], [16.90952, 52.38444], [16.90951, 52.38441], [16.90943, 52.38442], [16.90945, 52.38445], [16.90876, 52.38458], [16.90889, 52.38483], [16.91056, 52.38451]]]}}, {"type": "Feature", "properties": {"area_ha": 1.145, "dist_km": 0.68, "node": "Mościska", "node_mw": 50, "osm_id": 391598745, "anchor_kind": "demand"}, "geometry": {"type": "Polygon", "coordinates": [[[16.90735, 52.3828], [16.90775, 52.38355], [16.90838, 52.38343], [16.90828, 52.3832], [16.90855, 52.38315], [16.90858, 52.3832], [16.90836, 52.38324], [16.90845, 52.38343], [16.90901, 52.38332], [16.90891, 52.38314], [16.90873, 52.38317], [16.9087, 52.38312], [16.90975, 52.38291], [16.90948, 52.38238], [16.90735, 52.3828]]]}}, {"type": "Feature", "properties": {"area_ha": 0.227, "dist_km": 0.81, "node": "Mościska", "node_mw": 50, "osm_id": 391598750, "anchor_kind": "demand"}, "geometry": {"type": "Polygon", "coordinates": [[[16.91034, 52.38297], [16.91033, 52.38297], [16.91045, 52.38294], [16.91061, 52.38291], [16.91066, 52.38299], [16.91067, 52.38302], [16.91068, 52.38304], [16.91067, 52.38305], [16.91086, 52.38341], [16.91113, 52.38392], [16.91086, 52.38397], [16.91086, 52.38397], [16.91034, 52.38297]]]}}, {"type": "Feature", "properties": {"area_ha": 1.648, "dist_km": 0.461, "node": "Mościska", "node_mw": 50, "osm_id": 391598751, "anchor_kind": "demand"}, "geometry": {"type": "Polygon", "coordinates": [[[16.90569, 52.37921], [16.90557, 52.37898], [16.90567, 52.37896], [16.90546, 52.37856], [16.90547, 52.37856], [16.90558, 52.37854], [16.90558, 52.37854], [16.90548, 52.37834], [16.90541, 52.3782], [16.9057, 52.37814], [16.90568, 52.3781], [16.90567, 52.3781], [16.9056, 52.37796], [16.9057, 52.37794], [16.90579, 52.37792], [16.9061, 52.37787], [16.90678, 52.37773], [16.90678, 52.37773], [16.907, 52.37769], [16.90705, 52.37779], [16.90705, 52.37779], [16.90754, 52.37874], [16.90731, 52.37878], [16.90736, 52.37889], [16.90737, 52.37889], [16.90739, 52.37893], [16.90683, 52.37903], [16.90681, 52.37899], [16.90569, 52.37921]]]}}, {"type": "Feature", "properties": {"area_ha": 0.256, "dist_km": 0.617, "node": "Mościska", "node_mw": 50, "osm_id": 391598752, "anchor_kind": "demand"}, "geometry": {"type": "Polygon", "coordinates": [[[16.90722, 52.38367], [16.9077, 52.38358], [16.90738, 52.38294], [16.9069, 52.38303], [16.90722, 52.38367]]]}}, {"type": "Feature", "properties": {"area_ha": 0.196, "dist_km": 0.755, "node": "Mościska", "node_mw": 50, "osm_id": 391598753, "anchor_kind": "demand"}, "geometry": {"type": "Polygon", "coordinates": [[[16.91101, 52.38202], [16.91091, 52.38204], [16.91092, 52.38204], [16.9104, 52.38214], [16.9104, 52.38214], [16.91017, 52.38219], [16.91017, 52.38218], [16.9097, 52.38228], [16.90979, 52.38246], [16.91025, 52.38237], [16.91026, 52.38238], [16.91035, 52.38236], [16.91034, 52.38235], [16.91102, 52.38222], [16.91102, 52.38222], [16.9111, 52.3822], [16.91105, 52.38211], [16.91101, 52.38202]]]}}, {"type": "Feature", "properties": {"area_ha": 3.909, "dist_km": 0.479, "node": "Mościska", "node_mw": 50, "osm_id": 391598754, "anchor_kind": "demand"}, "geometry": {"type": "Polygon", "coordinates": [[[16.90681, 52.38173], [16.90715, 52.3824], [16.90877, 52.3821], [16.90803, 52.38063], [16.90854, 52.38053], [16.90815, 52.37975], [16.90774, 52.37983], [16.90763, 52.37962], [16.9058, 52.37997], [16.90592, 52.3802], [16.90586, 52.38021], [16.90609, 52.38067], [16.90598, 52.38069], [16.90611, 52.38094], [16.90619, 52.38092], [16.9065, 52.38152], [16.90657, 52.38151], [16.90669, 52.38175], [16.90681, 52.38173]]]}}, {"type": "Feature", "properties": {"area_ha": 1.897, "dist_km": 2.661, "node": "Ostrów", "node_mw": 200, "osm_id": 393451532, "anchor_kind": "demand"}, "geometry": {"type": "Polygon", "coordinates": [[[17.80447, 51.63079], [17.80648, 51.63051], [17.80619, 51.63223], [17.80609, 51.63225], [17.80531, 51.6324], [17.80496, 51.63173], [17.80456, 51.63097], [17.80447, 51.63079]]]}}, {"type": "Feature", "properties": {"area_ha": 1.152, "dist_km": 2.225, "node": "Ostrów", "node_mw": 200, "osm_id": 393592557, "anchor_kind": "demand"}, "geometry": {"type": "Polygon", "coordinates": [[[17.80609, 51.66277], [17.80602, 51.66357], [17.80583, 51.66357], [17.80581, 51.66377], [17.80544, 51.66377], [17.80544, 51.6638], [17.80534, 51.6638], [17.80532, 51.6641], [17.80485, 51.6641], [17.80489, 51.66347], [17.80505, 51.66347], [17.80515, 51.66223], [17.8055, 51.66222], [17.8055, 51.66226], [17.8055, 51.66229], [17.80554, 51.66228], [17.80572, 51.66229], [17.80574, 51.66239], [17.80578, 51.66239], [17.80583, 51.66239], [17.80582, 51.66275], [17.80609, 51.66277]]]}}, {"type": "Feature", "properties": {"area_ha": 0.646, "dist_km": 2.403, "node": "Ostrów", "node_mw": 200, "osm_id": 410997988, "anchor_kind": "demand"}, "geometry": {"type": "Polygon", "coordinates": [[[17.80288, 51.63542], [17.80332, 51.63607], [17.80391, 51.63588], [17.80413, 51.63581], [17.80424, 51.63576], [17.80427, 51.63574], [17.80446, 51.63562], [17.80406, 51.63514], [17.80288, 51.63542]]]}}, {"type": "Feature", "properties": {"area_ha": 0.988, "dist_km": 1.404, "node": "Ostrów", "node_mw": 200, "osm_id": 411013419, "anchor_kind": "demand"}, "geometry": {"type": "Polygon", "coordinates": [[[17.8203, 51.63948], [17.81886, 51.63964], [17.81863, 51.63895], [17.81973, 51.63884], [17.82061, 51.63876], [17.82085, 51.63873], [17.8203, 51.63948]]]}}, {"type": "Feature", "properties": {"area_ha": 1.709, "dist_km": 2.197, "node": "Ostrów", "node_mw": 200, "osm_id": 411013667, "anchor_kind": "demand"}, "geometry": {"type": "Polygon", "coordinates": [[[17.82309, 51.63138], [17.82447, 51.63128], [17.82436, 51.63102], [17.82431, 51.63078], [17.82426, 51.63053], [17.8242, 51.63027], [17.82417, 51.62981], [17.82255, 51.62994], [17.82272, 51.6306], [17.82309, 51.63138]]]}}, {"type": "Feature", "properties": {"area_ha": 36.197, "dist_km": 2.181, "node": "Ostrów", "node_mw": 200, "osm_id": 411014185, "anchor_kind": "demand"}, "geometry": {"type": "Polygon", "coordinates": [[[17.81373, 51.63223], [17.81381, 51.63204], [17.81553, 51.63266], [17.81601, 51.63278], [17.81604, 51.63262], [17.81588, 51.63212], [17.81571, 51.63172], [17.81595, 51.63164], [17.81731, 51.63151], [17.81707, 51.63075], [17.81814, 51.63064], [17.81872, 51.63016], [17.81819, 51.6285], [17.81755, 51.6286], [17.81749, 51.62843], [17.818, 51.62835], [17.81783, 51.62788], [17.81748, 51.62747], [17.81697, 51.62723], [17.81622, 51.62708], [17.81622, 51.62686], [17.81668, 51.62685], [17.81725, 51.62695], [17.81774, 51.62716], [17.81819, 51.62739], [17.81887, 51.62777], [17.81947, 51.62804], [17.82031, 51.62834], [17.82132, 51.62868], [17.82184, 51.62899], [17.82232, 51.62936], [17.82274, 51.62978], [17.82248, 51.62985], [17.82253, 51.63009], [17.82266, 51.63056], [17.8228, 51.6309], [17.82297, 51.63149], [17.82446, 51.63135], [17.82477, 51.63305], [17.82457, 51.63329], [17.82386, 51.63412], [17.82379, 51.6342], [17.8239, 51.63461], [17.82119, 51.6349], [17.82126, 51.63517], [17.82135, 51.63539], [17.82149, 51.63585], [17.82157, 51.6359], [17.82196, 51.63583], [17.82139, 51.6364], [17.82072, 51.63629], [17.82085, 51.63713], [17.81981, 51.63717], [17.81962, 51.63649], [17.81919, 51.63569], [17.81836, 51.63485], [17.81656, 51.63383], [17.81553, 51.63324], [17.81373, 51.63223]]]}}, {"type": "Feature", "properties": {"area_ha": 0.727, "dist_km": 2.807, "node": "Ostrów", "node_mw": 200, "osm_id": 411015180, "anchor_kind": "demand"}, "geometry": {"type": "Polygon", "coordinates": [[[17.82629, 51.6247], [17.82462, 51.62474], [17.82462, 51.62481], [17.82422, 51.62482], [17.82422, 51.62515], [17.82482, 51.6252], [17.82627, 51.62521], [17.82629, 51.6247]]]}}, {"type": "Feature", "properties": {"area_ha": 2.94, "dist_km": 1.96, "node": "Ostrów", "node_mw": 200, "osm_id": 411023419, "anchor_kind": "demand"}, "geometry": {"type": "Polygon", "coordinates": [[[17.81184, 51.66504], [17.81135, 51.66398], [17.8112, 51.66363], [17.81117, 51.66357], [17.81073, 51.66254], [17.81065, 51.66244], [17.8113, 51.66234], [17.81148, 51.66231], [17.81207, 51.66221], [17.81258, 51.66342], [17.81269, 51.66366], [17.81291, 51.66412], [17.81297, 51.6643], [17.81316, 51.66472], [17.81271, 51.66483], [17.81278, 51.66493], [17.81184, 51.66504]]]}}, {"type": "Feature", "properties": {"area_ha": 0.525, "dist_km": 0.796, "node": "Ostrów", "node_mw": 200, "osm_id": 411025993, "anchor_kind": "demand"}, "geometry": {"type": "Polygon", "coordinates": [[[17.84082, 51.64912], [17.84094, 51.6498], [17.84191, 51.64973], [17.84185, 51.64932], [17.84173, 51.64904], [17.84171, 51.64901], [17.84082, 51.64912]]]}}, {"type": "Feature", "properties": {"area_ha": 1.566, "dist_km": 2.734, "node": "Ostrów", "node_mw": 200, "osm_id": 411035205, "anchor_kind": "demand"}, "geometry": {"type": "Polygon", "coordinates": [[[17.79284, 51.65945], [17.79281, 51.65911], [17.79317, 51.65911], [17.79322, 51.65881], [17.79397, 51.65885], [17.79395, 51.65914], [17.79402, 51.65914], [17.794, 51.65931], [17.79409, 51.65944], [17.79428, 51.66007], [17.79412, 51.66009], [17.79429, 51.66068], [17.79394, 51.66071], [17.79392, 51.66064], [17.79326, 51.66072], [17.79307, 51.66012], [17.79295, 51.65975], [17.79292, 51.65967], [17.79284, 51.65945]]]}}, {"type": "Feature", "properties": {"area_ha": 0.321, "dist_km": 2.576, "node": "Ostrów", "node_mw": 200, "osm_id": 411035800, "anchor_kind": "demand"}, "geometry": {"type": "Polygon", "coordinates": [[[17.79556, 51.65952], [17.79585, 51.65944], [17.79575, 51.6593], [17.79594, 51.65925], [17.79634, 51.65926], [17.79639, 51.65896], [17.79542, 51.65889], [17.79538, 51.65936], [17.7955, 51.65953], [17.79556, 51.65952]]]}}, {"type": "Feature", "properties": {"area_ha": 1.211, "dist_km": 2.342, "node": "Ostrów", "node_mw": 200, "osm_id": 419552547, "anchor_kind": "demand"}, "geometry": {"type": "Polygon", "coordinates": [[[17.8007, 51.66088], [17.80118, 51.66158], [17.80131, 51.6618], [17.80167, 51.6618], [17.8017, 51.66239], [17.80245, 51.66235], [17.80241, 51.66208], [17.80227, 51.66143], [17.80218, 51.66086], [17.8007, 51.66088]]]}}, {"type": "Feature", "properties": {"area_ha": 1.422, "dist_km": 2.771, "node": "Ostrów", "node_mw": 200, "osm_id": 421106957, "anchor_kind": "demand"}, "geometry": {"type": "Polygon", "coordinates": [[[17.79918, 51.66718], [17.79886, 51.66709], [17.79839, 51.66666], [17.79962, 51.66616], [17.79946, 51.666], [17.79965, 51.66592], [17.79972, 51.66599], [17.79992, 51.66589], [17.79998, 51.66594], [17.80023, 51.66617], [17.80087, 51.66612], [17.80038, 51.66708], [17.79918, 51.66718]]]}}, {"type": "Feature", "properties": {"area_ha": 0.962, "dist_km": 1.79, "node": "Ostrów", "node_mw": 200, "osm_id": 421622061, "anchor_kind": "demand"}, "geometry": {"type": "Polygon", "coordinates": [[[17.81223, 51.66084], [17.81251, 51.66162], [17.81097, 51.66183], [17.81068, 51.66107], [17.81223, 51.66084]]]}}, {"type": "Feature", "properties": {"area_ha": 0.543, "dist_km": 1.645, "node": "Ostrów", "node_mw": 200, "osm_id": 421622415, "anchor_kind": "demand"}, "geometry": {"type": "Polygon", "coordinates": [[[17.8124, 51.66086], [17.81431, 51.66061], [17.81419, 51.66025], [17.81228, 51.6605], [17.8124, 51.66086]]]}}, {"type": "Feature", "properties": {"area_ha": 0.917, "dist_km": 1.836, "node": "Ostrów", "node_mw": 200, "osm_id": 421622652, "anchor_kind": "demand"}, "geometry": {"type": "Polygon", "coordinates": [[[17.81223, 51.66084], [17.81068, 51.66107], [17.80907, 51.66126], [17.80899, 51.66107], [17.80887, 51.66108], [17.80881, 51.66093], [17.81213, 51.66051], [17.81223, 51.66084]]]}}, {"type": "Feature", "properties": {"area_ha": 1.143, "dist_km": 1.773, "node": "Ostrów", "node_mw": 200, "osm_id": 421623278, "anchor_kind": "demand"}, "geometry": {"type": "Polygon", "coordinates": [[[17.81361, 51.66358], [17.81576, 51.66324], [17.81511, 51.66179], [17.8146, 51.66187], [17.81504, 51.66293], [17.81345, 51.66319], [17.81361, 51.66358]]]}}, {"type": "Feature", "properties": {"area_ha": 0.232, "dist_km": 1.936, "node": "Ostrów", "node_mw": 200, "osm_id": 425611024, "anchor_kind": "demand"}, "geometry": {"type": "Polygon", "coordinates": [[[17.8156, 51.63494], [17.81573, 51.63537], [17.81508, 51.63544], [17.815, 51.63528], [17.81497, 51.63515], [17.81492, 51.63501], [17.8156, 51.63494]]]}}, {"type": "Feature", "properties": {"area_ha": 0.196, "dist_km": 1.995, "node": "Ostrów", "node_mw": 200, "osm_id": 425611193, "anchor_kind": "demand"}, "geometry": {"type": "Polygon", "coordinates": [[[17.81498, 51.63475], [17.81507, 51.63474], [17.81507, 51.63474], [17.81507, 51.63474], [17.81507, 51.63474], [17.81584, 51.63464], [17.81579, 51.63446], [17.8153, 51.63452], [17.81526, 51.63441], [17.81449, 51.6345], [17.81452, 51.63462], [17.81492, 51.63457], [17.81498, 51.63475]]]}}, {"type": "Feature", "properties": {"area_ha": 0.541, "dist_km": 1.99, "node": "Ostrów", "node_mw": 200, "osm_id": 425611194, "anchor_kind": "demand"}, "geometry": {"type": "Polygon", "coordinates": [[[17.81439, 51.63448], [17.81582, 51.63433], [17.81595, 51.63481], [17.81455, 51.63496], [17.81439, 51.63448]]]}}, {"type": "Feature", "properties": {"area_ha": 2.637, "dist_km": 1.842, "node": "Ostrów", "node_mw": 200, "osm_id": 425611750, "anchor_kind": "demand"}, "geometry": {"type": "Polygon", "coordinates": [[[17.8156, 51.63494], [17.81573, 51.63537], [17.81508, 51.63544], [17.81519, 51.6358], [17.8152, 51.63585], [17.81477, 51.6359], [17.81504, 51.63655], [17.81545, 51.63786], [17.81678, 51.63773], [17.81642, 51.63638], [17.816, 51.63489], [17.8156, 51.63494]]]}}, {"type": "Feature", "properties": {"area_ha": 0.463, "dist_km": 1.916, "node": "Ostrów", "node_mw": 200, "osm_id": 425612513, "anchor_kind": "demand"}, "geometry": {"type": "Polygon", "coordinates": [[[17.81689, 51.63445], [17.81689, 51.63445], [17.81659, 51.63448], [17.81629, 51.63452], [17.81634, 51.63468], [17.81641, 51.6349], [17.81654, 51.63532], [17.81659, 51.63548], [17.81689, 51.63545], [17.81718, 51.63541], [17.81704, 51.63493], [17.81708, 51.63491], [17.817, 51.63482], [17.81698, 51.63477], [17.81704, 51.63475], [17.81695, 51.63466], [17.81692, 51.63456], [17.81697, 51.63454], [17.81689, 51.63445]]]}}, {"type": "Feature", "properties": {"area_ha": 0.913, "dist_km": 1.907, "node": "Ostrów", "node_mw": 200, "osm_id": 425612515, "anchor_kind": "demand"}, "geometry": {"type": "Polygon", "coordinates": [[[17.81607, 51.63445], [17.81709, 51.63433], [17.81742, 51.63546], [17.8164, 51.63557], [17.81607, 51.63445]]]}}, {"type": "Feature", "properties": {"area_ha": 0.097, "dist_km": 2.031, "node": "Ostrów", "node_mw": 200, "osm_id": 425614067, "anchor_kind": "demand"}, "geometry": {"type": "Polygon", "coordinates": [[[17.814, 51.63486], [17.81429, 51.63482], [17.81418, 51.63442], [17.81388, 51.63445], [17.814, 51.63486]]]}}, {"type": "Feature", "properties": {"area_ha": 0.02, "dist_km": 2.034, "node": "Ostrów", "node_mw": 200, "osm_id": 425621774, "anchor_kind": "demand"}, "geometry": {"type": "Polygon", "coordinates": [[[17.81472, 51.63426], [17.81472, 51.63427], [17.81474, 51.63427], [17.81477, 51.63435], [17.81475, 51.63435], [17.81475, 51.63436], [17.81483, 51.63435], [17.81483, 51.63435], [17.81484, 51.63435], [17.81484, 51.63435], [17.8149, 51.63434], [17.8149, 51.63435], [17.81491, 51.63434], [17.8149, 51.63434], [17.81496, 51.63433], [17.81496, 51.63434], [17.81497, 51.63434], [17.81497, 51.63433], [17.81502, 51.63432], [17.81503, 51.63433], [17.81504, 51.63433], [17.815, 51.63423], [17.81499, 51.63423], [17.815, 51.63423], [17.81494, 51.63424], [17.81494, 51.63423], [17.81493, 51.63423], [17.81493, 51.63424], [17.81488, 51.63425], [17.81488, 51.63424], [17.81487, 51.63424], [17.81487, 51.63425], [17.81481, 51.63426], [17.81481, 51.63425], [17.8148, 51.63425], [17.8148, 51.63426], [17.81472, 51.63426]]]}}, {"type": "Feature", "properties": {"area_ha": 0.136, "dist_km": 2.148, "node": "Ostrów", "node_mw": 200, "osm_id": 425623640, "anchor_kind": "demand"}, "geometry": {"type": "Polygon", "coordinates": [[[17.81406, 51.63302], [17.81426, 51.63366], [17.81453, 51.63362], [17.81433, 51.63298], [17.81406, 51.63302]]]}}, {"type": "Feature", "properties": {"area_ha": 0.129, "dist_km": 2.109, "node": "Ostrów", "node_mw": 200, "osm_id": 426185834, "anchor_kind": "demand"}, "geometry": {"type": "Polygon", "coordinates": [[[17.85929, 51.6554], [17.8597, 51.6554], [17.8597, 51.65514], [17.85956, 51.65514], [17.85956, 51.655], [17.85934, 51.655], [17.85933, 51.65478], [17.85926, 51.65477], [17.85927, 51.65525], [17.85929, 51.6554]]]}}, {"type": "Feature", "properties": {"area_ha": 0.495, "dist_km": 1.483, "node": "Ostrów", "node_mw": 200, "osm_id": 427464216, "anchor_kind": "demand"}, "geometry": {"type": "Polygon", "coordinates": [[[17.83711, 51.66274], [17.83786, 51.66274], [17.83795, 51.66268], [17.83797, 51.66264], [17.83786, 51.66197], [17.837, 51.66202], [17.83711, 51.66274]]]}}, {"type": "Feature", "properties": {"area_ha": 0.289, "dist_km": 2.476, "node": "Ostrów", "node_mw": 200, "osm_id": 432770366, "anchor_kind": "demand"}, "geometry": {"type": "Polygon", "coordinates": [[[17.803, 51.66583], [17.80307, 51.66583], [17.80315, 51.66583], [17.80322, 51.66583], [17.80338, 51.66437], [17.80341, 51.66415], [17.8034, 51.66415], [17.80333, 51.66415], [17.80326, 51.66415], [17.80318, 51.66414], [17.803, 51.66583]]]}}, {"type": "Feature", "properties": {"area_ha": 0.782, "dist_km": 2.803, "node": "Ostrów", "node_mw": 200, "osm_id": 432772999, "anchor_kind": "demand"}, "geometry": {"type": "Polygon", "coordinates": [[[17.80062, 51.66822], [17.80183, 51.66828], [17.80196, 51.66797], [17.80254, 51.66807], [17.80261, 51.66783], [17.80197, 51.66771], [17.80121, 51.66758], [17.80084, 51.6675], [17.80078, 51.66762], [17.80064, 51.6676], [17.80045, 51.66799], [17.80067, 51.66803], [17.80062, 51.66822]]]}}, {"type": "Feature", "properties": {"area_ha": 0.548, "dist_km": 2.593, "node": "Ostrów", "node_mw": 200, "osm_id": 432774517, "anchor_kind": "demand"}, "geometry": {"type": "Polygon", "coordinates": [[[17.80142, 51.6658], [17.80169, 51.66526], [17.80282, 51.6653], [17.80277, 51.66581], [17.80257, 51.6658], [17.80256, 51.66587], [17.8019, 51.66585], [17.80188, 51.6659], [17.80142, 51.6658]]]}}, {"type": "Feature", "properties": {"area_ha": 0.709, "dist_km": 2.641, "node": "Ostrów", "node_mw": 200, "osm_id": 432775338, "anchor_kind": "demand"}, "geometry": {"type": "Polygon", "coordinates": [[[17.80144, 51.66694], [17.80202, 51.66705], [17.80205, 51.66703], [17.8022, 51.66668], [17.80229, 51.66649], [17.80245, 51.66649], [17.80247, 51.66637], [17.8027, 51.66637], [17.80277, 51.66581], [17.80257, 51.6658], [17.80256, 51.66587], [17.8019, 51.66585], [17.80188, 51.6659], [17.80175, 51.66619], [17.80144, 51.66694]]]}}, {"type": "Feature", "properties": {"area_ha": 0.567, "dist_km": 2.687, "node": "Ostrów", "node_mw": 200, "osm_id": 432775340, "anchor_kind": "demand"}, "geometry": {"type": "Polygon", "coordinates": [[[17.8022, 51.66668], [17.80229, 51.66649], [17.80245, 51.66649], [17.80247, 51.66637], [17.8027, 51.66637], [17.80267, 51.66672], [17.80261, 51.66721], [17.80284, 51.66723], [17.80276, 51.66784], [17.80261, 51.66783], [17.80197, 51.66771], [17.802, 51.66762], [17.80204, 51.66756], [17.80211, 51.66713], [17.80228, 51.66714], [17.80234, 51.66679], [17.80235, 51.66669], [17.8022, 51.66668]]]}}, {"type": "Feature", "properties": {"area_ha": 0.667, "dist_km": 2.515, "node": "Ostrów", "node_mw": 200, "osm_id": 432775436, "anchor_kind": "demand"}, "geometry": {"type": "Polygon", "coordinates": [[[17.80169, 51.66526], [17.80282, 51.6653], [17.80284, 51.6653], [17.80294, 51.66443], [17.80269, 51.66443], [17.80207, 51.66442], [17.80169, 51.66526]]]}}, {"type": "Feature", "properties": {"area_ha": 3.619, "dist_km": 0.747, "node": "Mościska", "node_mw": 50, "osm_id": 435785424, "anchor_kind": "demand"}, "geometry": {"type": "Polygon", "coordinates": [[[16.90982, 52.37901], [16.90982, 52.37901], [16.90972, 52.3789], [16.90972, 52.3789], [16.90973, 52.3789], [16.91053, 52.37863], [16.9112, 52.3784], [16.91207, 52.37936], [16.91344, 52.38088], [16.91197, 52.38138], [16.91197, 52.38138], [16.91197, 52.38138], [16.90982, 52.37901]]]}}, {"type": "Feature", "properties": {"area_ha": 12.184, "dist_km": 0.772, "node": "Mościska", "node_mw": 50, "osm_id": 435785426, "anchor_kind": "demand"}, "geometry": {"type": "Polygon", "coordinates": [[[16.91192, 52.3814], [16.91147, 52.38155], [16.9116, 52.3817], [16.91164, 52.38174], [16.91187, 52.38168], [16.91224, 52.38211], [16.91219, 52.38213], [16.91223, 52.38217], [16.91353, 52.38355], [16.91332, 52.38362], [16.91389, 52.3842], [16.91424, 52.38413], [16.91444, 52.38429], [16.91661, 52.3836], [16.91531, 52.38188], [16.91393, 52.38212], [16.91386, 52.38189], [16.91378, 52.38128], [16.91373, 52.38068], [16.91203, 52.37868], [16.91082, 52.37713], [16.91057, 52.37715], [16.91047, 52.37716], [16.91047, 52.37717], [16.91021, 52.3772], [16.91026, 52.37732], [16.91062, 52.37776], [16.91013, 52.37791], [16.91026, 52.37809], [16.91022, 52.37833], [16.91008, 52.37847], [16.90983, 52.37859], [16.90945, 52.37873], [16.90901, 52.37885], [16.90922, 52.37907], [16.90967, 52.37892], [16.90979, 52.37906], [16.90963, 52.37911], [16.90966, 52.37914], [16.9098, 52.3791], [16.91024, 52.37958], [16.9101, 52.37963], [16.91017, 52.37971], [16.91021, 52.3797], [16.91017, 52.37965], [16.91029, 52.37961], [16.91033, 52.37966], [16.91034, 52.37966], [16.91192, 52.3814]]]}}, {"type": "Feature", "properties": {"area_ha": 0.177, "dist_km": 0.949, "node": "Mościska", "node_mw": 50, "osm_id": 435785427, "anchor_kind": "demand"}, "geometry": {"type": "Polygon", "coordinates": [[[16.91386, 52.38034], [16.91427, 52.38021], [16.91419, 52.38011], [16.91412, 52.38014], [16.91397, 52.37996], [16.91416, 52.37989], [16.91424, 52.37999], [16.91451, 52.3799], [16.91435, 52.37972], [16.9138, 52.3799], [16.9138, 52.3799], [16.91381, 52.37991], [16.91382, 52.37992], [16.91382, 52.37993], [16.91381, 52.37994], [16.9138, 52.37995], [16.91383, 52.37997], [16.9136, 52.38005], [16.91386, 52.38034]]]}}, {"type": "Feature", "properties": {"area_ha": 0.044, "dist_km": 0.989, "node": "Mościska", "node_mw": 50, "osm_id": 435785429, "anchor_kind": "demand"}, "geometry": {"type": "Polygon", "coordinates": [[[16.91431, 52.38002], [16.91456, 52.37996], [16.91472, 52.38021], [16.91468, 52.38022], [16.9147, 52.38025], [16.91463, 52.38027], [16.9146, 52.38028], [16.91449, 52.3801], [16.91438, 52.38013], [16.91431, 52.38002]]]}}, {"type": "Feature", "properties": {"area_ha": 0.009, "dist_km": 0.999, "node": "Mościska", "node_mw": 50, "osm_id": 435785430, "anchor_kind": "demand"}, "geometry": {"type": "Polygon", "coordinates": [[[16.91463, 52.38041], [16.91459, 52.38036], [16.91467, 52.38034], [16.91478, 52.38031], [16.91482, 52.38037], [16.91463, 52.38041]]]}}, {"type": "Feature", "properties": {"area_ha": 0.002, "dist_km": 0.798, "node": "Mościska", "node_mw": 50, "osm_id": 435800300, "anchor_kind": "demand"}, "geometry": {"type": "Polygon", "coordinates": [[[16.91103, 52.38244], [16.91102, 52.38245], [16.91101, 52.38245], [16.911, 52.38246], [16.911, 52.38246], [16.91101, 52.38247], [16.91101, 52.38248], [16.91102, 52.38248], [16.91103, 52.38248], [16.91104, 52.38248], [16.91105, 52.38248], [16.91106, 52.38248], [16.91107, 52.38247], [16.91107, 52.38246], [16.91107, 52.38246], [16.91106, 52.38245], [16.91106, 52.38245], [16.91105, 52.38244], [16.91104, 52.38244], [16.91103, 52.38244]]]}}, {"type": "Feature", "properties": {"area_ha": 1.868, "dist_km": 1.296, "node": "Ostrów", "node_mw": 200, "osm_id": 435829904, "anchor_kind": "demand"}, "geometry": {"type": "Polygon", "coordinates": [[[17.84864, 51.64802], [17.84866, 51.6483], [17.84929, 51.64827], [17.84948, 51.64941], [17.84961, 51.65024], [17.84895, 51.65031], [17.84848, 51.65032], [17.84833, 51.64941], [17.84826, 51.64907], [17.84824, 51.64896], [17.8481, 51.64811], [17.84864, 51.64802]]]}}, {"type": "Feature", "properties": {"area_ha": 0.786, "dist_km": 1.91, "node": "Ostrów", "node_mw": 200, "osm_id": 435841353, "anchor_kind": "demand"}, "geometry": {"type": "Polygon", "coordinates": [[[17.80464, 51.64438], [17.8047, 51.64433], [17.80489, 51.64397], [17.80478, 51.64355], [17.80477, 51.64336], [17.80408, 51.64343], [17.80409, 51.64348], [17.80349, 51.64355], [17.80358, 51.64385], [17.80332, 51.64387], [17.80354, 51.644], [17.8038, 51.64413], [17.80415, 51.64425], [17.80464, 51.64438]]]}}, {"type": "Feature", "properties": {"area_ha": 0.226, "dist_km": 1.032, "node": "Ostrów", "node_mw": 200, "osm_id": 435855796, "anchor_kind": "demand"}, "geometry": {"type": "Polygon", "coordinates": [[[17.81719, 51.64478], [17.81865, 51.64468], [17.81862, 51.64447], [17.81846, 51.64448], [17.81828, 51.6445], [17.81775, 51.64454], [17.81736, 51.64456], [17.81721, 51.64457], [17.8172, 51.64467], [17.81719, 51.64478]]]}}, {"type": "Feature", "properties": {"area_ha": 0.041, "dist_km": 1.009, "node": "Ostrów", "node_mw": 200, "osm_id": 435856553, "anchor_kind": "demand"}, "geometry": {"type": "Polygon", "coordinates": [[[17.81793, 51.64466], [17.81794, 51.64472], [17.81849, 51.64468], [17.81844, 51.64449], [17.8183, 51.6445], [17.81833, 51.64463], [17.81793, 51.64466]]]}}, {"type": "Feature", "properties": {"area_ha": 3.652, "dist_km": 2.362, "node": "Ostrów", "node_mw": 200, "osm_id": 437005244, "anchor_kind": "demand"}, "geometry": {"type": "Polygon", "coordinates": [[[17.79984, 51.63962], [17.79887, 51.63982], [17.79821, 51.63996], [17.79762, 51.64002], [17.79654, 51.64015], [17.79673, 51.6408], [17.79599, 51.64089], [17.79662, 51.64116], [17.79813, 51.64104], [17.79855, 51.64103], [17.79858, 51.64103], [17.79917, 51.64097], [17.79955, 51.64094], [17.80003, 51.64091], [17.80039, 51.64089], [17.80051, 51.64095], [17.80075, 51.64091], [17.80085, 51.64073], [17.80099, 51.64089], [17.80148, 51.64079], [17.80133, 51.64053], [17.80088, 51.64031], [17.80078, 51.64025], [17.80042, 51.64033], [17.79996, 51.63978], [17.80001, 51.63972], [17.79988, 51.63961], [17.79984, 51.63962]]]}}, {"type": "Feature", "properties": {"area_ha": 0.513, "dist_km": 2.4, "node": "Ostrów", "node_mw": 200, "osm_id": 437115617, "anchor_kind": "demand"}, "geometry": {"type": "Polygon", "coordinates": [[[17.81463, 51.66927], [17.81484, 51.66932], [17.81502, 51.6691], [17.81473, 51.66902], [17.81452, 51.66897], [17.81394, 51.66886], [17.81341, 51.66877], [17.81328, 51.66902], [17.81323, 51.66912], [17.81324, 51.66915], [17.81331, 51.6692], [17.81337, 51.66923], [17.81369, 51.66932], [17.8138, 51.66934], [17.81379, 51.66935], [17.8143, 51.6695], [17.81436, 51.66943], [17.8143, 51.66935], [17.81448, 51.66912], [17.81471, 51.66918], [17.81463, 51.66927]]]}}, {"type": "Feature", "properties": {"area_ha": 3.24, "dist_km": 2.775, "node": "Ostrów", "node_mw": 200, "osm_id": 441963609, "anchor_kind": "demand"}, "geometry": {"type": "Polygon", "coordinates": [[[17.79588, 51.66308], [17.7953, 51.66311], [17.79507, 51.66316], [17.79513, 51.66329], [17.79457, 51.6634], [17.79493, 51.66458], [17.79794, 51.66429], [17.79794, 51.66368], [17.79784, 51.66307], [17.79677, 51.66307], [17.79588, 51.66308]]]}}, {"type": "Feature", "properties": {"area_ha": 0.842, "dist_km": 2.409, "node": "Ostrów", "node_mw": 200, "osm_id": 464438634, "anchor_kind": "demand"}, "geometry": {"type": "Polygon", "coordinates": [[[17.85741, 51.63625], [17.85688, 51.63636], [17.8563, 51.63649], [17.85586, 51.6357], [17.85689, 51.63529], [17.85741, 51.63625]]]}}, {"type": "Feature", "properties": {"area_ha": 1.093, "dist_km": 1.804, "node": "Ostrów", "node_mw": 200, "osm_id": 467533139, "anchor_kind": "demand"}, "geometry": {"type": "Polygon", "coordinates": [[[17.80615, 51.64427], [17.8064, 51.64436], [17.80672, 51.64436], [17.80693, 51.64343], [17.80692, 51.64334], [17.80683, 51.64297], [17.80684, 51.64279], [17.80691, 51.64237], [17.80688, 51.64238], [17.80687, 51.64188], [17.80691, 51.6416], [17.80694, 51.64153], [17.80685, 51.64152], [17.80689, 51.64141], [17.80677, 51.64139], [17.80657, 51.64186], [17.80651, 51.64202], [17.80643, 51.6424], [17.80633, 51.64292], [17.80626, 51.64354], [17.80622, 51.64387], [17.80615, 51.64427]]]}}, {"type": "Feature", "properties": {"area_ha": 0.51, "dist_km": 2.981, "node": "Ostrów", "node_mw": 200, "osm_id": 467652826, "anchor_kind": "demand"}, "geometry": {"type": "Polygon", "coordinates": [[[17.79048, 51.6616], [17.791, 51.66154], [17.79187, 51.66155], [17.79172, 51.66102], [17.79035, 51.66115], [17.79043, 51.66147], [17.79045, 51.66156], [17.79048, 51.6616]]]}}, {"type": "Feature", "properties": {"area_ha": 0.334, "dist_km": 2.111, "node": "Ostrów", "node_mw": 200, "osm_id": 467662480, "anchor_kind": "demand"}, "geometry": {"type": "Polygon", "coordinates": [[[17.82611, 51.63131], [17.82699, 51.63123], [17.82749, 51.63121], [17.82736, 51.63084], [17.82609, 51.63102], [17.82611, 51.63131]]]}}, {"type": "Feature", "properties": {"area_ha": 0.91, "dist_km": 2.028, "node": "Ostrów", "node_mw": 200, "osm_id": 467662899, "anchor_kind": "demand"}, "geometry": {"type": "Polygon", "coordinates": [[[17.85166, 51.63733], [17.85274, 51.63928], [17.85327, 51.63916], [17.85216, 51.63714], [17.85166, 51.63733]]]}}, {"type": "Feature", "properties": {"area_ha": 0.63, "dist_km": 2.127, "node": "Ostrów", "node_mw": 200, "osm_id": 467662900, "anchor_kind": "demand"}, "geometry": {"type": "Polygon", "coordinates": [[[17.85323, 51.63807], [17.85385, 51.63794], [17.85322, 51.63674], [17.85261, 51.63698], [17.85323, 51.63807]]]}}, {"type": "Feature", "properties": {"area_ha": 0.665, "dist_km": 2.136, "node": "Ostrów", "node_mw": 200, "osm_id": 467662901, "anchor_kind": "demand"}, "geometry": {"type": "Polygon", "coordinates": [[[17.85341, 51.63669], [17.8551, 51.63966], [17.85537, 51.6396], [17.85466, 51.63848], [17.85472, 51.63847], [17.85367, 51.63661], [17.85341, 51.63669]]]}}, {"type": "Feature", "properties": {"area_ha": 0.958, "dist_km": 1.683, "node": "Ostrów", "node_mw": 200, "osm_id": 468420883, "anchor_kind": "demand"}, "geometry": {"type": "Polygon", "coordinates": [[[17.80589, 51.64468], [17.80614, 51.64468], [17.80673, 51.64469], [17.80693, 51.64475], [17.80726, 51.6449], [17.80758, 51.64507], [17.80775, 51.64522], [17.80794, 51.64543], [17.80775, 51.64549], [17.80782, 51.64556], [17.80715, 51.64565], [17.80677, 51.64548], [17.80625, 51.64529], [17.80586, 51.64513], [17.80589, 51.64489], [17.80589, 51.64468]]]}}, {"type": "Feature", "properties": {"area_ha": 0.336, "dist_km": 1.7, "node": "Ostrów", "node_mw": 200, "osm_id": 468421287, "anchor_kind": "demand"}, "geometry": {"type": "Polygon", "coordinates": [[[17.80693, 51.64574], [17.80662, 51.64577], [17.8067, 51.64614], [17.8062, 51.64619], [17.80618, 51.64612], [17.80604, 51.64613], [17.80605, 51.64586], [17.80604, 51.64563], [17.806, 51.64536], [17.80613, 51.64539], [17.80693, 51.64574]]]}}, {"type": "Feature", "properties": {"area_ha": 1.522, "dist_km": 2.865, "node": "Mościska", "node_mw": 50, "osm_id": 490572561, "anchor_kind": "demand"}, "geometry": {"type": "Polygon", "coordinates": [[[16.94267, 52.38326], [16.9421, 52.38332], [16.9421, 52.38334], [16.94145, 52.38343], [16.94133, 52.38322], [16.94126, 52.38321], [16.94115, 52.3832], [16.941, 52.38318], [16.94073, 52.38314], [16.94069, 52.38306], [16.94101, 52.38288], [16.94115, 52.38248], [16.94115, 52.38248], [16.94116, 52.38248], [16.94116, 52.38247], [16.94123, 52.38241], [16.94133, 52.38216], [16.94136, 52.38209], [16.94139, 52.382], [16.94169, 52.38202], [16.94171, 52.38203], [16.94172, 52.38203], [16.9424, 52.38207], [16.94246, 52.38208], [16.94248, 52.38208], [16.94262, 52.38209], [16.94267, 52.3822], [16.94252, 52.38222], [16.94247, 52.38236], [16.9425, 52.38241], [16.94269, 52.38279], [16.94271, 52.38284], [16.94272, 52.38286], [16.94284, 52.38288], [16.94285, 52.38289], [16.94288, 52.38294], [16.94279, 52.38296], [16.94291, 52.3832], [16.94291, 52.38322], [16.94267, 52.38321], [16.94267, 52.38324], [16.94267, 52.38326]]]}}, {"type": "Feature", "properties": {"area_ha": 0.425, "dist_km": 2.883, "node": "Ostrów", "node_mw": 200, "osm_id": 493428771, "anchor_kind": "demand"}, "geometry": {"type": "Polygon", "coordinates": [[[17.8138, 51.62665], [17.81357, 51.62589], [17.81244, 51.626], [17.81253, 51.62608], [17.81305, 51.62641], [17.8135, 51.62661], [17.8138, 51.62665]]]}}, {"type": "Feature", "properties": {"area_ha": 1.148, "dist_km": 2.56, "node": "Ostrów", "node_mw": 200, "osm_id": 494207251, "anchor_kind": "demand"}, "geometry": {"type": "Polygon", "coordinates": [[[17.79743, 51.66096], [17.79721, 51.66102], [17.79716, 51.6611], [17.79732, 51.66135], [17.79741, 51.66137], [17.79747, 51.66136], [17.79749, 51.66134], [17.79759, 51.66133], [17.79782, 51.66181], [17.79781, 51.66182], [17.7978, 51.66182], [17.79789, 51.66196], [17.79793, 51.66202], [17.79768, 51.66209], [17.79794, 51.6625], [17.79858, 51.66247], [17.79848, 51.66236], [17.79837, 51.66219], [17.79866, 51.66213], [17.7992, 51.66199], [17.79904, 51.66176], [17.79874, 51.66132], [17.79862, 51.66113], [17.79831, 51.6612], [17.79784, 51.6613], [17.79758, 51.66093], [17.79743, 51.66096]]]}}, {"type": "Feature", "properties": {"area_ha": 0.569, "dist_km": 2.534, "node": "Ostrów", "node_mw": 200, "osm_id": 494207543, "anchor_kind": "demand"}, "geometry": {"type": "Polygon", "coordinates": [[[17.79604, 51.64361], [17.79458, 51.64377], [17.79453, 51.64359], [17.79449, 51.6435], [17.79442, 51.64333], [17.79432, 51.64302], [17.79447, 51.64301], [17.79491, 51.64298], [17.795, 51.64297], [17.79501, 51.64301], [17.79503, 51.64305], [17.79502, 51.64307], [17.79489, 51.64308], [17.79494, 51.64325], [17.79507, 51.64324], [17.79511, 51.64337], [17.79585, 51.64328], [17.79604, 51.64361]]]}}, {"type": "Feature", "properties": {"area_ha": 0.743, "dist_km": 2.59, "node": "Ostrów", "node_mw": 200, "osm_id": 494209148, "anchor_kind": "demand"}, "geometry": {"type": "Polygon", "coordinates": [[[17.79445, 51.64222], [17.79446, 51.64258], [17.79497, 51.64258], [17.79535, 51.64258], [17.79542, 51.64268], [17.79551, 51.64282], [17.79556, 51.6429], [17.79531, 51.64293], [17.79491, 51.64298], [17.79447, 51.64301], [17.79432, 51.64302], [17.79419, 51.64284], [17.79416, 51.64278], [17.79391, 51.64282], [17.79365, 51.64285], [17.79363, 51.64285], [17.79348, 51.64281], [17.79341, 51.64276], [17.79338, 51.64273], [17.79337, 51.64261], [17.79365, 51.6426], [17.79363, 51.64223], [17.79445, 51.64222]]]}}, {"type": "Feature", "properties": {"area_ha": 0.54, "dist_km": 2.634, "node": "Ostrów", "node_mw": 200, "osm_id": 494209774, "anchor_kind": "demand"}, "geometry": {"type": "Polygon", "coordinates": [[[17.79343, 51.64347], [17.79442, 51.64333], [17.79432, 51.64302], [17.79419, 51.64284], [17.79393, 51.64288], [17.79366, 51.64291], [17.79365, 51.64285], [17.79363, 51.64285], [17.79348, 51.64281], [17.79341, 51.64276], [17.79338, 51.64273], [17.79337, 51.64261], [17.79313, 51.64262], [17.793, 51.64264], [17.79294, 51.64265], [17.79343, 51.64347]]]}}, {"type": "Feature", "properties": {"area_ha": 2.775, "dist_km": 1.003, "node": "Mościska", "node_mw": 50, "osm_id": 503843404, "anchor_kind": "demand"}, "geometry": {"type": "Polygon", "coordinates": [[[16.8939, 52.38836], [16.893, 52.38857], [16.89296, 52.38857], [16.89295, 52.38856], [16.89293, 52.38854], [16.89286, 52.38848], [16.89283, 52.38845], [16.89282, 52.38844], [16.89279, 52.38845], [16.89272, 52.38838], [16.89277, 52.38836], [16.89274, 52.38833], [16.89269, 52.38829], [16.89265, 52.38826], [16.89264, 52.38824], [16.89261, 52.38822], [16.89259, 52.3882], [16.89258, 52.38819], [16.89256, 52.38817], [16.89252, 52.38813], [16.8925, 52.38812], [16.89246, 52.38813], [16.89244, 52.38811], [16.89243, 52.3881], [16.89242, 52.38809], [16.89241, 52.38808], [16.89237, 52.3881], [16.89235, 52.38808], [16.89233, 52.38809], [16.8923, 52.38806], [16.89229, 52.38806], [16.8922, 52.38798], [16.89215, 52.38793], [16.89207, 52.38786], [16.89221, 52.38781], [16.89239, 52.38797], [16.89254, 52.38791], [16.89257, 52.38789], [16.89261, 52.38791], [16.89262, 52.38791], [16.89255, 52.38786], [16.89255, 52.38786], [16.89251, 52.38783], [16.89244, 52.38786], [16.89242, 52.38784], [16.89235, 52.38778], [16.89242, 52.38775], [16.89239, 52.38772], [16.89243, 52.3877], [16.89265, 52.38765], [16.89266, 52.38765], [16.8929, 52.38759], [16.89292, 52.38759], [16.89332, 52.38749], [16.89374, 52.38739], [16.89503, 52.38707], [16.89538, 52.38699], [16.8957, 52.38692], [16.8957, 52.38691], [16.89592, 52.38686], [16.89641, 52.38778], [16.89617, 52.38784], [16.89525, 52.38805], [16.89482, 52.38815], [16.89454, 52.38821], [16.8939, 52.38836]]]}}, {"type": "Feature", "properties": {"area_ha": 0.72, "dist_km": 2.296, "node": "Ostrów", "node_mw": 200, "osm_id": 510856572, "anchor_kind": "demand"}, "geometry": {"type": "Polygon", "coordinates": [[[17.8156, 51.63089], [17.81585, 51.63159], [17.81708, 51.63147], [17.81686, 51.63072], [17.8156, 51.63089]]]}}, {"type": "Feature", "properties": {"area_ha": 0.027, "dist_km": 1.192, "node": "Mościska", "node_mw": 50, "osm_id": 586928501, "anchor_kind": "demand"}, "geometry": {"type": "Polygon", "coordinates": [[[16.90151, 52.39067], [16.90147, 52.3906], [16.90118, 52.39065], [16.90119, 52.39066], [16.90116, 52.39066], [16.90117, 52.39069], [16.90117, 52.39068], [16.90124, 52.39082], [16.90134, 52.3908], [16.9013, 52.39071], [16.90151, 52.39067]]]}}, {"type": "Feature", "properties": {"area_ha": 0.062, "dist_km": 2.899, "node": "Mościska", "node_mw": 50, "osm_id": 602040647, "anchor_kind": "demand"}, "geometry": {"type": "Polygon", "coordinates": [[[16.93121, 52.36245], [16.93151, 52.36247], [16.9315, 52.3625], [16.9316, 52.36251], [16.93163, 52.36229], [16.93153, 52.36229], [16.93154, 52.36227], [16.93124, 52.36225], [16.93121, 52.36245]]]}}, {"type": "Feature", "properties": {"area_ha": 0.013, "dist_km": 2.925, "node": "Mościska", "node_mw": 50, "osm_id": 602040648, "anchor_kind": "demand"}, "geometry": {"type": "Polygon", "coordinates": [[[16.93151, 52.36219], [16.93163, 52.3622], [16.93165, 52.36209], [16.93162, 52.36208], [16.93162, 52.36206], [16.93152, 52.36206], [16.93151, 52.36219]]]}}, {"type": "Feature", "properties": {"area_ha": 0.037, "dist_km": 1.51, "node": "Ostrów", "node_mw": 200, "osm_id": 633289830, "anchor_kind": "demand"}, "geometry": {"type": "Polygon", "coordinates": [[[17.83571, 51.66316], [17.83611, 51.66316], [17.83611, 51.66301], [17.83597, 51.66301], [17.83597, 51.66305], [17.83571, 51.66305], [17.83571, 51.66316]]]}}, {"type": "Feature", "properties": {"area_ha": 0.514, "dist_km": 2.801, "node": "Mościska", "node_mw": 50, "osm_id": 655072815, "anchor_kind": "demand"}, "geometry": {"type": "Polygon", "coordinates": [[[16.86183, 52.36967], [16.86108, 52.37008], [16.86168, 52.37054], [16.86187, 52.37054], [16.86247, 52.37026], [16.86254, 52.37024], [16.86239, 52.3701], [16.86236, 52.37008], [16.86202, 52.36982], [16.86183, 52.36967]]]}}, {"type": "Feature", "properties": {"area_ha": 0.175, "dist_km": 2.58, "node": "Mościska", "node_mw": 50, "osm_id": 655072822, "anchor_kind": "demand"}, "geometry": {"type": "Polygon", "coordinates": [[[16.86408, 52.37226], [16.86401, 52.37227], [16.86394, 52.37218], [16.8637, 52.37224], [16.86391, 52.37258], [16.86388, 52.37258], [16.86394, 52.37268], [16.86397, 52.37267], [16.86411, 52.3729], [16.86416, 52.37288], [16.8644, 52.37277], [16.86408, 52.37226]]]}}, {"type": "Feature", "properties": {"area_ha": 1.312, "dist_km": 0.196, "node": "Mościska", "node_mw": 50, "osm_id": 663025914, "anchor_kind": "demand"}, "geometry": {"type": "Polygon", "coordinates": [[[16.90108, 52.38217], [16.90122, 52.38214], [16.90127, 52.38213], [16.90132, 52.38211], [16.90145, 52.38207], [16.90272, 52.38169], [16.90218, 52.38132], [16.90218, 52.38125], [16.90219, 52.38122], [16.90201, 52.3811], [16.90139, 52.38068], [16.90069, 52.38083], [16.90072, 52.38113], [16.90079, 52.38144], [16.90085, 52.38164], [16.90085, 52.38165], [16.90087, 52.38168], [16.90108, 52.38217]]]}}, {"type": "Feature", "properties": {"area_ha": 0.069, "dist_km": 0.087, "node": "Mościska", "node_mw": 50, "osm_id": 663025920, "anchor_kind": "demand"}, "geometry": {"type": "Polygon", "coordinates": [[[16.9005, 52.37945], [16.90051, 52.37932], [16.9005, 52.37932], [16.90051, 52.37923], [16.90061, 52.37923], [16.90061, 52.37922], [16.90065, 52.37923], [16.90092, 52.37923], [16.90089, 52.3794], [16.90088, 52.37946], [16.90072, 52.37946], [16.90067, 52.37946], [16.9005, 52.37945]]]}}, {"type": "Feature", "properties": {"area_ha": 0.438, "dist_km": 0.139, "node": "Mościska", "node_mw": 50, "osm_id": 663025927, "anchor_kind": "demand"}, "geometry": {"type": "Polygon", "coordinates": [[[16.90163, 52.37872], [16.90182, 52.37868], [16.90192, 52.37866], [16.90183, 52.37962], [16.90176, 52.37962], [16.90166, 52.37962], [16.90148, 52.37961], [16.90147, 52.37959], [16.90143, 52.37959], [16.90139, 52.37959], [16.90139, 52.3796], [16.90115, 52.3796], [16.90127, 52.37879], [16.90155, 52.37873], [16.90156, 52.37874], [16.9016, 52.37874], [16.90163, 52.37873], [16.90163, 52.37872]]]}}, {"type": "Feature", "properties": {"area_ha": 0.819, "dist_km": 0.499, "node": "Mościska", "node_mw": 50, "osm_id": 663025947, "anchor_kind": "demand"}, "geometry": {"type": "Polygon", "coordinates": [[[16.90358, 52.3834], [16.90372, 52.38325], [16.90391, 52.38304], [16.9042, 52.38279], [16.90485, 52.38325], [16.90489, 52.38328], [16.90528, 52.38361], [16.90541, 52.38388], [16.90559, 52.38425], [16.90552, 52.38426], [16.90506, 52.38402], [16.90451, 52.38372], [16.904, 52.38354], [16.90393, 52.38352], [16.90383, 52.38349], [16.90373, 52.38345], [16.90358, 52.3834]]]}}, {"type": "Feature", "properties": {"area_ha": 0.016, "dist_km": 0.158, "node": "Mościska", "node_mw": 50, "osm_id": 663036501, "anchor_kind": "demand"}, "geometry": {"type": "Polygon", "coordinates": [[[16.89793, 52.37938], [16.89777, 52.37941], [16.89778, 52.37943], [16.89783, 52.37953], [16.898, 52.3795], [16.89793, 52.37938]]]}}, {"type": "Feature", "properties": {"area_ha": 1.787, "dist_km": 0.138, "node": "Mościska", "node_mw": 50, "osm_id": 663036502, "anchor_kind": "demand"}, "geometry": {"type": "Polygon", "coordinates": [[[16.8982, 52.38129], [16.89793, 52.3809], [16.89791, 52.38088], [16.89767, 52.38057], [16.8976, 52.38048], [16.89746, 52.3803], [16.89725, 52.38002], [16.8972, 52.37995], [16.89739, 52.3799], [16.89734, 52.37984], [16.89747, 52.3798], [16.89742, 52.37973], [16.89745, 52.37972], [16.89743, 52.37968], [16.8974, 52.37969], [16.89739, 52.37968], [16.89748, 52.37966], [16.89746, 52.37963], [16.89783, 52.37953], [16.898, 52.3795], [16.89793, 52.37938], [16.89831, 52.37931], [16.89836, 52.37938], [16.89833, 52.37939], [16.89852, 52.37958], [16.89857, 52.37965], [16.89868, 52.37978], [16.89896, 52.38015], [16.89899, 52.38019], [16.89939, 52.3807], [16.89936, 52.38092], [16.89822, 52.38124], [16.8982, 52.38129]]]}}, {"type": "Feature", "properties": {"area_ha": 0.783, "dist_km": 0.144, "node": "Mościska", "node_mw": 50, "osm_id": 663036504, "anchor_kind": "demand"}, "geometry": {"type": "Polygon", "coordinates": [[[16.89987, 52.38183], [16.89931, 52.38152], [16.89951, 52.38116], [16.89969, 52.38084], [16.90003, 52.38073], [16.90049, 52.3806], [16.90066, 52.38057], [16.90069, 52.38083], [16.90072, 52.38113], [16.90079, 52.38144], [16.90085, 52.38164], [16.90074, 52.38166], [16.90053, 52.3813], [16.90018, 52.38138], [16.90019, 52.38139], [16.89989, 52.38146], [16.90009, 52.38181], [16.89988, 52.38185], [16.89987, 52.38183]]]}}, {"type": "Feature", "properties": {"area_ha": 0.626, "dist_km": 0.192, "node": "Mościska", "node_mw": 50, "osm_id": 663036506, "anchor_kind": "demand"}, "geometry": {"type": "Polygon", "coordinates": [[[16.89883, 52.382], [16.89892, 52.382], [16.89906, 52.38185], [16.8991, 52.3818], [16.89931, 52.38152], [16.89951, 52.38116], [16.89969, 52.38084], [16.89936, 52.38092], [16.89822, 52.38124], [16.8982, 52.38129], [16.89829, 52.38141], [16.89834, 52.38144], [16.89838, 52.38149], [16.89841, 52.38153], [16.8984, 52.38156], [16.89849, 52.38167], [16.8985, 52.38167], [16.89852, 52.38169], [16.89853, 52.38171], [16.89853, 52.38171], [16.89865, 52.38184], [16.89883, 52.382]]]}}, {"type": "Feature", "properties": {"area_ha": 1.429, "dist_km": 0.25, "node": "Mościska", "node_mw": 50, "osm_id": 663036511, "anchor_kind": "demand"}, "geometry": {"type": "Polygon", "coordinates": [[[16.90012, 52.38321], [16.89954, 52.38253], [16.89961, 52.38251], [16.89976, 52.38248], [16.90011, 52.38241], [16.89995, 52.38214], [16.90009, 52.38212], [16.89992, 52.3819], [16.89988, 52.38185], [16.90009, 52.38181], [16.89989, 52.38146], [16.90019, 52.38139], [16.90018, 52.38138], [16.90053, 52.3813], [16.90074, 52.38166], [16.90085, 52.38164], [16.90085, 52.38165], [16.90087, 52.38168], [16.90108, 52.38217], [16.90112, 52.38225], [16.90126, 52.38248], [16.90141, 52.38275], [16.90038, 52.38309], [16.90042, 52.38314], [16.90039, 52.38315], [16.90035, 52.38314], [16.90029, 52.38316], [16.90012, 52.38321]]]}}, {"type": "Feature", "properties": {"area_ha": 0.489, "dist_km": 0.351, "node": "Mościska", "node_mw": 50, "osm_id": 663036514, "anchor_kind": "demand"}, "geometry": {"type": "Polygon", "coordinates": [[[16.90051, 52.38358], [16.90017, 52.38326], [16.90012, 52.38321], [16.90029, 52.38316], [16.90035, 52.38314], [16.90039, 52.38315], [16.90042, 52.38314], [16.90038, 52.38309], [16.90141, 52.38275], [16.90142, 52.38278], [16.90166, 52.38321], [16.90051, 52.38358]]]}}, {"type": "Feature", "properties": {"area_ha": 0.8, "dist_km": 0.456, "node": "Mościska", "node_mw": 50, "osm_id": 663042704, "anchor_kind": "demand"}, "geometry": {"type": "Polygon", "coordinates": [[[16.89448, 52.38276], [16.89447, 52.38274], [16.89487, 52.38253], [16.89526, 52.38234], [16.89552, 52.38224], [16.89621, 52.38292], [16.89558, 52.38317], [16.89553, 52.38319], [16.89504, 52.38338], [16.895, 52.38334], [16.89448, 52.38276]]]}}, {"type": "Feature", "properties": {"area_ha": 3.663, "dist_km": 0.371, "node": "Mościska", "node_mw": 50, "osm_id": 663042705, "anchor_kind": "demand"}, "geometry": {"type": "Polygon", "coordinates": [[[16.89569, 52.38216], [16.89594, 52.38239], [16.89662, 52.38299], [16.89678, 52.38315], [16.89708, 52.38336], [16.89774, 52.38359], [16.89933, 52.38381], [16.89976, 52.38393], [16.90024, 52.38417], [16.90069, 52.38444], [16.9009, 52.38457], [16.90099, 52.38452], [16.90117, 52.38442], [16.90103, 52.38431], [16.90075, 52.38408], [16.90053, 52.3839], [16.90029, 52.3837], [16.90019, 52.38362], [16.89985, 52.38331], [16.89967, 52.38313], [16.89934, 52.38279], [16.89922, 52.38268], [16.89925, 52.38263], [16.89905, 52.38259], [16.89878, 52.38254], [16.89817, 52.38241], [16.89781, 52.38234], [16.89722, 52.38222], [16.89513, 52.3818], [16.89532, 52.38206], [16.89569, 52.38216]]]}}, {"type": "Feature", "properties": {"area_ha": 1.084, "dist_km": 0.572, "node": "Mościska", "node_mw": 50, "osm_id": 663042713, "anchor_kind": "demand"}, "geometry": {"type": "Polygon", "coordinates": [[[16.89452, 52.38475], [16.89446, 52.38472], [16.89443, 52.3847], [16.8942, 52.38446], [16.89417, 52.38444], [16.89441, 52.38435], [16.89659, 52.38354], [16.89708, 52.38336], [16.89774, 52.38359], [16.89545, 52.38443], [16.89506, 52.38457], [16.89452, 52.38475]]]}}, {"type": "Feature", "properties": {"area_ha": 0.057, "dist_km": 2.683, "node": "Mościska", "node_mw": 50, "osm_id": 671364101, "anchor_kind": "demand"}, "geometry": {"type": "Polygon", "coordinates": [[[16.86037, 52.38119], [16.8604, 52.3812], [16.86045, 52.38116], [16.86074, 52.38096], [16.86072, 52.38095], [16.86073, 52.38095], [16.86071, 52.38094], [16.86068, 52.38092], [16.86066, 52.38091], [16.86064, 52.3809], [16.86062, 52.38089], [16.8606, 52.38088], [16.86058, 52.38086], [16.86022, 52.38111], [16.86024, 52.38112], [16.86026, 52.38114], [16.8603, 52.38116], [16.86031, 52.38116], [16.86036, 52.38119], [16.86037, 52.38119]]]}}, {"type": "Feature", "properties": {"area_ha": 0.299, "dist_km": 2.72, "node": "Mościska", "node_mw": 50, "osm_id": 681267277, "anchor_kind": "demand"}, "geometry": {"type": "Polygon", "coordinates": [[[16.90193, 52.35527], [16.90206, 52.35548], [16.90208, 52.3555], [16.90209, 52.35552], [16.90197, 52.35564], [16.90193, 52.35577], [16.90153, 52.35592], [16.90135, 52.35587], [16.90131, 52.3558], [16.90121, 52.35577], [16.901, 52.35554], [16.90143, 52.35544], [16.90142, 52.35543], [16.90173, 52.35537], [16.9017, 52.35532], [16.90179, 52.3553], [16.90193, 52.35527]]]}}, {"type": "Feature", "properties": {"area_ha": 0.699, "dist_km": 2.772, "node": "Mościska", "node_mw": 50, "osm_id": 681267291, "anchor_kind": "demand"}, "geometry": {"type": "Polygon", "coordinates": [[[16.89946, 52.35565], [16.89911, 52.35566], [16.89839, 52.35563], [16.89814, 52.35493], [16.89911, 52.35463], [16.89911, 52.35464], [16.89912, 52.35467], [16.89913, 52.35468], [16.89925, 52.35507], [16.89928, 52.35513], [16.89926, 52.35513], [16.89946, 52.35565]]]}}, {"type": "Feature", "properties": {"area_ha": 0.868, "dist_km": 2.997, "node": "Mościska", "node_mw": 50, "osm_id": 682824993, "anchor_kind": "demand"}, "geometry": {"type": "Polygon", "coordinates": [[[16.89019, 52.35349], [16.89015, 52.3535], [16.89004, 52.35351], [16.89006, 52.35357], [16.89008, 52.35364], [16.89014, 52.35383], [16.89021, 52.354], [16.89028, 52.35423], [16.89075, 52.35422], [16.89177, 52.3541], [16.89176, 52.35406], [16.89175, 52.35402], [16.89175, 52.35402], [16.89164, 52.35368], [16.89171, 52.35361], [16.89167, 52.35349], [16.89167, 52.35348], [16.89165, 52.35342], [16.89162, 52.35333], [16.89148, 52.35335], [16.89148, 52.35334], [16.89124, 52.35336], [16.89116, 52.35337], [16.89102, 52.35339], [16.89103, 52.35344], [16.89085, 52.35346], [16.89086, 52.35349], [16.89051, 52.35353], [16.89052, 52.35354], [16.89051, 52.35354], [16.89034, 52.35356], [16.89032, 52.35353], [16.89021, 52.35354], [16.89019, 52.35349]]]}}, {"type": "Feature", "properties": {"area_ha": 0.136, "dist_km": 0.599, "node": "Mościska", "node_mw": 50, "osm_id": 685314295, "anchor_kind": "demand"}, "geometry": {"type": "Polygon", "coordinates": [[[16.89186, 52.37873], [16.89078, 52.37902], [16.89068, 52.3789], [16.89181, 52.37858], [16.89191, 52.37871], [16.89186, 52.37873]]]}}, {"type": "Feature", "properties": {"area_ha": 0.01, "dist_km": 1.418, "node": "Mościska", "node_mw": 50, "osm_id": 689318407, "anchor_kind": "demand"}, "geometry": {"type": "Polygon", "coordinates": [[[16.91012, 52.39122], [16.90992, 52.39125], [16.90991, 52.39117], [16.90999, 52.39117], [16.91009, 52.39117], [16.91012, 52.39122]]]}}, {"type": "Feature", "properties": {"area_ha": 0.009, "dist_km": 1.643, "node": "Mościska", "node_mw": 50, "osm_id": 689318412, "anchor_kind": "demand"}, "geometry": {"type": "Polygon", "coordinates": [[[16.91305, 52.39237], [16.91311, 52.3925], [16.91303, 52.39252], [16.91297, 52.39239], [16.91305, 52.39237]]]}}, {"type": "Feature", "properties": {"area_ha": 0.03, "dist_km": 1.443, "node": "Mościska", "node_mw": 50, "osm_id": 712054983, "anchor_kind": "demand"}, "geometry": {"type": "Polygon", "coordinates": [[[16.92107, 52.38235], [16.921, 52.38218], [16.92079, 52.38222], [16.92086, 52.38239], [16.92107, 52.38235]]]}}, {"type": "Feature", "properties": {"area_ha": 0.009, "dist_km": 2.618, "node": "Ostrów", "node_mw": 200, "osm_id": 718900582, "anchor_kind": "demand"}, "geometry": {"type": "Polygon", "coordinates": [[[17.86695, 51.64485], [17.86705, 51.64497], [17.86713, 51.64495], [17.86704, 51.64483], [17.86695, 51.64485]]]}}, {"type": "Feature", "properties": {"area_ha": 0.008, "dist_km": 2.625, "node": "Ostrów", "node_mw": 200, "osm_id": 718900583, "anchor_kind": "demand"}, "geometry": {"type": "Polygon", "coordinates": [[[17.86715, 51.64496], [17.86723, 51.64494], [17.86714, 51.64481], [17.86707, 51.64484], [17.86715, 51.64496]]]}}, {"type": "Feature", "properties": {"area_ha": 0.03, "dist_km": 1.33, "node": "Ostrów", "node_mw": 200, "osm_id": 755658125, "anchor_kind": "demand"}, "geometry": {"type": "Polygon", "coordinates": [[[17.81189, 51.65429], [17.81181, 51.65408], [17.81199, 51.65406], [17.81207, 51.65427], [17.81189, 51.65429]]]}}, {"type": "Feature", "properties": {"area_ha": 0.125, "dist_km": 1.468, "node": "Mościska", "node_mw": 50, "osm_id": 766737469, "anchor_kind": "demand"}, "geometry": {"type": "Polygon", "coordinates": [[[16.88573, 52.38994], [16.88571, 52.3899], [16.88567, 52.38983], [16.88586, 52.38979], [16.8859, 52.38978], [16.88604, 52.38976], [16.88612, 52.3899], [16.88621, 52.39007], [16.88626, 52.39015], [16.88612, 52.39018], [16.88592, 52.39023], [16.88589, 52.39024], [16.88589, 52.39022], [16.88588, 52.39021], [16.88586, 52.39018], [16.88574, 52.38995], [16.88573, 52.38994]]]}}, {"type": "Feature", "properties": {"area_ha": 1.209, "dist_km": 1.773, "node": "Ostrów", "node_mw": 200, "osm_id": 771882670, "anchor_kind": "demand"}, "geometry": {"type": "Polygon", "coordinates": [[[17.81637, 51.63579], [17.81766, 51.63565], [17.81767, 51.63568], [17.8181, 51.63564], [17.81834, 51.6365], [17.81803, 51.63653], [17.81663, 51.63669], [17.81661, 51.63662], [17.81659, 51.63657], [17.81639, 51.63587], [17.81637, 51.63579]]]}}, {"type": "Feature", "properties": {"area_ha": 0.28, "dist_km": 1.781, "node": "Ostrów", "node_mw": 200, "osm_id": 771882678, "anchor_kind": "demand"}, "geometry": {"type": "Polygon", "coordinates": [[[17.81784, 51.63627], [17.81774, 51.63593], [17.81774, 51.63593], [17.81773, 51.63587], [17.81738, 51.63591], [17.81738, 51.6359], [17.8168, 51.63597], [17.81685, 51.63616], [17.81686, 51.63617], [17.81684, 51.63617], [17.81684, 51.63618], [17.81686, 51.63618], [17.81688, 51.63626], [17.81706, 51.63624], [17.8171, 51.63635], [17.81784, 51.63627]]]}}, {"type": "Feature", "properties": {"area_ha": 0.755, "dist_km": 1.897, "node": "Ostrów", "node_mw": 200, "osm_id": 843645274, "anchor_kind": "demand"}, "geometry": {"type": "Polygon", "coordinates": [[[17.80481, 51.6561], [17.80569, 51.65622], [17.80551, 51.6566], [17.80536, 51.6569], [17.80506, 51.65752], [17.8049, 51.65787], [17.80488, 51.6579], [17.80481, 51.65789], [17.80466, 51.65788], [17.80481, 51.6561]]]}}, {"type": "Feature", "properties": {"area_ha": 0.779, "dist_km": 1.921, "node": "Mościska", "node_mw": 50, "osm_id": 843892409, "anchor_kind": "demand"}, "geometry": {"type": "Polygon", "coordinates": [[[16.92695, 52.37782], [16.92703, 52.37801], [16.92737, 52.37796], [16.92738, 52.37799], [16.92739, 52.37801], [16.92706, 52.37806], [16.92714, 52.37825], [16.92774, 52.37818], [16.92869, 52.37807], [16.92916, 52.378], [16.92913, 52.37793], [16.92951, 52.37788], [16.92951, 52.37782], [16.92931, 52.37754], [16.92695, 52.37782]]]}}, {"type": "Feature", "properties": {"area_ha": 1.177, "dist_km": 2.052, "node": "Mościska", "node_mw": 50, "osm_id": 843892414, "anchor_kind": "demand"}, "geometry": {"type": "Polygon", "coordinates": [[[16.93148, 52.38068], [16.93058, 52.37936], [16.93004, 52.37944], [16.92996, 52.37947], [16.92965, 52.37952], [16.92953, 52.37954], [16.9296, 52.37972], [16.92969, 52.37994], [16.92987, 52.38037], [16.93, 52.38066], [16.93002, 52.38066], [16.93005, 52.38067], [16.93027, 52.38069], [16.93037, 52.3807], [16.93039, 52.38064], [16.93045, 52.38064], [16.93052, 52.38065], [16.9307, 52.38056], [16.93117, 52.38065], [16.93148, 52.38068]]]}}, {"type": "Feature", "properties": {"area_ha": 0.063, "dist_km": 1.888, "node": "Mościska", "node_mw": 50, "osm_id": 846067457, "anchor_kind": "demand"}, "geometry": {"type": "Polygon", "coordinates": [[[16.9231, 52.37059], [16.92325, 52.37055], [16.92316, 52.37034], [16.92283, 52.3704], [16.92286, 52.3706], [16.9231, 52.37059]]]}}, {"type": "Feature", "properties": {"area_ha": 1.471, "dist_km": 1.807, "node": "Ostrów", "node_mw": 200, "osm_id": 852446242, "anchor_kind": "demand"}, "geometry": {"type": "Polygon", "coordinates": [[[17.80656, 51.65902], [17.8078, 51.65886], [17.80734, 51.65745], [17.80713, 51.65747], [17.80713, 51.65746], [17.80729, 51.65741], [17.80725, 51.65736], [17.80703, 51.65743], [17.80699, 51.65739], [17.80668, 51.65748], [17.8067, 51.65753], [17.8064, 51.65756], [17.80637, 51.65748], [17.80606, 51.65752], [17.80656, 51.65902]]]}}, {"type": "Feature", "properties": {"area_ha": 0.062, "dist_km": 1.679, "node": "Ostrów", "node_mw": 200, "osm_id": 852447867, "anchor_kind": "demand"}, "geometry": {"type": "Polygon", "coordinates": [[[17.80829, 51.65709], [17.80851, 51.65706], [17.80839, 51.6567], [17.80818, 51.65673], [17.80829, 51.65709]]]}}, {"type": "Feature", "properties": {"area_ha": 0.062, "dist_km": 1.662, "node": "Ostrów", "node_mw": 200, "osm_id": 852447868, "anchor_kind": "demand"}, "geometry": {"type": "Polygon", "coordinates": [[[17.80865, 51.65667], [17.80843, 51.6567], [17.80855, 51.65705], [17.80876, 51.65703], [17.80865, 51.65667]]]}}, {"type": "Feature", "properties": {"area_ha": 0.052, "dist_km": 1.646, "node": "Ostrów", "node_mw": 200, "osm_id": 852447869, "anchor_kind": "demand"}, "geometry": {"type": "Polygon", "coordinates": [[[17.80892, 51.65669], [17.8087, 51.65671], [17.8088, 51.65702], [17.80901, 51.657], [17.80892, 51.65669]]]}}, {"type": "Feature", "properties": {"area_ha": 0.127, "dist_km": 1.593, "node": "Ostrów", "node_mw": 200, "osm_id": 852451072, "anchor_kind": "demand"}, "geometry": {"type": "Polygon", "coordinates": [[[17.81164, 51.65835], [17.81128, 51.6584], [17.81142, 51.65884], [17.81178, 51.65879], [17.81164, 51.65835]]]}}, {"type": "Feature", "properties": {"area_ha": 0.323, "dist_km": 1.657, "node": "Ostrów", "node_mw": 200, "osm_id": 852451073, "anchor_kind": "demand"}, "geometry": {"type": "Polygon", "coordinates": [[[17.81014, 51.65818], [17.81029, 51.65816], [17.81029, 51.65816], [17.8106, 51.65812], [17.81083, 51.65882], [17.81052, 51.65886], [17.81012, 51.65891], [17.81006, 51.65875], [17.81019, 51.65873], [17.81014, 51.65856], [17.81013, 51.65856], [17.81008, 51.65841], [17.81021, 51.6584], [17.81014, 51.65818]]]}}, {"type": "Feature", "properties": {"area_ha": 0.025, "dist_km": 1.721, "node": "Ostrów", "node_mw": 200, "osm_id": 852451074, "anchor_kind": "demand"}, "geometry": {"type": "Polygon", "coordinates": [[[17.81063, 51.65957], [17.81066, 51.65966], [17.8103, 51.6597], [17.81028, 51.65961], [17.81063, 51.65957]]]}}, {"type": "Feature", "properties": {"area_ha": 0.017, "dist_km": 1.81, "node": "Ostrów", "node_mw": 200, "osm_id": 852451075, "anchor_kind": "demand"}, "geometry": {"type": "Polygon", "coordinates": [[[17.80808, 51.65882], [17.80795, 51.65883], [17.80801, 51.659], [17.80813, 51.65898], [17.80808, 51.65882]]]}}, {"type": "Feature", "properties": {"area_ha": 0.045, "dist_km": 1.931, "node": "Ostrów", "node_mw": 200, "osm_id": 895968889, "anchor_kind": "demand"}, "geometry": {"type": "Polygon", "coordinates": [[[17.80501, 51.64188], [17.80488, 51.64193], [17.80506, 51.64211], [17.80505, 51.64211], [17.80506, 51.64212], [17.80507, 51.64212], [17.80523, 51.64226], [17.80535, 51.64221], [17.80501, 51.64188]]]}}, {"type": "Feature", "properties": {"area_ha": 0.011, "dist_km": 2.298, "node": "Ostrów", "node_mw": 200, "osm_id": 895968979, "anchor_kind": "demand"}, "geometry": {"type": "Polygon", "coordinates": [[[17.81497, 51.63145], [17.81491, 51.63145], [17.81498, 51.63167], [17.81504, 51.63166], [17.81497, 51.63145]]]}}, {"type": "Feature", "properties": {"area_ha": 0.011, "dist_km": 2.175, "node": "Ostrów", "node_mw": 200, "osm_id": 895968995, "anchor_kind": "demand"}, "geometry": {"type": "Polygon", "coordinates": [[[17.80261, 51.64021], [17.80266, 51.64032], [17.80276, 51.6403], [17.80277, 51.6403], [17.80272, 51.64019], [17.80269, 51.64019], [17.80269, 51.64019], [17.80261, 51.64021], [17.80261, 51.64021]]]}}, {"type": "Feature", "properties": {"area_ha": 0.018, "dist_km": 2.166, "node": "Ostrów", "node_mw": 200, "osm_id": 895969016, "anchor_kind": "demand"}, "geometry": {"type": "Polygon", "coordinates": [[[17.8028, 51.64008], [17.80283, 51.64015], [17.80314, 51.64009], [17.80311, 51.64002], [17.8028, 51.64008]]]}}, {"type": "Feature", "properties": {"area_ha": 0.005, "dist_km": 1.858, "node": "Ostrów", "node_mw": 200, "osm_id": 895969172, "anchor_kind": "demand"}, "geometry": {"type": "Polygon", "coordinates": [[[17.81824, 51.63493], [17.81825, 51.63497], [17.81841, 51.63496], [17.8184, 51.63491], [17.81824, 51.63493]]]}}, {"type": "Feature", "properties": {"area_ha": 0.011, "dist_km": 2.419, "node": "Ostrów", "node_mw": 200, "osm_id": 895969302, "anchor_kind": "demand"}, "geometry": {"type": "Polygon", "coordinates": [[[17.8039, 51.63569], [17.80376, 51.63551], [17.80375, 51.63549], [17.80373, 51.63549], [17.80374, 51.63552], [17.8037, 51.63553], [17.80383, 51.63571], [17.8039, 51.63569]]]}}, {"type": "Feature", "properties": {"area_ha": 0.007, "dist_km": 2.86, "node": "Ostrów", "node_mw": 200, "osm_id": 895969333, "anchor_kind": "demand"}, "geometry": {"type": "Polygon", "coordinates": [[[17.79057, 51.64204], [17.79064, 51.64204], [17.79062, 51.64197], [17.79067, 51.64196], [17.79066, 51.64196], [17.79066, 51.64194], [17.79054, 51.64195], [17.79056, 51.64202], [17.79057, 51.64204]]]}}, {"type": "Feature", "properties": {"area_ha": 0.057, "dist_km": 1.902, "node": "Ostrów", "node_mw": 200, "osm_id": 895969457, "anchor_kind": "demand"}, "geometry": {"type": "Polygon", "coordinates": [[[17.80593, 51.64193], [17.806, 51.64156], [17.80583, 51.64154], [17.8058, 51.64173], [17.80575, 51.64173], [17.80571, 51.64192], [17.80575, 51.64192], [17.80582, 51.64193], [17.80593, 51.64193]]]}}, {"type": "Feature", "properties": {"area_ha": 0.056, "dist_km": 1.922, "node": "Ostrów", "node_mw": 200, "osm_id": 895969468, "anchor_kind": "demand"}, "geometry": {"type": "Polygon", "coordinates": [[[17.8056, 51.64149], [17.80556, 51.64149], [17.80544, 51.64199], [17.80557, 51.642], [17.80571, 51.6415], [17.8056, 51.64149]]]}}, {"type": "Feature", "properties": {"area_ha": 0.054, "dist_km": 1.935, "node": "Ostrów", "node_mw": 200, "osm_id": 895969494, "anchor_kind": "demand"}, "geometry": {"type": "Polygon", "coordinates": [[[17.8062, 51.64102], [17.80627, 51.64064], [17.80609, 51.64063], [17.80602, 51.64101], [17.80611, 51.64101], [17.8062, 51.64102]]]}}, {"type": "Feature", "properties": {"area_ha": 2.591, "dist_km": 1.756, "node": "Ostrów", "node_mw": 200, "osm_id": 909900324, "anchor_kind": "demand"}, "geometry": {"type": "Polygon", "coordinates": [[[17.81637, 51.63579], [17.81766, 51.63565], [17.81767, 51.63568], [17.8181, 51.63564], [17.81834, 51.6365], [17.81854, 51.63755], [17.8169, 51.63772], [17.81663, 51.63669], [17.81661, 51.63662], [17.81659, 51.63657], [17.81642, 51.63595], [17.81639, 51.63587], [17.81637, 51.63579]]]}}, {"type": "Feature", "properties": {"area_ha": 1.301, "dist_km": 1.59, "node": "Ostrów", "node_mw": 200, "osm_id": 909900325, "anchor_kind": "demand"}, "geometry": {"type": "Polygon", "coordinates": [[[17.81577, 51.63795], [17.81823, 51.63769], [17.81843, 51.63836], [17.81594, 51.63861], [17.81577, 51.63795]]]}}, {"type": "Feature", "properties": {"area_ha": 2.22, "dist_km": 1.497, "node": "Ostrów", "node_mw": 200, "osm_id": 909900326, "anchor_kind": "demand"}, "geometry": {"type": "Polygon", "coordinates": [[[17.81594, 51.63861], [17.81606, 51.63912], [17.81653, 51.63908], [17.8168, 51.63978], [17.81886, 51.63964], [17.81863, 51.63895], [17.81843, 51.63836], [17.81594, 51.63861]]]}}, {"type": "Feature", "properties": {"area_ha": 1.531, "dist_km": 1.499, "node": "Ostrów", "node_mw": 200, "osm_id": 909900327, "anchor_kind": "demand"}, "geometry": {"type": "Polygon", "coordinates": [[[17.81973, 51.63884], [17.81958, 51.63817], [17.82039, 51.63808], [17.82032, 51.63751], [17.81823, 51.63769], [17.81863, 51.63895], [17.81973, 51.63884]]]}}, {"type": "Feature", "properties": {"area_ha": 0.43, "dist_km": 1.444, "node": "Ostrów", "node_mw": 200, "osm_id": 909900328, "anchor_kind": "demand"}, "geometry": {"type": "Polygon", "coordinates": [[[17.81973, 51.63884], [17.82061, 51.63876], [17.82064, 51.63862], [17.82045, 51.63862], [17.82039, 51.63808], [17.81958, 51.63817], [17.81973, 51.63884]]]}}, {"type": "Feature", "properties": {"area_ha": 25.046, "dist_km": 2.029, "node": "Mościska", "node_mw": 50, "osm_id": 935159063, "anchor_kind": "demand"}, "geometry": {"type": "Polygon", "coordinates": [[[16.87288, 52.3797], [16.87288, 52.37968], [16.87287, 52.37963], [16.87095, 52.3795], [16.87065, 52.37957], [16.87018, 52.37966], [16.86953, 52.37963], [16.86544, 52.37945], [16.86163, 52.37928], [16.86168, 52.37896], [16.8633, 52.37786], [16.86417, 52.37844], [16.86591, 52.37748], [16.86482, 52.37677], [16.86482, 52.37671], [16.86583, 52.37597], [16.86586, 52.37599], [16.8678, 52.37455], [16.86798, 52.37442], [16.86853, 52.37458], [16.86857, 52.37455], [16.86891, 52.37475], [16.86835, 52.37517], [16.86904, 52.37549], [16.86965, 52.37505], [16.86966, 52.37506], [16.87049, 52.3755], [16.87043, 52.37554], [16.87055, 52.3756], [16.87097, 52.37582], [16.87104, 52.37586], [16.87104, 52.37587], [16.86979, 52.37675], [16.86978, 52.37675], [16.86963, 52.37685], [16.87097, 52.37756], [16.87118, 52.37767], [16.87139, 52.37778], [16.87278, 52.3768], [16.87319, 52.37702], [16.8732, 52.37702], [16.87334, 52.3771], [16.87336, 52.37708], [16.87409, 52.3775], [16.87322, 52.37809], [16.87362, 52.37833], [16.87285, 52.37887], [16.87362, 52.37933], [16.87394, 52.37914], [16.87417, 52.37929], [16.87402, 52.37939], [16.87406, 52.3795], [16.87408, 52.37955], [16.87414, 52.3797], [16.87415, 52.37971], [16.87378, 52.37969], [16.87363, 52.37968], [16.87333, 52.37969], [16.87288, 52.3797]]]}}, {"type": "Feature", "properties": {"area_ha": 1.262, "dist_km": 1.954, "node": "Ostrów", "node_mw": 200, "osm_id": 956618032, "anchor_kind": "demand"}, "geometry": {"type": "Polygon", "coordinates": [[[17.80188, 51.64889], [17.8018, 51.64855], [17.80194, 51.64847], [17.80202, 51.64829], [17.80198, 51.64808], [17.80043, 51.64821], [17.80061, 51.64783], [17.80111, 51.64795], [17.80148, 51.64738], [17.8033, 51.64719], [17.80268, 51.64776], [17.80237, 51.64804], [17.80246, 51.6483], [17.80188, 51.64889]]]}}, {"type": "Feature", "properties": {"area_ha": 6.944, "dist_km": 0.546, "node": "Mościska", "node_mw": 50, "osm_id": 984244124, "anchor_kind": "demand"}, "geometry": {"type": "Polygon", "coordinates": [[[16.90727, 52.37754], [16.90672, 52.37764], [16.90651, 52.37768], [16.90603, 52.37777], [16.90593, 52.37779], [16.90576, 52.37775], [16.90573, 52.37776], [16.90567, 52.37782], [16.90554, 52.37782], [16.90551, 52.37783], [16.90542, 52.37785], [16.90538, 52.37785], [16.90538, 52.37785], [16.90534, 52.37785], [16.90526, 52.37785], [16.90514, 52.37786], [16.90508, 52.37809], [16.90508, 52.37813], [16.90523, 52.37917], [16.90531, 52.37941], [16.90551, 52.37939], [16.90576, 52.37935], [16.90587, 52.37956], [16.90693, 52.37936], [16.90695, 52.37935], [16.90751, 52.37924], [16.9076, 52.37942], [16.90797, 52.37935], [16.90885, 52.38105], [16.90896, 52.38114], [16.90949, 52.38216], [16.90952, 52.38216], [16.90964, 52.38213], [16.90968, 52.38222], [16.91088, 52.38199], [16.91074, 52.38172], [16.9108, 52.38171], [16.91082, 52.38173], [16.91096, 52.3817], [16.91083, 52.38147], [16.91069, 52.3815], [16.91057, 52.38125], [16.91056, 52.38124], [16.91072, 52.38121], [16.91022, 52.38066], [16.91017, 52.38068], [16.91011, 52.38061], [16.91016, 52.38059], [16.91015, 52.38058], [16.90949, 52.37986], [16.90943, 52.37988], [16.90941, 52.37986], [16.90947, 52.37983], [16.90889, 52.37923], [16.90885, 52.37924], [16.90882, 52.37921], [16.90884, 52.3792], [16.90881, 52.37917], [16.90883, 52.37917], [16.90883, 52.37916], [16.90883, 52.37916], [16.90789, 52.37818], [16.90778, 52.37806], [16.90769, 52.37797], [16.90768, 52.37796], [16.90733, 52.3776], [16.90732, 52.37759], [16.90727, 52.37754]]]}}, {"type": "Feature", "properties": {"area_ha": 0.543, "dist_km": 1.027, "node": "Mościska", "node_mw": 50, "osm_id": 984261492, "anchor_kind": "demand"}, "geometry": {"type": "Polygon", "coordinates": [[[16.91168, 52.38551], [16.91159, 52.38535], [16.91146, 52.3851], [16.91303, 52.38479], [16.91309, 52.3849], [16.91313, 52.38498], [16.91314, 52.385], [16.91319, 52.38509], [16.91325, 52.38521], [16.91168, 52.38551]]]}}, {"type": "Feature", "properties": {"area_ha": 0.016, "dist_km": 2.805, "node": "Mościska", "node_mw": 50, "osm_id": 996239288, "anchor_kind": "demand"}, "geometry": {"type": "Polygon", "coordinates": [[[16.85895, 52.3834], [16.8589, 52.38346], [16.85918, 52.38355], [16.85923, 52.3835], [16.85895, 52.3834]]]}}, {"type": "Feature", "properties": {"area_ha": 0.018, "dist_km": 2.629, "node": "Ostrów", "node_mw": 200, "osm_id": 1001685378, "anchor_kind": "demand"}, "geometry": {"type": "Polygon", "coordinates": [[[17.86744, 51.64562], [17.86748, 51.64568], [17.8674, 51.6457], [17.86743, 51.64575], [17.86751, 51.64573], [17.86759, 51.6457], [17.86745, 51.64552], [17.86742, 51.64549], [17.86736, 51.64551], [17.86735, 51.64551], [17.86738, 51.64555], [17.86744, 51.64562]]]}}, {"type": "Feature", "properties": {"area_ha": 0.15, "dist_km": 1.884, "node": "Ostrów", "node_mw": 200, "osm_id": 1060054076, "anchor_kind": "demand"}, "geometry": {"type": "Polygon", "coordinates": [[[17.81522, 51.6358], [17.81514, 51.63552], [17.81583, 51.63544], [17.81586, 51.63553], [17.81591, 51.63572], [17.81522, 51.6358]]]}}, {"type": "Feature", "properties": {"area_ha": 0.003, "dist_km": 2.705, "node": "Ostrów", "node_mw": 200, "osm_id": 1062325169, "anchor_kind": "demand"}, "geometry": {"type": "Polygon", "coordinates": [[[17.8001, 51.66572], [17.80014, 51.66583], [17.80017, 51.66582], [17.80014, 51.66572], [17.8001, 51.66572]]]}}, {"type": "Feature", "properties": {"area_ha": 0.01, "dist_km": 2.549, "node": "Ostrów", "node_mw": 200, "osm_id": 1062325425, "anchor_kind": "demand"}, "geometry": {"type": "Polygon", "coordinates": [[[17.80279, 51.66553], [17.80279, 51.66542], [17.80268, 51.66541], [17.80267, 51.66553], [17.80279, 51.66553]]]}}, {"type": "Feature", "properties": {"area_ha": 0.041, "dist_km": 2.684, "node": "Ostrów", "node_mw": 200, "osm_id": 1062325430, "anchor_kind": "demand"}, "geometry": {"type": "Polygon", "coordinates": [[[17.79768, 51.66366], [17.79789, 51.66366], [17.79789, 51.66341], [17.79768, 51.66341], [17.79768, 51.66366]]]}}, {"type": "Feature", "properties": {"area_ha": 0.004, "dist_km": 0.454, "node": "Ostrów", "node_mw": 200, "osm_id": 1062325663, "anchor_kind": "demand"}, "geometry": {"type": "Polygon", "coordinates": [[[17.82378, 51.65144], [17.82378, 51.65147], [17.82394, 51.65147], [17.82394, 51.65144], [17.82385, 51.65144], [17.82382, 51.65144], [17.82378, 51.65144]]]}}, {"type": "Feature", "properties": {"area_ha": 0.005, "dist_km": 1.816, "node": "Ostrów", "node_mw": 200, "osm_id": 1062325789, "anchor_kind": "demand"}, "geometry": {"type": "Polygon", "coordinates": [[[17.80364, 51.64972], [17.80364, 51.6498], [17.80373, 51.6498], [17.80373, 51.64973], [17.80364, 51.64972]]]}}, {"type": "Feature", "properties": {"area_ha": 0.004, "dist_km": 1.688, "node": "Ostrów", "node_mw": 200, "osm_id": 1062325803, "anchor_kind": "demand"}, "geometry": {"type": "Polygon", "coordinates": [[[17.80564, 51.64824], [17.80564, 51.64829], [17.80573, 51.64829], [17.80574, 51.64824], [17.80564, 51.64824]]]}}, {"type": "Feature", "properties": {"area_ha": 0.016, "dist_km": 2.689, "node": "Ostrów", "node_mw": 200, "osm_id": 1062326010, "anchor_kind": "demand"}, "geometry": {"type": "Polygon", "coordinates": [[[17.79304, 51.65797], [17.79332, 51.65798], [17.79333, 51.65792], [17.79305, 51.65788], [17.79304, 51.65797]]]}}, {"type": "Feature", "properties": {"area_ha": 0.008, "dist_km": 1.828, "node": "Ostrów", "node_mw": 200, "osm_id": 1062326028, "anchor_kind": "demand"}, "geometry": {"type": "Polygon", "coordinates": [[[17.80348, 51.64958], [17.80346, 51.64974], [17.80353, 51.64974], [17.80355, 51.64958], [17.80348, 51.64958]]]}}, {"type": "Feature", "properties": {"area_ha": 0.019, "dist_km": 2.555, "node": "Ostrów", "node_mw": 200, "osm_id": 1062326034, "anchor_kind": "demand"}, "geometry": {"type": "Polygon", "coordinates": [[[17.79458, 51.64314], [17.79483, 51.64311], [17.7948, 51.64302], [17.79455, 51.64306], [17.79458, 51.64314]]]}}, {"type": "Feature", "properties": {"area_ha": 0.044, "dist_km": 2.282, "node": "Ostrów", "node_mw": 200, "osm_id": 1062326144, "anchor_kind": "demand"}, "geometry": {"type": "Polygon", "coordinates": [[[17.80288, 51.66198], [17.80305, 51.66166], [17.80304, 51.66166], [17.80273, 51.6616], [17.80287, 51.66198], [17.80288, 51.66198]]]}}, {"type": "Feature", "properties": {"area_ha": 0.006, "dist_km": 1.81, "node": "Ostrów", "node_mw": 200, "osm_id": 1062326156, "anchor_kind": "demand"}, "geometry": {"type": "Polygon", "coordinates": [[[17.80406, 51.65215], [17.80397, 51.65215], [17.80397, 51.65224], [17.80405, 51.65224], [17.80406, 51.65215]]]}}, {"type": "Feature", "properties": {"area_ha": 0.009, "dist_km": 1.35, "node": "Ostrów", "node_mw": 200, "osm_id": 1062326781, "anchor_kind": "demand"}, "geometry": {"type": "Polygon", "coordinates": [[[17.81838, 51.65974], [17.81834, 51.65979], [17.81852, 51.65985], [17.81856, 51.65981], [17.81838, 51.65974]]]}}, {"type": "Feature", "properties": {"area_ha": 0.005, "dist_km": 1.288, "node": "Ostrów", "node_mw": 200, "osm_id": 1062327137, "anchor_kind": "demand"}, "geometry": {"type": "Polygon", "coordinates": [[[17.84746, 51.64587], [17.84745, 51.64579], [17.84737, 51.6458], [17.84738, 51.64588], [17.84746, 51.64587]]]}}, {"type": "Feature", "properties": {"area_ha": 0.023, "dist_km": 1.603, "node": "Ostrów", "node_mw": 200, "osm_id": 1062327355, "anchor_kind": "demand"}, "geometry": {"type": "Polygon", "coordinates": [[[17.82296, 51.63622], [17.82284, 51.63618], [17.82267, 51.63637], [17.82279, 51.63641], [17.82296, 51.63622]]]}}, {"type": "Feature", "properties": {"area_ha": 0.029, "dist_km": 1.896, "node": "Ostrów", "node_mw": 200, "osm_id": 1062327356, "anchor_kind": "demand"}, "geometry": {"type": "Polygon", "coordinates": [[[17.82404, 51.63329], [17.82377, 51.63332], [17.82379, 51.63338], [17.82382, 51.63346], [17.82408, 51.63343], [17.82404, 51.63329]]]}}, {"type": "Feature", "properties": {"area_ha": 0.021, "dist_km": 1.985, "node": "Ostrów", "node_mw": 200, "osm_id": 1062327357, "anchor_kind": "demand"}, "geometry": {"type": "Polygon", "coordinates": [[[17.82347, 51.63248], [17.82351, 51.63263], [17.82351, 51.63263], [17.82353, 51.63268], [17.82366, 51.63267], [17.82364, 51.63261], [17.82365, 51.63261], [17.8236, 51.63247], [17.82347, 51.63248]]]}}, {"type": "Feature", "properties": {"area_ha": 0.021, "dist_km": 2.163, "node": "Ostrów", "node_mw": 200, "osm_id": 1062327380, "anchor_kind": "demand"}, "geometry": {"type": "Polygon", "coordinates": [[[17.82426, 51.63079], [17.82411, 51.6308], [17.82415, 51.63098], [17.8243, 51.63097], [17.82426, 51.63079]]]}}, {"type": "Feature", "properties": {"area_ha": 0.015, "dist_km": 1.759, "node": "Ostrów", "node_mw": 200, "osm_id": 1062327382, "anchor_kind": "demand"}, "geometry": {"type": "Polygon", "coordinates": [[[17.82539, 51.63435], [17.82539, 51.63435], [17.82539, 51.63435], [17.82525, 51.6345], [17.82524, 51.6345], [17.82524, 51.63451], [17.82525, 51.63451], [17.82525, 51.63451], [17.82533, 51.63454], [17.82533, 51.63454], [17.82533, 51.63454], [17.82534, 51.63454], [17.82534, 51.63454], [17.82548, 51.63439], [17.82548, 51.63439], [17.82549, 51.63438], [17.82548, 51.63438], [17.82548, 51.63438], [17.8254, 51.63435], [17.8254, 51.63435], [17.82539, 51.63435]]]}}, {"type": "Feature", "properties": {"area_ha": 0.052, "dist_km": 0.179, "node": "Ostrów", "node_mw": 200, "osm_id": 1062327594, "anchor_kind": "demand"}, "geometry": {"type": "Polygon", "coordinates": [[[17.82884, 51.65143], [17.82886, 51.6516], [17.82926, 51.65157], [17.82924, 51.65141], [17.82884, 51.65143]]]}}, {"type": "Feature", "properties": {"area_ha": 0.015, "dist_km": 1.965, "node": "Ostrów", "node_mw": 200, "osm_id": 1062327602, "anchor_kind": "demand"}, "geometry": {"type": "Polygon", "coordinates": [[[17.82354, 51.63271], [17.82359, 51.63286], [17.82371, 51.63284], [17.82367, 51.6327], [17.82354, 51.63271]]]}}, {"type": "Feature", "properties": {"area_ha": 0.008, "dist_km": 1.378, "node": "Ostrów", "node_mw": 200, "osm_id": 1062327603, "anchor_kind": "demand"}, "geometry": {"type": "Polygon", "coordinates": [[[17.81776, 51.65976], [17.81771, 51.65981], [17.81786, 51.65987], [17.81791, 51.65982], [17.81776, 51.65976]]]}}, {"type": "Feature", "properties": {"area_ha": 0.032, "dist_km": 2.136, "node": "Ostrów", "node_mw": 200, "osm_id": 1062327653, "anchor_kind": "demand"}, "geometry": {"type": "Polygon", "coordinates": [[[17.82414, 51.631], [17.82419, 51.63126], [17.82435, 51.63125], [17.82429, 51.63099], [17.82414, 51.631]]]}}, {"type": "Feature", "properties": {"area_ha": 0.024, "dist_km": 1.888, "node": "Ostrów", "node_mw": 200, "osm_id": 1062327656, "anchor_kind": "demand"}, "geometry": {"type": "Polygon", "coordinates": [[[17.82425, 51.63344], [17.8244, 51.63349], [17.82454, 51.63333], [17.82439, 51.63328], [17.82425, 51.63344]]]}}, {"type": "Feature", "properties": {"area_ha": 0.01, "dist_km": 1.001, "node": "Ostrów", "node_mw": 200, "osm_id": 1062327676, "anchor_kind": "demand"}, "geometry": {"type": "Polygon", "coordinates": [[[17.81534, 51.64961], [17.81537, 51.64967], [17.81558, 51.64964], [17.81558, 51.64962], [17.81557, 51.64962], [17.81557, 51.64962], [17.81556, 51.64958], [17.81534, 51.64961]]]}}, {"type": "Feature", "properties": {"area_ha": 0.007, "dist_km": 1.525, "node": "Ostrów", "node_mw": 200, "osm_id": 1062328159, "anchor_kind": "demand"}, "geometry": {"type": "Polygon", "coordinates": [[[17.81116, 51.65729], [17.81117, 51.65733], [17.81139, 51.6573], [17.81137, 51.65727], [17.81136, 51.65727], [17.81129, 51.65728], [17.8112, 51.65729], [17.81116, 51.65729]]]}}, {"type": "Feature", "properties": {"area_ha": 0.034, "dist_km": 1.84, "node": "Ostrów", "node_mw": 200, "osm_id": 1062328194, "anchor_kind": "demand"}, "geometry": {"type": "Polygon", "coordinates": [[[17.80785, 51.65903], [17.8077, 51.65905], [17.80779, 51.65934], [17.80794, 51.65932], [17.80785, 51.65903]]]}}, {"type": "Feature", "properties": {"area_ha": 0.016, "dist_km": 1.569, "node": "Ostrów", "node_mw": 200, "osm_id": 1062328205, "anchor_kind": "demand"}, "geometry": {"type": "Polygon", "coordinates": [[[17.81233, 51.65905], [17.81267, 51.65901], [17.81266, 51.65895], [17.81231, 51.659], [17.81233, 51.65905]]]}}, {"type": "Feature", "properties": {"area_ha": 0.006, "dist_km": 1.349, "node": "Ostrów", "node_mw": 200, "osm_id": 1062328213, "anchor_kind": "demand"}, "geometry": {"type": "Polygon", "coordinates": [[[17.81828, 51.6597], [17.81824, 51.65975], [17.81834, 51.65979], [17.81838, 51.65974], [17.81839, 51.65973], [17.81829, 51.65969], [17.81828, 51.6597]]]}}, {"type": "Feature", "properties": {"area_ha": 0.066, "dist_km": 2.76, "node": "Ostrów", "node_mw": 200, "osm_id": 1062328235, "anchor_kind": "demand"}, "geometry": {"type": "Polygon", "coordinates": [[[17.79352, 51.66026], [17.79362, 51.66062], [17.79386, 51.66059], [17.79376, 51.66024], [17.79352, 51.66026]]]}}, {"type": "Feature", "properties": {"area_ha": 0.015, "dist_km": 2.226, "node": "Ostrów", "node_mw": 200, "osm_id": 1062328245, "anchor_kind": "demand"}, "geometry": {"type": "Polygon", "coordinates": [[[17.80315, 51.66094], [17.8029, 51.66093], [17.8029, 51.66101], [17.80314, 51.66102], [17.80315, 51.66094]]]}}, {"type": "Feature", "properties": {"area_ha": 0.037, "dist_km": 1.607, "node": "Ostrów", "node_mw": 200, "osm_id": 1062328246, "anchor_kind": "demand"}, "geometry": {"type": "Polygon", "coordinates": [[[17.81202, 51.65911], [17.81214, 51.65946], [17.81227, 51.65944], [17.81215, 51.65909], [17.81202, 51.65911]]]}}, {"type": "Feature", "properties": {"area_ha": 0.011, "dist_km": 2.184, "node": "Ostrów", "node_mw": 200, "osm_id": 1062328252, "anchor_kind": "demand"}, "geometry": {"type": "Polygon", "coordinates": [[[17.80619, 51.66282], [17.8061, 51.66282], [17.80608, 51.66298], [17.80617, 51.66298], [17.80619, 51.66282]]]}}, {"type": "Feature", "properties": {"area_ha": 0.005, "dist_km": 2.542, "node": "Ostrów", "node_mw": 200, "osm_id": 1062328267, "anchor_kind": "demand"}, "geometry": {"type": "Polygon", "coordinates": [[[17.79866, 51.66212], [17.79881, 51.66208], [17.79878, 51.66204], [17.79864, 51.66208], [17.79866, 51.66212]]]}}, {"type": "Feature", "properties": {"area_ha": 0.013, "dist_km": 0.899, "node": "Mościska", "node_mw": 50, "osm_id": 1075789007, "anchor_kind": "demand"}, "geometry": {"type": "Polygon", "coordinates": [[[16.89969, 52.37193], [16.89967, 52.37188], [16.89937, 52.3719], [16.89938, 52.37196], [16.89969, 52.37193]]]}}, {"type": "Feature", "properties": {"area_ha": 0.015, "dist_km": 1.119, "node": "Mościska", "node_mw": 50, "osm_id": 1075789055, "anchor_kind": "demand"}, "geometry": {"type": "Polygon", "coordinates": [[[16.89629, 52.37015], [16.89606, 52.37017], [16.89607, 52.37022], [16.89609, 52.37026], [16.8963, 52.37024], [16.89629, 52.37015]]]}}, {"type": "Feature", "properties": {"area_ha": 0.013, "dist_km": 1.119, "node": "Mościska", "node_mw": 50, "osm_id": 1075789082, "anchor_kind": "demand"}, "geometry": {"type": "Polygon", "coordinates": [[[16.8963, 52.37024], [16.89658, 52.37022], [16.89657, 52.37017], [16.89639, 52.37019], [16.89638, 52.37015], [16.89637, 52.37015], [16.89629, 52.37015], [16.89629, 52.37015], [16.8963, 52.37024]]]}}, {"type": "Feature", "properties": {"area_ha": 0.016, "dist_km": 2.976, "node": "Mościska", "node_mw": 50, "osm_id": 1086018714, "anchor_kind": "demand"}, "geometry": {"type": "Polygon", "coordinates": [[[16.85755, 52.38687], [16.85757, 52.38686], [16.85762, 52.38686], [16.85773, 52.38676], [16.85763, 52.38671], [16.85747, 52.38682], [16.85755, 52.38687]]]}}, {"type": "Feature", "properties": {"area_ha": 0.007, "dist_km": 2.728, "node": "Mościska", "node_mw": 50, "osm_id": 1086018758, "anchor_kind": "demand"}, "geometry": {"type": "Polygon", "coordinates": [[[16.86058, 52.38504], [16.86073, 52.38511], [16.86077, 52.38507], [16.86062, 52.385], [16.86058, 52.38504]]]}}, {"type": "Feature", "properties": {"area_ha": 0.006, "dist_km": 2.543, "node": "Mościska", "node_mw": 50, "osm_id": 1086018822, "anchor_kind": "demand"}, "geometry": {"type": "Polygon", "coordinates": [[[16.86284, 52.38246], [16.86284, 52.38246], [16.86283, 52.38246], [16.86279, 52.38241], [16.86279, 52.38241], [16.86279, 52.38241], [16.86266, 52.38245], [16.86267, 52.38245], [16.86267, 52.38245], [16.86271, 52.3825], [16.86271, 52.3825], [16.86271, 52.3825], [16.86284, 52.38246]]]}}, {"type": "Feature", "properties": {"area_ha": 0.006, "dist_km": 2.548, "node": "Mościska", "node_mw": 50, "osm_id": 1086018824, "anchor_kind": "demand"}, "geometry": {"type": "Polygon", "coordinates": [[[16.86264, 52.38181], [16.86258, 52.38174], [16.86249, 52.38176], [16.86256, 52.38184], [16.86264, 52.38181]]]}}, {"type": "Feature", "properties": {"area_ha": 0.01, "dist_km": 2.798, "node": "Mościska", "node_mw": 50, "osm_id": 1086018898, "anchor_kind": "demand"}, "geometry": {"type": "Polygon", "coordinates": [[[16.85919, 52.38314], [16.85909, 52.38309], [16.85902, 52.38314], [16.85907, 52.38317], [16.85904, 52.38319], [16.85913, 52.38324], [16.85916, 52.38322], [16.85912, 52.38319], [16.85915, 52.38317], [16.85914, 52.38316], [16.85919, 52.38314]]]}}, {"type": "Feature", "properties": {"area_ha": 0.007, "dist_km": 1.436, "node": "Mościska", "node_mw": 50, "osm_id": 1086180965, "anchor_kind": "demand"}, "geometry": {"type": "Polygon", "coordinates": [[[16.91466, 52.37067], [16.91464, 52.37062], [16.91456, 52.37063], [16.91459, 52.37073], [16.91468, 52.37072], [16.91466, 52.37067]]]}}, {"type": "Feature", "properties": {"area_ha": 0.022, "dist_km": 2.718, "node": "Mościska", "node_mw": 50, "osm_id": 1086180995, "anchor_kind": "demand"}, "geometry": {"type": "Polygon", "coordinates": [[[16.93819, 52.37276], [16.93833, 52.3727], [16.93818, 52.37256], [16.93804, 52.37262], [16.93819, 52.37276]]]}}, {"type": "Feature", "properties": {"area_ha": 0.01, "dist_km": 2.671, "node": "Mościska", "node_mw": 50, "osm_id": 1086180996, "anchor_kind": "demand"}, "geometry": {"type": "Polygon", "coordinates": [[[16.93742, 52.37277], [16.93755, 52.3728], [16.9376, 52.37271], [16.93746, 52.37269], [16.93742, 52.37277]]]}}, {"type": "Feature", "properties": {"area_ha": 0.014, "dist_km": 2.365, "node": "Mościska", "node_mw": 50, "osm_id": 1086181014, "anchor_kind": "demand"}, "geometry": {"type": "Polygon", "coordinates": [[[16.93321, 52.37341], [16.93312, 52.37326], [16.93308, 52.37327], [16.93307, 52.37325], [16.93302, 52.37326], [16.93306, 52.37333], [16.93302, 52.37334], [16.93304, 52.37338], [16.93308, 52.37337], [16.93312, 52.37343], [16.93321, 52.37341]]]}}, {"type": "Feature", "properties": {"area_ha": 0.021, "dist_km": 2.935, "node": "Mościska", "node_mw": 50, "osm_id": 1086181055, "anchor_kind": "demand"}, "geometry": {"type": "Polygon", "coordinates": [[[16.93863, 52.36833], [16.93866, 52.36842], [16.93895, 52.36837], [16.93891, 52.36828], [16.93863, 52.36833]]]}}, {"type": "Feature", "properties": {"area_ha": 0.006, "dist_km": 1.218, "node": "Mościska", "node_mw": 50, "osm_id": 1086181101, "anchor_kind": "demand"}, "geometry": {"type": "Polygon", "coordinates": [[[16.89403, 52.36973], [16.89409, 52.36972], [16.89411, 52.36972], [16.8941, 52.36968], [16.8941, 52.36963], [16.89408, 52.36963], [16.89408, 52.36962], [16.89403, 52.36962], [16.89403, 52.36963], [16.89402, 52.36963], [16.89403, 52.36973]]]}}, {"type": "Feature", "properties": {"area_ha": 0.004, "dist_km": 2.518, "node": "Mościska", "node_mw": 50, "osm_id": 1086191431, "anchor_kind": "demand"}, "geometry": {"type": "Polygon", "coordinates": [[[16.86319, 52.38247], [16.86316, 52.38243], [16.86304, 52.38247], [16.86308, 52.38251], [16.86319, 52.38247]]]}}, {"type": "Feature", "properties": {"area_ha": 0.016, "dist_km": 1.583, "node": "Mościska", "node_mw": 50, "osm_id": 1086191531, "anchor_kind": "demand"}, "geometry": {"type": "Polygon", "coordinates": [[[16.87747, 52.38384], [16.87761, 52.38392], [16.87769, 52.38387], [16.87756, 52.38379], [16.87748, 52.38375], [16.87748, 52.38375], [16.87739, 52.3838], [16.87747, 52.38384]]]}}, {"type": "Feature", "properties": {"area_ha": 0.011, "dist_km": 1.58, "node": "Mościska", "node_mw": 50, "osm_id": 1086191532, "anchor_kind": "demand"}, "geometry": {"type": "Polygon", "coordinates": [[[16.87757, 52.38366], [16.87745, 52.38373], [16.87748, 52.38375], [16.87748, 52.38375], [16.87756, 52.38379], [16.87767, 52.38372], [16.87757, 52.38366]]]}}, {"type": "Feature", "properties": {"area_ha": 0.007, "dist_km": 1.626, "node": "Mościska", "node_mw": 50, "osm_id": 1086191535, "anchor_kind": "demand"}, "geometry": {"type": "Polygon", "coordinates": [[[16.87664, 52.38338], [16.87668, 52.38335], [16.87675, 52.38331], [16.87668, 52.38327], [16.87668, 52.38327], [16.87666, 52.38329], [16.87657, 52.38334], [16.87664, 52.38338]]]}}, {"type": "Feature", "properties": {"area_ha": 0.008, "dist_km": 1.659, "node": "Mościska", "node_mw": 50, "osm_id": 1086191547, "anchor_kind": "demand"}, "geometry": {"type": "Polygon", "coordinates": [[[16.876, 52.38288], [16.87606, 52.38284], [16.87608, 52.38283], [16.87596, 52.38277], [16.87589, 52.38282], [16.876, 52.38288]]]}}, {"type": "Feature", "properties": {"area_ha": 0.008, "dist_km": 1.528, "node": "Mościska", "node_mw": 50, "osm_id": 1086191593, "anchor_kind": "demand"}, "geometry": {"type": "Polygon", "coordinates": [[[16.87841, 52.38384], [16.87841, 52.38384], [16.87842, 52.38384], [16.87848, 52.3838], [16.87836, 52.38373], [16.87832, 52.38371], [16.87827, 52.38375], [16.87831, 52.38377], [16.8783, 52.38377], [16.87841, 52.38384]]]}}, {"type": "Feature", "properties": {"area_ha": 0.005, "dist_km": 1.865, "node": "Mościska", "node_mw": 50, "osm_id": 1086191596, "anchor_kind": "demand"}, "geometry": {"type": "Polygon", "coordinates": [[[16.87275, 52.37755], [16.87281, 52.37759], [16.87289, 52.37753], [16.87283, 52.3775], [16.87275, 52.37755]]]}}, {"type": "Feature", "properties": {"area_ha": 0.004, "dist_km": 1.592, "node": "Mościska", "node_mw": 50, "osm_id": 1086191597, "anchor_kind": "demand"}, "geometry": {"type": "Polygon", "coordinates": [[[16.87739, 52.3838], [16.87733, 52.38384], [16.87741, 52.38388], [16.87747, 52.38384], [16.87739, 52.3838]]]}}, {"type": "Feature", "properties": {"area_ha": 0.004, "dist_km": 1.574, "node": "Mościska", "node_mw": 50, "osm_id": 1086191603, "anchor_kind": "demand"}, "geometry": {"type": "Polygon", "coordinates": [[[16.87791, 52.38435], [16.87798, 52.38431], [16.87792, 52.38427], [16.87785, 52.38432], [16.87791, 52.38435]]]}}, {"type": "Feature", "properties": {"area_ha": 0.025, "dist_km": 2.236, "node": "Mościska", "node_mw": 50, "osm_id": 1086191623, "anchor_kind": "demand"}, "geometry": {"type": "Polygon", "coordinates": [[[16.86718, 52.38053], [16.86691, 52.38062], [16.867, 52.38072], [16.86704, 52.3807], [16.86727, 52.38062], [16.86718, 52.38053]]]}}, {"type": "Feature", "properties": {"area_ha": 0.014, "dist_km": 1.329, "node": "Mościska", "node_mw": 50, "osm_id": 1086191848, "anchor_kind": "demand"}, "geometry": {"type": "Polygon", "coordinates": [[[16.88662, 52.38866], [16.88653, 52.38868], [16.88666, 52.38884], [16.88675, 52.38882], [16.88665, 52.38869], [16.88662, 52.38866]]]}}, {"type": "Feature", "properties": {"area_ha": 0.008, "dist_km": 1.328, "node": "Mościska", "node_mw": 50, "osm_id": 1086191854, "anchor_kind": "demand"}, "geometry": {"type": "Polygon", "coordinates": [[[16.88747, 52.38912], [16.88743, 52.38909], [16.88731, 52.38914], [16.88735, 52.38918], [16.88737, 52.3892], [16.88748, 52.38915], [16.88746, 52.38913], [16.88747, 52.38912]]]}}, {"type": "Feature", "properties": {"area_ha": 0.011, "dist_km": 0.459, "node": "Mościska", "node_mw": 50, "osm_id": 1125479797, "anchor_kind": "demand"}, "geometry": {"type": "Polygon", "coordinates": [[[16.89717, 52.38371], [16.89711, 52.38365], [16.89701, 52.38368], [16.89692, 52.38372], [16.89698, 52.38378], [16.89707, 52.38374], [16.89717, 52.38371]]]}}, {"type": "Feature", "properties": {"area_ha": 0.042, "dist_km": 1.699, "node": "Mościska", "node_mw": 50, "osm_id": 1125479889, "anchor_kind": "demand"}, "geometry": {"type": "Polygon", "coordinates": [[[16.87513, 52.38094], [16.87528, 52.38084], [16.87497, 52.38068], [16.87482, 52.38078], [16.87484, 52.38079], [16.87513, 52.38094]]]}}, {"type": "Feature", "properties": {"area_ha": 23.097, "dist_km": 2.98, "node": "Mościska", "node_mw": 50, "osm_id": 1160250309, "anchor_kind": "demand"}, "geometry": {"type": "Polygon", "coordinates": [[[16.94634, 52.37749], [16.94623, 52.37735], [16.94583, 52.37744], [16.94575, 52.37746], [16.94508, 52.37761], [16.94406, 52.37784], [16.94383, 52.37789], [16.94377, 52.3779], [16.94321, 52.37803], [16.94329, 52.37816], [16.9426, 52.37832], [16.94232, 52.37802], [16.94205, 52.37776], [16.94196, 52.37765], [16.94191, 52.37757], [16.94189, 52.37755], [16.94189, 52.37752], [16.94183, 52.37738], [16.94178, 52.37728], [16.94175, 52.37722], [16.94135, 52.37635], [16.94138, 52.37632], [16.9414, 52.37631], [16.94145, 52.3763], [16.94143, 52.37626], [16.94141, 52.37623], [16.94137, 52.37623], [16.94133, 52.37623], [16.94128, 52.37621], [16.94125, 52.37614], [16.94123, 52.3761], [16.94111, 52.37585], [16.94109, 52.37581], [16.94105, 52.37571], [16.94104, 52.37568], [16.94103, 52.37565], [16.94108, 52.37564], [16.94106, 52.37556], [16.94104, 52.37551], [16.94103, 52.37544], [16.94102, 52.37541], [16.94098, 52.37541], [16.94068, 52.37414], [16.94074, 52.37409], [16.94072, 52.37407], [16.94067, 52.37403], [16.94055, 52.37349], [16.94076, 52.37339], [16.94082, 52.37336], [16.94156, 52.37298], [16.94177, 52.37287], [16.94184, 52.37283], [16.94252, 52.37307], [16.94327, 52.37289], [16.94277, 52.37207], [16.94349, 52.3719], [16.94358, 52.37194], [16.94404, 52.37267], [16.94435, 52.37258], [16.9451, 52.37243], [16.94561, 52.37261], [16.9461, 52.37314], [16.94699, 52.37406], [16.94664, 52.37422], [16.947, 52.37483], [16.94761, 52.37586], [16.94805, 52.37659], [16.94796, 52.37661], [16.94816, 52.3769], [16.94824, 52.37702], [16.94743, 52.37723], [16.947, 52.37733], [16.94701, 52.37735], [16.94696, 52.37736], [16.94689, 52.37737], [16.94683, 52.37739], [16.94672, 52.37741], [16.94663, 52.37743], [16.94634, 52.37749]]]}}, {"type": "Feature", "properties": {"area_ha": 0.017, "dist_km": 0.309, "node": "Mościska", "node_mw": 50, "osm_id": 1175271150, "anchor_kind": "demand"}, "geometry": {"type": "Polygon", "coordinates": [[[16.90426, 52.37897], [16.90429, 52.37886], [16.90412, 52.3788], [16.90406, 52.3789], [16.90417, 52.37893], [16.90418, 52.37895], [16.90426, 52.37897]]]}}, {"type": "Feature", "properties": {"area_ha": 0.012, "dist_km": 1.623, "node": "Mościska", "node_mw": 50, "osm_id": 1175271152, "anchor_kind": "demand"}, "geometry": {"type": "Polygon", "coordinates": [[[16.90861, 52.39368], [16.90873, 52.39366], [16.90866, 52.39353], [16.90855, 52.39356], [16.90861, 52.39368]]]}}, {"type": "Feature", "properties": {"area_ha": 0.015, "dist_km": 2.698, "node": "Mościska", "node_mw": 50, "osm_id": 1179688114, "anchor_kind": "demand"}, "geometry": {"type": "Polygon", "coordinates": [[[16.93747, 52.37216], [16.93759, 52.37221], [16.93773, 52.37211], [16.93762, 52.37206], [16.93755, 52.3721], [16.93747, 52.37216]]]}}, {"type": "Feature", "properties": {"area_ha": 0.027, "dist_km": 0.246, "node": "Ostrów", "node_mw": 200, "osm_id": 1195055165, "anchor_kind": "demand"}, "geometry": {"type": "Polygon", "coordinates": [[[17.82789, 51.64813], [17.8279, 51.64833], [17.82807, 51.64833], [17.82806, 51.64812], [17.828, 51.64813], [17.82799, 51.64813], [17.8279, 51.64813], [17.82789, 51.64813]]]}}, {"type": "Feature", "properties": {"area_ha": 0.019, "dist_km": 1.757, "node": "Mościska", "node_mw": 50, "osm_id": 1204455749, "anchor_kind": "demand"}, "geometry": {"type": "Polygon", "coordinates": [[[16.90931, 52.39507], [16.90935, 52.39506], [16.9093, 52.39493], [16.90917, 52.39467], [16.90911, 52.39458], [16.90905, 52.39459], [16.90908, 52.39464], [16.9091, 52.39463], [16.90914, 52.39471], [16.90913, 52.39471], [16.90926, 52.39494], [16.90931, 52.39507]]]}}, {"type": "Feature", "properties": {"area_ha": 0.009, "dist_km": 0.538, "node": "Mościska", "node_mw": 50, "osm_id": 1212588341, "anchor_kind": "demand"}, "geometry": {"type": "Polygon", "coordinates": [[[16.90784, 52.37974], [16.90802, 52.3797], [16.90799, 52.37964], [16.90781, 52.37967], [16.90784, 52.37974]]]}}, {"type": "Feature", "properties": {"area_ha": 0.014, "dist_km": 0.155, "node": "Mościska", "node_mw": 50, "osm_id": 1212588365, "anchor_kind": "demand"}, "geometry": {"type": "Polygon", "coordinates": [[[16.89764, 52.37966], [16.89771, 52.37974], [16.89794, 52.37967], [16.89791, 52.37964], [16.89781, 52.37967], [16.89777, 52.37962], [16.89773, 52.37963], [16.89764, 52.37966]]]}}, {"type": "Feature", "properties": {"area_ha": 0.072, "dist_km": 1.453, "node": "Ostrów", "node_mw": 200, "osm_id": 1245268933, "anchor_kind": "demand"}, "geometry": {"type": "Polygon", "coordinates": [[[17.83757, 51.66233], [17.83786, 51.66231], [17.83781, 51.66199], [17.83752, 51.66201], [17.83757, 51.66233]]]}}, {"type": "Feature", "properties": {"area_ha": 0.058, "dist_km": 2.198, "node": "Ostrów", "node_mw": 200, "osm_id": 1245269007, "anchor_kind": "demand"}, "geometry": {"type": "Polygon", "coordinates": [[[17.82394, 51.63041], [17.82401, 51.63076], [17.82422, 51.63075], [17.82415, 51.63039], [17.82394, 51.63041]]]}}, {"type": "Feature", "properties": {"area_ha": 0.008, "dist_km": 2.498, "node": "Ostrów", "node_mw": 200, "osm_id": 1245269039, "anchor_kind": "demand"}, "geometry": {"type": "Polygon", "coordinates": [[[17.79508, 51.64354], [17.79561, 51.64348], [17.79561, 51.64347], [17.79508, 51.64353], [17.79508, 51.64354]]]}}, {"type": "Feature", "properties": {"area_ha": 0.057, "dist_km": 2.045, "node": "Ostrów", "node_mw": 200, "osm_id": 1245269110, "anchor_kind": "demand"}, "geometry": {"type": "Polygon", "coordinates": [[[17.80063, 51.65355], [17.80115, 51.65355], [17.80115, 51.65341], [17.80062, 51.65341], [17.80063, 51.65355]]]}}, {"type": "Feature", "properties": {"area_ha": 0.072, "dist_km": 1.744, "node": "Ostrów", "node_mw": 200, "osm_id": 1245269118, "anchor_kind": "demand"}, "geometry": {"type": "Polygon", "coordinates": [[[17.80755, 51.65763], [17.80758, 51.65775], [17.8083, 51.65767], [17.80826, 51.65754], [17.80755, 51.65763]]]}}, {"type": "Feature", "properties": {"area_ha": 0.015, "dist_km": 2.479, "node": "Ostrów", "node_mw": 200, "osm_id": 1245269280, "anchor_kind": "demand"}, "geometry": {"type": "Polygon", "coordinates": [[[17.79562, 51.64348], [17.79576, 51.64347], [17.79572, 51.64334], [17.79558, 51.64336], [17.79562, 51.64348]]]}}, {"type": "Feature", "properties": {"area_ha": 0.015, "dist_km": 1.974, "node": "Ostrów", "node_mw": 200, "osm_id": 1245269415, "anchor_kind": "demand"}, "geometry": {"type": "Polygon", "coordinates": [[[17.8535, 51.64001], [17.85366, 51.63997], [17.8536, 51.63987], [17.85354, 51.63989], [17.85353, 51.63987], [17.85344, 51.63988], [17.8535, 51.64001]]]}}, {"type": "Feature", "properties": {"area_ha": 0.06, "dist_km": 2.121, "node": "Ostrów", "node_mw": 200, "osm_id": 1245269514, "anchor_kind": "demand"}, "geometry": {"type": "Polygon", "coordinates": [[[17.82449, 51.63136], [17.82478, 51.63135], [17.82475, 51.63107], [17.82447, 51.63109], [17.82449, 51.63136]]]}}, {"type": "Feature", "properties": {"area_ha": 0.017, "dist_km": 2.414, "node": "Ostrów", "node_mw": 200, "osm_id": 1245269554, "anchor_kind": "demand"}, "geometry": {"type": "Polygon", "coordinates": [[[17.79808, 51.64089], [17.79811, 51.64097], [17.79836, 51.64095], [17.79833, 51.64086], [17.79808, 51.64089]]]}}, {"type": "Feature", "properties": {"area_ha": 0.005, "dist_km": 1.91, "node": "Ostrów", "node_mw": 200, "osm_id": 1245269616, "anchor_kind": "demand"}, "geometry": {"type": "Polygon", "coordinates": [[[17.8034, 51.65487], [17.80348, 51.65487], [17.80348, 51.65479], [17.8034, 51.65479], [17.8034, 51.65487]]]}}, {"type": "Feature", "properties": {"area_ha": 0.05, "dist_km": 2.229, "node": "Ostrów", "node_mw": 200, "osm_id": 1245269789, "anchor_kind": "demand"}, "geometry": {"type": "Polygon", "coordinates": [[[17.814, 51.63241], [17.81385, 51.63252], [17.81418, 51.6327], [17.81434, 51.63258], [17.814, 51.63241]]]}}, {"type": "Feature", "properties": {"area_ha": 0.026, "dist_km": 1.404, "node": "Ostrów", "node_mw": 200, "osm_id": 1245270044, "anchor_kind": "demand"}, "geometry": {"type": "Polygon", "coordinates": [[[17.82524, 51.63779], [17.82553, 51.63777], [17.82551, 51.63765], [17.82522, 51.63767], [17.82522, 51.6377], [17.82523, 51.6377], [17.82524, 51.63779]]]}}, {"type": "Feature", "properties": {"area_ha": 0.392, "dist_km": 2.841, "node": "Mościska", "node_mw": 50, "osm_id": 1281391587, "anchor_kind": "demand"}, "geometry": {"type": "Polygon", "coordinates": [[[16.86203, 52.39153], [16.86218, 52.39158], [16.86231, 52.39147], [16.86239, 52.3915], [16.86286, 52.3917], [16.86336, 52.39127], [16.86273, 52.39089], [16.86203, 52.39153]]]}}, {"type": "Feature", "properties": {"area_ha": 0.708, "dist_km": 2.717, "node": "Mościska", "node_mw": 50, "osm_id": 1283226877, "anchor_kind": "demand"}, "geometry": {"type": "Polygon", "coordinates": [[[16.8601, 52.38438], [16.86027, 52.38439], [16.86039, 52.38439], [16.86044, 52.3844], [16.86043, 52.38441], [16.86054, 52.38442], [16.86077, 52.3844], [16.86105, 52.38438], [16.86165, 52.38469], [16.86164, 52.38504], [16.86154, 52.38506], [16.86098, 52.38513], [16.86093, 52.38512], [16.86089, 52.38512], [16.86085, 52.38512], [16.86074, 52.38511], [16.86073, 52.38511], [16.86058, 52.38504], [16.86003, 52.38485], [16.86007, 52.38479], [16.8601, 52.38438]]]}}, {"type": "Feature", "properties": {"area_ha": 0.279, "dist_km": 2.904, "node": "Ostrów", "node_mw": 200, "osm_id": 1290647005, "anchor_kind": "demand"}, "geometry": {"type": "Polygon", "coordinates": [[[17.79506, 51.66483], [17.79597, 51.66473], [17.79604, 51.66498], [17.79569, 51.66503], [17.79574, 51.66522], [17.79517, 51.6653], [17.79507, 51.66493], [17.79506, 51.66483]]]}}, {"type": "Feature", "properties": {"area_ha": 0.315, "dist_km": 1.604, "node": "Ostrów", "node_mw": 200, "osm_id": 1297415649, "anchor_kind": "demand"}, "geometry": {"type": "Polygon", "coordinates": [[[17.8174, 51.63846], [17.81729, 51.63812], [17.81665, 51.63819], [17.81662, 51.63809], [17.81661, 51.63809], [17.81661, 51.6381], [17.81633, 51.63813], [17.81632, 51.63811], [17.81618, 51.63813], [17.81621, 51.63825], [17.81627, 51.63841], [17.81637, 51.6384], [17.81642, 51.63857], [17.8174, 51.63846]]]}}, {"type": "Feature", "properties": {"area_ha": 1.214, "dist_km": 1.523, "node": "Ostrów", "node_mw": 200, "osm_id": 1297415650, "anchor_kind": "demand"}, "geometry": {"type": "Polygon", "coordinates": [[[17.81667, 51.63867], [17.81668, 51.6387], [17.81654, 51.63872], [17.81657, 51.63882], [17.81647, 51.63883], [17.8165, 51.63892], [17.8166, 51.63891], [17.81663, 51.639], [17.81677, 51.63899], [17.81697, 51.63965], [17.81859, 51.63947], [17.81835, 51.63868], [17.81776, 51.63875], [17.8177, 51.63855], [17.81667, 51.63867]]]}}, {"type": "Feature", "properties": {"area_ha": 0.565, "dist_km": 2.903, "node": "Ostrów", "node_mw": 200, "osm_id": 1297660693, "anchor_kind": "demand"}, "geometry": {"type": "Polygon", "coordinates": [[[17.79269, 51.66263], [17.79294, 51.66324], [17.79304, 51.66326], [17.79405, 51.66311], [17.79379, 51.66262], [17.79376, 51.66261], [17.79367, 51.66245], [17.79272, 51.66263], [17.79269, 51.66263]]]}}, {"type": "Feature", "properties": {"area_ha": 0.431, "dist_km": 2.851, "node": "Ostrów", "node_mw": 200, "osm_id": 1342971947, "anchor_kind": "demand"}, "geometry": {"type": "Polygon", "coordinates": [[[17.79506, 51.66483], [17.795, 51.66457], [17.79695, 51.66438], [17.79698, 51.66475], [17.79665, 51.66476], [17.79597, 51.66473], [17.79506, 51.66483]]]}}, {"type": "Feature", "properties": {"area_ha": 0.218, "dist_km": 1.83, "node": "Ostrów", "node_mw": 200, "osm_id": 1430496993, "anchor_kind": "demand"}, "geometry": {"type": "Polygon", "coordinates": [[[17.81529, 51.63635], [17.81618, 51.63625], [17.81609, 51.63594], [17.8152, 51.63604], [17.81529, 51.63635]]]}}, {"type": "Feature", "properties": {"area_ha": 0.259, "dist_km": 2.413, "node": "Ostrów", "node_mw": 200, "osm_id": 1455911928, "anchor_kind": "demand"}, "geometry": {"type": "Polygon", "coordinates": [[[17.81339, 51.63062], [17.81347, 51.63086], [17.81484, 51.6307], [17.81477, 51.63047], [17.81339, 51.63062]]]}}, {"type": "Feature", "properties": {"area_ha": 0.018, "dist_km": 2.285, "node": "Ostrów", "node_mw": 200, "osm_id": 1455911929, "anchor_kind": "demand"}, "geometry": {"type": "Polygon", "coordinates": [[[17.81438, 51.63194], [17.81455, 51.63192], [17.81451, 51.63178], [17.81434, 51.6318], [17.81438, 51.63194]]]}}, {"type": "Feature", "properties": {"area_ha": 0.035, "dist_km": 2.311, "node": "Ostrów", "node_mw": 200, "osm_id": 1455911930, "anchor_kind": "demand"}, "geometry": {"type": "Polygon", "coordinates": [[[17.81381, 51.63182], [17.81403, 51.6318], [17.81417, 51.63178], [17.81414, 51.63166], [17.81377, 51.6317], [17.81381, 51.63182]]]}}, {"type": "Feature", "properties": {"area_ha": 0.131, "dist_km": 2.138, "node": "Ostrów", "node_mw": 200, "osm_id": 1455911931, "anchor_kind": "demand"}, "geometry": {"type": "Polygon", "coordinates": [[[17.81537, 51.63329], [17.81536, 51.63323], [17.81527, 51.63324], [17.81523, 51.6331], [17.81497, 51.63313], [17.81491, 51.63292], [17.81464, 51.63295], [17.81477, 51.63336], [17.81537, 51.63329]]]}}, {"type": "Feature", "properties": {"area_ha": 0.067, "dist_km": 2.16, "node": "Ostrów", "node_mw": 200, "osm_id": 1455911932, "anchor_kind": "demand"}, "geometry": {"type": "Polygon", "coordinates": [[[17.81473, 51.6335], [17.8148, 51.6335], [17.81477, 51.6334], [17.81477, 51.6334], [17.81465, 51.63299], [17.81463, 51.63295], [17.81466, 51.63294], [17.81454, 51.63285], [17.81425, 51.63288], [17.81428, 51.63299], [17.81433, 51.63298], [17.81435, 51.63303], [17.81436, 51.63303], [17.81458, 51.633], [17.81473, 51.6335]]]}}, {"type": "Feature", "properties": {"area_ha": 0.132, "dist_km": 2.129, "node": "Ostrów", "node_mw": 200, "osm_id": 1455911933, "anchor_kind": "demand"}, "geometry": {"type": "Polygon", "coordinates": [[[17.81436, 51.63303], [17.81459, 51.63377], [17.8148, 51.63374], [17.81473, 51.6335], [17.81458, 51.633], [17.81436, 51.63303]]]}}, {"type": "Feature", "properties": {"area_ha": 0.016, "dist_km": 2.061, "node": "Ostrów", "node_mw": 200, "osm_id": 1455911934, "anchor_kind": "demand"}, "geometry": {"type": "Polygon", "coordinates": [[[17.81529, 51.63377], [17.81534, 51.63391], [17.81549, 51.63389], [17.81545, 51.63376], [17.81529, 51.63377]]]}}, {"type": "Feature", "properties": {"area_ha": 0.029, "dist_km": 1.929, "node": "Ostrów", "node_mw": 200, "osm_id": 1455911954, "anchor_kind": "demand"}, "geometry": {"type": "Polygon", "coordinates": [[[17.81507, 51.63534], [17.81542, 51.6353], [17.81538, 51.6352], [17.81503, 51.63524], [17.81507, 51.63534]]]}}, {"type": "Feature", "properties": {"area_ha": 0.033, "dist_km": 1.867, "node": "Ostrów", "node_mw": 200, "osm_id": 1455911955, "anchor_kind": "demand"}, "geometry": {"type": "Polygon", "coordinates": [[[17.81591, 51.63572], [17.81586, 51.63553], [17.81609, 51.63551], [17.81614, 51.63569], [17.81592, 51.63571], [17.81592, 51.63572], [17.81591, 51.63572]]]}}, {"type": "Feature", "properties": {"area_ha": 0.03, "dist_km": 1.817, "node": "Ostrów", "node_mw": 200, "osm_id": 1455911957, "anchor_kind": "demand"}, "geometry": {"type": "Polygon", "coordinates": [[[17.81621, 51.63592], [17.81609, 51.63594], [17.81618, 51.63625], [17.8163, 51.63623], [17.81621, 51.63592]]]}}, {"type": "Feature", "properties": {"area_ha": 0.355, "dist_km": 1.753, "node": "Ostrów", "node_mw": 200, "osm_id": 1455912870, "anchor_kind": "demand"}, "geometry": {"type": "Polygon", "coordinates": [[[17.81544, 51.63713], [17.81533, 51.63672], [17.81642, 51.6366], [17.81654, 51.63701], [17.81544, 51.63713]]]}}], "properties": {"source": "OpenStreetMap via Overpass (ODbL) — landuse=industrial / building~industrial|warehouse|factory within 3.0 km of a PL ≥20 MW transmission node (PSE)", "note": "Candidate sites ONLY — target-then-verify. A building's connected power is not publicly screenable (CUPS/DSO enquiry or equivalent only). area_ha uses a simple planar approximation, indicative only."}}